time,open,high,low,close
1770854400,67025.5546875,67105.0,67025.5546875,67105.0
1770854580,67140.5859375,67140.5859375,67055.0703125,67055.0703125
1770854760,67166.6015625,67170.1796875,67148.796875,67170.1796875
1770854940,67222.7890625,67297.3671875,67222.7890625,67297.3671875
1770855120,67308.609375,67308.609375,67290.9921875,67290.9921875
1770855300,67319.765625,67347.5078125,67317.109375,67347.5078125
1770855480,67331.9453125,67348.7890625,67331.9453125,67337.0234375
1770855660,67325.59375,67325.59375,67307.484375,67307.484375
1770855840,67288.0078125,67328.8203125,67288.0078125,67328.8203125
1770856020,67433.1640625,67433.1640625,67333.71875,67348.75
1770856200,67362.75,67396.40625,67362.75,67396.40625
1770856380,67393.5546875,67431.3203125,67393.5546875,67420.4296875
1770856560,67552.296875,67621.8828125,67537.265625,67621.8828125
1770856740,67551.078125,67551.078125,67480.296875,67494.9765625
1770856920,67486.046875,67519.2890625,67486.046875,67519.2890625
1770857100,67527.3828125,67604.8828125,67527.3828125,67577.65625
1770857280,67536.2265625,67536.2265625,67480.3125,67480.3125
1770857460,67466.15625,67479.609375,67466.15625,67479.609375
1770857640,67479.15625,67494.3515625,67474.1015625,67494.3515625
1770857820,67487.671875,67487.671875,67478.34375,67478.34375
1770858000,67451.21875,67475.578125,67451.21875,67475.578125
1770858180,67539.0,67547.84375,67508.828125,67508.828125
1770858360,67475.3046875,67490.09375,67466.765625,67466.765625
1770858540,67490.46875,67541.7734375,67479.5546875,67541.7734375
1770858720,67547.609375,67631.1953125,67547.609375,67631.1953125
1770858900,67637.8671875,67637.8671875,67636.2265625,67636.2265625
1770859080,67672.65625,67672.65625,67612.4453125,67612.4453125
1770859260,67528.4296875,67594.78125,67528.4296875,67561.1796875
1770859440,67589.7578125,67686.953125,67571.921875,67686.953125
1770859620,67803.328125,67803.328125,67791.0,67791.0
1770859800,67771.484375,67817.734375,67771.484375,67785.1328125
1770859980,67776.8828125,67776.8828125,67761.1015625,67761.1015625
1770860160,67725.8359375,67986.8359375,67725.8359375,67986.8359375
1770860340,67968.7421875,67968.7421875,67883.5859375,67883.5859375
1770860520,67877.328125,67925.2890625,67877.328125,67879.3046875
1770860700,67826.0703125,67826.0703125,67775.9609375,67775.9609375
1770860880,67765.5625,67765.5625,67638.46875,67638.46875
1770861060,67639.375,67639.375,67574.140625,67574.140625
1770861240,67602.3671875,67602.3671875,67588.4453125,67601.96875
1770861420,67643.03125,67643.03125,67640.3828125,67642.1875
1770861600,67654.1328125,67654.1328125,67622.6875,67622.6875
1770861780,67575.7734375,67575.7734375,67530.0625,67530.0625
1770861960,67541.8515625,67665.5546875,67541.8515625,67665.5546875
1770862140,67648.2734375,67677.71875,67632.1484375,67632.1484375
1770862320,67562.703125,67585.9609375,67530.6015625,67530.6015625
1770862500,67453.859375,67456.671875,67438.796875,67456.671875
1770862680,67467.7734375,67467.7734375,67432.703125,67432.703125
1770862860,67479.5703125,67503.5625,67479.5703125,67503.5625
1770863040,67498.453125,67508.0,67490.234375,67490.234375
1770863220,67459.7265625,67459.7265625,67384.140625,67384.140625
1770863400,67414.953125,67448.1328125,67414.953125,67448.1328125
1770863580,67573.4921875,67684.609375,67573.4921875,67684.609375
1770863760,67649.6015625,67655.640625,67637.21875,67655.640625
1770863940,67642.6328125,67646.5859375,67622.7890625,67646.5859375
1770864120,67658.328125,67693.359375,67653.1484375,67653.1484375
1770864300,67688.1875,67688.1875,67647.0234375,67647.0234375
1770864480,67627.0390625,67701.0390625,67627.0390625,67701.0390625
1770864660,67670.1015625,67670.1015625,67609.5546875,67609.5546875
1770864840,67559.75,67559.75,67502.1484375,67502.1484375
1770865020,67421.3515625,67421.3515625,67400.515625,67400.515625
1770865200,67388.8671875,67388.8671875,67373.0078125,67373.0078125
1770865380,67394.3203125,67483.1015625,67394.3203125,67483.1015625
1770865560,67447.8203125,67482.46875,67447.8203125,67455.53125
1770865740,67436.84375,67455.59375,67436.84375,67455.59375
1770865920,67489.859375,67489.859375,67442.6171875,67442.6171875
1770866100,67436.0078125,67472.6015625,67436.0078125,67472.6015625
1770866280,67385.828125,67385.828125,67350.0546875,67350.0546875
1770866460,67388.828125,67388.828125,67363.1171875,67363.1171875
1770866640,67329.4140625,67343.0625,67311.5078125,67311.5078125
1770866820,67296.359375,67334.3984375,67296.359375,67312.6640625
1770867000,67337.828125,67337.828125,67313.9296875,67320.3671875
1770867180,67311.1484375,67403.0078125,67311.1484375,67403.0078125
1770867360,67379.953125,67391.4375,67379.953125,67380.15625
1770867540,67361.0234375,67419.796875,67361.0234375,67419.796875
1770867720,67428.6796875,67486.5078125,67428.6796875,67486.5078125
1770867900,67426.125,67454.9375,67426.125,67454.9375
1770868080,67489.78125,67492.0859375,67454.3671875,67454.3671875
1770868260,67415.3984375,67448.6875,67415.3984375,67448.6875
1770868440,67469.203125,67470.359375,67468.796875,67470.359375
1770868620,67505.15625,67529.8125,67505.15625,67529.8125
1770868800,67544.3984375,67544.3984375,67484.1953125,67484.1953125
1770868980,67493.6953125,67556.9921875,67493.6953125,67500.3828125
1770869160,67484.2734375,67497.6640625,67479.9140625,67497.6640625
1770869340,67502.7890625,67550.8203125,67502.7890625,67550.8203125
1770869520,67577.1015625,67584.703125,67565.7578125,67565.7578125
1770869700,67532.1875,67532.1875,67518.90625,67518.90625
1770869880,67358.203125,67358.203125,67260.7578125,67316.921875
1770870060,67336.9296875,67358.1328125,67298.828125,67298.828125
1770870240,67256.9921875,67256.9921875,67215.5078125,67215.5078125
1770870420,67227.2578125,67227.2578125,67169.953125,67169.953125
1770870600,67166.9921875,67176.7734375,67153.1171875,67176.7734375
1770870780,67064.3359375,67151.2734375,67047.3359375,67151.2734375
1770870960,67154.9921875,67233.2265625,67154.9921875,67233.2265625
1770871140,67224.6640625,67229.890625,67224.6640625,67229.890625
1770871320,67219.4140625,67219.4140625,67176.5625,67176.5625
1770871500,67170.046875,67206.59375,67168.828125,67206.59375
1770871680,67211.375,67213.1171875,67164.640625,67164.640625
1770871860,67202.03125,67202.03125,67103.328125,67103.328125
1770872040,67058.890625,67062.46875,67040.6015625,67062.46875
1770872220,67061.34375,67061.34375,66993.4375,66993.4375
1770872400,66984.5546875,67027.1015625,66954.3984375,67027.1015625
1770872580,67056.8515625,67111.515625,67056.8515625,67111.515625
1770872760,67102.6171875,67118.9453125,67102.6171875,67118.9453125
1770872940,67020.0234375,67021.7578125,66975.3125,66975.3125
1770873120,66888.3671875,66888.3671875,66749.5390625,66749.5390625
1770873300,66757.96875,66793.4453125,66757.96875,66793.4453125
1770873480,66704.6328125,66704.6328125,66652.453125,66652.453125
1770873660,66755.65625,66813.609375,66755.65625,66785.9921875
1770873840,66795.0859375,66900.4453125,66795.0859375,66900.4453125
1770874020,66836.8046875,66836.8046875,66796.3359375,66796.3359375
1770874200,66827.296875,66949.1171875,66821.1484375,66949.1171875
1770874380,67001.7890625,67046.9609375,67001.7890625,67033.75
1770874560,67012.515625,67012.515625,66942.75,66942.75
1770874740,66917.9921875,66989.0703125,66917.9921875,66989.0703125
1770874920,66992.6171875,67063.7265625,66992.6171875,67063.7265625
1770875100,67040.3203125,67068.9453125,67040.3203125,67068.9453125
1770875280,67008.2109375,67010.3203125,66989.9140625,66989.9140625
1770875460,66978.8828125,66989.1484375,66972.9140625,66989.1484375
1770875640,67018.0,67087.7734375,67018.0,67087.7734375
1770875820,67072.3125,67072.3125,67069.1953125,67069.1953125
1770876000,67080.75,67091.4140625,67068.265625,67068.265625
1770876180,67100.6953125,67105.734375,66999.9921875,66999.9921875
1770876360,67009.90625,67009.90625,66987.703125,66991.1875
1770876540,67002.796875,67047.484375,67002.796875,67047.484375
1770876720,67062.296875,67158.7421875,67062.296875,67151.0859375
1770876900,67138.5,67138.5,67104.40625,67126.1484375
1770877080,67143.890625,67143.890625,67083.3984375,67083.3984375
1770877260,67060.9375,67116.484375,67060.9375,67116.484375
1770877440,67148.0546875,67228.4375,67147.265625,67228.4375
1770877620,67273.9375,67273.9375,67255.0703125,67255.0703125
1770877800,67247.9453125,67263.0234375,67202.2578125,67202.2578125
1770877980,67245.1875,67245.1875,67187.640625,67187.640625
1770878160,67138.0703125,67145.046875,67138.0703125,67145.046875
1770878340,67161.015625,67233.921875,67161.015625,67233.921875
1770878520,67225.3359375,67225.3359375,67170.6015625,67170.6015625
1770878700,67201.28125,67229.2265625,67201.28125,67229.2265625
1770878880,67143.1796875,67204.5234375,67143.1796875,67163.8671875
1770879060,67106.3359375,67106.3359375,67082.203125,67085.2109375
1770879240,67092.5625,67092.5625,67084.375,67084.375
1770879420,67071.6015625,67071.6015625,67047.5078125,67047.5078125
1770879600,67047.46875,67087.9609375,67033.328125,67033.328125
1770879780,66979.546875,67032.6953125,66979.546875,67032.6953125
1770879960,66986.296875,66986.296875,66948.6796875,66949.015625
1770880140,66956.4296875,66957.671875,66919.2578125,66919.2578125
1770880320,66895.578125,66928.046875,66895.578125,66928.046875
1770880500,66940.9375,66956.7578125,66908.46875,66956.7578125
1770880680,67011.0703125,67011.0703125,66992.8359375,67009.515625
1770880860,67055.265625,67055.265625,67040.8984375,67041.9765625
1770881040,67109.453125,67223.3125,67109.453125,67223.3125
1770881220,67269.6171875,67269.6171875,67186.671875,67186.671875
1770881400,67184.953125,67184.953125,67140.53125,67183.359375
1770881580,67182.9296875,67195.9140625,67167.8515625,67167.8515625
1770881760,67168.0,67168.0,67110.375,67110.375
1770881940,67118.6015625,67146.2578125,67118.6015625,67139.78125
1770882120,67159.546875,67159.546875,67105.203125,67105.203125
1770882300,67097.1796875,67097.1796875,67054.0234375,67095.75
1770882480,67113.1015625,67113.1015625,67070.0234375,67070.0234375
1770882660,67109.7578125,67129.5234375,67109.7578125,67119.0
1770882840,67128.8984375,67128.8984375,67101.703125,67101.703125
1770883020,67148.6640625,67183.5625,67148.6640625,67183.5625
1770883200,67181.328125,67233.109375,67181.328125,67221.328125
1770883380,67199.4453125,67211.4296875,67186.921875,67186.921875
1770883560,67094.0234375,67239.125,67094.0234375,67239.125
1770883740,67249.9609375,67258.796875,67239.765625,67239.765625
1770883920,67179.3203125,67192.3125,67179.3203125,67189.1875
1770884100,67190.921875,67190.921875,67119.9375,67119.9375
1770884280,67096.203125,67096.203125,67040.25,67040.25
1770884460,67058.0859375,67058.0859375,67009.4375,67009.4375
1770884640,66989.203125,67013.6484375,66974.796875,66974.796875
1770884820,66967.8671875,66967.8671875,66885.03125,66885.03125
1770885000,66886.1328125,66920.2890625,66886.1328125,66897.6484375
1770885180,66896.234375,66961.7734375,66896.234375,66961.7734375
1770885360,66965.59375,66965.59375,66958.6484375,66959.7421875
1770885540,66939.0234375,67005.4765625,66932.296875,67005.4765625
1770885720,66986.1875,66986.1875,66986.1875,66986.1875
1770885900,66966.2109375,66966.2109375,66954.5859375,66954.5859375
1770886080,66959.59375,66970.7421875,66952.5390625,66952.5390625
1770886260,66973.28125,66994.203125,66973.28125,66984.7890625
1770886440,67016.0,67070.9921875,67016.0,67070.9921875
1770886620,67081.1875,67093.5859375,67081.1875,67089.2421875
1770886800,67074.5703125,67074.5703125,67025.9296875,67025.9296875
1770886980,67036.1015625,67061.53125,67025.1640625,67061.53125
1770887160,67067.2890625,67067.2890625,67022.5859375,67022.5859375
1770887340,67020.9453125,67087.984375,67020.9140625,67087.984375
1770887520,67153.6484375,67156.84375,67098.9375,67098.9375
1770887700,67130.3828125,67161.0390625,67130.3828125,67161.0390625
1770887880,67202.421875,67202.421875,67169.7890625,67169.7890625
1770888060,67173.3828125,67216.015625,67173.3828125,67216.015625
1770888240,67225.6875,67235.953125,67205.78125,67205.78125
1770888420,67203.5625,67274.1796875,67203.5625,67254.6875
1770888600,67229.4140625,67229.4140625,67224.125,67224.125
1770888780,67247.1875,67409.5234375,67247.1875,67409.5234375
1770888960,67414.046875,67414.046875,67365.5703125,67365.5703125
1770889140,67352.3515625,67352.3515625,67332.453125,67332.453125
1770889320,67330.6875,67391.1015625,67330.6875,67391.1015625
1770889500,67376.859375,67400.2109375,67376.859375,67384.890625
1770889680,67345.65625,67362.09375,67330.484375,67330.484375
1770889860,67321.7421875,67375.7109375,67321.7421875,67369.5859375
1770890040,67425.921875,67496.4375,67425.921875,67496.4375
1770890220,67621.7421875,67621.7421875,67527.7734375,67534.078125
1770890400,67511.4296875,67511.4296875,67488.78125,67490.3046875
1770890580,67490.0390625,67517.9609375,67490.0390625,67505.2734375
1770890760,67532.6953125,67580.640625,67532.6953125,67580.640625
1770890940,67518.859375,67518.859375,67492.1328125,67492.1328125
1770891120,67500.390625,67500.390625,67464.484375,67464.484375
1770891300,67451.2734375,67459.1953125,67451.2734375,67459.1953125
1770891480,67441.234375,67473.8671875,67441.234375,67461.9140625
1770891660,67466.734375,67470.328125,67451.984375,67451.984375
1770891840,67415.203125,67469.8359375,67380.609375,67469.8359375
1770892020,67539.765625,67539.765625,67502.265625,67535.1796875
1770892200,67556.234375,67588.4453125,67556.234375,67588.4453125
1770892380,67719.609375,67723.875,67686.3125,67686.3125
1770892560,67688.296875,67734.8671875,67688.296875,67729.6640625
1770892740,67727.7265625,67727.7265625,67649.9140625,67649.9140625
1770892920,67641.7734375,67641.7734375,67620.671875,67620.671875
1770893100,67624.9140625,67691.421875,67624.9140625,67691.421875
1770893280,67736.6171875,67808.234375,67736.6171875,67808.234375
1770893460,67766.0078125,67820.7109375,67766.0078125,67820.7109375
1770893640,67853.2734375,67855.5546875,67823.125,67855.5546875
1770893820,67847.4296875,67904.09375,67847.4296875,67904.09375
1770894000,67966.734375,67966.734375,67919.703125,67930.546875
1770894180,68019.2578125,68051.75,68019.2578125,68025.71875
1770894360,68053.1484375,68053.1484375,67915.7578125,67915.7578125
1770894540,67909.1640625,67909.1640625,67747.2734375,67747.2734375
1770894720,67794.265625,67828.6328125,67794.265625,67828.6328125
1770894900,67861.8515625,67861.8515625,67817.765625,67817.765625
1770895080,67933.46875,67934.671875,67901.9375,67901.9375
1770895260,67947.8515625,68003.96875,67947.8515625,68003.96875
1770895440,68017.8671875,68054.03125,67999.6328125,67999.6328125
1770895620,68050.25,68150.59375,68043.5078125,68150.59375
1770895800,68204.9609375,68204.9609375,68183.4296875,68183.4296875
1770895980,68135.265625,68144.796875,68132.96875,68132.96875
1770896160,68104.8515625,68104.8515625,68100.3671875,68100.3671875
1770896340,68067.046875,68101.125,68067.046875,68082.5625
1770896520,68051.7109375,68051.7109375,68022.34375,68040.6171875
1770896700,68049.15625,68064.2734375,68049.15625,68064.2734375
1770896880,68029.1953125,68050.1640625,68029.1953125,68050.1640625
1770897060,68029.0625,68029.0625,67995.078125,68014.390625
1770897240,68081.453125,68102.5703125,68081.453125,68102.5703125
1770897420,68093.1640625,68093.1640625,68062.0859375,68084.796875
1770897600,68108.84375,68108.84375,68030.5625,68030.5625
1770897780,67979.0546875,67979.0546875,67924.03125,67924.03125
1770897960,67876.2890625,67884.7109375,67876.2890625,67884.7109375
1770898140,67941.6875,67941.6875,67903.09375,67934.8046875
1770898320,67941.515625,67941.515625,67916.765625,67922.6875
1770898500,68004.9765625,68004.9765625,67979.1015625,67996.6171875
1770898680,67965.0,67965.0,67898.453125,67898.453125
1770898860,67906.3671875,67928.21875,67884.0078125,67884.0078125
1770899040,67850.8359375,67861.4140625,67849.578125,67861.4140625
1770899220,67872.546875,67956.8359375,67872.546875,67956.8359375
1770899400,67952.125,67963.484375,67949.453125,67949.453125
1770899580,67901.765625,67901.765625,67843.265625,67843.265625
1770899760,67867.3671875,67867.3671875,67842.6640625,67864.0078125
1770899940,67864.3828125,67901.015625,67864.3828125,67901.015625
1770900120,67903.015625,67903.015625,67852.3125,67879.6328125
1770900300,67820.8828125,67821.484375,67820.8828125,67821.484375
1770900480,67852.6015625,67872.8125,67852.6015625,67872.8125
1770900660,67900.8828125,67900.8828125,67878.359375,67878.359375
1770900840,67772.8125,67772.8125,67726.921875,67726.921875
1770901020,67706.625,67800.859375,67706.625,67800.859375
1770901200,67818.671875,67826.765625,67793.8671875,67793.8671875
1770901380,67733.390625,67756.078125,67733.390625,67737.5546875
1770901560,67749.2890625,67749.2890625,67673.9765625,67676.578125
1770901740,67686.84375,67786.375,67686.84375,67773.8203125
1770901920,67775.1640625,67796.4921875,67775.1640625,67796.4921875
1770902100,67815.28125,67958.9453125,67815.28125,67958.9453125
1770902280,68007.390625,68007.390625,67940.0625,67940.0625
1770902460,67978.109375,67978.109375,67946.4375,67954.09375
1770902640,67927.6328125,67927.6328125,67755.3515625,67755.3515625
1770902820,67696.7109375,67696.7109375,67687.578125,67687.578125
1770903000,67724.40625,67830.6953125,67724.40625,67830.6953125
1770903180,67827.4765625,67921.6171875,67827.4765625,67921.6171875
1770903360,67901.0,67933.1328125,67901.0,67933.1328125
1770903540,67932.5,67966.703125,67893.375,67966.703125
1770903720,67971.53125,68092.875,67969.5078125,68092.875
1770903900,68086.3828125,68092.6015625,68061.9375,68061.9375
1770904080,68043.1015625,68050.1796875,67971.5390625,67971.5390625
1770904260,67985.2578125,68007.2734375,67973.5390625,68007.2734375
1770904440,68048.625,68075.0234375,68030.03125,68075.0234375
1770904620,68097.6953125,68315.1328125,68097.6953125,68315.1328125
1770904800,68324.65625,68324.65625,68206.9609375,68206.9609375
1770904980,67988.5625,67988.5625,67984.71875,67984.71875
1770905160,67960.5625,67979.2265625,67836.3125,67836.3125
1770905340,67882.140625,68055.9765625,67882.140625,68055.9765625
1770905520,68018.7734375,68018.7734375,67995.1328125,68016.34375
1770905700,67990.515625,67990.515625,67883.171875,67955.484375
1770905880,67945.359375,67945.359375,67915.703125,67933.8046875
1770906060,67956.03125,68013.015625,67956.03125,68013.015625
1770906240,67962.1328125,67962.1328125,67932.7578125,67945.921875
1770906420,67925.125,67950.75,67925.125,67950.75
1770906600,67968.6015625,68118.953125,67968.6015625,68118.953125
1770906780,68193.640625,68193.640625,68125.9921875,68132.6640625
1770906960,67993.8359375,67993.8359375,67801.171875,67801.171875
1770907140,67892.96875,67961.15625,67801.875,67961.15625
1770907320,67901.8515625,67901.8515625,67765.7109375,67765.7109375
1770907500,67603.640625,67603.640625,67503.6875,67596.453125
1770907680,67723.546875,67723.546875,67674.40625,67679.0703125
1770907860,67785.0859375,67785.0859375,67695.3125,67733.734375
1770908040,67902.5078125,67941.4609375,67902.5078125,67912.109375
1770908220,67800.796875,67800.796875,67697.4140625,67697.4140625
1770908400,67654.2109375,67706.9375,67596.1328125,67706.9375
1770908580,67578.828125,67603.578125,67279.1015625,67279.1015625
1770908760,67233.15625,67356.3984375,67233.15625,67356.3984375
1770908940,67155.78125,67160.5703125,67110.9921875,67160.5703125
1770909120,67186.984375,67366.3984375,67186.984375,67366.3984375
1770909300,67372.125,67623.2109375,67368.2109375,67623.2109375
1770909480,67568.5546875,67571.7421875,67529.484375,67529.484375
1770909660,67617.8046875,67851.5234375,67570.671875,67851.5234375
1770909840,67810.5625,67810.7578125,67797.046875,67797.046875
1770910020,67743.484375,67865.5703125,67690.4609375,67865.5703125
1770910200,67820.2734375,67942.7578125,67820.2734375,67942.7578125
1770910380,67781.6328125,67781.6328125,67616.734375,67616.734375
1770910560,67630.9140625,67630.9140625,67522.0,67522.0
1770910740,67309.703125,67334.46875,67306.375,67334.46875
1770910920,67314.15625,67415.9296875,67314.15625,67415.9296875
1770911100,67375.5703125,67438.921875,67375.5703125,67412.0859375
1770911280,67398.609375,67462.03125,67334.6328125,67462.03125
1770911460,67385.8515625,67385.8515625,67344.6484375,67344.6484375
1770911640,67269.703125,67269.703125,67130.8828125,67130.8828125
1770911820,67127.515625,67127.515625,67091.15625,67116.5078125
1770912000,67161.2578125,67161.2578125,67045.8046875,67045.8046875
1770912180,67034.4765625,67163.296875,67034.4765625,67163.296875
1770912360,66934.953125,66934.953125,66678.2421875,66678.2421875
1770912540,66624.296875,66624.296875,66618.265625,66618.265625
1770912720,66552.46875,66598.890625,66552.46875,66564.1640625
1770912900,66512.703125,66578.3046875,66512.703125,66578.3046875
1770913080,66705.0859375,66705.0859375,66524.1875,66524.1875
1770913260,66497.4609375,66497.4609375,66196.140625,66196.140625
1770913440,66305.859375,66305.859375,66242.03125,66242.03125
1770913620,66181.9609375,66181.9609375,66010.625,66010.625
1770913800,65990.1796875,66071.7890625,65967.328125,65967.328125
1770913980,66001.8125,66115.6796875,65965.5078125,66115.6796875
1770914160,66279.015625,66436.8671875,66279.015625,66436.8671875
1770914340,66284.9765625,66338.2421875,66284.9765625,66325.0625
1770914520,66416.5546875,66416.5546875,66348.2265625,66348.2265625
1770914700,66285.015625,66285.015625,66145.9765625,66145.9765625
1770914880,66172.59375,66172.59375,66065.6484375,66113.90625
1770915060,66103.09375,66103.09375,65947.3125,65947.3125
1770915240,65583.5,65688.671875,65546.3671875,65688.671875
1770915420,65791.2578125,65791.2578125,65774.65625,65785.0078125
1770915600,65785.7890625,65802.7265625,65700.9765625,65802.7265625
1770915780,65895.046875,65898.4921875,65843.8671875,65843.8671875
1770915960,65708.234375,65914.3515625,65708.234375,65914.3515625
1770916140,65884.78125,65924.234375,65843.3046875,65843.3046875
1770916320,65745.8203125,65745.8203125,65600.21875,65600.21875
1770916500,65671.640625,65754.4453125,65671.640625,65754.4453125
1770916680,65720.1171875,65720.1171875,65623.8125,65639.1953125
1770916860,65823.21875,65932.5546875,65823.21875,65923.875
1770917040,65984.1796875,65995.5,65981.3984375,65981.3984375
1770917220,66053.203125,66166.015625,66053.203125,66166.015625
1770917400,66078.359375,66078.359375,65983.109375,65983.109375
1770917580,65912.984375,65922.3203125,65909.7578125,65922.3203125
1770917760,65891.84375,65985.0390625,65856.9296875,65985.0390625
1770917940,66008.328125,66008.328125,65912.171875,65977.4375
1770918120,65960.34375,65960.34375,65924.765625,65924.765625
1770918300,65941.0078125,65963.0078125,65798.5703125,65798.5703125
1770918480,65814.5703125,65814.5703125,65755.1953125,65755.1953125
1770918660,65761.0859375,65761.0859375,65754.296875,65755.515625
1770918840,65628.296875,65628.296875,65458.23046875,65458.23046875
1770919020,65420.82421875,65469.58984375,65420.82421875,65447.46875
1770919200,65366.703125,65453.90234375,65366.703125,65453.90234375
1770919380,65506.8515625,65587.3046875,65506.8515625,65587.3046875
1770919560,65578.0625,65694.25,65578.0625,65694.25
1770919740,65651.671875,65709.8125,65651.671875,65680.2578125
1770919920,65675.875,65675.875,65605.25,65630.078125
1770920100,65638.5859375,65638.5859375,65593.9453125,65593.9453125
1770920280,65499.375,65499.375,65243.171875,65243.171875
1770920460,65275.80078125,65310.23828125,65275.80078125,65310.23828125
1770920640,65393.29296875,65393.29296875,65249.21875,65249.21875
1770920820,65470.20703125,65470.20703125,65267.7265625,65267.7265625
1770921000,65264.046875,65264.046875,65109.65625,65109.65625
1770921180,65124.94140625,65262.62109375,65124.94140625,65262.62109375
1770921360,65356.984375,65359.85546875,65331.72265625,65359.85546875
1770921540,65437.1953125,65437.1953125,65421.890625,65421.890625
1770921720,65413.1015625,65413.1015625,65411.93359375,65411.93359375
1770921900,65401.609375,65513.3828125,65401.609375,65513.3828125
1770922080,65607.6171875,65607.6171875,65582.3359375,65582.3359375
1770922260,65518.34375,65633.78125,65518.34375,65633.78125
1770922440,65600.6875,65623.2109375,65578.4375,65623.2109375
1770922620,65600.9765625,65600.9765625,65581.5859375,65581.5859375
1770922800,65527.98046875,65595.5390625,65527.98046875,65579.3359375
1770922980,65659.140625,65675.59375,65549.9453125,65549.9453125
1770923160,65513.04296875,65513.04296875,65394.9921875,65394.9921875
1770923340,65487.75390625,65487.75390625,65355.6484375,65355.6484375
1770923520,65253.60546875,65331.47265625,65253.60546875,65331.47265625
1770923700,65413.4765625,65471.1875,65400.93359375,65400.93359375
1770923880,65477.91796875,65558.1953125,65477.91796875,65558.1953125
1770924060,65633.203125,65754.9453125,65633.203125,65754.9453125
1770924240,65746.78125,65888.5390625,65746.78125,65828.59375
1770924420,65734.7109375,65734.7109375,65698.7890625,65698.7890625
1770924600,65729.7421875,65813.1640625,65729.7421875,65813.1640625
1770924780,65907.453125,65937.5,65877.6953125,65877.6953125
1770924960,65882.6875,65970.6875,65882.6875,65951.0234375
1770925140,65903.3359375,65909.2265625,65870.1484375,65870.1484375
1770925320,65883.6796875,65938.765625,65883.6796875,65923.1328125
1770925500,65914.9140625,66025.15625,65914.9140625,66025.15625
1770925680,66008.4609375,66008.4609375,65983.3984375,65983.3984375
1770925860,66047.2890625,66047.2890625,65887.1796875,65887.1796875
1770926040,65881.59375,65881.59375,65859.6015625,65870.9609375
1770926220,65877.3828125,65890.2734375,65781.4140625,65781.4140625
1770926400,65740.4296875,65795.015625,65738.703125,65795.015625
1770926580,65756.1015625,65860.921875,65756.1015625,65860.921875
1770926760,65939.5234375,65939.5234375,65909.328125,65932.8515625
1770926940,65841.421875,65841.421875,65692.6640625,65692.6640625
1770927120,65598.6015625,65638.9140625,65598.6015625,65611.0703125
1770927300,65628.84375,65667.84375,65628.84375,65667.84375
1770927480,65641.6484375,65718.046875,65641.6484375,65668.796875
1770927660,65593.0390625,65593.0390625,65586.8984375,65590.6640625
1770927840,65543.0,65549.5703125,65511.35546875,65511.35546875
1770928020,65514.93359375,65514.93359375,65464.8359375,65510.1796875
1770928200,65449.72265625,65449.72265625,65399.9375,65407.03125
1770928380,65367.78125,65485.69140625,65367.78125,65459.23046875
1770928560,65501.578125,65550.4921875,65501.578125,65531.859375
1770928740,65509.99609375,65581.109375,65509.99609375,65581.109375
1770928920,65567.5625,65567.5625,65533.0625,65533.0625
1770929100,65502.8125,65515.04296875,65415.3046875,65415.3046875
1770929280,65351.30859375,65351.30859375,65324.26171875,65330.2421875
1770929460,65327.296875,65327.296875,65226.83984375,65308.359375
1770929640,65364.89453125,65403.8125,65364.89453125,65403.8125
1770929820,65336.83984375,65389.3046875,65336.83984375,65356.19921875
1770930000,65338.66015625,65432.296875,65338.66015625,65432.296875
1770930180,65513.27734375,65579.8828125,65513.27734375,65579.8828125
1770930360,65511.56640625,65511.56640625,65499.84765625,65499.84765625
1770930540,65542.6640625,65573.015625,65542.6640625,65554.2890625
1770930720,65589.984375,65605.1015625,65589.984375,65605.1015625
1770930900,65599.7265625,65624.8671875,65596.609375,65596.609375
1770931080,65584.3046875,65720.640625,65584.3046875,65720.640625
1770931260,65727.96875,65727.96875,65495.91796875,65495.91796875
1770931440,65474.87890625,65490.21484375,65454.13671875,65490.21484375
1770931620,65475.875,65487.99609375,65475.875,65487.99609375
1770931800,65540.8671875,65559.28125,65540.8671875,65549.1484375
1770931980,65571.6796875,65699.2265625,65571.6796875,65699.2265625
1770932160,65720.734375,65765.6015625,65720.734375,65765.6015625
1770932340,65736.671875,65745.765625,65736.671875,65737.28125
1770932520,65729.7109375,65773.53125,65729.7109375,65761.484375
1770932700,65769.8515625,65769.8515625,65737.0390625,65737.0390625
1770932880,65742.9140625,65769.8359375,65702.7421875,65702.7421875
1770933060,65773.375,65808.9296875,65773.375,65788.9609375
1770933240,65805.234375,65820.4453125,65805.234375,65811.5390625
1770933420,65786.7734375,65786.7734375,65714.1875,65735.375
1770933600,65753.875,65766.921875,65739.65625,65766.921875
1770933780,65759.046875,65806.046875,65759.046875,65806.046875
1770933960,65797.84375,65797.84375,65738.75,65738.75
1770934140,65722.921875,65759.65625,65722.921875,65759.65625
1770934320,65818.328125,65818.328125,65710.2734375,65710.2734375
1770934500,65752.671875,65752.671875,65700.2421875,65700.2421875
1770934680,65652.234375,65672.1171875,65651.71875,65672.1171875
1770934860,65659.3828125,65659.3828125,65605.40625,65633.828125
1770935040,65679.6484375,65746.859375,65679.6484375,65746.859375
1770935220,65746.859375,65849.2265625,65746.859375,65849.2265625
1770935400,65876.2109375,65876.2109375,65872.09375,65872.09375
1770935580,65936.515625,65937.03125,65911.875,65911.875
1770935760,65925.1796875,65981.7109375,65925.1796875,65981.7109375
1770935940,65960.8984375,65960.8984375,65904.0390625,65909.796875
1770936120,65881.8671875,66076.859375,65881.8671875,66076.859375
1770936300,66130.8125,66208.1640625,66130.8125,66208.1640625
1770936480,66294.3046875,66294.3046875,66274.90625,66274.90625
1770936660,66248.40625,66248.40625,66189.03125,66189.03125
1770936840,66197.796875,66200.2734375,66161.7890625,66161.7890625
1770937020,66146.078125,66255.21875,66146.078125,66255.21875
1770937200,66248.3046875,66293.3515625,66183.046875,66293.3515625
1770937380,66221.0546875,66293.109375,66221.0546875,66293.109375
1770937560,66314.8515625,66384.625,66314.8515625,66368.6953125
1770937740,66353.046875,66383.1328125,66282.328125,66282.328125
1770937920,66244.984375,66244.984375,66219.390625,66231.703125
1770938100,66235.78125,66279.1875,66235.78125,66279.1875
1770938280,66295.9921875,66295.9921875,66239.5234375,66239.5234375
1770938460,66295.21875,66324.640625,66295.21875,66323.0859375
1770938640,66341.8984375,66389.3046875,66341.8984375,66381.3125
1770938820,66390.46875,66390.46875,66318.7890625,66318.7890625
1770939000,66320.5234375,66348.75,66310.3515625,66348.75
1770939180,66378.578125,66378.578125,66279.4609375,66325.2890625
1770939360,66287.7109375,66287.7109375,66257.171875,66257.171875
1770939540,66190.1796875,66196.015625,66190.1796875,66192.1484375
1770939720,66225.7421875,66225.7421875,66189.90625,66189.90625
1770939900,66173.5546875,66180.265625,66173.5546875,66178.0234375
1770940080,66164.578125,66164.578125,66154.6875,66160.1171875
1770940260,66150.0234375,66150.2265625,66150.0234375,66150.2265625
1770940440,66189.5703125,66221.1953125,66174.6875,66221.1953125
1770940620,66226.125,66228.3984375,66226.125,66228.3984375
1770940800,66202.6640625,66216.875,66123.4375,66216.875
1770940980,66405.0234375,66405.0234375,66363.3203125,66385.6328125
1770941160,66437.8984375,66443.3671875,66383.515625,66383.515625
1770941340,66381.984375,66399.265625,66363.515625,66399.265625
1770941520,66377.3359375,66390.2578125,66327.5,66390.2578125
1770941700,66354.4140625,66354.4140625,66268.46875,66268.46875
1770941880,66180.375,66180.375,66129.734375,66129.734375
1770942060,66147.671875,66147.671875,66057.7109375,66057.7109375
1770942240,66072.8515625,66091.34375,66011.9375,66011.9375
1770942420,65995.6484375,65999.015625,65995.6484375,65996.5546875
1770942600,65969.484375,66036.828125,65969.484375,66036.828125
1770942780,65987.7734375,65987.7734375,65889.1796875,65893.78125
1770942960,65910.9609375,65991.125,65910.9609375,65991.125
1770943140,65983.6953125,66063.09375,65983.6953125,66063.09375
1770943320,66048.953125,66048.953125,65993.453125,65993.453125
1770943500,65926.984375,65938.65625,65922.40625,65938.65625
1770943680,65924.53125,65924.53125,65857.5546875,65895.1171875
1770943860,65886.390625,65910.359375,65843.5390625,65910.359375
1770944040,65888.6015625,65987.7421875,65888.6015625,65987.7421875
1770944220,65973.1484375,65973.1484375,65950.078125,65950.078125
1770944400,65908.203125,65908.203125,65896.0,65907.4765625
1770944580,65940.9921875,66000.28125,65940.9921875,65991.875
1770944760,66014.8046875,66164.4765625,66014.8046875,66164.4765625
1770944940,66183.1328125,66183.1328125,66143.828125,66144.859375
1770945120,66156.9453125,66173.6484375,66156.9453125,66173.6484375
1770945300,66190.109375,66219.7265625,66190.109375,66198.7890625
1770945480,66200.7578125,66203.2421875,66182.390625,66182.390625
1770945660,66186.1015625,66186.1015625,66150.921875,66167.5390625
1770945840,66112.4765625,66112.4765625,66087.265625,66096.4140625
1770946020,66082.3828125,66104.6171875,66055.4140625,66104.6171875
1770946200,66165.0390625,66251.578125,66165.0390625,66241.9296875
1770946380,66285.984375,66319.2109375,66273.78125,66319.2109375
1770946560,66281.7578125,66340.3125,66281.7578125,66330.7734375
1770946740,66399.7890625,66419.171875,66391.5390625,66419.171875
1770946920,66420.3984375,66437.71875,66420.3984375,66430.7265625
1770947100,66398.34375,66535.78125,66398.34375,66535.78125
1770947280,66502.171875,66502.171875,66492.25,66494.234375
1770947460,66484.703125,66488.21875,66476.7421875,66476.7421875
1770947640,66482.8671875,66482.8671875,66328.9140625,66328.9140625
1770947820,66309.921875,66330.4765625,66309.921875,66330.4765625
1770948000,66372.8203125,66425.0390625,66372.8203125,66425.0390625
1770948180,66378.3984375,66394.0546875,66378.3984375,66383.2578125
1770948360,66393.359375,66428.296875,66393.359375,66424.1796875
1770948540,66440.921875,66480.078125,66440.921875,66477.46875
1770948720,66484.921875,66492.875,66480.59375,66480.59375
1770948900,66467.265625,66467.5703125,66424.9765625,66424.9765625
1770949080,66487.2421875,66487.2421875,66453.328125,66453.328125
1770949260,66417.046875,66417.046875,66385.2890625,66408.2265625
1770949440,66428.90625,66496.171875,66428.90625,66496.171875
1770949620,66566.84375,66582.921875,66566.84375,66581.390625
1770949800,66534.984375,66534.984375,66476.78125,66476.78125
1770949980,66478.9375,66550.109375,66478.9375,66550.109375
1770950160,66553.828125,66553.828125,66470.8515625,66470.8515625
1770950340,66466.4296875,66466.4296875,66444.4375,66444.4375
1770950520,66433.9296875,66552.6875,66433.9296875,66552.6875
1770950700,66524.765625,66545.296875,66524.765625,66530.8515625
1770950880,66527.8046875,66538.0703125,66527.8046875,66531.5
1770951060,66576.453125,66653.5546875,66576.453125,66653.5546875
1770951240,66636.6328125,66636.6328125,66624.109375,66624.109375
1770951420,66652.34375,66675.40625,66652.34375,66666.5
1770951600,66641.265625,66672.9921875,66641.265625,66672.9921875
1770951780,66704.1171875,66704.1171875,66670.046875,66670.046875
1770951960,66553.4921875,66553.4921875,66503.2734375,66503.2734375
1770952140,66493.0078125,66510.8125,66493.0078125,66501.8984375
1770952320,66512.5703125,66512.5703125,66495.1640625,66507.1171875
1770952500,66508.484375,66508.484375,66455.25,66455.25
1770952680,66488.6015625,66534.5234375,66488.6015625,66534.5234375
1770952860,66514.5,66542.5546875,66514.5,66542.5546875
1770953040,66526.765625,66526.765625,66526.265625,66526.265625
1770953220,66569.6875,66575.8125,66569.6875,66572.140625
1770953400,66610.8828125,66710.9609375,66610.8828125,66710.9609375
1770953580,66689.5,66698.3359375,66650.6328125,66650.6328125
1770953760,66623.59375,66623.59375,66575.2890625,66575.2890625
1770953940,66594.640625,66641.90625,66594.640625,66607.984375
1770954120,66631.328125,66657.6796875,66631.328125,66648.2265625
1770954300,66640.6484375,66640.6484375,66570.7734375,66570.7734375
1770954480,66564.234375,66564.234375,66499.8671875,66499.8671875
1770954660,66517.4765625,66517.4765625,66435.5234375,66435.5234375
1770954840,66439.2421875,66464.4140625,66438.7578125,66438.7578125
1770955020,66421.515625,66452.0,66421.515625,66452.0
1770955200,66470.5078125,66515.9296875,66470.5078125,66515.9296875
1770955380,66520.4296875,66520.4296875,66446.0234375,66446.0234375
1770955560,66399.0234375,66439.59375,66399.0234375,66430.1953125
1770955740,66403.75,66407.203125,66397.46875,66397.46875
1770955920,66420.078125,66444.734375,66420.078125,66436.5234375
1770956100,66454.03125,66496.9375,66454.03125,66496.9375
1770956280,66536.4765625,66599.0,66536.4765625,66599.0
1770956460,66517.0078125,66517.0078125,66421.125,66442.40625
1770956640,66441.109375,66465.984375,66441.109375,66460.3125
1770956820,66458.3515625,66458.375,66447.078125,66447.078125
1770957000,66438.1875,66438.1875,66370.7578125,66370.7578125
1770957180,66362.2890625,66368.4921875,66345.0703125,66368.4921875
1770957360,66377.2890625,66406.8203125,66377.2890625,66406.8203125
1770957540,66414.234375,66414.234375,66361.0234375,66361.0234375
1770957720,66353.015625,66367.8515625,66351.34375,66351.34375
1770957900,66308.90625,66318.21875,66305.0703125,66305.0703125
1770958080,66274.203125,66301.2734375,66274.203125,66297.015625
1770958260,66330.4609375,66350.6640625,66328.625,66328.625
1770958440,66333.2265625,66381.0625,66333.2265625,66381.0625
1770958620,66373.2578125,66374.1328125,66304.015625,66304.015625
1770958800,66269.4453125,66305.5859375,66269.4453125,66305.5859375
1770958980,66314.8203125,66372.6484375,66314.8203125,66372.6484375
1770959160,66348.8359375,66348.8359375,66192.40625,66192.40625
1770959340,66208.7890625,66226.0,66208.7890625,66218.6875
1770959520,66245.2109375,66256.6796875,66245.2109375,66252.640625
1770959700,66241.0703125,66241.0703125,66197.2578125,66207.8828125
1770959880,66235.921875,66281.8671875,66235.921875,66281.8671875
1770960060,66296.5078125,66313.8984375,66296.5078125,66313.8984375
1770960240,66339.609375,66339.609375,66273.4609375,66302.9765625
1770960420,66251.90625,66251.90625,66222.8671875,66234.546875
1770960600,66248.3828125,66329.1484375,66248.3828125,66329.1484375
1770960780,66325.1796875,66343.6171875,66325.1796875,66343.6171875
1770960960,66395.0078125,66395.0078125,66390.1875,66390.1875
1770961140,66381.15625,66381.15625,66328.7890625,66328.7890625
1770961320,66343.1640625,66411.609375,66343.1640625,66411.609375
1770961500,66427.40625,66441.8359375,66424.5625,66424.5625
1770961680,66410.40625,66410.40625,66389.515625,66407.5390625
1770961860,66377.296875,66385.9453125,66351.09375,66351.09375
1770962040,66331.59375,66331.59375,66306.6015625,66306.6015625
1770962220,66282.3359375,66282.3359375,66172.875,66172.875
1770962400,66138.421875,66151.578125,66138.21875,66138.21875
1770962580,66192.328125,66192.328125,66191.109375,66191.578125
1770962760,66198.7421875,66206.8671875,66192.0234375,66206.8671875
1770962940,66199.671875,66206.3203125,66199.671875,66206.3203125
1770963120,66236.5390625,66236.5390625,66197.046875,66197.046875
1770963300,66189.359375,66217.8984375,66189.359375,66217.8984375
1770963480,66219.3671875,66219.3671875,66168.3046875,66168.3046875
1770963660,66186.9296875,66191.8984375,66155.65625,66155.65625
1770963840,66018.6875,66025.8203125,66018.6875,66024.828125
1770964020,66032.34375,66039.515625,66032.34375,66035.0859375
1770964200,66048.1953125,66048.1953125,66008.0625,66008.0625
1770964380,65969.515625,66033.4296875,65969.515625,66033.4296875
1770964560,66035.84375,66041.9609375,66008.5703125,66041.9609375
1770964740,66057.6328125,66061.6015625,66053.765625,66053.765625
1770964920,66033.515625,66038.390625,66033.3671875,66038.390625
1770965100,66038.0,66059.09375,66018.1953125,66059.09375
1770965280,66036.09375,66065.6953125,66036.09375,66055.828125
1770965460,66098.0078125,66163.03125,66098.0078125,66148.1328125
1770965640,66141.265625,66164.7265625,66141.265625,66160.65625
1770965820,66207.21875,66310.0078125,66207.21875,66310.0078125
1770966000,66316.5859375,66326.3359375,66316.46875,66316.46875
1770966180,66318.8046875,66409.1328125,66318.8046875,66404.0234375
1770966360,66395.8515625,66395.8515625,66366.4765625,66366.4765625
1770966540,66372.2265625,66372.2265625,66335.578125,66370.125
1770966720,66446.1953125,66493.125,66446.1953125,66493.125
1770966900,66471.5859375,66493.4765625,66457.625,66457.625
1770967080,66430.53125,66430.53125,66412.671875,66412.671875
1770967260,66380.5234375,66427.78125,66380.5234375,66400.8203125
1770967440,66385.078125,66421.703125,66385.078125,66421.703125
1770967620,66405.4375,66425.6640625,66405.4375,66425.6640625
1770967800,66429.0546875,66429.0546875,66365.125,66365.125
1770967980,66335.765625,66335.765625,66310.796875,66310.796875
1770968160,66291.1796875,66291.1796875,66201.4140625,66201.4140625
1770968340,66150.9140625,66180.625,66150.9140625,66159.4765625
1770968520,66117.7421875,66117.7421875,66088.3671875,66088.3671875
1770968700,66097.6953125,66108.3125,66078.71875,66108.3125
1770968880,66084.6796875,66084.6796875,66039.4765625,66064.703125
1770969060,66048.8828125,66058.296875,66003.5390625,66058.296875
1770969240,66135.375,66239.8828125,66135.375,66239.8828125
1770969420,66223.0625,66223.0625,66143.75,66145.0
1770969600,66155.3515625,66180.484375,66155.3515625,66180.484375
1770969780,66180.484375,66307.578125,66180.484375,66307.578125
1770969960,66324.3125,66401.453125,66324.3125,66401.453125
1770970140,66338.2265625,66338.2265625,66264.1796875,66264.1796875
1770970320,66274.6953125,66282.3828125,66265.2734375,66265.2734375
1770970500,66229.8984375,66229.8984375,66198.125,66198.125
1770970680,66205.8515625,66227.0078125,66205.8515625,66227.0078125
1770970860,66240.296875,66332.6328125,66240.296875,66319.53125
1770971040,66310.5703125,66374.3203125,66275.265625,66374.3203125
1770971220,66352.609375,66356.734375,66342.234375,66356.734375
1770971400,66354.5390625,66363.4296875,66337.6484375,66363.4296875
1770971580,66364.3828125,66413.1640625,66364.3828125,66413.1640625
1770971760,66429.5078125,66442.1796875,66429.5078125,66442.1796875
1770971940,66411.390625,66411.390625,66387.390625,66398.3359375
1770972120,66391.96875,66396.6328125,66367.84375,66396.6328125
1770972300,66438.0625,66521.046875,66438.0625,66516.625
1770972480,66589.125,66643.3046875,66589.125,66623.046875
1770972660,66581.6328125,66581.6328125,66573.3203125,66573.3203125
1770972840,66630.9375,66630.9375,66572.8203125,66572.8203125
1770973020,66581.9765625,66601.9296875,66569.484375,66601.9296875
1770973200,66619.1796875,66630.875,66613.9765625,66613.9765625
1770973380,66589.8671875,66623.125,66589.125,66623.125
1770973560,66618.7578125,66695.8125,66618.7578125,66695.8125
1770973740,66682.109375,66747.0,66682.109375,66747.0
1770973920,66727.46875,66741.6015625,66626.9765625,66626.9765625
1770974100,66636.1796875,66697.28125,66636.1796875,66697.28125
1770974280,66638.234375,66638.234375,66609.0078125,66635.1796875
1770974460,66636.46875,66710.9453125,66636.46875,66665.453125
1770974640,66699.7734375,66753.1484375,66699.7734375,66713.0390625
1770974820,66699.734375,66732.0234375,66699.734375,66732.0234375
1770975000,66750.25,66759.6328125,66730.578125,66759.6328125
1770975180,66790.40625,66830.8359375,66790.40625,66819.9453125
1770975360,66840.59375,66840.59375,66796.09375,66796.09375
1770975540,66785.8046875,66810.21875,66775.421875,66775.421875
1770975720,66808.9453125,66836.0078125,66808.9453125,66830.03125
1770975900,66829.5390625,66914.4453125,66829.5390625,66914.4453125
1770976080,66948.9296875,66966.984375,66948.9296875,66955.3671875
1770976260,66931.0234375,66943.78125,66923.9453125,66923.9453125
1770976440,66934.265625,66934.265625,66908.6796875,66908.6796875
1770976620,66895.96875,66906.609375,66887.1328125,66887.1328125
1770976800,66903.578125,66903.578125,66841.96875,66841.96875
1770976980,66852.3828125,66866.9921875,66806.5703125,66806.5703125
1770977160,66793.4296875,66815.0078125,66793.4296875,66815.0078125
1770977340,66789.90625,66789.90625,66777.34375,66788.9765625
1770977520,66831.65625,66846.984375,66814.5234375,66814.5234375
1770977700,66826.6328125,66901.609375,66826.6328125,66901.609375
1770977880,66905.1484375,66994.0234375,66905.1484375,66994.0234375
1770978060,66876.1484375,66876.1484375,66839.875,66841.671875
1770978240,66782.9296875,66787.8671875,66764.6796875,66787.8671875
1770978420,66809.1328125,66826.4765625,66809.1328125,66826.4765625
1770978600,66833.4453125,66860.9765625,66814.96875,66814.96875
1770978780,66806.1328125,66930.484375,66806.1328125,66930.484375
1770978960,66940.171875,66968.5703125,66914.5078125,66968.5703125
1770979140,66977.7578125,66977.7578125,66911.78125,66916.953125
1770979320,66974.90625,67029.1484375,66974.90625,67029.1484375
1770979500,66981.40625,66981.40625,66967.0,66979.046875
1770979680,66984.703125,66984.703125,66940.828125,66968.9296875
1770979860,66948.6171875,67006.7578125,66948.6171875,66977.0625
1770980040,67037.203125,67037.203125,66986.0859375,66986.0859375
1770980220,66965.8125,66965.8125,66946.578125,66946.578125
1770980400,66927.6484375,66927.6484375,66818.046875,66818.046875
1770980580,66850.8515625,66870.0859375,66841.71875,66870.0859375
1770980760,66904.1484375,66948.5546875,66904.1484375,66948.5546875
1770980940,66839.3125,66868.4453125,66837.8828125,66837.8828125
1770981120,66819.3828125,66825.171875,66802.6015625,66825.171875
1770981300,66827.6953125,66866.1796875,66827.6953125,66866.1796875
1770981480,66837.5234375,66873.6796875,66837.4296875,66873.6796875
1770981660,66900.390625,66900.390625,66850.84375,66850.84375
1770981840,66874.15625,66874.6484375,66842.6171875,66874.6484375
1770982020,66882.875,66942.7890625,66882.875,66942.7890625
1770982200,66912.2734375,66912.2734375,66799.265625,66799.265625
1770982380,66775.2734375,66800.2109375,66768.1015625,66800.2109375
1770982560,66843.0546875,66843.2890625,66843.0546875,66843.2890625
1770982740,66924.65625,66924.65625,66893.3984375,66893.3984375
1770982920,66927.2421875,66936.2109375,66927.2421875,66936.2109375
1770983100,66930.0,66974.4609375,66929.3046875,66974.4609375
1770983280,66977.84375,66977.84375,66964.796875,66966.96875
1770983460,66967.1953125,66970.625,66961.8515625,66970.625
1770983640,67005.671875,67102.21875,67005.671875,67102.21875
1770983820,67123.3828125,67143.9296875,67123.3828125,67143.9296875
1770984000,67120.625,67121.6015625,67070.1796875,67070.1796875
1770984180,67058.0703125,67058.0703125,66975.2578125,66975.2578125
1770984360,66916.4375,66925.8671875,66916.4375,66925.8671875
1770984540,66961.5234375,66980.609375,66961.5234375,66977.8359375
1770984720,66966.125,67006.1484375,66966.125,66997.609375
1770984900,66973.96875,66973.96875,66896.59375,66896.59375
1770985080,66911.9609375,66961.3671875,66911.9609375,66961.3671875
1770985260,66995.25,67020.234375,66987.546875,66987.546875
1770985440,66969.7578125,67027.3125,66969.7578125,67027.3125
1770985620,67022.8125,67061.4453125,67022.8125,67055.7890625
1770985800,67062.7421875,67062.7421875,67041.8359375,67047.875
1770985980,67020.8203125,67038.609375,67011.7265625,67011.7265625
1770986160,67025.2734375,67067.609375,67025.2578125,67067.609375
1770986340,67070.515625,67070.515625,67035.0859375,67047.5234375
1770986520,67057.78125,67057.78125,67037.515625,67040.578125
1770986700,67044.015625,67052.3671875,67041.9375,67041.9375
1770986880,67029.25,67029.8515625,66985.015625,67029.8515625
1770987060,67024.7265625,67042.671875,67009.703125,67042.671875
1770987240,67094.5859375,67145.4140625,67094.5859375,67126.609375
1770987420,67125.8046875,67125.8046875,67045.328125,67045.328125
1770987600,67040.15625,67091.0859375,67040.15625,67091.0859375
1770987780,67096.15625,67118.484375,67096.15625,67109.7890625
1770987960,67096.046875,67096.046875,66920.5625,66920.5625
1770988140,66915.6484375,66943.59375,66915.6484375,66933.734375
1770988320,66922.9375,66934.2578125,66922.9375,66925.578125
1770988500,66914.0390625,66976.59375,66914.0390625,66976.59375
1770988680,67040.921875,67053.96875,67040.921875,67048.5078125
1770988860,67038.828125,67038.828125,67004.078125,67036.140625
1770989040,67082.203125,67234.265625,67082.203125,67234.265625
1770989220,67262.0546875,67276.78125,67249.9296875,67276.78125
1770989400,67308.578125,67395.3046875,67293.5625,67395.3046875
1770989580,67358.1640625,67465.65625,67358.1640625,67465.65625
1770989760,67409.5234375,67409.5234375,67302.5078125,67306.3671875
1770989940,67283.609375,67283.609375,67182.1171875,67182.1171875
1770990120,67288.2890625,67292.6796875,67210.1796875,67292.6796875
1770990300,67278.3515625,67278.3515625,67136.71875,67136.71875
1770990480,67115.3125,67240.8515625,67096.0546875,67240.8515625
1770990660,67260.328125,67330.5078125,67260.328125,67330.5078125
1770990840,67340.8515625,67340.8515625,67309.859375,67331.953125
1770991020,67326.4296875,67326.4296875,67259.4453125,67259.4453125
1770991200,67234.3359375,67234.3359375,67209.3359375,67231.3359375
1770991380,67199.75,67199.75,67110.5703125,67110.5703125
1770991560,67144.5,67144.5,67120.4296875,67120.4296875
1770991740,67158.8515625,67216.9765625,67158.8515625,67216.9765625
1770991920,67233.2421875,67233.2421875,67152.2265625,67152.2265625
1770992100,67116.703125,67193.921875,67116.703125,67193.921875
1770992280,67272.1640625,67298.125,67272.1640625,67283.0
1770992460,67274.078125,67274.078125,67249.3984375,67249.3984375
1770992640,67232.25,67232.25,67155.390625,67155.390625
1770992820,67177.5,67315.140625,67177.5,67294.359375
1770993000,67264.3359375,67324.953125,67263.359375,67324.953125
1770993180,67388.1015625,67489.9140625,67330.9296875,67489.9140625
1770993360,67535.2421875,67535.2421875,67406.6015625,67406.6015625
1770993540,67517.6171875,67517.6171875,67145.7578125,67145.7578125
1770993720,66915.796875,67085.2890625,66886.7890625,67085.2890625
1770993900,67260.1875,67686.046875,67260.1875,67686.046875
1770994080,67764.25,67901.8046875,67764.25,67901.8046875
1770994260,67734.078125,67795.5390625,67717.546875,67717.546875
1770994440,67672.671875,67795.4296875,67666.7578125,67795.4296875
1770994620,67652.046875,67689.4140625,67652.046875,67689.4140625
1770994800,67682.7265625,67813.3515625,67682.7265625,67795.71875
1770994980,67995.546875,67995.546875,67806.59375,67828.609375
1770995160,67694.5859375,67837.2421875,67694.5859375,67737.03125
1770995340,67882.1171875,68307.4296875,67882.1171875,68307.4296875
1770995520,68428.953125,68465.875,68360.5625,68465.875
1770995700,68345.78125,68506.71875,68345.78125,68386.828125
1770995880,68210.09375,68272.2109375,68202.703125,68202.703125
1770996060,68283.1171875,68283.1171875,68120.1640625,68120.1640625
1770996240,68266.40625,68460.0546875,68266.40625,68460.0546875
1770996420,68686.578125,68789.6875,68643.25,68789.6875
1770996600,68843.3203125,68965.546875,68843.3203125,68896.3828125
1770996780,69072.2109375,69160.8046875,69034.75,69034.75
1770996960,69118.3671875,69208.4765625,69118.3671875,69147.3984375
1770997140,69007.765625,69007.765625,68845.71875,68845.71875
1770997320,68890.6953125,68890.6953125,68758.734375,68758.734375
1770997500,68713.2265625,68713.2265625,68590.25,68590.25
1770997680,68460.671875,68541.140625,68371.0,68371.0
1770997860,68559.6875,68668.671875,68559.6875,68632.6953125
1770998040,68604.875,68633.5859375,68578.2421875,68633.5859375
1770998220,68574.9375,68574.9375,68516.484375,68573.484375
1770998400,68632.4375,68688.375,68632.4375,68688.375
1770998580,68668.453125,68668.453125,68651.640625,68663.84375
1770998760,68838.4296875,68964.7578125,68838.4296875,68964.7578125
1770998940,69030.9140625,69030.9140625,68926.71875,68926.71875
1770999120,68807.546875,68919.9609375,68807.546875,68919.9609375
1770999300,68972.6953125,69039.7578125,68972.6953125,68979.7109375
1770999480,69105.7421875,69105.7421875,69055.9765625,69055.9765625
1770999660,68896.6875,68896.6875,68881.3984375,68881.3984375
1770999840,68832.0078125,68940.171875,68832.0078125,68940.171875
1771000020,69025.453125,69051.7578125,69025.453125,69051.0625
1771000200,69004.3203125,69070.875,69004.3203125,69070.875
1771000380,69291.3046875,69330.0078125,69174.46875,69174.46875
1771000560,69173.7265625,69218.6953125,69173.7265625,69213.140625
1771000740,69271.4296875,69303.3046875,69271.4296875,69303.3046875
1771000920,69269.25,69269.25,69249.375,69249.375
1771001100,69211.84375,69211.84375,69179.2109375,69179.2109375
1771001280,69050.2109375,69050.2109375,69005.4921875,69005.4921875
1771001460,69044.4375,69101.5078125,69040.9765625,69040.9765625
1771001640,69094.90625,69113.671875,69093.1640625,69093.1640625
1771001820,69096.6796875,69096.6796875,68914.1171875,68914.1171875
1771002000,68918.1796875,68918.1796875,68851.7734375,68892.875
1771002180,68972.65625,68972.65625,68867.328125,68867.328125
1771002360,68863.5546875,68906.2578125,68784.8671875,68784.8671875
1771002540,68702.640625,68702.640625,68641.28125,68658.2421875
1771002720,68746.8828125,68780.1171875,68746.8828125,68779.359375
1771002900,68921.28125,69005.4140625,68921.28125,69005.4140625
1771003080,68971.3984375,68971.3984375,68862.25,68900.0078125
1771003260,68987.8515625,69044.9375,68987.8515625,69025.2734375
1771003440,69001.71875,69001.71875,68945.15625,68945.15625
1771003620,68879.2578125,68967.015625,68879.2578125,68967.015625
1771003800,68960.765625,69052.1953125,68960.765625,69052.1953125
1771003980,69078.5703125,69078.5703125,69045.578125,69045.578125
1771004160,69007.765625,69045.6796875,69007.765625,69045.6796875
1771004340,69031.9609375,69110.4453125,69031.9609375,69110.4453125
1771004520,69154.796875,69154.796875,69139.5625,69140.6875
1771004700,69113.7578125,69158.5703125,69113.7578125,69158.5703125
1771004880,69008.7109375,69102.8671875,69008.7109375,69087.53125
1771005060,69083.765625,69083.765625,69078.3203125,69078.3203125
1771005240,69079.8203125,69079.8203125,69002.9375,69002.9375
1771005420,69053.2890625,69065.1484375,69031.4921875,69031.4921875
1771005600,68998.921875,69010.8359375,68880.7421875,68880.7421875
1771005780,68892.375,69000.8515625,68892.375,69000.8515625
1771005960,68946.4296875,69081.53125,68946.4296875,69081.53125
1771006140,69080.109375,69127.3984375,69080.109375,69127.3984375
1771006320,69132.640625,69132.640625,69094.1171875,69119.1796875
1771006500,69011.8359375,69022.796875,69011.8359375,69016.4375
1771006680,69018.3515625,69018.3515625,68964.6171875,68964.6171875
1771006860,69034.1015625,69036.78125,69034.1015625,69036.78125
1771007040,69089.265625,69089.265625,69020.109375,69020.109375
1771007220,69040.453125,69058.078125,69023.21875,69058.078125
1771007400,69017.40625,69032.5546875,69014.6015625,69032.5546875
1771007580,69019.203125,69061.6171875,69019.203125,69042.9609375
1771007760,69115.796875,69179.0859375,69115.796875,69179.0859375
1771007940,69155.5703125,69205.3046875,69155.5703125,69166.0
1771008120,69201.71875,69243.859375,69163.6796875,69243.859375
1771008300,69229.0859375,69346.125,69229.0859375,69346.125
1771008480,69297.8828125,69297.8828125,69136.6953125,69136.6953125
1771008660,69145.8515625,69198.453125,69124.015625,69124.015625
1771008840,69217.3046875,69217.3046875,69136.3046875,69136.3046875
1771009020,69076.7890625,69091.9921875,69076.7890625,69091.9921875
1771009200,69100.2578125,69113.3125,69080.0,69113.3125
1771009380,69045.875,69045.875,68963.796875,68963.796875
1771009560,68974.296875,69038.3203125,68974.296875,69038.3203125
1771009740,68999.4609375,69102.078125,68999.4609375,69102.078125
1771009920,69101.5,69124.859375,69077.5,69077.5
1771010100,69118.9296875,69118.9296875,69101.375,69110.6953125
1771010280,69087.890625,69090.6171875,69087.890625,69090.109375
1771010460,69159.734375,69171.3515625,69159.734375,69171.3515625
1771010640,69170.578125,69190.609375,69170.578125,69174.9140625
1771010820,69150.6640625,69150.6640625,69133.34375,69133.34375
1771011000,69038.984375,69038.984375,69016.4140625,69016.875
1771011180,69002.8984375,69026.78125,68990.6875,68990.6875
1771011360,69001.1015625,69069.9765625,69001.1015625,69069.9765625
1771011540,69063.5859375,69063.5859375,69005.84375,69005.84375
1771011720,68937.15625,68937.15625,68925.75,68932.2890625
1771011900,68929.4296875,68958.78125,68929.4296875,68958.78125
1771012080,68951.1015625,68972.8046875,68946.1484375,68972.8046875
1771012260,69033.75,69033.75,69007.140625,69007.140625
1771012440,68983.0,69041.6171875,68971.765625,69041.6171875
1771012620,69035.6015625,69035.6015625,68956.765625,68956.765625
1771012800,68967.8671875,68967.8671875,68854.6015625,68854.6015625
1771012980,68864.03125,68921.796875,68864.03125,68921.796875
1771013160,68907.0703125,68921.1328125,68903.1015625,68903.1015625
1771013340,68914.1484375,68914.1484375,68902.9375,68903.3125
1771013520,68910.375,68910.375,68839.6328125,68839.6328125
1771013700,68784.46875,68821.9921875,68766.8203125,68766.8203125
1771013880,68771.5,68781.890625,68752.4296875,68781.890625
1771014060,68798.5859375,68798.5859375,68781.796875,68783.5546875
1771014240,68819.7265625,68856.78125,68819.7265625,68856.78125
1771014420,68836.875,68836.875,68750.15625,68750.15625
1771014600,68757.328125,68877.28125,68757.328125,68877.28125
1771014780,68877.7578125,68892.71875,68822.828125,68822.828125
1771014960,68862.8203125,68862.8203125,68720.796875,68720.796875
1771015140,68749.78125,68811.3828125,68740.6640625,68811.3828125
1771015320,68809.5625,68809.5625,68772.625,68772.625
1771015500,68810.4375,68810.4375,68793.984375,68793.984375
1771015680,68761.296875,68805.2265625,68761.296875,68805.2265625
1771015860,68801.265625,68801.265625,68737.9453125,68737.9453125
1771016040,68709.4296875,68731.328125,68691.578125,68691.578125
1771016220,68649.2421875,68698.0078125,68649.2421875,68698.0078125
1771016400,68738.234375,68798.921875,68738.234375,68798.921875
1771016580,68845.3515625,68859.4609375,68814.8671875,68859.4609375
1771016760,68972.171875,68972.171875,68924.6796875,68924.6796875
1771016940,68945.7109375,68957.796875,68938.6640625,68957.796875
1771017120,68968.796875,68968.796875,68935.7890625,68935.7890625
1771017300,68932.421875,68958.5390625,68932.421875,68958.5390625
1771017480,68993.2421875,69012.0546875,68993.2421875,69012.0546875
1771017660,68886.0,68899.015625,68886.0,68890.5234375
1771017840,68873.96875,68920.0078125,68873.96875,68920.0078125
1771018020,68958.0234375,68962.34375,68945.4765625,68962.34375
1771018200,68915.859375,68915.859375,68835.8046875,68835.8046875
1771018380,68854.34375,68854.34375,68812.6171875,68812.6171875
1771018560,68806.59375,68823.28125,68806.59375,68823.28125
1771018740,68821.796875,68836.953125,68821.796875,68836.953125
1771018920,68849.9140625,68849.9140625,68849.859375,68849.859375
1771019100,68891.5859375,68891.5859375,68828.8671875,68828.8671875
1771019280,68798.90625,68846.5234375,68798.90625,68846.5234375
1771019460,68842.125,68842.125,68830.5859375,68831.3515625
1771019640,68805.3828125,68805.3828125,68772.734375,68772.734375
1771019820,68775.109375,68800.84375,68775.109375,68800.84375
1771020000,68850.875,68866.4140625,68849.7421875,68866.4140625
1771020180,68841.9140625,68841.9140625,68817.9296875,68817.9296875
1771020360,68856.9765625,68898.390625,68856.9765625,68891.8828125
1771020540,68866.109375,68898.7578125,68862.71875,68898.7578125
1771020720,68923.6640625,68923.6640625,68881.6875,68881.6875
1771020900,68708.734375,68773.7109375,68708.734375,68773.7109375
1771021080,68808.0,68808.0,68748.8359375,68748.8359375
1771021260,68775.828125,68798.90625,68775.828125,68798.90625
1771021440,68794.3046875,68801.6953125,68794.0546875,68794.0546875
1771021620,68804.3828125,68828.0234375,68804.3828125,68828.0234375
1771021800,68832.1171875,68854.3828125,68832.1171875,68854.3828125
1771021980,68842.6171875,68842.6171875,68804.4375,68830.84375
1771022160,68802.8984375,68802.8984375,68800.203125,68800.203125
1771022340,68789.46875,68789.46875,68775.0078125,68788.3359375
1771022520,68794.3828125,68826.3671875,68794.3828125,68826.3671875
1771022700,68848.140625,68848.140625,68832.2421875,68832.2421875
1771022880,68835.125,68841.625,68835.125,68841.625
1771023060,68899.6796875,68923.6328125,68897.2265625,68923.6328125
1771023240,68938.25,68943.34375,68909.0625,68909.0625
1771023420,68883.828125,68898.0,68813.6171875,68898.0
1771023600,68948.7890625,68948.7890625,68920.4921875,68933.671875
1771023780,68915.171875,68933.28125,68915.171875,68933.28125
1771023960,68866.0703125,68905.640625,68866.0703125,68905.640625
1771024140,68889.5,68922.53125,68889.5,68922.53125
1771024320,68901.296875,68901.296875,68891.9765625,68891.9765625
1771024500,68892.265625,68931.2578125,68892.265625,68898.5
1771024680,68912.34375,68912.34375,68873.2265625,68876.1328125
1771024860,68870.921875,68870.921875,68851.8046875,68851.8046875
1771025040,68853.6015625,68883.0546875,68852.3203125,68883.0546875
1771025220,68882.640625,68892.890625,68882.640625,68892.890625
1771025400,68879.7578125,68916.6171875,68879.7578125,68912.828125
1771025580,68930.1640625,68938.65625,68922.375,68938.65625
1771025760,68895.2578125,68895.2578125,68827.7890625,68827.7890625
1771025940,68844.359375,68844.359375,68840.4140625,68840.4140625
1771026120,68837.65625,68845.1015625,68837.65625,68845.1015625
1771026300,68832.0546875,68857.015625,68832.0546875,68857.015625
1771026480,68901.4765625,68901.4765625,68880.4375,68881.578125
1771026660,68854.34375,68859.9921875,68854.34375,68859.9921875
1771026840,68831.09375,68841.5859375,68831.09375,68841.5859375
1771027020,68869.03125,68869.03125,68860.65625,68860.65625
1771027200,68857.7265625,68857.7265625,68804.1171875,68804.1171875
1771027560,68796.7890625,68796.7890625,68796.7890625,68796.7890625
1771027740,68776.3984375,68778.5234375,68774.6875,68778.5234375
1771027920,68775.703125,68775.703125,68756.8828125,68756.8828125
1771028100,68798.5078125,68835.3359375,68798.5078125,68835.3359375
1771028280,68807.265625,68821.3984375,68762.296875,68821.3984375
1771028460,68800.1171875,68800.1171875,68758.859375,68758.859375
1771028640,68757.59375,68768.203125,68757.59375,68768.203125
1771028820,68771.71875,68813.296875,68771.71875,68813.296875
1771029000,68828.3203125,68940.5078125,68828.3203125,68940.5078125
1771029180,68915.3515625,68957.8359375,68915.3515625,68925.796875
1771029360,68945.53125,68945.53125,68917.515625,68920.6875
1771029540,68917.7890625,68917.7890625,68904.1484375,68904.1484375
1771029720,68937.015625,68979.5234375,68937.015625,68979.5234375
1771029900,68986.84375,68996.484375,68986.5,68986.5
1771030080,68984.6640625,69031.6328125,68984.6640625,69031.6328125
1771030260,69022.28125,69022.28125,69013.640625,69013.640625
1771030440,69068.8046875,69076.6640625,69025.2734375,69025.2734375
1771030620,69068.578125,69068.578125,69057.90625,69057.90625
1771030800,69057.3515625,69057.3515625,69008.765625,69008.765625
1771030980,69008.75,69008.75,68971.6953125,68978.515625
1771031160,68972.8984375,68978.890625,68972.8984375,68977.1484375
1771031340,68982.65625,68983.609375,68972.234375,68983.609375
1771031520,68974.15625,69012.3828125,68951.5390625,69012.3828125
1771031700,69008.6953125,69029.9609375,68986.4765625,68986.4765625
1771031880,68980.71875,69074.578125,68980.71875,69061.421875
1771032060,69052.1171875,69052.1171875,68971.7890625,68971.7890625
1771032240,68983.1640625,69002.2890625,68983.1640625,69002.2890625
1771032420,68970.53125,68974.8359375,68970.53125,68973.453125
1771032600,69000.6328125,69002.3828125,68977.6328125,68977.6328125
1771032780,68954.09375,68983.21875,68954.09375,68983.21875
1771032960,68983.609375,68987.71875,68969.546875,68969.546875
1771033140,68975.7890625,68975.7890625,68962.6484375,68962.6484375
1771033320,68987.5625,68997.5234375,68987.5625,68995.8984375
1771033500,68969.609375,68969.609375,68964.1015625,68965.84375
1771033680,68982.28125,68982.28125,68951.3671875,68951.3671875
1771033860,68949.921875,68958.1171875,68945.7890625,68958.1171875
1771034040,68953.8828125,68953.8828125,68896.203125,68896.203125
1771034220,68911.40625,68931.6484375,68911.40625,68931.6484375
1771034400,68927.3671875,68927.3671875,68890.75,68890.75
1771034580,68898.1953125,68928.6484375,68898.1953125,68928.6484375
1771034760,68931.8359375,68944.421875,68929.7734375,68929.7734375
1771034940,68922.609375,68949.828125,68922.609375,68949.828125
1771035120,68953.5625,68969.3046875,68953.5625,68969.3046875
1771035300,68967.5546875,68967.5546875,68941.34375,68941.34375
1771035480,68940.8515625,68940.8515625,68929.46875,68929.46875
1771035660,68901.1171875,68901.1171875,68859.4765625,68859.4765625
1771035840,68841.3125,68850.9140625,68834.9453125,68834.9453125
1771036020,68838.921875,68865.6484375,68838.921875,68863.7578125
1771036200,68867.5625,68867.5625,68856.46875,68861.515625
1771036380,68855.28125,68881.1328125,68855.28125,68881.1328125
1771036560,68882.1953125,68882.1953125,68854.6484375,68854.6484375
1771036740,68858.6484375,68870.5703125,68858.6484375,68870.5703125
1771036920,68890.421875,68890.421875,68881.8046875,68881.8046875
1771037100,68874.3203125,68878.9921875,68874.3203125,68875.8984375
1771037280,68875.8203125,68878.6953125,68867.984375,68867.984375
1771037460,68851.296875,68851.75,68839.765625,68839.765625
1771037640,68843.5859375,68849.6015625,68843.5859375,68849.6015625
1771037820,68854.7734375,68859.875,68854.59375,68859.875
1771038000,68847.546875,68868.0703125,68847.546875,68868.0703125
1771038180,68851.703125,68851.703125,68840.8828125,68848.703125
1771038360,68839.96875,68844.7578125,68831.0234375,68831.0234375
1771038540,68857.8828125,68857.8828125,68852.8125,68854.5234375
1771038720,68871.1015625,68879.9296875,68871.1015625,68879.9296875
1771038900,68878.046875,68878.046875,68870.0390625,68870.0390625
1771039080,68850.1875,68850.1875,68838.6171875,68843.2109375
1771039260,68855.7890625,68855.7890625,68835.765625,68835.765625
1771039440,68830.265625,68857.9765625,68830.265625,68857.9765625
1771039620,68842.7578125,68881.3515625,68842.7578125,68871.765625
1771039800,68907.3515625,68918.28125,68904.8046875,68918.28125
1771039980,68918.28125,68931.7578125,68918.28125,68931.7578125
1771040160,68937.953125,68939.109375,68926.65625,68926.65625
1771040340,68899.7890625,68909.8515625,68899.7890625,68907.203125
1771040520,68921.0078125,68921.0078125,68919.7734375,68919.7734375
1771040700,68919.03125,68919.03125,68899.3671875,68899.3671875
1771040880,68869.5859375,68901.46875,68869.5859375,68901.46875
1771041060,68892.6328125,68903.1484375,68879.8125,68903.1484375
1771041240,68917.2578125,68937.390625,68917.2578125,68937.390625
1771041420,68972.0703125,68972.0703125,68942.359375,68942.359375
1771041600,68941.2421875,68943.3671875,68939.5546875,68943.3671875
1771041780,68931.671875,68931.734375,68914.0546875,68914.0546875
1771041960,68923.4375,68923.4375,68911.109375,68911.3515625
1771042140,68902.265625,68902.265625,68862.375,68862.375
1771042320,68851.171875,68856.65625,68845.9375,68856.65625
1771042500,68855.484375,68867.21875,68855.484375,68864.09375
1771042680,68886.734375,68901.6484375,68886.734375,68890.5234375
1771042860,68882.4140625,68882.4140625,68867.0546875,68867.0546875
1771043040,68857.296875,68857.6796875,68850.78125,68857.6796875
1771043220,68889.296875,68889.296875,68878.8984375,68879.7265625
1771043400,68878.90625,68878.90625,68875.109375,68875.109375
1771043580,68878.90625,68878.90625,68869.7578125,68869.7578125
1771043760,68857.9296875,68857.9296875,68849.8046875,68850.7421875
1771043940,68856.4296875,68856.4296875,68827.9921875,68827.9921875
1771044120,68837.328125,68837.328125,68832.7734375,68832.7734375
1771044300,68813.71875,68813.71875,68807.2421875,68808.671875
1771044480,68816.03125,68816.03125,68803.0078125,68805.765625
1771044660,68799.1015625,68799.1015625,68795.9609375,68795.9609375
1771044840,68766.6640625,68782.1171875,68766.6640625,68773.9765625
1771045020,68783.015625,68783.015625,68771.7265625,68771.7265625
1771045200,68766.0,68766.0,68745.765625,68753.2734375
1771045380,68764.2890625,68814.5546875,68764.2890625,68814.5546875
1771045560,68811.109375,68811.109375,68805.8125,68805.8125
1771045740,68800.6875,68800.6875,68788.703125,68788.7890625
1771045920,68817.171875,68865.3359375,68817.171875,68865.3359375
1771046100,68851.3046875,68854.46875,68851.3046875,68854.46875
1771046280,68858.3984375,68858.5859375,68855.640625,68858.5859375
1771046460,68853.09375,68873.6328125,68853.09375,68873.6328125
1771046640,68864.515625,68865.609375,68862.3984375,68865.609375
1771046820,68866.015625,68866.015625,68851.65625,68851.65625
1771047000,68848.734375,68850.5703125,68843.8125,68843.8125
1771047180,68824.921875,68826.6953125,68824.921875,68826.6953125
1771047360,68813.0390625,68813.0390625,68798.4140625,68798.4140625
1771047540,68794.0390625,68794.0390625,68769.8359375,68776.53125
1771047720,68775.9765625,68805.9765625,68775.9765625,68805.9765625
1771047900,68801.7421875,68806.21875,68796.0234375,68796.0234375
1771048080,68802.5625,68802.796875,68802.2109375,68802.2109375
1771048260,68796.0625,68816.4140625,68793.6328125,68793.6328125
1771048440,68775.3984375,68775.3984375,68743.2421875,68743.2421875
1771048620,68752.3515625,68752.3515625,68741.171875,68741.171875
1771048800,68739.2578125,68745.7734375,68736.890625,68745.7734375
1771048980,68747.4375,68755.3359375,68747.4375,68755.3359375
1771049160,68764.625,68764.625,68740.96875,68740.96875
1771049340,68714.9296875,68721.3203125,68706.6171875,68706.6171875
1771049520,68729.4609375,68743.859375,68729.4609375,68736.203125
1771049700,68745.4453125,68811.453125,68745.4453125,68811.453125
1771049880,68792.8671875,68816.2421875,68792.8671875,68814.1328125
1771050060,68806.484375,68813.21875,68806.484375,68813.21875
1771050240,68804.859375,68847.171875,68793.53125,68847.171875
1771050420,68834.6640625,68842.9609375,68834.6640625,68842.9609375
1771050600,68853.6171875,68859.375,68852.6484375,68859.375
1771050780,68848.7265625,68848.7265625,68833.640625,68833.640625
1771050960,68836.1484375,68852.875,68836.1484375,68852.140625
1771051140,68868.3359375,68873.7890625,68855.21875,68855.21875
1771051320,68860.7421875,68860.7421875,68849.9375,68849.9375
1771051500,68851.6171875,68851.6171875,68841.2578125,68842.5625
1771051680,68842.9296875,68854.7890625,68842.9296875,68854.7890625
1771051860,68858.703125,68882.390625,68858.703125,68882.390625
1771052040,68887.1640625,68887.1640625,68871.4140625,68871.4140625
1771052220,68873.953125,68891.5,68873.953125,68891.5
1771052400,68899.234375,68899.234375,68891.71875,68894.7265625
1771052580,68898.8828125,68902.3125,68898.703125,68898.703125
1771052760,68893.7734375,68895.8359375,68890.859375,68890.859375
1771052940,68885.2109375,68888.046875,68885.2109375,68887.84375
1771053120,68891.7890625,68895.3515625,68890.015625,68890.015625
1771053300,68879.0390625,68879.9609375,68871.0234375,68879.9609375
1771053480,68866.2890625,68891.3046875,68866.2890625,68878.6640625
1771053660,68865.015625,68866.9375,68865.015625,68866.9375
1771053840,68881.0234375,68920.5078125,68881.0234375,68920.5078125
1771054020,68917.984375,68917.984375,68910.0,68910.0
1771054200,68917.2578125,68938.109375,68917.2578125,68936.140625
1771054380,68944.125,68961.390625,68944.125,68961.390625
1771054560,68953.765625,68955.6875,68946.109375,68946.109375
1771054740,68946.4765625,68947.703125,68946.4453125,68947.703125
1771054920,68949.0234375,69053.8046875,68949.0234375,69053.8046875
1771055100,69141.9453125,69168.8359375,69127.03125,69168.8359375
1771055280,69162.265625,69184.0390625,69147.640625,69184.0390625
1771055460,69252.2265625,69288.78125,69252.2265625,69288.78125
1771055640,69288.78125,69288.78125,69251.4296875,69251.4296875
1771055820,69198.7734375,69235.171875,69194.46875,69194.46875
1771056000,69184.8515625,69357.359375,69184.8515625,69357.359375
1771056180,69407.328125,69407.328125,69360.8828125,69360.8828125
1771056360,69346.8203125,69665.796875,69346.8203125,69541.8125
1771056540,69530.6484375,69530.6484375,69481.5546875,69481.5546875
1771056720,69469.8125,69533.9765625,69469.8125,69511.609375
1771056900,69530.0078125,69530.890625,69504.671875,69530.890625
1771057080,69600.4375,69600.4375,69566.7890625,69566.7890625
1771057260,69490.609375,69490.609375,69462.3671875,69462.3671875
1771057440,69512.5703125,69512.5703125,69497.7265625,69497.7265625
1771057620,69470.3828125,69470.3828125,69456.1953125,69456.1953125
1771057800,69462.0703125,69465.7578125,69462.0703125,69465.7578125
1771057980,69463.84375,69587.015625,69463.84375,69587.015625
1771058160,69599.3359375,69667.265625,69599.3359375,69667.265625
1771058340,69680.7890625,69680.7890625,69619.734375,69619.734375
1771058520,69647.2734375,69665.328125,69639.75,69639.75
1771058700,69624.015625,69718.8046875,69624.015625,69718.8046875
1771058880,69749.8984375,69796.890625,69749.8984375,69763.203125
1771059060,69735.1484375,69735.1484375,69707.8671875,69707.8671875
1771059240,69776.1953125,69776.1953125,69716.03125,69716.03125
1771059420,69708.2265625,69732.4140625,69708.2265625,69732.4140625
1771059600,69708.3828125,69766.3046875,69708.3828125,69766.3046875
1771059780,69826.0625,69842.265625,69826.0625,69839.25
1771059960,69804.0859375,69804.0859375,69789.828125,69789.828125
1771060140,69790.2890625,69790.2890625,69755.6484375,69755.6484375
1771060320,69709.5546875,69709.5546875,69687.9921875,69691.0625
1771060500,69685.296875,69685.296875,69654.0625,69654.0625
1771060680,69649.578125,69715.40625,69623.984375,69715.40625
1771060860,69685.15625,69685.15625,69670.28125,69670.28125
1771061040,69599.8984375,69599.8984375,69586.3984375,69594.375
1771061220,69586.84375,69586.84375,69561.015625,69565.578125
1771061400,69568.9609375,69619.359375,69568.9609375,69619.359375
1771061580,69604.9453125,69605.2109375,69597.296875,69597.296875
1771061760,69602.6796875,69685.84375,69602.6796875,69685.84375
1771061940,69673.7734375,69675.5703125,69666.9765625,69666.9765625
1771062120,69671.7578125,69712.8125,69665.2734375,69712.8125
1771062300,69699.1875,69704.9140625,69687.3125,69687.3125
1771062480,69680.3828125,69688.921875,69672.2734375,69672.2734375
1771062660,69669.7421875,69682.015625,69669.7421875,69682.015625
1771062840,69672.453125,69683.796875,69672.453125,69683.796875
1771063020,69683.203125,69689.6796875,69683.203125,69688.65625
1771063200,69689.4921875,69689.4921875,69575.6015625,69575.6015625
1771063380,69578.28125,69580.7109375,69578.28125,69580.7109375
1771063560,69598.609375,69598.8515625,69598.609375,69598.8515625
1771063740,69604.59375,69615.2265625,69604.59375,69614.046875
1771063920,69619.0546875,69619.0546875,69605.171875,69605.171875
1771064100,69605.5234375,69605.5234375,69589.671875,69591.9453125
1771064280,69604.40625,69604.40625,69584.59375,69584.59375
1771064460,69589.0078125,69590.9609375,69577.3515625,69577.3515625
1771064640,69588.828125,69603.0859375,69588.828125,69603.0859375
1771064820,69598.875,69598.875,69560.9609375,69562.890625
1771065000,69588.0546875,69595.0859375,69588.0546875,69595.0859375
1771065180,69602.734375,69602.734375,69590.4765625,69597.6875
1771065360,69615.8515625,69625.6484375,69615.8515625,69625.6484375
1771065540,69626.5,69626.5,69606.0703125,69606.0703125
1771065720,69604.1171875,69604.1171875,69583.15625,69583.15625
1771065900,69579.7265625,69588.1796875,69579.7265625,69583.21875
1771066080,69581.296875,69585.1015625,69581.296875,69582.1015625
1771066260,69611.671875,69622.0859375,69605.75,69605.75
1771066440,69610.4609375,69610.4609375,69603.6015625,69603.6015625
1771066620,69604.0078125,69616.640625,69604.0078125,69616.640625
1771066800,69630.1171875,69701.0859375,69630.1171875,69701.0859375
1771066980,69669.53125,69744.5546875,69669.53125,69744.5546875
1771067160,69701.34375,69734.65625,69701.34375,69734.65625
1771067340,69760.6796875,69803.234375,69760.6796875,69803.234375
1771067520,69824.7890625,70099.484375,69824.7890625,70099.484375
1771067700,70070.953125,70070.953125,69987.2734375,69987.2734375
1771067880,69979.21875,70015.28125,69979.21875,70015.28125
1771068060,70080.96875,70365.609375,70080.96875,70365.609375
1771068240,70295.515625,70308.9296875,70249.3984375,70249.3984375
1771068420,70226.3671875,70226.3671875,70164.6171875,70164.6171875
1771068600,70159.5625,70159.5625,70111.8671875,70111.8671875
1771068780,70147.2734375,70174.375,70147.2734375,70156.265625
1771068960,70150.96875,70153.0390625,70145.625,70153.0390625
1771069140,70138.4453125,70209.84375,70118.9296875,70209.84375
1771069320,70239.7421875,70239.7421875,70197.046875,70222.984375
1771069500,70269.625,70283.15625,70223.2109375,70223.2109375
1771069680,70239.28125,70249.5,70230.671875,70249.5
1771069860,70367.4140625,70367.4140625,70345.3828125,70345.3828125
1771070040,70347.1015625,70385.9921875,70347.1015625,70371.5078125
1771070220,70424.7109375,70448.53125,70424.7109375,70448.53125
1771070400,70459.6796875,70459.6796875,70388.9375,70388.9375
1771070580,70416.984375,70420.1796875,70409.0625,70420.1796875
1771070760,70395.390625,70402.171875,70387.3671875,70387.3671875
1771070940,70408.2421875,70412.4609375,70388.796875,70412.4609375
1771071120,70383.8046875,70383.8046875,70336.171875,70354.2109375
1771071300,70412.640625,70424.640625,70316.34375,70316.34375
1771071480,70298.5078125,70305.578125,70298.5078125,70305.578125
1771071660,70352.84375,70431.7734375,70352.84375,70431.7734375
1771071840,70412.3984375,70412.3984375,70356.1171875,70391.265625
1771072020,70395.375,70398.046875,70324.8359375,70324.8359375
1771072200,70324.5703125,70324.5703125,70277.6875,70277.6875
1771072380,70269.3671875,70269.3671875,70228.421875,70228.421875
1771072560,70151.9921875,70151.9921875,70029.359375,70029.359375
1771072740,70106.296875,70106.296875,70020.984375,70080.7265625
1771072920,70015.921875,70057.21875,70015.921875,70038.703125
1771073100,70047.671875,70047.671875,69980.8515625,69980.8515625
1771073280,69880.03125,69880.03125,69804.3828125,69804.3828125
1771073460,69683.359375,69855.1875,69683.359375,69784.0
1771073640,69784.3515625,69789.6875,69719.9375,69789.6875
1771073820,69781.53125,69784.71875,69771.328125,69784.71875
1771074000,69641.0703125,69671.9765625,69619.9453125,69671.9765625
1771074180,69527.6171875,69527.6171875,69451.09375,69451.09375
1771074360,69496.1640625,69582.8359375,69496.1640625,69582.8359375
1771074540,69577.4140625,69617.8828125,69577.4140625,69617.8828125
1771074720,69614.359375,69672.0078125,69614.359375,69672.0078125
1771074900,69673.0859375,69725.2421875,69672.3671875,69672.3671875
1771075080,69514.59375,69514.59375,69396.3984375,69481.5390625
1771075260,69500.625,69500.625,69364.7109375,69364.7109375
1771075440,69301.875,69368.015625,69301.875,69367.1796875
1771075620,69377.796875,69391.8828125,69278.6875,69278.6875
1771075800,69262.09375,69308.4296875,69262.09375,69299.765625
1771075980,69359.5546875,69446.9296875,69359.5546875,69446.9296875
1771076160,69434.3203125,69473.859375,69434.3203125,69473.859375
1771076340,69486.0078125,69486.0078125,69352.0234375,69352.0234375
1771076520,69351.765625,69377.5078125,69351.765625,69373.5703125
1771076700,69407.046875,69487.234375,69407.046875,69487.234375
1771076880,69528.4375,69528.4375,69497.6015625,69497.6015625
1771077060,69498.2265625,69498.2265625,69310.890625,69310.890625
1771077240,69337.9609375,69337.9609375,69328.7890625,69330.328125
1771077420,69354.46875,69413.359375,69354.46875,69413.359375
1771077600,69430.265625,69451.546875,69430.265625,69451.546875
1771077780,69367.5078125,69431.4140625,69367.5078125,69431.4140625
1771077960,69401.84375,69458.7890625,69401.84375,69413.625
1771078140,69346.2578125,69403.8828125,69346.2578125,69391.84375
1771078320,69410.1953125,69428.8046875,69410.1953125,69428.8046875
1771078500,69439.09375,69512.5390625,69439.09375,69512.5390625
1771078680,69478.78125,69512.546875,69478.78125,69512.546875
1771078860,69555.1640625,69605.2578125,69555.1640625,69583.6875
1771079040,69521.125,69521.125,69405.0625,69405.0625
1771079220,69406.2109375,69414.421875,69396.6953125,69414.421875
1771079400,69428.78125,69544.203125,69428.78125,69544.203125
1771079580,69562.59375,69583.84375,69562.59375,69583.84375
1771079760,69563.6015625,69616.8515625,69563.6015625,69588.0078125
1771079940,69636.21875,69649.53125,69636.21875,69637.875
1771080120,69632.1796875,69645.03125,69625.921875,69645.03125
1771080300,69644.53125,69648.7109375,69639.1875,69639.1875
1771080480,69606.96875,69606.96875,69591.4140625,69591.4140625
1771080660,69671.65625,69764.5,69671.65625,69764.5
1771080840,69800.46875,69831.0703125,69761.3359375,69831.0703125
1771081020,69819.171875,69819.171875,69761.71875,69761.71875
1771081200,69675.640625,69712.671875,69675.640625,69712.671875
1771081380,69771.390625,69771.390625,69739.4921875,69739.4921875
1771081560,69718.890625,69749.0,69705.5390625,69749.0
1771081740,69731.71875,69737.9765625,69731.484375,69731.484375
1771081920,69673.9609375,69673.9609375,69649.4296875,69649.4296875
1771082100,69636.5859375,69672.8046875,69601.0859375,69672.8046875
1771082280,69732.34375,69792.375,69732.34375,69792.375
1771082460,69818.9609375,69818.9609375,69760.5703125,69805.8203125
1771082640,69847.21875,70000.3359375,69847.21875,70000.3359375
1771082820,69913.2734375,69930.8359375,69889.5390625,69889.5390625
1771083000,69844.3515625,69911.1015625,69844.3515625,69911.1015625
1771083180,69903.21875,69925.4140625,69888.203125,69925.4140625
1771083360,69896.1015625,69896.1015625,69784.3046875,69784.3046875
1771083540,69832.078125,69840.2265625,69822.5078125,69822.5078125
1771083720,69786.28125,69855.3046875,69786.28125,69855.3046875
1771083900,69835.9375,69878.2734375,69824.9609375,69878.2734375
1771084080,69864.1484375,69864.1484375,69820.3046875,69820.3046875
1771084260,69827.2265625,69827.2265625,69783.1328125,69791.4765625
1771084440,69765.8984375,69773.3828125,69737.7109375,69737.7109375
1771084620,69800.8046875,69800.8046875,69760.9375,69782.0390625
1771084800,69767.5234375,69767.5234375,69749.9765625,69749.9765625
1771084980,69722.3125,69778.0234375,69722.3125,69778.0234375
1771085160,69759.5703125,69759.5703125,69693.546875,69693.546875
1771085340,69707.3125,69707.3125,69661.5625,69675.8984375
1771085520,69686.59375,69701.3828125,69686.59375,69696.8125
1771085700,69664.03125,69664.03125,69543.4609375,69543.4609375
1771085880,69557.8671875,69557.8671875,69495.890625,69495.890625
1771086060,69379.53125,69379.53125,69360.5078125,69371.03125
1771086240,69367.3046875,69416.9296875,69321.7109375,69416.9296875
1771086420,69440.1875,69440.1875,69400.453125,69400.453125
1771086600,69415.125,69415.125,69286.7734375,69286.7734375
1771086780,69336.0390625,69458.125,69336.0390625,69457.09375
1771086960,69425.7265625,69505.5234375,69425.7265625,69505.5234375
1771087140,69567.1953125,69567.1953125,69545.1953125,69545.59375
1771087320,69514.0703125,69577.640625,69503.5703125,69577.640625
1771087500,69621.5234375,69621.5234375,69560.109375,69572.703125
1771087680,69533.625,69642.421875,69533.625,69642.421875
1771087860,69611.265625,69694.59375,69595.5234375,69694.59375
1771088040,69744.6171875,69744.6171875,69716.03125,69716.03125
1771088220,69728.4921875,69728.4921875,69698.078125,69717.2421875
1771088400,69721.0859375,69721.0859375,69673.9921875,69673.9921875
1771088580,69685.3125,69685.3125,69650.90625,69650.90625
1771088760,69692.4765625,69692.4765625,69654.53125,69654.53125
1771088940,69620.0546875,69680.453125,69620.0546875,69680.453125
1771089120,69697.3203125,69787.109375,69697.3203125,69787.109375
1771089300,69821.9375,69821.9375,69765.0859375,69765.0859375
1771089480,69779.4453125,69809.9296875,69759.1875,69809.9296875
1771089660,69807.703125,69862.2578125,69807.703125,69841.046875
1771089840,69877.1953125,69877.1953125,69846.5546875,69846.5546875
1771090020,69854.015625,69870.984375,69838.515625,69838.515625
1771090200,69804.3203125,69848.96875,69804.3203125,69848.96875
1771090380,69833.421875,69833.421875,69791.5703125,69791.5703125
1771090560,69705.8984375,69705.8984375,69645.796875,69668.4609375
1771090740,69735.4453125,69754.4375,69735.4453125,69754.4375
1771090920,69755.6640625,69764.5390625,69754.6953125,69764.5390625
1771091100,69779.40625,69781.9296875,69759.6171875,69759.6171875
1771091280,69689.90625,69701.0,69683.9765625,69701.0
1771091460,69720.7421875,69720.7421875,69685.9453125,69701.1953125
1771091640,69690.3046875,69704.0078125,69690.3046875,69704.0078125
1771091820,69712.3203125,69721.34375,69670.140625,69670.140625
1771092000,69701.5390625,69701.5390625,69656.8046875,69656.8046875
1771092180,69696.890625,69771.84375,69696.890625,69771.84375
1771092360,69734.2890625,69746.953125,69734.2890625,69746.953125
1771092540,69800.0703125,69800.0703125,69729.7109375,69729.7109375
1771092720,69773.0,69773.0,69753.796875,69760.484375
1771092900,69751.5390625,69751.5390625,69710.1640625,69713.5625
1771093080,69791.578125,69806.3125,69791.578125,69806.3125
1771093260,69784.5546875,69800.875,69784.5546875,69791.6875
1771093440,69786.6484375,69786.6484375,69741.390625,69741.390625
1771093620,69714.234375,69734.3359375,69714.234375,69734.3359375
1771093800,69737.0546875,69737.0546875,69685.3828125,69685.3828125
1771093980,69715.359375,69769.8828125,69715.359375,69769.8828125
1771094160,69745.390625,69745.390625,69727.34375,69727.34375
1771094340,69688.5546875,69731.1796875,69688.5546875,69731.1796875
1771094520,69743.109375,69754.2578125,69743.109375,69754.2578125
1771094700,69760.953125,69760.953125,69710.4609375,69710.4609375
1771094880,69743.3046875,69752.828125,69743.3046875,69745.78125
1771095060,69744.5859375,69744.5859375,69724.765625,69724.765625
1771095240,69726.2578125,69732.984375,69726.2578125,69732.984375
1771095420,69734.765625,69734.765625,69726.6171875,69727.0078125
1771095600,69732.53125,69732.53125,69704.1953125,69704.1953125
1771095780,69718.953125,69784.1875,69718.953125,69784.1875
1771095960,69784.4609375,69816.03125,69784.4609375,69789.921875
1771096140,69767.7734375,69789.8046875,69759.9375,69759.9375
1771096320,69770.25,69778.3828125,69764.9453125,69764.9453125
1771096500,69752.46875,69752.46875,69615.3828125,69615.3828125
1771096680,69663.71875,69755.5,69663.71875,69755.5
1771096860,69802.828125,69802.828125,69735.609375,69735.609375
1771097040,69723.4921875,69766.9609375,69723.4921875,69743.8203125
1771097220,69778.4296875,69819.734375,69778.4296875,69819.734375
1771097400,69814.4296875,69826.7734375,69814.4296875,69826.7734375
1771097580,69840.2421875,69848.546875,69840.2421875,69841.3984375
1771097760,69789.5625,69789.9375,69786.8671875,69786.8671875
1771097940,69783.9921875,69820.5703125,69781.4609375,69820.5703125
1771098120,69809.46875,69823.5703125,69809.46875,69817.3671875
1771098300,69805.1953125,69812.59375,69805.1953125,69812.59375
1771098480,69808.8984375,69875.7734375,69808.8984375,69875.7734375
1771098660,69847.640625,69855.9296875,69839.9375,69839.9375
1771098840,69850.7109375,69850.7109375,69811.484375,69811.484375
1771099020,69801.046875,69819.7578125,69801.046875,69819.7578125
1771099200,69823.3203125,69845.484375,69823.3203125,69845.484375
1771099380,69869.171875,69947.78125,69869.171875,69946.84375
1771099560,69917.7578125,69917.7578125,69914.84375,69915.71875
1771099740,69902.6953125,69902.6953125,69785.875,69789.5234375
1771099920,69797.6953125,69818.3984375,69792.8515625,69792.8515625
1771100100,69795.53125,69839.3671875,69795.53125,69839.3671875
1771100280,69827.1640625,69829.2734375,69816.796875,69816.796875
1771100460,69797.8046875,69837.0859375,69782.3828125,69837.0859375
1771100640,69856.5390625,69861.921875,69849.6640625,69849.6640625
1771100820,69849.359375,69855.1796875,69848.0234375,69855.1796875
1771101000,69803.1953125,69803.1953125,69797.3828125,69797.3828125
1771101180,69789.375,69822.7109375,69789.375,69822.7109375
1771101360,69815.9140625,69815.9140625,69800.6640625,69800.6640625
1771101540,69805.1484375,69860.1015625,69805.1484375,69860.1015625
1771101720,69902.1484375,69909.8359375,69902.1484375,69909.8359375
1771101900,69919.4375,69958.1171875,69919.4375,69958.1171875
1771102080,69965.859375,69965.859375,69954.0,69954.5546875
1771102260,69954.03125,69954.03125,69929.984375,69929.984375
1771102440,69951.03125,69961.3359375,69951.03125,69956.0625
1771102620,69969.9921875,69985.1796875,69966.65625,69985.1796875
1771102800,69986.453125,70122.140625,69986.453125,70122.140625
1771102980,70123.1328125,70147.34375,70123.1328125,70147.34375
1771103160,70135.671875,70194.4296875,70135.671875,70156.7421875
1771103340,70114.96875,70152.359375,70114.96875,70133.28125
1771103520,70135.34375,70170.828125,70133.5625,70170.828125
1771103700,70174.203125,70206.0625,70156.640625,70156.640625
1771103880,70168.171875,70168.171875,70138.078125,70152.125
1771104060,70148.3828125,70148.3828125,70082.1171875,70082.1171875
1771104240,70036.8671875,70036.8671875,69960.2890625,69960.2890625
1771104420,69973.0625,70001.25,69973.0625,70001.25
1771104600,69979.2109375,69979.2109375,69926.5,69926.5
1771104780,69967.0078125,69967.0078125,69901.984375,69901.984375
1771104960,69819.234375,69819.234375,69758.171875,69769.6171875
1771105140,69664.140625,69714.859375,69659.140625,69659.140625
1771105320,69743.890625,69797.8515625,69743.890625,69797.8515625
1771105500,69831.546875,69831.546875,69814.453125,69829.109375
1771105680,69836.1875,69842.1796875,69830.8515625,69830.8515625
1771105860,69789.6171875,69800.0859375,69784.7578125,69800.0859375
1771106040,69834.890625,69882.96875,69834.890625,69875.0390625
1771106220,69871.7734375,69886.1328125,69871.7734375,69886.1328125
1771106400,69885.6328125,69885.6328125,69878.609375,69879.4296875
1771106580,69884.625,69884.625,69880.0390625,69880.796875
1771106760,69876.3359375,69892.0390625,69866.140625,69866.140625
1771106940,69886.7578125,69886.7578125,69840.5625,69840.5625
1771107120,69932.4609375,69973.1484375,69932.4609375,69973.1484375
1771107300,69971.953125,69971.953125,69883.0234375,69883.0234375
1771107480,69866.734375,69866.734375,69859.46875,69859.46875
1771107660,69852.1171875,69852.1171875,69812.171875,69812.171875
1771107840,69794.5234375,69846.6171875,69794.5234375,69846.6171875
1771108020,69885.2578125,69895.9921875,69876.4296875,69895.9921875
1771108200,69900.3046875,69932.8046875,69900.3046875,69910.109375
1771108380,69938.1171875,69938.1171875,69935.34375,69935.34375
1771108560,69933.4140625,69947.859375,69933.2265625,69947.859375
1771108740,69962.875,69975.71875,69960.7265625,69960.7265625
1771108920,69926.96875,69964.3515625,69926.96875,69964.3515625
1771109100,69973.1796875,69999.640625,69973.1796875,69999.640625
1771109280,69964.34375,69968.6640625,69955.296875,69955.296875
1771109460,69947.9921875,69959.125,69939.15625,69959.125
1771109640,70003.8203125,70003.8203125,69959.2734375,69959.2734375
1771109820,69973.421875,69981.46875,69942.1015625,69942.1015625
1771110000,69932.265625,69935.4453125,69928.4609375,69928.4609375
1771110180,69961.875,69961.875,69919.8359375,69919.8359375
1771110360,69925.21875,69937.765625,69919.75,69937.765625
1771110540,69958.15625,69958.15625,69924.1953125,69924.1953125
1771110720,69878.609375,69911.1328125,69878.609375,69911.1328125
1771110900,69920.9296875,69933.7109375,69920.9296875,69933.7109375
1771111080,69976.1015625,69976.1015625,69875.4375,69875.4375
1771111260,69864.578125,69864.578125,69816.40625,69816.40625
1771111440,69731.1640625,69787.8203125,69731.1640625,69781.015625
1771111620,69731.9609375,69754.6875,69731.9609375,69754.6875
1771111800,69765.9296875,69816.7265625,69765.9296875,69802.1953125
1771111980,69771.5859375,69793.3203125,69771.5859375,69793.3203125
1771112160,69743.359375,69791.9453125,69743.359375,69791.9453125
1771112340,69786.7890625,69808.140625,69786.7890625,69808.140625
1771112520,69809.140625,69811.25,69807.296875,69811.25
1771112700,69801.453125,69803.9375,69799.2578125,69799.2578125
1771112880,69806.0078125,69822.0703125,69806.0078125,69820.4921875
1771113060,69797.140625,69801.640625,69794.7890625,69794.7890625
1771113240,69760.421875,69771.8671875,69760.421875,69771.8671875
1771113420,69772.8828125,69772.8828125,69767.5,69767.5
1771113600,69758.5390625,69786.265625,69743.5546875,69743.5546875
1771113780,69756.3203125,69773.484375,69756.3203125,69773.484375
1771113960,69785.3984375,69812.2890625,69785.3984375,69807.9453125
1771114140,69785.0859375,69785.0859375,69754.796875,69775.46875
1771114320,69731.3203125,69731.3203125,69676.2265625,69676.2265625
1771114500,69669.453125,69687.3046875,69654.1328125,69654.1328125
1771114680,69643.84375,69726.5390625,69643.84375,69726.5390625
1771114860,69705.8515625,69706.609375,69690.5234375,69690.5234375
1771115040,69666.3671875,69666.3671875,69637.7890625,69637.7890625
1771115220,69638.9140625,69651.0,69638.9140625,69651.0
1771115400,69646.9375,69686.9609375,69646.9375,69678.7578125
1771115580,69724.3828125,69724.3828125,69713.765625,69713.765625
1771115760,69658.125,69658.125,69631.359375,69631.359375
1771115940,69631.859375,69631.859375,69622.4609375,69626.5390625
1771116120,69656.328125,69656.328125,69627.078125,69627.078125
1771116300,69618.015625,69641.421875,69618.015625,69641.421875
1771116480,69647.7109375,69647.7109375,69591.5234375,69627.3203125
1771116660,69635.015625,69683.6484375,69633.015625,69683.6484375
1771116840,69670.34375,69711.9453125,69670.34375,69711.9453125
1771117020,69735.1796875,69752.25,69724.3984375,69724.3984375
1771117200,69724.0625,69763.9453125,69724.0625,69763.9453125
1771117380,69784.0546875,69797.609375,69784.0546875,69795.6953125
1771117560,69808.65625,69831.203125,69808.65625,69831.203125
1771117740,69833.1875,69855.3125,69833.1875,69855.3125
1771117920,69839.3203125,69846.3203125,69835.53125,69835.53125
1771118100,69847.75,69850.8359375,69844.015625,69844.015625
1771118280,69817.3125,69831.078125,69799.5234375,69799.5234375
1771118460,69653.375,69653.375,69581.296875,69590.5234375
1771118640,69591.96875,69593.3671875,69533.8046875,69593.3671875
1771118820,69586.328125,69587.2265625,69462.4375,69462.4375
1771119000,69491.21875,69559.8671875,69491.21875,69559.8671875
1771119180,69537.625,69537.625,69528.7265625,69528.7265625
1771119360,69505.9453125,69505.9453125,69464.4375,69489.7734375
1771119540,69571.09375,69579.484375,69571.09375,69579.484375
1771119720,69620.8828125,69620.8828125,69469.71875,69469.71875
1771119900,69354.4921875,69383.8359375,69354.4921875,69383.8359375
1771120080,69407.21875,69465.0,69407.21875,69465.0
1771120260,69503.203125,69523.6484375,69500.921875,69523.6484375
1771120440,69538.8046875,69562.265625,69538.8046875,69559.9453125
1771120620,69595.2109375,69649.7109375,69595.2109375,69649.7109375
1771120800,69665.34375,69678.625,69652.4765625,69652.4765625
1771120980,69600.4296875,69607.046875,69600.4296875,69607.046875
1771121160,69616.78125,69708.6640625,69616.78125,69708.6640625
1771121340,69527.1171875,69527.1171875,69469.3359375,69469.3359375
1771121520,69470.96875,69511.6328125,69470.96875,69511.6328125
1771121700,69506.578125,69553.828125,69506.578125,69553.828125
1771121880,69559.953125,69581.9921875,69544.015625,69544.015625
1771122060,69482.7109375,69482.7109375,69391.796875,69391.796875
1771122240,69392.4609375,69420.765625,69392.4609375,69420.765625
1771122420,69425.7421875,69438.453125,69425.7421875,69438.453125
1771122600,69382.296875,69382.296875,69382.296875,69382.296875
1771122780,69417.2265625,69417.2265625,69389.3515625,69410.921875
1771122960,69374.171875,69387.0625,69368.703125,69387.0625
1771123140,69428.9140625,69494.953125,69428.9140625,69494.953125
1771123320,69515.4375,69515.4375,69491.171875,69510.8359375
1771123500,69472.4609375,69541.8515625,69472.4609375,69541.8515625
1771123680,69519.40625,69519.40625,69427.46875,69427.46875
1771123860,69432.2734375,69490.8203125,69432.2734375,69490.8203125
1771124040,69487.8046875,69497.1640625,69486.6953125,69497.1640625
1771124220,69511.5390625,69511.5390625,69509.796875,69510.0078125
1771124400,69492.8046875,69492.8046875,69482.5390625,69485.90625
1771124580,69498.78125,69513.8359375,69498.78125,69513.8359375
1771124760,69503.2734375,69510.3671875,69503.2734375,69504.1796875
1771124940,69519.296875,69543.4375,69519.296875,69534.6015625
1771125120,69523.2421875,69523.2421875,69490.625,69490.625
1771125300,69472.359375,69522.84375,69472.359375,69522.84375
1771125480,69523.953125,69535.046875,69523.953125,69534.8203125
1771125660,69531.8359375,69531.8359375,69522.9453125,69522.9453125
1771125840,69510.7734375,69510.7734375,69478.8046875,69478.8046875
1771126020,69488.2265625,69497.7890625,69488.2265625,69496.1015625
1771126200,69450.1640625,69455.7109375,69444.78125,69455.7109375
1771126380,69451.4921875,69481.0859375,69391.34375,69391.34375
1771126560,69310.6015625,69310.6015625,69292.671875,69296.8984375
1771126740,69270.2265625,69343.703125,69270.2265625,69339.40625
1771126920,69342.203125,69359.5703125,69342.203125,69356.953125
1771127100,69349.15625,69698.2421875,69349.15625,69698.2421875
1771127280,69881.1015625,69898.6328125,69847.7578125,69898.6328125
1771127460,69924.4375,69924.4375,69879.2578125,69879.2578125
1771127640,69897.7578125,69900.3359375,69897.7578125,69900.3359375
1771127820,69909.8984375,69957.2265625,69909.8984375,69957.2265625
1771128000,69929.2109375,69964.9140625,69929.2109375,69957.6015625
1771128180,70022.296875,70067.46875,69962.8515625,69962.8515625
1771128360,69950.46875,70321.4921875,69950.46875,70321.4921875
1771128540,70306.5625,70361.9609375,70253.75,70361.9609375
1771128720,70331.96875,70415.8046875,70323.96875,70415.8046875
1771128900,70402.6875,70480.921875,70402.6875,70480.921875
1771129080,70440.15625,70440.15625,70275.1953125,70275.1953125
1771129260,70247.75,70248.6484375,70219.671875,70219.671875
1771129440,70187.28125,70240.9140625,70175.3046875,70240.9140625
1771129620,70205.3984375,70218.09375,70165.8671875,70218.09375
1771129800,70169.9609375,70258.4609375,70169.9609375,70258.4609375
1771129980,70259.7109375,70330.8203125,70259.7109375,70294.1796875
1771130160,70300.7890625,70305.0390625,70294.6953125,70294.6953125
1771130340,70187.8359375,70190.046875,70185.1484375,70190.046875
1771130520,70231.2421875,70231.2421875,70209.8203125,70225.0625
1771130700,70220.8515625,70256.4375,70213.0703125,70256.4375
1771130880,70242.828125,70295.734375,70242.828125,70295.734375
1771131060,70278.6640625,70278.6640625,70257.171875,70257.171875
1771131240,70241.9453125,70241.9453125,70113.1015625,70113.1015625
1771131420,70142.859375,70142.859375,70117.9765625,70130.5234375
1771131600,70159.1875,70175.9453125,70150.4375,70175.9453125
1771131780,70179.15625,70179.15625,70119.0234375,70119.0234375
1771131960,70156.3984375,70234.0,70156.3984375,70234.0
1771132140,70253.9375,70253.9375,70198.109375,70198.109375
1771132320,70203.0078125,70203.0078125,70182.5,70182.5
1771132500,70176.59375,70266.15625,70176.59375,70266.15625
1771132680,70431.7265625,70431.7265625,70401.328125,70401.328125
1771132860,70368.1953125,70368.1953125,70319.78125,70319.78125
1771133040,70317.8515625,70336.2265625,70317.8515625,70327.5859375
1771133220,70320.875,70330.28125,70317.078125,70317.078125
1771133400,70312.5703125,70341.046875,70286.796875,70341.046875
1771133580,70368.46875,70376.9453125,70368.46875,70371.203125
1771133760,70309.4140625,70309.4140625,70277.9609375,70277.9609375
1771133940,70274.28125,70287.890625,70274.28125,70287.890625
1771134120,70322.6796875,70331.8046875,70317.8515625,70331.8046875
1771134300,70326.0546875,70408.5703125,70326.0546875,70381.0234375
1771134480,70365.6484375,70365.6484375,70311.5,70319.890625
1771134660,70315.8359375,70348.4453125,70315.8359375,70344.828125
1771134840,70326.5859375,70326.5859375,70261.84375,70261.84375
1771135020,70269.9765625,70269.9765625,70265.6328125,70265.6328125
1771135200,70249.375,70249.375,70232.5625,70241.8203125
1771135380,70237.359375,70237.359375,70216.390625,70216.390625
1771135560,70254.3046875,70266.3046875,70250.9375,70250.9375
1771135740,70231.4921875,70239.921875,70223.546875,70223.546875
1771135920,70201.203125,70201.203125,70173.5859375,70173.5859375
1771136100,70204.234375,70227.78125,70193.578125,70227.78125
1771136280,70259.2890625,70262.8359375,70255.0625,70262.8359375
1771136460,70300.5078125,70300.5078125,70294.7421875,70294.7421875
1771136640,70337.2578125,70427.8125,70335.0703125,70427.8125
1771136820,70464.4140625,70464.4140625,70426.3046875,70426.3046875
1771137000,70401.3203125,70420.671875,70358.7109375,70420.671875
1771137180,70445.3984375,70445.3984375,70414.0234375,70414.0234375
1771137360,70495.7890625,70495.7890625,70477.703125,70477.703125
1771137540,70470.34375,70470.34375,70391.6171875,70391.6171875
1771137720,70393.1796875,70409.0234375,70393.1796875,70403.8046875
1771137900,70398.1640625,70398.1640625,70340.5859375,70370.5859375
1771138080,70326.0234375,70330.65625,70290.421875,70290.421875
1771138260,70299.796875,70299.796875,70290.3125,70290.3125
1771138440,70339.7890625,70366.3515625,70337.4921875,70366.3515625
1771138620,70356.265625,70372.9296875,70356.265625,70372.9296875
1771138800,70376.8984375,70376.8984375,70347.5859375,70347.5859375
1771138980,70329.8046875,70369.40625,70329.8046875,70369.40625
1771139160,70349.015625,70349.015625,70337.234375,70337.234375
1771139340,70323.8515625,70323.8515625,70293.265625,70293.265625
1771139520,70331.9609375,70377.1171875,70331.9609375,70377.1171875
1771139700,70397.53125,70491.28125,70397.53125,70491.28125
1771139880,70502.5234375,70766.40625,70502.5234375,70766.40625
1771140060,70722.765625,70827.375,70722.765625,70767.9140625
1771140240,70704.9140625,70704.9140625,70603.1875,70603.1875
1771140420,70610.8671875,70646.1015625,70610.8671875,70646.1015625
1771140600,70637.90625,70654.6328125,70615.578125,70654.6328125
1771140780,70671.109375,70774.8984375,70671.109375,70774.8984375
1771140960,70750.828125,70816.875,70750.828125,70816.875
1771141140,70840.4609375,70840.4609375,70792.6953125,70797.2578125
1771141320,70784.4375,70784.4375,70745.890625,70748.96875
1771141500,70727.1796875,70727.1796875,70720.484375,70720.484375
1771141680,70707.265625,70707.265625,70676.7890625,70676.7890625
1771141860,70714.0859375,70729.140625,70695.7578125,70695.7578125
1771142040,70665.375,70700.171875,70665.375,70700.171875
1771142220,70722.9453125,70750.796875,70722.9453125,70750.796875
1771142400,70782.1796875,70846.6796875,70782.1796875,70846.6796875
1771142580,70828.8828125,70843.625,70820.21875,70843.625
1771142760,70877.3515625,70914.6875,70868.953125,70868.953125
1771142940,70886.1796875,70917.6328125,70886.1796875,70917.6328125
1771143120,70814.2734375,70814.2734375,70734.84375,70734.84375
1771143300,70711.171875,70739.6015625,70711.171875,70738.09375
1771143480,70734.296875,70785.8515625,70734.296875,70785.8515625
1771143660,70769.765625,70779.984375,70764.171875,70764.171875
1771143840,70764.6953125,70764.6953125,70753.5078125,70753.5078125
1771144020,70709.4921875,70709.4921875,70606.296875,70606.296875
1771144200,70562.6640625,70562.6640625,70465.0,70465.0
1771144380,70276.4140625,70276.4140625,70242.2109375,70258.0703125
1771144560,70177.3359375,70309.2421875,70177.3359375,70301.5390625
1771144740,70256.0,70282.03125,70227.09375,70282.03125
1771144920,70300.1328125,70300.234375,70256.8828125,70256.8828125
1771145100,70298.5859375,70353.8046875,70289.1015625,70353.8046875
1771145280,70373.2890625,70393.875,70366.5703125,70393.875
1771145460,70350.3828125,70395.8828125,70350.3828125,70395.8828125
1771145640,70406.578125,70406.578125,70395.859375,70395.859375
1771145820,70400.453125,70404.765625,70400.453125,70404.765625
1771146000,70407.03125,70407.03125,70374.890625,70374.890625
1771146180,70433.9375,70458.8125,70433.9375,70458.8125
1771146360,70433.1328125,70609.2734375,70433.1328125,70609.2734375
1771146540,70601.2890625,70611.4375,70564.7421875,70564.7421875
1771146720,70565.2109375,70567.9765625,70563.4140625,70567.9765625
1771146900,70568.8359375,70568.8359375,70501.125,70501.125
1771147080,70549.2890625,70549.2890625,70495.59375,70495.59375
1771147260,70499.484375,70568.2265625,70499.484375,70568.2265625
1771147440,70543.7890625,70550.1328125,70543.7890625,70550.1328125
1771147620,70572.484375,70576.0234375,70570.03125,70576.0234375
1771147800,70605.125,70605.125,70563.6953125,70583.6796875
1771147980,70567.1875,70567.1875,70546.0234375,70554.8046875
1771148160,70579.421875,70592.0546875,70529.53125,70529.53125
1771148340,70456.46875,70461.21875,70456.46875,70457.7734375
1771148520,70447.4296875,70463.8203125,70447.4296875,70463.8203125
1771148700,70470.3125,70482.4765625,70470.3125,70482.4765625
1771148880,70475.3203125,70475.3203125,70458.6953125,70458.6953125
1771149060,70427.8125,70427.8125,70360.421875,70360.421875
1771149240,70375.2578125,70395.890625,70375.2578125,70395.890625
1771149420,70402.046875,70402.046875,70391.078125,70391.078125
1771149600,70389.9765625,70402.5625,70374.2265625,70402.5625
1771149780,70364.546875,70387.640625,70364.546875,70373.328125
1771149960,70320.234375,70320.234375,70234.2734375,70234.2734375
1771150140,70226.671875,70320.375,70226.671875,70308.6875
1771150320,70310.40625,70310.40625,70278.90625,70278.90625
1771150500,70277.265625,70297.6484375,70218.6640625,70218.6640625
1771150680,70206.6796875,70284.21875,70206.6796875,70284.21875
1771150860,70303.5546875,70372.4375,70303.5546875,70372.4375
1771151040,70389.6484375,70402.90625,70389.6484375,70402.90625
1771151220,70409.390625,70409.390625,70393.0703125,70396.5390625
1771151400,70396.7734375,70396.7734375,70361.6640625,70361.6640625
1771151580,70381.2421875,70381.2421875,70347.859375,70347.859375
1771151760,70339.421875,70343.09375,70297.5078125,70297.5078125
1771151940,70297.7109375,70336.1640625,70294.9296875,70336.1640625
1771152120,70342.1171875,70367.109375,70342.1171875,70367.109375
1771152300,70387.2265625,70430.1640625,70387.2265625,70430.1640625
1771152480,70428.9609375,70468.90625,70428.9609375,70468.90625
1771152660,70460.8125,70467.1875,70460.8125,70467.1875
1771152840,70455.7421875,70473.6875,70455.7421875,70456.703125
1771153020,70447.890625,70447.890625,70411.1171875,70411.1171875
1771153200,70398.2265625,70434.1328125,70398.2265625,70434.1328125
1771153380,70429.1875,70433.4140625,70406.265625,70433.4140625
1771153560,70432.2265625,70437.1328125,70427.265625,70437.1328125
1771153740,70488.0703125,70488.0703125,70452.2734375,70452.2734375
1771153920,70447.3359375,70447.3359375,70417.8046875,70423.7578125
1771154100,70409.3046875,70419.5859375,70409.3046875,70419.5859375
1771154280,70431.4609375,70443.7578125,70431.4609375,70436.3125
1771154460,70405.765625,70405.765625,70350.609375,70350.609375
1771154640,70351.4375,70352.5234375,70347.9140625,70347.9140625
1771154820,70354.5390625,70354.5390625,70336.5078125,70348.09375
1771155000,70352.2578125,70352.2578125,70349.359375,70349.5703125
1771155180,70345.9453125,70345.9453125,70305.4375,70305.4375
1771155360,70325.9296875,70325.9296875,70290.828125,70290.828125
1771155540,70281.7421875,70309.546875,70281.7421875,70300.2734375
1771155720,70322.7734375,70322.7734375,70275.4453125,70275.4453125
1771155900,70277.5859375,70345.703125,70277.5859375,70345.703125
1771156080,70311.2265625,70318.1328125,70298.046875,70318.1328125
1771156260,70313.09375,70313.09375,70277.9765625,70277.9765625
1771156440,70265.1953125,70265.1953125,70241.4609375,70264.2578125
1771156620,70260.75,70267.78125,70260.75,70266.6796875
1771156800,70263.6484375,70288.875,70261.546875,70261.546875
1771156980,70246.6015625,70265.7890625,70234.421875,70265.7890625
1771157160,70229.2734375,70229.2734375,70197.34375,70205.125
1771157340,70191.0859375,70191.0859375,70189.90625,70189.90625
1771157520,70189.3125,70189.3125,70134.8046875,70134.8046875
1771157700,70169.5625,70189.8828125,70135.9609375,70135.9609375
1771157880,70097.7734375,70117.6171875,70097.7734375,70117.6171875
1771158060,70121.3984375,70265.171875,70121.3984375,70265.171875
1771158240,70309.671875,70309.671875,70268.515625,70268.515625
1771158420,70310.3515625,70328.125,70310.3515625,70328.125
1771158600,70337.1484375,70375.4140625,70310.78125,70310.78125
1771158780,70338.4140625,70338.4140625,70317.1875,70337.421875
1771158960,70322.53125,70322.53125,70272.6875,70272.6875
1771159140,70125.1328125,70188.484375,70125.1328125,70188.484375
1771159320,70195.9921875,70220.015625,70195.9921875,70220.015625
1771159500,70220.4453125,70220.4453125,70192.3125,70192.3125
1771159680,70177.421875,70177.421875,70102.9296875,70102.9296875
1771159860,69682.359375,69791.3046875,69682.359375,69791.3046875
1771160040,69772.9296875,69772.9296875,69440.4609375,69440.4609375
1771160220,69474.2734375,69474.2734375,69396.921875,69396.921875
1771160400,69330.453125,69466.1953125,69330.453125,69456.625
1771160580,69294.3671875,69396.8671875,69294.3671875,69396.8671875
1771160760,69372.171875,69458.1484375,69372.171875,69458.1484375
1771160940,69434.65625,69469.7265625,69434.65625,69469.7265625
1771161120,69425.21875,69425.21875,69409.9765625,69413.3203125
1771161300,69477.3203125,69528.359375,69477.3203125,69528.359375
1771161480,69535.5859375,69562.0078125,69535.5859375,69562.0078125
1771161660,69476.59375,69476.59375,69395.34375,69395.34375
1771161840,69400.1328125,69405.0,69390.171875,69390.171875
1771162020,69355.8125,69355.8125,69288.7421875,69288.7421875
1771162200,69036.3046875,69036.3046875,68987.4140625,68998.9765625
1771162380,69015.9765625,69015.9765625,68948.234375,68948.234375
1771162560,68945.953125,68975.9765625,68925.8984375,68975.9765625
1771162740,68967.1796875,68967.1796875,68960.1796875,68963.1484375
1771162920,68986.9453125,68986.9453125,68959.78125,68959.78125
1771163100,68874.765625,68971.34375,68874.4140625,68971.34375
1771163280,69014.0703125,69014.0703125,68928.90625,68928.90625
1771163460,68773.4921875,68860.03125,68773.4921875,68847.5234375
1771163640,68854.28125,68884.6875,68821.171875,68884.6875
1771163820,68936.1640625,68956.375,68905.875,68905.875
1771164000,68903.5546875,69012.3984375,68903.5546875,68998.5390625
1771164180,68898.453125,68982.1484375,68898.453125,68976.859375
1771164360,69044.46875,69044.46875,69002.828125,69002.828125
1771164540,69037.625,69037.625,68990.6875,68990.6875
1771164720,68887.078125,68951.6953125,68887.078125,68951.6953125
1771164900,68928.4765625,69006.734375,68928.4765625,69006.40625
1771165080,68982.40625,68982.40625,68960.3515625,68972.296875
1771165260,68968.84375,68998.5,68968.84375,68998.5
1771165440,69012.8125,69036.125,69009.4765625,69009.4765625
1771165620,69040.8984375,69040.8984375,68985.890625,68985.890625
1771165800,69064.1328125,69086.0234375,69064.1328125,69086.0234375
1771165980,69087.140625,69087.140625,68975.6484375,68975.6484375
1771166160,68979.828125,69022.34375,68979.828125,69022.34375
1771166340,69107.4921875,69138.96875,69103.140625,69138.96875
1771166520,69143.0546875,69143.0546875,69113.8984375,69113.8984375
1771166700,69132.6328125,69132.6328125,69108.96875,69109.296875
1771166880,69140.671875,69140.671875,69074.3125,69074.3125
1771167060,69065.1953125,69065.1953125,69039.3046875,69039.3046875
1771167240,69052.921875,69086.65625,69052.921875,69086.65625
1771167420,69088.65625,69109.890625,69088.65625,69109.890625
1771167600,69121.3984375,69196.09375,69121.3984375,69196.09375
1771167780,69168.734375,69168.734375,69079.3046875,69119.6015625
1771167960,69103.3203125,69119.9921875,69103.3203125,69115.5546875
1771168140,69189.59375,69195.40625,69177.5703125,69195.40625
1771168320,69184.890625,69184.890625,69177.578125,69180.6640625
1771168500,69172.53125,69172.53125,69109.1484375,69109.1484375
1771168680,69032.8203125,69032.8203125,68972.21875,68972.21875
1771168860,68956.3984375,68960.5078125,68953.0625,68953.0625
1771169040,68963.703125,68965.6875,68925.0390625,68965.6875
1771169220,68970.515625,68970.515625,68885.421875,68885.421875
1771169400,68861.7421875,68932.25,68861.7421875,68932.25
1771169580,68948.859375,68948.859375,68941.125,68941.125
1771169760,68908.0,68963.6796875,68908.0,68963.6796875
1771169940,68984.9609375,69038.140625,68984.9609375,69038.140625
1771170120,69019.546875,69019.546875,69008.6171875,69008.6171875
1771170300,69019.1875,69019.1875,69003.015625,69003.015625
1771170480,69029.078125,69029.078125,69019.09375,69019.09375
1771170660,69016.1484375,69033.4765625,69003.828125,69003.828125
1771170840,68932.84375,68949.671875,68932.84375,68949.671875
1771171020,68999.8671875,69056.9296875,68999.8671875,69055.6328125
1771171200,69059.234375,69059.234375,69029.8046875,69029.8046875
1771171380,69013.2578125,69013.2578125,68994.59375,69001.578125
1771171560,68931.453125,68931.453125,68854.5078125,68854.5078125
1771171740,68799.0859375,68872.1640625,68799.0859375,68872.1640625
1771171920,68880.9453125,68920.296875,68880.9453125,68920.296875
1771172100,68943.171875,68956.46875,68943.171875,68956.46875
1771172280,69027.640625,69027.640625,69014.8515625,69014.8515625
1771172460,68978.71875,68978.71875,68907.1015625,68907.1015625
1771172640,68898.9140625,68911.375,68860.546875,68911.375
1771172820,68948.6171875,68969.1484375,68930.578125,68969.1484375
1771173000,69035.515625,69047.4140625,69035.515625,69047.4140625
1771173180,69013.3046875,69013.3046875,68985.9453125,68985.9453125
1771173360,68984.0,68984.0,68931.609375,68937.9296875
1771173540,68924.8828125,68971.4296875,68924.5390625,68971.4296875
1771173720,68955.703125,68958.265625,68951.1015625,68951.1015625
1771173900,68967.203125,69039.515625,68967.203125,69039.515625
1771174080,69014.796875,69014.796875,68990.5078125,68997.0390625
1771174260,69003.3828125,69003.3828125,68996.0078125,68996.0078125
1771174440,68987.7734375,69010.078125,68987.7734375,69010.078125
1771174620,69008.515625,69018.3046875,69008.515625,69018.3046875
1771174800,69008.5703125,69011.421875,69002.9765625,69011.421875
1771174980,69032.4375,69040.609375,69032.4375,69038.4609375
1771175160,69031.8125,69050.4375,69020.921875,69020.921875
1771175340,69044.1171875,69044.1171875,69011.6015625,69011.6015625
1771175520,69005.65625,69021.9453125,69005.65625,69021.9453125
1771175700,69006.03125,69006.03125,68987.4609375,68987.4609375
1771175880,68958.484375,68958.484375,68916.4765625,68916.4765625
1771176060,68945.0625,68945.0625,68929.6015625,68939.9140625
1771176240,68921.109375,68948.453125,68921.109375,68938.3828125
1771176420,68901.3359375,68908.78125,68901.3359375,68908.71875
1771176600,68925.546875,68925.546875,68917.9140625,68925.2265625
1771176780,68914.7265625,68954.25,68914.7265625,68954.25
1771176960,68941.6484375,68994.125,68941.6484375,68990.265625
1771177140,68990.6796875,68996.9296875,68979.1484375,68979.1484375
1771177320,68825.4921875,68826.015625,68825.4921875,68826.015625
1771177500,68839.28125,68839.28125,68466.5625,68466.5625
1771177680,68398.6171875,68398.6171875,68258.359375,68258.359375
1771177860,68302.703125,68463.9921875,68302.703125,68463.9921875
1771178040,68564.9375,68564.9375,68482.6953125,68482.6953125
1771178220,68539.640625,68599.8359375,68536.296875,68599.8359375
1771178400,68599.2890625,68599.2890625,68501.5,68501.5
1771178580,68455.546875,68455.546875,68448.2109375,68448.2109375
1771178760,68419.5078125,68507.359375,68419.5078125,68507.359375
1771178940,68633.671875,68633.671875,68615.6015625,68632.3125
1771179120,68686.46875,68686.46875,68664.7265625,68664.7265625
1771179300,68659.609375,68663.9140625,68634.0703125,68663.9140625
1771179480,68625.265625,68638.640625,68625.265625,68638.640625
1771179660,68695.40625,68733.8203125,68695.40625,68729.8046875
1771179840,68733.640625,68733.640625,68708.0703125,68708.0703125
1771180020,68685.2265625,68685.2265625,68632.4296875,68632.4296875
1771180200,68522.09375,68566.09375,68503.625,68566.09375
1771180380,68537.5,68557.140625,68482.3203125,68482.3203125
1771180560,68418.203125,68470.8203125,68418.203125,68470.8203125
1771180740,68616.390625,68616.390625,68595.3125,68609.0078125
1771180920,68641.3203125,68659.2734375,68641.3203125,68647.65625
1771181100,68660.546875,68660.546875,68469.0546875,68469.0546875
1771181280,68436.8671875,68436.8671875,68391.8203125,68393.9296875
1771181460,68390.5625,68434.5703125,68390.5625,68434.5703125
1771181640,68429.7109375,68430.90625,68416.46875,68416.46875
1771181820,68358.234375,68388.75,68348.71875,68388.75
1771182000,68449.6640625,68450.046875,68449.6640625,68450.046875
1771182180,68453.90625,68453.90625,68300.515625,68300.515625
1771182360,68163.4140625,68163.4140625,68085.8203125,68097.53125
1771182540,68084.453125,68201.2890625,68084.453125,68201.2890625
1771182720,68279.65625,68279.65625,68104.640625,68104.640625
1771182900,68145.7421875,68186.1484375,68145.7421875,68186.1484375
1771183080,68152.53125,68152.53125,68091.21875,68091.21875
1771183260,68174.4375,68258.3671875,68174.4375,68258.3671875
1771183440,68300.4609375,68475.7734375,68300.4609375,68475.7734375
1771183620,68455.9921875,68474.9921875,68455.1328125,68474.9921875
1771183800,68510.953125,68510.953125,68453.4921875,68459.1953125
1771183980,68401.5859375,68447.828125,68399.609375,68399.609375
1771184160,68394.625,68394.625,68254.796875,68254.796875
1771184340,68244.921875,68262.0625,68244.921875,68253.4140625
1771184520,68290.34375,68290.34375,68238.5078125,68238.5078125
1771184700,68188.84375,68351.0703125,68188.84375,68351.0703125
1771184880,68366.234375,68376.65625,68341.5234375,68341.5234375
1771185060,68396.40625,68396.40625,68327.0546875,68327.0546875
1771185240,68277.734375,68289.0234375,68277.734375,68289.0234375
1771185420,68323.65625,68323.65625,68289.0546875,68289.0546875
1771185600,68246.6171875,68278.171875,68205.421875,68205.421875
1771185780,68151.765625,68151.765625,68137.8984375,68141.015625
1771185960,68217.9375,68246.8046875,68217.9375,68246.8046875
1771186140,68310.5703125,68334.3359375,68310.5703125,68334.3359375
1771186320,68350.4140625,68350.4140625,68327.2734375,68327.2734375
1771186500,68383.40625,68408.6953125,68363.296875,68363.296875
1771186680,68322.3515625,68322.3515625,68290.84375,68290.84375
1771186860,68330.3203125,68350.5859375,68330.3203125,68350.5859375
1771187040,68348.375,68348.375,68336.546875,68340.46875
1771187220,68353.4375,68412.328125,68353.4375,68410.4921875
1771187400,68436.421875,68436.421875,68395.421875,68395.421875
1771187580,68445.828125,68453.859375,68445.828125,68453.859375
1771187760,68484.8828125,68484.8828125,68455.3359375,68455.3359375
1771187940,68490.2109375,68490.2109375,68466.84375,68466.84375
1771188120,68450.796875,68450.796875,68442.2890625,68442.2890625
1771188300,68435.4609375,68450.734375,68435.4609375,68450.734375
1771188480,68446.1484375,68446.1484375,68427.5859375,68427.5859375
1771188660,68374.8046875,68391.4375,68374.2578125,68391.4375
1771188840,68390.7734375,68415.6875,68390.7734375,68415.6875
1771189020,68417.140625,68430.1015625,68415.1171875,68430.1015625
1771189200,68417.0234375,68460.7734375,68417.0234375,68460.7734375
1771189380,68485.6328125,68613.0234375,68485.6328125,68613.0234375
1771189560,68613.9296875,68613.9296875,68596.8203125,68596.8203125
1771189740,68635.6640625,68678.640625,68635.6640625,68678.640625
1771189920,68688.671875,68734.671875,68688.671875,68709.8515625
1771190100,68706.75,68706.75,68634.984375,68651.6484375
1771190280,68686.078125,68715.09375,68686.078125,68715.09375
1771190460,68724.359375,68731.03125,68724.359375,68731.03125
1771190640,68720.78125,68738.4296875,68720.78125,68738.4296875
1771190820,68722.578125,68722.578125,68658.2890625,68676.125
1771191000,68718.1015625,68833.390625,68718.1015625,68833.390625
1771191180,68884.2734375,68884.2734375,68812.0390625,68812.0390625
1771191360,68781.4921875,68790.7421875,68770.734375,68770.734375
1771191540,68710.96875,68751.3984375,68710.96875,68743.765625
1771191720,68740.640625,68747.6328125,68705.3671875,68705.3671875
1771191900,68695.6875,68707.390625,68671.4375,68671.4375
1771192080,68714.9375,68730.9765625,68714.9375,68730.9765625
1771192260,68764.7734375,68772.2265625,68757.4296875,68772.2265625
1771192440,68803.96875,68878.484375,68803.96875,68878.484375
1771192620,68865.9296875,68865.9296875,68852.7734375,68852.7734375
1771192800,68847.5390625,68859.4765625,68847.5390625,68859.4765625
1771192980,68806.46875,68854.375,68805.515625,68854.375
1771193160,68869.921875,68877.1328125,68869.921875,68877.1328125
1771193340,68906.59375,68906.59375,68877.109375,68877.109375
1771193520,68868.9609375,68868.9609375,68786.171875,68786.171875
1771193700,68770.9375,68852.4296875,68770.9375,68823.1953125
1771193880,68851.7265625,68851.7265625,68821.78125,68821.78125
1771194060,68833.5390625,68849.546875,68833.5390625,68846.0
1771194240,68863.3125,68953.1328125,68863.3125,68953.1328125
1771194420,68968.671875,68998.9453125,68967.078125,68998.9453125
1771194600,68980.1796875,68980.1796875,68945.6171875,68960.5234375
1771194780,68975.40625,69026.75,68975.40625,69006.6015625
1771194960,68953.890625,68992.359375,68953.890625,68986.3203125
1771195140,68979.7890625,68979.7890625,68957.671875,68957.671875
1771195320,68969.375,68969.375,68946.515625,68946.515625
1771195500,68973.4375,68973.4375,68930.625,68937.3984375
1771195680,69002.5078125,69018.953125,68989.359375,68989.359375
1771195860,68978.765625,68978.765625,68927.9140625,68927.9140625
1771196040,68952.640625,68959.40625,68950.4296875,68950.4296875
1771196220,68932.1015625,68935.359375,68921.9375,68935.359375
1771196400,68933.7109375,68933.7109375,68902.6015625,68902.6015625
1771196580,68678.2265625,68678.2265625,68597.796875,68644.53125
1771196760,68504.96875,68504.96875,68414.1875,68414.1875
1771196940,68338.96875,68483.8203125,68338.96875,68483.8203125
1771197120,68468.703125,68491.5703125,68468.703125,68491.5703125
1771197300,68462.7265625,68462.7265625,68397.03125,68397.03125
1771197480,68501.328125,68508.2109375,68501.328125,68508.2109375
1771197660,68478.9453125,68478.9453125,68413.6328125,68413.6328125
1771197840,68419.109375,68533.890625,68419.109375,68533.890625
1771198020,68557.8515625,68617.5390625,68557.8515625,68617.5390625
1771198200,68612.4765625,68695.59375,68612.4765625,68695.59375
1771198380,68657.3828125,68657.3828125,68587.59375,68613.9375
1771198560,68626.640625,68626.640625,68605.578125,68608.3984375
1771198740,68534.703125,68535.875,68531.84375,68535.875
1771198920,68534.09375,68613.6484375,68534.09375,68613.6484375
1771199100,68647.0546875,68673.5546875,68647.0546875,68666.3359375
1771199280,68676.8515625,68676.9453125,68675.5078125,68675.5078125
1771199460,68724.5625,68724.5625,68713.5625,68714.203125
1771199640,68716.7265625,68743.6875,68716.7265625,68743.6875
1771199820,68746.984375,68750.171875,68746.984375,68750.171875
1771200000,68776.75,68776.75,68713.3828125,68744.390625
1771200180,68726.2265625,68757.15625,68716.9609375,68716.9609375
1771200360,68726.984375,68806.1328125,68726.984375,68806.1328125
1771200540,68862.6875,68943.671875,68862.6875,68943.671875
1771200720,68913.78125,68939.9375,68913.78125,68939.9375
1771200900,68929.9921875,69009.1015625,68929.9921875,69009.1015625
1771201080,68982.890625,68983.625,68882.40625,68882.40625
1771201260,68837.8125,68837.8125,68809.0390625,68830.8671875
1771201440,68780.1328125,68780.1328125,68760.109375,68760.109375
1771201620,68778.8828125,68807.1484375,68778.8828125,68807.1484375
1771201800,68816.3359375,68816.3359375,68808.1171875,68808.1171875
1771201980,68889.6796875,68890.65625,68882.7734375,68890.65625
1771202160,68925.890625,68925.890625,68845.7265625,68845.7265625
1771202340,68879.1015625,68879.1015625,68817.859375,68819.734375
1771202520,68818.2578125,68818.2578125,68770.1171875,68770.1171875
1771202700,68732.2265625,68764.875,68732.2265625,68764.875
1771202880,68800.15625,68812.8671875,68800.15625,68812.8671875
1771203060,68817.0625,68922.9375,68817.0625,68922.9375
1771203240,68899.0390625,68899.0390625,68873.65625,68873.65625
1771203420,68846.5546875,68846.5546875,68843.0625,68843.0625
1771203600,68809.671875,68809.671875,68768.515625,68782.8359375
1771203780,68810.8359375,68903.8828125,68810.8359375,68903.8828125
1771203960,68906.7421875,68925.2109375,68906.7421875,68925.2109375
1771204140,68922.1015625,68999.546875,68922.1015625,68999.546875
1771204320,68945.59375,68945.59375,68818.8828125,68818.8828125
1771204500,68834.3515625,68867.953125,68834.3515625,68867.953125
1771204680,68876.828125,68876.828125,68868.21875,68868.21875
1771204860,68803.890625,68808.8359375,68803.4453125,68803.4453125
1771205040,68703.40625,68711.125,68663.015625,68711.125
1771205220,68692.546875,68692.546875,68641.671875,68650.4375
1771205400,68655.390625,68720.640625,68655.390625,68720.640625
1771205580,68694.5546875,68694.5546875,68588.453125,68588.453125
1771205760,68529.2890625,68601.6171875,68529.2890625,68601.6171875
1771205940,68581.6015625,68581.6015625,68460.125,68477.5390625
1771206120,68510.796875,68546.2265625,68510.796875,68546.2265625
1771206300,68556.2109375,68575.0546875,68552.265625,68575.0546875
1771206480,68596.5078125,68632.484375,68596.5078125,68632.484375
1771206660,68602.5625,68619.609375,68602.5625,68619.609375
1771206840,68609.5,68619.7421875,68600.8671875,68619.7421875
1771207020,68579.6484375,68606.21875,68579.6484375,68605.6484375
1771207200,68594.2109375,68594.2109375,68561.8125,68561.8125
1771207380,68635.4296875,68681.8984375,68635.4296875,68681.8984375
1771207560,68694.6640625,68703.5,68667.8984375,68667.8984375
1771207740,68663.2890625,68663.2890625,68465.53125,68465.53125
1771207920,68499.703125,68572.1171875,68499.703125,68572.1171875
1771208100,68547.1328125,68547.1328125,68502.2578125,68502.2578125
1771208280,68517.171875,68517.171875,68447.6640625,68447.6640625
1771208460,68419.1953125,68419.1953125,68387.0703125,68387.0703125
1771208640,68403.8203125,68408.75,68373.953125,68373.953125
1771208820,68392.2734375,68392.7421875,68382.0703125,68382.0703125
1771209000,68322.609375,68381.0546875,68322.609375,68371.9453125
1771209180,68346.5703125,68411.3359375,68346.5703125,68411.3359375
1771209360,68419.3828125,68467.5234375,68419.3828125,68467.5234375
1771209540,68466.328125,68466.328125,68449.96875,68450.6796875
1771209720,68436.34375,68463.2109375,68436.34375,68463.2109375
1771209900,68465.8203125,68480.375,68465.8203125,68476.375
1771210080,68408.2265625,68408.2265625,68334.203125,68334.203125
1771210260,68365.28125,68365.28125,68360.5703125,68360.5703125
1771210440,68278.25,68278.25,68267.796875,68267.796875
1771210620,68235.6953125,68298.8359375,68235.6953125,68298.8359375
1771210800,68296.8671875,68345.5390625,68296.8671875,68340.3828125
1771210980,68341.3203125,68341.3203125,68303.4140625,68310.3828125
1771211160,68335.046875,68343.84375,68335.046875,68343.84375
1771211340,68362.0546875,68362.0546875,68356.9609375,68361.6328125
1771211520,68403.8046875,68408.953125,68378.40625,68378.40625
1771211700,68376.953125,68376.953125,68342.03125,68342.03125
1771211880,68332.8125,68362.3515625,68332.8125,68360.3359375
1771212060,68335.15625,68335.15625,68280.8125,68280.8125
1771212240,68261.4453125,68268.515625,68250.84375,68250.84375
1771212420,68156.3515625,68190.09375,68146.8828125,68190.09375
1771212600,68158.5625,68188.3046875,68138.46875,68138.46875
1771212780,68147.4765625,68168.65625,68147.4765625,68168.65625
1771212960,68188.09375,68192.7734375,68188.09375,68192.7734375
1771213140,68189.9140625,68241.7421875,68189.9140625,68241.7421875
1771213320,68239.828125,68266.359375,68239.828125,68266.359375
1771213500,68323.515625,68323.515625,68304.3203125,68304.3203125
1771213680,68332.0234375,68355.7109375,68332.0234375,68355.7109375
1771213860,68365.671875,68397.265625,68365.671875,68391.421875
1771214040,68409.5390625,68409.5390625,68380.7734375,68387.7578125
1771214220,68374.7734375,68382.5234375,68374.7734375,68382.5234375
1771214400,68388.3828125,68447.125,68388.3828125,68447.125
1771214580,68474.453125,68481.9609375,68474.453125,68481.9609375
1771214760,68512.5,68545.71875,68512.5,68538.5234375
1771214940,68554.3984375,68595.921875,68554.3984375,68585.0390625
1771215120,68601.53125,68605.90625,68601.53125,68602.875
1771215300,68611.078125,68624.953125,68611.078125,68617.59375
1771215480,68625.546875,68709.1875,68625.546875,68709.1875
1771215660,68709.0703125,68724.71875,68709.0703125,68724.203125
1771215840,68741.3125,68742.53125,68728.9765625,68728.9765625
1771216020,68748.890625,68748.890625,68744.296875,68744.296875
1771216200,68741.1484375,68758.4140625,68741.1484375,68745.6015625
1771216380,68749.0546875,68749.0546875,68678.09375,68678.09375
1771216560,68685.5859375,68696.4765625,68671.359375,68696.4765625
1771216740,68674.84375,68700.546875,68674.84375,68685.3125
1771216920,68685.390625,68685.390625,68667.3203125,68667.3203125
1771217100,68660.3359375,68684.0546875,68660.3359375,68682.5234375
1771217280,68686.7265625,68710.09375,68686.7265625,68710.09375
1771217460,68712.6875,68816.9296875,68712.6875,68816.9296875
1771217640,68811.4765625,68846.7578125,68811.4765625,68846.7578125
1771217820,68845.3046875,68845.3046875,68832.5703125,68832.8984375
1771218000,68839.875,68839.875,68817.3359375,68817.3359375
1771218180,68722.140625,68722.140625,68630.296875,68630.296875
1771218360,68627.9140625,68627.9140625,68615.9609375,68619.984375
1771218540,68629.9765625,68647.75,68629.9765625,68647.75
1771218720,68576.171875,68576.171875,68517.96875,68521.59375
1771218900,68470.9921875,68470.9921875,68467.5703125,68467.703125
1771219080,68466.4296875,68483.359375,68466.4296875,68483.359375
1771219260,68483.109375,68483.109375,68454.921875,68454.921875
1771219440,68434.3671875,68434.3671875,68361.7734375,68383.59375
1771219620,68366.6171875,68393.3359375,68366.6171875,68393.3359375
1771219800,68405.546875,68442.109375,68405.546875,68428.5625
1771219980,68408.6640625,68443.0,68408.6640625,68410.7734375
1771220160,68413.6015625,68413.6015625,68306.7734375,68306.7734375
1771220340,68305.1015625,68305.1015625,68286.5546875,68302.34375
1771220520,68302.34375,68302.34375,68286.6484375,68286.6484375
1771220700,68304.953125,68325.3828125,68304.953125,68309.59375
1771220880,68323.6484375,68343.828125,68323.6484375,68343.828125
1771221060,68359.1875,68359.1875,68348.7421875,68348.7421875
1771221240,68365.234375,68390.5234375,68365.234375,68390.5234375
1771221420,68380.6640625,68380.6640625,68370.9921875,68370.9921875
1771221600,68361.171875,68362.875,68343.6015625,68362.875
1771221780,68370.421875,68395.3203125,68370.421875,68395.3203125
1771221960,68392.8203125,68392.8203125,68377.21875,68378.90625
1771222140,68355.140625,68360.15625,68355.140625,68360.15625
1771222320,68358.1171875,68358.1171875,68351.3125,68351.3125
1771222500,68340.40625,68346.7265625,68340.40625,68346.7265625
1771222680,68329.328125,68329.328125,68292.7734375,68292.7734375
1771222860,68253.8828125,68277.2734375,68225.84375,68277.2734375
1771223040,68282.109375,68282.109375,68242.6328125,68242.6328125
1771223220,68261.0078125,68286.15625,68261.0078125,68286.15625
1771223400,68310.1171875,68459.59375,68310.1171875,68459.59375
1771223580,68480.8828125,68480.8828125,68447.515625,68447.515625
1771223760,68455.3125,68455.3125,68451.3046875,68451.3046875
1771223940,68443.390625,68445.640625,68439.5546875,68439.5546875
1771224120,68428.84375,68433.2578125,68428.84375,68431.7421875
1771224300,68438.8828125,68438.8828125,68433.96875,68433.96875
1771224480,68393.8203125,68393.8203125,68358.390625,68358.390625
1771224660,68363.3125,68411.3984375,68363.3125,68411.3984375
1771224840,68391.421875,68405.0625,68391.34375,68405.0625
1771225020,68406.421875,68429.5703125,68406.421875,68420.9296875
1771225200,68422.0,68422.0,68403.453125,68403.453125
1771225380,68357.75,68399.328125,68357.75,68399.328125
1771225560,68489.0703125,68489.0703125,68447.484375,68481.8125
1771225740,68505.2890625,68505.2890625,68458.2890625,68458.2890625
1771225920,68473.9609375,68575.640625,68473.9609375,68575.640625
1771226100,68569.0390625,68569.0390625,68548.9375,68558.265625
1771226280,68561.5,68561.5,68553.15625,68553.15625
1771226460,68538.1640625,68538.1640625,68511.375,68521.21875
1771226640,68531.2421875,68637.3359375,68531.2421875,68637.3359375
1771226820,68635.3671875,68635.3671875,68577.203125,68577.203125
1771227000,68539.640625,68539.640625,68490.15625,68501.390625
1771227180,68529.9609375,68561.0859375,68529.9609375,68560.328125
1771227360,68590.2265625,68598.3515625,68590.2265625,68591.5390625
1771227540,68597.890625,68597.890625,68441.1796875,68441.1796875
1771227720,68419.96875,68451.625,68419.96875,68451.625
1771227900,68459.78125,68494.0390625,68459.78125,68492.1796875
1771228080,68502.6015625,68553.59375,68502.6015625,68553.59375
1771228260,68527.84375,68568.5,68527.84375,68568.5
1771228440,68541.2421875,68541.2421875,68515.3984375,68515.3984375
1771228620,68510.59375,68540.9375,68510.59375,68540.9375
1771228800,68546.1484375,68583.109375,68546.1484375,68583.109375
1771228980,68564.8203125,68601.0234375,68564.8203125,68601.0234375
1771229160,68634.8359375,68634.8359375,68629.53125,68630.1328125
1771229340,68609.3125,68609.3125,68604.6015625,68604.6015625
1771229520,68576.875,68576.875,68540.9609375,68540.9609375
1771229700,68529.75,68538.09375,68523.09375,68538.09375
1771229880,68550.5078125,68619.3203125,68550.5078125,68619.3203125
1771230060,68653.625,68688.390625,68653.625,68688.390625
1771230240,68665.2734375,68689.1171875,68665.2734375,68689.1171875
1771230420,68694.2265625,68702.0546875,68694.2265625,68700.6328125
1771230600,68692.5546875,68704.296875,68667.2578125,68667.2578125
1771230780,68669.4296875,68669.4296875,68660.0546875,68662.96875
1771230960,68632.4140625,68672.2421875,68630.734375,68672.2421875
1771231140,68712.046875,68712.046875,68698.0625,68699.9296875
1771231320,68694.2890625,68705.78125,68693.09375,68705.78125
1771231500,68722.1953125,68730.25,68700.015625,68700.015625
1771231680,68718.40625,68718.40625,68705.84375,68705.84375
1771231860,68648.2109375,68698.1796875,68648.2109375,68698.1796875
1771232040,68695.9609375,68742.2734375,68695.9609375,68742.2734375
1771232220,68731.09375,68737.7421875,68716.8046875,68737.7421875
1771232400,68736.5859375,68736.5859375,68723.8203125,68723.8203125
1771232580,68821.1171875,68914.5546875,68819.734375,68914.5546875
1771232760,68887.0234375,68887.21875,68786.4765625,68786.4765625
1771232940,68834.9453125,68834.9453125,68828.7890625,68828.7890625
1771233120,68818.4375,68850.203125,68818.4375,68846.2421875
1771233300,68856.046875,68856.046875,68818.0390625,68818.0390625
1771233480,68809.8125,68809.8125,68787.9140625,68787.9140625
1771233660,68801.859375,68810.78125,68801.859375,68808.3984375
1771233840,68798.5546875,68900.6015625,68798.5546875,68900.6015625
1771234020,68886.75,68902.3984375,68878.859375,68902.3984375
1771234200,68909.3203125,68909.3203125,68853.484375,68853.484375
1771234380,68876.4609375,68957.890625,68876.4609375,68957.890625
1771234560,68961.7890625,68981.7734375,68961.7890625,68965.4140625
1771234740,68975.03125,69019.5703125,68975.03125,69009.3203125
1771234920,68993.328125,68993.328125,68969.171875,68969.171875
1771235100,68982.6796875,68989.8046875,68968.65625,68989.8046875
1771235280,68944.2890625,68944.2890625,68923.828125,68943.1640625
1771235460,68962.1171875,68989.53125,68962.1171875,68989.53125
1771235640,68962.421875,68971.640625,68959.6796875,68971.640625
1771235820,68983.1796875,68983.1796875,68958.3671875,68958.3671875
1771236000,68957.2265625,68957.2265625,68923.0390625,68923.0390625
1771236180,68900.40625,68900.40625,68897.3828125,68897.3828125
1771236360,68895.453125,68895.453125,68865.8203125,68865.8203125
1771236540,68875.5859375,68926.1953125,68875.5859375,68921.5234375
1771236720,68916.4140625,68916.4140625,68901.5390625,68906.125
1771236900,68915.0390625,68915.0390625,68895.6875,68905.734375
1771237080,68894.78125,68894.78125,68877.4609375,68877.4609375
1771237260,68885.625,68885.625,68772.65625,68772.65625
1771237440,68772.65625,68772.65625,68740.859375,68744.8984375
1771237620,68696.9921875,68741.6875,68696.9921875,68741.6875
1771237800,68750.7578125,68782.4375,68750.7578125,68782.4375
1771237980,68758.7734375,68850.6640625,68758.7734375,68850.6640625
1771238160,68847.390625,68890.15625,68847.390625,68890.15625
1771238340,68881.2890625,68881.2890625,68724.65625,68724.65625
1771238520,68720.3046875,68754.5546875,68720.3046875,68754.5546875
1771238700,68754.2421875,68756.9296875,68749.6328125,68749.6328125
1771238880,68763.59375,68788.953125,68763.59375,68788.953125
1771239060,68798.1484375,68798.1484375,68794.515625,68794.515625
1771239240,68782.8671875,68787.703125,68782.8671875,68787.703125
1771239420,68787.390625,68787.390625,68774.8515625,68774.8515625
1771239600,68761.6796875,68762.5390625,68757.015625,68757.015625
1771239780,68754.3828125,68780.921875,68754.3828125,68771.9140625
1771239960,68813.3203125,68813.3203125,68801.8359375,68810.3203125
1771240140,68793.90625,68793.90625,68555.4453125,68555.4453125
1771240320,68495.453125,68508.6328125,68495.453125,68508.6328125
1771240500,68495.140625,68497.53125,68490.640625,68490.640625
1771240680,68495.375,68557.21875,68495.375,68557.21875
1771240860,68553.2578125,68553.2578125,68334.484375,68334.484375
1771241040,68392.171875,68425.9609375,68389.2265625,68425.9609375
1771241220,68458.9921875,68604.7109375,68458.9921875,68604.7109375
1771241400,68654.2890625,68671.15625,68654.2890625,68671.15625
1771241580,68626.9140625,68626.9140625,68618.5234375,68618.5234375
1771241760,68623.7109375,68623.7109375,68607.5859375,68614.03125
1771241940,68617.265625,68617.265625,68601.8671875,68601.8671875
1771242120,68573.8828125,68573.8828125,68537.84375,68537.84375
1771242300,68552.0625,68577.453125,68552.0625,68577.453125
1771242480,68641.4296875,68641.4296875,68626.625,68626.625
1771242660,68607.71875,68699.9296875,68605.9375,68699.9296875
1771242840,68707.8515625,68858.4609375,68707.8515625,68858.4609375
1771243020,68820.53125,68831.296875,68820.53125,68831.296875
1771243200,68821.171875,68842.2421875,68813.25,68813.25
1771243380,68823.1875,68901.609375,68823.1875,68901.609375
1771243560,68882.5234375,68882.5234375,68862.6015625,68879.0703125
1771243740,68935.765625,68943.578125,68935.765625,68943.578125
1771243920,68915.0546875,68915.0546875,68871.8046875,68871.8046875
1771244100,68871.25,68882.875,68870.65625,68882.875
1771244280,68797.5546875,68797.625,68797.5546875,68797.625
1771244460,68817.1875,68877.515625,68781.7109375,68877.515625
1771244640,68844.703125,68926.8515625,68844.703125,68926.8515625
1771244820,69419.2265625,69518.40625,69419.2265625,69518.40625
1771245000,69481.6328125,69481.6328125,69315.8203125,69329.6484375
1771245180,69323.40625,69415.21875,69323.40625,69415.21875
1771245360,69362.625,69362.625,69312.4921875,69352.1875
1771245540,69392.0234375,69493.0546875,69392.0234375,69422.453125
1771245720,69318.6484375,69375.015625,69318.6484375,69375.015625
1771245900,69379.3046875,69388.21875,69365.984375,69365.984375
1771246080,69357.3125,69473.7890625,69357.3125,69473.7890625
1771246260,69540.0546875,69670.8046875,69540.0546875,69670.8046875
1771246440,69706.0703125,69706.0703125,69685.515625,69701.796875
1771246620,69762.0859375,69762.0859375,69743.796875,69743.796875
1771246800,69723.6796875,69846.96875,69649.078125,69846.96875
1771246980,69978.2578125,70006.734375,69903.46875,69903.46875
1771247160,69956.6796875,70001.984375,69797.40625,69797.40625
1771247340,69750.4609375,69750.4609375,69665.296875,69665.296875
1771247520,69624.1875,69670.25,69603.84375,69603.84375
1771247700,69619.5546875,69681.4921875,69619.5546875,69681.4921875
1771247880,69705.96875,69705.96875,69601.78125,69601.78125
1771248060,69395.515625,69412.09375,69347.7734375,69412.09375
1771248240,69387.6484375,69387.6484375,69077.1796875,69077.1796875
1771248420,68929.453125,68929.453125,68550.921875,68550.921875
1771248600,68783.1875,68783.1875,68783.1875,68783.1875
1771248780,68826.4609375,68826.4609375,68702.5625,68702.5625
1771248960,68633.9375,68633.9375,68510.4140625,68510.4140625
1771249140,68363.78125,68430.7109375,68325.2890625,68430.7109375
1771249320,68406.421875,68406.421875,68379.71875,68379.71875
1771249500,68410.7421875,68434.828125,68402.625,68434.828125
1771249680,68363.0234375,68363.0234375,68327.6640625,68343.796875
1771249860,68326.6328125,68326.6328125,68229.5,68242.6171875
1771250040,68272.2109375,68278.9375,68238.453125,68278.9375
1771250220,68302.640625,68380.53125,68302.640625,68380.53125
1771250400,68369.28125,68369.28125,68350.9609375,68350.9609375
1771250580,68305.5859375,68343.0859375,68296.9375,68343.0859375
1771250760,68424.234375,68490.0703125,68424.234375,68490.0703125
1771250940,68475.984375,68475.984375,68277.0078125,68277.0078125
1771251120,68305.6640625,68394.703125,68305.6640625,68394.703125
1771251300,68373.125,68485.2421875,68373.125,68485.2421875
1771251480,68394.453125,68447.953125,68394.453125,68447.953125
1771251660,68498.75,68587.7890625,68495.6484375,68587.7890625
1771251840,68561.203125,68599.046875,68546.5078125,68546.5078125
1771252020,68412.9140625,68412.9140625,68310.8046875,68310.8046875
1771252200,68292.7421875,68426.5859375,68292.7421875,68426.5859375
1771252380,68486.5078125,68486.5078125,68440.28125,68445.1328125
1771252560,68471.796875,68547.859375,68409.9765625,68547.859375
1771252740,68512.9765625,68512.9765625,68480.2734375,68509.875
1771252920,68479.0859375,68479.0859375,68451.7421875,68451.7421875
1771253100,68473.6875,68473.6875,68389.6875,68389.6875
1771253280,68472.3984375,68547.546875,68472.3984375,68547.546875
1771253460,68577.1171875,68577.1171875,68390.3515625,68390.3515625
1771253640,68291.1875,68314.7265625,68291.1875,68314.7265625
1771253820,68330.2578125,68421.921875,68330.2578125,68421.921875
1771254000,68382.15625,68484.90625,68382.15625,68484.90625
1771254180,68503.9609375,68503.9609375,68486.8046875,68486.8046875
1771254360,68472.25,68529.1640625,68472.25,68529.1640625
1771254540,68529.5078125,68529.5078125,68497.40625,68497.40625
1771254720,68498.546875,68498.546875,68435.4453125,68435.4453125
1771254900,68325.390625,68325.390625,68301.21875,68316.7109375
1771255080,68292.8359375,68337.1171875,68290.6640625,68290.6640625
1771255260,68305.2265625,68347.0703125,68305.2265625,68318.2734375
1771255440,68331.890625,68331.890625,68281.359375,68281.359375
1771255620,68247.5390625,68344.109375,68247.5390625,68267.7734375
1771255800,68247.828125,68247.828125,67693.2890625,67693.2890625
1771255980,67457.6015625,67483.3125,67437.546875,67437.546875
1771256160,67436.4609375,67436.4609375,67410.5859375,67422.5078125
1771256340,67370.59375,67392.5078125,67370.59375,67392.5078125
1771256520,67316.984375,67434.40625,67316.984375,67434.40625
1771256700,67416.140625,67416.140625,67386.640625,67409.2265625
1771256880,67498.8125,67498.8125,67454.8203125,67454.8203125
1771257060,67488.078125,67660.71875,67488.078125,67660.71875
1771257240,67562.0859375,67621.828125,67562.0859375,67621.828125
1771257420,67540.390625,67540.390625,67499.9140625,67508.296875
1771257600,67497.1796875,67532.1328125,67497.1796875,67512.421875
1771257780,67590.3203125,67629.453125,67537.703125,67629.453125
1771257960,67755.484375,67756.8125,67692.71875,67692.71875
1771258140,67671.5234375,67696.2578125,67671.5234375,67696.2578125
1771258320,67703.625,67703.625,67666.953125,67668.6640625
1771258500,67677.3359375,67694.2109375,67652.53125,67652.53125
1771258680,67641.8046875,67641.8046875,67602.234375,67602.234375
1771258860,67595.1953125,67613.171875,67578.9140625,67613.171875
1771259040,67713.71875,67713.71875,67648.2109375,67648.2109375
1771259220,67698.578125,67751.78125,67698.578125,67751.78125
1771259400,67741.25,67741.25,67697.984375,67697.984375
1771259580,67690.015625,67690.015625,67642.5703125,67644.5859375
1771259760,67641.921875,67651.1015625,67640.3515625,67651.1015625
1771259940,67649.4140625,67649.4140625,67629.5,67630.765625
1771260120,67748.6640625,67757.1171875,67744.359375,67744.359375
1771260300,67790.40625,67854.4921875,67790.40625,67854.4921875
1771260480,67866.3046875,67899.6171875,67864.9453125,67899.6171875
1771260660,67884.5,67884.5,67884.5,67884.5
1771260840,67826.140625,67826.140625,67814.5,67814.5
1771261020,67789.3125,67837.59375,67789.3125,67837.59375
1771261200,67850.5390625,67909.3046875,67850.5390625,67909.3046875
1771261380,67894.96875,67894.96875,67881.3828125,67881.3828125
1771261560,67912.34375,67912.34375,67845.4296875,67845.4296875
1771261740,67795.0625,67795.0625,67713.640625,67713.640625
1771261920,67685.40625,67759.21875,67685.40625,67759.21875
1771262100,67715.90625,67715.90625,67598.015625,67598.015625
1771262280,67593.7421875,67641.859375,67593.7421875,67641.859375
1771262460,67667.3828125,67803.0390625,67667.3828125,67803.0390625
1771262640,67791.640625,67825.6015625,67791.640625,67825.6015625
1771262820,67834.28125,67929.5703125,67834.28125,67929.5703125
1771263000,67908.9609375,67984.703125,67890.625,67984.703125
1771263180,67963.2734375,68013.7734375,67963.2734375,68013.7734375
1771263360,67974.046875,67987.1015625,67974.046875,67984.1015625
1771263540,67993.125,68002.6484375,67986.578125,67986.578125
1771263720,67998.5390625,67998.5390625,67990.3515625,67990.3515625
1771263900,67987.5234375,67987.5234375,67900.3203125,67900.3203125
1771264080,67907.0,67931.015625,67907.0,67931.015625
1771264260,67908.7890625,67908.7890625,67889.25,67889.25
1771264440,67899.9140625,67930.1171875,67899.9140625,67930.1171875
1771264620,67960.4375,67960.4375,67912.25,67921.6953125
1771264800,67919.3203125,67921.421875,67911.0625,67911.0625
1771264980,67981.125,67983.96875,67971.4765625,67983.96875
1771265160,67983.796875,68032.6328125,67983.796875,68032.6328125
1771265340,68049.6015625,68103.2421875,68049.6015625,68103.2421875
1771265520,68081.9140625,68081.9140625,68076.125,68076.125
1771265700,68067.6171875,68076.46875,68067.6171875,68074.5390625
1771265880,68097.4921875,68120.5703125,68094.515625,68094.515625
1771266060,68095.6171875,68177.53125,68095.6171875,68155.703125
1771266240,68137.1171875,68154.75,68137.1171875,68154.75
1771266420,68192.6328125,68192.6328125,68066.6796875,68066.6796875
1771266600,68068.125,68072.328125,68063.6328125,68072.328125
1771266780,68074.546875,68076.2578125,68073.8984375,68073.8984375
1771266960,68046.2265625,68046.2265625,67954.296875,67954.296875
1771267140,67945.359375,67979.0234375,67945.359375,67979.0234375
1771267320,68001.9609375,68001.9609375,67970.90625,67970.90625
1771267500,67985.7890625,67989.703125,67963.171875,67989.703125
1771267680,67933.0234375,67933.0234375,67873.6796875,67873.6796875
1771267860,67913.40625,67971.0,67899.0390625,67971.0
1771268040,67941.75,67946.296875,67920.84375,67920.84375
1771268220,67820.078125,67831.421875,67820.078125,67831.421875
1771268400,67831.625,67889.4921875,67831.625,67889.4921875
1771268580,67887.8984375,67887.8984375,67849.53125,67849.53125
1771268760,67865.234375,67888.21875,67865.234375,67888.21875
1771268940,67918.4453125,67918.4453125,67917.859375,67917.859375
1771269120,67918.7734375,67918.7734375,67910.734375,67913.9921875
1771269300,67941.09375,67945.46875,67937.859375,67937.859375
1771269480,67903.453125,67903.453125,67879.5,67879.5
1771269660,67796.6484375,67849.265625,67796.6484375,67849.265625
1771269840,67893.5625,67989.3359375,67893.5625,67989.3359375
1771270020,68004.1875,68004.1875,67973.015625,67973.015625
1771270200,67968.7578125,67968.7578125,67959.3515625,67964.4140625
1771270380,67968.1015625,67977.4140625,67968.1015625,67977.4140625
1771270560,68005.296875,68025.015625,68005.296875,68025.015625
1771270740,68060.3828125,68060.3828125,68030.6484375,68034.25
1771270920,68030.328125,68037.1484375,68019.53125,68037.1484375
1771271100,68064.5859375,68064.5859375,67976.7734375,67976.7734375
1771271280,67972.6328125,67989.0703125,67966.296875,67966.296875
1771271460,67955.0859375,67955.0859375,67935.9453125,67935.9453125
1771271640,67932.7578125,67941.828125,67932.7578125,67938.34375
1771271820,67944.125,67944.125,67921.140625,67921.140625
1771272000,67890.890625,67890.890625,67866.6875,67867.796875
1771272180,67892.1328125,67906.4375,67892.1328125,67906.4375
1771272360,67896.4453125,67896.4453125,67825.578125,67846.671875
1771272540,67882.1015625,67882.1015625,67868.7578125,67875.046875
1771272720,67870.8046875,67870.8046875,67857.328125,67862.921875
1771272900,67869.765625,68026.0078125,67869.765625,68026.0078125
1771273080,68004.3125,68004.3125,67952.5703125,67952.5703125
1771273260,67956.2109375,67972.890625,67956.2109375,67972.890625
1771273440,68018.78125,68046.1171875,68018.78125,68046.1171875
1771273620,68096.125,68175.421875,68096.125,68138.4453125
1771273800,68189.2109375,68189.2109375,68164.1484375,68164.1484375
1771273980,68145.8671875,68187.65625,68145.8671875,68187.65625
1771274160,68171.46875,68171.46875,68138.1328125,68138.1328125
1771274340,68091.3046875,68094.03125,68077.6953125,68077.6953125
1771274520,68181.9453125,68227.5546875,68181.9453125,68215.8359375
1771274700,68200.9765625,68217.140625,68198.28125,68198.28125
1771274880,68193.9765625,68193.9765625,68178.6484375,68178.6484375
1771275060,68205.0546875,68410.8203125,68205.0546875,68410.8203125
1771275240,68412.2109375,68412.2109375,68376.1328125,68381.6640625
1771275420,68374.1015625,68436.703125,68374.1015625,68436.703125
1771275600,68491.7734375,68491.7734375,68459.96875,68459.96875
1771275780,68423.5859375,68423.5859375,68414.4609375,68414.4609375
1771275960,68426.765625,68448.171875,68426.765625,68448.171875
1771276140,68492.34375,68507.265625,68476.5390625,68476.5390625
1771276320,68469.1796875,68489.03125,68469.1796875,68473.9921875
1771276500,68524.0234375,68557.3671875,68524.0234375,68557.3671875
1771276680,68584.7890625,68584.7890625,68516.9609375,68516.9609375
1771276860,68496.046875,68548.71875,68496.046875,68548.71875
1771277040,68552.484375,68552.484375,68479.2109375,68479.2109375
1771277220,68473.6640625,68473.6640625,68469.71875,68469.71875
1771277400,68464.2578125,68531.125,68464.2578125,68531.125
1771277580,68504.6875,68504.6875,68466.484375,68466.484375
1771277760,68475.421875,68475.421875,68445.34375,68445.34375
1771277940,68452.6484375,68498.4296875,68452.6484375,68488.1015625
1771278120,68507.625,68517.5625,68483.265625,68517.5625
1771278300,68474.3046875,68474.3046875,68454.0234375,68465.375
1771278480,68483.7265625,68499.9921875,68483.7265625,68499.9921875
1771278660,68506.2578125,68506.2578125,68464.109375,68464.109375
1771278840,68476.0390625,68488.8828125,68476.0390625,68488.8828125
1771279020,68500.8671875,68879.1171875,68500.8671875,68879.1171875
1771279200,68840.578125,68840.578125,68785.5390625,68813.8671875
1771279380,68830.921875,68830.921875,68757.7421875,68757.7421875
1771279560,68758.4765625,68758.4765625,68678.46875,68678.46875
1771279740,68695.2890625,68773.09375,68695.2890625,68773.09375
1771279920,68777.3125,68788.0546875,68712.828125,68712.828125
1771280100,68720.4609375,68763.5703125,68720.4609375,68763.5703125
1771280280,68714.375,68737.8515625,68714.375,68737.8515625
1771280460,68765.0625,68765.0625,68717.4296875,68717.4296875
1771280640,68708.0703125,68708.0703125,68629.21875,68629.21875
1771280820,68617.8359375,68621.2890625,68613.9609375,68621.2890625
1771281000,68567.0859375,68567.0859375,68509.984375,68509.984375
1771281180,68565.9921875,68664.421875,68565.9921875,68664.421875
1771281360,68691.0625,68691.0625,68644.03125,68644.03125
1771281540,68690.484375,68690.484375,68603.9453125,68603.9453125
1771281720,68620.1953125,68620.1953125,68585.375,68585.375
1771281900,68574.7734375,68574.7734375,68536.4296875,68536.4296875
1771282080,68531.515625,68611.921875,68531.515625,68611.921875
1771282260,68610.15625,68610.15625,68531.359375,68531.359375
1771282440,68548.9765625,68599.2109375,68548.9765625,68599.2109375
1771282620,68609.2421875,68609.2421875,68597.7734375,68604.1953125
1771282800,68568.6328125,68585.3671875,68568.6328125,68585.3671875
1771282980,68518.1796875,68636.765625,68518.1796875,68636.765625
1771283160,68660.8515625,68697.5703125,68624.0625,68697.5703125
1771283340,68704.2265625,68704.2265625,68663.90625,68663.90625
1771283520,68677.5390625,68708.25,68677.5390625,68708.25
1771283700,68695.359375,68762.765625,68695.359375,68720.0625
1771283880,68691.8671875,68693.328125,68673.6484375,68693.328125
1771284060,68689.8828125,68705.234375,68689.8828125,68705.234375
1771284240,68684.40625,68705.03125,68684.40625,68686.9453125
1771284420,68684.2578125,68684.2578125,68616.734375,68616.734375
1771284600,68615.015625,68652.7265625,68615.015625,68652.7265625
1771284780,68666.1328125,68670.125,68637.078125,68637.078125
1771284960,68630.625,68630.625,68603.234375,68617.75
1771285140,68643.5625,68661.6015625,68643.5625,68654.390625
1771285320,68694.6015625,68695.0625,68682.6953125,68695.0625
1771285500,68677.109375,68697.53125,68677.109375,68697.53125
1771285680,68795.4453125,68840.3984375,68795.4453125,68840.3984375
1771285860,68839.515625,68880.15625,68839.515625,68878.3984375
1771286040,68901.3828125,68941.3984375,68885.140625,68885.140625
1771286220,68826.359375,68851.21875,68826.359375,68851.21875
1771286400,68852.828125,68852.828125,68817.234375,68817.234375
1771286580,68855.2421875,68855.2421875,68790.53125,68790.53125
1771286760,68777.5078125,68777.5078125,68749.609375,68750.2109375
1771286940,68786.3125,68798.234375,68786.3125,68789.640625
1771287120,68792.4296875,68801.3671875,68792.4296875,68801.3671875
1771287300,68823.96875,68829.6796875,68820.3203125,68829.6796875
1771287480,68720.28125,68720.28125,68677.4296875,68701.375
1771287660,68705.3984375,68722.2578125,68705.3984375,68716.96875
1771287840,68749.9609375,68757.7265625,68747.3984375,68747.3984375
1771288020,68759.4765625,68888.171875,68759.4765625,68888.171875
1771288200,68878.21875,68878.21875,68855.6171875,68855.6171875
1771288380,68830.3359375,68864.765625,68830.3359375,68864.765625
1771288560,68851.484375,68871.9453125,68851.484375,68871.9453125
1771288740,68874.21875,68917.6015625,68874.21875,68917.6015625
1771288920,68913.8125,68913.8125,68838.2421875,68838.2421875
1771289100,68832.6015625,68863.2265625,68832.6015625,68857.390625
1771289280,68866.703125,68988.8203125,68866.703125,68988.8203125
1771289460,68989.796875,68991.9921875,68978.015625,68991.9921875
1771289640,68956.3828125,68956.3828125,68859.9453125,68859.9453125
1771289820,68842.0078125,68846.25,68819.28125,68846.25
1771290000,68841.4765625,68910.8203125,68841.4765625,68910.8203125
1771290180,68885.7734375,68885.7734375,68791.96875,68791.96875
1771290360,68783.5390625,68784.5859375,68770.1171875,68784.5859375
1771290540,68819.0703125,68939.9609375,68819.0703125,68939.9609375
1771290720,68928.3125,68928.3125,68859.4296875,68859.4296875
1771290900,68871.09375,68889.4140625,68838.5078125,68838.5078125
1771291080,68812.6796875,68873.6015625,68812.6796875,68873.6015625
1771291260,68892.1640625,68918.6640625,68886.5390625,68918.6640625
1771291440,68901.9453125,68914.6640625,68901.9453125,68914.6640625
1771291620,68893.34375,68893.34375,68845.6171875,68845.9609375
1771291800,68849.3203125,68849.3203125,68818.515625,68845.2578125
1771291980,68849.4375,68937.8359375,68849.4375,68937.8359375
1771292160,68931.46875,68931.46875,68901.3828125,68901.3828125
1771292340,68918.109375,68941.2578125,68918.109375,68941.2578125
1771292520,68907.703125,68907.703125,68854.25,68854.25
1771292700,68862.25,68862.25,68830.65625,68830.65625
1771292880,68831.6171875,68850.9296875,68801.7109375,68801.7109375
1771293060,68791.296875,68791.296875,68699.421875,68699.421875
1771293240,68606.8671875,68615.7734375,68606.8671875,68612.9375
1771293420,68568.5625,68606.765625,68568.5625,68606.765625
1771293600,68586.609375,68587.4140625,68582.6484375,68582.6484375
1771293780,68472.3125,68499.5390625,68391.234375,68499.5390625
1771293960,68504.125,68649.2578125,68504.125,68649.2578125
1771294140,68701.2578125,68897.7109375,68701.2578125,68897.7109375
1771294320,68945.109375,69201.8671875,68945.109375,69041.53125
1771294500,69061.3046875,69137.5078125,69061.3046875,69093.3828125
1771294680,69043.921875,69043.921875,68984.7578125,68984.7578125
1771294860,68986.453125,69017.421875,68986.453125,69017.421875
1771295040,69014.5625,69058.421875,69014.5625,69023.7109375
1771295220,69035.03125,69035.03125,69009.7265625,69020.3515625
1771295400,69003.109375,69019.8046875,68949.3125,68949.3125
1771295580,68983.84375,69001.6171875,68983.84375,68992.0078125
1771295760,68983.453125,68983.453125,68922.7421875,68922.7421875
1771295940,68912.6328125,68912.6328125,68880.859375,68907.1953125
1771296120,68925.5078125,68935.53125,68916.1328125,68916.1328125
1771296300,68932.546875,68932.546875,68932.4375,68932.4375
1771296480,68930.2890625,68936.0859375,68917.7109375,68936.0859375
1771296660,68961.515625,68986.03125,68961.515625,68986.03125
1771296840,68954.828125,68954.828125,68929.390625,68941.9375
1771297020,68970.6015625,68970.6015625,68926.2578125,68926.2578125
1771297200,68805.578125,68805.578125,68796.2734375,68796.2734375
1771297380,68771.234375,68771.234375,68641.6015625,68641.6015625
1771297560,68631.7890625,68653.125,68631.7890625,68637.3828125
1771297740,68639.6171875,68671.0234375,68639.6171875,68654.1484375
1771297920,68610.546875,68642.0546875,68610.546875,68642.0546875
1771298100,68649.5703125,68670.28125,68646.1328125,68670.28125
1771298280,68714.84375,68714.84375,68671.3359375,68671.3359375
1771298460,68684.9140625,68711.1015625,68682.203125,68682.203125
1771298640,68672.7265625,68672.7265625,68583.578125,68607.9140625
1771298820,68608.6875,68608.6875,68604.859375,68604.859375
1771299000,68622.6015625,68622.6015625,68541.296875,68541.296875
1771299180,68550.375,68591.328125,68550.375,68591.328125
1771299360,68566.2421875,68566.2421875,68488.8515625,68488.8515625
1771299540,68532.359375,68532.359375,68497.2890625,68497.2890625
1771299720,68504.421875,68544.5859375,68504.421875,68535.125
1771299900,68537.4921875,68551.953125,68515.34375,68515.34375
1771300080,68506.1875,68507.9921875,68485.1015625,68485.1015625
1771300260,68514.34375,68528.8359375,68514.34375,68516.6484375
1771300440,68535.796875,68535.796875,68519.53125,68519.53125
1771300620,68462.0703125,68462.9296875,68440.21875,68462.9296875
1771300800,68439.703125,68467.25,68439.5859375,68467.25
1771300980,68454.9375,68477.34375,68454.9375,68477.34375
1771301160,68476.453125,68476.453125,68378.6875,68378.6875
1771301340,68405.515625,68523.25,68405.515625,68523.25
1771301520,68564.6484375,68569.8515625,68540.5703125,68540.5703125
1771301700,68548.7265625,68548.7265625,68467.5625,68467.5625
1771301880,68457.4375,68526.515625,68457.4375,68526.515625
1771302060,68625.1015625,68625.1015625,68606.3359375,68606.3359375
1771302240,68628.390625,68648.921875,68620.1796875,68620.1796875
1771302420,68573.9765625,68573.9765625,68560.0390625,68560.0390625
1771302600,68563.9375,68563.9375,68407.296875,68407.296875
1771302780,68267.84375,68333.375,68267.84375,68333.375
1771302960,68377.828125,68377.828125,68357.5625,68361.6015625
1771303140,68380.6015625,68409.6328125,68380.6015625,68409.6328125
1771303320,68399.375,68399.375,68397.875,68398.6796875
1771303500,68393.4765625,68393.4765625,68386.5625,68386.5625
1771303680,68445.09375,68447.5859375,68444.4296875,68444.4296875
1771303860,68413.640625,68413.640625,68397.953125,68398.375
1771304040,68399.7265625,68399.7265625,68365.171875,68365.171875
1771304220,68370.6015625,68403.921875,68370.6015625,68403.921875
1771304400,68432.421875,68440.296875,68426.453125,68426.453125
1771304580,68461.109375,68461.109375,68455.8984375,68455.8984375
1771304760,68452.15625,68452.15625,68443.671875,68443.671875
1771304940,68397.5390625,68417.125,68368.6328125,68417.125
1771305120,68413.9140625,68413.9140625,68357.3359375,68357.3359375
1771305300,68329.203125,68329.203125,68267.703125,68267.703125
1771305480,68265.390625,68265.390625,68156.6328125,68156.6328125
1771305660,68126.1015625,68170.6015625,68126.1015625,68170.6015625
1771305840,67955.171875,67973.859375,67955.171875,67962.34375
1771306020,68004.28125,68038.4296875,68004.28125,68038.4296875
1771306200,68021.9609375,68030.875,68002.2265625,68002.2265625
1771306380,67948.2421875,67991.328125,67930.984375,67991.328125
1771306560,67903.1953125,67993.0078125,67903.1953125,67993.0078125
1771306740,68012.875,68021.8046875,68012.875,68021.8046875
1771306920,68136.9140625,68140.453125,68136.9140625,68139.046875
1771307100,68127.984375,68129.59375,68123.1328125,68123.1328125
1771307280,68112.78125,68173.3203125,68112.78125,68173.3203125
1771307460,68186.5078125,68186.5078125,68153.0546875,68183.65625
1771307640,68189.6875,68189.6875,68180.5078125,68180.5078125
1771307820,68208.0,68232.578125,68198.421875,68198.421875
1771308000,68203.0546875,68231.2890625,68203.0546875,68210.8515625
1771308180,68225.9140625,68225.9609375,68223.984375,68223.984375
1771308360,68252.53125,68300.0390625,68252.53125,68300.0390625
1771308540,68324.1015625,68367.0859375,68324.1015625,68367.0859375
1771308720,68385.859375,68385.859375,68356.9921875,68356.9921875
1771308900,68325.40625,68344.8046875,68325.40625,68344.8046875
1771309080,68348.859375,68348.859375,68326.5078125,68326.5078125
1771309260,68344.2578125,68344.2578125,68337.09375,68337.921875
1771309440,68328.9375,68328.9375,68319.078125,68319.078125
1771309620,68285.890625,68401.4921875,68285.890625,68401.4921875
1771309800,68414.734375,68414.734375,68376.9296875,68382.21875
1771309980,68387.875,68408.5859375,68382.0859375,68408.5859375
1771310160,68398.6015625,68398.6015625,68385.765625,68385.765625
1771310340,68402.9609375,68426.78125,68402.9609375,68426.78125
1771310520,68460.6796875,68460.6796875,68423.234375,68423.234375
1771310700,68428.1484375,68428.1484375,68409.15625,68409.15625
1771310880,68392.65625,68392.65625,68381.0546875,68381.0546875
1771311060,68382.9296875,68421.1328125,68382.9296875,68421.1328125
1771311240,68414.5390625,68414.5390625,68411.3828125,68411.3828125
1771311420,68401.125,68401.125,68386.9375,68386.9375
1771311600,68382.25,68382.25,68338.4609375,68338.4609375
1771311780,68349.5859375,68349.5859375,68342.6328125,68343.6953125
1771311960,68327.65625,68327.65625,68317.0,68318.8515625
1771312140,68300.8359375,68300.8359375,68271.4921875,68288.9609375
1771312320,68276.4296875,68297.046875,68276.4296875,68291.921875
1771312500,68289.7421875,68289.7421875,68276.53125,68289.3203125
1771312680,68340.140625,68340.140625,68280.9453125,68280.9453125
1771312860,68287.46875,68296.71875,68286.6328125,68296.71875
1771313040,68262.7734375,68268.8125,68257.3984375,68257.3984375
1771313220,68219.4765625,68219.4765625,68181.03125,68181.03125
1771313400,68172.984375,68185.46875,68154.484375,68154.484375
1771313580,68207.515625,68207.515625,68193.078125,68203.90625
1771313760,68202.3515625,68343.796875,68202.3515625,68343.796875
1771313940,68370.546875,68426.984375,68370.546875,68426.984375
1771314120,68418.8671875,68418.8671875,68400.0625,68400.0625
1771314300,68377.5234375,68377.5234375,68365.171875,68373.0546875
1771314480,68400.0625,68419.9765625,68393.1640625,68419.9765625
1771314660,68422.796875,68438.1953125,68415.4453125,68438.1953125
1771314840,68431.2890625,68431.2890625,68416.859375,68416.859375
1771315020,68415.2734375,68415.2734375,68365.078125,68365.078125
1771315200,68353.0390625,68417.7265625,68353.0390625,68417.7265625
1771315380,68401.75,68403.6015625,68396.0625,68396.0625
1771315560,68380.4296875,68380.4296875,68360.8515625,68360.8515625
1771315740,68436.59375,68436.59375,68384.1796875,68384.1796875
1771315920,68415.0625,68428.046875,68396.4765625,68396.4765625
1771316100,68362.421875,68362.421875,68314.90625,68314.90625
1771316280,68257.0234375,68263.25,68256.546875,68256.546875
1771316460,68260.9921875,68283.765625,68260.9921875,68283.765625
1771316640,68290.0546875,68290.0546875,68271.7734375,68271.7734375
1771316820,68257.8203125,68260.1875,68256.265625,68260.1875
1771317000,68269.5625,68298.46875,68269.5625,68298.46875
1771317180,68300.1875,68300.1875,68255.234375,68255.234375
1771317360,68245.984375,68245.984375,68118.203125,68139.640625
1771317540,68158.984375,68164.3515625,68151.59375,68151.59375
1771317720,68150.6640625,68151.1328125,68145.0078125,68151.1328125
1771317900,68151.1328125,68207.9453125,68151.1328125,68207.9453125
1771318080,68194.40625,68199.5703125,68194.375,68194.375
1771318260,68173.671875,68173.671875,68102.5625,68102.5625
1771318440,68106.890625,68119.84375,68106.890625,68119.84375
1771318620,68119.4921875,68135.6328125,68119.4921875,68135.6328125
1771318800,68142.8359375,68154.8359375,68142.8359375,68154.8359375
1771318980,68157.3359375,68252.6640625,68157.3359375,68252.6640625
1771319160,68243.6875,68251.828125,68238.2421875,68238.2421875
1771319340,68218.0078125,68218.0078125,68077.3515625,68077.3515625
1771319520,68041.703125,68076.359375,68041.703125,68076.359375
1771319700,68075.3046875,68108.2578125,68075.3046875,68108.2578125
1771319880,68058.546875,68058.546875,67997.5234375,67997.5234375
1771320060,68004.0703125,68030.6875,67969.421875,67969.421875
1771320240,67952.109375,68014.1015625,67952.109375,68014.1015625
1771320420,68008.15625,68008.15625,67985.3046875,67995.4921875
1771320600,67992.4765625,68031.7578125,67992.4765625,68031.7578125
1771320780,67994.8359375,68000.8984375,67994.8359375,67996.9140625
1771320960,68018.09375,68018.09375,67997.0078125,68003.6328125
1771321140,68002.15625,68002.15625,67968.5,67968.5
1771321320,67972.0546875,67997.390625,67972.0546875,67997.390625
1771321500,68044.25,68105.5390625,68044.25,68091.0703125
1771321680,68084.5234375,68084.5234375,68076.5703125,68076.5703125
1771321860,68061.8828125,68106.0390625,68061.8828125,68106.0390625
1771322040,68094.28125,68103.234375,68094.28125,68102.9921875
1771322220,68110.3671875,68110.3671875,68072.1484375,68072.1484375
1771322400,68083.03125,68089.9375,68083.03125,68089.9375
1771322580,68090.484375,68102.21875,68090.484375,68102.21875
1771322760,68096.625,68096.625,68086.21875,68091.671875
1771322940,68107.84375,68121.2109375,68107.84375,68121.2109375
1771323120,68127.3203125,68127.3203125,68055.0703125,68055.0703125
1771323300,68041.1171875,68041.1171875,67846.984375,67846.984375
1771323480,67836.765625,67836.765625,67814.859375,67814.859375
1771323660,67866.7890625,67907.4296875,67866.7890625,67907.4296875
1771323840,67897.1171875,67897.1171875,67882.5546875,67882.5546875
1771324020,67899.78125,67899.78125,67870.78125,67886.59375
1771324200,67880.953125,67880.953125,67880.953125,67880.953125
1771324380,67841.7578125,67862.4296875,67841.7578125,67862.4296875
1771324560,67761.4921875,67827.75,67761.4921875,67827.75
1771324740,67847.5546875,67847.5546875,67830.875,67830.875
1771324920,67793.6328125,67793.6328125,67769.3125,67769.3125
1771325100,67763.328125,67778.4921875,67763.328125,67778.4921875
1771325280,67790.3125,67791.0078125,67787.3515625,67787.3515625
1771325460,67713.6875,67741.7890625,67713.6875,67741.7890625
1771325640,67735.03125,67736.0390625,67735.03125,67736.0390625
1771325820,67788.1328125,67788.1328125,67775.8359375,67775.8359375
1771326000,67854.140625,67870.765625,67854.140625,67870.765625
1771326180,67830.515625,67830.515625,67787.734375,67787.734375
1771326360,67766.4296875,67785.7734375,67742.1484375,67742.1484375
1771326540,67717.6953125,67813.734375,67717.6953125,67813.734375
1771326720,67839.2734375,67856.8984375,67839.2734375,67856.8984375
1771326900,67848.3359375,67848.3359375,67840.953125,67840.953125
1771327080,67836.578125,67838.15625,67818.21875,67838.15625
1771327260,67847.8671875,67870.484375,67835.0234375,67835.0234375
1771327440,67843.640625,67843.640625,67731.3984375,67731.3984375
1771327620,67739.1015625,67772.4921875,67735.5625,67772.4921875
1771327800,67837.65625,67881.296875,67837.65625,67856.6171875
1771327980,67842.203125,67842.203125,67833.734375,67833.734375
1771328160,67781.0078125,67781.0078125,67744.7109375,67744.7109375
1771328340,67747.265625,67756.0390625,67741.9765625,67741.9765625
1771328520,67750.1796875,67750.1796875,67741.59375,67741.59375
1771328700,67703.9765625,67711.4921875,67687.7578125,67687.7578125
1771328880,67712.953125,67749.5703125,67706.609375,67749.5703125
1771329060,67761.40625,67779.6875,67760.9296875,67779.6875
1771329240,67781.390625,67837.453125,67781.390625,67837.453125
1771329420,67830.4140625,67850.34375,67828.8984375,67828.8984375
1771329600,67808.421875,67813.2109375,67802.8828125,67802.8828125
1771329780,67836.59375,67862.171875,67836.59375,67862.171875
1771329960,67892.3984375,68089.1171875,67892.3984375,68089.1171875
1771330140,68107.484375,68107.484375,68051.1484375,68051.1484375
1771330320,68062.6875,68074.6640625,68050.734375,68050.734375
1771330500,68036.0625,68036.0625,68003.0234375,68003.0234375
1771330680,68011.4375,68027.0859375,68011.4375,68027.0859375
1771330860,68058.7265625,68105.9609375,68058.7265625,68105.9609375
1771331040,68095.609375,68095.609375,68042.515625,68042.515625
1771331220,68045.2421875,68083.296875,68045.2421875,68083.296875
1771331400,68074.5546875,68083.6875,68074.5546875,68083.6875
1771331580,68092.109375,68092.109375,68079.8515625,68083.6640625
1771331760,68221.890625,68246.140625,68214.125,68246.140625
1771331940,68213.7890625,68213.7890625,68177.1328125,68177.1328125
1771332120,68175.0234375,68175.0234375,68162.3828125,68162.3828125
1771332300,68154.96875,68154.96875,68093.078125,68093.078125
1771332480,68074.0,68074.0,68053.46875,68053.46875
1771332660,68040.7734375,68040.7734375,67960.671875,67984.109375
1771332840,67993.2734375,68007.484375,67993.2734375,68007.484375
1771333020,67987.1015625,67987.1015625,67849.4296875,67849.4296875
1771333200,67873.8984375,67912.8828125,67871.0625,67871.0625
1771333380,67853.5078125,67853.5078125,67735.7734375,67735.7734375
1771333560,67748.125,67809.3125,67748.125,67809.3125
1771333740,67878.109375,67990.765625,67878.109375,67990.765625
1771333920,68030.875,68057.6015625,68026.421875,68057.6015625
1771334100,68063.1484375,68063.1484375,68015.8984375,68015.8984375
1771334280,67984.3125,67994.5234375,67984.3125,67994.5234375
1771334460,68020.125,68090.171875,68020.125,68090.171875
1771334640,68116.890625,68293.75,68116.890625,68255.0
1771334820,68212.6171875,68212.6171875,68102.828125,68102.828125
1771335000,68079.3671875,68079.3671875,67983.984375,67983.984375
1771335180,67969.5859375,67969.5859375,67949.5,67959.3359375
1771335360,67987.3359375,67993.6953125,67984.421875,67993.6953125
1771335540,68022.03125,68022.03125,67988.2890625,67988.2890625
1771335720,67944.453125,67985.796875,67944.453125,67985.796875
1771335900,67982.171875,67992.5625,67978.7109375,67978.7109375
1771336080,67991.3046875,67996.984375,67991.3046875,67996.984375
1771336260,68134.734375,68264.546875,68134.734375,68264.546875
1771336440,68173.375,68173.375,68140.9296875,68140.9296875
1771336620,68134.625,68141.8359375,68081.3984375,68081.3984375
1771336800,68094.296875,68108.8671875,68079.3671875,68108.8671875
1771336980,68044.625,68154.875,68044.625,68154.875
1771337160,68198.453125,68293.2734375,68198.453125,68201.7578125
1771337340,68177.7109375,68177.7109375,68131.46875,68131.46875
1771337520,68126.7734375,68126.7734375,68112.84375,68112.84375
1771337700,68087.6875,68114.4921875,68083.0,68114.4921875
1771337880,68116.7578125,68116.7578125,68099.8203125,68099.8203125
1771338060,68118.578125,68118.578125,68058.4609375,68058.4609375
1771338240,67981.640625,68000.71875,67981.640625,68000.71875
1771338420,68004.0703125,68048.0546875,68004.0703125,68048.0546875
1771338600,68000.09375,68188.734375,67933.5078125,68188.734375
1771338780,67940.2109375,68063.46875,67912.15625,68063.46875
1771338960,67982.0703125,67982.0703125,67964.3125,67964.3125
1771339140,67579.6171875,67592.265625,67364.703125,67364.703125
1771339320,67292.296875,67292.296875,67058.1171875,67058.1171875
1771339500,67039.265625,67039.265625,66861.5078125,66861.5078125
1771339680,66831.734375,67024.90625,66831.734375,67024.90625
1771339860,66863.3046875,66890.203125,66863.3046875,66890.203125
1771340040,66745.9296875,66832.7578125,66745.9296875,66820.0703125
1771340220,66952.703125,66952.703125,66883.875,66916.4609375
1771340400,66837.203125,67021.640625,66837.203125,67021.640625
1771340580,67010.5078125,67049.1640625,67010.5078125,67049.1640625
1771340760,66993.046875,66993.046875,66922.546875,66922.546875
1771340940,67054.7109375,67054.7109375,67011.53125,67011.53125
1771341120,66977.7265625,66977.7265625,66968.7109375,66968.7109375
1771341300,66814.078125,66974.265625,66787.078125,66974.265625
1771341480,66973.8828125,67080.9921875,66973.8828125,67080.9921875
1771341660,67016.6171875,67016.6171875,66989.8125,66989.8125
1771341840,66944.65625,66944.9140625,66769.4375,66769.4375
1771342020,66755.640625,66815.3203125,66755.640625,66815.3203125
1771342200,66821.703125,66834.421875,66821.703125,66834.421875
1771342380,66796.1796875,66796.1796875,66662.6875,66679.0546875
1771342560,66797.09375,66847.0625,66797.09375,66847.0625
1771342740,66844.40625,66844.40625,66816.9296875,66816.9296875
1771342920,66825.4375,66902.421875,66825.4375,66902.421875
1771343100,66954.359375,67079.4140625,66954.359375,67079.140625
1771343280,67176.4140625,67176.4140625,67147.5703125,67152.671875
1771343460,67175.3671875,67344.5703125,67175.3671875,67266.0234375
1771343640,67253.1484375,67363.21875,67253.1484375,67363.21875
1771343820,67300.921875,67354.390625,67300.921875,67354.390625
1771344000,67319.1484375,67621.09375,67319.1484375,67621.09375
1771344180,67768.9921875,67768.9921875,67690.140625,67690.140625
1771344360,67809.8671875,67889.5,67809.8671875,67889.5
1771344540,67765.8515625,67765.8515625,67684.4921875,67684.4921875
1771344720,67695.7734375,67742.6953125,67646.0859375,67742.6953125
1771344900,67727.9140625,67815.09375,67727.9140625,67815.09375
1771345080,67760.9375,67890.9921875,67760.9375,67890.9921875
1771345260,67757.8046875,67757.8046875,67661.0546875,67677.90625
1771345440,67684.8046875,67725.4453125,67684.8046875,67725.4453125
1771345620,67661.7265625,67661.7265625,67572.9375,67572.9375
1771345800,67469.375,67469.375,67444.71875,67444.71875
1771345980,67540.2734375,67822.5390625,67540.2734375,67822.5390625
1771346160,67880.0234375,68069.484375,67880.0234375,68058.2109375
1771346340,67979.046875,67979.046875,67801.109375,67801.109375
1771346520,67792.28125,67859.859375,67769.234375,67769.234375
1771346700,67689.328125,67689.328125,67635.84375,67635.84375
1771346880,67658.78125,67658.78125,67548.328125,67548.328125
1771347060,67619.953125,67674.0859375,67619.953125,67674.0859375
1771347240,67614.9375,67742.3671875,67614.9375,67742.3671875
1771347420,67720.28125,67720.28125,67492.4296875,67492.4296875
1771347600,67487.765625,67510.7109375,67475.3125,67510.7109375
1771347780,67634.7109375,67634.7109375,67526.21875,67537.953125
1771347960,67599.1875,67671.640625,67593.5234375,67671.640625
1771348140,67633.625,67633.625,67230.390625,67230.390625
1771348320,67185.328125,67185.328125,67096.46875,67096.46875
1771348500,67240.3671875,67257.6953125,67229.1875,67257.6953125
1771348680,67273.71875,67374.2578125,67273.71875,67374.2578125
1771348860,67360.34375,67360.34375,67264.15625,67264.15625
1771349040,67216.7578125,67335.2109375,67216.7578125,67335.2109375
1771349220,67396.5703125,67405.328125,67396.5703125,67397.3125
1771349400,67428.9453125,67428.9453125,67383.4609375,67383.4609375
1771349580,67228.125,67273.53125,67111.34375,67111.34375
1771349760,67165.0859375,67206.828125,67142.5078125,67206.828125
1771349940,67200.8671875,67200.8671875,67045.03125,67045.03125
1771350120,66993.4765625,67024.859375,66952.8125,66952.8125
1771350300,66955.140625,66972.2421875,66955.140625,66972.2421875
1771350480,67026.953125,67137.8203125,67026.953125,67092.5234375
1771350660,67181.8828125,67221.2421875,67122.1640625,67122.1640625
1771350840,67074.421875,67134.9765625,67074.421875,67134.9765625
1771351020,67145.9453125,67246.21875,67145.9453125,67231.84375
1771351200,67204.984375,67204.984375,67173.7265625,67178.984375
1771351380,67153.453125,67178.0859375,67153.453125,67178.0859375
1771351560,67126.8671875,67153.4453125,67126.8671875,67148.7109375
1771351740,67146.71875,67244.015625,67146.71875,67244.015625
1771351920,67239.3984375,67318.640625,67216.0390625,67318.640625
1771352100,67332.4140625,67332.4140625,67297.5546875,67297.5546875
1771352280,67279.6015625,67279.6015625,67274.78125,67274.78125
1771352460,67457.671875,67762.9140625,67457.671875,67762.9140625
1771352640,67601.7578125,67645.515625,67601.7578125,67645.515625
1771352820,67603.5,67713.6484375,67603.5,67713.6484375
1771353000,67712.7421875,67749.65625,67670.7421875,67749.65625
1771353180,67768.5859375,67822.8359375,67760.6171875,67760.6171875
1771353360,67683.9453125,67771.3125,67683.9453125,67747.859375
1771353540,67758.6484375,67987.8359375,67758.6484375,67987.8359375
1771353720,68029.53125,68029.53125,67934.53125,67934.53125
1771353900,67950.46875,67989.6640625,67950.46875,67989.6640625
1771354080,67908.8125,67908.8125,67840.8125,67866.40625
1771354260,67897.546875,67996.53125,67897.546875,67996.53125
1771354440,67950.109375,68063.6796875,67950.109375,68063.6796875
1771354620,68172.9453125,68172.9453125,68084.8203125,68084.8203125
1771354800,68084.125,68084.125,68041.1875,68041.1875
1771354980,68009.8515625,68022.71875,68005.0859375,68022.71875
1771355160,68002.03125,68044.3359375,67992.234375,68044.3359375
1771355340,68001.6953125,68029.1328125,67996.0234375,67996.0234375
1771355520,68022.8125,68034.6484375,68022.8125,68034.6484375
1771355700,68144.765625,68144.765625,68058.234375,68058.234375
1771355880,67990.984375,67990.984375,67877.3125,67877.3125
1771356060,67957.0,68014.2578125,67957.0,68013.65625
1771356240,68021.4140625,68057.4140625,68012.28125,68012.28125
1771356420,68015.6328125,68015.6328125,67904.640625,67904.640625
1771356600,67803.0625,67865.6484375,67803.0625,67865.6484375
1771356780,67838.65625,67881.8125,67838.65625,67881.8125
1771356960,67830.890625,67830.890625,67806.359375,67814.2890625
1771357140,67787.125,67871.2890625,67787.125,67871.2890625
1771357320,67862.15625,67862.15625,67853.734375,67853.734375
1771357500,67945.53125,67986.21875,67944.3984375,67944.3984375
1771357680,67919.6171875,67919.6171875,67900.4375,67900.4375
1771357860,67877.640625,67877.640625,67752.5546875,67752.5546875
1771358040,67773.03125,67820.40625,67773.03125,67820.40625
1771358220,67872.390625,67872.390625,67791.65625,67791.65625
1771358400,67763.9453125,67792.3828125,67763.9453125,67792.3828125
1771358580,67746.3125,67746.3125,67696.59375,67696.59375
1771358760,67687.8125,67687.8125,67532.6953125,67532.6953125
1771358940,67561.3671875,67561.3671875,67524.5859375,67556.1015625
1771359120,67568.359375,67568.359375,67556.8671875,67556.8671875
1771359300,67565.1328125,67598.5234375,67565.1328125,67598.5234375
1771359480,67556.4375,67556.4375,67515.1328125,67515.1328125
1771359660,67535.3828125,67572.078125,67535.3828125,67555.21875
1771359840,67539.5625,67647.25,67539.5625,67647.25
1771360020,67661.5546875,67671.4296875,67650.3046875,67671.4296875
1771360200,67717.5703125,67717.5703125,67544.921875,67544.921875
1771360380,67598.0234375,67672.78125,67581.421875,67672.78125
1771360560,67665.140625,67665.140625,67568.125,67568.125
1771360740,67564.328125,67564.328125,67564.328125,67564.328125
1771360920,67800.9609375,67867.8203125,67800.9609375,67867.8203125
1771361100,67843.234375,67843.234375,67806.515625,67827.9375
1771361280,67763.15625,67770.8203125,67763.15625,67763.5
1771361460,67745.953125,67745.953125,67717.5234375,67717.5234375
1771361640,67727.1171875,67755.5,67724.390625,67755.5
1771361820,67736.46875,67736.46875,67735.7890625,67735.7890625
1771362000,67764.2734375,67764.2734375,67683.28125,67683.28125
1771362180,67648.9921875,67723.1796875,67648.9921875,67723.1796875
1771362360,67696.4453125,67696.4453125,67662.1640625,67662.1640625
1771362540,67700.546875,67700.546875,67661.953125,67664.1875
1771362720,67675.1015625,67821.2421875,67675.1015625,67821.2421875
1771362900,67840.8828125,67890.7890625,67840.3671875,67840.3671875
1771363080,67805.0390625,67805.0390625,67705.8828125,67705.8828125
1771363260,67712.421875,67712.421875,67615.375,67631.875
1771363440,67617.984375,67617.984375,67572.671875,67576.7734375
1771363620,67580.2265625,67592.1328125,67580.2265625,67586.8671875
1771363800,67570.484375,67570.484375,67523.59375,67523.59375
1771363980,67521.140625,67542.390625,67521.140625,67542.390625
1771364160,67559.8203125,67559.8203125,67531.21875,67531.21875
1771364340,67529.4921875,67535.4453125,67509.890625,67535.4453125
1771364520,67558.9765625,67565.203125,67558.9765625,67565.203125
1771364700,67557.375,67566.65625,67544.7109375,67544.7109375
1771364880,67569.5078125,67627.7109375,67569.5078125,67627.7109375
1771365060,67588.203125,67603.0078125,67588.203125,67597.9296875
1771365240,67595.7890625,67624.7109375,67594.5390625,67624.7109375
1771365420,67623.0546875,67639.2109375,67623.0546875,67639.2109375
1771365600,67637.65625,67637.65625,67600.5859375,67600.5859375
1771365780,67616.28125,67628.828125,67616.28125,67621.4140625
1771365960,67613.59375,67613.59375,67519.53125,67586.2578125
1771366140,67573.109375,67573.109375,67535.5546875,67535.5546875
1771366320,67548.03125,67556.734375,67544.8671875,67544.8671875
1771366500,67553.015625,67553.015625,67542.5,67542.5
1771366680,67543.5859375,67590.65625,67543.5859375,67590.65625
1771366860,67620.1640625,67620.1640625,67575.765625,67575.765625
1771367040,67582.7578125,67582.7578125,67582.7578125,67582.7578125
1771367220,67621.6796875,67621.6796875,67617.96875,67620.875
1771367400,67657.125,67681.9140625,67657.125,67676.640625
1771367580,67697.3671875,67697.3671875,67672.90625,67672.90625
1771367760,67680.4453125,67735.75,67680.4453125,67735.75
1771367940,67714.296875,67714.296875,67693.171875,67709.7109375
1771368120,67672.328125,67672.328125,67590.375,67590.375
1771368300,67604.84375,67604.84375,67572.671875,67587.4609375
1771368480,67598.6015625,67598.6015625,67549.875,67549.875
1771368660,67576.28125,67576.28125,67546.859375,67546.859375
1771368840,67491.8828125,67527.4921875,67491.8828125,67527.4921875
1771369020,67515.890625,67516.09375,67506.3984375,67516.09375
1771369200,67509.9296875,67509.9296875,67446.4609375,67446.4609375
1771369380,67437.09375,67476.5,67437.09375,67470.796875
1771369560,67488.140625,67512.734375,67488.140625,67503.890625
1771369740,67390.1796875,67418.671875,67390.1796875,67418.671875
1771369920,67414.171875,67414.171875,67389.2421875,67407.9609375
1771370100,67436.296875,67497.875,67436.296875,67497.875
1771370280,67530.4609375,67542.015625,67529.1953125,67542.015625
1771370460,67544.28125,67577.6796875,67544.28125,67577.6796875
1771370640,67549.078125,67549.078125,67512.7265625,67527.5390625
1771370820,67535.90625,67535.90625,67438.9375,67438.9375
1771371000,67426.84375,67426.84375,67406.3203125,67412.6015625
1771371180,67407.0,67411.7578125,67393.625,67411.7578125
1771371360,67438.71875,67490.4765625,67438.71875,67490.4765625
1771371540,67424.5703125,67475.4921875,67424.5703125,67475.4921875
1771371720,67461.140625,67478.234375,67461.140625,67478.234375
1771371900,67473.2890625,67492.5,67473.2890625,67480.21875
1771372080,67488.140625,67501.0390625,67488.140625,67493.09375
1771372260,67492.5,67531.5390625,67492.5,67531.5390625
1771372440,67502.171875,67502.171875,67480.8515625,67484.6953125
1771372620,67505.6796875,67507.3203125,67505.6796875,67507.3203125
1771372800,67482.6484375,67520.3046875,67482.6484375,67520.3046875
1771372980,67539.265625,67539.265625,67527.3359375,67527.3359375
1771373160,67565.5546875,67565.5546875,67541.34375,67541.34375
1771373340,67547.7421875,67570.75,67547.7421875,67564.1484375
1771373520,67571.1484375,67586.703125,67571.1484375,67586.703125
1771373700,67593.421875,67593.421875,67539.1796875,67539.1796875
1771373880,67513.1015625,67546.1171875,67513.1015625,67546.1171875
1771374060,67560.8046875,67560.8046875,67547.8671875,67547.8671875
1771374240,67553.5625,67553.5625,67439.3984375,67439.3984375
1771374420,67437.8828125,67465.71875,67434.84375,67465.71875
1771374600,67463.4765625,67508.1015625,67463.4765625,67508.1015625
1771374780,67511.2578125,67552.21875,67511.2578125,67551.9609375
1771374960,67569.3359375,67569.3359375,67544.4375,67544.4375
1771375140,67550.3671875,67556.75,67521.8984375,67521.8984375
1771375320,67544.1875,67544.1875,67474.34375,67474.34375
1771375500,67439.203125,67439.203125,67336.1953125,67336.1953125
1771375680,67314.296875,67363.25,67314.296875,67346.4921875
1771375860,67335.1796875,67335.1796875,67305.3515625,67305.3515625
1771376040,67263.7421875,67269.6171875,67263.7421875,67269.6171875
1771376220,67299.4765625,67305.3359375,67291.0,67291.0
1771376400,67286.4609375,67329.53125,67286.4609375,67329.53125
1771376580,67272.8984375,67272.8984375,67113.234375,67113.234375
1771376760,67161.7578125,67161.7578125,67144.2109375,67144.2109375
1771376940,67070.8828125,67089.65625,67049.71875,67049.71875
1771377120,67040.3046875,67120.6484375,67040.3046875,67120.6484375
1771377300,67104.9921875,67146.734375,67104.9921875,67111.359375
1771377480,67128.0703125,67128.0703125,67104.25,67104.25
1771377660,67156.2734375,67192.96875,67156.2734375,67192.96875
1771377840,67174.8046875,67174.8046875,67142.0234375,67142.0234375
1771378020,67127.375,67127.375,67018.8828125,67018.8828125
1771378200,67019.8984375,67019.8984375,66974.6484375,67005.1015625
1771378380,67027.859375,67027.859375,66877.9765625,66884.015625
1771378560,66905.9609375,66942.4375,66905.9609375,66942.4375
1771378740,66981.8671875,66981.8671875,66925.9765625,66925.9765625
1771378920,67035.515625,67083.4140625,67035.515625,67083.4140625
1771379100,67140.40625,67140.40625,67129.921875,67129.921875
1771379280,67121.796875,67121.796875,67103.640625,67103.640625
1771379460,67094.71875,67113.390625,67094.71875,67102.0703125
1771379640,67082.546875,67082.546875,67046.859375,67046.859375
1771379820,67079.2890625,67121.0625,67079.2890625,67121.0625
1771380000,67126.4140625,67199.4453125,67126.4140625,67199.4453125
1771380180,67201.7265625,67201.7265625,67200.8125,67200.8125
1771380360,67191.265625,67204.703125,67191.265625,67204.703125
1771380540,67242.5,67351.9296875,67242.5,67351.9296875
1771380720,67341.328125,67341.328125,67275.8046875,67275.8046875
1771380900,67262.15625,67288.546875,67262.15625,67266.4765625
1771381080,67273.3515625,67273.3515625,67270.9453125,67270.9453125
1771381260,67222.78125,67272.828125,67222.78125,67272.828125
1771381440,67219.1015625,67227.4296875,67219.1015625,67227.4296875
1771381620,67219.7265625,67231.9140625,67219.7265625,67229.78125
1771381800,67189.3671875,67202.1953125,67189.3671875,67202.1953125
1771381980,67228.953125,67305.546875,67228.953125,67305.421875
1771382160,67354.546875,67354.546875,67338.2734375,67338.2734375
1771382340,67337.765625,67349.984375,67337.765625,67349.984375
1771382520,67346.6328125,67346.6328125,67343.3515625,67343.3515625
1771382700,67340.6953125,67340.6953125,67334.8984375,67334.8984375
1771382880,67246.0390625,67265.21875,67246.0390625,67265.21875
1771383060,67270.421875,67319.0078125,67270.421875,67319.0078125
1771383240,67295.265625,67303.9140625,67291.875,67291.875
1771383420,67313.9375,67313.9375,67296.734375,67306.3515625
1771383600,67290.2578125,67340.5703125,67290.2578125,67340.5703125
1771383780,67344.3671875,67419.2890625,67344.3671875,67419.2890625
1771383960,67387.1328125,67387.1328125,67361.0625,67361.0625
1771384140,67372.390625,67372.390625,67342.3828125,67342.3828125
1771384320,67338.5859375,67370.90625,67338.5859375,67370.90625
1771384500,67370.6328125,67432.9375,67370.6328125,67432.9375
1771384680,67403.7734375,67407.546875,67403.7734375,67407.546875
1771384860,67407.8046875,67414.984375,67401.9140625,67414.984375
1771385040,67440.078125,67458.59375,67440.078125,67447.4765625
1771385220,67474.7578125,67474.7578125,67474.7578125,67474.7578125
1771385400,67503.25,67524.421875,67503.25,67524.421875
1771385580,67550.5546875,67550.5546875,67546.3125,67546.3125
1771385760,67547.3046875,67608.9453125,67547.3046875,67608.9453125
1771385940,67572.7890625,67572.7890625,67555.1015625,67555.1015625
1771386120,67556.234375,67590.984375,67556.234375,67590.984375
1771386300,67603.9375,67603.9375,67592.6796875,67592.6796875
1771386480,67558.578125,67601.3671875,67558.578125,67601.3671875
1771386660,67597.78125,67618.265625,67597.78125,67618.265625
1771386840,67627.0234375,67639.0546875,67627.0234375,67631.5390625
1771387020,67638.703125,67638.703125,67636.9921875,67636.9921875
1771387200,67597.7109375,67598.0390625,67551.359375,67551.359375
1771387380,67529.5859375,67529.5859375,67477.28125,67477.28125
1771387560,67491.59375,67491.59375,67471.21875,67484.15625
1771387740,67485.625,67603.703125,67485.625,67603.703125
1771387920,67584.796875,67584.796875,67584.796875,67584.796875
1771388100,67519.0234375,67533.4140625,67519.0234375,67533.4140625
1771388280,67552.0703125,67627.0625,67552.0703125,67627.0625
1771388460,67631.7109375,67631.7109375,67601.25,67601.25
1771388640,67578.4375,67615.8203125,67578.4375,67603.1171875
1771388820,67599.8203125,67625.0078125,67599.8203125,67624.03125
1771389000,67650.5234375,67662.1796875,67650.5234375,67662.1796875
1771389180,67669.546875,67691.59375,67669.546875,67691.59375
1771389360,67667.6875,67667.6875,67633.0625,67633.0625
1771389540,67669.3515625,67678.484375,67669.3515625,67673.9296875
1771389720,67663.90625,67663.90625,67658.0703125,67658.0703125
1771389900,67659.609375,67664.8203125,67641.375,67641.375
1771390080,67639.3359375,67671.6015625,67639.3359375,67671.6015625
1771390260,67697.5390625,67697.5390625,67694.703125,67694.703125
1771390440,67703.265625,67820.765625,67703.265625,67817.46875
1771390620,67798.234375,67798.234375,67760.2421875,67760.2421875
1771390800,67767.2734375,67780.703125,67767.2734375,67780.703125
1771390980,67776.8046875,67776.8046875,67738.8359375,67738.8359375
1771391160,67730.984375,67757.328125,67730.15625,67757.328125
1771391340,67725.3515625,67746.6171875,67725.3515625,67746.6171875
1771391520,67743.53125,67836.734375,67743.53125,67836.734375
1771391700,67834.1484375,67848.078125,67834.1484375,67848.078125
1771391880,67839.9609375,67873.2109375,67839.9609375,67873.2109375
1771392060,67897.359375,67897.359375,67832.5625,67832.5625
1771392240,67838.9375,67876.3515625,67838.9375,67876.3515625
1771392420,67866.7421875,67866.7421875,67787.5,67787.5
1771392600,67685.0390625,67711.2890625,67685.0390625,67711.2890625
1771392780,67672.8828125,67672.8828125,67667.234375,67667.234375
1771392960,67669.765625,67691.5,67669.765625,67685.21875
1771393140,67692.265625,67692.265625,67674.2578125,67674.2578125
1771393320,67617.859375,67617.859375,67588.8515625,67588.8515625
1771393500,67593.65625,67602.59375,67579.34375,67602.59375
1771393680,67641.7734375,67673.7265625,67641.7734375,67673.7265625
1771393860,67630.703125,67648.6953125,67630.703125,67648.6953125
1771394040,67628.46875,67628.46875,67602.671875,67602.671875
1771394220,67601.78125,67614.828125,67601.78125,67614.828125
1771394400,67609.28125,67609.28125,67597.1953125,67597.1953125
1771394580,67602.953125,67621.53125,67602.953125,67621.53125
1771394760,67648.8984375,67674.125,67648.8984375,67674.125
1771394940,67684.15625,67684.15625,67665.234375,67665.234375
1771395120,67709.8359375,67716.125,67709.8359375,67716.125
1771395300,67750.296875,67757.65625,67750.296875,67757.65625
1771395480,67718.953125,67718.953125,67718.953125,67718.953125
1771395660,67719.0546875,67740.0,67716.3359375,67740.0
1771395840,67759.78125,67833.765625,67759.78125,67829.4375
1771396020,67845.203125,67870.6875,67837.5625,67837.5625
1771396200,67841.21875,67841.21875,67834.3046875,67838.4140625
1771396380,67813.7421875,67813.7421875,67803.046875,67806.890625
1771396560,67792.6328125,67812.6953125,67792.6328125,67812.6953125
1771396740,67863.6015625,67868.3046875,67824.9296875,67868.3046875
1771396920,67868.6796875,67891.140625,67868.6796875,67891.140625
1771397100,67886.3671875,67921.2421875,67886.3671875,67900.3046875
1771397280,67892.0625,67892.0625,67884.3671875,67884.3671875
1771397460,67882.46875,67882.78125,67855.703125,67855.703125
1771397640,67838.9765625,67838.9765625,67783.71875,67783.71875
1771397820,67798.5,67809.1484375,67795.3515625,67809.1484375
1771398000,67811.515625,67841.1953125,67811.515625,67841.1953125
1771398180,67836.3671875,67836.3671875,67828.375,67828.375
1771398360,67828.7734375,67828.7734375,67780.2890625,67781.2421875
1771398540,67798.2890625,67798.2890625,67794.0546875,67794.0546875
1771398720,67742.3203125,67742.3203125,67734.5,67736.5390625
1771398900,67724.8515625,67738.046875,67724.8515625,67738.046875
1771399080,67726.09375,67726.09375,67720.828125,67720.828125
1771399260,67735.7890625,67735.7890625,67680.078125,67680.078125
1771399440,67664.8671875,67679.6015625,67664.03125,67679.6015625
1771399620,67697.46875,67701.9140625,67697.46875,67701.9140625
1771399800,67718.3984375,67740.046875,67718.3984375,67738.0078125
1771399980,67760.171875,67760.171875,67749.2109375,67750.40625
1771400160,67834.328125,67852.4765625,67834.328125,67852.4765625
1771400340,67888.1015625,67951.859375,67888.1015625,67951.859375
1771400520,67936.046875,68054.4921875,67936.046875,68054.4921875
1771400700,68055.3359375,68068.78125,68055.3359375,68068.78125
1771400880,68128.9609375,68168.6015625,68128.9609375,68154.0078125
1771401060,68138.234375,68138.7890625,68124.5,68138.7890625
1771401240,68131.3125,68131.3125,68104.125,68104.125
1771401420,68126.4453125,68126.4453125,68102.8046875,68102.8046875
1771401600,68101.3828125,68101.3828125,68090.7578125,68090.7578125
1771401780,68104.328125,68104.328125,68104.328125,68104.328125
1771401960,68144.625,68157.2265625,68144.625,68157.2265625
1771402140,68140.5703125,68162.171875,68130.15625,68162.171875
1771402320,68210.9375,68214.34375,68175.328125,68175.328125
1771402500,68189.625,68348.3515625,68189.625,68348.3515625
1771402680,68336.78125,68365.796875,68299.15625,68299.15625
1771402860,68297.71875,68317.3515625,68297.71875,68317.3515625
1771403040,68287.5859375,68400.0390625,68287.5859375,68400.0390625
1771403220,68385.984375,68385.984375,68267.296875,68267.296875
1771403400,68244.65625,68265.8828125,68239.6640625,68239.6640625
1771403580,68205.2890625,68224.6953125,68198.4765625,68224.6953125
1771403760,68210.59375,68210.59375,68143.5234375,68143.5234375
1771403940,68139.25,68139.25,68122.203125,68132.8828125
1771404120,68141.625,68157.84375,68141.625,68157.84375
1771404300,68139.390625,68154.328125,68134.609375,68134.609375
1771404480,68158.609375,68158.609375,68158.609375,68158.609375
1771404660,68152.296875,68152.296875,68092.65625,68092.65625
1771404840,68083.5703125,68083.5703125,68054.46875,68054.46875
1771405020,68069.4375,68086.5859375,68069.4375,68086.5859375
1771405200,68091.875,68098.015625,68055.4765625,68055.4765625
1771405380,68045.4765625,68045.4765625,68019.1640625,68019.1640625
1771405560,68039.7890625,68039.7890625,68017.1796875,68024.0546875
1771405740,67999.4453125,68016.828125,67999.4453125,68016.828125
1771405920,68016.0234375,68164.2265625,68016.0234375,68164.2265625
1771406100,68173.4453125,68196.7890625,68173.4453125,68190.5078125
1771406280,68183.390625,68191.09375,68172.1953125,68191.09375
1771406460,68180.2890625,68181.5859375,68162.8046875,68162.8046875
1771406640,68167.671875,68168.5078125,68162.8203125,68168.5078125
1771406820,68167.09375,68167.09375,68155.0703125,68155.0703125
1771407000,68128.578125,68128.578125,68101.015625,68101.015625
1771407180,68141.8515625,68182.359375,68141.8515625,68182.359375
1771407360,68187.8984375,68201.6875,68187.8984375,68201.6875
1771407540,68206.0,68206.0,68201.296875,68201.296875
1771407720,68191.3671875,68229.6015625,68191.3671875,68229.6015625
1771407900,68242.640625,68242.640625,68213.828125,68222.4609375
1771408080,68228.234375,68228.234375,68184.0625,68184.0625
1771408260,68178.5234375,68192.28125,68178.5234375,68190.3046875
1771408440,68158.2578125,68170.5,68158.2578125,68166.7890625
1771408620,68180.28125,68180.28125,68149.046875,68149.046875
1771408800,68132.3828125,68133.0546875,68132.3828125,68133.0546875
1771408980,68070.4609375,68079.40625,68066.8203125,68079.40625
1771409160,68082.3359375,68100.1328125,68082.3359375,68100.1328125
1771409340,68110.109375,68131.2734375,68110.109375,68131.2734375
1771409520,68143.3671875,68145.2578125,68143.3671875,68145.2578125
1771409700,68130.0859375,68130.0859375,68074.4296875,68074.4296875
1771409880,68063.765625,68063.765625,68050.40625,68050.40625
1771410060,68051.40625,68051.40625,67991.7890625,67996.6015625
1771410240,67999.6015625,67999.6015625,67958.8125,67958.8125
1771410420,67979.578125,67987.9609375,67979.578125,67981.421875
1771410600,67985.7890625,67985.7890625,67962.578125,67979.875
1771410780,67958.3046875,67962.9296875,67887.3671875,67887.3671875
1771410960,67878.390625,67890.90625,67878.390625,67890.90625
1771411140,67878.640625,67879.625,67875.640625,67875.640625
1771411320,67876.8984375,67876.8984375,67876.8984375,67876.8984375
1771411500,67737.59375,67758.9375,67737.59375,67758.9375
1771411680,67777.9375,67791.296875,67777.9375,67787.578125
1771411860,67795.9609375,67795.9609375,67762.0703125,67763.640625
1771412040,67800.1328125,67810.296875,67779.1484375,67779.1484375
1771412220,67773.359375,67773.359375,67750.2109375,67750.2109375
1771412400,67762.5546875,67762.5546875,67752.34375,67752.34375
1771412580,67750.2109375,67750.2109375,67735.0,67748.171875
1771412760,67758.5625,67758.5625,67500.203125,67500.203125
1771412940,67285.1796875,67285.1796875,67113.7578125,67113.7578125
1771413120,67143.953125,67287.8359375,67143.953125,67287.8359375
1771413300,67376.3046875,67376.3046875,67313.75,67313.75
1771413480,67321.5859375,67321.5859375,67276.15625,67279.890625
1771413660,67344.7109375,67346.453125,67290.6015625,67346.453125
1771413840,67357.34375,67371.3203125,67332.65625,67332.65625
1771414020,67344.484375,67451.71875,67344.484375,67451.71875
1771414200,67424.4921875,67454.6015625,67401.1796875,67454.6015625
1771414380,67415.8671875,67442.140625,67415.8671875,67429.75
1771414560,67523.7578125,67523.7578125,67474.53125,67474.53125
1771414740,67485.703125,67485.703125,67485.703125,67485.703125
1771414920,67496.6484375,67502.3515625,67476.984375,67476.984375
1771415100,67512.7421875,67563.484375,67512.7421875,67522.96875
1771415280,67504.4453125,67512.9453125,67504.4453125,67512.9453125
1771415460,67499.9140625,67506.5703125,67487.609375,67506.5703125
1771415640,67516.96875,67520.40625,67508.5546875,67520.40625
1771415820,67512.2265625,67512.2265625,67358.8671875,67358.8671875
1771416000,67346.34375,67444.3125,67346.34375,67444.3125
1771416180,67477.84375,67477.84375,67450.5390625,67450.5390625
1771416360,67497.1953125,67626.2265625,67497.1953125,67626.2265625
1771416540,67580.75,67580.75,67536.578125,67546.3046875
1771416720,67619.03125,67619.03125,67562.5703125,67562.5703125
1771416900,67552.3515625,67595.0703125,67552.3515625,67595.0703125
1771417080,67603.8359375,67603.8359375,67554.7578125,67554.7578125
1771417260,67533.5078125,67539.140625,67533.5078125,67539.140625
1771417440,67466.6015625,67520.8515625,67466.6015625,67520.8515625
1771417620,67505.8125,67557.9140625,67505.8125,67557.9140625
1771417800,67547.34375,67558.140625,67500.6328125,67500.6328125
1771417980,67401.578125,67401.578125,67369.5546875,67369.5546875
1771418160,67365.71875,67421.4140625,67365.71875,67421.4140625
1771418340,67420.6171875,67462.4921875,67420.6171875,67462.4921875
1771418520,67530.6328125,67530.6328125,67504.0234375,67506.3984375
1771418700,67515.703125,67520.2734375,67515.703125,67519.5078125
1771418880,67540.6640625,67540.6640625,67518.5234375,67523.203125
1771419060,67541.9140625,67559.0390625,67541.9140625,67559.0390625
1771419240,67554.1875,67554.1875,67513.7265625,67513.7265625
1771419420,67472.3046875,67478.890625,67457.1484375,67478.890625
1771419600,67432.3828125,67497.6171875,67432.3828125,67486.4765625
1771419780,67458.3984375,67458.3984375,67415.5,67415.5
1771419960,67389.90625,67484.2890625,67389.90625,67484.2890625
1771420140,67555.03125,67555.03125,67555.03125,67555.03125
1771420320,67532.5,67536.8359375,67531.9453125,67536.8359375
1771420500,67546.4453125,67557.6015625,67546.4453125,67557.6015625
1771420680,67548.828125,67548.828125,67502.6015625,67502.6015625
1771420860,67414.640625,67469.546875,67414.640625,67469.546875
1771421040,67481.3828125,67492.375,67443.6484375,67492.375
1771421220,67488.90625,67488.90625,67463.265625,67464.5078125
1771421400,67457.3671875,67457.3671875,67388.2265625,67388.2265625
1771421580,67349.671875,67351.5234375,67349.671875,67351.2421875
1771421760,67363.7421875,67376.5859375,67363.7421875,67376.5859375
1771421940,67379.7265625,67379.7265625,67291.34375,67291.34375
1771422120,67322.1015625,67322.1015625,67290.8671875,67290.8671875
1771422300,67259.53125,67259.53125,67246.765625,67246.765625
1771422480,67137.6875,67154.4765625,67137.6875,67154.4765625
1771422660,67163.1640625,67163.265625,67109.2734375,67109.2734375
1771422840,67088.03125,67104.4921875,67088.03125,67104.4921875
1771423020,67180.296875,67210.875,67180.296875,67210.875
1771423200,67216.8203125,67262.1796875,67216.8203125,67239.125
1771423380,67265.125,67280.453125,67265.125,67280.453125
1771423560,67333.8671875,67333.8671875,67222.03125,67238.7421875
1771423740,67273.09375,67286.1328125,67261.9375,67261.9375
1771423920,67241.234375,67248.3125,67220.484375,67248.3125
1771424100,67260.984375,67260.984375,67220.75,67220.75
1771424280,67121.0625,67121.0625,67081.484375,67081.484375
1771424460,67082.3671875,67082.3671875,67049.8828125,67049.8828125
1771424640,67106.40625,67119.609375,67106.40625,67109.671875
1771424820,67105.5,67180.2109375,67105.5,67180.2109375
1771425000,67089.9921875,67287.5234375,67059.0,67287.5234375
1771425180,67226.2265625,67226.2265625,67226.2265625,67226.2265625
1771425360,67156.6171875,67156.6171875,67071.6875,67088.6171875
1771425540,67198.8671875,67198.8671875,67087.625,67091.109375
1771425720,67091.2265625,67145.5234375,67066.5390625,67145.5234375
1771425900,67091.125,67257.890625,67091.125,67214.3203125
1771426080,67033.84375,67033.84375,66767.71875,66767.71875
1771426260,66817.6484375,66934.5390625,66817.6484375,66934.5390625
1771426440,66995.65625,67205.1640625,66995.65625,67205.1640625
1771426620,67229.578125,67229.578125,67148.46875,67150.765625
1771426800,67257.75,67322.09375,67257.75,67322.09375
1771426980,67389.59375,67427.03125,67339.453125,67427.03125
1771427160,67481.515625,67481.515625,67369.3828125,67378.3359375
1771427340,67310.0234375,67339.6953125,67310.0234375,67311.0859375
1771427520,67298.640625,67313.0859375,67298.640625,67307.0234375
1771427700,67325.7421875,67387.40625,67325.7421875,67387.40625
1771427880,67375.25,67375.25,67375.25,67375.25
1771428060,67419.265625,67429.515625,67403.390625,67429.515625
1771428240,67334.2734375,67354.5625,67334.2734375,67354.5625
1771428420,67355.125,67356.5625,67341.359375,67341.359375
1771428600,67310.859375,67310.859375,67280.7734375,67287.2890625
1771428780,67355.296875,67419.6484375,67355.296875,67419.6484375
1771428960,67550.109375,67961.3203125,67550.109375,67961.3203125
1771429140,67921.0703125,68226.15625,67921.0703125,68226.15625
1771429320,68274.953125,68274.953125,68267.9453125,68267.9453125
1771429500,68078.7734375,68078.7734375,67997.75,67997.75
1771429680,68008.8671875,68008.8671875,67881.7421875,67881.7421875
1771429860,67737.3203125,67737.3203125,67737.3203125,67737.3203125
1771430040,67779.265625,67811.28125,67779.265625,67783.015625
1771430220,67781.9921875,67793.640625,67606.5546875,67606.5546875
1771430400,67661.4765625,67661.4765625,67602.5546875,67639.0078125
1771430580,67615.6328125,67615.6328125,67272.2109375,67370.5546875
1771430760,67159.3828125,67218.859375,67159.3828125,67218.859375
1771430940,67238.3984375,67238.3984375,67057.71875,67057.71875
1771431120,67077.640625,67077.640625,66996.9453125,67029.6171875
1771431300,67040.125,67145.8671875,67040.125,67145.8671875
1771431480,67126.03125,67164.2734375,67126.03125,67164.2734375
1771431660,67213.9765625,67278.046875,67213.9765625,67278.046875
1771431840,67182.0078125,67197.59375,67182.0078125,67197.59375
1771432020,67113.9453125,67313.6796875,67113.9453125,67313.6796875
1771432200,67222.140625,67245.2890625,67222.140625,67245.2890625
1771432380,67277.7890625,67277.7890625,67107.7734375,67107.7734375
1771432560,67134.8125,67134.8125,67082.4296875,67082.4296875
1771432740,67066.734375,67180.3203125,67066.734375,67180.3203125
1771432920,67223.4453125,67240.546875,67208.3828125,67208.3828125
1771433100,67199.46875,67199.46875,67173.671875,67173.671875
1771433280,67174.3515625,67190.6328125,67126.3515625,67126.3515625
1771433460,67135.515625,67135.515625,67060.7109375,67060.7109375
1771433640,67058.96875,67094.8671875,67058.96875,67094.8671875
1771433820,67101.6875,67101.6875,67071.5390625,67100.0
1771434000,67124.0625,67159.515625,67089.0703125,67159.515625
1771434180,67160.375,67183.4296875,67152.921875,67183.4296875
1771434360,67257.5234375,67418.3359375,67257.5234375,67418.3359375
1771434540,67369.09375,67369.09375,67288.6484375,67291.4609375
1771434720,67266.65625,67266.65625,67064.3046875,67064.3046875
1771434900,67091.2734375,67095.875,67032.5625,67032.5625
1771435080,67115.453125,67159.6953125,67107.40625,67159.6953125
1771435260,67143.84375,67143.84375,67125.4921875,67125.4921875
1771435440,67136.015625,67136.015625,67063.2265625,67063.2265625
1771435620,67066.34375,67111.765625,67066.34375,67111.765625
1771435800,67116.140625,67177.546875,67116.140625,67177.546875
1771435980,67133.921875,67133.921875,67113.921875,67123.359375
1771436160,67148.0390625,67167.6484375,67148.0390625,67167.6484375
1771436340,67147.3828125,67166.1875,67147.3828125,67153.8515625
1771436520,67095.515625,67099.78125,67078.546875,67078.546875
1771436700,67072.7890625,67141.3359375,67072.7890625,67141.3359375
1771436880,67146.7578125,67146.7578125,67134.6328125,67143.0078125
1771437060,67140.625,67140.625,67079.671875,67079.671875
1771437240,67076.7578125,67090.125,67076.7578125,67090.125
1771437420,67076.0,67157.984375,67076.0,67140.1796875
1771437600,67147.2265625,67188.90625,67147.2265625,67188.90625
1771437780,67173.4375,67173.4375,67092.875,67092.875
1771437960,67088.703125,67121.4296875,67088.703125,67121.4296875
1771438140,67118.8203125,67118.8203125,67080.109375,67114.265625
1771438320,67098.875,67109.4921875,67077.0703125,67077.0703125
1771438500,67093.9296875,67093.9296875,67059.046875,67059.046875
1771438680,67108.9765625,67108.9765625,66877.96875,66877.96875
1771438860,66842.3203125,66842.3203125,66701.5546875,66701.5546875
1771439040,66849.921875,66871.6171875,66846.296875,66846.296875
1771439220,66889.3203125,66889.3203125,66877.5703125,66883.609375
1771439400,66844.4453125,66844.4453125,66633.6875,66633.6875
1771439580,66714.9765625,66825.84375,66687.796875,66825.84375
1771439760,66810.171875,66887.390625,66810.171875,66886.5546875
1771439940,66835.0390625,66852.9765625,66772.6640625,66772.6640625
1771440120,66758.4140625,66758.4140625,66354.1953125,66354.1953125
1771440300,66335.59375,66335.59375,66296.234375,66296.234375
1771440480,66454.609375,66480.1171875,66454.609375,66473.4765625
1771440660,66469.921875,66469.921875,66269.53125,66269.53125
1771440840,66398.3203125,66411.2109375,66382.9453125,66411.2109375
1771441020,66395.0390625,66395.0390625,66301.7265625,66301.7265625
1771441200,66321.0,66466.203125,66321.0,66466.203125
1771441380,66471.09375,66482.390625,66471.09375,66482.390625
1771441560,66442.4296875,66451.078125,66442.4296875,66444.59375
1771441740,66440.4296875,66460.6796875,66434.7578125,66460.6796875
1771441920,66538.0703125,66538.0703125,66374.875,66374.875
1771442100,66353.453125,66361.59375,66353.453125,66355.2578125
1771442280,66358.3203125,66404.0,66358.3203125,66375.5390625
1771442460,66360.8671875,66360.8671875,66348.609375,66348.609375
1771442640,66325.7265625,66325.7265625,66200.609375,66200.609375
1771442820,66182.1484375,66182.1484375,66144.4921875,66169.65625
1771443000,66216.7265625,66216.7265625,66101.609375,66101.609375
1771443180,66194.7734375,66194.7734375,66062.9453125,66062.9453125
1771443360,66083.6953125,66083.6953125,66003.59375,66003.59375
1771443540,65896.546875,65972.8671875,65896.546875,65972.8671875
1771443720,65984.9609375,66020.1484375,65984.9609375,66020.1484375
1771443900,66125.3984375,66182.015625,66125.3984375,66180.171875
1771444080,66316.1015625,66316.1015625,66187.03125,66187.03125
1771444260,66200.25,66208.1796875,66166.8515625,66166.8515625
1771444440,66144.15625,66144.15625,66124.015625,66124.015625
1771444620,66083.90625,66113.3984375,66041.078125,66113.3984375
1771444800,66169.171875,66220.8515625,66135.6953125,66220.8515625
1771444980,66206.421875,66254.765625,66206.421875,66239.5390625
1771445160,66241.46875,66241.46875,66180.46875,66212.1484375
1771445340,66249.9375,66249.9375,66209.1328125,66242.640625
1771445520,66208.140625,66295.2578125,66208.140625,66295.2578125
1771445700,66260.6328125,66260.6328125,66175.515625,66175.515625
1771445880,66155.3671875,66223.53125,66155.3671875,66223.53125
1771446060,66177.6640625,66202.0625,66151.7421875,66202.0625
1771446240,66287.8984375,66325.40625,66266.96875,66325.40625
1771446420,66310.375,66310.375,66274.34375,66274.34375
1771446600,66284.421875,66415.8203125,66284.421875,66415.8203125
1771446780,66392.71875,66417.375,66392.71875,66417.375
1771446960,66386.421875,66494.734375,66386.421875,66494.734375
1771447140,66449.5390625,66468.8359375,66428.21875,66428.21875
1771447320,66373.859375,66418.5078125,66373.859375,66418.5078125
1771447500,66411.2109375,66447.3203125,66411.2109375,66447.3203125
1771447680,66490.9453125,66490.9453125,66436.7109375,66436.7109375
1771447860,66430.3203125,66430.3203125,66186.484375,66186.484375
1771448040,66252.1328125,66283.390625,66252.1328125,66257.3515625
1771448220,66265.6171875,66273.21875,66256.09375,66256.09375
1771448400,66218.625,66266.8046875,66218.625,66266.8046875
1771448580,66282.9375,66282.9375,66122.5546875,66141.265625
1771448760,66132.1484375,66132.1484375,66094.5390625,66094.5390625
1771448940,66082.7421875,66109.8671875,66082.7421875,66109.8671875
1771449120,66180.4296875,66180.4296875,66167.9921875,66173.3203125
1771449300,66177.6015625,66272.7734375,66177.6015625,66272.7734375
1771449480,66293.3671875,66321.484375,66293.3671875,66321.484375
1771449660,66330.6171875,66330.6171875,66279.4140625,66282.4375
1771449840,66293.65625,66338.828125,66293.65625,66338.828125
1771450020,66328.3671875,66353.8046875,66323.953125,66353.8046875
1771450200,66368.7265625,66373.5625,66368.7265625,66373.5625
1771450380,66361.9296875,66418.4609375,66361.9296875,66418.4609375
1771450560,66346.2421875,66351.2265625,66346.2421875,66351.2265625
1771450740,66369.7578125,66417.296875,66369.7578125,66417.296875
1771450920,66428.2734375,66428.2734375,66426.0625,66426.0625
1771451100,66427.203125,66431.1484375,66420.609375,66420.609375
1771451280,66421.6484375,66425.265625,66414.578125,66425.265625
1771451460,66377.5625,66377.5625,66277.703125,66277.703125
1771451640,66291.40625,66323.515625,66282.3671875,66323.515625
1771451820,66320.671875,66328.75,66320.671875,66325.8046875
1771452000,66303.5546875,66303.5546875,66289.09375,66300.828125
1771452180,66336.4296875,66336.4296875,66300.984375,66300.984375
1771452360,66344.2734375,66356.96875,66344.2734375,66356.96875
1771452540,66328.578125,66336.65625,66318.421875,66336.65625
1771452720,66259.2734375,66259.2734375,66217.5234375,66217.5234375
1771452900,66220.640625,66259.5390625,66220.640625,66259.5390625
1771453080,66283.78125,66315.1171875,66283.78125,66315.1171875
1771453260,66327.875,66337.828125,66327.875,66331.25
1771453440,66240.3359375,66285.109375,66240.3359375,66285.109375
1771453620,66297.296875,66297.296875,66294.609375,66294.609375
1771453800,66298.0546875,66372.296875,66298.0546875,66372.296875
1771453980,66396.625,66396.625,66340.2109375,66372.7421875
1771454160,66362.0078125,66371.3828125,66362.0078125,66371.3828125
1771454340,66343.046875,66369.7421875,66343.046875,66360.1640625
1771454520,66374.1796875,66414.3125,66374.1796875,66414.3125
1771454700,66373.8984375,66405.8984375,66373.8984375,66405.8984375
1771454880,66392.328125,66424.140625,66392.328125,66424.140625
1771455060,66419.734375,66419.734375,66406.0078125,66406.0078125
1771455240,66411.765625,66420.7265625,66384.265625,66384.265625
1771455420,66404.59375,66405.2421875,66404.59375,66405.2421875
1771455600,66383.1171875,66396.921875,66354.796875,66396.921875
1771455780,66359.8984375,66359.8984375,66299.1015625,66299.1015625
1771455960,66263.1484375,66263.1484375,66256.6875,66256.6875
1771456140,66257.9296875,66272.2265625,66250.28125,66250.28125
1771456320,66274.8125,66297.1875,66274.8125,66296.484375
1771456500,66318.7265625,66332.484375,66318.7265625,66326.6796875
1771456680,66282.8203125,66354.3515625,66282.8203125,66323.390625
1771456860,66322.640625,66333.828125,66275.0078125,66275.0078125
1771457040,66286.703125,66291.7421875,66278.359375,66291.7421875
1771457220,66305.359375,66305.359375,66281.2421875,66281.2421875
1771457400,66282.984375,66316.3125,66282.984375,66316.3125
1771457580,66356.734375,66378.984375,66356.734375,66378.984375
1771457760,66368.484375,66375.6171875,66368.484375,66369.890625
1771457940,66412.5625,66412.5625,66376.9140625,66376.9140625
1771458120,66380.84375,66444.578125,66380.84375,66444.578125
1771458300,66435.1640625,66435.1640625,66426.2734375,66426.2734375
1771458480,66438.84375,66454.2578125,66437.484375,66437.484375
1771458660,66415.5625,66415.5625,66397.6953125,66413.3359375
1771458840,66466.9609375,66467.7890625,66466.9609375,66467.7890625
1771459020,66443.4140625,66443.4140625,66415.5234375,66415.5234375
1771459200,66441.8515625,66441.8515625,66379.296875,66379.296875
1771459380,66380.0390625,66407.3671875,66380.0390625,66407.3671875
1771459560,66431.328125,66512.8671875,66431.328125,66512.8671875
1771459740,66519.34375,66519.34375,66519.34375,66519.34375
1771459920,66509.9375,66509.9375,66386.46875,66386.46875
1771460100,66383.7734375,66413.625,66383.7734375,66413.625
1771460280,66439.6328125,66490.6484375,66439.6328125,66476.0078125
1771460460,66449.5859375,66449.5859375,66393.3984375,66393.3984375
1771460640,66400.9609375,66400.9609375,66323.90625,66323.90625
1771460820,66331.78125,66340.1796875,66331.78125,66340.1796875
1771461000,66375.8828125,66375.8828125,66359.40625,66365.0390625
1771461180,66375.4921875,66412.8203125,66375.4921875,66412.8203125
1771461360,66413.5078125,66434.1171875,66413.5078125,66434.1171875
1771461540,66436.9921875,66437.3359375,66436.9921875,66437.3359375
1771461720,66502.75,66502.75,66502.75,66502.75
1771461900,66509.5703125,66509.5703125,66497.6015625,66500.25
1771462080,66471.2109375,66471.2109375,66410.6796875,66410.6796875
1771462260,66369.25,66369.25,66369.25,66369.25
1771462440,66384.671875,66384.671875,66384.234375,66384.234375
1771462620,66382.296875,66419.1328125,66382.296875,66419.1328125
1771462800,66413.0234375,66449.9140625,66413.0234375,66449.9140625
1771462980,66562.234375,66562.234375,66533.8203125,66545.0
1771463160,66546.2578125,66581.4609375,66544.828125,66581.4609375
1771463340,66558.0859375,66564.75,66558.0859375,66558.15625
1771463520,66540.7421875,66695.078125,66540.7421875,66695.078125
1771463700,66676.828125,66676.828125,66660.71875,66660.71875
1771463880,66581.1484375,66583.140625,66581.1484375,66583.140625
1771464060,66565.390625,66621.6640625,66540.09375,66621.6640625
1771464240,66662.7890625,66682.2890625,66657.5234375,66682.2890625
1771464420,66689.0859375,66689.0859375,66670.53125,66670.53125
1771464600,66654.484375,66715.796875,66654.484375,66715.796875
1771464780,66722.84375,66722.84375,66707.609375,66715.4375
1771464960,66721.453125,66721.453125,66670.4375,66670.4375
1771465140,66616.7421875,66754.0546875,66616.7421875,66754.0546875
1771465320,66782.671875,66782.671875,66777.6328125,66777.6328125
1771465500,66774.9765625,66779.1796875,66774.9765625,66779.0546875
1771465680,66771.0703125,66771.0703125,66751.890625,66753.4140625
1771465860,66749.328125,66749.328125,66734.3046875,66734.3046875
1771466040,66753.4765625,66829.8984375,66753.4765625,66829.8984375
1771466220,66833.9140625,66833.9140625,66818.328125,66825.5234375
1771466400,66836.0703125,66836.0703125,66803.5,66803.5
1771466580,66784.46875,66784.46875,66774.046875,66775.078125
1771466760,66772.2890625,66772.2890625,66761.0078125,66761.0078125
1771466940,66734.78125,66802.6875,66734.78125,66798.859375
1771467120,66766.96875,66802.1953125,66766.96875,66802.1953125
1771467300,66802.921875,66829.6875,66802.921875,66829.328125
1771467480,66830.7890625,66830.7890625,66801.640625,66802.46875
1771467660,66815.796875,66837.34375,66815.796875,66825.6875
1771467840,66854.015625,66900.921875,66854.015625,66900.921875
1771468020,66903.484375,66926.3671875,66898.4140625,66926.3671875
1771468200,66908.6953125,66908.6953125,66831.5234375,66831.5234375
1771468380,66879.0703125,66879.0703125,66837.5859375,66837.5859375
1771468560,66746.6328125,66746.6328125,66710.5234375,66710.5234375
1771468740,66719.15625,66719.15625,66665.53125,66676.9609375
1771468920,66687.6875,66692.46875,66645.7734375,66645.7734375
1771469100,66628.515625,66685.921875,66628.515625,66685.921875
1771469280,66682.6328125,66682.6328125,66667.953125,66667.953125
1771469460,66678.234375,66680.1796875,66671.984375,66680.1796875
1771469640,66684.28125,66684.28125,66677.1171875,66677.1171875
1771469820,66678.2734375,66814.640625,66678.2734375,66814.640625
1771470000,66808.796875,66808.796875,66774.078125,66774.078125
1771470180,66820.71875,66842.8046875,66820.71875,66842.8046875
1771470360,66829.3515625,66829.3515625,66762.734375,66774.28125
1771470540,66779.6015625,66779.6015625,66745.71875,66748.0
1771470720,66736.15625,66756.4140625,66719.5,66756.4140625
1771470900,66761.5234375,66860.4140625,66761.5234375,66860.4140625
1771471080,66864.15625,66880.2578125,66864.15625,66864.703125
1771471260,66859.7421875,66881.5625,66859.7421875,66881.5625
1771471440,66886.4921875,66916.4765625,66886.4921875,66913.3984375
1771471620,66925.0625,66928.09375,66925.0625,66928.09375
1771471800,66919.078125,66919.1640625,66919.078125,66919.1640625
1771471980,66832.703125,66832.703125,66830.8203125,66830.8203125
1771472160,66851.8828125,66899.2890625,66851.8828125,66895.3125
1771472340,66861.40625,66861.40625,66841.1015625,66841.1015625
1771472520,66858.96875,66864.2734375,66858.96875,66864.2734375
1771472700,66865.2265625,66869.109375,66865.2265625,66869.109375
1771472880,66850.3984375,66871.4375,66850.3984375,66871.4375
1771473060,66853.546875,66863.296875,66853.546875,66863.296875
1771473240,66887.3125,66892.7109375,66887.3125,66892.7109375
1771473420,66915.15625,66915.53125,66915.15625,66915.53125
1771473600,66953.765625,66958.5234375,66953.765625,66958.5234375
1771473780,67026.265625,67026.265625,66998.6796875,66998.6796875
1771473960,66967.546875,66971.453125,66967.546875,66971.453125
1771474140,66931.859375,66968.96875,66925.3515625,66968.96875
1771474320,66953.53125,66953.53125,66951.1640625,66951.1640625
1771474500,66954.25,66954.25,66934.53125,66934.53125
1771474680,66928.53125,66935.3046875,66928.53125,66935.3046875
1771474860,66901.3203125,66901.3203125,66889.71875,66889.71875
1771475040,66868.59375,66868.59375,66838.8125,66838.8125
1771475220,66842.046875,66854.203125,66830.4921875,66854.203125
1771475400,66860.46875,66882.578125,66860.46875,66878.3671875
1771475580,66894.5703125,66894.5703125,66889.046875,66889.046875
1771475760,66864.953125,66894.015625,66864.953125,66894.015625
1771475940,66895.8828125,66904.375,66895.8828125,66904.375
1771476120,66881.40625,66881.40625,66835.8203125,66835.8203125
1771476300,66799.296875,66812.3203125,66799.296875,66812.3203125
1771476480,66769.921875,66793.234375,66739.40625,66793.234375
1771476660,66760.40625,66760.40625,66745.8515625,66745.8515625
1771476840,66768.1875,66779.7109375,66768.1875,66779.7109375
1771477020,66802.6484375,66806.328125,66789.984375,66789.984375
1771477200,66782.5,66782.5,66750.046875,66750.046875
1771477380,66806.6484375,66806.6484375,66776.6875,66776.6875
1771477560,66708.921875,66708.921875,66671.3359375,66671.3359375
1771477740,66666.1640625,66734.9140625,66666.1640625,66734.9140625
1771477920,66737.296875,66765.171875,66737.296875,66765.171875
1771478100,66737.71875,66814.7734375,66737.71875,66814.7734375
1771478280,66817.6640625,66839.6796875,66817.6640625,66839.6796875
1771478460,66817.2109375,66817.2109375,66705.1953125,66705.1953125
1771478640,66691.921875,66698.84375,66691.921875,66696.4453125
1771478820,66670.453125,66695.4609375,66670.453125,66695.4609375
1771479000,66704.59375,66721.0234375,66704.59375,66721.0234375
1771479180,66702.6015625,66782.5859375,66702.6015625,66765.890625
1771479360,66764.5390625,66764.5390625,66740.453125,66740.453125
1771479540,66767.4296875,66767.4296875,66752.1171875,66762.65625
1771479720,66775.6875,66775.6875,66770.5703125,66770.5703125
1771479900,66765.1484375,66765.1484375,66714.9453125,66747.4140625
1771480080,66765.828125,66792.8671875,66765.828125,66785.453125
1771480260,66780.609375,66784.6484375,66780.609375,66784.6484375
1771480440,66787.71875,66816.9765625,66787.71875,66816.9765625
1771480620,66832.671875,66835.296875,66832.671875,66835.296875
1771480800,66873.390625,66873.390625,66873.390625,66873.390625
1771480980,66881.046875,66881.046875,66881.046875,66881.046875
1771481160,66941.953125,66958.6953125,66936.375,66936.375
1771481340,66940.328125,66940.328125,66934.1328125,66939.21875
1771481520,66936.453125,66949.6953125,66936.34375,66949.6953125
1771481700,66960.9765625,66960.9765625,66944.2421875,66944.2421875
1771481880,66966.953125,66997.515625,66966.953125,66997.515625
1771482060,67095.875,67154.859375,67095.875,67125.46875
1771482240,67152.078125,67177.703125,67152.078125,67168.1640625
1771482420,67168.625,67168.625,67155.8125,67155.8125
1771482600,67149.2890625,67247.71875,67149.2890625,67247.71875
1771482780,67177.7578125,67177.7578125,67111.7578125,67111.7578125
1771482960,67131.6015625,67131.6015625,67108.4609375,67108.4609375
1771483140,67081.7890625,67110.828125,67081.7890625,67110.6328125
1771483320,67108.8046875,67108.8046875,67076.734375,67076.734375
1771483500,67073.9765625,67097.3515625,67073.9765625,67097.3515625
1771483680,67107.6875,67112.8828125,67107.6875,67112.8828125
1771483860,67090.5859375,67169.7734375,67090.5859375,67169.7734375
1771484040,67142.0390625,67150.09375,67137.9296875,67137.9296875
1771484220,67141.03125,67141.03125,67105.7734375,67105.7734375
1771484400,67119.03125,67137.5,67106.890625,67106.890625
1771484580,67072.484375,67083.3125,67072.484375,67083.3125
1771484760,67055.078125,67055.078125,67020.4921875,67020.4921875
1771484940,67039.359375,67060.1171875,67039.359375,67060.1171875
1771485120,67057.421875,67165.6875,67057.421875,67165.6875
1771485300,67116.90625,67147.15625,67116.90625,67147.15625
1771485480,67136.3203125,67150.84375,67136.3203125,67150.84375
1771485660,67186.1328125,67205.34375,67186.1328125,67205.34375
1771485840,67181.3671875,67200.2578125,67181.3671875,67200.2578125
1771486020,67201.2265625,67204.578125,67196.4140625,67204.578125
1771486200,67186.8515625,67241.6640625,67186.8515625,67200.3046875
1771486380,67194.4765625,67196.8515625,67194.4765625,67195.5078125
1771486560,67225.71875,67277.125,67224.8046875,67277.125
1771486740,67241.9296875,67241.9296875,67143.0859375,67143.0859375
1771486920,67123.9296875,67129.15625,67123.9296875,67125.90625
1771487100,67161.953125,67163.6328125,67152.828125,67163.6328125
1771487280,67126.46875,67166.2109375,67126.46875,67166.2109375
1771487460,67172.4609375,67175.5859375,67172.4609375,67175.5859375
1771487640,67139.3046875,67139.3046875,67139.3046875,67139.3046875
1771487820,67149.1640625,67162.84375,67148.5859375,67162.84375
1771488000,67186.15625,67186.15625,67121.1953125,67121.1953125
1771488180,67106.578125,67147.578125,67106.578125,67147.578125
1771488360,67060.703125,67060.703125,67058.5078125,67058.5078125
1771488540,67077.5625,67084.015625,67073.1640625,67073.1640625
1771488720,67070.15625,67070.15625,67055.234375,67055.234375
1771488900,67012.203125,67030.8046875,67012.203125,67030.8046875
1771489080,67070.9140625,67070.9140625,67067.671875,67068.1171875
1771489260,67068.46875,67068.46875,67046.9296875,67046.9296875
1771489440,66936.28125,66936.28125,66927.046875,66927.046875
1771489620,66900.59375,66900.59375,66869.5,66875.2265625
1771489800,66878.8828125,66889.5625,66878.8828125,66885.9921875
1771489980,66797.953125,66811.96875,66797.953125,66811.96875
1771490160,66828.5234375,66863.8125,66828.5234375,66863.8125
1771490340,66912.3515625,66912.3515625,66901.2890625,66907.515625
1771490520,66909.8125,66909.8125,66880.7890625,66880.7890625
1771490700,66880.25,66883.96875,66880.25,66883.96875
1771490880,66889.84375,66889.84375,66870.9296875,66870.9296875
1771491060,66887.375,66887.375,66846.875,66846.875
1771491240,66858.3984375,66890.1484375,66858.3984375,66879.046875
1771491420,66885.4140625,66918.140625,66885.4140625,66918.140625
1771491600,66923.3671875,66934.03125,66923.3671875,66934.03125
1771491780,66926.6875,66945.1015625,66926.6875,66945.1015625
1771491960,66891.328125,66891.328125,66873.1328125,66887.3671875
1771492140,66944.140625,66997.78125,66944.140625,66997.78125
1771492320,67004.8671875,67004.8671875,66996.7109375,67000.1640625
1771492500,67002.5234375,67002.5234375,66992.125,66992.125
1771492680,66996.6640625,66996.6640625,66991.7890625,66991.7890625
1771492860,66978.7421875,67058.265625,66978.7421875,67058.265625
1771493040,67149.0625,67149.0625,67099.625,67099.625
1771493220,67072.421875,67079.1953125,67059.578125,67079.1953125
1771493400,67083.40625,67090.3046875,67083.40625,67090.3046875
1771493580,67074.2421875,67084.8359375,67074.2421875,67084.8359375
1771493760,67093.921875,67093.921875,67026.3125,67026.3125
1771493940,67030.2265625,67030.2265625,67019.1328125,67019.1328125
1771494120,67025.7890625,67035.1015625,67025.7890625,67035.1015625
1771494300,67039.2421875,67039.2421875,67037.1015625,67037.1015625
1771494480,66897.515625,66897.515625,66754.8203125,66754.8203125
1771494660,66824.1171875,66824.1171875,66824.1171875,66824.1171875
1771494840,66816.171875,66843.5625,66816.171875,66843.5625
1771495020,66834.875,66844.96875,66813.484375,66813.484375
1771495200,66811.84375,66811.84375,66776.6484375,66776.6484375
1771495380,66821.6796875,66821.6796875,66752.3515625,66752.3515625
1771495560,66781.703125,66781.703125,66759.3359375,66759.3359375
1771495740,66771.5625,66858.4765625,66771.5625,66858.4765625
1771495920,66873.578125,66884.6328125,66873.578125,66884.6328125
1771496100,66852.3125,66869.484375,66852.3125,66869.484375
1771496280,66871.8984375,66890.8203125,66871.8984375,66890.8203125
1771496460,66874.71875,66874.71875,66861.734375,66861.734375
1771496640,66883.34375,66883.34375,66848.3515625,66858.2421875
1771496820,66872.078125,66872.078125,66863.4140625,66863.4140625
1771497000,66855.5625,66855.5625,66781.203125,66781.203125
1771497180,66836.4765625,66871.1171875,66827.296875,66871.1171875
1771497360,66818.8359375,66827.8671875,66818.8359375,66827.8671875
1771497540,66867.09375,66921.15625,66867.09375,66921.15625
1771497720,66907.5390625,66915.515625,66907.5390625,66915.515625
1771497900,66918.015625,66918.015625,66883.2578125,66883.2578125
1771498080,66890.4375,66890.4375,66885.046875,66885.046875
1771498260,66839.0390625,66839.0390625,66749.6640625,66749.6640625
1771498440,66763.578125,66764.65625,66763.578125,66764.65625
1771498620,66756.4375,66810.2578125,66756.4375,66810.2578125
1771498800,66805.2890625,66807.234375,66794.5,66794.5
1771498980,66821.8828125,66838.34375,66821.8828125,66838.34375
1771499160,66824.7109375,66830.0625,66824.7109375,66829.078125
1771499340,66840.4921875,66883.1953125,66840.4921875,66883.1953125
1771499520,66880.90625,66890.34375,66878.515625,66878.515625
1771499700,66880.7109375,66886.828125,66880.7109375,66884.7578125
1771499880,66865.7734375,66865.7734375,66858.6640625,66860.5390625
1771500060,66857.96875,66866.390625,66857.96875,66859.703125
1771500240,66856.328125,66857.203125,66856.328125,66857.203125
1771500420,66862.546875,66862.546875,66819.5625,66819.5625
1771500600,66809.453125,66809.65625,66802.171875,66809.65625
1771500780,66817.53125,66817.53125,66808.2421875,66812.9765625
1771500960,66701.375,66701.375,66645.4296875,66645.4296875
1771501140,66652.4765625,66687.7890625,66652.4765625,66687.7890625
1771501320,66689.6796875,66689.703125,66684.6015625,66684.6015625
1771501500,66628.1171875,66639.09375,66628.1171875,66639.09375
1771501680,66669.6640625,66669.6640625,66652.6796875,66658.03125
1771501860,66496.1640625,66519.7109375,66496.1640625,66519.7109375
1771502040,66470.890625,66480.3359375,66470.890625,66480.3359375
1771502220,66495.6328125,66495.6328125,66470.9375,66470.9375
1771502400,66463.6171875,66480.8203125,66463.6171875,66480.8203125
1771502580,66453.578125,66453.578125,66436.5078125,66436.5078125
1771502760,66455.53125,66455.53125,66331.1328125,66344.3515625
1771502940,66366.609375,66511.8671875,66366.609375,66492.1015625
1771503120,66505.2265625,66515.015625,66505.2265625,66508.34375
1771503300,66502.28125,66528.9296875,66463.6171875,66463.6171875
1771503480,66527.515625,66527.515625,66483.84375,66483.84375
1771503660,66500.6796875,66528.5546875,66500.6796875,66528.5546875
1771503840,66566.0859375,66605.703125,66566.0859375,66605.703125
1771504020,66599.6328125,66624.3359375,66599.6328125,66624.3359375
1771504200,66625.578125,66625.578125,66613.828125,66624.359375
1771504380,66608.8828125,66608.8828125,66608.8515625,66608.8515625
1771504560,66607.84375,66623.9375,66607.84375,66623.9375
1771504740,66473.4921875,66602.2109375,66473.4921875,66602.2109375
1771504920,66614.3125,66614.3125,66585.296875,66585.296875
1771505100,66589.265625,66589.265625,66557.265625,66557.265625
1771505280,66486.8125,66510.171875,66486.8125,66510.171875
1771505460,66513.6328125,66528.53125,66513.6328125,66528.53125
1771505640,66517.046875,66517.046875,66489.15625,66489.15625
1771505820,66498.828125,66498.828125,66483.296875,66483.296875
1771506000,66490.0703125,66495.5703125,66471.8671875,66495.5703125
1771506180,66526.0,66526.0,66450.96875,66450.96875
1771506360,66312.375,66312.375,66240.796875,66279.390625
1771506540,66330.03125,66335.734375,66323.828125,66335.734375
1771506720,66393.6640625,66393.6640625,66358.515625,66366.28125
1771506900,66358.390625,66389.1328125,66358.390625,66389.1328125
1771507080,66307.0546875,66307.0546875,66234.703125,66234.703125
1771507260,66245.5234375,66245.5234375,66173.515625,66239.421875
1771507440,66251.59375,66251.59375,66171.6953125,66171.6953125
1771507620,66149.4921875,66184.09375,66133.9453125,66184.09375
1771507800,66165.3984375,66165.3984375,66137.140625,66152.1484375
1771507980,66181.75,66217.265625,66180.34375,66217.265625
1771508160,66225.0,66266.453125,66225.0,66266.453125
1771508340,66135.296875,66135.296875,66068.734375,66068.734375
1771508520,66022.1171875,66022.1171875,65921.125,65921.125
1771508700,65963.8984375,65963.8984375,65883.65625,65954.109375
1771508880,65886.453125,65886.453125,65792.34375,65792.34375
1771509060,65901.7265625,65901.7265625,65901.7265625,65901.7265625
1771509240,65961.609375,65961.609375,65902.6640625,65902.6640625
1771509420,65898.09375,65898.09375,65880.5625,65880.5625
1771509600,65891.7890625,65939.9765625,65891.7890625,65939.9765625
1771509780,65898.0078125,65898.0078125,65841.65625,65841.65625
1771509960,65929.140625,65929.140625,65856.5703125,65856.5703125
1771510140,65890.734375,65925.9921875,65890.734375,65925.9921875
1771510320,65911.40625,66061.375,65911.40625,66061.375
1771510500,66028.1953125,66028.1953125,65973.671875,65973.671875
1771510680,65973.6796875,65973.6796875,65895.578125,65895.578125
1771510860,65911.421875,65931.734375,65910.140625,65931.734375
1771511040,65985.390625,65985.390625,65960.765625,65980.8671875
1771511220,66011.296875,66011.296875,65889.515625,65889.515625
1771511400,65948.3203125,65948.328125,65938.7890625,65948.328125
1771511580,65865.03125,65865.03125,65791.9921875,65791.9921875
1771511760,65672.125,65832.84375,65672.125,65814.3125
1771511940,66084.203125,66144.734375,66084.203125,66144.734375
1771512120,66108.5078125,66225.546875,66108.5078125,66225.546875
1771512300,66283.4296875,66283.4296875,66098.84375,66275.703125
1771512480,66314.5703125,66319.765625,66227.84375,66227.84375
1771512660,66248.375,66462.2109375,66248.375,66462.2109375
1771512840,66512.4921875,66601.0078125,66430.0859375,66601.0078125
1771513020,66576.4921875,66576.4921875,66429.0859375,66429.0859375
1771513200,66399.5546875,66533.9296875,66399.5546875,66533.9296875
1771513380,66525.9296875,66692.1640625,66525.9296875,66590.1171875
1771513560,66596.234375,66596.234375,66489.8671875,66489.8671875
1771513740,66433.9453125,66433.9453125,66398.71875,66398.71875
1771513920,66278.5390625,66278.5390625,66109.8046875,66109.8046875
1771514100,66045.75,66266.1796875,66045.75,66266.1796875
1771514280,66311.421875,66311.421875,66221.2265625,66221.2265625
1771514460,66173.9453125,66173.9453125,65990.6875,65990.6875
1771514640,66004.1796875,66174.0859375,66004.1796875,66141.9921875
1771514820,66108.5546875,66109.1484375,66108.5546875,66109.1484375
1771515000,66025.6875,66093.03125,66025.6875,66093.03125
1771515180,66219.71875,66261.1484375,66219.71875,66261.1484375
1771515360,66300.5859375,66351.5390625,66300.5859375,66333.0390625
1771515540,66502.9296875,66502.9296875,66431.1953125,66432.71875
1771515720,66453.140625,66476.65625,66445.28125,66476.65625
1771515900,66449.484375,66572.7421875,66425.859375,66572.7421875
1771516080,66394.953125,66394.953125,66300.9609375,66300.9609375
1771516260,66167.734375,66265.46875,66167.734375,66265.46875
1771516440,66275.1953125,66285.171875,66275.1953125,66285.171875
1771516620,66280.15625,66353.5703125,66280.15625,66353.5703125
1771516800,66384.875,66384.875,66272.4140625,66272.4140625
1771516980,66135.5,66135.5,66121.7265625,66121.7265625
1771517160,66084.953125,66084.953125,65965.78125,65965.78125
1771517340,66050.703125,66123.671875,66050.703125,66123.671875
1771517520,66073.1796875,66117.84375,66073.1796875,66117.84375
1771517700,66111.3203125,66175.3046875,66111.3203125,66175.3046875
1771517880,66215.5546875,66366.7578125,66215.5546875,66293.0
1771518060,66295.09375,66303.7578125,66285.0390625,66285.0390625
1771518240,66244.4375,66244.4375,66151.75,66151.75
1771518420,66138.28125,66143.625,66125.8046875,66125.8046875
1771518600,66155.734375,66262.875,66155.734375,66262.875
1771518780,66421.40625,66471.390625,66394.4140625,66471.390625
1771518960,66419.4609375,66419.4609375,66348.203125,66383.109375
1771519140,66430.90625,66474.859375,66430.90625,66474.859375
1771519320,66427.6328125,66457.796875,66427.6328125,66444.3828125
1771519500,66365.625,66372.6875,66365.625,66372.6875
1771519680,66403.3203125,66403.3203125,66278.0859375,66283.9296875
1771519860,66321.5078125,66321.5078125,66207.8984375,66207.8984375
1771520040,66301.34375,66389.8203125,66301.34375,66366.984375
1771520220,66318.046875,66340.359375,66281.2890625,66340.359375
1771520400,66291.96875,66304.09375,66258.234375,66258.234375
1771520580,66303.1875,66303.1875,66303.1875,66303.1875
1771520760,66359.0,66436.75,66359.0,66433.4609375
1771520940,66384.6328125,66394.109375,66348.6015625,66394.109375
1771521120,66457.421875,66563.6953125,66457.421875,66558.984375
1771521300,66645.4453125,66645.4453125,66560.453125,66625.8125
1771521480,66866.0,67007.3671875,66866.0,66958.8984375
1771521660,66912.484375,66912.484375,66881.6796875,66881.6796875
1771521840,66914.4453125,66914.4453125,66734.6171875,66734.6171875
1771522020,66735.8203125,66735.8203125,66628.3984375,66628.3984375
1771522200,66623.09375,66623.09375,66568.0703125,66568.0703125
1771522380,66545.5234375,66569.3359375,66511.9140625,66511.9140625
1771522560,66546.1015625,66546.1015625,66536.9140625,66536.9140625
1771522740,66501.6640625,66542.171875,66481.5,66542.171875
1771522920,66572.4296875,66681.984375,66572.4296875,66650.953125
1771523100,66629.453125,66629.453125,66610.1171875,66610.1171875
1771523280,66604.8515625,66604.8515625,66417.90625,66417.90625
1771523460,66488.890625,66488.890625,66371.5703125,66371.5703125
1771523640,66249.6015625,66288.6015625,66191.3828125,66288.6015625
1771523820,66329.1640625,66329.1640625,66290.6875,66290.6875
1771524000,66320.6484375,66321.3671875,66294.8359375,66294.8359375
1771524180,66270.2265625,66319.578125,66253.875,66253.875
1771524360,66265.0,66420.5,66265.0,66420.5
1771524540,66431.8046875,66431.8046875,66368.5546875,66368.5546875
1771524720,66440.8671875,66519.6796875,66440.8671875,66519.6796875
1771524900,66616.8203125,66616.8203125,66557.09375,66557.09375
1771525080,66530.3125,66549.4296875,66530.3125,66549.4296875
1771525260,66584.0625,66610.4609375,66567.875,66610.4609375
1771525440,66624.296875,66865.6953125,66624.296875,66865.6953125
1771525620,66856.3359375,66872.625,66855.3515625,66872.625
1771525800,66874.1640625,66888.34375,66866.7421875,66866.7421875
1771525980,66870.6875,66870.6875,66698.203125,66698.203125
1771526160,66842.359375,66842.359375,66755.40625,66755.40625
1771526340,66729.5625,66812.9921875,66729.5625,66812.9921875
1771526520,66810.1328125,66984.234375,66810.1328125,66984.234375
1771526700,66974.109375,66974.109375,66964.140625,66964.140625
1771526880,66952.15625,67001.9296875,66952.15625,67001.9296875
1771527060,66940.5546875,66975.5390625,66940.5546875,66975.5390625
1771527240,67011.5234375,67011.5234375,66982.578125,66982.578125
1771527420,66967.0390625,66967.0390625,66896.09375,66922.703125
1771527600,67005.46875,67005.46875,66910.984375,66910.984375
1771527780,66920.7890625,67024.7421875,66920.7890625,67024.7421875
1771527960,67059.140625,67165.4140625,67059.140625,67165.4140625
1771528140,67087.21875,67087.21875,67005.9921875,67005.9921875
1771528320,66927.2734375,66992.609375,66927.2734375,66936.5625
1771528500,66895.2734375,66896.3671875,66858.65625,66896.3671875
1771528680,66944.625,66944.625,66919.6328125,66919.6328125
1771528860,66982.734375,67036.5859375,66931.203125,67036.5859375
1771529040,67018.375,67020.1640625,67018.375,67020.1640625
1771529220,66948.3984375,66948.3984375,66947.7734375,66947.7734375
1771529400,66902.4609375,66920.328125,66882.25,66882.25
1771529580,66874.4140625,66885.703125,66874.4140625,66885.703125
1771529760,66824.4296875,66824.4296875,66799.8515625,66802.515625
1771529940,66776.71875,66776.71875,66691.421875,66691.421875
1771530120,66726.0625,66769.046875,66726.0625,66769.046875
1771530300,66840.6328125,66862.5703125,66839.7890625,66839.7890625
1771530480,66783.6953125,66811.9140625,66783.6953125,66811.9140625
1771530660,67012.703125,67087.1171875,66981.375,66981.375
1771530840,66952.2578125,67022.921875,66952.2578125,67022.921875
1771531020,67045.65625,67045.65625,67006.8515625,67021.28125
1771531200,67024.2265625,67044.765625,66986.25,67044.765625
1771531380,67054.1484375,67054.1484375,67046.5625,67046.5625
1771531560,67006.6328125,67023.3125,66960.0390625,67023.3125
1771531740,67017.859375,67017.859375,66975.5234375,66975.5234375
1771531920,66947.1640625,66947.1640625,66947.1640625,66947.1640625
1771532100,66946.1953125,66946.1953125,66874.6875,66874.6875
1771532280,66874.1015625,66889.1328125,66870.703125,66889.1328125
1771532460,66905.3515625,66912.078125,66872.953125,66912.078125
1771532640,66944.3203125,66944.3203125,66905.0078125,66905.0078125
1771532820,66932.9140625,66942.453125,66932.5234375,66932.5234375
1771533000,66922.484375,66957.859375,66922.484375,66957.859375
1771533180,66949.9296875,66993.6328125,66949.9296875,66985.8125
1771533360,67008.1171875,67008.1171875,66953.9765625,66953.9765625
1771533540,66902.6171875,66962.1875,66902.6171875,66962.1875
1771533720,66912.96875,66948.46875,66912.96875,66948.46875
1771533900,66928.421875,67129.59375,66928.421875,67129.59375
1771534080,67088.5859375,67088.5859375,67064.78125,67074.3671875
1771534260,67103.03125,67123.953125,67103.03125,67117.296875
1771534440,67126.0,67126.0,67078.6875,67078.6875
1771534620,67092.515625,67093.53125,67092.515625,67093.53125
1771534800,67095.4765625,67095.4765625,67032.2890625,67072.1015625
1771534980,67136.171875,67136.171875,67084.328125,67113.453125
1771535160,67127.265625,67127.265625,67094.6484375,67094.6484375
1771535340,67091.796875,67091.796875,67078.109375,67078.109375
1771535520,67045.875,67045.875,67040.1875,67045.671875
1771535700,67021.8515625,67021.8515625,67013.609375,67019.2109375
1771535880,66990.125,67012.6875,66984.125,66984.125
1771536060,66978.2421875,67013.9296875,66978.2421875,67013.9296875
1771536240,66992.1328125,66998.65625,66989.40625,66998.65625
1771536420,67003.1171875,67005.7578125,66994.7421875,66994.7421875
1771536600,66978.4765625,66989.4921875,66978.4765625,66979.90625
1771536780,66975.953125,66991.5234375,66975.953125,66991.5234375
1771536960,67000.125,67032.8203125,67000.125,67032.8203125
1771537140,67031.9921875,67031.9921875,66983.8828125,66983.8828125
1771537320,66977.984375,66979.515625,66975.40625,66975.40625
1771537500,66956.2578125,66956.2578125,66954.0078125,66956.078125
1771537680,66961.3359375,66965.0625,66958.53125,66958.53125
1771537860,66938.671875,66952.3125,66938.671875,66952.3125
1771538040,66904.0859375,66904.0859375,66886.0078125,66886.0078125
1771538220,66899.125,66900.234375,66899.125,66900.234375
1771538400,66894.5546875,66894.5546875,66869.109375,66892.1171875
1771538580,66872.765625,66872.765625,66864.640625,66864.640625
1771538760,66797.7578125,66829.8984375,66797.7578125,66829.8984375
1771538940,66821.75,66858.6953125,66809.1640625,66858.6953125
1771539120,66857.984375,66857.984375,66790.328125,66790.328125
1771539300,66869.140625,66869.140625,66791.09375,66799.9921875
1771539480,66810.03125,66823.1796875,66810.03125,66823.1796875
1771539660,66824.5546875,66824.5546875,66787.6484375,66798.796875
1771539840,66814.46875,66814.46875,66777.5,66777.5
1771540020,66757.140625,66757.2890625,66748.78125,66748.78125
1771540200,66743.953125,66743.953125,66654.2421875,66654.2421875
1771540380,66685.4375,66716.484375,66685.4375,66689.5390625
1771540560,66636.453125,66651.4765625,66636.453125,66651.4765625
1771540740,66648.8125,66684.3359375,66648.8125,66684.3359375
1771540920,66688.203125,66790.5078125,66688.203125,66790.5078125
1771541100,66806.0234375,66809.4609375,66806.0234375,66809.4609375
1771541280,66777.5234375,66791.3046875,66777.5234375,66791.3046875
1771541460,66801.078125,66867.2890625,66801.078125,66867.2890625
1771541640,66854.8671875,66905.6484375,66854.8671875,66905.6484375
1771541820,66895.1328125,66912.203125,66895.1328125,66912.203125
1771542000,66926.6796875,66926.6796875,66894.1640625,66894.1640625
1771542180,66904.546875,66904.546875,66904.546875,66904.546875
1771542360,66825.4453125,66825.4453125,66819.5,66819.5
1771542540,66850.4765625,66858.5078125,66850.4765625,66858.5078125
1771542720,66851.078125,66851.078125,66821.140625,66821.140625
1771542900,66842.2421875,66862.84375,66842.2421875,66859.1484375
1771543080,66877.65625,66884.09375,66867.1015625,66884.09375
1771543260,66954.4765625,66981.6953125,66954.4765625,66981.6953125
1771543440,66949.2890625,66960.765625,66949.2890625,66960.765625
1771543620,66967.9375,66967.9375,66938.96875,66938.96875
1771543800,66959.5546875,66959.5546875,66917.046875,66917.046875
1771543980,66949.875,66950.5703125,66949.875,66950.5703125
1771544160,66957.390625,66957.390625,66927.6875,66927.6875
1771544340,66904.59375,66917.6953125,66904.59375,66917.6953125
1771544520,66916.6484375,66927.9375,66916.40625,66927.9375
1771544700,66937.125,66988.2890625,66937.125,66988.2890625
1771544880,66969.3515625,66969.3515625,66954.828125,66954.828125
1771545060,66936.9140625,66936.9140625,66934.890625,66935.484375
1771545240,66939.3984375,66939.3984375,66939.3984375,66939.3984375
1771545420,66941.78125,66944.359375,66941.78125,66944.359375
1771545600,66959.8671875,66959.8671875,66947.109375,66947.8203125
1771545780,66984.7265625,66991.046875,66945.0,66945.0
1771545960,66958.171875,66983.828125,66958.171875,66969.4296875
1771546140,66972.1875,66972.1875,66961.421875,66961.421875
1771546320,66984.6875,67079.890625,66975.0390625,67079.890625
1771546500,67148.953125,67199.5234375,67148.953125,67199.5234375
1771546680,67198.921875,67222.6875,67193.3828125,67193.3828125
1771546860,67190.421875,67190.421875,67150.0703125,67150.0703125
1771547040,67212.4296875,67212.4296875,67201.359375,67201.359375
1771547220,67384.4296875,67384.4296875,67347.4609375,67369.1171875
1771547400,67365.0859375,67365.0859375,67311.8515625,67311.8515625
1771547580,67279.78125,67325.4453125,67241.109375,67241.109375
1771547760,67247.4765625,67301.7578125,67247.4765625,67301.7578125
1771547940,67316.1640625,67318.96875,67307.65625,67318.96875
1771548120,67262.125,67262.125,67244.5234375,67257.2578125
1771548300,67268.125,67268.125,67260.2578125,67260.2578125
1771548480,67227.125,67256.359375,67227.125,67256.359375
1771548660,67225.703125,67227.65625,67195.9140625,67195.9140625
1771548840,67204.5,67204.5,67200.0390625,67200.0390625
1771549020,67195.5625,67228.1953125,67195.5625,67228.1953125
1771549200,67222.1796875,67234.078125,67219.15625,67234.078125
1771549380,67217.390625,67245.34375,67217.390625,67245.34375
1771549560,67274.3515625,67297.1640625,67274.3515625,67297.1640625
1771549740,67252.171875,67284.0625,67252.171875,67284.0625
1771549920,67283.078125,67286.6328125,67281.28125,67286.6328125
1771550100,67263.171875,67263.171875,67227.4765625,67227.4765625
1771550280,67210.125,67210.125,67199.09375,67203.15625
1771550460,67249.078125,67250.09375,67249.078125,67250.09375
1771550640,67156.59375,67156.59375,67154.25,67154.25
1771550820,67132.765625,67145.9609375,67132.765625,67145.9609375
1771551000,67163.6953125,67179.1953125,67163.6953125,67179.1953125
1771551180,67216.3984375,67216.3984375,67210.6015625,67212.5234375
1771551360,67295.5625,67295.5625,67259.34375,67259.34375
1771551540,67279.0859375,67284.2265625,67279.0859375,67284.2265625
1771551720,67304.7265625,67304.7265625,67304.7265625,67304.7265625
1771551900,67301.1171875,67301.1171875,67265.0234375,67265.0234375
1771552080,67220.609375,67220.609375,67198.9375,67208.265625
1771552260,67207.8125,67207.8125,67160.2265625,67188.1796875
1771552440,67198.0,67226.828125,67198.0,67226.828125
1771552620,67260.1875,67271.4296875,67254.0390625,67254.0390625
1771552800,67255.5625,67255.5625,67243.59375,67246.1875
1771552980,67247.34375,67312.875,67247.34375,67311.2734375
1771553160,67304.296875,67304.296875,67299.078125,67299.078125
1771553340,67299.5703125,67299.5703125,67284.921875,67286.6484375
1771553520,67277.109375,67277.109375,67228.046875,67228.046875
1771553700,67250.046875,67250.046875,67238.90625,67238.90625
1771553880,67259.9296875,67259.9296875,67259.9296875,67259.9296875
1771554060,67254.484375,67254.484375,67163.2421875,67163.2421875
1771554240,67173.6015625,67176.640625,67160.7890625,67160.7890625
1771554420,67168.8359375,67171.625,67162.765625,67171.625
1771554600,67170.84375,67186.875,67170.84375,67186.875
1771554780,67178.125,67197.125,67178.125,67197.125
1771554960,67216.7265625,67222.296875,67216.5703125,67222.296875
1771555140,67263.8828125,67263.8828125,67225.78125,67225.78125
1771555320,67273.390625,67276.0234375,67273.390625,67276.0234375
1771555500,67271.8515625,67277.03125,67262.46875,67277.03125
1771555680,67267.671875,67272.671875,67267.671875,67272.390625
1771555860,67282.234375,67286.4765625,67282.234375,67286.4765625
1771556040,67218.953125,67225.9921875,67218.953125,67225.9921875
1771556220,67245.7734375,67261.328125,67245.7734375,67261.328125
1771556400,67227.0703125,67251.3671875,67227.0703125,67251.3671875
1771556580,67255.34375,67258.8359375,67255.34375,67258.8359375
1771556760,67253.3046875,67253.3046875,67225.390625,67250.8515625
1771556940,67264.890625,67264.890625,67249.9140625,67249.9140625
1771557120,67257.8515625,67257.8515625,67250.671875,67250.671875
1771557300,67249.2890625,67249.2890625,67225.234375,67225.234375
1771557480,67227.0625,67238.6796875,67227.0625,67238.6796875
1771557660,67268.2109375,67366.2109375,67268.2109375,67351.6796875
1771557840,67363.2734375,67441.515625,67354.1171875,67441.515625
1771558020,67398.7890625,67406.9921875,67385.2421875,67385.2421875
1771558200,67373.265625,67373.265625,67349.796875,67349.796875
1771558380,67342.3515625,67350.2734375,67342.3515625,67350.2734375
1771558560,67366.2734375,67379.8203125,67366.2734375,67379.8203125
1771558740,67444.15625,67448.2734375,67444.15625,67448.2734375
1771558920,67362.703125,67362.703125,67307.0234375,67307.0234375
1771559100,67283.2734375,67287.1796875,67281.3046875,67281.3046875
1771559280,67299.1875,67311.0625,67295.375,67295.375
1771559460,67309.828125,67323.6953125,67304.8125,67323.6953125
1771559640,67314.4296875,67338.859375,67314.4296875,67337.875
1771559820,67341.0234375,67343.1328125,67341.0234375,67343.1328125
1771560000,67334.6015625,67335.84375,67294.8046875,67294.8046875
1771560180,67275.734375,67329.8046875,67275.734375,67308.578125
1771560360,67341.234375,67341.234375,67321.0,67321.0
1771560540,67276.3671875,67283.7109375,67270.7109375,67283.7109375
1771560720,67272.359375,67279.703125,67265.859375,67265.859375
1771560900,67274.5859375,67305.7265625,67274.5859375,67305.7265625
1771561080,67311.1875,67311.1875,67202.921875,67202.921875
1771561260,67112.5625,67175.6640625,67112.5625,67175.6640625
1771561440,67180.578125,67200.6484375,67180.578125,67200.6484375
1771561620,67199.4453125,67216.6328125,67199.4453125,67213.7109375
1771561800,67196.09375,67196.09375,67161.5703125,67161.5703125
1771561980,67185.4375,67254.5703125,67185.4375,67236.3828125
1771562160,67228.9921875,67247.078125,67228.9921875,67247.078125
1771562340,67251.59375,67281.1015625,67251.59375,67281.1015625
1771562520,67277.8359375,67287.359375,67266.0859375,67266.0859375
1771562700,67258.84375,67258.84375,67253.703125,67253.703125
1771562880,67246.65625,67246.65625,67246.65625,67246.65625
1771563060,67241.171875,67243.3125,67241.171875,67243.3125
1771563240,67244.84375,67244.84375,67214.3046875,67214.3046875
1771563420,67220.2109375,67233.375,67220.2109375,67233.375
1771563600,67235.1171875,67245.3828125,67235.1171875,67239.65625
1771563780,67232.6875,67246.734375,67232.6875,67246.734375
1771563960,67246.140625,67246.140625,67172.9453125,67172.9453125
1771564140,67198.9453125,67220.234375,67198.9453125,67220.234375
1771564320,67213.6015625,67232.2578125,67213.6015625,67232.2578125
1771564500,67225.1171875,67226.90625,67225.1171875,67226.90625
1771564680,67227.3125,67227.3125,67222.8046875,67226.2421875
1771564860,67226.6796875,67285.9296875,67226.6796875,67285.9296875
1771565040,67314.1953125,67330.625,67314.1953125,67330.625
1771565220,67408.7265625,67408.7265625,67356.5234375,67356.5234375
1771565400,67368.421875,67460.59375,67368.421875,67460.59375
1771565580,67685.5703125,67842.1875,67685.5703125,67842.1875
1771565760,67837.8984375,67837.8984375,67753.0703125,67766.28125
1771565940,67802.8203125,67824.640625,67802.8203125,67807.4609375
1771566120,67848.2890625,67851.703125,67848.2890625,67851.703125
1771566300,67927.9296875,67927.9296875,67906.4140625,67906.4140625
1771566480,67974.984375,67974.984375,67932.0546875,67952.7421875
1771566660,67976.796875,67976.796875,67870.3984375,67870.3984375
1771566840,67838.1953125,67838.1953125,67820.609375,67820.609375
1771567020,67832.1875,67832.1875,67743.3515625,67743.9921875
1771567200,67757.8359375,67769.1015625,67718.2734375,67718.2734375
1771567380,67727.359375,67748.84375,67727.359375,67744.203125
1771567560,67758.3828125,67800.0546875,67758.3828125,67800.0546875
1771567740,67859.9140625,67859.9140625,67823.5,67828.3984375
1771567920,67813.7734375,67856.4609375,67813.7734375,67856.4609375
1771568100,67844.2265625,67844.2265625,67817.671875,67817.671875
1771568280,67809.5546875,67857.9453125,67809.5546875,67853.5546875
1771568460,67834.15625,67834.15625,67827.5625,67827.5625
1771568640,67682.671875,67724.3125,67682.671875,67724.3125
1771568820,67739.6171875,67739.6171875,67732.8828125,67732.8828125
1771569000,67703.4765625,67750.8046875,67658.75,67750.8046875
1771569180,67779.8671875,67811.796875,67779.8671875,67809.3671875
1771569360,67786.03125,67786.03125,67758.5390625,67758.5390625
1771569540,67753.8125,67764.0703125,67753.8125,67764.0703125
1771569720,67776.4375,67807.15625,67776.4375,67779.8515625
1771569900,67737.2890625,67737.2890625,67726.875,67726.875
1771570080,67760.1796875,67821.765625,67760.1796875,67821.765625
1771570260,67810.0859375,67822.8203125,67810.0859375,67822.8203125
1771570440,67841.8359375,67852.4609375,67840.640625,67840.640625
1771570620,67831.296875,67835.203125,67831.296875,67835.203125
1771570800,67819.1953125,67828.8671875,67819.1953125,67827.7109375
1771570980,67820.015625,67820.015625,67799.0234375,67806.046875
1771571160,67799.6796875,67818.5234375,67799.6796875,67818.5234375
1771571340,67804.1328125,67804.1328125,67770.875,67770.875
1771571520,67770.875,67782.859375,67761.796875,67782.859375
1771571700,67802.78125,67840.8359375,67802.78125,67840.8359375
1771571880,67833.890625,67870.3984375,67833.890625,67837.7890625
1771572060,67844.0859375,67891.6484375,67844.0859375,67891.6484375
1771572240,67918.3125,67929.0234375,67918.3125,67927.4609375
1771572420,67917.4296875,67947.2734375,67917.4296875,67925.5703125
1771572600,67923.5390625,67923.5390625,67905.4921875,67905.4921875
1771572780,67905.515625,67918.7578125,67905.515625,67918.7578125
1771572960,67895.3515625,67895.3515625,67857.0703125,67863.5390625
1771573140,67882.75,67901.6796875,67882.75,67895.1015625
1771573320,67870.75,67879.6875,67870.75,67879.6875
1771573500,67870.4609375,67881.2734375,67857.6484375,67857.6484375
1771573680,67828.765625,67859.828125,67828.765625,67859.828125
1771573860,67902.6640625,67902.6640625,67856.375,67856.375
1771574040,67871.8828125,67871.8828125,67856.015625,67856.015625
1771574220,67790.90625,67790.90625,67780.1015625,67780.3203125
1771574400,67804.140625,67820.4921875,67804.140625,67820.4921875
1771574580,67832.9921875,67846.078125,67832.9921875,67846.078125
1771574760,67834.3515625,67840.4140625,67776.9765625,67776.9765625
1771574940,67801.6015625,67863.09375,67801.6015625,67863.09375
1771575120,67857.15625,67857.15625,67845.8828125,67845.8828125
1771575300,67851.7578125,67851.7578125,67843.78125,67843.78125
1771575480,67907.4375,67907.4375,67897.234375,67897.234375
1771575660,67896.4140625,67896.4140625,67833.0078125,67833.0078125
1771575840,67868.25,67896.1640625,67863.390625,67896.1640625
1771576020,67843.59375,67843.59375,67829.09375,67829.09375
1771576200,67840.4375,67868.609375,67840.4375,67851.4921875
1771576380,67822.0625,67822.0625,67732.1015625,67732.1015625
1771576560,67776.6796875,67776.6796875,67759.8203125,67762.5390625
1771576740,67784.953125,67784.953125,67784.953125,67784.953125
1771576920,67789.2578125,67789.2578125,67776.5,67776.5
1771577100,67773.9296875,67799.5078125,67773.9296875,67799.5078125
1771577280,67774.6953125,67774.6953125,67774.3203125,67774.3203125
1771577460,67816.0390625,67821.9453125,67816.0390625,67821.9453125
1771577640,67818.78125,67870.1640625,67818.78125,67853.8359375
1771577820,67846.265625,67846.265625,67831.90625,67842.3046875
1771578000,67850.53125,67897.4609375,67850.53125,67897.4609375
1771578180,68075.359375,68167.421875,68075.359375,68153.484375
1771578360,68124.765625,68124.765625,68117.8046875,68117.8046875
1771578540,68108.1328125,68108.1328125,68103.5625,68103.5625
1771578720,68118.828125,68119.0859375,68118.828125,68119.0859375
1771578900,68108.7890625,68150.140625,68108.7890625,68150.140625
1771579080,68134.1953125,68134.1953125,68105.6328125,68105.6328125
1771579260,68107.40625,68107.40625,68104.390625,68104.390625
1771579440,68149.046875,68149.046875,68119.4375,68119.4375
1771579620,68143.9765625,68152.5703125,68141.703125,68141.703125
1771579800,68166.265625,68185.90625,68166.265625,68184.015625
1771579980,68145.7109375,68145.7109375,68104.5,68117.6015625
1771580160,68137.8203125,68137.8203125,68109.8984375,68109.8984375
1771580340,68134.734375,68151.5625,68113.875,68113.875
1771580520,68113.875,68129.3828125,68113.875,68129.3828125
1771580700,68116.1171875,68133.90625,68116.1171875,68126.921875
1771580880,68137.53125,68137.53125,68125.65625,68125.65625
1771581060,68129.9765625,68147.453125,68129.9765625,68136.6953125
1771581240,68141.2578125,68160.1875,68141.2578125,68160.1875
1771581420,68183.4140625,68193.9375,68166.8203125,68166.8203125
1771581600,68187.9765625,68194.671875,68187.9765625,68194.671875
1771581780,68177.0078125,68177.0078125,68160.5625,68160.5625
1771581960,68173.3671875,68180.2109375,68173.3671875,68180.2109375
1771582140,68260.71875,68260.71875,68102.484375,68102.484375
1771582320,68175.7421875,68175.7421875,68151.546875,68151.546875
1771582500,68154.921875,68177.75,68154.921875,68177.75
1771582680,68205.8671875,68205.8671875,68203.703125,68203.703125
1771582860,68202.1171875,68202.1171875,68173.828125,68173.828125
1771583040,68152.203125,68152.203125,68112.171875,68126.859375
1771583220,68188.6015625,68255.3203125,68188.6015625,68234.9765625
1771583400,68242.5625,68248.421875,68242.5625,68248.421875
1771583580,68237.8671875,68237.8671875,68212.1015625,68212.1015625
1771583760,68196.203125,68208.078125,68196.203125,68208.078125
1771583940,68185.4921875,68199.953125,68185.4921875,68193.4375
1771584120,68161.6171875,68161.6171875,68144.6875,68144.6875
1771584300,68141.0078125,68150.1484375,68141.0078125,68148.6953125
1771584480,68042.375,68081.8984375,68027.1640625,68027.1640625
1771584660,68044.2734375,68044.2734375,67983.15625,67983.15625
1771584840,67983.0546875,67983.0546875,67895.515625,67895.515625
1771585020,67925.5625,67925.5625,67898.9921875,67912.8984375
1771585200,67904.40625,67917.453125,67904.3359375,67917.453125
1771585380,67914.125,67914.125,67896.875,67896.875
1771585560,67933.2578125,67933.2578125,67921.578125,67921.578125
1771585740,67929.1171875,67934.84375,67929.1171875,67934.84375
1771585920,67789.171875,67824.75,67789.171875,67824.75
1771586100,67842.8359375,67842.8359375,67808.5859375,67808.5859375
1771586280,67824.34375,67824.34375,67815.4375,67815.4375
1771586460,67814.4296875,67814.4296875,67811.9609375,67811.9609375
1771586640,67812.625,67816.6875,67784.515625,67816.6875
1771586820,67825.65625,67844.46875,67825.65625,67844.46875
1771587000,67849.0625,67851.65625,67843.6328125,67843.6328125
1771587180,67821.8125,67821.8125,67795.84375,67795.84375
1771587360,67768.140625,67768.140625,67656.234375,67656.234375
1771587540,67662.453125,67688.640625,67662.453125,67688.640625
1771587720,67672.828125,67672.828125,67627.4609375,67627.4609375
1771587900,67424.4296875,67486.2578125,67424.4296875,67486.2578125
1771588080,67489.0234375,67494.0234375,67438.140625,67438.140625
1771588260,67534.84375,67553.0078125,67534.84375,67553.0078125
1771588440,67514.1015625,67514.1015625,67438.4453125,67438.4453125
1771588620,67443.9140625,67443.9140625,67410.9375,67410.9375
1771588800,67318.1640625,67340.84375,67318.1640625,67340.84375
1771588980,67384.2890625,67384.2890625,67367.8359375,67367.8359375
1771589160,67362.546875,67382.9453125,67362.546875,67382.9453125
1771589340,67399.65625,67429.3828125,67393.28125,67429.3828125
1771589520,67425.6328125,67463.5,67418.4765625,67463.5
1771589700,67466.203125,67493.828125,67466.203125,67489.125
1771589880,67470.6796875,67470.6796875,67345.359375,67345.921875
1771590060,67368.4765625,67378.6875,67368.4765625,67368.78125
1771590240,67356.796875,67418.8828125,67356.796875,67418.8828125
1771590420,67411.4453125,67411.4453125,67360.4375,67360.4375
1771590600,67299.28125,67332.0703125,67299.28125,67332.0703125
1771590780,67360.1953125,67370.796875,67360.1953125,67370.796875
1771590960,67388.359375,67429.9296875,67388.359375,67429.9296875
1771591140,67394.8671875,67394.8671875,67378.890625,67378.890625
1771591320,67417.140625,67456.4765625,67417.140625,67456.4765625
1771591500,67456.3671875,67470.6484375,67456.3671875,67470.6484375
1771591680,67458.9453125,67485.375,67458.9453125,67485.375
1771591860,67492.578125,67532.4140625,67492.578125,67532.4140625
1771592040,67490.640625,67490.640625,67456.0546875,67478.6328125
1771592220,67492.6328125,67539.1953125,67492.6328125,67501.0625
1771592400,67514.640625,67514.640625,67305.4453125,67305.4453125
1771592580,67208.234375,67208.234375,67117.9765625,67117.9765625
1771592760,67134.15625,67268.2734375,67134.15625,67268.2734375
1771592940,67169.1484375,67219.1171875,67169.1484375,67216.703125
1771593120,67242.9375,67242.9375,67126.0625,67126.0625
1771593300,67118.125,67125.6171875,67110.4375,67125.6171875
1771593480,67147.8203125,67218.03125,67147.8203125,67218.03125
1771593660,67187.3671875,67188.515625,67158.203125,67158.203125
1771593840,67032.546875,67032.546875,66991.2421875,67010.734375
1771594020,67027.9921875,67120.1484375,67027.9921875,67120.1484375
1771594200,67193.5390625,67193.5390625,67136.4296875,67136.4296875
1771594380,66921.4765625,66921.4765625,66851.8203125,66851.8203125
1771594560,66835.2421875,66857.9765625,66833.21875,66857.9765625
1771594740,66507.2109375,66507.2109375,66507.2109375,66507.2109375
1771594920,66549.1171875,66589.421875,66514.6328125,66589.421875
1771595100,66592.6484375,66731.171875,66592.6484375,66731.171875
1771595280,66702.140625,66761.4296875,66702.140625,66761.4296875
1771595460,66738.1015625,66844.5859375,66727.9296875,66844.5859375
1771595640,66894.0,66914.296875,66894.0,66914.296875
1771595820,66873.4609375,66873.4609375,66736.4609375,66736.4609375
1771596000,66783.828125,66820.2578125,66783.828125,66819.765625
1771596180,66899.65625,66899.65625,66899.65625,66899.65625
1771596360,66877.3515625,66889.6796875,66877.3515625,66889.6796875
1771596540,66976.125,66976.125,66967.8125,66967.8125
1771596720,66961.78125,66961.78125,66872.0078125,66872.0078125
1771596900,66897.5703125,66897.5703125,66876.53125,66876.53125
1771597080,66873.6484375,66895.5546875,66801.703125,66801.703125
1771597260,66718.421875,66920.09375,66718.421875,66920.09375
1771597440,66945.828125,67047.75,66929.703125,67047.75
1771597620,67045.4296875,67057.9375,67045.4296875,67057.9375
1771597800,67017.8671875,67054.0390625,66887.234375,67054.0390625
1771597980,67119.140625,67176.75,67086.140625,67086.140625
1771598160,67213.9296875,67213.9296875,67056.828125,67056.828125
1771598340,67145.7421875,67145.7421875,67082.7890625,67105.296875
1771598520,67027.5859375,67219.53125,67027.5859375,67077.328125
1771598700,67064.7421875,67064.7421875,66981.6953125,66981.6953125
1771598880,66910.4765625,66946.7109375,66910.4765625,66946.7109375
1771599060,66962.5625,66988.5390625,66945.28125,66988.5390625
1771599240,67075.5078125,67075.5078125,67051.109375,67061.6796875
1771599420,67078.234375,67078.234375,67070.5546875,67070.5546875
1771599600,67073.0390625,67994.2421875,67073.0390625,67994.2421875
1771599780,67624.8203125,67624.8203125,67398.9140625,67398.9140625
1771599960,67273.359375,67273.359375,67201.015625,67201.015625
1771600140,67402.8984375,67402.8984375,67344.53125,67382.96875
1771600320,67134.171875,67134.171875,67019.21875,67019.21875
1771600500,66869.0625,66869.0625,66587.2109375,66587.2109375
1771600680,66920.265625,67070.953125,66920.265625,67070.953125
1771600860,67175.953125,67308.09375,67175.953125,67308.09375
1771601040,67416.40625,67416.40625,67274.4375,67281.2265625
1771601220,67416.640625,67475.3671875,67416.640625,67472.625
1771601400,67410.4609375,67410.4609375,67307.4453125,67307.4453125
1771601580,67209.9453125,67209.9453125,66996.8671875,67079.0546875
1771601760,66967.140625,67155.5390625,66967.140625,67073.09375
1771601940,67131.2890625,67147.046875,66967.421875,66967.421875
1771602120,67113.3125,67170.8046875,67113.3125,67170.8046875
1771602300,67214.828125,67214.828125,67156.4765625,67156.4765625
1771602480,67315.90625,67350.4296875,67289.6796875,67350.4296875
1771602660,67225.484375,67331.578125,67225.484375,67331.578125
1771602840,67347.2578125,67654.4453125,67347.2578125,67654.4453125
1771603020,67547.1328125,67574.953125,67543.796875,67543.796875
1771603200,67578.8046875,67619.2890625,67547.765625,67619.2890625
1771603380,67737.28125,67737.28125,67711.578125,67721.3515625
1771603560,67671.390625,67748.546875,67671.390625,67748.546875
1771603740,67756.5625,67759.8125,67646.1328125,67646.1328125
1771603920,67663.640625,67762.71875,67663.640625,67736.96875
1771604100,67723.734375,67723.734375,67631.328125,67631.328125
1771604280,67615.84375,67637.1484375,67614.125,67614.125
1771604460,67571.5859375,67571.5859375,67564.609375,67564.609375
1771604640,67845.140625,67870.515625,67747.890625,67747.890625
1771604820,67767.1484375,67767.1484375,67468.6796875,67468.6796875
1771605000,67308.828125,67323.1484375,67308.828125,67323.1484375
1771605180,67353.234375,67414.3359375,67353.234375,67357.78125
1771605360,67432.9296875,67434.8828125,67430.8828125,67434.8828125
1771605540,67449.84375,67495.109375,67389.3203125,67389.3203125
1771605720,67456.7109375,67456.7109375,67413.9296875,67413.9296875
1771605900,67477.6796875,67522.03125,67477.6796875,67522.03125
1771606080,67557.1953125,67654.984375,67557.1953125,67654.984375
1771606260,67612.71875,67643.2421875,67590.71875,67643.2421875
1771606440,67678.3828125,67694.109375,67678.3828125,67688.2265625
1771606620,67715.875,67758.4296875,67715.875,67753.578125
1771606800,67832.125,67832.125,67698.8515625,67698.8515625
1771606980,67728.7265625,67728.7265625,67678.453125,67678.453125
1771607160,67666.8671875,67666.8671875,67566.1953125,67566.1953125
1771607340,67496.3515625,67496.3515625,67283.40625,67297.0390625
1771607520,67273.5390625,67273.5390625,67244.953125,67244.953125
1771607700,67095.0703125,67138.7734375,67095.0703125,67138.7734375
1771607880,67197.984375,67197.984375,67114.140625,67124.2109375
1771608060,67069.4609375,67069.4609375,67017.6015625,67017.6015625
1771608240,67021.9375,67095.015625,67021.9375,67026.8671875
1771608420,67041.2734375,67093.890625,67041.2734375,67093.890625
1771608600,67034.5234375,67142.6640625,67034.5234375,67037.125
1771608780,66999.8046875,67052.453125,66999.8046875,67019.421875
1771608960,67016.40625,67101.0625,67016.40625,67101.0625
1771609140,67148.234375,67222.5546875,67148.234375,67222.5546875
1771609320,67209.3359375,67266.5078125,67209.3359375,67266.5078125
1771609500,67237.7734375,67237.7734375,67221.171875,67221.171875
1771609680,67139.078125,67478.2734375,67139.078125,67478.2734375
1771609860,67447.15625,67561.5234375,67447.15625,67561.5234375
1771610040,67596.859375,67596.859375,67562.859375,67580.734375
1771610220,67561.0625,67574.7734375,67528.5390625,67574.7734375
1771610400,67597.484375,67597.484375,67497.4765625,67497.4765625
1771610580,67510.5703125,67651.5078125,67510.5703125,67651.5078125
1771610760,67743.6640625,67743.6640625,67665.9921875,67665.9921875
1771610940,67622.7890625,67622.7890625,67581.4921875,67581.4921875
1771611120,67530.8515625,67572.859375,67530.8515625,67532.078125
1771611300,67555.8828125,67568.3125,67518.484375,67568.3125
1771611480,67560.671875,67560.671875,67523.8046875,67537.8359375
1771611660,67484.65625,67617.8046875,67462.8046875,67617.8046875
1771611840,67580.8671875,67580.8671875,67568.3984375,67568.3984375
1771612020,67553.4375,67579.5,67543.3359375,67579.5
1771612200,67682.2890625,67786.921875,67682.2890625,67786.921875
1771612380,67846.1640625,67911.5546875,67846.1640625,67893.0859375
1771612560,67633.796875,67688.390625,67633.796875,67688.390625
1771612740,67694.2734375,67823.71875,67690.28125,67823.71875
1771612920,67802.765625,67851.0546875,67740.0,67740.0
1771613100,67785.2265625,67870.953125,67785.2265625,67846.53125
1771613280,67832.6875,67832.6875,67776.2734375,67776.2734375
1771613460,67719.15625,67750.703125,67719.15625,67750.703125
1771613640,67863.3984375,67863.3984375,67808.484375,67808.484375
1771613820,67860.140625,67940.15625,67860.140625,67940.15625
1771614000,67938.0703125,67974.46875,67938.0703125,67974.46875
1771614180,67951.828125,67951.828125,67720.8515625,67720.8515625
1771614360,67734.4765625,67771.1796875,67709.0,67771.1796875
1771614540,67789.375,67789.375,67739.125,67739.125
1771614720,67784.34375,67784.34375,67712.953125,67723.6171875
1771614900,67686.0859375,67726.3984375,67686.0859375,67726.3984375
1771615080,67707.171875,67715.015625,67694.953125,67715.015625
1771615260,67698.484375,67769.2578125,67698.484375,67769.2578125
1771615440,67735.390625,67735.390625,67732.8515625,67732.8515625
1771615620,67670.1484375,67670.9609375,67585.4765625,67585.4765625
1771615800,67606.546875,67670.59375,67606.546875,67670.59375
1771615980,67723.0703125,67759.2890625,67723.0703125,67759.2890625
1771616160,67777.5703125,67806.1796875,67777.5703125,67806.1796875
1771616340,67803.765625,67803.765625,67729.9765625,67729.9765625
1771616520,67721.46875,67721.46875,67543.1796875,67543.1796875
1771616700,67576.3125,67596.140625,67576.3125,67584.5625
1771617060,67584.171875,67676.90625,67584.171875,67676.90625
1771617240,67645.296875,67645.296875,67586.640625,67586.640625
1771617420,67627.0078125,67637.828125,67627.0078125,67637.828125
1771617600,67628.1640625,67694.828125,67628.1640625,67694.828125
1771617780,67688.296875,67700.71875,67676.3046875,67676.3046875
1771617960,67726.984375,67754.6796875,67726.984375,67754.6796875
1771618140,67796.3515625,67796.3515625,67746.4609375,67746.4609375
1771618320,67710.5078125,67799.6953125,67710.5078125,67799.6953125
1771618500,67796.828125,67796.828125,67761.125,67761.125
1771618680,67709.90625,67714.671875,67685.5546875,67714.671875
1771618860,67703.2734375,67703.2734375,67584.5546875,67584.5546875
1771619040,67622.4453125,67641.3359375,67622.4453125,67624.640625
1771619220,67604.9296875,67604.9296875,67594.078125,67602.703125
1771619400,67559.5625,67602.578125,67559.5625,67602.578125
1771619580,67603.1953125,67603.1953125,67570.171875,67570.171875
1771619760,67577.3046875,67581.03125,67577.3046875,67581.03125
1771619940,67589.78125,67680.21875,67589.78125,67680.21875
1771620120,67683.7734375,67683.7734375,67677.921875,67677.921875
1771620300,67700.5390625,67732.5859375,67700.5390625,67732.5859375
1771620480,67710.140625,67721.1484375,67710.140625,67721.1484375
1771620660,67671.984375,67671.984375,67649.3203125,67661.9765625
1771620840,67666.578125,67679.5546875,67666.578125,67679.5546875
1771621020,67718.03125,67718.03125,67695.234375,67704.0390625
1771621200,67725.75,67766.1015625,67675.625,67766.1015625
1771621380,67705.765625,67723.7578125,67673.4921875,67673.4921875
1771621560,67621.828125,67687.1875,67621.828125,67687.1875
1771621740,67755.921875,67759.8671875,67745.2890625,67745.2890625
1771621920,67734.2578125,67734.2578125,67682.2734375,67682.2734375
1771622100,67680.453125,67680.453125,67658.21875,67658.21875
1771622280,67651.4921875,67672.203125,67651.4921875,67669.0625
1771622460,67688.953125,67688.953125,67682.0703125,67688.1640625
1771622640,67678.3828125,67709.765625,67678.3828125,67709.765625
1771622820,67717.921875,67726.9296875,67717.921875,67721.9453125
1771623000,67720.2109375,67720.2109375,67720.2109375,67720.2109375
1771623180,67708.7734375,67739.2578125,67708.7734375,67739.2578125
1771623360,67734.046875,67753.640625,67734.046875,67753.640625
1771623540,67791.03125,67791.03125,67791.03125,67791.03125
1771623720,67792.03125,67792.03125,67790.328125,67790.328125
1771623900,67751.171875,67751.171875,67708.8125,67729.0859375
1771624080,67750.3984375,67768.921875,67750.3984375,67768.921875
1771624260,67781.265625,67781.265625,67764.515625,67764.515625
1771624440,67765.671875,67788.046875,67765.671875,67788.046875
1771624620,67778.171875,67794.421875,67778.171875,67789.5703125
1771624800,67784.078125,67784.078125,67751.484375,67751.484375
1771624980,67760.828125,67766.8046875,67730.2890625,67766.8046875
1771625160,67774.6328125,67774.6328125,67710.8359375,67710.8359375
1771625340,67721.046875,67721.046875,67721.046875,67721.046875
1771625520,67699.3984375,67699.3984375,67639.9609375,67639.9609375
1771625700,67671.9296875,67684.2734375,67671.9296875,67684.2734375
1771625880,67651.9765625,67755.234375,67651.9765625,67755.234375
1771626060,67723.421875,67833.8125,67723.421875,67833.8125
1771626240,67810.328125,67940.6796875,67810.328125,67855.8046875
1771626420,67952.78125,67952.78125,67921.0078125,67921.0078125
1771626600,67922.5546875,67934.7734375,67881.8984375,67934.7734375
1771626780,68011.078125,68017.296875,68010.8125,68010.8125
1771626960,68011.515625,68011.515625,67938.7109375,67938.7109375
1771627140,67951.2578125,67974.4453125,67951.2578125,67974.4453125
1771627320,67994.3515625,67994.3515625,67959.9140625,67959.9140625
1771627500,67945.671875,67945.671875,67917.4765625,67940.140625
1771627680,67946.0546875,67991.7109375,67946.0546875,67991.7109375
1771627860,68022.3046875,68022.3828125,68000.6640625,68000.6640625
1771628040,68009.4296875,68053.4921875,68009.4296875,68053.4921875
1771628220,68056.828125,68056.828125,68043.890625,68043.890625
1771628400,68043.890625,68117.8046875,68043.890625,68117.8046875
1771628580,68100.8046875,68119.3203125,68100.8046875,68101.2890625
1771628760,68116.875,68185.453125,68116.875,68185.453125
1771628940,68041.0234375,68041.0234375,68041.0234375,68041.0234375
1771629120,68074.6328125,68087.53125,68053.015625,68053.015625
1771629300,68004.296875,68004.296875,67980.375,67980.375
1771629480,67952.5859375,67969.5234375,67952.5859375,67969.5234375
1771629660,67969.9765625,68005.109375,67969.7734375,67969.7734375
1771629840,67969.1875,67981.5078125,67969.1875,67981.5078125
1771630020,67978.484375,68018.9375,67978.484375,68013.4296875
1771630200,67969.484375,67969.484375,67952.375,67952.375
1771630380,67988.4140625,67990.1875,67966.265625,67966.265625
1771630560,67995.4375,67995.4375,67980.125,67987.8125
1771630740,67977.0703125,67977.0703125,67977.0703125,67977.0703125
1771630920,67923.6171875,67933.59375,67923.6171875,67925.1328125
1771631100,67939.1171875,67986.1875,67939.1171875,67986.1875
1771631280,67968.4609375,67971.21875,67968.4609375,67971.21875
1771631460,67950.265625,67950.265625,67948.4609375,67948.4609375
1771631640,67965.9609375,67999.625,67965.9609375,67999.625
1771632000,67996.2109375,67998.6640625,67981.4375,67981.4375
1771632180,67986.7109375,67986.7109375,67966.78125,67975.328125
1771632360,67966.59375,67966.59375,67963.328125,67963.328125
1771632540,67943.4140625,67999.890625,67940.1875,67999.890625
1771632720,67998.6875,67998.6875,67996.7265625,67996.7265625
1771632900,67958.8671875,67958.8671875,67945.75,67945.75
1771633080,67949.0703125,67949.0703125,67922.0,67922.0
1771633260,67929.8203125,67936.21875,67928.5078125,67928.5078125
1771633440,67943.4609375,67943.4609375,67882.6796875,67882.6796875
1771633620,67887.515625,67915.4765625,67887.515625,67915.4765625
1771633800,67905.5703125,67905.5703125,67901.6640625,67901.6640625
1771633980,67902.984375,67902.984375,67871.1875,67871.1875
1771634160,67882.71875,67887.9765625,67865.328125,67865.328125
1771634340,67866.453125,67873.671875,67866.453125,67873.671875
1771634520,67864.34375,67864.34375,67855.46875,67855.6328125
1771634700,67846.7421875,67846.7421875,67815.484375,67815.484375
1771634880,67795.671875,67806.8359375,67794.453125,67806.8359375
1771635060,67810.234375,67833.609375,67808.796875,67833.609375
1771635240,67834.8515625,67834.8515625,67815.921875,67815.921875
1771635420,67807.1953125,67817.828125,67807.1953125,67817.828125
1771635600,67815.0,67849.015625,67815.0,67829.9765625
1771635780,67848.125,67875.8984375,67848.125,67875.8984375
1771635960,67849.1875,67849.1875,67848.859375,67849.09375
1771636140,67844.359375,67865.0546875,67844.359375,67865.0546875
1771636320,67862.9140625,67872.171875,67862.9140625,67872.171875
1771636500,67871.1484375,67871.1484375,67854.734375,67854.734375
1771636680,67857.84375,67857.84375,67854.3203125,67854.3203125
1771636860,67853.90625,67859.8828125,67853.90625,67854.09375
1771637040,67859.5859375,67859.5859375,67847.25,67858.65625
1771637220,67852.90625,67857.1171875,67852.90625,67857.1171875
1771637400,67858.390625,67878.3203125,67843.640625,67878.3203125
1771637580,67870.34375,67870.34375,67866.6015625,67866.6015625
1771637760,67882.34375,67885.8671875,67882.34375,67885.8671875
1771637940,67901.171875,67976.8828125,67901.171875,67946.0234375
1771638120,67951.4921875,67965.890625,67951.4921875,67963.9140625
1771638300,67963.6875,67968.953125,67961.296875,67968.953125
1771638480,67974.3359375,67983.0703125,67961.671875,67983.0703125
1771638660,67970.0,67970.0,67943.8515625,67943.8515625
1771638840,67942.8828125,67948.7109375,67942.8828125,67945.203125
1771639020,67939.5546875,67951.6953125,67939.5546875,67951.6953125
1771639200,67937.015625,67937.015625,67932.9375,67932.9609375
1771639380,67926.078125,67926.078125,67893.1015625,67907.6796875
1771639560,67900.9453125,67945.984375,67900.9453125,67928.140625
1771639740,67981.6796875,67981.6796875,67965.6640625,67965.6640625
1771639920,67981.3828125,67989.9140625,67981.3828125,67989.9140625
1771640100,67978.3359375,67978.3359375,67978.3359375,67978.3359375
1771640280,67965.9921875,67979.046875,67965.03125,67979.046875
1771640460,67985.5546875,68029.15625,67985.5546875,68029.15625
1771640640,68018.65625,68024.53125,68018.65625,68024.53125
1771640820,68028.71875,68034.7890625,68028.71875,68034.7890625
1771641000,68032.1953125,68053.65625,68032.1953125,68053.65625
1771641180,68041.109375,68041.109375,68041.109375,68041.109375
1771641360,68042.625,68042.625,68024.234375,68024.234375
1771641540,68034.671875,68042.8515625,68034.671875,68042.8515625
1771641720,68009.59375,68009.59375,68009.59375,68009.59375
1771641900,68014.25,68014.25,67993.1171875,67993.1171875
1771642080,67978.0390625,67984.734375,67978.0390625,67984.734375
1771642260,67975.625,67978.453125,67975.625,67978.453125
1771642440,67986.140625,68005.3515625,67986.140625,68005.3515625
1771642620,68003.9296875,68008.375,68003.9296875,68005.3125
1771642800,67997.578125,67997.578125,67780.484375,67780.484375
1771642980,67735.28125,67770.0546875,67735.28125,67770.0546875
1771643160,67749.7421875,67754.390625,67738.921875,67738.921875
1771643340,67701.546875,67710.2734375,67675.0390625,67710.2734375
1771643520,67724.0546875,67763.328125,67724.0546875,67763.328125
1771643700,67750.6015625,67750.6015625,67735.125,67737.8125
1771643880,67763.390625,67765.5390625,67763.390625,67765.5390625
1771644060,67748.734375,67765.875,67748.734375,67765.875
1771644240,67782.3984375,67798.6640625,67782.3984375,67798.6640625
1771644420,67784.875,67787.625,67781.609375,67787.625
1771644600,67782.7578125,67800.5234375,67782.7578125,67800.5234375
1771644780,67794.046875,67794.046875,67789.171875,67789.171875
1771644960,67780.3125,67783.453125,67776.0703125,67776.0703125
1771645140,67777.7109375,67777.7109375,67701.46875,67701.46875
1771645320,67558.4375,67604.1484375,67558.4375,67604.1484375
1771645500,67596.3984375,67596.3984375,67596.3984375,67596.3984375
1771645680,67595.375,67595.375,67576.0546875,67576.0546875
1771645860,67598.546875,67609.2265625,67598.546875,67609.2265625
1771646040,67615.8671875,67615.8671875,67583.8359375,67583.8359375
1771646220,67618.4765625,67636.8515625,67615.15625,67636.8515625
1771646400,67621.671875,67621.671875,67593.3359375,67593.3359375
1771646580,67598.0,67624.0703125,67598.0,67618.6171875
1771646760,67644.0078125,67656.296875,67644.0078125,67656.296875
1771646940,67655.0703125,67661.328125,67655.0703125,67661.328125
1771647120,67663.984375,67663.984375,67654.2109375,67654.2109375
1771647300,67651.0625,67651.0625,67645.671875,67645.671875
1771647480,67647.6328125,67647.6328125,67601.40625,67601.40625
1771647660,67615.2890625,67619.953125,67585.96875,67585.96875
1771647840,67607.1640625,67661.078125,67607.1640625,67661.078125
1771648020,67664.34375,67689.9375,67664.34375,67686.2109375
1771648200,67690.8984375,67690.8984375,67676.484375,67676.484375
1771648380,67683.890625,67709.4140625,67683.890625,67709.4140625
1771648560,67743.0,67743.0,67723.9609375,67723.9609375
1771648740,67717.1796875,67717.1796875,67691.53125,67691.53125
1771648920,67691.046875,67722.2734375,67691.046875,67722.2734375
1771649100,67705.2890625,67705.2890625,67700.0078125,67702.3046875
1771649280,67692.4609375,67702.2734375,67692.4609375,67702.2734375
1771649460,67699.4375,67701.734375,67694.453125,67694.453125
1771649640,67750.6796875,67769.078125,67732.5859375,67769.078125
1771649820,67797.453125,67817.828125,67797.453125,67812.5078125
1771650000,67799.625,67840.1328125,67799.625,67840.1328125
1771650180,67835.03125,67835.03125,67827.9140625,67827.9140625
1771650360,67821.6640625,67825.84375,67816.1953125,67816.1953125
1771650540,67820.390625,67820.390625,67815.15625,67815.15625
1771650720,67813.421875,67820.3359375,67810.1796875,67820.3359375
1771650900,67814.375,67850.5390625,67814.375,67850.5390625
1771651080,67852.359375,67852.359375,67831.5859375,67837.3515625
1771651260,67817.3671875,67817.3671875,67817.3671875,67817.3671875
1771651440,67831.390625,67831.390625,67813.390625,67813.390625
1771651620,67807.625,67812.1328125,67807.625,67809.4609375
1771651800,67840.984375,67840.984375,67822.8828125,67822.8828125
1771651980,67826.859375,67860.2109375,67822.75,67860.2109375
1771652160,67836.1171875,67836.1171875,67807.5078125,67809.53125
1771652340,67813.421875,67813.421875,67791.8359375,67800.5390625
1771652520,67826.1640625,67838.1796875,67826.1640625,67833.734375
1771652700,67836.34375,67836.34375,67834.0859375,67834.0859375
1771652880,67815.03125,67815.03125,67805.03125,67805.03125
1771653060,67810.6875,67810.6875,67803.890625,67803.890625
1771653240,67845.03125,67845.03125,67821.1640625,67821.1640625
1771653420,67828.4296875,67828.4921875,67823.3359375,67828.4921875
1771653600,67829.1484375,67839.0625,67829.1484375,67834.0234375
1771653780,67838.421875,67871.421875,67838.421875,67862.7890625
1771653960,67867.421875,67867.421875,67864.0625,67864.0625
1771654140,67866.578125,67866.578125,67853.8046875,67855.9375
1771654320,67871.3125,67889.3125,67871.3125,67889.3125
1771654500,67900.4453125,67900.4453125,67885.6328125,67885.6328125
1771654680,67881.5390625,67888.3828125,67881.5390625,67882.3203125
1771654860,67884.0,67884.0,67879.5078125,67879.5078125
1771655040,67872.546875,67879.34375,67867.28125,67879.34375
1771655220,67874.0703125,67874.0703125,67867.2578125,67868.625
1771655400,67863.71875,67863.71875,67847.78125,67847.78125
1771655580,67789.7421875,67794.234375,67780.390625,67794.234375
1771655760,67777.3984375,67777.3984375,67764.0625,67764.0625
1771655940,67744.2578125,67777.5859375,67744.2578125,67777.5859375
1771656120,67776.828125,67776.828125,67773.5078125,67773.5078125
1771656300,67773.640625,67773.640625,67764.78125,67764.78125
1771656480,67766.6875,67766.6875,67736.3515625,67736.3515625
1771656660,67760.6640625,67760.6640625,67759.5546875,67759.5546875
1771656840,67765.109375,67765.109375,67761.015625,67761.015625
1771657020,67759.4609375,67763.1875,67759.4609375,67760.484375
1771657200,67766.5,67766.5,67750.9921875,67750.9921875
1771657380,67754.5,67754.5,67737.140625,67743.6171875
1771657560,67753.453125,67769.6953125,67753.453125,67769.6953125
1771657740,67806.4609375,67818.953125,67806.4609375,67818.953125
1771657920,67809.328125,67809.328125,67803.984375,67803.984375
1771658100,67803.4453125,67813.8359375,67803.4453125,67813.8359375
1771658280,67812.625,67812.625,67812.625,67812.625
1771658460,67813.15625,67818.7421875,67813.15625,67818.7421875
1771658640,67825.328125,67825.328125,67825.328125,67825.328125
1771658820,67832.25,67832.25,67825.1875,67825.1875
1771659000,67827.1640625,67827.1640625,67827.1640625,67827.1640625
1771659180,67843.171875,67850.5,67843.171875,67850.5
1771659360,67845.21875,67845.21875,67845.21875,67845.21875
1771659540,67840.5703125,67847.3984375,67840.5703125,67847.3984375
1771659720,67838.0859375,67838.0859375,67838.0859375,67838.0859375
1771659900,67814.9609375,67822.3359375,67814.9609375,67822.3359375
1771660080,67827.421875,67827.421875,67822.9140625,67822.9140625
1771660260,67838.5703125,67838.5703125,67833.515625,67833.515625
1771660440,67828.9921875,67828.9921875,67827.96875,67827.96875
1771660620,67826.921875,67836.328125,67826.921875,67836.328125
1771660800,67834.890625,67834.890625,67829.046875,67829.046875
1771660980,67818.71875,67818.71875,67818.71875,67818.71875
1771661160,67846.1328125,67852.859375,67846.1328125,67851.109375
1771661340,67874.4609375,67874.4609375,67861.4765625,67861.4765625
1771661520,67874.453125,67884.3359375,67874.453125,67884.3359375
1771661700,67893.875,67915.9921875,67893.328125,67915.9921875
1771661880,67924.6875,67940.6953125,67924.6875,67938.3125
1771662060,67920.3828125,67929.84375,67920.3828125,67929.84375
1771662240,67932.5546875,67932.5546875,67932.5546875,67932.5546875
1771662420,67957.296875,67957.296875,67948.328125,67948.328125
1771662600,67951.671875,67957.0625,67951.671875,67957.0625
1771662780,67964.53125,67964.53125,67964.53125,67964.53125
1771662960,67947.8125,67947.8125,67947.8125,67947.8125
1771663140,67935.6484375,67935.6484375,67935.6484375,67935.6484375
1771663320,67958.421875,67978.3984375,67958.421875,67978.3984375
1771663500,67983.5625,67983.5625,67974.5546875,67974.5546875
1771663680,67959.9609375,67976.4453125,67959.9609375,67976.4453125
1771663860,67973.4375,67973.4375,67966.5859375,67966.5859375
1771664040,67996.6484375,67996.6484375,67996.6484375,67996.6484375
1771664220,67985.671875,68055.921875,67985.671875,68055.921875
1771664400,68038.7109375,68038.7109375,68038.7109375,68038.7109375
1771664580,68034.359375,68040.4375,68034.359375,68040.4375
1771664760,68010.2890625,68014.890625,68010.2890625,68014.890625
1771664940,67995.0078125,67995.0078125,67982.671875,67982.671875
1771665120,67971.28125,67974.1015625,67971.28125,67974.1015625
1771665300,68036.9609375,68088.796875,68036.9609375,68088.796875
1771665480,68126.46875,68126.46875,68096.6484375,68096.6484375
1771665660,68141.1875,68169.46875,68141.1875,68169.46875
1771665840,68175.1328125,68236.328125,68175.1328125,68236.328125
1771666020,68215.1171875,68222.109375,68215.1171875,68222.109375
1771666200,68212.109375,68238.4921875,68212.109375,68221.1875
1771666380,68213.890625,68213.890625,68191.609375,68191.609375
1771666560,68178.09375,68178.09375,68178.09375,68178.09375
1771666740,68135.4921875,68193.3125,68135.4921875,68193.3125
1771666920,68198.0078125,68198.9765625,68185.1796875,68185.1796875
1771667100,68172.5546875,68181.9375,68172.5546875,68181.9375
1771667280,68185.9765625,68185.9765625,68183.03125,68183.03125
1771667460,68184.6640625,68184.6640625,68184.6640625,68184.6640625
1771667640,68137.4765625,68137.4765625,68137.4765625,68137.4765625
1771667820,68137.140625,68137.140625,68127.8046875,68127.8046875
1771668000,68147.625,68165.4375,68147.625,68165.4375
1771668180,68183.6953125,68205.7109375,68183.6953125,68205.7109375
1771668360,68210.65625,68219.875,68210.65625,68219.875
1771668540,68196.2109375,68196.2109375,68176.2578125,68176.2578125
1771668720,68179.734375,68179.734375,68172.75,68172.75
1771668900,68168.796875,68168.796875,68168.796875,68168.796875
1771669080,68142.84375,68142.84375,68129.3984375,68129.8828125
1771669260,68151.6796875,68151.6796875,68151.6796875,68151.6796875
1771669440,68176.6328125,68176.6328125,68168.6640625,68168.6640625
1771669620,68172.828125,68181.5546875,68172.828125,68178.7578125
1771669800,68180.6328125,68199.0,68180.6328125,68199.0
1771669980,68183.5625,68183.5625,68168.9453125,68168.9453125
1771670160,68171.875,68204.3203125,68171.875,68180.625
1771670340,68198.7890625,68198.7890625,68173.6484375,68173.6484375
1771670520,68176.390625,68176.5625,68176.390625,68176.5625
1771670700,68192.609375,68195.015625,68182.40625,68182.40625
1771670880,68175.8125,68185.4609375,68175.8125,68185.4609375
1771671060,68213.0234375,68213.0234375,68192.28125,68192.28125
1771671240,68161.28125,68161.28125,68156.1484375,68156.1484375
1771671420,68164.3359375,68174.34375,68164.3359375,68174.34375
1771671600,68186.6875,68199.3515625,68186.6875,68199.3515625
1771671780,68208.7109375,68208.7109375,68199.6328125,68199.6328125
1771671960,68205.2109375,68219.25,68205.2109375,68219.25
1771672140,68241.1796875,68241.1796875,68238.515625,68240.6171875
1771672320,68224.3359375,68225.3671875,68224.3359375,68225.3671875
1771672500,68227.0625,68227.0625,68211.5703125,68211.5703125
1771672680,68228.4453125,68240.7578125,68228.4453125,68240.7578125
1771672860,68246.2109375,68246.34375,68246.2109375,68246.34375
1771673040,68230.3984375,68230.3984375,68176.4609375,68176.4609375
1771673220,68208.4140625,68208.4140625,68175.4296875,68181.4921875
1771673400,68169.96875,68169.96875,68138.5,68138.5
1771673580,68118.5703125,68119.28125,68118.5703125,68119.28125
1771673760,68130.7109375,68130.7109375,68130.7109375,68130.7109375
1771673940,68124.3203125,68126.5703125,68124.3203125,68126.5703125
1771674120,68124.96875,68126.453125,68118.796875,68118.796875
1771674300,68091.5859375,68091.5859375,68080.4296875,68083.7734375
1771674480,68099.2109375,68099.2109375,68078.8828125,68078.8828125
1771674660,68080.234375,68090.5,68079.9140625,68090.5
1771674840,68093.390625,68096.3671875,68093.390625,68096.3671875
1771675020,68097.03125,68097.03125,68070.296875,68070.296875
1771675200,68077.7734375,68097.6796875,68077.7734375,68097.6796875
1771675380,68109.9140625,68109.9140625,68103.1640625,68103.1640625
1771675560,68092.7421875,68092.7421875,68011.9609375,68011.9609375
1771675740,67997.15625,67997.15625,67990.8046875,67992.4140625
1771675920,67964.328125,67979.84375,67964.328125,67979.84375
1771676100,67986.1640625,67986.1640625,67959.125,67959.125
1771676280,67962.78125,67962.78125,67962.78125,67962.78125
1771676460,67979.0,67980.25,67973.4765625,67980.25
1771676640,67989.1796875,67989.1796875,67984.9375,67986.859375
1771676820,67983.7734375,67983.7734375,67950.0625,67950.0625
1771677000,67923.8046875,67923.8046875,67923.8046875,67923.8046875
1771677180,67921.765625,67938.6484375,67921.765625,67938.6484375
1771677360,67988.0859375,67988.0859375,67988.0859375,67988.0859375
1771677540,67998.53125,68012.8515625,67998.53125,68012.8515625
1771677720,68016.8046875,68016.8046875,68010.234375,68010.234375
1771677900,68013.1328125,68041.5,68013.1328125,68041.5
1771678080,68079.109375,68111.796875,68079.109375,68111.796875
1771678260,68103.4921875,68154.2890625,68103.4921875,68154.2890625
1771678440,68157.3515625,68165.4921875,68157.3515625,68159.203125
1771678620,68164.7265625,68173.328125,68164.7265625,68173.328125
1771678800,68183.3984375,68183.3984375,68159.921875,68159.921875
1771678980,68157.2890625,68158.5859375,68154.4296875,68154.4296875
1771679160,68157.2421875,68157.2421875,68146.7421875,68146.7421875
1771679340,68147.4140625,68170.15625,68147.4140625,68170.15625
1771679520,68155.2890625,68155.2890625,68112.890625,68112.890625
1771679700,68125.0,68128.0859375,68106.484375,68106.484375
1771679880,68107.9453125,68107.9453125,68107.9453125,68107.9453125
1771680060,68132.3984375,68170.65625,68132.3984375,68170.65625
1771680240,68178.5078125,68178.5078125,68139.1640625,68139.1640625
1771680420,68215.4296875,68224.609375,68215.4296875,68224.609375
1771680600,68218.8359375,68218.8359375,68210.2109375,68210.2109375
1771680780,68189.53125,68189.53125,68182.8203125,68182.8203125
1771680960,68168.6640625,68173.296875,68168.6640625,68173.296875
1771681140,68171.890625,68171.890625,68170.4296875,68170.4296875
1771681320,68170.84375,68170.84375,68163.9609375,68163.9609375
1771681500,68152.3828125,68164.125,68152.3828125,68164.125
1771681680,68187.1484375,68198.046875,68179.1640625,68198.046875
1771681860,68211.28125,68212.9765625,68211.28125,68212.9765625
1771682040,68212.625,68212.625,68189.90625,68189.90625
1771682220,68198.6640625,68228.453125,68198.6640625,68228.453125
1771682400,68246.828125,68246.828125,68212.984375,68212.984375
1771682580,68203.328125,68206.375,68203.328125,68206.375
1771682760,68188.625,68188.625,68183.59375,68183.59375
1771682940,68202.796875,68219.40625,68202.796875,68219.40625
1771683120,68219.0703125,68219.0703125,68212.1328125,68212.1328125
1771683300,68212.546875,68212.546875,68207.5390625,68211.7734375
1771683480,68214.75,68221.8984375,68214.75,68221.8984375
1771683660,68542.2890625,68542.2890625,68513.96875,68513.96875
1771683840,68484.59375,68518.6484375,68483.578125,68518.6484375
1771684020,68473.65625,68473.65625,68386.25,68428.703125
1771684200,68408.859375,68408.859375,68408.859375,68408.859375
1771684380,68509.765625,68548.7734375,68509.765625,68548.7734375
1771684560,68492.9375,68492.9375,68457.265625,68457.265625
1771684740,68479.34375,68523.8671875,68479.34375,68523.8671875
1771684920,68486.1328125,68486.1328125,68483.375,68483.375
1771685100,68519.0390625,68519.0390625,68502.6328125,68502.6328125
1771685280,68505.4296875,68505.4296875,68505.4296875,68505.4296875
1771685460,68504.2421875,68534.5,68504.2421875,68534.5
1771685640,68515.4765625,68515.4765625,68461.0390625,68461.0390625
1771685820,68431.6796875,68452.390625,68431.6796875,68451.859375
1771686000,68422.8828125,68440.546875,68422.8828125,68440.546875
1771686180,68449.7109375,68449.7109375,68421.6640625,68421.6640625
1771686360,68420.234375,68440.5234375,68420.234375,68440.5234375
1771686540,68448.1328125,68448.1328125,68444.8828125,68444.8828125
1771686720,68455.9140625,68494.203125,68455.9140625,68494.203125
1771686900,68470.21875,68490.875,68470.21875,68483.8046875
1771687080,68510.515625,68535.9609375,68510.515625,68535.9609375
1771687260,68519.96875,68528.703125,68519.96875,68528.703125
1771687440,68526.5546875,68526.5546875,68514.421875,68514.421875
1771687620,68489.8828125,68489.8828125,68447.3203125,68447.3203125
1771687800,68432.09375,68432.09375,68421.28125,68421.28125
1771687980,68471.640625,68506.203125,68471.640625,68506.203125
1771688160,68502.15625,68502.15625,68492.7734375,68492.7734375
1771688340,68507.0234375,68511.3203125,68507.0234375,68511.3203125
1771688520,68524.953125,68634.6171875,68524.953125,68634.6171875
1771688700,68628.9609375,68628.9609375,68603.765625,68603.765625
1771688880,68640.890625,68640.890625,68629.25,68629.25
1771689060,68626.8828125,68631.109375,68625.96875,68625.96875
1771689240,68601.8984375,68601.8984375,68598.4140625,68598.4140625
1771689420,68614.3515625,68631.53125,68614.3515625,68631.53125
1771689600,68602.7890625,68602.7890625,68424.8984375,68424.8984375
1771689780,68420.390625,68420.390625,68406.2265625,68406.2265625
1771689960,68396.2109375,68396.2109375,68346.6640625,68346.6640625
1771690140,68361.1796875,68394.8046875,68361.1796875,68394.8046875
1771690320,68386.671875,68386.671875,68370.8515625,68370.8515625
1771690500,68350.28125,68350.28125,68276.71875,68276.71875
1771690680,68243.6484375,68289.0625,68243.6484375,68289.0625
1771690860,68275.6328125,68275.6328125,68202.4609375,68202.4609375
1771691040,68137.71875,68163.2265625,68127.203125,68127.203125
1771691220,68162.0859375,68218.6015625,68162.0859375,68218.6015625
1771691400,68246.390625,68246.390625,68169.4140625,68169.4140625
1771691580,68160.359375,68193.734375,68160.359375,68193.734375
1771691760,68217.359375,68332.8828125,68217.359375,68332.8828125
1771691940,68319.875,68319.875,68319.875,68319.875
1771692120,68312.765625,68321.9140625,68312.765625,68321.9140625
1771692300,68328.046875,68328.046875,68310.8984375,68317.9296875
1771692480,68300.6171875,68300.6171875,68300.6171875,68300.6171875
1771692660,68337.0,68337.0,68334.2265625,68334.2265625
1771692840,68337.7890625,68337.7890625,68306.7734375,68306.7734375
1771693020,68312.9453125,68312.9453125,68302.8984375,68302.8984375
1771693200,68297.265625,68329.421875,68297.265625,68329.421875
1771693380,68329.28125,68329.28125,68307.71875,68307.71875
1771693560,68313.0078125,68313.0078125,68234.7421875,68234.7421875
1771693740,68259.6015625,68274.640625,68259.6015625,68274.640625
1771693920,68269.4453125,68277.3828125,68269.4453125,68271.4453125
1771694100,68271.078125,68293.703125,68271.078125,68293.703125
1771694280,68285.9609375,68285.9609375,68256.375,68256.375
1771694460,68273.8671875,68276.2109375,68273.8671875,68276.2109375
1771694640,68260.703125,68260.703125,68238.3828125,68238.3828125
1771694820,68224.578125,68298.859375,68222.453125,68298.859375
1771695000,68274.1171875,68278.5703125,68274.1171875,68278.5703125
1771695180,68277.3515625,68278.6015625,68277.2734375,68277.2734375
1771695360,68288.59375,68343.59375,68288.59375,68343.59375
1771695540,68335.8359375,68337.953125,68335.8359375,68337.953125
1771695720,68337.5625,68415.6015625,68337.5625,68381.625
1771695900,68415.8984375,68415.8984375,68383.828125,68404.46875
1771696080,68435.6484375,68435.6484375,68415.40625,68415.40625
1771696260,68397.2109375,68413.9921875,68397.2109375,68413.9921875
1771696440,68409.5859375,68417.3671875,68409.5859375,68417.3671875
1771696620,68420.515625,68420.515625,68400.296875,68400.296875
1771696800,68394.2421875,68431.25,68394.2421875,68431.25
1771696980,68416.75,68416.75,68416.75,68416.75
1771697160,68410.859375,68423.7734375,68410.859375,68411.7109375
1771697340,68404.5859375,68404.5859375,68400.53125,68400.53125
1771697520,68393.6796875,68424.125,68393.6796875,68417.0703125
1771697700,68404.3203125,68404.3203125,68404.3203125,68404.3203125
1771697880,68412.3046875,68412.3046875,68410.1640625,68410.1640625
1771698060,68466.78125,68508.984375,68466.78125,68508.984375
1771698240,68508.921875,68508.921875,68508.578125,68508.578125
1771698420,68499.4609375,68499.4609375,68494.703125,68494.703125
1771698600,68478.3828125,68488.4921875,68478.3828125,68488.4921875
1771698780,68515.6953125,68515.6953125,68491.96875,68491.96875
1771698960,68511.0390625,68535.3203125,68511.0390625,68535.3203125
1771699140,68514.109375,68522.125,68514.109375,68522.125
1771699320,68536.8359375,68536.8359375,68536.8359375,68536.8359375
1771699500,68533.09375,68533.09375,68492.8671875,68511.234375
1771699680,68586.3125,68595.1640625,68586.3125,68592.2890625
1771699860,68602.4921875,68602.4921875,68585.078125,68585.1484375
1771700040,68588.40625,68612.6484375,68588.40625,68612.6484375
1771700220,68605.328125,68605.328125,68554.546875,68554.546875
1771700400,68551.15625,68568.359375,68539.7890625,68539.7890625
1771700580,68523.796875,68538.765625,68523.796875,68538.765625
1771700760,68564.0,68569.8671875,68564.0,68569.8671875
1771700940,68582.9140625,68613.8359375,68582.9140625,68613.8359375
1771701120,68607.6015625,68607.6015625,68607.6015625,68607.6015625
1771701300,68582.671875,68582.671875,68572.9140625,68572.9140625
1771701480,68575.4765625,68578.59375,68575.0703125,68575.0703125
1771701660,68567.484375,68567.484375,68549.3046875,68549.3046875
1771701840,68563.28125,68564.234375,68563.28125,68564.234375
1771702020,68597.90625,68597.90625,68592.09375,68592.09375
1771702200,68592.328125,68592.328125,68565.1875,68565.1875
1771702380,68558.5546875,68577.6640625,68558.5546875,68576.09375
1771702560,68574.7421875,68605.9921875,68574.7421875,68605.9921875
1771702740,68587.375,68596.5703125,68587.375,68596.5703125
1771702920,68578.5078125,68578.5078125,68574.015625,68574.015625
1771703100,68597.25,68597.25,68591.875,68591.875
1771703280,68582.3125,68582.3125,68576.390625,68576.390625
1771703460,68547.265625,68547.265625,68514.09375,68514.09375
1771703640,68522.8515625,68526.90625,68517.6953125,68526.90625
1771703820,68521.21875,68526.921875,68521.21875,68526.921875
1771704000,68513.03125,68513.03125,68487.15625,68487.15625
1771704180,68495.5625,68501.65625,68492.5625,68501.65625
1771704540,68523.6640625,68523.6640625,68507.390625,68507.390625
1771704720,68516.09375,68520.1875,68502.796875,68502.796875
1771704900,68481.9921875,68499.703125,68480.015625,68499.703125
1771705080,68554.5703125,68555.390625,68554.5703125,68555.390625
1771705260,68543.875,68543.875,68536.4296875,68536.4296875
1771705440,68528.7578125,68560.578125,68528.7578125,68560.578125
1771705620,68574.2265625,68574.2265625,68561.078125,68561.078125
1771705800,68558.4765625,68558.4765625,68551.953125,68556.859375
1771705980,68560.8125,68560.8125,68546.8046875,68553.7578125
1771706160,68537.25,68537.25,68446.125,68446.125
1771706340,68417.09375,68417.09375,68333.0234375,68333.0234375
1771706520,68331.6171875,68342.078125,68331.6171875,68342.078125
1771706700,68363.5,68363.5,68357.2109375,68357.2109375
1771706880,68339.3359375,68367.53125,68339.3359375,68367.53125
1771707060,68373.8671875,68382.3125,68373.8671875,68382.3125
1771707240,68348.6953125,68348.6953125,68334.96875,68343.3125
1771707420,68316.7421875,68343.453125,68316.7421875,68343.453125
1771707600,68206.7578125,68223.015625,68206.7578125,68219.140625
1771707780,68211.4921875,68250.46875,68211.4921875,68250.46875
1771707960,68265.046875,68265.046875,68261.6796875,68261.6796875
1771708140,68252.0390625,68303.234375,68252.0390625,68284.1015625
1771708320,68258.359375,68258.359375,68246.5078125,68246.5078125
1771708500,68271.421875,68300.2265625,68270.6328125,68300.2265625
1771708680,68318.2421875,68318.2421875,68310.2890625,68318.109375
1771708860,68342.5078125,68342.5078125,68326.5859375,68326.5859375
1771709040,68330.3671875,68343.1015625,68330.3671875,68343.1015625
1771709220,68354.875,68354.875,68352.2109375,68352.2109375
1771709400,68342.8515625,68342.8515625,68337.234375,68337.234375
1771709580,68358.4375,68358.4375,68339.21875,68339.21875
1771709760,68329.4921875,68335.1328125,68329.4921875,68335.1328125
1771709940,68331.875,68331.875,68321.734375,68321.734375
1771710120,68329.2265625,68329.2265625,68314.296875,68314.296875
1771710300,68274.21875,68291.1171875,68274.21875,68291.1171875
1771710480,68319.8125,68319.8125,68301.796875,68301.796875
1771710660,68309.53125,68312.203125,68309.53125,68310.8359375
1771710840,68308.3515625,68350.5,68308.3515625,68350.5
1771711020,68344.234375,68355.3984375,68344.234375,68353.4375
1771711200,68362.6796875,68365.0390625,68362.6796875,68365.0390625
1771711380,68378.140625,68381.9921875,68371.8828125,68381.9921875
1771711560,68392.7734375,68392.7734375,68371.09375,68371.09375
1771711740,68330.875,68332.140625,68330.875,68332.140625
1771711920,68333.4765625,68333.4765625,68333.4765625,68333.4765625
1771712100,68250.1328125,68291.4609375,68250.1328125,68291.4609375
1771712280,68284.421875,68284.421875,68277.609375,68277.609375
1771712460,68286.5390625,68295.90625,68286.5390625,68294.6015625
1771712640,68293.5625,68293.5625,68270.046875,68270.046875
1771712820,68243.421875,68269.703125,68243.421875,68269.703125
1771713000,68268.4140625,68268.4140625,68268.4140625,68268.4140625
1771713180,68258.15625,68258.15625,68204.96875,68204.96875
1771713360,68240.046875,68240.046875,68240.046875,68240.046875
1771713540,68161.296875,68161.984375,68161.296875,68161.5078125
1771713720,68133.3671875,68136.4140625,68133.3671875,68136.4140625
1771713900,68081.71875,68126.734375,68081.71875,68126.734375
1771714080,68144.7578125,68156.2265625,68115.8515625,68115.8515625
1771714260,68117.7421875,68117.7421875,68102.8203125,68102.8203125
1771714440,68117.890625,68117.890625,68085.2421875,68085.2421875
1771714620,68045.8984375,68045.8984375,67947.1640625,67947.1640625
1771714800,67972.3203125,67992.5,67962.796875,67992.5
1771714980,67992.3046875,67992.3046875,67937.390625,67937.390625
1771715160,67936.3828125,67971.6640625,67936.3828125,67971.6640625
1771715340,67995.78125,67995.78125,67975.1484375,67975.1484375
1771715520,67984.90625,67992.2109375,67971.703125,67971.703125
1771715700,67975.6796875,67975.6796875,67975.6796875,67975.6796875
1771715880,67975.625,68006.078125,67975.625,68006.078125
1771716060,68031.6796875,68039.5078125,68031.5546875,68039.5078125
1771716240,68055.9375,68055.9375,68043.078125,68043.078125
1771716420,68035.5234375,68078.203125,68035.5234375,68078.203125
1771716600,68064.9765625,68064.9765625,68061.3046875,68061.3046875
1771716780,68057.90625,68096.0234375,68057.90625,68096.0234375
1771716960,68089.265625,68089.265625,68078.6875,68078.6875
1771717140,68079.96875,68088.7890625,68078.2890625,68078.2890625
1771717320,68085.875,68085.875,68067.4140625,68069.078125
1771717500,68033.0078125,68033.0078125,68025.84375,68025.84375
1771717680,68038.59375,68038.59375,68038.59375,68038.59375
1771717860,67964.6640625,67964.6640625,67963.7890625,67963.7890625
1771718040,67991.4921875,67991.4921875,67988.1640625,67988.1640625
1771718220,67991.1796875,67991.1796875,67991.1796875,67991.1796875
1771718400,67969.0390625,67969.0390625,67934.2890625,67934.2890625
1771718580,67979.6640625,67997.2421875,67979.6640625,67996.1796875
1771718760,68006.828125,68013.2734375,68006.828125,68013.2734375
1771718940,67973.90625,68017.90625,67973.90625,68017.90625
1771719120,67997.921875,68018.625,67997.921875,68016.8203125
1771719300,68004.9453125,68028.1796875,68004.9453125,68028.1796875
1771719480,68016.046875,68016.046875,67961.265625,67969.0234375
1771719660,67935.6328125,67935.6328125,67847.7734375,67847.7734375
1771719840,67852.0859375,67852.0859375,67797.3125,67797.3125
1771720020,67818.3359375,67849.8203125,67818.3359375,67849.8203125
1771720200,67872.75,67883.984375,67872.75,67883.984375
1771720380,67876.40625,67876.40625,67853.53125,67853.53125
1771720560,67864.265625,67871.796875,67860.09375,67860.09375
1771720740,67847.46875,67860.5234375,67847.46875,67860.5234375
1771720920,67866.2890625,67866.2890625,67863.6484375,67863.6484375
1771721100,67843.109375,67861.0703125,67843.109375,67861.0703125
1771721280,67838.6875,67838.6875,67838.6875,67838.6875
1771721460,67864.3515625,67864.53125,67864.3515625,67864.53125
1771721640,67847.7734375,67847.7734375,67847.7734375,67847.7734375
1771721820,67856.953125,67906.1796875,67856.953125,67906.1796875
1771722000,67924.0390625,67955.796875,67922.8984375,67955.796875
1771722180,67972.28125,67973.5859375,67972.28125,67973.5859375
1771722360,67996.640625,68018.15625,67996.640625,68018.15625
1771722540,68009.140625,68009.140625,68001.1875,68001.1875
1771722720,67998.3203125,68000.375,67998.3203125,68000.375
1771722900,67998.9921875,67998.9921875,67996.4765625,67996.4765625
1771723080,68038.9609375,68045.4375,68038.9609375,68045.4375
1771723260,68037.9375,68040.90625,68035.3359375,68040.90625
1771723440,68038.9296875,68072.28125,68038.9296875,68072.28125
1771723620,68098.0,68098.0,68070.3671875,68070.3671875
1771723800,68088.9453125,68130.234375,68088.9453125,68130.234375
1771723980,68099.8671875,68099.8671875,68085.9296875,68085.9296875
1771724160,68029.71875,68043.7109375,68029.71875,68043.7109375
1771724340,68059.65625,68059.65625,68058.8046875,68058.8046875
1771724520,68087.2734375,68100.4453125,68087.2734375,68099.859375
1771724700,68094.0,68094.0,68080.265625,68080.265625
1771724880,68120.109375,68140.453125,68120.109375,68140.453125
1771725060,68144.4765625,68144.4765625,68143.15625,68143.15625
1771725240,68130.78125,68130.78125,68113.390625,68113.390625
1771725420,68108.6796875,68118.921875,68108.6796875,68118.921875
1771725600,68121.0234375,68121.0234375,68109.078125,68109.078125
1771725780,68104.5,68132.9921875,68104.5,68132.9921875
1771725960,68135.4609375,68135.4609375,68124.421875,68124.421875
1771726140,68161.6171875,68197.609375,68161.6171875,68197.609375
1771726320,68173.578125,68173.578125,68167.125,68167.125
1771726500,68160.796875,68160.796875,68147.7421875,68147.7421875
1771726680,68122.796875,68122.796875,68082.0390625,68082.0390625
1771726860,68085.1171875,68092.0546875,68078.4453125,68078.4453125
1771727040,68059.921875,68080.8671875,68057.359375,68057.359375
1771727220,68064.9921875,68064.9921875,68064.9921875,68064.9921875
1771727400,68060.3125,68063.46875,68053.265625,68053.265625
1771727580,68066.9453125,68076.1875,68066.9453125,68076.1875
1771727760,68034.484375,68034.484375,68007.84375,68007.84375
1771727940,67986.421875,67986.421875,67982.515625,67982.515625
1771728120,67983.3828125,67984.71875,67983.3828125,67984.71875
1771728300,67983.1484375,68010.3125,67973.2265625,68010.3125
1771728480,67993.46875,67993.46875,67984.203125,67984.203125
1771728660,67975.3515625,67982.921875,67971.2734375,67982.921875
1771728840,67994.203125,67994.203125,67978.6171875,67978.6171875
1771729020,67965.828125,67965.828125,67868.4609375,67885.890625
1771729200,67889.3046875,67930.484375,67889.3046875,67930.484375
1771729380,67973.015625,67973.015625,67958.75,67958.75
1771729560,67962.9375,67962.9375,67953.0859375,67957.125
1771729740,67982.8125,67984.7265625,67982.8125,67984.296875
1771729920,68001.1875,68001.1875,67995.953125,67995.953125
1771730100,68001.4375,68008.2578125,67992.453125,67992.453125
1771730280,67953.21875,67953.21875,67920.3671875,67920.3671875
1771730460,67838.8984375,67872.2265625,67838.8984375,67872.2265625
1771730640,67875.0625,67875.0625,67872.6796875,67872.6796875
1771730820,67930.4921875,67937.171875,67930.4921875,67937.171875
1771731000,67939.7265625,67939.8046875,67904.7734375,67904.7734375
1771731180,67892.9375,67936.390625,67892.9375,67936.390625
1771731360,67936.15625,67940.03125,67936.15625,67940.03125
1771731540,67932.046875,67932.046875,67926.1796875,67926.1796875
1771731720,67925.21875,67943.3359375,67925.21875,67943.3359375
1771731900,67970.796875,67970.796875,67963.5546875,67963.5546875
1771732080,67952.34375,68033.8203125,67952.34375,68033.8203125
1771732260,68029.4140625,68029.515625,68027.9609375,68027.9609375
1771732440,68029.953125,68029.953125,67977.921875,67977.921875
1771732620,68007.9921875,68007.9921875,68004.8359375,68004.8359375
1771732800,68023.6875,68025.3984375,68021.0703125,68025.3984375
1771732980,68032.4921875,68050.78125,68032.4921875,68050.78125
1771733160,68043.125,68055.359375,68043.125,68043.5625
1771733340,68039.0703125,68039.0703125,68016.7109375,68016.7109375
1771733520,68027.75,68043.5390625,68027.75,68043.5390625
1771733700,68041.140625,68048.6015625,68024.9140625,68024.9140625
1771733880,68024.65625,68033.46875,68022.90625,68022.90625
1771734060,68025.4765625,68025.4765625,68010.609375,68010.609375
1771734240,68011.6484375,68011.6484375,68002.09375,68002.09375
1771734420,67964.6171875,67995.890625,67964.6171875,67995.890625
1771734600,67994.8671875,68002.9453125,67994.8671875,68002.9453125
1771734780,67998.2734375,67999.3046875,67998.2734375,67999.3046875
1771734960,68008.6796875,68031.7578125,68008.6796875,68031.7578125
1771735140,68004.6953125,68004.6953125,67968.296875,67968.296875
1771735320,67957.765625,67958.125,67957.765625,67958.125
1771735500,67960.71875,67979.7265625,67960.71875,67979.7265625
1771735680,67958.8515625,67959.2265625,67958.8515625,67959.2265625
1771735860,67968.0,67968.0,67967.421875,67967.796875
1771736040,67964.8515625,67983.2109375,67964.8515625,67983.2109375
1771736220,67972.71875,67972.71875,67967.2265625,67967.2265625
1771736400,67976.34375,67990.0,67976.34375,67990.0
1771736580,67985.2578125,67985.2578125,67980.9609375,67980.9609375
1771736760,67982.21875,67982.9921875,67982.21875,67982.9921875
1771736940,67981.7109375,67981.7109375,67961.375,67961.375
1771737120,67890.6875,67890.6875,67868.3828125,67868.3828125
1771737300,67891.4296875,67898.125,67891.4296875,67898.125
1771737480,67899.2578125,67905.3671875,67899.2578125,67905.3671875
1771737660,67909.7109375,67909.7109375,67908.109375,67908.109375
1771737840,67928.1875,67952.5703125,67928.1875,67952.5703125
1771738020,67936.0859375,67937.4453125,67933.25,67933.25
1771738200,67931.5390625,67931.5390625,67927.671875,67927.671875
1771738380,67926.4140625,67926.4140625,67915.6484375,67915.6484375
1771738560,67912.4453125,67920.3203125,67912.4453125,67920.3203125
1771738740,67924.7578125,67925.2890625,67924.4921875,67925.2890625
1771738920,67919.9140625,67921.5859375,67919.9140625,67921.5859375
1771739100,67922.75,67922.75,67918.484375,67918.484375
1771739280,67908.578125,67908.578125,67883.7109375,67883.7109375
1771739460,67877.5390625,67884.2109375,67877.5390625,67884.2109375
1771739640,67895.953125,67895.953125,67895.953125,67895.953125
1771739820,67916.25,67916.25,67916.25,67916.25
1771740000,67961.0546875,67987.28125,67952.1953125,67987.28125
1771740180,67988.6640625,68002.640625,67988.6640625,68002.640625
1771740360,68010.3046875,68015.7890625,68010.3046875,68015.7890625
1771740540,68015.9765625,68017.59375,68015.9765625,68017.59375
1771740720,68005.875,68018.8671875,68005.875,68013.6328125
1771740900,68013.9609375,68017.625,68013.9609375,68017.625
1771741080,68029.1640625,68033.3203125,68029.1640625,68033.3203125
1771741260,68024.6796875,68024.6796875,68016.03125,68016.03125
1771741440,68014.8984375,68018.3515625,68014.390625,68018.3515625
1771741620,68016.6875,68128.28125,68016.6875,68128.28125
1771741800,68098.53125,68098.53125,68098.53125,68098.53125
1771741980,68105.28125,68133.8203125,68105.28125,68133.8203125
1771742160,68074.1171875,68074.1171875,68059.9765625,68059.9765625
1771742340,68045.015625,68045.015625,68045.015625,68045.015625
1771742520,68046.125,68052.375,68046.125,68052.375
1771742700,68047.109375,68064.0390625,68047.109375,68063.65625
1771742880,68054.546875,68059.1796875,68051.7421875,68051.7421875
1771743060,68047.1171875,68053.875,68047.1171875,68053.875
1771743240,68061.9765625,68061.9765625,68041.71875,68041.71875
1771743420,68036.4375,68042.4453125,68036.4375,68042.4453125
1771743600,68034.7421875,68034.7421875,67999.15625,68011.4140625
1771743780,68009.8359375,68015.125,68009.8359375,68015.125
1771743960,68007.3046875,68009.6484375,68005.8203125,68009.6484375
1771744140,68008.7265625,68021.6953125,68001.359375,68021.6953125
1771744320,68015.0703125,68015.0703125,68012.40625,68012.40625
1771744500,68019.734375,68030.546875,68019.734375,68030.546875
1771744680,68013.359375,68013.359375,67991.171875,67991.171875
1771744860,68002.546875,68002.546875,68002.546875,68002.546875
1771745040,67992.9140625,67996.6875,67992.75,67992.75
1771745220,68001.078125,68025.7265625,67995.421875,68025.7265625
1771745400,68012.3984375,68016.5859375,68008.796875,68016.5859375
1771745580,68029.046875,68029.046875,68027.96875,68027.96875
1771745760,68029.875,68031.609375,68029.875,68031.609375
1771745940,68037.1875,68037.1875,68028.2421875,68035.1171875
1771746120,68067.6015625,68095.515625,68067.6015625,68084.1484375
1771746300,68072.1171875,68072.1171875,68069.765625,68069.765625
1771746480,68058.4453125,68058.4453125,68045.453125,68045.453125
1771746660,68051.5703125,68051.5703125,68041.78125,68050.375
1771746840,68007.4765625,68007.4765625,68004.7890625,68006.9296875
1771747020,67994.5234375,67994.5234375,67994.5234375,67994.5234375
1771747200,67996.6015625,67996.6015625,67987.828125,67987.828125
1771747380,67986.4140625,67986.4140625,67986.3203125,67986.3203125
1771747560,67979.6171875,67979.6171875,67977.1015625,67977.1015625
1771747740,67971.8984375,68001.234375,67971.8984375,68001.234375
1771747920,67993.09375,67993.09375,67993.09375,67993.09375
1771748100,68000.1875,68000.1875,67987.390625,67987.390625
1771748280,67985.015625,67989.6640625,67985.015625,67989.6640625
1771748460,67988.0625,67992.734375,67988.0625,67992.734375
1771748640,67970.40625,67970.40625,67952.3359375,67952.3359375
1771748820,67918.84375,67936.6796875,67918.84375,67936.6796875
1771749000,67929.765625,67929.765625,67919.1796875,67919.1796875
1771749180,67936.796875,67942.4921875,67923.90625,67942.4921875
1771749360,67945.09375,67980.4375,67945.09375,67980.4375
1771749540,67977.6015625,67977.8046875,67965.1796875,67965.1796875
1771749720,67953.421875,67953.421875,67952.1171875,67952.1171875
1771749900,67946.59375,67954.6796875,67946.59375,67954.6796875
1771750080,67950.3828125,67950.3828125,67940.84375,67945.625
1771750260,67943.296875,67943.296875,67938.6953125,67938.6953125
1771750440,67937.7265625,67947.34375,67937.7265625,67947.34375
1771750620,67962.515625,67970.7890625,67962.515625,67970.7890625
1771750800,67959.5703125,67959.5703125,67959.5703125,67959.5703125
1771750980,67969.7890625,67980.2578125,67964.9765625,67980.2578125
1771751160,67980.7265625,67980.7265625,67978.4609375,67978.4609375
1771751340,67973.0625,68004.0859375,67973.0625,68004.0859375
1771751520,68003.5390625,68003.5390625,67998.4453125,67998.4453125
1771751700,68002.140625,68027.4453125,68002.140625,68027.4453125
1771751880,68025.875,68028.671875,68025.875,68028.671875
1771752060,68023.5546875,68023.5546875,68015.0703125,68015.0703125
1771752240,68025.9453125,68025.9453125,68017.09375,68017.09375
1771752420,68008.8203125,68021.71875,68008.8203125,68021.71875
1771752600,68014.1328125,68014.1328125,68014.1328125,68014.1328125
1771752780,68012.4609375,68016.1640625,68012.4609375,68016.1640625
1771752960,68020.84375,68020.84375,68018.7734375,68018.7734375
1771753140,67986.8984375,68008.9375,67986.8984375,68008.9375
1771753320,68031.6875,68031.6875,68029.6015625,68029.6015625
1771753500,68038.9921875,68059.453125,68038.9921875,68059.453125
1771753680,68073.9140625,68073.9140625,68073.9140625,68073.9140625
1771753860,68057.25,68057.25,68050.9453125,68050.9453125
1771754040,68048.59375,68063.109375,68048.59375,68063.109375
1771754220,68063.921875,68063.921875,68062.1796875,68062.1796875
1771754400,68061.203125,68061.203125,68035.78125,68035.78125
1771754580,68012.2421875,68012.640625,68012.2421875,68012.640625
1771754760,68016.140625,68027.5390625,68016.140625,68027.5390625
1771754940,68029.3515625,68029.5078125,68027.6640625,68027.6640625
1771755120,68031.984375,68031.984375,68028.3828125,68028.3828125
1771755300,68025.3984375,68025.3984375,68024.78125,68024.78125
1771755480,68038.15625,68038.15625,68038.15625,68038.15625
1771755660,68041.296875,68068.7890625,68041.296875,68068.7890625
1771755840,68099.1015625,68099.1015625,68094.3828125,68094.3828125
1771756020,68089.546875,68089.546875,68078.890625,68078.890625
1771756200,68076.5390625,68081.0234375,68076.5390625,68081.0234375
1771756380,68082.2890625,68082.2890625,68075.90625,68075.90625
1771756560,68079.1328125,68079.1328125,68075.2890625,68077.4453125
1771756740,68082.0,68083.40625,68082.0,68083.40625
1771756920,68086.4140625,68089.015625,68086.4140625,68087.421875
1771757100,68091.625,68091.625,68082.21875,68090.9296875
1771757280,68087.3203125,68087.7578125,68087.3203125,68087.7578125
1771757460,68107.1171875,68107.1171875,68103.2265625,68103.2265625
1771757640,68125.96875,68126.109375,68122.7421875,68126.109375
1771757820,68124.7109375,68125.59375,68123.90625,68123.90625
1771758000,68120.9609375,68133.9765625,68120.9609375,68133.9765625
1771758180,68169.734375,68193.3203125,68169.734375,68193.3203125
1771758360,68197.7578125,68215.2578125,68196.0859375,68215.2578125
1771758540,68207.796875,68207.796875,68191.078125,68191.078125
1771758720,68197.453125,68200.2265625,68197.453125,68200.2265625
1771758900,68205.5,68225.2578125,68205.5,68225.2578125
1771759080,68222.71875,68222.71875,68211.7734375,68211.7734375
1771759260,68211.6640625,68211.6640625,68195.7734375,68195.7734375
1771759440,68205.4765625,68205.4765625,68204.5859375,68204.5859375
1771759620,68205.9375,68209.046875,68202.6484375,68209.046875
1771759800,68205.3984375,68211.828125,68205.3984375,68209.03125
1771759980,68199.140625,68222.7265625,68199.140625,68222.7265625
1771760160,68206.46875,68228.453125,68206.46875,68228.453125
1771760340,68169.0625,68170.3671875,68169.0625,68170.3671875
1771760520,68165.8671875,68180.4140625,68165.8671875,68180.4140625
1771760700,68169.9375,68175.3828125,68169.9375,68175.3828125
1771760880,68177.1796875,68177.1796875,68172.9375,68172.9375
1771761060,68173.8671875,68180.359375,68173.8671875,68180.359375
1771761240,68180.3671875,68180.3671875,68178.3046875,68178.3046875
1771761420,68197.5625,68197.5625,68194.921875,68194.921875
1771761600,68197.59375,68207.8125,68197.59375,68202.25
1771761780,68187.875,68187.875,68124.328125,68124.328125
1771761960,68086.1015625,68086.1015625,68024.4765625,68024.84375
1771762140,68016.6875,68016.6875,68011.921875,68011.921875
1771762320,67993.3671875,67993.3671875,67983.78125,67983.78125
1771762500,67989.4296875,68043.03125,67989.4296875,68043.03125
1771762680,68056.9140625,68056.9140625,68028.1640625,68028.1640625
1771762860,68037.484375,68037.484375,67995.3046875,67995.3046875
1771763040,67997.875,68050.96875,67997.875,68043.9140625
1771763220,68051.8984375,68059.25,68051.8984375,68059.25
1771763400,68062.421875,68062.421875,68043.3359375,68043.3359375
1771763580,68039.9296875,68039.9296875,68037.7421875,68037.7421875
1771763760,68028.109375,68028.109375,68019.453125,68024.40625
1771763940,67998.1171875,67998.1171875,67895.46875,67918.1171875
1771764120,67925.9140625,67934.984375,67925.9140625,67934.984375
1771764300,67911.65625,67918.40625,67888.328125,67888.328125
1771764480,67928.8046875,67938.3046875,67928.8046875,67938.3046875
1771764660,67928.2265625,67958.0625,67928.2265625,67958.0625
1771764840,67955.015625,67955.015625,67931.8359375,67944.828125
1771765020,67934.578125,67939.3515625,67934.578125,67939.3515625
1771765200,67928.921875,67934.9765625,67928.921875,67934.9765625
1771765380,67936.6328125,67994.2421875,67936.6328125,67994.2421875
1771765560,67981.5546875,67981.5546875,67970.640625,67970.640625
1771765740,67943.3828125,67947.953125,67943.3828125,67943.5078125
1771765920,67946.40625,67955.6015625,67946.40625,67955.6015625
1771766100,67980.8671875,67980.8671875,67976.3828125,67976.3828125
1771766280,68014.015625,68014.015625,67987.703125,67987.703125
1771766460,67975.90625,67975.90625,67941.65625,67941.65625
1771766640,67934.2421875,67956.65625,67934.2421875,67942.2109375
1771766820,67935.1015625,67935.1015625,67927.9140625,67927.9140625
1771767000,67921.9765625,67936.625,67921.9765625,67926.578125
1771767180,67894.8515625,67894.8515625,67825.4609375,67825.4609375
1771767360,67699.7890625,67711.1875,67699.7890625,67711.1875
1771767540,67676.3359375,67676.3359375,67610.265625,67610.265625
1771767720,67609.4296875,67609.4296875,67600.1796875,67600.1796875
1771767900,67603.65625,67662.15625,67603.65625,67662.15625
1771768080,67660.375,67676.515625,67660.375,67676.515625
1771768260,67610.59375,67610.6484375,67610.59375,67610.6484375
1771768440,67616.125,67616.125,67611.875,67611.875
1771768620,67615.0390625,67643.4375,67615.0390625,67643.4375
1771768800,67640.2265625,67640.2265625,67640.2265625,67640.2265625
1771768980,67600.2734375,67601.8359375,67530.296875,67530.296875
1771769160,67496.90625,67553.7265625,67496.90625,67540.6640625
1771769340,67565.953125,67586.6953125,67565.953125,67586.6953125
1771769520,67584.4765625,67620.6953125,67572.2265625,67620.6953125
1771769700,67636.1484375,67653.296875,67636.1484375,67653.296875
1771769880,67582.96875,67582.96875,67568.109375,67568.109375
1771770060,67597.6484375,67641.1953125,67587.09375,67641.1953125
1771770240,67621.3125,67621.3125,67616.390625,67616.390625
1771770420,67587.609375,67591.046875,67587.609375,67591.046875
1771770600,67588.015625,67639.96875,67588.015625,67639.96875
1771770780,67654.9140625,67654.9140625,67643.0625,67643.0625
1771770960,67591.2890625,67591.2890625,67591.2890625,67591.2890625
1771771140,67599.2890625,67599.2890625,67576.7109375,67576.7109375
1771771320,67508.2734375,67508.2734375,67441.140625,67441.140625
1771771500,67448.546875,67448.546875,67423.3046875,67423.3046875
1771771680,67391.8671875,67404.5625,67374.6484375,67374.6484375
1771771860,67439.5234375,67489.046875,67439.5234375,67489.046875
1771772040,67482.4296875,67482.4296875,67449.5,67449.5
1771772220,67432.6484375,67432.828125,67429.390625,67432.828125
1771772400,67430.265625,67433.2265625,67430.265625,67433.2265625
1771772580,67447.671875,67449.9453125,67447.671875,67449.9453125
1771772760,67310.578125,67310.578125,67310.578125,67310.578125
1771772940,67345.1640625,67345.1640625,67345.1640625,67345.1640625
1771773120,67356.484375,67356.484375,67356.484375,67356.484375
1771773300,67403.8515625,67403.8515625,67382.8359375,67382.8359375
1771773480,67331.0703125,67355.7421875,67331.0703125,67355.7421875
1771773660,67393.6484375,67419.015625,67393.6484375,67419.015625
1771773840,67463.859375,67463.859375,67463.859375,67463.859375
1771774020,67570.125,67570.125,67543.4296875,67543.4296875
1771774200,67579.4140625,67579.4140625,67552.125,67552.125
1771774380,67600.96875,67604.734375,67600.96875,67604.734375
1771774560,67630.1953125,67675.59375,67630.1953125,67675.59375
1771774740,67712.265625,67791.53125,67712.265625,67772.109375
1771774920,67749.5390625,67749.5390625,67677.8984375,67677.8984375
1771775100,67758.828125,67773.921875,67758.828125,67765.0703125
1771775460,67733.890625,67733.890625,67720.4375,67720.4375
1771775640,67725.8828125,67725.8828125,67711.46875,67711.46875
1771775820,67689.375,67689.375,67687.765625,67687.765625
1771776000,67670.21875,67670.8828125,67640.0234375,67640.0234375
1771776180,67656.2421875,67656.2421875,67637.5625,67637.5625
1771776360,67611.34375,67611.34375,67609.9453125,67609.9453125
1771776540,67573.515625,67593.9765625,67573.515625,67593.9765625
1771776720,67591.5078125,67591.5078125,67573.703125,67573.703125
1771776900,67574.5546875,67574.5546875,67571.3984375,67571.3984375
1771777080,67564.2421875,67591.2578125,67564.2421875,67589.0234375
1771777260,67594.3359375,67594.3359375,67582.484375,67582.484375
1771777440,67559.6171875,67559.6171875,67537.0,67537.0
1771777620,67537.0625,67549.5390625,67537.0625,67549.5390625
1771777800,67548.984375,67548.984375,67546.2578125,67546.2578125
1771777980,67557.6640625,67559.828125,67536.46875,67536.46875
1771778160,67527.546875,67535.5,67527.546875,67535.5
1771778340,67508.5078125,67519.1015625,67508.5078125,67519.1015625
1771778520,67526.0390625,67548.3515625,67526.0390625,67548.3515625
1771778700,67553.8125,67605.4296875,67553.8125,67605.4296875
1771778880,67605.9609375,67605.9609375,67603.7578125,67603.7578125
1771779060,67583.6484375,67595.921875,67573.953125,67595.921875
1771779240,67609.2265625,67622.03125,67609.2265625,67622.03125
1771779420,67608.0703125,67611.46875,67608.0703125,67611.46875
1771779600,67608.6328125,67609.671875,67600.3125,67600.3125
1771779780,67591.1640625,67591.1640625,67589.0859375,67589.0859375
1771779960,67579.375,67579.375,67549.3984375,67549.3984375
1771780140,67533.8046875,67533.8046875,67519.265625,67519.265625
1771780320,67591.1640625,67591.1640625,67576.6796875,67576.6796875
1771780500,67549.140625,67549.140625,67524.90625,67524.90625
1771780680,67526.3125,67526.3125,67518.828125,67518.9453125
1771780860,67519.0703125,67522.1796875,67519.0703125,67519.875
1771781040,67512.6875,67526.8046875,67512.6875,67526.8046875
1771781220,67526.859375,67528.1640625,67526.859375,67528.1640625
1771781400,67509.6015625,67509.6015625,67460.2265625,67460.2265625
1771781580,67380.03125,67380.03125,67267.0,67267.0
1771781760,67246.265625,67246.265625,67185.6015625,67234.4609375
1771781940,67247.6328125,67289.3671875,67243.3359375,67289.3671875
1771782120,67286.0859375,67286.0859375,67276.9921875,67276.9921875
1771782300,67268.265625,67268.265625,67268.265625,67268.265625
1771782480,67287.8203125,67329.1328125,67287.8203125,67329.1328125
1771782660,67317.171875,67317.171875,67286.5546875,67289.3984375
1771782840,67312.734375,67358.8203125,67312.734375,67358.8203125
1771783020,67359.0859375,67359.0859375,67351.78125,67351.78125
1771783200,67338.453125,67348.7421875,67338.453125,67348.7421875
1771783380,67351.9296875,67357.0,67351.9296875,67357.0
1771783560,67356.28125,67357.453125,67313.625,67313.625
1771783740,67342.4296875,67366.03125,67342.4296875,67366.03125
1771783920,67376.2578125,67376.2578125,67369.5234375,67369.5234375
1771784100,67408.1875,67423.03125,67408.1875,67417.2578125
1771784280,67427.3828125,67427.3828125,67417.53125,67417.53125
1771784460,67377.9453125,67377.9453125,67368.609375,67368.609375
1771784640,67373.421875,67388.6796875,67373.421875,67388.6796875
1771784820,67373.640625,67373.640625,67318.171875,67318.171875
1771785000,67316.328125,67323.7265625,67316.328125,67323.7265625
1771785180,67316.625,67316.625,67313.75,67313.75
1771785360,67315.328125,67315.328125,67312.9140625,67312.9140625
1771785540,67295.78125,67350.3046875,67295.78125,67350.3046875
1771785720,67336.7265625,67355.84375,67336.7265625,67355.84375
1771785900,67356.2265625,67369.5546875,67356.2265625,67369.5546875
1771786080,67387.34375,67387.34375,67375.1875,67375.1875
1771786260,67391.2578125,67399.78125,67391.2578125,67395.3203125
1771786440,67406.84375,67426.21875,67391.796875,67391.796875
1771786620,67396.828125,67409.9375,67396.828125,67409.9375
1771786800,67409.9375,67428.1953125,67409.9375,67428.1953125
1771786980,67443.546875,67447.5,67443.546875,67447.5
1771787160,67452.0078125,67452.0078125,67450.0703125,67450.0703125
1771787340,67448.984375,67456.5390625,67432.2890625,67432.2890625
1771787520,67403.7421875,67403.7421875,67403.7421875,67403.7421875
1771787700,67403.4453125,67403.4453125,67403.234375,67403.234375
1771787880,67406.046875,67406.0625,67406.046875,67406.0625
1771788060,67415.96875,67415.96875,67415.96875,67415.96875
1771788240,67418.125,67418.125,67418.125,67418.125
1771788420,67394.125,67394.125,67390.140625,67390.140625
1771788600,67391.2421875,67391.2421875,67384.9140625,67384.9140625
1771788780,67435.7578125,67437.484375,67435.7578125,67437.484375
1771788960,67442.34375,67442.34375,67442.34375,67442.34375
1771789140,67428.9453125,67444.5625,67428.9453125,67444.5625
1771789320,67444.0078125,67444.0078125,67434.859375,67434.859375
1771789500,67441.8046875,67441.8046875,67437.3125,67440.25
1771789680,67427.4921875,67427.6484375,67427.4921875,67427.6484375
1771789860,67426.265625,67426.265625,67426.265625,67426.265625
1771790040,67380.40625,67384.109375,67380.40625,67384.109375
1771790220,67402.8828125,67402.8828125,67398.5078125,67398.5078125
1771790400,67400.375,67400.375,67393.921875,67393.921875
1771790580,67396.8125,67396.8125,67396.8125,67396.8125
1771790760,67417.03125,67417.03125,67394.7421875,67394.7421875
1771790940,67390.1640625,67391.8203125,67389.109375,67389.109375
1771791120,67344.3359375,67344.3359375,67344.3359375,67344.3359375
1771791300,67353.609375,67364.7578125,67353.609375,67364.7578125
1771791480,67394.4375,67404.4609375,67394.4375,67404.4609375
1771791660,67410.2265625,67410.2265625,67405.0625,67405.0625
1771791840,67417.7109375,67417.7109375,67417.7109375,67417.7109375
1771792020,67411.34375,67414.0546875,67411.34375,67414.0546875
1771792200,67411.1640625,67411.1640625,67399.5,67399.5
1771792380,67373.953125,67378.03125,67373.953125,67378.03125
1771792560,67385.546875,67398.3125,67385.546875,67398.3125
1771792740,67395.5859375,67395.5859375,67384.9609375,67384.9609375
1771792920,67369.53125,67369.53125,67369.53125,67369.53125
1771793100,67405.0625,67405.0625,67394.3359375,67394.3359375
1771793280,67405.734375,67432.0078125,67405.734375,67430.875
1771793460,67402.5546875,67402.5546875,67387.046875,67387.046875
1771793640,67339.421875,67351.34375,67339.421875,67351.34375
1771793820,67360.8125,67360.8125,67354.4375,67355.0703125
1771794000,67350.828125,67384.3984375,67350.828125,67384.3984375
1771794180,67410.4765625,67428.0625,67410.4765625,67428.0625
1771794360,67427.1328125,67427.1328125,67425.0625,67425.0625
1771794540,67439.359375,67439.359375,67427.578125,67427.578125
1771794720,67430.875,67430.875,67430.875,67430.875
1771794900,67409.546875,67421.3046875,67409.546875,67421.3046875
1771795080,67443.78125,67445.90625,67443.78125,67445.90625
1771795260,67442.1640625,67443.546875,67442.1640625,67443.546875
1771795440,67441.1015625,67444.1796875,67441.1015625,67444.1796875
1771795620,67457.1171875,67457.1171875,67438.6015625,67438.6015625
1771795800,67440.8828125,67440.8828125,67440.8828125,67440.8828125
1771795980,67471.640625,67484.2109375,67471.640625,67484.2109375
1771796160,67496.953125,67516.390625,67496.953125,67516.390625
1771796340,67549.2890625,67549.2890625,67549.2890625,67549.2890625
1771796520,67557.2109375,67568.8828125,67557.2109375,67568.8828125
1771796700,67565.9375,67565.9375,67564.5703125,67564.5703125
1771796880,67559.5078125,67564.984375,67559.5078125,67564.984375
1771797060,67565.953125,67582.9765625,67565.953125,67582.9765625
1771797240,67592.5546875,67592.5546875,67592.5546875,67592.5546875
1771797420,67585.875,67586.2265625,67585.703125,67586.2265625
1771797600,67586.0625,67591.5625,67586.0625,67591.5625
1771797780,67579.6953125,67579.6953125,67548.703125,67548.703125
1771797960,67539.015625,67539.015625,67521.21875,67521.21875
1771798140,67483.6171875,67483.6171875,67483.6171875,67483.6171875
1771798320,67463.515625,67469.2421875,67463.515625,67469.2421875
1771798500,67506.2578125,67506.2578125,67504.7890625,67504.7890625
1771798680,67508.203125,67508.203125,67502.8671875,67502.8671875
1771798860,67510.625,67600.859375,67510.625,67600.859375
1771799040,67654.796875,67654.796875,67565.609375,67565.609375
1771799220,67568.046875,67568.046875,67566.921875,67566.921875
1771799400,67528.4140625,67528.4140625,67528.4140625,67528.4140625
1771799580,67538.0234375,67571.46875,67538.0234375,67571.46875
1771799760,67535.4453125,67535.4453125,67535.4453125,67535.4453125
1771799940,67549.1328125,67549.1328125,67548.796875,67548.796875
1771800120,67626.546875,67626.546875,67626.546875,67626.546875
1771800300,67657.2109375,67675.0,67657.2109375,67675.0
1771800480,67675.265625,67696.265625,67675.265625,67696.265625
1771800660,67696.6875,67704.359375,67696.6875,67704.359375
1771800840,67701.234375,67710.84375,67701.234375,67710.84375
1771801020,67679.953125,67679.953125,67658.8046875,67674.3671875
1771801200,67642.515625,67689.75,67642.515625,67689.75
1771801380,67604.234375,67619.0625,67604.234375,67619.0625
1771801560,67656.296875,67656.296875,67615.9296875,67615.9296875
1771801740,67563.484375,67563.484375,67553.8203125,67553.8203125
1771801920,67542.640625,67542.640625,67542.640625,67542.640625
1771802100,67495.3984375,67495.3984375,67487.75,67487.75
1771802280,67520.8125,67520.8125,67515.359375,67515.359375
1771802460,67480.359375,67480.359375,67478.953125,67478.953125
1771802640,67479.1015625,67531.6796875,67479.1015625,67531.6796875
1771802820,67528.8359375,67533.484375,67528.8359375,67533.484375
1771803000,67555.2421875,67555.2421875,67555.2421875,67555.2421875
1771803180,67541.5390625,67548.46875,67541.5390625,67548.46875
1771803360,67544.28125,67555.3828125,67544.28125,67555.3828125
1771803540,67537.6875,67537.6875,67535.8828125,67535.8828125
1771803720,67524.78125,67524.78125,67474.1484375,67475.8125
1771803900,67467.8203125,67467.8203125,67467.8203125,67467.8203125
1771804080,67517.03125,67517.03125,67517.03125,67517.03125
1771804260,67568.0703125,67568.0703125,67553.703125,67553.703125
1771804440,67616.71875,67616.71875,67616.71875,67616.71875
1771804620,67646.5703125,67683.7890625,67646.5703125,67683.7890625
1771804800,67616.5390625,67633.90625,67616.5390625,67633.90625
1771804980,67611.8515625,67611.8515625,67611.8515625,67611.8515625
1771805160,67583.8203125,67589.0078125,67567.953125,67589.0078125
1771805340,67621.171875,67621.171875,67621.171875,67621.171875
1771805520,67585.828125,67585.828125,67584.2578125,67584.2578125
1771805700,67600.8984375,67600.8984375,67566.25,67566.25
1771805880,67587.8984375,67587.8984375,67538.6015625,67538.6015625
1771806060,67507.9453125,67507.9453125,67471.78125,67471.78125
1771806240,67450.8203125,67450.8203125,67437.8984375,67437.8984375
1771806420,67391.046875,67421.0390625,67391.046875,67421.0390625
1771806600,67422.0,67422.0,67422.0,67422.0
1771806780,67358.9375,67358.9375,67358.9375,67358.9375
1771806960,67302.5703125,67302.5703125,67269.75,67269.75
1771807140,67220.34375,67220.34375,67192.8671875,67192.8671875
1771807320,67228.328125,67228.328125,67172.9765625,67172.9765625
1771807500,67178.8359375,67178.8359375,67178.8359375,67178.8359375
1771807680,67108.8828125,67120.4140625,67108.8828125,67120.4140625
1771807860,67068.59375,67068.59375,67046.6171875,67067.4765625
1771808040,67097.8515625,67097.8515625,67097.8515625,67097.8515625
1771808220,67028.9765625,67028.9765625,66794.609375,66794.609375
1771808400,66720.875,66720.875,66290.5078125,66290.5078125
1771808580,66138.8203125,66408.8828125,66138.8203125,66408.8828125
1771808760,66251.0859375,66251.0859375,65882.9375,65882.9375
1771808940,65751.28125,65751.28125,65363.1875,65363.1875
1771809120,65462.4375,65544.4453125,65462.4375,65544.4453125
1771809300,65532.38671875,65532.38671875,65298.92578125,65298.92578125
1771809480,65308.5078125,65308.5078125,65308.5078125,65308.5078125
1771809660,65135.390625,65135.390625,65083.5390625,65083.5390625
1771809840,65089.2890625,65089.2890625,65026.26171875,65026.26171875
1771810020,65049.375,65224.72265625,65049.375,65156.203125
1771810200,65029.53515625,65112.9921875,65029.53515625,65112.9921875
1771810380,65111.64453125,65111.64453125,65080.84375,65080.84375
1771810560,65219.44921875,65256.359375,65219.44921875,65256.359375
1771810740,65359.6953125,65359.6953125,65342.80078125,65342.80078125
1771810920,65220.48828125,65220.48828125,65140.01953125,65140.01953125
1771811100,65009.8203125,65009.8203125,64774.7421875,64774.7421875
1771811280,64843.54296875,64843.54296875,64678.26171875,64678.26171875
1771811460,64563.12890625,64563.12890625,64563.12890625,64563.12890625
1771811640,64416.8203125,64416.8203125,64416.8203125,64416.8203125
1771811820,64649.859375,64649.859375,64598.59375,64598.59375
1771812000,64424.27734375,64424.27734375,64420.875,64420.875
1771812180,64400.73828125,64548.92578125,64400.73828125,64548.92578125
1771812360,64595.4609375,64595.4609375,64593.875,64593.875
1771812540,64696.90234375,64696.90234375,64696.90234375,64696.90234375
1771812720,64668.9921875,64721.63671875,64668.9921875,64721.63671875
1771812900,64729.26953125,64788.90234375,64729.26953125,64788.90234375
1771813080,64764.953125,64764.953125,64693.07421875,64693.07421875
1771813260,64730.18359375,64730.18359375,64613.83984375,64613.83984375
1771813440,64574.15234375,64586.953125,64574.15234375,64586.953125
1771813620,64577.80859375,64618.15625,64577.80859375,64618.15625
1771813800,64811.46875,64854.2890625,64811.46875,64854.2890625
1771813980,64827.62890625,64883.36328125,64827.62890625,64883.36328125
1771814160,64840.71875,64840.71875,64833.9765625,64833.9765625
1771814340,64782.36328125,64782.36328125,64769.1953125,64769.1953125
1771814520,64739.9765625,64739.9765625,64739.9765625,64739.9765625
1771814700,64822.00390625,64822.00390625,64813.22265625,64813.22265625
1771814880,64808.49609375,64808.49609375,64808.49609375,64808.49609375
1771815060,64808.31640625,64808.31640625,64786.28125,64786.28125
1771815240,64759.796875,64759.796875,64706.3203125,64706.3203125
1771815420,64708.64453125,64727.58984375,64708.64453125,64727.58984375
1771815600,64773.41796875,64773.41796875,64773.41796875,64773.41796875
1771815780,64797.62109375,64797.62109375,64784.43359375,64784.43359375
1771815960,64899.99609375,65008.3359375,64899.99609375,65008.3359375
1771816140,64983.7578125,64983.7578125,64983.7578125,64983.7578125
1771816320,64864.05859375,64872.29296875,64864.05859375,64872.29296875
1771816500,64927.97265625,64927.97265625,64824.44921875,64824.44921875
1771816680,64738.28515625,64763.40234375,64738.28515625,64763.40234375
1771816860,64767.08984375,64767.08984375,64735.71484375,64746.4453125
1771817040,64751.14453125,64751.14453125,64751.14453125,64751.14453125
1771817220,64691.06640625,64751.40625,64691.06640625,64751.40625
1771817400,64748.5234375,64825.34375,64748.5234375,64825.34375
1771817580,64723.703125,64749.90234375,64723.703125,64749.90234375
1771817760,64843.0703125,64875.3515625,64843.0703125,64875.3515625
1771817940,64882.0,64923.1171875,64882.0,64923.1171875
1771818120,64963.921875,64963.921875,64957.30078125,64957.30078125
1771818300,64961.359375,64961.359375,64961.359375,64961.359375
1771818480,64927.07421875,64947.28515625,64927.07421875,64928.70703125
1771818660,64930.7265625,64943.109375,64930.7265625,64943.109375
1771818840,64962.421875,64962.421875,64962.421875,64962.421875
1771819020,64974.25390625,64974.25390625,64946.36328125,64946.36328125
1771819200,64958.4921875,64958.4921875,64957.08984375,64957.08984375
1771819380,64890.33203125,64890.33203125,64890.33203125,64890.33203125
1771819560,64857.34765625,64857.34765625,64857.34765625,64857.34765625
1771819740,64891.62109375,64935.015625,64891.62109375,64935.015625
1771819920,64955.29296875,64955.29296875,64955.29296875,64955.29296875
1771820100,64978.33984375,64978.33984375,64978.33984375,64978.33984375
1771820280,64904.4375,64939.71875,64904.4375,64939.71875
1771820460,64833.703125,64833.703125,64798.29296875,64798.29296875
1771820640,64794.0859375,64794.0859375,64794.0859375,64794.0859375
1771820820,64735.203125,64759.41015625,64735.203125,64759.41015625
1771821000,64754.45703125,64785.44140625,64754.45703125,64780.203125
1771821180,64761.91015625,64761.91015625,64756.1640625,64756.1640625
1771821360,64755.90234375,64755.90234375,64706.828125,64706.828125
1771821540,64706.98046875,64706.98046875,64706.98046875,64706.98046875
1771821720,64681.89453125,64692.6640625,64681.89453125,64692.6640625
1771821900,64712.03515625,64712.03515625,64709.64453125,64709.64453125
1771822080,64710.00390625,64710.00390625,64710.00390625,64710.00390625
1771822260,64731.765625,64731.765625,64725.08984375,64725.08984375
1771822440,64750.1015625,64750.1015625,64750.1015625,64750.1015625
1771822620,64804.671875,64811.03515625,64804.671875,64811.03515625
1771822800,64801.22265625,64819.65234375,64801.22265625,64819.65234375
1771822980,64839.53125,64850.125,64839.53125,64850.125
1771823160,64924.16796875,64927.10546875,64924.16796875,64927.10546875
1771823340,64922.890625,65121.99609375,64922.890625,65121.99609375
1771823520,65092.28125,65092.28125,65092.28125,65092.28125
1771823700,65082.10546875,65095.4765625,65080.86328125,65095.4765625
1771823880,65147.80078125,65172.890625,65147.80078125,65172.890625
1771824060,65065.875,65076.0390625,65065.875,65076.0390625
1771824240,65093.671875,65093.671875,64928.0,64928.0
1771824420,64912.8359375,64968.24609375,64912.8359375,64968.24609375
1771824600,65072.13671875,65072.13671875,65047.68359375,65047.68359375
1771824780,65092.734375,65092.734375,65080.13671875,65080.13671875
1771824960,65047.98046875,65047.98046875,65047.98046875,65047.98046875
1771825140,65027.7578125,65033.359375,65027.7578125,65033.359375
1771825320,65062.52734375,65062.52734375,65030.953125,65030.953125
1771825500,64999.37109375,65029.328125,64999.37109375,65029.328125
1771825680,65012.01171875,65012.01171875,65012.01171875,65012.01171875
1771825860,64987.58984375,65001.84375,64987.58984375,65001.84375
1771826040,65001.1328125,65001.1328125,64997.4296875,64997.4296875
1771826220,64971.75,65036.359375,64971.75,65036.359375
1771826400,65024.76953125,65042.03515625,65024.76953125,65042.03515625
1771826580,65082.28125,65082.28125,65082.28125,65082.28125
1771826760,65117.61328125,65147.375,65117.61328125,65147.375
1771826940,65159.921875,65172.1484375,65159.921875,65167.5234375
1771827120,65255.14453125,65327.765625,65255.14453125,65327.765625
1771827300,65343.90625,65347.9296875,65343.90625,65347.9296875
1771827480,65320.8359375,65320.8359375,65301.19140625,65301.19140625
1771827660,65332.00390625,65411.9296875,65332.00390625,65411.9296875
1771827840,65397.9921875,65397.9921875,65361.6171875,65361.6171875
1771828020,65319.58984375,65319.58984375,65319.58984375,65319.58984375
1771828200,65290.42578125,65290.42578125,65290.42578125,65290.42578125
1771828380,65327.92578125,65340.6171875,65327.92578125,65340.6171875
1771828560,65408.25390625,65493.69921875,65408.25390625,65493.69921875
1771828740,65602.609375,65602.609375,65588.3046875,65588.3046875
1771828920,65520.40625,65528.8046875,65520.40625,65528.8046875
1771829100,65522.09375,65583.1640625,65522.09375,65583.1640625
1771829280,65686.8203125,65686.8203125,65677.6015625,65677.6015625
1771829460,65691.4140625,65701.3125,65691.4140625,65701.3125
1771829640,65762.984375,65762.984375,65731.6640625,65731.6640625
1771829820,65717.484375,65734.015625,65717.484375,65734.015625
1771830000,65782.5390625,65787.203125,65782.5390625,65787.203125
1771830180,65785.1171875,65813.0390625,65785.1171875,65813.0390625
1771830360,65864.4453125,65864.4453125,65826.5,65826.5
1771830540,65764.6484375,65764.6484375,65764.6484375,65764.6484375
1771830720,65766.8828125,65848.5859375,65766.8828125,65848.5859375
1771830900,65782.8828125,65782.8828125,65722.1484375,65722.1484375
1771831080,65745.09375,65787.6015625,65745.09375,65787.6015625
1771831260,65740.9453125,65740.9453125,65717.3828125,65717.3828125
1771831440,65767.546875,65767.546875,65767.546875,65767.546875
1771831620,65728.734375,65728.734375,65725.90625,65725.90625
1771831800,65721.359375,65721.359375,65700.546875,65700.546875
1771831980,65724.4375,65724.4375,65716.6875,65716.6875
1771832160,65776.2578125,65793.3984375,65762.5078125,65793.3984375
1771832340,65826.90625,65970.2421875,65826.90625,65970.2421875
1771832520,65934.4765625,65934.4765625,65926.2734375,65926.2734375
1771832700,65941.8046875,65941.8046875,65919.28125,65919.28125
1771832880,65927.3984375,65927.3984375,65911.4453125,65911.4453125
1771833060,65923.7578125,65923.7578125,65923.7578125,65923.7578125
1771833240,65929.109375,65934.0703125,65929.109375,65934.0703125
1771833420,65947.1796875,65947.1796875,65941.9375,65941.9375
1771833600,65941.09375,65941.09375,65939.8671875,65939.8671875
1771833780,65799.171875,65799.171875,65794.1875,65794.1875
1771833960,65795.0703125,65795.0703125,65795.0703125,65795.0703125
1771834140,65772.7890625,65772.7890625,65741.140625,65741.140625
1771834320,65797.625,65797.625,65796.5546875,65796.5546875
1771834500,65825.2578125,65825.2578125,65820.203125,65820.203125
1771834680,65770.921875,65770.921875,65748.296875,65748.296875
1771834860,65716.4140625,65724.65625,65716.4140625,65724.65625
1771835040,65645.171875,65645.171875,65637.890625,65637.890625
1771835220,65678.921875,65695.5,65678.921875,65695.5
1771835400,65697.453125,65717.609375,65697.453125,65717.609375
1771835580,65633.8671875,65633.8671875,65633.8671875,65633.8671875
1771835760,65629.828125,65629.828125,65613.921875,65613.921875
1771835940,65599.796875,65607.1875,65599.796875,65600.21875
1771836120,65596.453125,65596.453125,65585.7265625,65590.0234375
1771836300,65611.0625,65611.78125,65611.0625,65611.78125
1771836480,65620.8984375,65620.8984375,65608.859375,65608.859375
1771836660,65606.9296875,65606.9296875,65594.03125,65594.03125
1771836840,65601.859375,65601.859375,65584.40625,65584.40625
1771837020,65678.0078125,65678.0078125,65673.8359375,65673.8359375
1771837200,65757.1171875,65757.1171875,65757.1171875,65757.1171875
1771837380,65749.453125,65809.0078125,65749.453125,65809.0078125
1771837560,65757.6875,65798.8671875,65757.6875,65798.8671875
1771837740,65781.9296875,65795.3046875,65781.9296875,65795.3046875
1771837920,65821.2890625,65821.2890625,65796.0546875,65796.0546875
1771838100,65806.6640625,65828.1953125,65806.6640625,65828.1953125
1771838280,65800.7421875,65800.7421875,65722.3515625,65722.3515625
1771838460,65729.515625,65739.9296875,65721.1953125,65739.9296875
1771838640,65716.1171875,65731.2734375,65716.1171875,65731.2734375
1771838820,65758.5,65797.3359375,65758.5,65797.3359375
1771839000,66030.1953125,66030.1953125,66030.1953125,66030.1953125
1771839180,66192.765625,66192.765625,66192.765625,66192.765625
1771839360,66161.4140625,66267.9375,66161.4140625,66267.9375
1771839540,66291.09375,66291.09375,66249.1796875,66249.1796875
1771839720,66253.0546875,66255.296875,66253.0546875,66255.296875
1771839900,66263.484375,66387.6015625,66263.484375,66387.6015625
1771840080,66379.484375,66379.484375,66271.625,66310.0078125
1771840260,66361.8828125,66361.8828125,66361.8828125,66361.8828125
1771840440,66423.734375,66426.0546875,66423.734375,66426.0546875
1771840620,66395.90625,66395.90625,66387.96875,66387.96875
1771840800,66393.609375,66472.1953125,66348.4609375,66472.1953125
1771840980,66528.5625,66528.5625,66501.4921875,66501.4921875
1771841160,66414.5234375,66414.5234375,66385.8515625,66385.8515625
1771841340,66413.6953125,66413.6953125,66357.59375,66367.3671875
1771841520,66359.2109375,66359.2109375,66359.2109375,66359.2109375
1771841700,66289.9140625,66304.0234375,66289.9140625,66304.0234375
1771841880,66360.765625,66442.6796875,66360.765625,66442.6796875
1771842060,66485.46875,66485.46875,66451.2421875,66451.2421875
1771842240,66438.0703125,66438.0703125,66426.765625,66426.765625
1771842420,66393.6796875,66393.6796875,66353.796875,66353.796875
1771842600,66347.2578125,66366.421875,66347.2578125,66366.421875
1771842780,66286.4921875,66286.4921875,66285.953125,66285.953125
1771842960,66290.359375,66290.359375,66266.6015625,66266.6015625
1771843140,66245.109375,66319.15625,66245.109375,66319.15625
1771843320,66350.8828125,66373.5078125,66350.8828125,66373.5078125
1771843500,66304.3828125,66306.0703125,66304.3828125,66306.0703125
1771843680,66287.6640625,66300.4765625,66287.6640625,66300.4765625
1771843860,66346.3828125,66346.3828125,66346.3828125,66346.3828125
1771844040,66371.6328125,66401.765625,66371.6328125,66401.765625
1771844220,66375.5546875,66375.5546875,66308.2578125,66308.2578125
1771844400,66319.7734375,66320.1171875,66319.7734375,66320.1171875
1771844580,66324.5234375,66334.09375,66324.5234375,66334.09375
1771844760,66272.5,66317.671875,66272.5,66317.671875
1771844940,66309.9140625,66355.8046875,66309.9140625,66355.8046875
1771845120,66344.90625,66369.7890625,66344.90625,66369.7890625
1771845300,66395.5078125,66435.15625,66395.5078125,66435.15625
1771845480,66431.2734375,66431.2734375,66431.2734375,66431.2734375
1771845660,66463.6953125,66463.6953125,66380.984375,66380.984375
1771845840,66326.15625,66326.15625,66326.15625,66326.15625
1771846020,66323.171875,66330.8515625,66323.171875,66330.8515625
1771846200,66305.6640625,66305.6640625,66285.046875,66285.046875
1771846380,66248.78125,66248.78125,66248.78125,66248.78125
1771846560,66274.7578125,66274.7578125,66233.2578125,66233.2578125
1771846740,66149.6171875,66176.1328125,66149.6171875,66176.1328125
1771846920,66135.984375,66135.984375,66133.6796875,66133.6796875
1771847100,66137.265625,66167.984375,66137.265625,66150.375
1771847280,66149.7734375,66149.7734375,66138.1015625,66138.1015625
1771847460,66203.15625,66203.15625,66191.4453125,66191.4453125
1771847640,66171.828125,66171.828125,66170.53125,66170.53125
1771847820,66174.875,66182.5,66174.875,66182.5
1771848000,66190.59375,66214.421875,66190.59375,66214.421875
1771848180,66174.7890625,66189.890625,66174.7890625,66189.890625
1771848360,66196.59375,66201.9296875,66196.59375,66201.9296875
1771848540,66246.125,66246.125,66193.6328125,66193.6328125
1771848720,66205.203125,66217.5,66205.203125,66217.5
1771848900,66229.578125,66229.578125,66229.578125,66229.578125
1771849080,66217.125,66218.59375,66194.015625,66194.015625
1771849260,66133.5234375,66133.5234375,66133.5234375,66133.5234375
1771849440,66086.609375,66111.546875,66086.609375,66111.546875
1771849620,66144.5859375,66144.5859375,66144.5859375,66144.5859375
1771849800,66137.3671875,66137.3671875,65988.234375,65988.234375
1771849980,65977.3984375,65977.3984375,65942.078125,65946.9140625
1771850160,66002.1171875,66272.859375,66002.1171875,66272.859375
1771850340,66343.7890625,66343.7890625,66286.328125,66286.328125
1771850520,66289.2109375,66289.2109375,66289.2109375,66289.2109375
1771850700,66451.2265625,66451.2265625,66384.1796875,66384.1796875
1771850880,66494.0,66494.0,66358.171875,66358.171875
1771851060,66356.4375,66356.4375,66337.5703125,66337.5703125
1771851240,66344.90625,66344.90625,66319.96875,66319.96875
1771851420,66256.84375,66259.6328125,66256.84375,66259.6328125
1771851600,66294.6953125,66294.6953125,66275.453125,66275.453125
1771851780,66273.640625,66273.640625,66265.9609375,66265.9609375
1771851960,66257.1875,66257.1875,66257.1875,66257.1875
1771852140,66356.59375,66356.59375,66337.25,66337.25
1771852320,66312.7578125,66312.7578125,66236.7109375,66236.7109375
1771852500,66221.8359375,66229.6953125,66216.1953125,66216.1953125
1771852680,66159.1796875,66159.1796875,66159.1796875,66159.1796875
1771852860,66199.6640625,66221.5703125,66199.6640625,66219.3671875
1771853040,66181.3671875,66181.3671875,66181.3671875,66181.3671875
1771853220,66148.15625,66223.609375,66148.15625,66223.609375
1771853400,66248.0,66248.0,66248.0,66248.0
1771853580,66210.078125,66212.015625,66210.078125,66212.015625
1771853760,66201.09375,66201.09375,66188.375,66188.375
1771853940,66153.21875,66233.578125,66153.21875,66233.578125
1771854120,66277.7421875,66322.34375,66277.7421875,66322.34375
1771854300,66359.4375,66359.4375,66343.1484375,66343.1484375
1771854480,66344.125,66367.9765625,66344.125,66367.9765625
1771854660,66362.609375,66362.609375,66330.71875,66330.71875
1771854840,66329.7109375,66329.7109375,66189.0,66189.0
1771855020,66150.5859375,66150.5859375,66121.859375,66121.859375
1771855200,66132.7109375,66163.9765625,66132.7109375,66163.9765625
1771855380,66163.78125,66172.859375,66129.4921875,66172.859375
1771855560,66224.1484375,66226.5859375,66219.984375,66226.5859375
1771855740,66241.796875,66241.796875,66237.7578125,66237.7578125
1771855920,66241.5546875,66241.5546875,66232.1484375,66236.84375
1771856100,66248.9375,66248.9375,66193.625,66193.625
1771856280,66154.1796875,66154.1796875,66154.1796875,66154.1796875
1771856460,66104.078125,66104.078125,66104.078125,66104.078125
1771856640,66058.59375,66079.359375,66058.59375,66079.359375
1771856820,66088.2109375,66088.2109375,66086.28125,66086.28125
1771857000,66114.9609375,66129.125,66114.9609375,66129.125
1771857180,65950.078125,65950.078125,65950.078125,65950.078125
1771857360,66053.703125,66053.703125,65933.921875,65933.921875
1771857540,65893.0,65893.0,65722.8671875,65722.8671875
1771857720,65601.9921875,65771.6484375,65601.9921875,65771.6484375
1771857900,65828.1953125,65895.8984375,65819.7890625,65819.7890625
1771858080,65816.5703125,65816.5703125,65816.5703125,65816.5703125
1771858260,66061.4453125,66061.4453125,65996.359375,65996.359375
1771858440,66001.25,66001.25,66001.25,66001.25
1771858620,65988.1015625,66007.21875,65867.7421875,65867.7421875
1771858800,65906.265625,66021.7890625,65906.265625,66021.7890625
1771858980,65800.5859375,65800.5859375,65731.8359375,65731.8359375
1771859160,65733.265625,65882.640625,65733.265625,65882.640625
1771859340,65824.7109375,65950.734375,65824.7109375,65950.734375
1771859520,65920.6875,65920.6875,65920.6875,65920.6875
1771859700,65933.3203125,65945.0234375,65933.3203125,65945.0234375
1771859880,66161.359375,66161.359375,66055.8046875,66055.8046875
1771860060,66007.7265625,66007.7265625,66004.3515625,66004.3515625
1771860240,65968.0390625,65971.96875,65839.4453125,65839.4453125
1771860420,65801.59375,65801.59375,65744.6640625,65744.6640625
1771860600,65784.84375,65784.84375,65760.5546875,65760.5546875
1771860780,65781.078125,65874.96875,65781.078125,65807.828125
1771860960,65856.8125,65856.8125,65856.8125,65856.8125
1771861140,65871.6875,65871.6875,65740.1171875,65740.1171875
1771861320,65827.5703125,65827.5703125,65780.703125,65809.65625
1771861500,65779.7421875,65809.4296875,65779.7421875,65809.4296875
1771861680,65828.234375,65828.234375,65793.1875,65793.1875
1771861860,65730.609375,65730.609375,65730.609375,65730.609375
1771862040,65704.1328125,65704.1328125,65659.359375,65669.609375
1771862220,65661.4375,65696.8359375,65661.4375,65696.8359375
1771862400,65641.609375,65641.609375,65614.828125,65614.828125
1771862580,65621.671875,65621.671875,65368.890625,65368.890625
1771862760,65387.6875,65387.6875,65328.42578125,65328.42578125
1771862940,65422.578125,65509.45703125,65398.90234375,65509.45703125
1771863120,65473.77734375,65473.77734375,65244.91796875,65244.91796875
1771863300,65193.8125,65308.85546875,65193.8125,65295.140625
1771863480,65352.4765625,65511.5625,65352.4765625,65511.5625
1771863660,65439.1640625,65439.1640625,65439.1640625,65439.1640625
1771863840,65440.6015625,65440.6015625,65402.640625,65424.99609375
1771864020,65574.6640625,65647.8046875,65574.6640625,65647.8046875
1771864200,65714.46875,65714.46875,65625.234375,65625.234375
1771864380,65557.0703125,65557.0703125,65499.796875,65499.796875
1771864560,65499.203125,65561.140625,65499.203125,65561.140625
1771864740,65604.359375,65604.359375,65573.8046875,65573.8046875
1771864920,65612.0234375,65612.0234375,65606.9609375,65606.9609375
1771865100,65566.9140625,65566.9140625,65456.94140625,65456.94140625
1771865280,65407.86328125,65407.86328125,65388.86328125,65388.86328125
1771865460,65411.1796875,65432.31640625,65411.1796875,65432.31640625
1771865640,65432.55859375,65432.55859375,65388.51953125,65388.51953125
1771865820,65366.02734375,65366.02734375,65304.8828125,65304.8828125
1771866000,65402.16015625,65409.16015625,65402.16015625,65409.16015625
1771866180,65391.97265625,65391.97265625,65391.97265625,65391.97265625
1771866360,65400.8359375,65400.8359375,65398.484375,65398.484375
1771866540,65378.36328125,65378.36328125,65350.234375,65350.234375
1771866720,65291.16015625,65291.16015625,65291.16015625,65291.16015625
1771866900,65089.484375,65129.859375,65089.484375,65115.3515625
1771867080,65023.015625,65023.015625,64978.546875,64978.546875
1771867260,64814.2421875,64814.2421875,64788.0625,64788.0625
1771867440,64729.42578125,64735.57421875,64729.42578125,64735.57421875
1771867620,64778.26953125,64778.26953125,64623.85546875,64623.85546875
1771867800,64599.32421875,64599.32421875,64567.6640625,64574.296875
1771867980,64654.51171875,64654.51171875,64556.41796875,64556.41796875
1771868160,64423.4140625,64423.4140625,64423.4140625,64423.4140625
1771868340,64441.125,64444.92578125,64441.125,64444.92578125
1771868520,64621.88671875,64621.88671875,64512.73046875,64512.73046875
1771868700,64542.3046875,64542.3046875,64470.5234375,64470.5234375
1771868880,64435.58984375,64444.31640625,64435.1484375,64435.1484375
1771869060,64449.5625,64449.5625,64396.06640625,64396.06640625
1771869240,64497.43359375,64497.43359375,64497.43359375,64497.43359375
1771869420,64588.8359375,64738.64453125,64588.8359375,64738.64453125
1771869600,64698.46875,64698.46875,64698.46875,64698.46875
1771869780,64737.73046875,64830.3671875,64737.73046875,64830.3671875
1771869960,64633.84765625,64756.7734375,64633.84765625,64756.7734375
1771870140,64811.296875,64811.296875,64760.4140625,64760.4140625
1771870320,64739.30078125,64739.30078125,64739.30078125,64739.30078125
1771870500,64786.703125,64786.703125,64706.9296875,64706.9296875
1771870680,64731.0625,64731.0625,64630.93359375,64630.93359375
1771870860,64655.32421875,64702.3984375,64655.32421875,64702.3984375
1771871040,64822.8671875,64871.5546875,64822.8671875,64871.5546875
1771871220,64800.9453125,64800.9453125,64800.9453125,64800.9453125
1771871400,64802.98828125,64802.98828125,64802.98828125,64802.98828125
1771871580,64801.10546875,64801.10546875,64797.7890625,64797.7890625
1771871760,64949.2265625,65126.1171875,64949.2265625,65126.1171875
1771871940,65082.62890625,65087.40625,65026.73828125,65026.73828125
1771872120,64984.6328125,64984.6328125,64924.0625,64924.0625
1771872300,64883.27734375,64883.27734375,64837.31640625,64837.31640625
1771872480,64774.79296875,64813.125,64774.79296875,64813.125
1771872660,64785.30859375,64785.30859375,64752.4765625,64752.4765625
1771872840,64768.21484375,64768.21484375,64725.86328125,64733.359375
1771873020,64645.57421875,64645.57421875,64595.89453125,64595.89453125
1771873200,64630.234375,64676.34375,64630.234375,64676.34375
1771873380,64666.7890625,64693.359375,64604.484375,64604.484375
1771873560,64748.796875,64748.796875,64747.45703125,64747.45703125
1771873740,64717.84765625,64764.28125,64717.84765625,64760.5703125
1771873920,64802.7890625,64802.7890625,64762.0546875,64762.0546875
1771874100,64721.6953125,64721.6953125,64672.8359375,64672.8359375
1771874280,64599.29296875,64617.7109375,64599.29296875,64605.83203125
1771874460,64620.48046875,64620.48046875,64620.48046875,64620.48046875
1771874640,64462.96484375,64462.96484375,64462.96484375,64462.96484375
1771874820,64473.4140625,64492.15625,64473.4140625,64492.15625
1771875000,64450.7734375,64509.88671875,64450.7734375,64509.88671875
1771875180,64470.47265625,64470.47265625,64336.6171875,64336.6171875
1771875360,64352.64453125,64352.64453125,64349.48828125,64349.48828125
1771875540,64295.296875,64295.296875,64236.43359375,64236.43359375
1771875720,64189.80859375,64189.80859375,64189.80859375,64189.80859375
1771875900,64162.43359375,64257.6171875,64162.43359375,64257.6171875
1771876080,64211.6484375,64211.6484375,64192.7109375,64192.7109375
1771876260,64215.32421875,64215.32421875,64178.9296875,64178.9296875
1771876440,64240.1875,64240.1875,64240.1875,64240.1875
1771876620,64306.68359375,64333.2734375,64306.68359375,64333.2734375
1771876800,64289.92578125,64310.49609375,64289.92578125,64310.49609375
1771876980,64242.75,64350.48828125,64242.75,64350.48828125
1771877160,64259.6640625,64259.6640625,64209.50390625,64209.50390625
1771877340,64221.09375,64221.09375,64126.79296875,64126.79296875
1771877520,64106.5703125,64106.5703125,63992.06640625,63992.06640625
1771877700,63996.21484375,64054.48046875,63996.21484375,64054.48046875
1771877880,64021.4453125,64021.4453125,64019.7421875,64019.7421875
1771878060,64003.79296875,64034.52734375,64003.79296875,64034.52734375
1771878240,64116.08984375,64116.08984375,64052.97265625,64052.97265625
1771878420,64024.93359375,64024.93359375,63970.53125,63970.53125
1771878600,63992.67578125,64106.953125,63992.67578125,64106.953125
1771878780,64216.0234375,64237.109375,64216.0234375,64237.109375
1771878960,64187.53125,64280.05078125,64187.53125,64280.05078125
1771879140,64240.171875,64240.171875,64191.75,64191.75
1771879320,64191.89453125,64237.578125,64191.89453125,64237.578125
1771879500,64239.265625,64263.68359375,64239.265625,64254.5
1771879680,64255.67578125,64264.92578125,64255.67578125,64264.92578125
1771879860,64265.91796875,64373.13671875,64265.91796875,64358.86328125
1771880040,64378.8046875,64383.8203125,64378.8046875,64383.8203125
1771880220,64398.90625,64430.45703125,64398.90625,64430.45703125
1771880400,64440.0703125,64557.2578125,64440.0703125,64557.2578125
1771880580,64615.84375,64626.23046875,64615.84375,64626.23046875
1771880760,64611.99609375,64690.828125,64611.99609375,64690.828125
1771880940,64649.58984375,64649.58984375,64564.078125,64564.078125
1771881120,64587.39453125,64589.53515625,64587.39453125,64589.53515625
1771881300,64600.5234375,64605.125,64580.8359375,64605.125
1771881480,64590.671875,64606.296875,64590.671875,64606.296875
1771881660,64620.8046875,64620.8046875,64586.4140625,64586.4140625
1771881840,64562.375,64580.11328125,64536.203125,64580.11328125
1771882020,64532.0625,64532.0625,64524.85546875,64528.46875
1771882200,64537.765625,64553.8828125,64537.765625,64553.8828125
1771882380,64542.5859375,64580.0546875,64542.5859375,64580.0546875
1771882560,64570.69921875,64570.69921875,64524.40234375,64525.9375
1771882740,64541.890625,64591.80859375,64541.890625,64591.80859375
1771882920,64657.62890625,64722.14453125,64657.62890625,64722.14453125
1771883100,64632.0390625,64632.0390625,64628.11328125,64628.11328125
1771883280,64655.7890625,64655.7890625,64655.7890625,64655.7890625
1771883460,64692.46484375,64692.46484375,64656.359375,64656.359375
1771883640,64588.5703125,64588.5703125,64586.37109375,64586.37109375
1771883820,64589.00390625,64594.91796875,64589.00390625,64594.91796875
1771884000,64564.26953125,64568.79296875,64564.26953125,64568.79296875
1771884180,64688.20703125,64700.3515625,64688.20703125,64700.3515625
1771884360,64769.67578125,64769.67578125,64763.71875,64763.71875
1771884540,64848.95703125,64848.95703125,64830.41796875,64830.41796875
1771884720,64874.6328125,64964.7109375,64874.6328125,64964.7109375
1771884900,64937.59375,64980.76953125,64937.59375,64980.76953125
1771885080,64984.12890625,64984.12890625,64907.96875,64907.96875
1771885260,64867.44921875,64867.44921875,64863.359375,64863.359375
1771885440,64948.8203125,64948.8203125,64931.63671875,64931.63671875
1771885620,64948.03125,64948.03125,64933.54296875,64933.54296875
1771885800,64903.484375,64903.484375,64863.44921875,64863.44921875
1771885980,64868.62890625,64896.078125,64868.62890625,64896.078125
1771886160,64892.484375,64892.484375,64880.96484375,64881.99609375
1771886340,64850.2578125,64850.2578125,64809.1484375,64809.1484375
1771886520,64834.828125,64834.828125,64801.0859375,64801.0859375
1771886700,64767.4375,64816.6171875,64767.4375,64816.6171875
1771886880,64790.92578125,64791.28125,64790.92578125,64791.28125
1771887060,64816.55078125,64832.36328125,64816.55078125,64824.546875
1771887240,64767.27734375,64767.27734375,64671.6875,64671.6875
1771887420,64723.70703125,64745.125,64722.5859375,64745.125
1771887600,64699.74609375,64715.5078125,64699.74609375,64715.5078125
1771887780,64707.47265625,64730.88671875,64707.47265625,64730.88671875
1771887960,64724.30859375,64778.26953125,64724.30859375,64778.26953125
1771888140,64813.90625,64871.7109375,64813.90625,64871.7109375
1771888320,64870.0546875,64870.0546875,64832.23828125,64832.23828125
1771888500,64839.8359375,64869.2578125,64839.8359375,64855.109375
1771888680,64861.6328125,64861.6328125,64857.6015625,64857.6015625
1771888860,64827.94140625,64827.94140625,64785.53125,64785.53125
1771889040,64776.84765625,64776.84765625,64776.84765625,64776.84765625
1771889220,64791.1640625,64814.328125,64791.1640625,64814.328125
1771889400,64819.6171875,64819.6171875,64819.6171875,64819.6171875
1771889580,64816.67578125,64820.41796875,64816.67578125,64820.41796875
1771889760,64841.96484375,64841.96484375,64815.41015625,64815.41015625
1771889940,64762.71484375,64762.71484375,64692.2890625,64692.2890625
1771890120,64697.1328125,64697.1328125,64651.4453125,64651.4453125
1771890300,64608.0,64611.6640625,64608.0,64611.6640625
1771890480,64632.7421875,64632.7421875,64597.546875,64597.546875
1771890660,64566.203125,64569.12109375,64566.203125,64569.12109375
1771890840,64558.95703125,64558.95703125,64536.0625,64536.0625
1771891020,64567.2890625,64567.2890625,64567.2890625,64567.2890625
1771891200,64701.20703125,64707.0234375,64701.20703125,64707.0234375
1771891380,64674.984375,64674.984375,64673.36328125,64673.36328125
1771891560,64652.33984375,64652.9921875,64652.33984375,64652.9921875
1771891740,64659.09375,64732.48046875,64659.09375,64732.48046875
1771891920,64846.75390625,64846.75390625,64822.6015625,64822.6015625
1771892100,64866.50390625,64876.92578125,64866.50390625,64876.92578125
1771892280,64904.640625,64904.640625,64904.640625,64904.640625
1771892460,64941.375,64941.375,64931.73046875,64931.73046875
1771892640,64881.84375,64881.84375,64818.15625,64818.15625
1771892820,64813.47265625,64813.47265625,64813.47265625,64813.47265625
1771893000,64819.53125,64834.17578125,64819.53125,64834.17578125
1771893180,64836.44921875,64846.5078125,64836.44921875,64846.5078125
1771893360,64841.70703125,64933.28125,64841.70703125,64933.28125
1771893540,64903.15234375,64941.09375,64903.15234375,64941.09375
1771893720,64955.6171875,64955.6171875,64918.64453125,64918.64453125
1771893900,64914.1640625,64920.07421875,64914.1640625,64920.07421875
1771894080,64914.6875,64914.6875,64893.171875,64893.171875
1771894260,64961.25,64972.7421875,64961.25,64961.4375
1771894440,64923.53515625,64928.18359375,64881.10546875,64881.10546875
1771894620,64884.40234375,64912.8125,64884.40234375,64912.8125
1771894800,64868.515625,64868.515625,64834.7265625,64834.7265625
1771894980,64768.29296875,64768.29296875,64720.16796875,64720.16796875
1771895160,64734.9140625,64734.9140625,64734.9140625,64734.9140625
1771895340,64734.35546875,64734.35546875,64587.4296875,64587.4296875
1771895520,64405.609375,64405.609375,64405.609375,64405.609375
1771895700,64303.140625,64303.140625,63559.375,63559.375
1771895880,63514.08203125,63798.28515625,63514.08203125,63798.28515625
1771896060,64146.02734375,64146.02734375,63990.6953125,63990.6953125
1771896240,64100.6328125,64396.7421875,64100.6328125,64396.7421875
1771896420,64468.265625,64468.265625,64468.265625,64468.265625
1771896600,64478.83984375,64478.83984375,64478.83984375,64478.83984375
1771896780,64473.41796875,64520.67578125,64473.41796875,64520.67578125
1771896960,64500.37109375,64500.37109375,64423.54296875,64423.54296875
1771897140,64114.953125,64231.484375,64114.953125,64231.484375
1771897320,64265.80078125,64294.5859375,64265.80078125,64294.5859375
1771897500,64297.36328125,64346.85546875,64211.36328125,64211.36328125
1771897680,64096.265625,64096.265625,64096.265625,64096.265625
1771897860,64238.2109375,64289.73828125,64238.2109375,64249.22265625
1771898040,64268.09765625,64268.09765625,64230.62890625,64230.62890625
1771898220,64160.58203125,64160.58203125,64137.734375,64138.8125
1771898400,64141.0390625,64141.0390625,64131.58984375,64131.58984375
1771898580,64198.62890625,64198.62890625,63998.11328125,63998.11328125
1771898760,64077.1015625,64141.53125,64077.1015625,64141.53125
1771898940,64101.35546875,64214.91796875,64092.58984375,64214.91796875
1771899120,64247.12890625,64247.12890625,64247.12890625,64247.12890625
1771899300,64223.19921875,64223.19921875,64151.359375,64151.359375
1771899480,64101.234375,64133.4453125,64101.234375,64133.4453125
1771899660,64120.26171875,64133.9375,64120.26171875,64120.59765625
1771899840,64234.69921875,64234.69921875,64234.69921875,64234.69921875
1771900020,64204.37890625,64277.1328125,64204.37890625,64277.1328125
1771900200,64313.6328125,64334.26171875,64313.6328125,64334.26171875
1771900380,64456.08984375,64456.08984375,64353.4609375,64353.4609375
1771900560,64253.09375,64253.09375,64199.8671875,64199.8671875
1771900740,64240.29296875,64240.29296875,64199.71875,64199.71875
1771900920,64209.359375,64209.359375,64200.44921875,64200.44921875
1771901100,64113.4765625,64122.9609375,64087.8828125,64122.9609375
1771901280,64133.59765625,64138.41015625,64133.59765625,64138.41015625
1771901460,64117.24609375,64117.24609375,64096.3828125,64096.3828125
1771901640,64073.30859375,64073.30859375,64073.30859375,64073.30859375
1771901820,64093.64453125,64104.38671875,64093.64453125,64104.38671875
1771902000,64050.34765625,64050.34765625,64050.34765625,64050.34765625
1771902180,63865.8203125,63865.8203125,63670.59375,63670.59375
1771902360,63842.1953125,63842.1953125,63842.1953125,63842.1953125
1771902540,63826.51171875,63826.51171875,63785.05859375,63785.05859375
1771902720,63734.21875,63734.21875,63679.828125,63679.828125
1771902900,63604.98046875,63715.46484375,63604.98046875,63715.46484375
1771903080,63745.4140625,63745.4140625,63745.4140625,63745.4140625
1771903260,63825.4921875,63825.4921875,63766.8515625,63766.8515625
1771903440,63696.25390625,63696.25390625,63678.2578125,63678.2578125
1771903620,63710.328125,63710.328125,63710.328125,63710.328125
1771903800,63690.0390625,63690.0390625,63690.0390625,63690.0390625
1771903980,63636.76171875,63636.76171875,63636.76171875,63636.76171875
1771904160,63647.91015625,63649.50390625,63647.91015625,63649.50390625
1771904340,63696.109375,63740.25390625,63674.41796875,63740.25390625
1771904520,63727.375,63727.375,63727.375,63727.375
1771904700,63651.09375,63651.09375,63651.09375,63651.09375
1771904880,63545.89453125,63545.89453125,63516.36328125,63533.68359375
1771905060,63415.9140625,63504.16796875,63415.9140625,63504.16796875
1771905240,63591.45703125,63591.55859375,63584.97265625,63584.97265625
1771905420,63548.0234375,63548.0234375,63548.0234375,63548.0234375
1771905780,63546.05859375,63546.05859375,63484.53125,63484.53125
1771905960,63348.83984375,63348.83984375,63348.83984375,63348.83984375
1771906140,63324.64453125,63364.77734375,63272.23828125,63364.77734375
1771906320,63231.0,63231.0,63231.0,63231.0
1771906500,63043.4453125,63043.4453125,62969.95703125,62969.95703125
1771906680,62944.2734375,62944.2734375,62911.2265625,62911.2265625
1771906860,63163.53125,63316.85546875,63163.53125,63316.85546875
1771907040,63332.20703125,63332.20703125,63311.39453125,63311.39453125
1771907220,63206.73046875,63206.73046875,63206.73046875,63206.73046875
1771907400,63125.01953125,63125.01953125,63004.62890625,63004.62890625
1771907580,63095.03125,63107.0078125,63095.03125,63107.0078125
1771907760,63162.7265625,63187.2109375,63162.7265625,63187.2109375
1771907940,63277.546875,63310.34375,63264.2109375,63310.34375
1771908120,63307.10546875,63307.10546875,63258.171875,63258.171875
1771908300,63317.390625,63355.0625,63317.390625,63355.0625
1771908480,63312.78515625,63312.78515625,63312.78515625,63312.78515625
1771908660,63326.51953125,63326.51953125,63296.390625,63296.390625
1771908840,63252.5859375,63253.140625,63247.88671875,63253.140625
1771909020,63259.7734375,63301.16015625,63259.7734375,63301.16015625
1771909200,63320.25,63320.25,63320.25,63320.25
1771909380,63291.04296875,63291.04296875,63291.04296875,63291.04296875
1771909560,63480.7734375,63480.7734375,63458.140625,63474.4375
1771909740,63443.30859375,63469.34765625,63443.30859375,63469.34765625
1771909920,63485.39453125,63521.89453125,63485.171875,63485.171875
1771910100,63476.8359375,63476.8359375,63398.140625,63398.140625
1771910280,63377.03515625,63378.5625,63377.03515625,63378.5625
1771910460,63207.328125,63216.5078125,62997.125,62997.125
1771910640,62709.8203125,62812.53125,62709.8203125,62812.53125
1771910820,62801.05078125,62801.05078125,62801.05078125,62801.05078125
1771911000,62799.82421875,62799.82421875,62799.82421875,62799.82421875
1771911180,62916.3984375,62959.89453125,62916.3984375,62959.89453125
1771911360,62960.09765625,62960.09765625,62960.09765625,62960.09765625
1771911540,62935.265625,62935.265625,62888.296875,62888.296875
1771911720,62901.8671875,62920.546875,62901.8671875,62920.546875
1771911900,62967.83984375,63015.14453125,62967.83984375,63015.14453125
1771912080,63028.46484375,63028.46484375,63028.46484375,63028.46484375
1771912260,62956.4453125,63027.109375,62956.4453125,63027.109375
1771912440,63038.45703125,63040.5625,63038.45703125,63040.5625
1771912620,63067.2890625,63070.01171875,63067.2890625,63070.01171875
1771912800,63075.02734375,63075.02734375,63055.61328125,63055.61328125
1771912980,63050.30078125,63050.30078125,62889.5703125,62889.5703125
1771913160,62927.953125,62997.015625,62927.953125,62997.015625
1771913340,63041.296875,63175.11328125,63041.296875,63172.8671875
1771913520,63127.29296875,63127.29296875,63127.29296875,63127.29296875
1771913700,63108.53515625,63136.734375,63108.53515625,63136.734375
1771913880,63158.2421875,63216.2109375,63158.2421875,63216.2109375
1771914060,63186.8046875,63232.65625,63186.8046875,63232.65625
1771914240,63229.83203125,63229.83203125,63227.6484375,63227.6484375
1771914420,63179.0234375,63219.78515625,63179.0234375,63219.78515625
1771914600,63189.79296875,63225.828125,63189.79296875,63199.98046875
1771914780,63201.421875,63274.9609375,63201.421875,63274.9609375
1771914960,63157.8515625,63179.0703125,63157.8515625,63179.0703125
1771915140,63230.7890625,63230.7890625,63229.88671875,63229.88671875
1771915320,63240.83984375,63273.53515625,63240.83984375,63273.53515625
1771915500,63241.859375,63241.859375,63159.62109375,63161.92578125
1771915680,63145.40625,63145.40625,63145.40625,63145.40625
1771915860,63157.44140625,63157.44140625,63157.44140625,63157.44140625
1771916040,63059.5,63059.5,62960.515625,62960.515625
1771916220,63018.04296875,63054.20703125,63018.04296875,63054.20703125
1771916400,63071.03515625,63071.03515625,63066.609375,63066.609375
1771916580,63108.7890625,63108.7890625,63108.7890625,63108.7890625
1771916760,63082.5859375,63214.20703125,63082.5859375,63214.20703125
1771916940,63217.53515625,63289.73046875,63217.53515625,63289.73046875
1771917120,63262.015625,63324.1796875,63262.015625,63324.1796875
1771917300,63301.37890625,63301.37890625,63301.37890625,63301.37890625
1771917480,63207.6640625,63207.6640625,63195.78515625,63195.78515625
1771917660,63164.63671875,63164.63671875,63145.38671875,63145.38671875
1771917840,63162.2421875,63229.73046875,63162.2421875,63229.73046875
1771918020,63212.73828125,63264.93359375,63212.73828125,63264.93359375
1771918200,63259.1640625,63259.1640625,63259.1640625,63259.1640625
1771918380,63273.71484375,63273.71484375,63273.71484375,63273.71484375
1771918560,63171.1328125,63208.92578125,63171.1328125,63208.92578125
1771918740,63209.65234375,63209.65234375,63157.5703125,63157.5703125
1771918920,63089.3671875,63089.3671875,63073.6875,63073.6875
1771919100,63076.1015625,63076.1015625,63059.890625,63059.890625
1771919280,63042.28515625,63042.28515625,63006.93359375,63006.93359375
1771919460,63036.84765625,63036.84765625,63025.171875,63025.171875
1771919640,63036.9921875,63089.078125,63036.9921875,63089.078125
1771919820,63134.9609375,63134.9609375,63134.9609375,63134.9609375
1771920000,63148.3671875,63148.3671875,63137.8828125,63137.8828125
1771920180,63033.83203125,63152.1328125,63033.83203125,63152.1328125
1771920360,63115.10546875,63115.10546875,63095.7890625,63095.7890625
1771920540,63167.3359375,63167.3359375,63167.3359375,63167.3359375
1771920720,63214.41015625,63217.69140625,63214.41015625,63217.69140625
1771920900,63186.9921875,63186.9921875,63186.9921875,63186.9921875
1771921080,63187.12109375,63187.12109375,63105.3125,63105.3125
1771921260,63101.16796875,63140.2734375,63101.16796875,63140.2734375
1771921440,63226.85546875,63302.5234375,63226.85546875,63302.5234375
1771921620,63227.61328125,63256.0859375,63227.61328125,63256.0859375
1771921800,63272.33203125,63272.33203125,63272.33203125,63272.33203125
1771921980,63363.26953125,63363.26953125,63363.26953125,63363.26953125
1771922160,63306.18359375,63335.9296875,63306.18359375,63335.9296875
1771922340,63338.4296875,63338.4296875,63338.4296875,63338.4296875
1771922520,63378.953125,63378.953125,63345.47265625,63345.47265625
1771922700,63381.8984375,63392.89453125,63381.8984375,63392.89453125
1771922880,63371.5859375,63375.76171875,63371.5859375,63375.76171875
1771923060,63332.2890625,63356.95703125,63332.2890625,63356.95703125
1771923240,63371.125,63371.125,63366.95703125,63366.95703125
1771923420,63375.1171875,63403.109375,63375.1171875,63403.109375
1771923600,63387.87890625,63387.87890625,63367.703125,63367.703125
1771923780,63356.60546875,63356.60546875,63356.60546875,63356.60546875
1771923960,63326.32421875,63326.32421875,63273.92578125,63273.92578125
1771924140,63244.7265625,63244.7265625,63238.3046875,63238.3046875
1771924320,63243.05859375,63250.6953125,63243.05859375,63250.6953125
1771924500,63260.6640625,63260.6640625,63239.92578125,63239.92578125
1771924680,63210.359375,63212.54296875,63210.359375,63212.54296875
1771924860,63154.671875,63154.671875,63153.92578125,63153.92578125
1771925040,63117.28125,63117.28125,63105.0,63105.0
1771925220,63096.62890625,63125.14453125,63096.62890625,63125.14453125
1771925400,63137.31640625,63148.6953125,63137.31640625,63148.6953125
1771925580,63085.8125,63088.1484375,63085.8125,63088.1484375
1771925760,62970.3203125,62970.3203125,62970.3203125,62970.3203125
1771925940,63073.2265625,63073.2265625,63048.125,63048.125
1771926120,63142.8125,63142.8125,63130.390625,63135.03515625
1771926300,63032.4609375,63032.4609375,63032.4609375,63032.4609375
1771926480,63047.59375,63127.63671875,63047.59375,63127.63671875
1771926660,63222.98828125,63222.98828125,63221.5625,63221.5625
1771926840,63210.67578125,63212.0,63176.62109375,63176.62109375
1771927020,63228.16796875,63228.16796875,63228.16796875,63228.16796875
1771927200,63232.64453125,63232.64453125,63175.5625,63175.5625
1771927380,63179.9609375,63179.9609375,63176.09375,63176.46484375
1771927560,63195.8671875,63195.8671875,63167.46484375,63167.46484375
1771927740,63147.58203125,63169.6953125,63147.58203125,63169.6953125
1771927920,63209.85546875,63255.7890625,63209.85546875,63255.7890625
1771928100,63207.35546875,63216.03125,63207.35546875,63216.03125
1771928280,63249.2265625,63249.2265625,63244.86328125,63244.86328125
1771928460,63276.86328125,63276.86328125,63276.86328125,63276.86328125
1771928640,63262.68359375,63262.68359375,63247.234375,63255.15625
1771928820,63291.53515625,63291.53515625,63267.5546875,63267.5546875
1771929000,63253.4453125,63276.484375,63253.4453125,63276.484375
1771929180,63214.38671875,63225.13671875,63214.38671875,63225.13671875
1771929360,63225.21875,63225.21875,63225.21875,63225.21875
1771929540,63198.12109375,63198.12109375,63154.7265625,63154.7265625
1771929720,63172.6640625,63172.6640625,63158.33984375,63158.33984375
1771929900,63202.28515625,63202.28515625,63195.25390625,63195.25390625
1771930080,63197.98046875,63197.98046875,63173.82421875,63179.69140625
1771930260,63305.51953125,63327.28515625,63305.51953125,63327.28515625
1771930440,63305.97265625,63305.97265625,63288.34375,63288.34375
1771930620,63283.37890625,63286.55078125,63283.37890625,63286.55078125
1771930800,63275.96875,63275.96875,63275.96875,63275.96875
1771930980,63284.828125,63292.1640625,63284.828125,63292.1640625
1771931160,63215.44921875,63215.44921875,63215.44921875,63215.44921875
1771931340,63195.22265625,63195.22265625,63172.12890625,63172.12890625
1771931520,63193.1640625,63193.1640625,63184.08984375,63184.08984375
1771931700,63197.47265625,63198.7265625,63197.47265625,63198.7265625
1771931880,63173.5078125,63202.5546875,63173.5078125,63195.05078125
1771932060,63198.2265625,63198.2265625,63198.2265625,63198.2265625
1771932240,63137.5,63157.6640625,63137.5,63157.6640625
1771932420,63184.109375,63197.53125,63184.109375,63191.40625
1771932600,63162.875,63165.84765625,63162.875,63165.84765625
1771932780,63096.671875,63111.65234375,63096.671875,63111.65234375
1771932960,63088.2109375,63100.6640625,63088.2109375,63100.6640625
1771933140,63119.2109375,63227.875,63119.2109375,63227.875
1771933320,63198.2578125,63198.421875,63198.2578125,63198.421875
1771933500,63191.84375,63191.84375,63183.19140625,63183.19140625
1771933680,63165.9296875,63208.86328125,63165.9296875,63208.86328125
1771933860,63192.0234375,63192.0234375,63192.0234375,63192.0234375
1771934040,63199.125,63199.125,63189.02734375,63189.02734375
1771934220,63183.3359375,63193.3125,63183.3359375,63193.3125
1771934400,63224.34375,63224.34375,63167.4140625,63167.4140625
1771934580,63147.3125,63147.3125,63128.4453125,63128.4453125
1771934760,63176.55078125,63190.47265625,63176.55078125,63190.47265625
1771934940,63184.0390625,63208.8359375,63184.0390625,63208.8359375
1771935120,63202.4375,63272.1171875,63202.4375,63272.1171875
1771935300,63263.4453125,63279.3515625,63262.1953125,63279.3515625
1771935480,63220.31640625,63220.31640625,63217.109375,63217.109375
1771935660,63218.05078125,63252.70703125,63218.05078125,63252.70703125
1771935840,63260.48046875,63264.2734375,63260.48046875,63264.2734375
1771936020,63303.05859375,63303.05859375,63299.90625,63299.90625
1771936200,63325.0625,63325.0625,63311.6796875,63311.6796875
1771936380,63306.16796875,63306.16796875,63265.19921875,63265.19921875
1771936560,63263.6875,63263.6875,63221.0234375,63221.0234375
1771936740,63197.3984375,63197.3984375,63098.42578125,63098.42578125
1771936920,63093.22265625,63093.22265625,63088.4921875,63088.4921875
1771937100,63107.41015625,63107.41015625,63078.60546875,63078.60546875
1771937280,63084.359375,63084.359375,63012.58203125,63012.58203125
1771937460,63007.1328125,63078.16015625,63007.1328125,63078.16015625
1771937640,63064.64453125,63064.64453125,63023.4453125,63023.4453125
1771937820,63017.73046875,63017.73046875,62957.0234375,62957.0234375
1771938000,62957.91015625,63029.79296875,62957.91015625,63029.79296875
1771938180,62966.43359375,62966.43359375,62966.43359375,62966.43359375
1771938360,62934.578125,62934.578125,62934.578125,62934.578125
1771938540,63002.359375,63045.765625,63002.359375,63045.765625
1771938720,63061.0390625,63061.0390625,63057.6796875,63057.6796875
1771938900,63081.03515625,63081.03515625,63063.82421875,63063.82421875
1771939080,63044.9375,63044.9375,63003.61328125,63003.61328125
1771939260,62940.55078125,62940.55078125,62915.5546875,62915.5546875
1771939440,62899.6484375,62922.1171875,62899.6484375,62922.1171875
1771939620,62922.94921875,62922.94921875,62895.421875,62900.796875
1771939800,62914.9453125,62927.33984375,62914.9453125,62927.33984375
1771939980,62731.80859375,62838.5,62731.80859375,62838.5
1771940160,62646.765625,62763.61328125,62646.765625,62763.61328125
1771940340,62875.05859375,62983.9375,62875.05859375,62983.9375
1771940520,63022.796875,63039.58203125,63022.796875,63039.58203125
1771940700,62933.41015625,62933.41015625,62892.97265625,62930.73828125
1771940880,63015.6953125,63015.6953125,62988.4609375,62988.4609375
1771941060,62901.734375,62970.41015625,62901.734375,62970.41015625
1771941240,62966.65234375,62972.51953125,62966.65234375,62972.51953125
1771941420,62983.37890625,62983.37890625,62961.20703125,62961.20703125
1771941600,62910.328125,62910.328125,62855.35546875,62855.35546875
1771941780,62877.296875,62877.296875,62810.5546875,62810.5546875
1771941960,62985.53515625,62985.53515625,62985.53515625,62985.53515625
1771942140,62946.859375,62946.859375,62918.00390625,62918.00390625
1771942320,62900.125,62900.125,62900.125,62900.125
1771942500,62918.59765625,62923.72265625,62918.59765625,62923.72265625
1771942680,62924.23828125,62924.23828125,62856.66015625,62856.66015625
1771942860,62938.29296875,62938.29296875,62938.29296875,62938.29296875
1771943040,62934.68359375,62958.078125,62934.68359375,62958.078125
1771943220,62980.1015625,62996.671875,62980.1015625,62996.671875
1771943400,62968.2890625,63013.37890625,62968.2890625,63013.37890625
1771943580,62926.5546875,62926.5546875,62846.76171875,62846.76171875
1771943760,62979.76953125,63017.015625,62949.12109375,62949.12109375
1771943940,63240.7109375,63240.7109375,63163.89453125,63163.89453125
1771944120,63425.25390625,63425.25390625,63285.51171875,63285.51171875
1771944300,63322.71875,63395.66015625,63322.71875,63395.66015625
1771944480,63439.3828125,63439.3828125,63439.3828125,63439.3828125
1771944660,63494.44921875,63618.14453125,63494.44921875,63618.14453125
1771944840,63704.7265625,63704.7265625,63704.7265625,63704.7265625
1771945020,63551.41796875,63551.41796875,63470.140625,63470.140625
1771945200,63454.60546875,63454.60546875,63439.14453125,63439.14453125
1771945380,63379.296875,63436.07421875,63379.296875,63436.07421875
1771945560,63452.421875,63452.421875,63450.89453125,63450.89453125
1771945740,63419.109375,63536.35546875,63419.109375,63536.35546875
1771945920,63642.8359375,63642.8359375,63521.84375,63521.84375
1771946100,63587.87109375,63753.55078125,63587.87109375,63753.55078125
1771946280,63730.1328125,63798.21875,63730.1328125,63798.21875
1771946460,63759.96875,63759.96875,63759.96875,63759.96875
1771946640,63845.9921875,63856.109375,63845.9921875,63856.109375
1771946820,63852.05078125,63852.05078125,63772.8203125,63772.8203125
1771947000,63923.796875,63923.796875,63901.58984375,63901.58984375
1771947180,63909.9453125,63916.3515625,63909.9453125,63916.3515625
1771947360,63852.8203125,63852.8203125,63820.66015625,63820.66015625
1771947540,63776.18359375,63804.1171875,63776.18359375,63804.1171875
1771947720,63711.05078125,63745.39453125,63711.05078125,63745.39453125
1771947900,63756.23828125,63757.1640625,63756.23828125,63757.1640625
1771948080,63798.25,63840.06640625,63798.25,63840.06640625
1771948260,63790.98828125,63816.296875,63790.98828125,63816.296875
1771948440,63837.73046875,63844.1015625,63837.73046875,63844.1015625
1771948620,63954.8359375,64001.703125,63954.8359375,64001.703125
1771948800,63974.6875,64075.4375,63974.6875,64075.4375
1771948980,64344.63671875,64350.234375,64304.84765625,64350.234375
1771949160,64246.65625,64246.65625,64246.65625,64246.65625
1771949340,64195.65234375,64195.65234375,64118.98828125,64118.98828125
1771949520,64178.546875,64229.21484375,64178.546875,64229.21484375
1771949700,64190.71484375,64190.71484375,64115.984375,64115.984375
1771949880,64038.0625,64117.24609375,64038.0625,64117.24609375
1771950060,64118.828125,64118.828125,64078.59765625,64078.59765625
1771950240,64076.3984375,64076.3984375,64048.2265625,64048.2265625
1771950420,64032.7578125,64032.7578125,63936.83984375,63936.83984375
1771950600,63977.29296875,63977.29296875,63761.3828125,63761.3828125
1771950780,63749.65625,63768.375,63749.65625,63768.375
1771950960,63832.58203125,63869.97265625,63832.58203125,63869.97265625
1771951140,63937.8671875,64090.58203125,63936.69140625,64090.58203125
1771951320,64072.62890625,64072.62890625,64072.62890625,64072.62890625
1771951500,64066.19921875,64066.19921875,63989.87109375,63989.87109375
1771951680,64012.4453125,64012.4453125,63901.5703125,63901.5703125
1771951860,63906.1171875,63906.1171875,63906.1171875,63906.1171875
1771952040,63876.40625,63960.81640625,63876.40625,63960.81640625
1771952220,64008.6015625,64227.59375,64008.6015625,64227.59375
1771952400,64262.2109375,64264.140625,64262.2109375,64264.140625
1771952580,64231.0390625,64231.0390625,64231.0390625,64231.0390625
1771952760,64306.44140625,64363.48046875,64306.44140625,64363.48046875
1771952940,64472.95703125,64472.95703125,64398.43359375,64442.32421875
1771953120,64427.453125,64428.79296875,64427.453125,64428.79296875
1771953300,64366.28125,64366.28125,64313.01171875,64313.01171875
1771953480,64289.36328125,64289.36328125,64272.01953125,64272.01953125
1771953660,64268.546875,64279.77734375,64268.546875,64279.77734375
1771953840,64282.25,64282.25,64282.25,64282.25
1771954020,64262.36328125,64262.36328125,64262.36328125,64262.36328125
1771954200,64149.13671875,64164.6328125,64149.13671875,64164.6328125
1771954380,64167.7109375,64174.37109375,64167.7109375,64174.37109375
1771954560,64154.296875,64154.296875,64154.296875,64154.296875
1771954740,64216.6328125,64232.015625,64198.43359375,64198.43359375
1771954920,64215.828125,64215.828125,64214.7578125,64214.7578125
1771955100,64214.7578125,64214.7578125,64137.53515625,64137.53515625
1771955280,64192.984375,64192.984375,64192.984375,64192.984375
1771955460,64116.9296875,64132.27734375,64116.9296875,64132.27734375
1771955640,64108.73828125,64108.73828125,64102.2421875,64102.2421875
1771955820,64145.96875,64228.8046875,64145.96875,64228.8046875
1771956000,64252.3828125,64274.0078125,64252.3828125,64274.0078125
1771956180,64337.66015625,64337.66015625,64260.37890625,64260.37890625
1771956360,64191.99609375,64191.99609375,64191.99609375,64191.99609375
1771956540,64189.234375,64189.234375,64158.11328125,64158.11328125
1771956720,64181.4375,64181.4375,64055.7265625,64055.7265625
1771956900,63964.1328125,64018.2890625,63964.1328125,64018.2890625
1771957080,64047.44921875,64161.63671875,64047.44921875,64161.63671875
1771957260,64297.4296875,64297.4296875,64297.4296875,64297.4296875
1771957440,64289.09765625,64289.09765625,64289.09765625,64289.09765625
1771957620,64286.6328125,64298.1796875,64284.00390625,64284.00390625
1771957800,64303.44921875,64303.44921875,64303.44921875,64303.44921875
1771957980,64380.60546875,64380.73828125,64380.60546875,64380.73828125
1771958160,64346.11328125,64365.34765625,64346.11328125,64365.34765625
1771958340,64355.109375,64365.6328125,64355.109375,64365.6328125
1771958520,64427.23046875,64433.65234375,64427.23046875,64433.65234375
1771958700,64427.48046875,64427.48046875,64427.48046875,64427.48046875
1771958880,64417.28515625,64426.24609375,64417.28515625,64426.24609375
1771959060,64484.63671875,64484.63671875,64452.375,64452.375
1771959240,64464.359375,64464.359375,64437.55078125,64437.55078125
1771959420,64427.65234375,64427.65234375,64427.65234375,64427.65234375
1771959600,64420.1875,64543.109375,64420.1875,64543.109375
1771959780,64523.05078125,64523.05078125,64518.0703125,64518.0703125
1771959960,64716.69921875,64716.69921875,64716.69921875,64716.69921875
1771960140,64575.875,64575.875,64575.875,64575.875
1771960320,64476.17578125,64476.17578125,64452.296875,64452.296875
1771960500,64308.44921875,64308.44921875,64296.80859375,64296.80859375
1771960680,64261.38671875,64274.5390625,64261.38671875,64274.5390625
1771960860,64367.5078125,64376.82421875,64367.5078125,64376.82421875
1771961040,64372.8125,64372.8125,64371.671875,64371.671875
1771961220,64340.5703125,64340.5703125,64339.49609375,64339.49609375
1771961400,64313.91796875,64326.5625,64313.91796875,64326.5625
1771961580,64384.39453125,64400.4609375,64381.3359375,64381.3359375
1771961760,64377.3046875,64404.12109375,64377.3046875,64404.12109375
1771961940,64386.86328125,64466.1640625,64386.86328125,64466.1640625
1771962120,64508.44140625,64508.44140625,64476.83984375,64476.83984375
1771962300,64474.20703125,64474.20703125,64474.20703125,64474.20703125
1771962480,64468.515625,64471.70703125,64462.265625,64462.265625
1771962660,64479.94140625,64479.94140625,64479.94140625,64479.94140625
1771962840,64439.921875,64439.921875,64418.671875,64436.02734375
1771963020,64460.8359375,64460.8359375,64453.90234375,64453.90234375
1771963200,64461.0390625,64461.0390625,64461.0390625,64461.0390625
1771963380,64400.01171875,64438.953125,64400.01171875,64438.953125
1771963560,64436.33984375,64464.30078125,64436.33984375,64448.62109375
1771963740,64369.01171875,64369.01171875,64331.4765625,64332.35546875
1771963920,64395.2578125,64414.95703125,64395.2578125,64414.95703125
1771964100,64398.55859375,64482.421875,64398.55859375,64482.421875
1771964280,64478.96875,64483.78515625,64447.98828125,64447.98828125
1771964460,64464.9296875,64477.8359375,64464.9296875,64477.8359375
1771964640,64477.79296875,64499.98046875,64477.79296875,64499.98046875
1771964820,64504.6796875,64504.6796875,64495.26953125,64497.97265625
1771965000,64476.3984375,64494.421875,64440.484375,64494.421875
1771965180,64562.3359375,64562.3359375,64519.62109375,64519.62109375
1771965360,64528.86328125,64528.86328125,64501.02734375,64501.02734375
1771965540,64495.69140625,64495.69140625,64481.22265625,64487.41796875
1771965720,64480.57421875,64480.57421875,64470.625,64470.625
1771965900,64501.52734375,64506.109375,64470.71484375,64506.109375
1771966080,64471.87109375,64471.87109375,64417.0078125,64417.0078125
1771966260,64496.41796875,64496.41796875,64422.03125,64422.03125
1771966440,64423.44140625,64436.9453125,64423.44140625,64424.25390625
1771966620,64449.92578125,64453.00390625,64446.890625,64453.00390625
1771966800,64471.140625,64471.140625,64275.421875,64275.421875
1771966980,64246.5,64246.5,64239.51953125,64239.51953125
1771967160,64212.671875,64212.671875,64201.4296875,64211.515625
1771967340,64235.17578125,64235.17578125,64206.23046875,64206.23046875
1771967520,64258.72265625,64258.72265625,64258.72265625,64258.72265625
1771967700,64247.5,64247.5,64167.3984375,64167.3984375
1771967880,64070.90234375,64070.90234375,63979.890625,64027.86328125
1771968060,64035.3046875,64048.484375,64035.3046875,64048.484375
1771968240,64070.015625,64086.671875,64070.015625,64074.01953125
1771968420,64014.24609375,64014.24609375,64014.24609375,64014.24609375
1771968600,63901.578125,63901.578125,63895.6953125,63895.6953125
1771968780,63940.4921875,63940.4921875,63909.46484375,63909.46484375
1771968960,63924.63671875,63970.33203125,63924.63671875,63970.33203125
1771969140,64050.63671875,64050.63671875,64033.140625,64033.23046875
1771969320,64035.95703125,64035.95703125,64031.9609375,64031.9609375
1771969500,64027.7734375,64052.12109375,64027.7734375,64052.12109375
1771969680,64052.65625,64061.59765625,64052.65625,64061.59765625
1771969860,64035.43359375,64035.43359375,64009.93359375,64009.93359375
1771970040,64023.30859375,64077.8828125,64023.30859375,64077.8828125
1771970220,64059.41015625,64064.83203125,64059.41015625,64064.83203125
1771970400,64066.828125,64066.828125,64013.7578125,64056.98046875
1771970580,64139.9140625,64189.11328125,64139.9140625,64189.11328125
1771970760,64205.96484375,64205.96484375,64191.3671875,64191.3671875
1771970940,64154.75,64175.07421875,64154.75,64175.07421875
1771971120,64168.0625,64196.375,64168.0625,64196.375
1771971300,64216.2265625,64216.2265625,64196.96875,64196.96875
1771971480,64196.43359375,64196.43359375,64140.69921875,64148.515625
1771971660,64157.09375,64183.125,64157.09375,64183.125
1771971840,64149.9375,64149.9375,64134.015625,64134.015625
1771972020,64109.390625,64158.5546875,64109.390625,64158.5546875
1771972200,64149.46875,64149.46875,64099.6484375,64099.6484375
1771972380,64096.8359375,64131.4453125,64089.37109375,64131.4453125
1771972560,64172.875,64172.875,64113.14453125,64113.14453125
1771972740,64142.69140625,64144.2265625,64140.7734375,64144.2265625
1771972920,64144.25,64144.25,64119.99609375,64119.99609375
1771973100,64086.2421875,64098.80078125,64086.2421875,64098.80078125
1771973280,64147.5234375,64147.5234375,64125.8359375,64125.8359375
1771973460,64089.3671875,64089.3671875,64065.04296875,64065.04296875
1771973640,64011.45703125,64059.76953125,64011.45703125,64059.76953125
1771973820,64116.98046875,64116.98046875,64103.99609375,64114.7109375
1771974000,64115.55859375,64125.203125,64113.6328125,64113.6328125
1771974180,64120.8828125,64120.8828125,64053.09375,64053.09375
1771974360,63892.9375,63892.9375,63889.375,63889.375
1771974540,63875.67578125,63885.78125,63875.67578125,63885.78125
1771974720,63921.16796875,64016.265625,63921.16796875,64016.265625
1771974900,64076.23046875,64096.65234375,64076.23046875,64096.65234375
1771975080,64079.828125,64109.38671875,64079.828125,64109.38671875
1771975260,64126.5390625,64190.10546875,64126.5390625,64190.10546875
1771975440,64120.0859375,64129.76171875,64120.0859375,64129.76171875
1771975620,64166.578125,64182.06640625,64151.671875,64182.06640625
1771975800,64195.734375,64195.734375,64178.66796875,64178.66796875
1771975980,64167.23828125,64167.23828125,64154.9140625,64158.9609375
1771976160,64176.3984375,64200.859375,64176.3984375,64200.859375
1771976340,64230.203125,64230.203125,64230.203125,64230.203125
1771976520,64231.4609375,64231.4609375,64159.32421875,64159.32421875
1771976700,64141.01953125,64141.01953125,64123.69921875,64123.69921875
1771976880,64129.77734375,64129.77734375,64098.09375,64098.09375
1771977060,64090.73828125,64090.73828125,64087.78515625,64087.78515625
1771977240,64042.3359375,64068.625,64042.3359375,64068.625
1771977420,64076.8515625,64076.8515625,64069.87109375,64069.87109375
1771977600,64051.15625,64077.23828125,64051.15625,64056.5703125
1771977780,64065.64453125,64065.64453125,64052.55859375,64053.8671875
1771977960,64060.70703125,64062.84375,64060.70703125,64062.84375
1771978140,64069.67578125,64069.67578125,63997.28515625,63997.28515625
1771978320,64012.44921875,64012.44921875,64012.44921875,64012.44921875
1771978500,63946.1796875,63975.08203125,63946.1796875,63975.08203125
1771978680,63973.96875,64053.6484375,63973.96875,64053.6484375
1771978860,64015.36328125,64015.36328125,63996.15625,63996.15625
1771979040,63984.79296875,64030.3046875,63984.79296875,64030.3046875
1771979220,63963.109375,63963.109375,63963.109375,63963.109375
1771979400,64009.51171875,64026.82421875,64009.51171875,64026.82421875
1771979580,64019.08203125,64019.08203125,64019.08203125,64019.08203125
1771979760,64071.33203125,64147.66796875,64071.33203125,64147.66796875
1771979940,64153.015625,64153.015625,64150.71484375,64150.71484375
1771980120,64129.60546875,64194.4921875,64129.60546875,64194.4921875
1771980300,64262.81640625,64262.81640625,64200.5703125,64200.5703125
1771980480,64151.36328125,64200.875,64151.36328125,64200.875
1771980660,64285.66015625,64285.66015625,64259.30859375,64259.30859375
1771980840,64254.81640625,64298.78515625,64254.81640625,64298.78515625
1771981020,64292.671875,64292.671875,64236.2734375,64236.2734375
1771981200,64209.01171875,64240.08203125,64209.01171875,64240.08203125
1771981380,64297.84765625,64297.84765625,64297.84765625,64297.84765625
1771981560,64298.26171875,64298.26171875,64298.26171875,64298.26171875
1771981740,64444.1484375,64444.1484375,64430.65234375,64430.65234375
1771981920,65289.73828125,65777.28125,65289.73828125,65708.6484375
1771982100,65483.41015625,65483.41015625,65483.41015625,65483.41015625
1771982280,65817.34375,65855.984375,65817.34375,65855.984375
1771982460,66247.15625,66247.15625,66066.90625,66066.90625
1771982640,66044.125,66044.125,66044.09375,66044.09375
1771982820,66149.2578125,66157.828125,66149.2578125,66157.828125
1771983000,66022.5546875,66022.5625,66022.5546875,66022.5625
1771983180,66033.890625,66033.890625,66016.8984375,66016.8984375
1771983360,66114.4140625,66114.4140625,66114.4140625,66114.4140625
1771983540,66171.71875,66171.71875,66171.2890625,66171.2890625
1771983720,66020.7109375,66020.7109375,65951.203125,65951.203125
1771983900,65827.6484375,65942.0234375,65827.6484375,65942.0234375
1771984080,65991.515625,66040.328125,65991.515625,66032.1953125
1771984260,65939.53125,65946.5234375,65885.734375,65885.734375
1771984440,65880.15625,65916.21875,65880.15625,65916.21875
1771984620,65898.078125,65926.2578125,65898.078125,65926.2578125
1771984800,65914.9375,66033.4453125,65914.9375,66033.4453125
1771984980,65977.1953125,65980.453125,65977.1953125,65980.453125
1771985160,66250.1953125,66250.1953125,66250.1953125,66250.1953125
1771985340,66134.2578125,66134.2578125,66101.1484375,66101.1484375
1771985520,66130.125,66254.109375,66130.125,66241.1796875
1771985700,66247.453125,66247.453125,66164.828125,66164.828125
1771985880,66209.5625,66209.5625,66128.078125,66128.078125
1771986060,66131.6328125,66157.6171875,66131.6328125,66148.1875
1771986240,66129.640625,66129.640625,66077.265625,66077.265625
1771986420,66118.3828125,66146.75,66118.3828125,66146.75
1771986600,66120.390625,66144.9140625,66120.390625,66124.859375
1771986780,66101.0703125,66101.0703125,65962.8671875,65962.8671875
1771986960,66002.296875,66004.2109375,66002.296875,66004.2109375
1771987140,66016.390625,66016.390625,65941.6171875,65941.6171875
1771987320,65914.0546875,65935.3046875,65906.2109375,65935.3046875
1771987500,65934.671875,65964.9609375,65934.671875,65964.9609375
1771987680,65973.9375,65973.9375,65969.15625,65969.15625
1771987860,65988.09375,65988.09375,65928.0,65928.0
1771988040,65973.46875,65973.46875,65962.515625,65968.7890625
1771988220,65920.796875,65920.796875,65898.5078125,65898.5078125
1771988400,65913.1015625,65913.1015625,65866.2265625,65866.2265625
1771988580,65834.8515625,65834.8515625,65833.9140625,65833.9140625
1771988760,65929.09375,65933.09375,65929.09375,65933.09375
1771988940,65874.796875,65876.3984375,65873.0859375,65873.0859375
1771989120,65845.578125,65845.578125,65826.7109375,65828.453125
1771989300,65835.125,65835.125,65831.5,65831.5
1771989480,65625.15625,65625.15625,65579.4609375,65579.4609375
1771989660,65654.203125,65654.203125,65535.0,65535.0
1771989840,65521.95703125,65599.4140625,65521.95703125,65599.4140625
1771990020,65573.59375,65610.9140625,65568.3984375,65610.9140625
1771990200,65595.203125,65596.2421875,65595.203125,65596.2421875
1771990380,65581.765625,65582.7421875,65568.4921875,65582.7421875
1771990560,65533.8984375,65533.8984375,65415.71484375,65415.71484375
1771990740,65518.94140625,65518.94140625,65430.83984375,65430.83984375
1771990920,65467.2890625,65467.2890625,65466.14453125,65466.14453125
1771991100,65456.0,65492.91015625,65456.0,65492.91015625
1771991280,65490.26953125,65490.26953125,65446.578125,65446.578125
1771991460,65415.4453125,65482.14453125,65415.4453125,65479.66015625
1771991640,65450.6875,65450.6875,65429.62890625,65433.87109375
1771991820,65432.11328125,65432.11328125,65408.60546875,65408.60546875
1771992000,65399.640625,65399.640625,65385.484375,65385.484375
1771992180,65230.22265625,65273.12109375,65230.22265625,65273.12109375
1771992360,65314.4140625,65340.81640625,65314.4140625,65335.25
1771992540,65311.36328125,65320.4609375,65311.36328125,65320.4609375
1771992720,65484.1484375,65484.1484375,65435.328125,65435.328125
1771992900,65439.24609375,65439.24609375,65407.484375,65407.484375
1771993080,65372.5390625,65488.59765625,65372.5390625,65488.59765625
1771993260,65514.26953125,65592.234375,65514.26953125,65592.234375
1771993440,65528.390625,65528.390625,65528.390625,65528.390625
1771993620,65538.1640625,65557.328125,65538.1640625,65557.328125
1771993800,65581.4453125,65603.828125,65581.4453125,65603.828125
1771993980,65600.921875,65600.921875,65588.078125,65588.078125
1771994160,65593.5,65593.5,65552.96875,65552.96875
1771994340,65550.4375,65619.375,65550.4375,65619.375
1771994520,65616.1484375,65618.7421875,65616.1484375,65618.7421875
1771994700,65623.171875,65623.171875,65618.1796875,65618.1796875
1771994880,65573.03125,65573.03125,65546.4609375,65546.4609375
1771995060,65478.765625,65485.33203125,65478.765625,65485.33203125
1771995240,65468.921875,65468.921875,65431.05859375,65431.05859375
1771995420,65428.08984375,65447.0625,65428.08984375,65447.0625
1771995600,65452.21875,65452.21875,65410.90625,65410.90625
1771995780,65415.4921875,65451.01171875,65415.4921875,65451.01171875
1771995960,65488.21875,65488.21875,65480.73828125,65480.73828125
1771996140,65473.62890625,65473.62890625,65444.48046875,65444.48046875
1771996320,65392.78515625,65392.78515625,65392.78515625,65392.78515625
1771996500,65334.95703125,65344.234375,65334.95703125,65344.234375
1771996680,65347.66015625,65347.66015625,65310.296875,65310.296875
1771996860,65305.8515625,65305.8515625,65260.49609375,65260.49609375
1771997040,65214.4453125,65214.4453125,65205.91796875,65205.91796875
1771997220,65239.15234375,65239.15234375,65210.0625,65210.0625
1771997400,65188.34765625,65215.453125,65137.18359375,65137.18359375
1771997580,65024.16015625,65028.2578125,65024.16015625,65028.2578125
1771997760,65046.08203125,65046.08203125,64870.46875,64870.46875
1771997940,64910.86328125,64910.86328125,64910.86328125,64910.86328125
1771998120,64800.80078125,64843.9375,64800.80078125,64843.9375
1771998300,64847.6796875,64847.6796875,64832.421875,64842.60546875
1771998480,64931.84765625,64931.84765625,64931.84765625,64931.84765625
1771998660,64938.5625,64972.671875,64938.5625,64972.671875
1771998840,64926.6484375,64926.6484375,64914.734375,64914.734375
1771999020,64898.30859375,64898.30859375,64871.76171875,64880.109375
1771999200,64892.1640625,64892.1640625,64892.1640625,64892.1640625
1771999380,64986.296875,64986.296875,64978.92578125,64978.92578125
1771999560,64948.7265625,64948.7265625,64942.71875,64942.71875
1771999740,64975.171875,64981.51171875,64975.171875,64981.51171875
1771999920,64991.53515625,65001.7578125,64966.078125,64966.078125
1772000100,64935.0546875,64938.328125,64935.0546875,64938.328125
1772000280,64964.96484375,64964.96484375,64920.63671875,64920.63671875
1772000460,65008.5,65090.2734375,65008.5,65090.2734375
1772000640,65071.11328125,65071.11328125,65071.11328125,65071.11328125
1772000820,65058.84375,65089.78125,65045.08984375,65045.08984375
1772001000,64998.28125,65035.1015625,64998.28125,65035.1015625
1772001180,65082.7421875,65082.7421875,65082.7421875,65082.7421875
1772001360,65044.390625,65063.953125,65044.390625,65063.953125
1772001540,65104.5078125,65104.5078125,65100.76953125,65100.76953125
1772001720,65097.0390625,65097.0390625,65094.26171875,65094.26171875
1772001900,65075.9765625,65075.9765625,65075.9765625,65075.9765625
1772002080,65065.61328125,65065.61328125,65065.61328125,65065.61328125
1772002260,64935.79296875,64935.79296875,64933.6875,64933.6875
1772002440,64908.96875,64908.96875,64883.28125,64883.28125
1772002620,64890.9453125,64890.9453125,64881.859375,64881.859375
1772002800,64881.31640625,64881.31640625,64881.31640625,64881.31640625
1772002980,64863.25,64879.4140625,64863.25,64879.4140625
1772003160,64791.31640625,64791.31640625,64791.31640625,64791.31640625
1772003340,64927.625,64927.625,64927.625,64927.625
1772003520,64988.6953125,65030.44140625,64988.6953125,65030.44140625
1772003700,65021.98828125,65161.66796875,65021.98828125,65161.66796875
1772003880,65116.89453125,65116.89453125,65116.89453125,65116.89453125
1772004060,65087.1171875,65087.1171875,65053.15625,65053.15625
1772004240,65049.4921875,65049.4921875,65049.4921875,65049.4921875
1772004420,65044.44921875,65097.18359375,65044.44921875,65097.18359375
1772004600,65169.77734375,65169.77734375,65169.77734375,65169.77734375
1772004780,65142.03515625,65142.03515625,65129.953125,65138.640625
1772004960,65033.6015625,65033.6015625,65033.6015625,65033.6015625
1772005140,64967.2890625,64967.2890625,64967.2890625,64967.2890625
1772005320,64945.69921875,64946.1484375,64945.69921875,64946.1484375
1772005500,64918.6640625,64955.68359375,64918.6640625,64955.68359375
1772005680,64953.75,64953.75,64953.75,64953.75
1772005860,64983.44140625,64983.44140625,64976.41796875,64976.41796875
1772006040,65020.6015625,65020.6015625,65001.23828125,65001.23828125
1772006220,65019.76953125,65021.8671875,65019.76953125,65021.8671875
1772006400,65025.28515625,65025.28515625,65017.40234375,65017.40234375
1772006580,64989.48828125,64989.48828125,64975.15625,64975.15625
1772006760,65046.61328125,65046.61328125,65045.75390625,65045.75390625
1772006940,65023.58984375,65023.58984375,65023.58984375,65023.58984375
1772007120,65002.5703125,65002.5703125,64994.03515625,64994.03515625
1772007300,65007.5625,65039.53125,65007.5625,65023.875
1772007480,65055.03515625,65102.06640625,65055.03515625,65102.06640625
1772007660,65113.9140625,65217.26953125,65113.9140625,65217.26953125
1772007840,65221.703125,65221.703125,65201.328125,65201.328125
1772008020,65207.33984375,65207.33984375,65194.55859375,65194.55859375
1772008200,65185.05859375,65219.06640625,65185.05859375,65219.06640625
1772008380,65217.90234375,65285.65234375,65217.90234375,65285.65234375
1772008560,65389.50390625,65389.50390625,65389.50390625,65389.50390625
1772008740,65445.9453125,65445.9453125,65394.9296875,65394.9296875
1772008920,65395.78515625,65456.90234375,65395.78515625,65456.90234375
1772009100,65423.296875,65423.296875,65381.66796875,65381.66796875
1772009280,65419.96484375,65466.1171875,65419.96484375,65466.1171875
1772009460,65450.4453125,65450.4453125,65449.93359375,65449.93359375
1772009640,65471.25,65542.46875,65471.25,65542.46875
1772009820,65498.52734375,65525.97265625,65498.52734375,65525.97265625
1772010000,65515.85546875,65515.85546875,65501.04296875,65501.04296875
1772010180,65511.5234375,65511.5234375,65511.5234375,65511.5234375
1772010360,65514.72265625,65514.72265625,65473.953125,65473.953125
1772010540,65507.98046875,65524.50390625,65507.98046875,65524.50390625
1772010720,65638.8984375,65638.8984375,65581.7890625,65581.7890625
1772010900,65554.90625,65554.90625,65517.1875,65517.1875
1772011080,65527.421875,65527.421875,65527.421875,65527.421875
1772011260,65599.6796875,65622.3125,65599.6796875,65622.3125
1772011440,65563.2265625,65563.2265625,65563.2265625,65563.2265625
1772011620,65518.90625,65527.2265625,65518.90625,65527.2265625
1772011800,65499.96875,65499.96875,65499.96875,65499.96875
1772011980,65487.99609375,65505.953125,65487.99609375,65505.953125
1772012160,65520.09375,65520.09375,65461.26953125,65461.26953125
1772012340,65449.9375,65449.9375,65447.3046875,65447.3046875
1772012520,65470.7890625,65470.7890625,65470.7890625,65470.7890625
1772012700,65455.73828125,65469.56640625,65455.73828125,65469.56640625
1772012880,65519.88671875,65519.88671875,65519.88671875,65519.88671875
1772013060,65556.578125,65556.578125,65543.5546875,65543.5546875
1772013240,65554.015625,65554.015625,65531.921875,65531.921875
1772013420,65537.5,65559.4921875,65537.5,65559.4921875
1772013600,65552.953125,65561.609375,65529.8828125,65529.8828125
1772013780,65528.98046875,65528.98046875,65520.46484375,65520.46484375
1772013960,65533.84765625,65533.84765625,65479.37109375,65479.37109375
1772014140,65536.875,65544.5,65517.55078125,65517.55078125
1772014320,65479.13671875,65532.1796875,65479.13671875,65532.1796875
1772014500,65565.90625,65565.90625,65556.2421875,65556.2421875
1772014680,65526.00390625,65526.00390625,65526.00390625,65526.00390625
1772014860,65453.99609375,65453.99609375,65421.08984375,65421.08984375
1772015040,65402.671875,65402.671875,65380.6171875,65380.6171875
1772015220,65402.58984375,65402.58984375,65388.74609375,65388.74609375
1772015400,65368.68359375,65374.83203125,65368.68359375,65374.83203125
1772015580,65354.796875,65369.6484375,65354.796875,65369.6484375
1772015760,65400.6796875,65400.6796875,65398.3515625,65398.3515625
1772015940,65391.7265625,65403.3671875,65391.7265625,65403.3671875
1772016120,65398.109375,65409.53125,65398.109375,65409.53125
1772016300,65424.55078125,65424.55078125,65424.55078125,65424.55078125
1772016480,65484.25,65484.5390625,65467.34375,65484.5390625
1772016660,65479.32421875,65479.32421875,65448.33203125,65448.33203125
1772016840,65439.140625,65439.140625,65412.4453125,65412.4453125
1772017020,65399.3046875,65399.3046875,65365.82421875,65365.82421875
1772017200,65395.83984375,65395.83984375,65395.83984375,65395.83984375
1772017380,65357.390625,65357.390625,65327.09375,65327.09375
1772017560,65254.48046875,65256.21875,65254.48046875,65256.21875
1772017740,65312.77734375,65312.77734375,65289.8359375,65289.8359375
1772017920,65319.49609375,65319.49609375,65319.49609375,65319.49609375
1772018100,65245.25,65246.29296875,65245.25,65246.29296875
1772018280,65237.125,65237.125,65199.22265625,65199.22265625
1772018460,65211.59765625,65359.41796875,65211.59765625,65359.41796875
1772018640,65351.28515625,65351.28515625,65351.28515625,65351.28515625
1772018820,65342.421875,65362.77734375,65342.421875,65362.77734375
1772019000,65364.44921875,65364.44921875,65336.4609375,65336.4609375
1772019180,65345.796875,65357.31640625,65345.796875,65357.31640625
1772019360,65358.10546875,65368.74609375,65358.10546875,65368.74609375
1772019540,65432.78125,65466.21484375,65432.78125,65466.21484375
1772019720,65391.36328125,65391.36328125,65391.36328125,65391.36328125
1772019900,65407.10546875,65410.3125,65407.10546875,65410.3125
1772020080,65412.828125,65412.828125,65394.6796875,65394.6796875
1772020260,65390.7578125,65410.53125,65390.7578125,65410.53125
1772020440,65413.76953125,65413.76953125,65407.29296875,65407.29296875
1772020620,65394.1171875,65400.71484375,65386.45703125,65386.45703125
1772020800,65432.7890625,65432.7890625,65432.7890625,65432.7890625
1772020980,65491.046875,65491.046875,65410.4453125,65410.4453125
1772021160,65421.98046875,65421.98046875,65337.83203125,65337.83203125
1772021340,65431.1953125,65491.7578125,65431.1953125,65491.7578125
1772021520,65487.75,65490.4140625,65487.75,65490.4140625
1772021700,65494.9765625,65557.671875,65494.9765625,65534.6953125
1772021880,65516.14453125,65707.53125,65516.14453125,65707.53125
1772022060,65776.5546875,65904.0234375,65776.5546875,65904.0234375
1772022240,65866.3515625,65866.3515625,65747.7890625,65747.7890625
1772022420,65759.9765625,65792.3359375,65759.9765625,65792.3359375
1772022600,65766.4453125,65766.4453125,65748.8125,65748.8125
1772022780,65781.71875,65842.2109375,65781.71875,65842.2109375
1772022960,65804.5703125,65869.6875,65804.5703125,65824.578125
1772023140,65810.7421875,65810.7421875,65800.484375,65800.484375
1772023320,65831.4375,65840.6015625,65831.4375,65840.6015625
1772023500,65840.0546875,65850.8203125,65834.71875,65850.8203125
1772023680,65845.7265625,65886.640625,65845.7265625,65886.640625
1772023860,66051.9375,66199.8671875,66041.234375,66199.8671875
1772024040,66159.53125,66179.921875,66026.1484375,66026.1484375
1772024220,66060.3046875,66060.3046875,66031.09375,66031.09375
1772024400,66106.515625,66106.515625,66106.515625,66106.515625
1772024580,66127.390625,66158.7890625,66116.90625,66116.90625
1772024760,66242.234375,66242.234375,66216.359375,66216.359375
1772024940,66170.65625,66170.65625,66108.734375,66108.734375
1772025120,66114.6328125,66114.6328125,66076.7109375,66076.7109375
1772025300,66066.859375,66066.859375,66043.078125,66043.078125
1772025480,66075.734375,66100.59375,66075.734375,66085.6953125
1772025660,66022.0234375,66056.265625,66022.0234375,66056.265625
1772025840,66109.9453125,66176.9609375,66094.4609375,66176.9609375
1772026020,66153.2890625,66153.2890625,66153.2890625,66153.2890625
1772026200,66182.7890625,66182.7890625,66162.5859375,66179.4921875
1772026380,66189.625,66189.625,66153.9453125,66181.1171875
1772026560,66179.5234375,66290.0546875,66179.5234375,66290.0546875
1772026740,66288.9453125,66294.4453125,66279.3046875,66294.4453125
1772027100,66325.0,66378.8046875,66325.0,66335.8828125
1772027280,66530.1875,66530.1875,66530.1875,66530.1875
1772027460,66498.2890625,66498.2890625,66399.9609375,66399.9609375
1772027640,66338.1640625,66338.1640625,66319.484375,66319.484375
1772027820,66271.890625,66271.890625,66241.3125,66241.3125
1772028000,66256.5234375,66256.5234375,66242.5859375,66242.5859375
1772028180,66306.125,66306.125,66305.6484375,66305.6484375
1772028360,66337.1015625,66382.90625,66337.1015625,66382.90625
1772028540,66435.8515625,66469.9609375,66435.8515625,66469.9609375
1772028720,66476.75,66476.75,66476.75,66476.75
1772028900,66473.6953125,66473.6953125,66461.578125,66461.578125
1772029080,66464.609375,66508.09375,66464.609375,66508.09375
1772029260,66548.6640625,66548.6640625,66531.03125,66531.03125
1772029440,66544.9765625,66546.1875,66544.9765625,66546.1875
1772029620,66570.9296875,66612.640625,66570.9296875,66584.0390625
1772029800,66594.7421875,66594.7421875,66594.7421875,66594.7421875
1772029980,66471.0078125,66581.0078125,66471.0078125,66574.375
1772030160,66412.0,66412.0,66339.546875,66339.546875
1772030340,66275.3125,66462.6484375,66275.3125,66462.6484375
1772030520,66399.28125,66399.28125,66240.09375,66240.09375
1772030700,66254.09375,66598.296875,66254.09375,66598.296875
1772030880,66782.3828125,66782.3828125,66716.046875,66716.046875
1772031060,66825.3359375,66825.3359375,66786.1171875,66786.1171875
1772031240,66707.546875,66721.0078125,66707.546875,66721.0078125
1772031420,66804.40625,66909.9296875,66804.40625,66909.9296875
1772031600,66969.59375,67046.21875,66969.59375,67046.21875
1772031780,67214.6875,67214.6875,67188.34375,67188.34375
1772031960,66853.2109375,66864.640625,66853.2109375,66864.640625
1772032140,66879.59375,66879.59375,66841.0703125,66841.0703125
1772032320,66857.71875,66857.71875,66857.71875,66857.71875
1772032500,66856.390625,66984.515625,66856.390625,66984.515625
1772032680,66991.7265625,66991.7265625,66874.3671875,66874.3671875
1772032860,66782.328125,66782.328125,66743.1953125,66743.1953125
1772033040,66846.375,66922.859375,66846.375,66922.859375
1772033220,66999.7890625,67016.8515625,66999.7890625,67016.8515625
1772033400,67017.9765625,67207.1953125,67017.9765625,67207.1953125
1772033580,67213.4375,67278.359375,67213.4375,67278.359375
1772033760,67443.5625,67443.5625,67331.90625,67331.90625
1772033940,67354.609375,67354.609375,67350.890625,67350.890625
1772034120,67355.5859375,67431.84375,67355.5859375,67431.84375
1772034300,67482.5390625,67482.5390625,67482.5390625,67482.5390625
1772034480,67480.1796875,67480.1796875,67467.4453125,67467.4453125
1772034660,67474.171875,67474.171875,67364.640625,67364.640625
1772034840,67339.625,67339.625,67326.5390625,67326.5390625
1772035020,67288.234375,67288.234375,67273.5234375,67273.5234375
1772035200,67489.59375,67489.59375,67489.59375,67489.59375
1772035380,67500.703125,67500.703125,67466.546875,67466.546875
1772035560,67497.8828125,67497.8828125,67497.8828125,67497.8828125
1772035740,67553.765625,67583.46875,67553.765625,67583.46875
1772035920,67627.328125,67677.546875,67627.328125,67677.546875
1772036100,67696.015625,67696.015625,67696.015625,67696.015625
1772036280,67746.109375,67826.2109375,67746.109375,67826.2109375
1772036460,67896.3125,67896.3125,67866.7265625,67866.7265625
1772036640,67980.7109375,68003.9453125,67980.7109375,67988.8125
1772036820,67983.96875,67983.96875,67983.96875,67983.96875
1772037000,67890.734375,67890.734375,67885.53125,67885.53125
1772037180,67904.71875,67904.71875,67869.203125,67869.203125
1772037360,67999.7578125,67999.7578125,67975.8359375,67975.8359375
1772037540,67945.4453125,67945.4453125,67945.4453125,67945.4453125
1772037720,67937.9296875,67982.1875,67937.9296875,67982.1875
1772037900,68091.4921875,68091.4921875,68091.4921875,68091.4921875
1772038080,68085.21875,68085.21875,68085.21875,68085.21875
1772038260,68071.109375,68071.109375,68069.5546875,68069.5546875
1772038440,68070.4375,68070.4375,68064.875,68064.875
1772038620,68180.703125,68298.890625,68180.703125,68298.890625
1772038800,68294.4375,68481.1953125,68294.4375,68481.1953125
1772038980,68297.71875,68297.71875,68228.0078125,68228.0078125
1772039160,68170.53125,68170.53125,68093.578125,68106.484375
1772039340,68172.8984375,68493.2578125,68172.8984375,68493.2578125
1772039520,68603.140625,68603.140625,68528.8046875,68528.8046875
1772039700,68527.9453125,68579.1796875,68527.9453125,68579.1796875
1772039880,68570.3125,68570.3125,68333.75,68333.75
1772040060,68354.359375,68622.3984375,68354.359375,68622.3984375
1772040240,68631.1640625,68682.6484375,68631.1640625,68646.3515625
1772040420,68631.5,68631.5,68563.9453125,68602.1640625
1772040600,68576.53125,68634.6015625,68571.359375,68571.359375
1772040780,68461.8828125,68533.390625,68461.8828125,68533.390625
1772040960,68578.0859375,68613.4375,68578.0859375,68613.4375
1772041140,68558.2734375,68607.9296875,68558.2734375,68607.9296875
1772041320,68678.2265625,68750.6328125,68678.2265625,68750.6328125
1772041500,68723.3203125,68723.3203125,68716.9609375,68716.9609375
1772041680,68721.515625,68751.21875,68721.515625,68751.21875
1772041860,68857.921875,68857.921875,68857.921875,68857.921875
1772042040,68796.765625,68796.765625,68732.6953125,68732.6953125
1772042220,68650.6875,68650.6875,68626.4140625,68626.4140625
1772042400,68699.96875,68699.96875,68640.578125,68640.578125
1772042580,68429.453125,68460.1015625,68429.453125,68460.1015625
1772042760,68571.0078125,68662.8671875,68571.0078125,68662.8671875
1772042940,68678.0859375,68835.140625,68678.0859375,68835.140625
1772043120,68888.5390625,68888.546875,68867.6484375,68888.546875
1772043300,68887.8828125,68890.2109375,68849.09375,68890.2109375
1772043480,68860.7734375,68860.7734375,68794.828125,68825.21875
1772043660,68873.5234375,68968.3359375,68873.5234375,68968.3359375
1772043840,69059.375,69059.375,68994.71875,68994.71875
1772044020,69084.46875,69218.890625,69084.46875,69218.890625
1772044200,69328.5546875,69328.5546875,69328.5546875,69328.5546875
1772044380,69312.359375,69312.359375,69306.515625,69306.515625
1772044560,69422.9453125,69501.7109375,69422.9453125,69501.7109375
1772044740,69487.3359375,69487.3359375,69438.609375,69438.609375
1772044920,69531.609375,69531.609375,69483.8671875,69483.8671875
1772045100,69504.3671875,69504.3671875,69361.0625,69361.0625
1772045280,69356.8203125,69356.8203125,69335.1171875,69335.1171875
1772045460,69341.265625,69388.28125,69311.328125,69388.28125
1772045640,69323.4765625,69364.5859375,69323.4765625,69364.5859375
1772045820,69406.390625,69406.390625,69373.6328125,69373.6328125
1772046000,69359.015625,69359.015625,69274.3984375,69274.3984375
1772046180,69263.125,69263.125,69136.0859375,69136.0859375
1772046360,69175.5703125,69175.5703125,69045.421875,69045.421875
1772046540,69148.3984375,69148.3984375,69005.15625,69005.15625
1772046720,68832.765625,68921.0078125,68832.765625,68866.515625
1772046900,68931.890625,68972.5234375,68931.890625,68972.5234375
1772047080,68966.03125,68966.03125,68912.8125,68912.8125
1772047260,68973.96875,69002.84375,68973.96875,68996.125
1772047440,69065.265625,69117.78125,69063.875,69063.875
1772047620,69006.5234375,69025.0390625,68971.7265625,69025.0390625
1772047800,68993.65625,68993.65625,68964.4921875,68964.4921875
1772047980,68859.9765625,68859.9765625,68838.5078125,68838.5078125
1772048160,68939.234375,68939.234375,68906.1640625,68906.1640625
1772048340,68911.2890625,68911.2890625,68880.078125,68880.078125
1772048520,68880.5703125,68908.9609375,68875.640625,68908.9609375
1772048700,68916.5,68916.5,68886.2265625,68892.5234375
1772048880,68971.984375,69089.1484375,68951.6875,69089.1484375
1772049060,69094.953125,69094.953125,69030.28125,69030.28125
1772049240,69074.4921875,69074.4921875,69030.1796875,69030.1796875
1772049420,69042.9375,69070.765625,69042.9375,69070.765625
1772049600,69053.46875,69077.1328125,69053.46875,69077.1328125
1772049780,69083.390625,69083.390625,68965.8359375,68965.8359375
1772049960,68962.4453125,68962.4453125,68921.5234375,68921.5234375
1772050140,68922.2109375,68922.2109375,68896.1640625,68896.1640625
1772050320,68741.9921875,68741.9921875,68688.1953125,68688.1953125
1772050500,68671.1953125,68739.5625,68671.1953125,68739.5625
1772050680,68747.9609375,68761.9921875,68747.9609375,68761.9921875
1772050860,68788.7421875,68793.625,68788.7421875,68793.625
1772051040,68772.25,68857.5546875,68772.25,68857.5546875
1772051220,68854.140625,68854.140625,68840.328125,68840.328125
1772051400,68829.1328125,68983.2421875,68829.1328125,68983.2421875
1772051580,69141.734375,69157.5546875,69141.734375,69157.5546875
1772051760,69070.53125,69110.125,69060.3828125,69060.3828125
1772051940,69081.3046875,69118.2421875,69081.3046875,69118.2421875
1772052120,69116.8515625,69152.0,69116.8515625,69152.0
1772052300,69140.234375,69182.3125,69140.234375,69182.3125
1772052480,69265.0,69376.1484375,69265.0,69276.0078125
1772052660,69269.875,69269.875,69203.5,69203.5
1772052840,69226.875,69246.8515625,69226.875,69240.875
1772053020,69277.5234375,69277.5234375,69219.953125,69219.953125
1772053200,69195.2421875,69195.2421875,69133.34375,69133.34375
1772053380,69212.6875,69212.6875,69171.953125,69171.953125
1772053560,69172.125,69172.125,69151.171875,69151.171875
1772053740,69223.96875,69223.96875,69202.6796875,69202.6796875
1772053920,69128.6640625,69128.6640625,69099.1796875,69099.1796875
1772054100,69018.703125,69042.3828125,68988.984375,69042.3828125
1772054280,69030.8515625,69030.8515625,69003.4609375,69003.4609375
1772054460,68985.046875,69053.171875,68980.203125,69053.171875
1772054640,69044.9375,69050.7109375,69020.40625,69020.40625
1772054820,68991.3125,69001.5078125,68953.75,68953.75
1772055000,68846.5234375,68875.734375,68833.6796875,68875.734375
1772055180,68836.7734375,69254.0625,68836.7734375,69254.0625
1772055360,69483.3828125,69953.53125,69483.3828125,69660.2734375
1772055540,69495.484375,69512.34375,69495.484375,69512.34375
1772055720,69345.1953125,69345.1953125,69192.6640625,69192.6640625
1772055900,69259.0390625,69259.0390625,69034.7734375,69034.7734375
1772056080,68876.9765625,69035.7265625,68876.9765625,69035.7265625
1772056260,69016.09375,69075.2890625,69016.09375,69075.2890625
1772056440,68978.4609375,69040.1171875,68960.53125,68960.53125
1772056620,69027.640625,69027.640625,68883.7109375,68883.7109375
1772056800,68956.046875,69081.6484375,68956.046875,69081.6484375
1772056980,68994.421875,69073.6015625,68994.421875,69073.6015625
1772057160,69026.3984375,69026.3984375,68993.7890625,68993.7890625
1772057340,69060.96875,69138.78125,69060.96875,69138.78125
1772057520,69166.4375,69166.4375,69122.0078125,69122.0078125
1772057700,69093.8515625,69093.8515625,69038.1328125,69038.1328125
1772057880,68956.484375,68961.875,68956.484375,68961.875
1772058060,68914.203125,68930.734375,68914.203125,68930.734375
1772058240,68905.90625,68932.640625,68905.90625,68926.0625
1772058420,68908.7890625,68924.8046875,68908.7890625,68924.8046875
1772058600,68888.8828125,68888.8828125,68872.671875,68872.671875
1772058780,68796.71875,68851.6328125,68774.875,68851.6328125
1772058960,68873.9453125,68873.9453125,68746.75,68746.75
1772059140,68753.0546875,68753.0546875,68375.765625,68375.765625
1772059320,68508.7421875,68508.7421875,68478.6796875,68505.7421875
1772059500,68420.375,68496.8515625,68420.375,68496.8515625
1772059680,68514.0859375,68514.0859375,68472.6328125,68472.6328125
1772059860,68140.25,68170.734375,68136.7265625,68136.7265625
1772060040,68122.4140625,68175.0390625,68122.4140625,68175.0390625
1772060220,68260.03125,68304.9453125,68260.03125,68304.9453125
1772060400,68458.0546875,68458.0546875,68355.7265625,68355.7265625
1772060580,68268.7109375,68379.03125,68268.7109375,68379.03125
1772060760,68426.9140625,68573.7734375,68426.9140625,68573.7734375
1772060940,68648.2734375,68648.2734375,68567.3515625,68567.3515625
1772061120,68519.7265625,68541.4375,68519.7265625,68541.4375
1772061300,68532.0234375,68532.0234375,68442.4765625,68442.4765625
1772061480,68490.109375,68490.109375,68338.0546875,68338.0546875
1772061660,68306.4921875,68306.4921875,68285.421875,68285.421875
1772061840,68303.3359375,68333.40625,68303.3359375,68333.40625
1772062020,68326.6484375,68337.015625,68326.6484375,68337.015625
1772062200,68340.8671875,68340.8671875,68217.6796875,68217.6796875
1772062380,68111.6328125,68140.4375,68111.6328125,68140.4375
1772062560,68158.4375,68158.4375,68142.09375,68142.09375
1772062740,68192.390625,68192.390625,67930.265625,67930.265625
1772062920,67684.375,67684.375,67680.640625,67680.640625
1772063100,67697.328125,67780.5390625,67697.328125,67780.5390625
1772063280,67780.078125,67780.078125,67719.28125,67719.28125
1772063460,67832.7109375,67978.203125,67832.7109375,67978.203125
1772063640,67993.96875,67993.96875,67953.25,67953.25
1772063820,67963.1796875,67972.640625,67963.1796875,67972.640625
1772064000,67982.34375,67982.34375,67908.5234375,67908.5234375
1772064180,67769.15625,67901.7578125,67769.15625,67824.671875
1772064360,67812.203125,67999.890625,67812.203125,67999.890625
1772064540,67972.765625,68054.65625,67972.765625,68054.65625
1772064720,68057.53125,68131.828125,68057.53125,68131.828125
1772064900,68154.8359375,68230.0625,68154.8359375,68230.0625
1772065080,68290.2734375,68298.8359375,68210.3203125,68210.3203125
1772065260,68261.71875,68420.3125,68245.5546875,68420.3125
1772065440,68321.6484375,68414.3125,68321.6484375,68340.1953125
1772065620,68401.5546875,68401.5546875,68339.9453125,68339.9453125
1772065800,68319.1328125,68420.78125,68319.1328125,68420.78125
1772065980,68476.3046875,68476.3046875,68473.6171875,68473.6171875
1772066160,68480.671875,68480.671875,68325.7734375,68325.7734375
1772066340,68180.9375,68180.9375,68180.9375,68180.9375
1772066520,68080.4921875,68228.0859375,68080.4921875,68228.0859375
1772066700,68208.0546875,68221.6640625,68175.3125,68221.6640625
1772066880,68217.046875,68232.9609375,68217.046875,68232.9609375
1772067060,68203.546875,68203.546875,68182.8359375,68193.28125
1772067240,68345.4140625,68354.0390625,68345.4140625,68354.0390625
1772067420,68352.0234375,68352.0234375,68331.3984375,68336.0703125
1772067600,68347.3984375,68347.3984375,68347.3984375,68347.3984375
1772067780,68297.125,68394.125,68297.125,68394.125
1772067960,68448.9453125,68666.40625,68448.9453125,68666.40625
1772068140,68621.4453125,68621.4453125,68566.2890625,68566.2890625
1772068320,68540.875,68571.2421875,68540.875,68547.4765625
1772068500,68571.7890625,68571.7890625,68519.9765625,68519.9765625
1772068680,68489.921875,68530.90625,68489.921875,68530.90625
1772068860,68509.1015625,68529.546875,68509.1015625,68529.546875
1772069040,68464.1328125,68522.6640625,68464.1328125,68522.6640625
1772069220,68478.6796875,68478.6796875,68438.109375,68438.109375
1772069400,68393.5234375,68393.5234375,68353.1484375,68353.1484375
1772069580,68333.1328125,68333.1328125,68249.6796875,68332.5546875
1772069760,68368.484375,68373.46875,68361.234375,68373.46875
1772069940,68381.3125,68436.765625,68381.3125,68436.765625
1772070120,68527.34375,68527.34375,68499.765625,68499.765625
1772070300,68465.75,68465.75,68305.515625,68346.328125
1772070480,68382.890625,68382.890625,68369.703125,68373.859375
1772070660,68361.9609375,68391.75,68285.5859375,68285.5859375
1772070840,68287.734375,68287.734375,68265.5234375,68278.9609375
1772071020,68298.0390625,68298.0390625,68287.078125,68287.078125
1772071200,68216.375,68216.375,68161.4609375,68161.4609375
1772071380,68076.8203125,68076.8203125,68043.9140625,68043.9140625
1772071560,68008.109375,68008.109375,67950.6484375,67950.6484375
1772071740,67978.6640625,67978.6640625,67929.328125,67929.328125
1772071920,67922.2109375,67922.2109375,67836.8671875,67836.8671875
1772072100,67859.0625,67972.4765625,67859.0625,67972.4765625
1772072280,68082.75,68082.75,68035.5,68035.5
1772072460,68022.8984375,68046.6953125,68010.5625,68010.5625
1772072640,67956.9140625,67956.9140625,67912.0703125,67912.0703125
1772072820,67936.078125,67970.59375,67936.078125,67969.0078125
1772073000,67984.1640625,68068.1484375,67984.1640625,68068.1484375
1772073180,68073.0546875,68073.0546875,68044.4453125,68044.4453125
1772073360,68035.078125,68066.765625,68035.078125,68066.765625
1772073540,68009.984375,68009.984375,67981.6171875,67981.6171875
1772073720,67996.1796875,68068.5625,67996.1796875,68068.5625
1772073900,68201.6875,68239.3203125,68199.7265625,68239.3203125
1772074080,68222.828125,68222.828125,68136.9296875,68146.5078125
1772074260,68182.296875,68219.734375,68182.296875,68219.734375
1772074440,68251.0390625,68251.0390625,68232.359375,68237.6484375
1772074620,68296.15625,68296.6015625,68278.4921875,68278.4921875
1772074800,68250.375,68294.0390625,68250.375,68294.0390625
1772074980,68253.4921875,68293.421875,68253.4921875,68293.421875
1772075160,68263.546875,68263.546875,68156.7578125,68156.7578125
1772075340,68167.53125,68167.53125,68063.6484375,68071.203125
1772075520,68117.4765625,68117.4765625,68100.1484375,68105.0
1772075700,68150.1484375,68153.6171875,68142.5859375,68142.5859375
1772075880,68166.4609375,68167.078125,68166.4609375,68167.078125
1772076060,68095.2421875,68125.0859375,68095.2421875,68101.4296875
1772076240,68099.1171875,68099.1171875,68097.5859375,68097.5859375
1772076420,68114.640625,68114.640625,68101.2265625,68112.3984375
1772076600,68073.3125,68172.046875,68073.3125,68172.046875
1772076780,68194.7890625,68276.5859375,68194.7890625,68269.078125
1772076960,68262.0,68262.0,68201.3671875,68201.3671875
1772077140,68187.9921875,68187.9921875,68160.890625,68178.140625
1772077320,68232.9921875,68269.5625,68232.9921875,68269.5625
1772077500,68254.3125,68277.046875,68246.625,68277.046875
1772077680,68285.828125,68296.5546875,68285.828125,68288.65625
1772077860,68279.90625,68285.953125,68265.734375,68265.734375
1772078040,68237.7265625,68237.7265625,68202.796875,68202.796875
1772078220,68222.3671875,68222.3671875,68193.25,68193.25
1772078400,68201.1328125,68228.0703125,68201.1328125,68210.90625
1772078580,68213.5546875,68256.4609375,68213.5546875,68256.4609375
1772078760,68280.4453125,68299.2109375,68280.4453125,68299.2109375
1772078940,68320.109375,68564.3046875,68320.109375,68564.3046875
1772079120,68545.359375,68574.828125,68545.359375,68552.421875
1772079300,68511.6328125,68574.4921875,68511.6328125,68574.4921875
1772079480,68660.203125,68660.7578125,68620.34375,68620.34375
1772079660,68548.359375,68548.359375,68464.1953125,68465.640625
1772079840,68532.3203125,68532.3203125,68531.890625,68531.890625
1772080020,68621.5703125,68621.5703125,68584.8984375,68607.3359375
1772080200,68578.53125,68648.859375,68578.53125,68648.859375
1772080380,68798.265625,68798.265625,68751.8359375,68751.8359375
1772080560,68691.890625,68800.390625,68691.890625,68800.390625
1772080740,68734.0703125,68816.8984375,68734.0703125,68816.8984375
1772080920,68800.4921875,68807.84375,68739.5859375,68739.5859375
1772081100,68740.3046875,68740.3046875,68738.6171875,68738.6171875
1772081280,68698.015625,68719.2421875,68698.015625,68709.46875
1772081460,68646.3046875,68646.3046875,68645.3828125,68645.3828125
1772081640,68644.5078125,68655.59375,68630.9140625,68630.9140625
1772081820,68637.4609375,68637.4609375,68588.71875,68588.71875
1772082000,68561.859375,68562.1796875,68561.859375,68562.1796875
1772082180,68464.4140625,68509.328125,68464.4140625,68488.4921875
1772082360,68406.8203125,68406.8203125,68380.9921875,68380.9921875
1772082540,68339.7421875,68339.7421875,68334.03125,68334.03125
1772082720,68282.234375,68303.3359375,68282.234375,68303.3359375
1772082900,68233.078125,68233.078125,68233.078125,68233.078125
1772083080,68168.703125,68257.4296875,68168.703125,68257.4296875
1772083260,68268.0234375,68316.8984375,68268.0234375,68316.8984375
1772083440,68286.8671875,68364.71875,68286.8671875,68361.7109375
1772083620,68387.3828125,68395.046875,68387.3828125,68395.046875
1772083800,68381.484375,68381.484375,68324.1875,68324.1875
1772083980,68386.3125,68416.7734375,68386.3125,68409.46875
1772084160,68395.0859375,68395.0859375,68321.1875,68321.1875
1772084340,68352.953125,68370.6015625,68352.953125,68366.4921875
1772084520,68406.765625,68429.7109375,68406.765625,68429.7109375
1772084700,68423.015625,68423.015625,68412.0859375,68412.0859375
1772084880,68485.578125,68485.578125,68453.890625,68453.890625
1772085060,68428.609375,68437.4375,68411.921875,68411.921875
1772085240,68412.875,68429.25,68412.875,68429.25
1772085420,68424.9296875,68429.953125,68424.9296875,68429.953125
1772085600,68435.0546875,68435.0546875,68370.0625,68370.0625
1772085780,68348.2578125,68348.2578125,68318.6953125,68318.6953125
1772085960,68401.5234375,68519.0,68401.5234375,68519.0
1772086140,68492.625,68492.625,68436.6875,68481.4609375
1772086320,68482.015625,68482.015625,68447.640625,68447.640625
1772086500,68461.1328125,68461.1328125,68438.3671875,68438.3671875
1772086680,68403.65625,68403.65625,68330.6328125,68330.6328125
1772086860,68365.859375,68365.859375,68331.2109375,68331.2109375
1772087040,68373.8515625,68382.3515625,68373.8515625,68382.3515625
1772087220,68377.40625,68377.40625,68339.21875,68339.21875
1772087400,68269.765625,68269.765625,68195.6640625,68195.6640625
1772087580,68163.6953125,68238.2109375,68163.6953125,68238.2109375
1772087760,68215.171875,68215.171875,68171.7578125,68196.4765625
1772087940,68197.953125,68207.3046875,68197.953125,68207.3046875
1772088120,68172.640625,68173.65625,68170.484375,68170.484375
1772088300,68135.7421875,68144.2734375,68109.4921875,68109.4921875
1772088480,68105.03125,68169.3671875,68105.03125,68137.6484375
1772088660,68195.1875,68212.28125,68195.1875,68212.28125
1772088840,68198.2890625,68198.2890625,68153.140625,68167.8984375
1772089020,68178.9453125,68190.3203125,68175.15625,68190.3203125
1772089200,68175.6484375,68238.7421875,68175.6484375,68238.7421875
1772089380,68209.109375,68209.109375,68209.109375,68209.109375
1772089560,68205.515625,68213.546875,68204.65625,68204.65625
1772089740,68245.5234375,68260.6328125,68245.5234375,68260.6328125
1772089920,68233.546875,68239.40625,68233.546875,68239.40625
1772090100,68213.1328125,68239.109375,68213.1328125,68239.109375
1772090280,68225.5625,68225.5625,68153.0859375,68153.0859375
1772090460,68131.984375,68242.875,68131.984375,68242.875
1772090640,68217.2734375,68217.2734375,68217.2734375,68217.2734375
1772090820,68187.4375,68197.375,68187.4375,68197.375
1772091000,68180.9375,68189.8359375,68180.9375,68189.8359375
1772091180,68157.703125,68157.703125,68114.578125,68114.578125
1772091360,68129.78125,68129.78125,68056.9375,68056.9375
1772091540,68060.328125,68067.5625,68055.5390625,68055.5390625
1772091720,68043.3125,68045.0390625,68027.375,68027.375
1772091900,68010.84375,68010.84375,67985.375,67985.375
1772092080,67967.2734375,67985.8828125,67967.2734375,67985.8828125
1772092260,67979.1328125,67979.1328125,67843.3046875,67843.3046875
1772092440,67860.6875,67894.2734375,67860.6875,67887.203125
1772092620,67882.6015625,67882.6015625,67876.796875,67876.796875
1772092800,67851.234375,67926.71875,67851.234375,67926.71875
1772092980,67840.4609375,67887.7578125,67840.4609375,67887.7578125
1772093160,67877.0078125,67911.4140625,67877.0078125,67911.4140625
1772093340,67902.46875,67930.0859375,67892.28125,67930.0859375
1772093520,67946.0,68034.75,67946.0,68010.953125
1772093700,68047.0390625,68107.046875,68047.0390625,68107.046875
1772093880,68053.65625,68053.65625,68029.0625,68029.0625
1772094060,68159.5625,68191.09375,68141.2578125,68141.2578125
1772094240,68141.9609375,68141.9609375,68110.5703125,68110.5703125
1772094420,68155.390625,68155.390625,68016.9765625,68016.9765625
1772094600,68027.734375,68027.734375,68008.3359375,68008.3359375
1772094780,68057.21875,68057.21875,68001.59375,68001.59375
1772094960,68058.8984375,68107.0703125,68058.8984375,68107.0703125
1772095140,68092.2421875,68137.015625,68092.2421875,68137.015625
1772095320,68039.5625,68039.5625,67970.1015625,67970.1015625
1772095500,67984.1953125,68027.5625,67984.1953125,68027.5625
1772095680,68067.3125,68071.3515625,68067.3125,68071.3515625
1772095860,68066.8203125,68098.921875,68066.8203125,68070.9921875
1772096040,68067.390625,68067.390625,68044.1875,68044.1875
1772096220,67973.2890625,67973.2890625,67954.359375,67954.359375
1772096400,67953.5390625,68011.4375,67953.5390625,67956.4609375
1772096580,67987.671875,67999.4453125,67987.671875,67999.4453125
1772096760,68044.5625,68082.109375,68043.671875,68082.109375
1772096940,68093.4375,68165.0625,68093.4375,68165.0625
1772097120,68360.921875,68360.921875,68360.921875,68360.921875
1772097300,68349.6015625,68349.6015625,68240.6796875,68240.6796875
1772097480,68273.40625,68273.40625,68216.75,68216.75
1772097660,68183.6015625,68214.921875,68183.6015625,68210.4375
1772097840,68227.0625,68227.0625,68181.6171875,68181.6171875
1772098020,68179.9765625,68184.65625,68173.8359375,68173.8359375
1772098200,68182.6328125,68262.65625,68162.7109375,68262.65625
1772098380,68290.890625,68302.5,68290.890625,68302.5
1772098560,68360.15625,68450.59375,68360.15625,68450.59375
1772098740,68440.421875,68444.2265625,68418.3828125,68418.3828125
1772098920,68441.078125,68444.15625,68436.4296875,68444.15625
1772099100,68405.359375,68489.734375,68405.359375,68489.734375
1772099280,68479.2421875,68518.5,68479.2421875,68518.5
1772099460,68519.9375,68617.859375,68519.9375,68617.859375
1772099640,68607.265625,68607.265625,68591.8671875,68591.8671875
1772099820,68566.6484375,68566.6484375,68553.5625,68553.5625
1772100000,68582.4140625,68637.53125,68582.4140625,68637.53125
1772100180,68607.0625,68644.1953125,68607.0625,68644.1953125
1772100360,68580.90625,68592.3828125,68578.3359375,68592.3828125
1772100540,68609.78125,68704.484375,68609.78125,68704.484375
1772100720,68516.75,68517.2890625,68516.75,68517.2890625
1772100900,68509.8984375,68509.8984375,68509.359375,68509.359375
1772101080,68488.09375,68488.09375,68480.828125,68480.828125
1772101260,68466.6484375,68478.921875,68466.6484375,68478.921875
1772101440,68481.1328125,68481.1328125,68448.390625,68448.390625
1772101620,68425.578125,68431.46875,68411.234375,68411.234375
1772101800,68340.46875,68340.46875,68330.90625,68330.90625
1772101980,68391.359375,68400.421875,68360.6953125,68360.6953125
1772102160,68371.3203125,68443.6171875,68371.3203125,68424.453125
1772102340,68432.984375,68454.1640625,68415.796875,68415.796875
1772102520,68417.25,68418.6796875,68389.53125,68418.6796875
1772102700,68430.390625,68445.8984375,68430.390625,68437.2890625
1772102880,68420.5625,68420.5625,68372.53125,68372.53125
1772103060,68379.1015625,68379.1015625,68335.265625,68335.265625
1772103240,68287.890625,68292.515625,68270.6796875,68292.515625
1772103420,68274.9453125,68298.1171875,68274.9453125,68298.1171875
1772103600,68292.0625,68319.609375,68292.0625,68319.609375
1772103780,68332.1328125,68364.7890625,68332.1328125,68364.7890625
1772103960,68362.03125,68363.1640625,68345.5703125,68363.1640625
1772104140,68337.2578125,68363.6640625,68299.484375,68363.6640625
1772104320,68350.7578125,68350.7578125,68336.40625,68344.9375
1772104500,68343.90625,68343.90625,68308.5546875,68308.5546875
1772104680,68273.9140625,68273.9140625,68227.71875,68227.71875
1772104860,68245.4609375,68245.4609375,68223.90625,68223.90625
1772105040,68203.6015625,68217.5390625,68203.6015625,68217.5390625
1772105220,68257.8828125,68257.8828125,68228.453125,68228.453125
1772105400,68157.09375,68168.0390625,68132.3671875,68132.3671875
1772105580,68179.1875,68195.625,68179.1875,68195.625
1772105760,68197.1640625,68203.171875,68193.890625,68193.890625
1772105940,68170.9140625,68188.2890625,68170.9140625,68188.2890625
1772106120,68177.1484375,68177.1484375,68076.5703125,68076.5703125
1772106300,68084.8203125,68084.8203125,68042.3671875,68042.3671875
1772106480,68015.953125,68015.953125,68013.2109375,68013.2109375
1772106660,68001.0078125,68001.15625,67987.203125,67987.203125
1772106840,68005.0703125,68023.5078125,68005.0703125,68023.5078125
1772107020,68019.65625,68019.65625,68018.875,68018.875
1772107200,68037.1171875,68106.03125,68037.1171875,68106.03125
1772107380,68042.8359375,68178.890625,68042.8359375,68178.890625
1772107560,68175.078125,68180.7421875,68151.8125,68180.7421875
1772107740,68222.5703125,68222.5703125,68196.1953125,68196.1953125
1772107920,68228.1796875,68228.1796875,68219.0703125,68219.0703125
1772108100,68200.6171875,68215.2109375,68200.6171875,68215.2109375
1772108280,68175.78125,68230.3515625,68175.78125,68230.3515625
1772108460,68214.4921875,68253.421875,68214.4921875,68253.421875
1772108640,68285.3515625,68285.3515625,68279.796875,68279.796875
1772108820,68218.703125,68218.703125,68205.78125,68205.78125
1772109000,68152.140625,68182.9140625,68152.140625,68160.921875
1772109180,68190.4453125,68199.125,68177.453125,68199.125
1772109360,68188.4609375,68188.4609375,68141.546875,68141.546875
1772109540,68220.28125,68265.5859375,68220.28125,68265.5859375
1772109720,68246.9375,68248.890625,68230.9609375,68230.9609375
1772109900,68097.78125,68097.78125,68067.5859375,68073.1875
1772110080,68081.46875,68197.4609375,68081.46875,68197.4609375
1772110260,68194.1484375,68194.1484375,68165.7578125,68165.7578125
1772110440,68172.7265625,68175.6796875,68172.7265625,68175.6796875
1772110620,68164.5234375,68175.6015625,68164.5234375,68175.6015625
1772110800,68162.046875,68177.0546875,68157.484375,68157.484375
1772110980,68165.921875,68180.796875,68165.921875,68171.34375
1772111160,68196.2734375,68201.8203125,68177.2421875,68177.2421875
1772111340,68121.6328125,68135.8515625,68121.6328125,68135.8515625
1772111520,68059.703125,68059.703125,68014.7421875,68014.7421875
1772111700,68019.703125,68040.9140625,68019.703125,68040.9140625
1772111880,68061.984375,68061.984375,68027.2265625,68027.2265625
1772112060,68033.1484375,68033.1484375,67976.0078125,67976.0078125
1772112240,67975.265625,68026.7734375,67975.265625,68006.203125
1772112420,68102.6640625,68139.9453125,68102.6640625,68139.9453125
1772112600,68157.75,68162.03125,68132.7109375,68162.03125
1772112780,68150.515625,68150.515625,68137.8671875,68137.8671875
1772112960,68099.140625,68099.140625,68047.578125,68047.578125
1772113140,68017.5703125,68064.390625,68017.5703125,68064.390625
1772113320,68042.0,68051.6015625,68042.0,68046.7265625
1772113500,68067.859375,68103.6015625,68067.859375,68103.6015625
1772113680,68157.5859375,68157.5859375,68096.7890625,68096.7890625
1772113860,68075.796875,68075.796875,68059.21875,68059.21875
1772114040,67999.2578125,67999.2578125,67906.1796875,67906.1796875
1772114220,67870.9375,67926.7265625,67870.9375,67926.7265625
1772114400,67912.2421875,67912.2421875,67845.3515625,67845.3515625
1772114580,67795.75,67836.234375,67795.75,67836.234375
1772114760,67822.046875,67822.046875,67720.40625,67720.40625
1772114940,67766.40625,67766.40625,67766.40625,67766.40625
1772115120,67998.03125,68015.5,67984.0703125,67984.0703125
1772115300,67977.6875,67977.6875,67892.8125,67892.8125
1772115480,67849.6328125,67895.5625,67849.6328125,67895.5625
1772115660,67891.8515625,67963.7578125,67891.8515625,67963.7578125
1772115840,68110.46875,68117.1875,68106.4609375,68106.4609375
1772116020,68108.5859375,68116.1328125,68108.5859375,68109.171875
1772116200,68117.4296875,68117.4296875,68027.3984375,68027.3984375
1772116380,67955.5390625,68055.953125,67955.5390625,68055.953125
1772116560,68205.3671875,68205.3671875,68032.8203125,68117.9140625
1772116740,67895.4609375,67913.203125,67895.4609375,67913.203125
1772116920,67892.65625,67978.2265625,67871.7421875,67871.7421875
1772117100,67844.1640625,67844.1640625,67514.609375,67514.609375
1772117280,67390.8515625,67390.8515625,67369.8046875,67369.8046875
1772117460,67423.921875,67423.921875,67309.359375,67317.6171875
1772117640,67426.8515625,67582.515625,67406.8046875,67582.515625
1772117820,67739.71875,67739.71875,67674.28125,67680.6875
1772118000,67658.1171875,67658.1171875,67574.5703125,67574.5703125
1772118180,67581.1015625,67581.1015625,67566.703125,67566.703125
1772118360,67649.8359375,67649.8359375,67555.2265625,67555.2265625
1772118540,67415.9140625,67558.046875,67415.9140625,67558.046875
1772118720,67598.015625,67598.015625,67324.578125,67348.6015625
1772118900,67312.7421875,67312.7421875,67106.53125,67106.53125
1772119080,67016.5625,67081.515625,67016.5625,67081.515625
1772119260,67057.2578125,67057.2578125,66943.2578125,66943.2578125
1772119440,66928.546875,66987.8359375,66928.546875,66969.703125
1772119620,67209.375,67209.375,66879.7734375,66879.7734375
1772119800,67076.1953125,67076.1953125,67076.1953125,67076.1953125
1772119980,67039.9140625,67067.7734375,66810.84375,66810.84375
1772120160,66866.21875,67085.125,66866.21875,67085.125
1772120340,67214.1328125,67319.1328125,67214.1328125,67319.1328125
1772120520,67346.0703125,67426.71875,67255.359375,67426.71875
1772120700,67402.7265625,67478.515625,67402.7265625,67425.6875
1772120880,67373.7421875,67466.4609375,67367.40625,67466.4609375
1772121060,67407.9765625,67407.9765625,67379.9765625,67379.9765625
1772121240,67349.8046875,67349.8046875,67327.4453125,67327.4453125
1772121420,67308.421875,67410.421875,67308.421875,67410.421875
1772121600,67383.7421875,67424.1875,67383.7421875,67416.0546875
1772121780,67371.2578125,67371.2578125,67350.1953125,67350.1953125
1772121960,67240.8984375,67240.8984375,67141.265625,67141.265625
1772122140,67168.015625,67168.015625,67126.078125,67126.078125
1772122320,67130.1015625,67130.1015625,67111.4453125,67111.4453125
1772122500,67137.6640625,67262.5234375,67137.6640625,67262.5234375
1772122680,67236.9765625,67236.9765625,67230.9375,67230.9375
1772122860,67214.0859375,67262.2109375,67214.0859375,67262.2109375
1772123040,67336.015625,67352.8828125,67336.015625,67352.8828125
1772123220,67460.0703125,67514.53125,67460.0703125,67514.53125
1772123400,67449.859375,67449.859375,67402.21875,67402.21875
1772123580,67332.9921875,67332.9921875,67155.5234375,67155.5234375
1772123760,67051.09375,67051.09375,67009.5859375,67009.5859375
1772123940,67058.9296875,67058.9296875,67053.5234375,67053.5234375
1772124120,67152.171875,67152.171875,67092.78125,67092.78125
1772124300,67035.84375,67035.84375,66846.1953125,66846.1953125
1772124480,66782.484375,67006.75,66782.484375,67006.75
1772124660,66671.078125,66698.921875,66671.078125,66698.921875
1772124840,66640.6015625,66640.6015625,66626.0234375,66632.578125
1772125020,66695.8671875,66695.8671875,66596.4921875,66596.4921875
1772125200,66637.3046875,66780.5390625,66637.3046875,66734.453125
1772125380,66808.65625,66896.0703125,66808.65625,66896.0703125
1772125560,66911.2890625,66955.484375,66911.2890625,66938.4453125
1772125740,66921.7890625,66944.421875,66909.4140625,66944.421875
1772125920,66982.5078125,66982.5078125,66929.5390625,66929.5390625
1772126100,66899.5703125,66926.828125,66899.5703125,66926.828125
1772126280,66987.2734375,66987.2734375,66937.0546875,66937.0546875
1772126460,66894.53125,66894.53125,66833.3671875,66833.3671875
1772126640,66792.6875,66855.4140625,66792.6875,66855.4140625
1772126820,66934.796875,66934.796875,66934.796875,66934.796875
1772127000,66953.3671875,66978.0546875,66953.125,66978.0546875
1772127180,66971.0390625,66971.0390625,66967.2109375,66967.2109375
1772127360,66833.796875,66833.796875,66791.21875,66791.21875
1772127540,66808.59375,66824.3984375,66808.59375,66824.3984375
1772127720,66823.6015625,66823.6015625,66762.0,66762.0
1772127900,66740.828125,66748.0546875,66740.828125,66748.0546875
1772128080,66774.6953125,66784.4140625,66741.65625,66741.65625
1772128260,66636.5546875,66744.5,66636.5546875,66744.5
1772128440,66837.5390625,66837.5390625,66749.234375,66749.234375
1772128620,66762.109375,66826.6328125,66762.109375,66826.6328125
1772128800,66824.1796875,66877.9609375,66818.9453125,66877.9609375
1772128980,66842.2109375,66847.546875,66842.2109375,66847.546875
1772129160,66847.5078125,66847.5078125,66674.5546875,66674.5546875
1772129340,66587.921875,66724.2109375,66587.921875,66724.2109375
1772129520,66721.0859375,66721.0859375,66694.453125,66695.3984375
1772129700,66751.65625,66837.21875,66751.65625,66837.21875
1772129880,67008.8515625,67008.8515625,66967.8125,66993.609375
1772130060,66940.2109375,66940.2109375,66892.859375,66892.859375
1772130240,66873.84375,66942.8203125,66873.84375,66942.8203125
1772130420,66851.6328125,66862.9609375,66830.53125,66830.53125
1772130600,66858.8671875,66924.6640625,66858.8671875,66924.6640625
1772130780,67005.46875,67266.890625,67005.46875,67266.890625
1772130960,67203.0703125,67344.71875,67203.0703125,67274.1796875
1772131140,67234.484375,67234.484375,67189.0390625,67189.0390625
1772131320,67186.6953125,67256.59375,67157.1875,67256.59375
1772131500,67276.4609375,67302.2421875,67275.6640625,67275.6640625
1772131680,67293.2421875,67293.2421875,67220.25,67220.25
1772131860,67215.5546875,67215.5546875,67185.890625,67194.1015625
1772132040,67314.515625,67314.515625,67262.6015625,67262.6015625
1772132220,67291.7421875,67336.1875,67291.7421875,67336.1875
1772132400,67296.6328125,67410.25,67296.6328125,67410.25
1772132580,67534.2421875,67534.2421875,67480.4375,67480.4375
1772132760,67652.84375,67652.84375,67511.4375,67511.4375
1772132940,67574.7109375,67612.109375,67530.6015625,67612.109375
1772133120,67653.890625,67653.890625,67584.0546875,67584.0546875
1772133300,67539.6796875,67539.6796875,67505.9609375,67505.9609375
1772133480,67563.046875,67563.046875,67545.5859375,67545.5859375
1772133660,67645.53125,67695.765625,67645.53125,67695.765625
1772133840,67743.3671875,67743.3671875,67731.53125,67731.53125
1772134020,67642.2109375,67667.9375,67599.2421875,67599.2421875
1772134200,67559.203125,67653.203125,67559.203125,67653.203125
1772134380,67681.7734375,67693.9921875,67681.7734375,67693.9921875
1772134560,67663.8984375,67663.8984375,67623.5625,67623.5625
1772134740,67451.609375,67451.609375,67451.609375,67451.609375
1772134920,67443.453125,67479.109375,67438.8515625,67479.109375
1772135100,67468.4375,67579.140625,67468.4375,67579.140625
1772135280,67588.9921875,67588.9921875,67541.9921875,67541.9921875
1772135460,67509.296875,67514.15625,67509.296875,67514.15625
1772135640,67545.3671875,67642.1640625,67545.3671875,67642.1640625
1772135820,67641.4453125,67641.4453125,67557.1796875,67557.1796875
1772136000,67635.0546875,67702.0078125,67635.0546875,67702.0078125
1772136180,67724.40625,67783.7734375,67724.40625,67783.7734375
1772136360,67803.75,67803.75,67782.21875,67782.21875
1772136540,67761.65625,67761.65625,67730.1484375,67730.1484375
1772136720,67714.2265625,67731.328125,67714.2265625,67731.328125
1772136900,67710.8359375,67751.6015625,67710.8359375,67751.6015625
1772137080,67745.78125,67780.890625,67745.78125,67780.890625
1772137260,67770.375,67770.375,67718.828125,67722.703125
1772137440,67674.5234375,67674.5234375,67612.453125,67612.453125
1772137620,67607.859375,67636.6875,67607.859375,67613.6953125
1772137800,67555.390625,67555.390625,67517.4921875,67517.4921875
1772137980,67529.4140625,67551.828125,67525.2421875,67551.828125
1772138160,67507.6640625,67507.6640625,67386.46875,67386.46875
1772138340,67409.875,67416.8984375,67403.7421875,67416.8984375
1772138520,67461.2734375,67470.703125,67450.65625,67470.703125
1772138700,67475.4921875,67475.4921875,67439.40625,67441.671875
1772138880,67420.03125,67426.625,67420.03125,67421.6953125
1772139060,67387.234375,67387.234375,67296.234375,67342.8828125
1772139240,67341.1796875,67365.21875,67341.1796875,67365.21875
1772139420,67373.0546875,67423.90625,67373.0546875,67423.90625
1772139600,67369.703125,67381.8125,67369.703125,67381.8125
1772139780,67400.3828125,67442.8046875,67400.3828125,67432.59375
1772139960,67439.0703125,67439.0703125,67272.0234375,67272.0234375
1772140140,67259.9296875,67259.9296875,67208.703125,67208.703125
1772140320,67213.140625,67291.96875,67213.140625,67291.96875
1772140500,67360.2109375,67382.453125,67360.2109375,67382.453125
1772140680,67351.8359375,67390.2421875,67351.8359375,67354.4765625
1772140860,67354.28125,67387.671875,67354.28125,67387.671875
1772141040,67382.6796875,67392.5234375,67382.6796875,67392.5234375
1772141220,67366.84375,67494.6015625,67366.84375,67494.6015625
1772141400,67489.84375,67489.84375,67475.53125,67475.53125
1772141580,67430.4453125,67432.828125,67414.8046875,67432.828125
1772141760,67458.4609375,67458.4609375,67378.75,67378.75
1772141940,67393.7890625,67396.0390625,67384.9921875,67384.9921875
1772142120,67394.2734375,67441.8125,67394.2734375,67441.8125
1772142300,67454.234375,67454.234375,67451.40625,67451.40625
1772142480,67475.2734375,67563.6015625,67475.2734375,67563.6015625
1772142660,67549.984375,67549.984375,67526.171875,67526.171875
1772142840,67511.9375,67523.0234375,67486.5703125,67523.0234375
1772143020,67479.65625,67479.65625,67459.8203125,67459.8203125
1772143200,67459.6796875,67468.375,67452.3203125,67468.375
1772143380,67457.5234375,67475.8984375,67457.5234375,67475.8984375
1772143560,67443.1953125,67443.1953125,67435.4453125,67435.4453125
1772143740,67424.4921875,67458.5390625,67424.4921875,67458.5390625
1772143920,67549.546875,67549.546875,67549.546875,67549.546875
1772144100,67551.515625,67551.515625,67482.1484375,67482.1484375
1772144280,67489.484375,67495.640625,67459.1875,67459.1875
1772144460,67430.625,67430.625,67411.0078125,67414.7578125
1772144640,67364.921875,67381.6796875,67364.921875,67381.6796875
1772144820,67373.0859375,67395.375,67373.0859375,67395.375
1772145000,67417.8203125,67417.8203125,67417.5390625,67417.5390625
1772145180,67462.7734375,67463.5,67449.7109375,67463.5
1772145360,67484.625,67542.3046875,67484.625,67526.7421875
1772145540,67538.5625,67568.3125,67535.109375,67535.109375
1772145720,67569.2734375,67569.2734375,67552.8203125,67552.8203125
1772145900,67601.4765625,67606.4921875,67582.5234375,67582.5234375
1772146080,67600.7109375,67623.953125,67600.7109375,67623.953125
1772146260,67604.1484375,67604.1484375,67563.8125,67563.8125
1772146440,67561.9296875,67561.9296875,67558.3984375,67558.3984375
1772146620,67544.796875,67544.796875,67544.796875,67544.796875
1772146800,67513.4609375,67513.4609375,67502.4140625,67502.4140625
1772146980,67449.734375,67449.734375,67449.734375,67449.734375
1772147160,67417.0390625,67432.0390625,67417.0390625,67432.0390625
1772147340,67453.1953125,67477.5703125,67453.1953125,67475.953125
1772147520,67504.4375,67567.3359375,67502.921875,67567.3359375
1772147700,67522.8984375,67522.8984375,67479.921875,67479.921875
1772147880,67470.625,67470.625,67469.34375,67469.34375
1772148060,67593.28125,67593.28125,67579.1875,67579.1875
1772148240,67584.6796875,67584.6796875,67569.375,67569.375
1772148420,67573.890625,67617.0546875,67573.890625,67617.0546875
1772148600,67588.90625,67588.90625,67550.09375,67556.2578125
1772148780,67564.890625,67580.8671875,67564.890625,67580.8671875
1772148960,67610.4296875,67613.65625,67610.4296875,67613.65625
1772149140,67621.21875,67621.21875,67577.8203125,67577.8203125
1772149320,67538.390625,67538.390625,67514.5234375,67514.5234375
1772149500,67509.9921875,67510.0078125,67480.015625,67510.0078125
1772149680,67489.1796875,67509.546875,67489.1796875,67509.546875
1772149860,67485.0859375,67485.0859375,67430.640625,67466.90625
1772150040,67473.9921875,67488.203125,67473.9921875,67488.203125
1772150220,67485.5859375,67485.5859375,67454.8984375,67454.8984375
1772150400,67476.703125,67476.703125,67451.8515625,67451.8515625
1772150580,67464.484375,67464.484375,67401.4765625,67401.4765625
1772150760,67536.28125,67536.28125,67460.4765625,67530.8359375
1772150940,67533.2265625,67533.2265625,67450.90625,67450.90625
1772151120,67338.734375,67338.734375,67327.9921875,67338.09375
1772151300,67357.3984375,67385.9609375,67356.1953125,67356.1953125
1772151480,67312.125,67312.125,67312.125,67312.125
1772151660,67315.5234375,67315.5234375,67297.3515625,67297.515625
1772151840,67233.8125,67233.8125,67224.296875,67224.296875
1772152020,67203.53125,67249.8828125,67203.53125,67249.8828125
1772152200,67304.1875,67304.1875,67281.21875,67281.21875
1772152380,67252.0,67298.546875,67252.0,67298.546875
1772152560,67311.046875,67311.046875,67166.296875,67166.296875
1772152740,67068.6796875,67178.5703125,67068.6796875,67178.5703125
1772152920,67189.234375,67189.234375,67145.453125,67157.453125
1772153100,67142.8828125,67142.8828125,67049.78125,67049.78125
1772153280,67133.734375,67176.796875,67133.734375,67176.796875
1772153460,67248.375,67253.390625,67248.375,67253.390625
1772153640,67252.265625,67252.265625,67151.75,67151.75
1772153820,67167.3203125,67210.71875,67167.3203125,67210.71875
1772154000,67228.7890625,67228.7890625,67174.5703125,67174.5703125
1772154180,67139.953125,67139.953125,67125.9765625,67125.9765625
1772154360,67146.8203125,67146.8203125,66907.7265625,66907.7265625
1772154540,66938.5625,66968.8046875,66924.3828125,66924.3828125
1772154720,67000.25,67000.25,66959.140625,66994.2890625
1772154900,67006.703125,67027.8671875,67001.921875,67027.8671875
1772155080,67133.8359375,67133.8359375,67056.78125,67056.78125
1772155260,67052.515625,67075.0234375,67052.515625,67075.0234375
1772155440,67044.1796875,67093.1640625,67044.1796875,67093.1640625
1772155620,67147.828125,67147.828125,67059.1328125,67059.1328125
1772155800,67074.84375,67074.84375,67074.84375,67074.84375
1772155980,67145.1171875,67200.8671875,67145.1171875,67200.8671875
1772156160,67206.640625,67228.7578125,67206.640625,67228.7578125
1772156340,67202.2734375,67289.3125,67202.2734375,67289.3125
1772156520,67270.65625,67270.65625,67230.3515625,67230.3515625
1772156700,67192.6953125,67201.6875,67192.6953125,67201.6875
1772156880,67218.0078125,67292.1953125,67218.0078125,67260.875
1772157060,67257.0625,67291.6171875,67257.0625,67291.6171875
1772157240,67288.4140625,67309.984375,67260.4296875,67260.4296875
1772157420,67248.671875,67286.1484375,67248.671875,67286.1484375
1772157600,67362.796875,67457.65625,67362.796875,67457.65625
1772157780,67460.109375,67460.109375,67422.6015625,67433.234375
1772157960,67449.4609375,67470.1875,67449.4609375,67455.6796875
1772158140,67437.8125,67437.8125,67366.2421875,67366.2421875
1772158320,67386.2109375,67404.8359375,67361.1640625,67361.1640625
1772158500,67327.9609375,67327.9609375,67306.8515625,67323.9296875
1772158680,67389.34375,67525.6796875,67388.453125,67525.6796875
1772158860,67470.984375,67470.984375,67450.0,67450.0
1772159040,67408.921875,67418.671875,67401.828125,67418.671875
1772159220,67442.375,67445.6015625,67400.2265625,67400.2265625
1772159400,67440.828125,67457.2890625,67440.828125,67457.2890625
1772159580,67478.9140625,67520.984375,67478.9140625,67519.625
1772159760,67515.3515625,67515.3515625,67472.6875,67472.6875
1772159940,67476.390625,67476.390625,67463.703125,67463.703125
1772160120,67462.296875,67462.296875,67403.234375,67403.234375
1772160300,67436.7890625,67436.7890625,67419.953125,67419.953125
1772160480,67423.3828125,67462.3671875,67423.3828125,67462.3671875
1772160660,67440.5859375,67440.5859375,67358.4453125,67358.4453125
1772160840,67348.671875,67348.671875,67328.140625,67328.140625
1772161020,67300.921875,67362.4765625,67300.921875,67362.4765625
1772161200,67295.7421875,67295.7421875,67256.3671875,67256.3671875
1772161380,67246.0625,67258.9453125,67246.0625,67258.9453125
1772161560,67213.265625,67213.265625,67137.4453125,67137.4453125
1772161740,67187.0859375,67220.609375,67187.0859375,67220.609375
1772161920,67208.53125,67208.53125,67143.5703125,67143.5703125
1772162100,67167.078125,67202.0703125,67167.078125,67202.0703125
1772162280,67187.6015625,67202.5234375,67187.6015625,67202.5234375
1772162460,67207.5390625,67214.5390625,67144.8671875,67144.8671875
1772162640,67138.8671875,67138.8671875,67114.4921875,67114.4921875
1772162820,67114.8515625,67126.7578125,67110.3125,67126.7578125
1772163000,67122.796875,67137.65625,67122.796875,67137.65625
1772163180,67164.0,67261.7578125,67164.0,67261.7578125
1772163360,67279.15625,67279.15625,67253.3125,67270.6484375
1772163540,67293.4609375,67329.5546875,67293.4609375,67308.4453125
1772163720,67307.3984375,67353.328125,67307.3984375,67350.6953125
1772163900,67394.9453125,67394.9453125,67358.8359375,67362.078125
1772164080,67371.8984375,67437.578125,67355.8359375,67437.578125
1772164260,67439.453125,67494.265625,67435.90625,67494.265625
1772164440,67520.6015625,67535.3828125,67513.2265625,67535.3828125
1772164620,67576.6484375,67679.5390625,67576.6484375,67641.2578125
1772164800,67614.078125,67640.109375,67614.078125,67640.109375
1772164980,67632.890625,67782.6015625,67632.890625,67782.6015625
1772165160,67752.2734375,67763.6328125,67713.0859375,67713.0859375
1772165340,67730.5859375,67836.3984375,67730.5859375,67836.3984375
1772165520,67880.6328125,67955.2421875,67880.6328125,67930.328125
1772165700,67935.578125,68220.40625,67935.578125,68220.40625
1772165880,68111.609375,68125.3984375,68111.609375,68125.3984375
1772166060,68087.0859375,68087.0859375,68011.6875,68036.1640625
1772166240,68025.1640625,68025.1640625,67973.8828125,67973.8828125
1772166420,67949.7265625,67949.7265625,67934.6640625,67934.6640625
1772166600,67824.109375,67824.109375,67824.109375,67824.109375
1772166780,67856.375,67865.5390625,67855.1875,67855.1875
1772166960,67842.7421875,67850.9609375,67837.96875,67837.96875
1772167140,67865.453125,67865.453125,67791.578125,67791.578125
1772167320,67731.875,67771.109375,67731.875,67771.109375
1772167500,67765.2578125,67765.2578125,67759.3828125,67759.625
1772167680,67789.8515625,67816.953125,67789.8515625,67816.953125
1772167860,67789.9453125,67880.8359375,67789.9453125,67880.8359375
1772168040,67924.2578125,67924.2578125,67892.3515625,67892.3515625
1772168220,67846.2890625,67846.2890625,67750.015625,67750.015625
1772168400,67737.1328125,67790.3828125,67737.1328125,67790.3828125
1772168580,67825.7890625,67833.84375,67825.7890625,67833.84375
1772168760,67836.84375,67836.84375,67833.734375,67833.734375
1772168940,67831.7578125,67831.7578125,67790.109375,67807.2578125
1772169120,67830.328125,67905.53125,67830.328125,67866.9765625
1772169300,67865.40625,67868.9609375,67845.8359375,67845.8359375
1772169480,67854.59375,67880.921875,67854.59375,67858.984375
1772169660,67871.90625,67871.90625,67794.21875,67794.21875
1772169840,67723.3046875,67801.59375,67723.3046875,67801.59375
1772170020,67778.9609375,67797.109375,67778.9609375,67797.109375
1772170200,67806.8046875,67830.140625,67806.8046875,67830.140625
1772170380,67860.3515625,67860.3515625,67856.2734375,67856.2734375
1772170560,67844.9765625,67844.9765625,67807.9296875,67807.9296875
1772170740,67825.1484375,67860.3046875,67825.1484375,67841.4453125
1772170920,67842.3515625,67857.3359375,67842.3515625,67857.3359375
1772171100,67849.2734375,67849.2734375,67833.1640625,67833.1640625
1772171280,67789.7890625,67789.7890625,67782.453125,67782.453125
1772171460,67788.0625,67788.9921875,67780.234375,67788.9921875
1772171640,67782.34375,67782.34375,67751.0,67753.8828125
1772171820,67710.921875,67710.921875,67699.2890625,67699.2890625
1772172000,67708.671875,67737.0703125,67708.671875,67737.0703125
1772172180,67749.0234375,67763.703125,67749.0234375,67763.703125
1772172360,67762.875,67772.59375,67754.421875,67754.421875
1772172540,67739.890625,67739.890625,67707.7265625,67707.7265625
1772172720,67700.96875,67700.96875,67682.8046875,67682.8046875
1772172900,67667.6796875,67681.3515625,67667.6796875,67679.03125
1772173080,67689.578125,67689.578125,67644.265625,67644.265625
1772173260,67653.4921875,67653.4921875,67628.8828125,67628.8828125
1772173440,67612.1484375,67612.1484375,67602.625,67602.625
1772173620,67545.1640625,67564.1328125,67545.1640625,67564.1328125
1772173800,67608.171875,67689.828125,67608.171875,67656.7421875
1772173980,67646.390625,67650.2421875,67646.390625,67650.2421875
1772174160,67740.1953125,67749.65625,67735.359375,67735.359375
1772174340,67708.21875,67752.3515625,67708.21875,67752.3515625
1772174520,67766.265625,67766.265625,67757.4609375,67761.5703125
1772174700,67750.453125,67758.984375,67750.453125,67758.984375
1772174880,67802.28125,67816.0546875,67802.28125,67816.0546875
1772175060,67759.71875,67759.71875,67737.1796875,67741.359375
1772175240,67718.9375,67725.296875,67701.8125,67701.8125
1772175420,67695.0703125,67695.0703125,67665.2265625,67665.2265625
1772175600,67680.2578125,67680.2578125,67670.3828125,67670.3828125
1772175780,67652.734375,67652.734375,67589.7265625,67589.7265625
1772175960,67621.0703125,67628.2890625,67621.0703125,67628.2890625
1772176140,67708.75,67708.75,67690.09375,67691.6484375
1772176320,67672.796875,67682.6015625,67659.609375,67659.609375
1772176500,67657.4609375,67657.4609375,67609.5859375,67609.5859375
1772176680,67608.328125,67608.328125,67608.328125,67608.328125
1772176860,67621.3125,67621.3125,67601.703125,67601.703125
1772177040,67628.4609375,67630.7421875,67628.4609375,67630.7421875
1772177220,67626.4453125,67626.4453125,67548.9453125,67548.9453125
1772177400,67498.7890625,67545.9921875,67498.7890625,67545.9921875
1772177580,67560.1015625,67604.375,67560.1015625,67604.375
1772177760,67612.8828125,67612.8828125,67537.265625,67537.265625
1772177940,67542.2734375,67542.2734375,67478.921875,67478.921875
1772178120,67474.1953125,67531.6796875,67474.1953125,67531.6796875
1772178300,67539.3984375,67539.3984375,67530.3203125,67530.3203125
1772178480,67621.7734375,67678.78125,67621.7734375,67678.78125
1772178660,67697.65625,67697.65625,67693.7578125,67693.7578125
1772178840,67717.078125,67731.8203125,67717.078125,67726.4140625
1772179020,67689.7265625,67708.5859375,67689.7265625,67696.2578125
1772179200,67696.1953125,67730.6796875,67696.1953125,67730.6796875
1772179380,67701.5859375,67715.8046875,67701.5859375,67715.8046875
1772179560,67759.78125,67858.5390625,67759.78125,67858.5390625
1772179740,67893.0703125,68002.015625,67893.0703125,68002.015625
1772179920,68008.8828125,68008.8828125,67962.8984375,67962.8984375
1772180100,67916.203125,67935.484375,67884.5625,67935.484375
1772180280,67965.75,67965.75,67940.8046875,67940.8046875
1772180460,67948.3671875,67952.734375,67948.3671875,67952.734375
1772180640,67939.3515625,67939.3515625,67931.5546875,67932.1171875
1772180820,67901.6953125,67912.9765625,67901.6953125,67912.9765625
1772181000,67956.421875,67994.0703125,67956.421875,67994.0703125
1772181180,67930.9921875,67930.9921875,67875.390625,67875.390625
1772181360,67812.9765625,67816.4765625,67800.1015625,67816.4765625
1772181540,67805.984375,67856.859375,67805.984375,67856.859375
1772181720,67851.015625,67855.90625,67851.015625,67855.90625
1772181900,67927.9140625,67985.8828125,67927.9140625,67985.8828125
1772182080,68059.9140625,68059.9140625,68035.8671875,68035.8671875
1772182260,67993.296875,67993.296875,67915.1796875,67915.1796875
1772182440,67924.7890625,67983.3828125,67924.7890625,67983.3828125
1772182620,67990.0546875,67990.0546875,67982.375,67982.375
1772182800,67954.6875,67972.75,67954.6875,67972.75
1772182980,67946.5859375,67946.5859375,67881.4765625,67881.4765625
1772183160,67915.2421875,67923.0234375,67915.2421875,67923.0234375
1772183340,67994.6953125,67994.6953125,67977.6796875,67977.6796875
1772183520,67945.78125,67949.390625,67945.78125,67949.390625
1772183700,67971.9921875,67984.953125,67971.9921875,67984.953125
1772183880,67989.5703125,68012.2109375,67989.5703125,68012.2109375
1772184060,67992.625,67992.625,67992.625,67992.625
1772184240,67937.53125,67977.171875,67937.53125,67977.171875
1772184420,67994.078125,68012.109375,67992.0859375,68012.109375
1772184600,68026.46875,68026.46875,68026.46875,68026.46875
1772184780,68024.390625,68024.390625,67995.3828125,67995.3828125
1772184960,67928.40625,67928.40625,67822.5,67822.5
1772185140,67796.15625,67815.9609375,67796.15625,67815.9609375
1772185320,67808.859375,67808.859375,67747.015625,67747.015625
1772185500,67632.4453125,67632.4453125,67422.375,67452.046875
1772185680,67477.828125,67477.828125,67456.6953125,67464.1171875
1772185860,67435.2890625,67435.2890625,67382.5546875,67382.5546875
1772186040,67395.203125,67434.15625,67331.7578125,67434.15625
1772186220,67446.015625,67446.015625,67388.1484375,67388.1484375
1772186400,67384.828125,67384.828125,67379.65625,67383.3828125
1772186580,67352.8046875,67352.8046875,67244.546875,67244.546875
1772186760,67313.4921875,67353.5078125,67313.4921875,67351.84375
1772186940,67264.0625,67264.0625,67204.8046875,67204.8046875
1772187120,66985.09375,66991.5,66985.09375,66991.5
1772187300,66898.6953125,66998.171875,66898.6953125,66998.171875
1772187480,66951.2265625,67044.5546875,66951.2265625,67035.6796875
1772187660,66855.03125,66855.03125,66808.234375,66808.234375
1772187840,66840.421875,66877.8515625,66840.421875,66877.8515625
1772188020,66834.3671875,66834.3671875,66777.0078125,66777.0078125
1772188200,66868.484375,66868.484375,66868.484375,66868.484375
1772188380,66884.0703125,66884.0703125,66830.15625,66830.15625
1772188560,66821.71875,66821.71875,66821.71875,66821.71875
1772188740,66843.703125,66843.703125,66843.703125,66843.703125
1772188920,66769.328125,66783.1796875,66726.9375,66783.1796875
1772189100,66789.9140625,66789.9140625,66789.9140625,66789.9140625
1772189280,66749.78125,66749.78125,66749.78125,66749.78125
1772189460,66686.640625,66686.640625,66649.8359375,66649.8359375
1772189640,66610.03125,66631.6953125,66610.03125,66631.6953125
1772189820,66672.734375,66672.734375,66645.5546875,66645.5546875
1772190000,66696.5625,66696.5625,66667.03125,66667.03125
1772190180,66681.0,66718.4375,66681.0,66688.6796875
1772190360,66743.7734375,66743.7734375,66701.8046875,66701.8046875
1772190540,66767.8125,66767.8125,66738.3046875,66738.3046875
1772190720,66687.4375,66745.0859375,66687.4375,66745.0859375
1772190900,66646.234375,66661.703125,66646.234375,66661.703125
1772191080,66601.609375,66601.609375,66411.28125,66411.28125
1772191260,66460.59375,66525.5078125,66460.59375,66525.5078125
1772191440,66520.171875,66646.6640625,66520.171875,66646.6640625
1772191620,66591.6875,66630.4375,66591.6875,66605.015625
1772191800,66537.359375,66537.359375,66499.9140625,66499.9140625
1772191980,66480.9609375,66480.9609375,66453.546875,66461.2890625
1772192160,66361.8125,66361.8125,66222.6875,66222.6875
1772192340,66155.6875,66155.6875,66104.6328125,66104.6328125
1772192520,66031.7734375,66059.4453125,66031.7734375,66043.2890625
1772192700,66028.4921875,66045.921875,66028.4921875,66045.921875
1772192880,66122.8984375,66158.15625,66081.1796875,66158.15625
1772193060,66097.859375,66097.859375,66053.21875,66053.21875
1772193240,66055.5,66055.5,66027.4921875,66027.4921875
1772193420,66110.796875,66110.796875,66110.796875,66110.796875
1772193600,66133.5390625,66133.5390625,66097.2890625,66097.2890625
1772193780,66069.84375,66080.5859375,66069.84375,66080.5859375
1772193960,66132.9375,66188.7578125,66132.9375,66188.7578125
1772194140,66178.75,66178.75,66059.2734375,66059.2734375
1772194320,65983.140625,66066.921875,65983.140625,66021.140625
1772194500,66005.375,66005.375,65971.671875,65971.671875
1772194680,65929.265625,65950.234375,65929.265625,65950.234375
1772194860,66083.3671875,66098.3203125,66042.4375,66042.4375
1772195040,66026.6484375,66026.6484375,65923.8125,65923.8125
1772195220,65938.796875,66011.34375,65938.796875,66011.34375
1772195400,65930.1796875,65993.78125,65930.1796875,65993.78125
1772195580,66005.5078125,66039.59375,66005.5078125,66039.59375
1772195760,66012.3125,66012.3125,65909.8828125,65909.8828125
1772195940,65949.8828125,65957.8046875,65947.1484375,65947.1484375
1772196120,65938.5703125,65938.5703125,65929.546875,65931.3203125
1772196300,65943.8203125,65943.8203125,65765.1015625,65765.1015625
1772196480,65800.6171875,65800.6171875,65770.7109375,65770.7109375
1772196660,65790.7109375,65791.2421875,65790.7109375,65791.2421875
1772196840,65839.5,65839.5,65821.734375,65821.734375
1772197020,65822.8203125,65822.8203125,65803.6953125,65805.46875
1772197200,65916.296875,65996.609375,65916.296875,65992.2734375
1772197380,65998.453125,66084.8203125,65998.453125,66084.8203125
1772197560,66074.90625,66074.90625,66045.6640625,66045.6640625
1772197740,66047.65625,66047.65625,66030.3125,66030.3125
1772197920,66072.65625,66072.65625,66012.9765625,66012.9765625
1772198100,66051.6484375,66098.421875,66051.6484375,66089.5234375
1772198280,66129.40625,66148.3359375,66125.8046875,66148.3359375
1772198460,66100.8359375,66100.8359375,66041.40625,66041.40625
1772198640,66042.6015625,66042.6015625,66029.921875,66029.921875
1772198820,66056.84375,66056.84375,66014.75,66014.75
1772199000,65928.2578125,65928.2578125,65928.2578125,65928.2578125
1772199180,65937.203125,65937.203125,65904.9140625,65904.9140625
1772199360,65698.8828125,65698.8828125,65682.15625,65682.15625
1772199540,65749.109375,65749.109375,65749.109375,65749.109375
1772199720,65860.0546875,66032.3203125,65860.0546875,66032.3203125
1772199900,66083.234375,66083.234375,66059.8984375,66059.8984375
1772200080,66147.953125,66153.359375,66147.953125,66153.359375
1772200260,66267.3359375,66277.125,66267.3359375,66277.125
1772200440,66236.96875,66236.96875,66173.0,66173.0
1772200620,66222.734375,66222.734375,66173.640625,66173.640625
1772200800,66285.390625,66285.390625,66276.296875,66276.296875
1772200980,66237.4140625,66237.4140625,66204.9140625,66204.9140625
1772201160,66226.9140625,66243.15625,66226.9140625,66243.15625
1772201340,66215.640625,66215.640625,66206.3515625,66206.3515625
1772201520,66247.46875,66261.359375,66230.71875,66261.359375
1772201700,66330.2109375,66330.2109375,66193.234375,66193.234375
1772201880,66168.9921875,66168.9921875,66151.328125,66151.328125
1772202060,66144.21875,66144.21875,66140.1640625,66140.1640625
1772202240,66072.7421875,66117.890625,66072.7421875,66117.890625
1772202420,66123.921875,66123.921875,66055.0390625,66055.0390625
1772202600,66148.2109375,66217.0390625,66148.2109375,66217.0390625
1772202780,66286.6796875,66286.6796875,66214.7890625,66214.7890625
1772202960,66248.6015625,66266.8125,66202.734375,66266.8125
1772203140,66282.3828125,66282.3828125,66189.09375,66189.09375
1772203320,66007.15625,66007.15625,65812.8125,65812.8125
1772203500,65934.9609375,65934.9609375,65775.546875,65775.546875
1772203680,65754.3515625,65960.265625,65754.3515625,65925.5
1772203860,65847.3046875,65860.8359375,65756.859375,65756.859375
1772204040,65834.8359375,65873.2265625,65834.8359375,65871.8046875
1772204220,65884.90625,65884.90625,65862.6015625,65862.6015625
1772204400,65901.0546875,66137.9375,65901.0546875,66114.1171875
1772204580,66096.9921875,66096.9921875,65915.90625,65915.90625
1772204760,66112.1015625,66144.984375,66112.1015625,66141.765625
1772204940,66176.5234375,66176.5234375,66106.2890625,66114.015625
1772205120,66067.359375,66067.359375,66047.046875,66047.046875
1772205300,66193.2109375,66193.2109375,66090.8828125,66090.8828125
1772205480,66071.2890625,66071.2890625,66034.78125,66034.78125
1772205660,66098.53125,66098.53125,66021.1796875,66021.1796875
1772205840,66121.2421875,66121.2421875,66085.609375,66085.609375
1772206020,66089.0859375,66154.640625,66089.0859375,66146.1484375
1772206200,66100.5078125,66114.078125,66026.40625,66026.40625
1772206380,65969.1640625,66013.1015625,65969.1640625,66010.796875
1772206560,65988.9765625,65988.9765625,65890.546875,65922.671875
1772206740,66066.7578125,66066.7578125,66000.5390625,66000.5390625
1772206920,65993.359375,66030.6015625,65993.359375,66030.6015625
1772207100,66066.953125,66170.4296875,66066.953125,66170.4296875
1772207280,66183.609375,66183.609375,66093.65625,66093.65625
1772207460,66174.9140625,66253.375,66139.6875,66253.375
1772207640,66216.171875,66216.171875,66154.5390625,66154.5390625
1772207820,66132.5078125,66136.7578125,66120.5546875,66120.5546875
1772208000,66095.578125,66095.578125,66076.3203125,66076.3203125
1772208180,66101.4140625,66111.265625,66038.15625,66038.15625
1772208360,65871.4140625,65917.3125,65865.4453125,65917.3125
1772208540,65926.7890625,65926.7890625,65912.046875,65917.6796875
1772208720,65890.0546875,65890.0546875,65852.9453125,65886.8671875
1772208900,65920.5,65920.5,65915.265625,65915.265625
1772209080,65928.140625,65928.140625,65928.140625,65928.140625
1772209260,65905.578125,65921.359375,65870.1875,65921.359375
1772209440,65962.546875,66019.03125,65962.546875,66019.03125
1772209620,66029.5,66029.5,66012.765625,66012.765625
1772209800,66008.0234375,66016.96875,66008.0234375,66010.53125
1772209980,66045.515625,66046.6875,66031.5,66031.5
1772210160,65981.546875,65981.546875,65920.953125,65920.953125
1772210340,65940.7109375,65940.7109375,65940.7109375,65940.7109375
1772210520,65851.8984375,65851.8984375,65753.5546875,65753.5546875
1772210700,65726.1328125,65783.9453125,65724.328125,65724.328125
1772210880,65579.9375,65579.9375,65493.80078125,65493.80078125
1772211060,65534.953125,65552.546875,65533.015625,65552.546875
1772211240,65551.7109375,65592.1015625,65551.7109375,65578.265625
1772211420,65592.6015625,65592.6015625,65505.83984375,65505.83984375
1772211600,65486.2109375,65546.6796875,65486.2109375,65538.75
1772211780,65585.9921875,65637.2578125,65585.9921875,65637.2578125
1772211960,65635.1484375,65635.1484375,65581.6328125,65627.96875
1772212140,65650.09375,65658.6640625,65610.1484375,65610.1484375
1772212320,65520.0625,65520.0625,65475.97265625,65475.97265625
1772212500,65435.44921875,65510.61328125,65399.3671875,65399.3671875
1772212680,65444.4765625,65444.4765625,65382.875,65382.875
1772212860,65332.1796875,65355.0390625,65262.45703125,65262.45703125
1772213040,65338.91015625,65338.91015625,65304.3046875,65328.515625
1772213220,65328.515625,65328.515625,65222.37890625,65236.20703125
1772213400,65206.88671875,65218.3046875,65183.421875,65183.421875
1772213580,65266.66015625,65270.81640625,65266.66015625,65270.81640625
1772213760,65270.4375,65374.0390625,65270.4375,65374.0390625
1772213940,65449.77734375,65459.23828125,65431.78515625,65459.23828125
1772214120,65414.9140625,65414.9140625,65401.125,65401.125
1772214300,65416.234375,65499.5703125,65416.234375,65499.5703125
1772214480,65454.9296875,65454.9296875,65404.29296875,65439.72265625
1772214660,65447.9375,65520.61328125,65447.9375,65520.61328125
1772214840,65583.6328125,65583.6328125,65551.453125,65551.453125
1772215020,65541.25,65659.328125,65541.25,65659.328125
1772215200,65695.625,65695.625,65685.0,65685.0
1772215380,65731.8984375,65731.8984375,65703.390625,65706.234375
1772215560,65649.1015625,65711.0546875,65649.1015625,65711.0546875
1772215740,65634.75,65634.75,65569.1796875,65569.1796875
1772215920,65590.53125,65590.53125,65539.7421875,65542.875
1772216100,65547.1796875,65590.2109375,65546.359375,65590.2109375
1772216280,65522.69140625,65525.3359375,65522.69140625,65525.3359375
1772216460,65528.33203125,65528.33203125,65470.578125,65470.578125
1772216640,65430.06640625,65433.33203125,65402.15625,65402.15625
1772216820,65403.3671875,65536.3984375,65403.3671875,65536.3984375
1772217000,65583.0546875,65653.5859375,65583.0546875,65653.5859375
1772217180,65583.9140625,65592.09375,65570.5703125,65592.09375
1772217360,65626.7421875,65634.65625,65542.7265625,65542.7265625
1772217540,65537.2109375,65569.125,65532.01171875,65569.125
1772217720,65581.8671875,65616.0234375,65562.828125,65562.828125
1772217900,65571.71875,65571.71875,65537.71875,65537.71875
1772218080,65546.203125,65546.203125,65473.28515625,65473.28515625
1772218260,65370.34375,65370.34375,65356.00390625,65356.00390625
1772218440,65350.328125,65350.328125,65247.95703125,65247.95703125
1772218620,65291.87890625,65299.4375,65291.87890625,65299.4375
1772218800,65304.4609375,65310.609375,65300.65234375,65310.609375
1772218980,65346.75,65366.07421875,65346.75,65361.6640625
1772219160,65372.9453125,65418.203125,65372.9453125,65382.93359375
1772219340,65186.44921875,65247.66015625,65186.44921875,65247.66015625
1772219520,65243.1171875,65310.234375,65243.1171875,65310.234375
1772219700,65282.98046875,65298.78515625,65263.76953125,65298.78515625
1772219880,65328.5859375,65328.5859375,65218.32421875,65218.32421875
1772220060,65237.66015625,65251.96484375,65237.66015625,65247.87890625
1772220240,65258.62890625,65341.5859375,65258.62890625,65293.49609375
1772220420,65304.375,65389.69140625,65304.375,65378.44140625
1772220600,65337.40625,65367.98828125,65329.9609375,65367.98828125
1772220780,65362.640625,65375.83203125,65360.390625,65360.390625
1772220960,65388.76171875,65390.39453125,65364.81640625,65390.39453125
1772221140,65352.01171875,65352.01171875,65343.44140625,65343.44140625
1772221320,65398.48828125,65398.48828125,65348.0390625,65348.0390625
1772221500,65266.73828125,65327.125,65266.73828125,65299.21484375
1772221680,65308.06640625,65308.06640625,65270.390625,65270.390625
1772221860,65306.2578125,65391.94921875,65306.2578125,65391.25
1772222040,65414.12890625,65424.0078125,65414.12890625,65424.0078125
1772222220,65407.828125,65439.8046875,65407.828125,65419.8515625
1772222400,65400.1015625,65434.3046875,65400.1015625,65434.3046875
1772222580,65522.28125,65522.28125,65497.44921875,65497.44921875
1772222760,65497.51953125,65497.51953125,65434.328125,65434.328125
1772222940,65558.7890625,65558.7890625,65507.84375,65507.84375
1772223120,65531.62109375,65578.4453125,65531.62109375,65578.4453125
1772223300,65571.0,65571.0,65571.0,65571.0
1772223480,65566.2265625,65581.859375,65566.2265625,65581.859375
1772223660,65579.4453125,65618.8359375,65579.4453125,65598.1015625
1772223840,65618.296875,65622.2890625,65602.453125,65602.453125
1772224020,65615.515625,65615.515625,65608.15625,65608.15625
1772224200,65568.4296875,65568.4296875,65558.84375,65558.84375
1772224380,65472.90625,65566.6875,65472.90625,65566.6875
1772224560,65545.3984375,65571.3515625,65545.3984375,65571.3515625
1772224740,65570.6953125,65634.1953125,65570.6953125,65634.1953125
1772224920,65589.046875,65589.046875,65589.046875,65589.046875
1772225100,65606.71875,65618.625,65606.71875,65617.21875
1772225280,65628.3203125,65628.3203125,65614.25,65614.25
1772225460,65609.671875,65623.3125,65609.671875,65623.3125
1772225640,65612.0625,65616.4296875,65612.0625,65616.4296875
1772225820,65576.59375,65576.59375,65576.59375,65576.59375
1772226000,65590.0625,65590.0625,65522.16015625,65522.16015625
1772226180,65582.9609375,65630.4453125,65582.9609375,65630.4453125
1772226360,65696.75,65696.75,65645.3828125,65645.3828125
1772226540,65638.25,65638.25,65623.875,65623.875
1772226720,65614.796875,65614.796875,65567.984375,65567.984375
1772226900,65581.5859375,65611.453125,65581.5859375,65611.453125
1772227080,65608.453125,65665.0859375,65608.453125,65665.0859375
1772227260,65689.6328125,65703.546875,65689.6328125,65703.546875
1772227440,65716.4921875,65729.765625,65716.4921875,65729.765625
1772227620,65705.796875,65713.3359375,65705.796875,65713.3359375
1772227800,65707.8125,65707.8125,65601.4609375,65601.4609375
1772227980,65612.578125,65632.3984375,65612.578125,65632.3984375
1772228160,65623.7265625,65623.7265625,65623.7265625,65623.7265625
1772228340,65616.6796875,65628.4140625,65616.6796875,65628.4140625
1772228520,65593.8046875,65626.4609375,65593.8046875,65626.4609375
1772228700,65620.671875,65620.671875,65606.9296875,65606.9296875
1772228880,65596.921875,65596.921875,65554.59375,65554.59375
1772229060,65575.1171875,65575.1171875,65542.484375,65542.484375
1772229240,65468.52734375,65468.52734375,65407.9375,65407.9375
1772229420,65450.5,65518.3984375,65450.5,65518.3984375
1772229600,65550.421875,65550.421875,65531.015625,65531.015625
1772229780,65531.9765625,65537.078125,65531.9765625,65537.078125
1772229960,65512.32421875,65512.32421875,65471.54296875,65471.54296875
1772230140,65460.87109375,65477.83984375,65460.87109375,65477.83984375
1772230320,65477.609375,65522.734375,65477.609375,65522.734375
1772230500,65528.49609375,65606.3203125,65528.49609375,65575.8984375
1772230680,65580.0390625,65580.0390625,65573.328125,65573.328125
1772230860,65594.5625,65594.5625,65456.0625,65456.0625
1772231040,65465.13671875,65499.83203125,65465.13671875,65499.83203125
1772231220,65497.8125,65497.8125,65492.9765625,65492.9765625
1772231400,65468.6640625,65468.6640625,65443.46484375,65443.46484375
1772231580,65419.63671875,65419.63671875,64946.03515625,64946.03515625
1772231760,65164.94140625,65246.3828125,65164.94140625,65246.3828125
1772231940,65301.84375,65364.5859375,65301.84375,65364.5859375
1772232120,65427.57421875,65558.890625,65427.57421875,65558.890625
1772232300,65599.1171875,65639.6328125,65599.1171875,65639.6328125
1772232480,65651.59375,65651.59375,65586.578125,65586.578125
1772232660,65564.3515625,65599.7109375,65564.3515625,65599.7109375
1772232840,65573.09375,65573.09375,65568.1328125,65568.1328125
1772233020,65546.515625,65595.28125,65546.515625,65595.28125
1772233200,65576.3125,65576.3125,65572.21875,65572.21875
1772233380,65659.8203125,65705.4921875,65659.8203125,65705.4921875
1772233560,65766.8515625,65766.8515625,65760.1953125,65765.9296875
1772233740,65827.9765625,65827.9765625,65806.9140625,65806.9140625
1772233920,65780.8203125,65780.8203125,65761.8125,65761.8125
1772234100,65722.3359375,65738.234375,65722.3359375,65738.234375
1772234280,65762.2578125,65848.328125,65762.2578125,65848.328125
1772234460,65889.1171875,65889.1171875,65860.453125,65860.453125
1772234640,65869.734375,65889.4140625,65850.1640625,65850.1640625
1772234820,65836.890625,65849.046875,65836.890625,65849.046875
1772235000,65876.171875,65876.171875,65871.28125,65871.28125
1772235180,65876.34375,65900.9140625,65876.34375,65900.9140625
1772235360,65925.8203125,65937.28125,65925.8203125,65929.84375
1772235540,65909.296875,65946.171875,65909.296875,65925.6015625
1772235720,65902.6796875,65902.6796875,65844.625,65844.625
1772235900,65833.6640625,65890.484375,65833.6640625,65890.484375
1772236080,65887.203125,65887.203125,65869.3828125,65876.0625
1772236260,65889.21875,65891.9765625,65889.21875,65891.9765625
1772236440,65884.9375,65884.9375,65871.2109375,65871.2109375
1772236620,65866.0078125,65888.90625,65866.0078125,65888.90625
1772236800,65869.328125,65871.515625,65846.2109375,65871.515625
1772236980,65865.1640625,65896.71875,65856.671875,65896.71875
1772237160,65887.859375,65917.90625,65887.859375,65917.90625
1772237340,65915.1953125,65918.4375,65911.015625,65918.4375
1772237520,65941.5234375,66003.1328125,65941.5234375,66003.1328125
1772237700,65992.6015625,65992.6015625,65943.1875,65943.1875
1772237880,65914.9609375,65914.9609375,65880.984375,65880.984375
1772238060,65888.140625,65888.140625,65869.2109375,65869.2109375
1772238240,65877.46875,65889.75,65875.125,65875.125
1772238420,65852.4765625,65852.4765625,65761.4375,65761.4375
1772238600,65770.640625,65770.640625,65757.53125,65757.53125
1772238780,65819.7578125,65819.7578125,65814.6484375,65816.28125
1772238960,65834.9765625,65834.9765625,65811.0859375,65814.296875
1772239140,65825.7734375,65832.7578125,65825.7734375,65832.7578125
1772239320,65863.6484375,65948.7109375,65863.6484375,65948.7109375
1772239500,65949.6796875,65949.6796875,65933.421875,65933.421875
1772239680,65940.6640625,65962.3515625,65940.6640625,65948.828125
1772239860,65957.578125,65960.09375,65931.3828125,65931.3828125
1772240040,65903.234375,65940.3828125,65903.234375,65940.3828125
1772240220,65972.1796875,65972.1796875,65946.0078125,65946.0078125
1772240400,65938.5625,65945.96875,65904.1953125,65904.1953125
1772240580,65908.1328125,65961.859375,65908.1328125,65961.859375
1772240760,65948.140625,65948.140625,65854.0703125,65854.0703125
1772240940,65849.546875,65849.546875,65844.265625,65844.265625
1772241120,65833.859375,65847.6015625,65833.859375,65847.6015625
1772241300,65860.9453125,65860.9453125,65832.0234375,65841.6953125
1772241480,65878.8671875,65941.6640625,65878.8671875,65919.3203125
1772241660,65918.8671875,65945.8984375,65907.90625,65945.8984375
1772241840,65938.5078125,65953.0390625,65938.5078125,65953.0390625
1772242020,65935.5703125,65935.5703125,65846.6953125,65846.6953125
1772242200,65825.46875,65834.6796875,65771.828125,65771.828125
1772242380,65784.015625,65784.015625,65773.0703125,65773.0703125
1772242560,65823.4296875,65832.8125,65823.4296875,65832.8125
1772242740,65821.0859375,65836.4609375,65821.0859375,65836.4609375
1772242920,65825.0390625,65825.0390625,65771.2734375,65779.9375
1772243100,65784.75,65802.53125,65775.046875,65802.53125
1772243280,65826.6796875,65838.1953125,65826.6796875,65838.1953125
1772243460,65838.78125,65839.8125,65838.78125,65839.8125
1772243640,65809.546875,65814.3515625,65809.546875,65814.3515625
1772243820,65815.421875,65815.421875,65811.4375,65811.4375
1772244000,65803.46875,65810.8359375,65768.1875,65768.1875
1772244180,65796.84375,65802.84375,65766.2578125,65802.84375
1772244360,65833.8359375,65872.140625,65833.8359375,65872.140625
1772244540,65902.546875,65908.2265625,65897.59375,65908.2265625
1772244720,65907.265625,65925.578125,65904.7578125,65904.7578125
1772244900,65901.4140625,65901.4140625,65900.3203125,65900.3203125
1772245080,65928.078125,65928.078125,65922.2265625,65922.2265625
1772245260,65929.3828125,65953.046875,65929.3828125,65949.65625
1772245440,65943.5390625,65943.5390625,65925.7265625,65925.7265625
1772245620,65940.1171875,65940.1171875,65921.7109375,65921.7109375
1772245800,65936.15625,65941.53125,65936.15625,65941.53125
1772245980,65919.2890625,65938.734375,65919.2890625,65938.734375
1772246160,65965.3828125,65968.734375,65964.8359375,65964.8359375
1772246340,65945.375,65962.53125,65945.375,65962.53125
1772246520,65957.203125,65961.078125,65951.2734375,65951.2734375
1772246700,65963.6015625,65975.4140625,65963.6015625,65975.4140625
1772246880,65981.40625,65993.96875,65981.40625,65993.96875
1772247060,65986.3828125,65986.3828125,65981.375,65981.375
1772247240,65984.890625,65986.5390625,65979.921875,65979.921875
1772247420,65977.078125,65985.015625,65977.078125,65983.046875
1772247600,65977.078125,65977.078125,65955.7890625,65955.7890625
1772247780,65899.84375,65899.84375,65896.796875,65896.796875
1772247960,65883.921875,65885.9453125,65872.421875,65872.421875
1772248140,65877.1015625,65887.828125,65877.1015625,65887.828125
1772248320,65906.6796875,65912.5859375,65906.6796875,65912.5859375
1772248500,65893.703125,65909.0859375,65891.125,65909.0859375
1772248680,65915.2109375,65915.2109375,65903.703125,65903.703125
1772248860,65934.53125,65934.53125,65904.453125,65904.453125
1772249040,65921.2109375,65929.1171875,65920.4765625,65929.1171875
1772249220,65964.625,65964.625,65951.09375,65951.09375
1772249400,65887.6171875,65888.203125,65880.859375,65880.859375
1772249580,65841.7265625,65841.7265625,65832.0546875,65832.0546875
1772249760,65817.078125,65817.078125,65769.28125,65777.0546875
1772249940,65788.4609375,65788.7265625,65788.4609375,65788.7265625
1772250120,65794.2109375,65794.2109375,65791.6171875,65791.6171875
1772250300,65787.5078125,65793.78125,65787.5078125,65793.4453125
1772250480,65802.4453125,65821.40625,65794.2578125,65794.2578125
1772250660,65804.578125,65816.8359375,65804.578125,65816.8359375
1772250840,65839.734375,65839.734375,65820.1640625,65820.1640625
1772251020,65812.5859375,65812.5859375,65798.34375,65798.34375
1772251200,65788.953125,65795.125,65788.953125,65795.125
1772251380,65800.109375,65807.4375,65800.109375,65802.5234375
1772251560,65789.109375,65789.109375,65771.5859375,65780.96875
1772251740,65785.359375,65785.359375,65745.4765625,65745.4765625
1772251920,65746.875,65746.875,65740.2890625,65740.2890625
1772252100,65746.140625,65746.140625,65705.9609375,65705.9609375
1772252280,65699.421875,65734.5078125,65699.421875,65734.5078125
1772252460,65739.0390625,65761.7421875,65739.0390625,65761.7421875
1772252640,65767.3359375,65777.796875,65766.7265625,65777.796875
1772252820,65764.40625,65764.40625,65731.8046875,65745.6875
1772253000,65692.0859375,65692.0859375,65509.7265625,65509.7265625
1772253180,65595.046875,65595.8046875,65595.046875,65595.8046875
1772253360,65662.09375,65662.09375,65660.0859375,65660.0859375
1772253540,65640.625,65654.2890625,65640.625,65654.2890625
1772253720,65624.0625,65636.0546875,65624.0625,65632.328125
1772253900,65643.8125,65643.8125,65633.359375,65633.359375
1772254080,65634.1796875,65660.890625,65634.1796875,65660.890625
1772254260,65645.640625,65645.640625,65623.9375,65623.9375
1772254440,65647.9765625,65684.7265625,65647.9765625,65684.7265625
1772254620,65693.359375,65693.359375,65664.78125,65664.78125
1772254800,65667.609375,65668.453125,65661.5546875,65661.5546875
1772254980,65648.9296875,65667.3515625,65628.90625,65667.3515625
1772255160,65666.0859375,65700.203125,65666.0859375,65700.203125
1772255340,65693.6796875,65693.6796875,65686.8828125,65688.2890625
1772255520,65692.3046875,65701.6875,65692.3046875,65701.6875
1772255700,65716.5390625,65716.5390625,65708.90625,65708.90625
1772255880,65704.1328125,65707.71875,65704.1328125,65707.71875
1772256060,65666.8359375,65681.40625,65666.8359375,65681.40625
1772256240,65676.5,65681.453125,65672.1953125,65681.453125
1772256420,65685.90625,65685.90625,65685.90625,65685.90625
1772256600,65643.359375,65643.359375,65565.25,65565.25
1772256780,65573.109375,65583.03125,65573.109375,65583.03125
1772256960,65524.98046875,65540.6015625,65523.484375,65540.6015625
1772257140,65593.40625,65597.59375,65593.40625,65597.59375
1772257320,65599.9609375,65599.9609375,65564.4453125,65564.4453125
1772257500,65569.484375,65569.484375,65522.859375,65522.859375
1772257680,65520.44140625,65546.75,65520.44140625,65546.75
1772257860,65520.58984375,65520.58984375,65504.71484375,65511.38671875
1772258040,65529.16015625,65529.16015625,65505.796875,65505.796875
1772258220,65510.078125,65529.15625,65510.078125,65529.15625
1772258400,65570.578125,65585.109375,65570.578125,65584.703125
1772258580,65553.8828125,65569.7890625,65553.8828125,65569.7890625
1772258760,65560.265625,65560.265625,65525.375,65531.64453125
1772258940,65550.0234375,65550.0234375,65550.0234375,65550.0234375
1772259120,65562.6953125,65580.6796875,65562.6953125,65578.0859375
1772259300,65497.41796875,65497.41796875,65261.65234375,65261.65234375
1772259480,65010.94921875,65010.94921875,64698.48828125,64939.19921875
1772259660,64992.98046875,65142.78125,64992.98046875,65085.62890625
1772259840,64985.7734375,64987.0546875,64936.78125,64936.78125
1772260020,64628.14453125,64628.14453125,64459.921875,64459.921875
1772260200,64583.43359375,64583.43359375,64385.6015625,64385.6015625
1772260380,64095.88671875,64100.06640625,64095.88671875,64100.06640625
1772260560,64120.875,64120.875,63644.2734375,63644.2734375
1772260740,63739.3671875,63928.2109375,63739.3671875,63928.2109375
1772260920,63806.484375,63984.65234375,63806.484375,63974.53125
1772261100,64022.0,64022.0,63810.16796875,63810.16796875
1772261280,63878.66015625,63878.66015625,63779.984375,63779.984375
1772261460,63545.78125,63633.92578125,63545.78125,63633.92578125
1772261640,63607.98046875,63607.98046875,63337.18359375,63337.18359375
1772261820,63119.07421875,63119.07421875,63106.07421875,63106.07421875
1772262000,63245.12890625,63442.55859375,63245.12890625,63442.55859375
1772262180,63523.3828125,63545.14453125,63523.3828125,63545.14453125
1772262360,63585.25390625,63716.2109375,63585.25390625,63716.2109375
1772262540,63637.6875,63656.9765625,63637.6875,63656.9765625
1772262720,63572.5546875,63795.1015625,63572.5546875,63795.1015625
1772262900,63766.03515625,63820.8828125,63766.03515625,63820.8828125
1772263080,63797.06640625,63816.1484375,63797.06640625,63816.1484375
1772263260,63637.6328125,63651.49609375,63537.796875,63537.796875
1772263440,63385.28125,63430.32421875,63385.28125,63398.0234375
1772263620,63445.04296875,63518.12890625,63445.04296875,63518.12890625
1772263800,63518.62109375,63569.5078125,63503.7578125,63569.5078125
1772263980,63624.7578125,63830.421875,63624.7578125,63830.421875
1772264160,63886.796875,63916.15625,63877.91015625,63916.15625
1772264340,64144.96875,64262.75390625,64144.96875,64262.75390625
1772264520,64189.15625,64189.15625,64087.28125,64087.28125
1772264700,64103.44921875,64103.44921875,63967.98046875,63967.98046875
1772264880,64030.9140625,64030.9140625,63842.453125,63842.453125
1772265060,63895.21484375,63958.28515625,63895.21484375,63958.28515625
1772265240,63906.421875,63921.26953125,63906.421875,63920.83984375
1772265420,63914.88671875,63914.88671875,63853.66796875,63853.66796875
1772265600,63841.03515625,63841.03515625,63642.17578125,63642.17578125
1772265780,63677.69921875,63831.19140625,63677.69921875,63831.19140625
1772265960,63756.00390625,63756.00390625,63603.2109375,63603.2109375
1772266140,63586.6484375,63663.23046875,63586.6484375,63663.23046875
1772266320,63686.98828125,63708.0078125,63686.98828125,63698.65234375
1772266500,63706.26171875,63767.03125,63706.26171875,63767.03125
1772266680,63799.1484375,63799.1484375,63670.75390625,63670.75390625
1772266860,63541.578125,63559.87890625,63541.578125,63559.87890625
1772267040,63579.1171875,63650.4921875,63579.1171875,63650.4921875
1772267220,63641.33984375,63664.53125,63641.33984375,63664.53125
1772267400,63658.515625,63701.4609375,63658.515625,63701.4609375
1772267580,63582.765625,63582.765625,63562.625,63562.625
1772267760,63623.140625,63640.15625,63623.140625,63640.15625
1772267940,63684.203125,63710.953125,63684.203125,63710.953125
1772268120,63724.6484375,63724.6484375,63724.6484375,63724.6484375
1772268300,63616.86328125,63654.18359375,63616.86328125,63654.18359375
1772268480,63658.8046875,63658.8046875,63658.8046875,63658.8046875
1772268660,63583.109375,63583.109375,63516.17578125,63516.17578125
1772268840,63534.32421875,63560.2734375,63534.32421875,63555.02734375
1772269020,63537.62890625,63537.62890625,63426.86328125,63426.86328125
1772269200,63463.44140625,63498.171875,63463.44140625,63495.921875
1772269380,63540.94921875,63557.60546875,63540.94921875,63557.60546875
1772269560,63580.66796875,63580.66796875,63532.01171875,63532.01171875
1772269740,63500.85546875,63500.85546875,63392.8203125,63422.80078125
1772269920,63422.7265625,63654.37109375,63422.7265625,63654.37109375
1772270100,63705.35546875,63705.35546875,63623.984375,63623.984375
1772270280,63639.1328125,63639.1328125,63639.1328125,63639.1328125
1772270460,63615.30859375,63693.921875,63615.30859375,63693.921875
1772270640,63801.94921875,63918.9609375,63801.94921875,63918.9609375
1772270820,63823.58203125,63823.58203125,63810.94921875,63810.94921875
1772271000,63864.1640625,63864.1640625,63766.0,63813.41796875
1772271180,63794.54296875,63794.54296875,63738.1953125,63742.4765625
1772271360,63717.7890625,63717.7890625,63590.30859375,63590.30859375
1772271540,63645.953125,63647.4921875,63609.19140625,63609.19140625
1772271720,63642.67578125,63642.67578125,63642.67578125,63642.67578125
1772271900,63621.94140625,63641.1875,63617.78515625,63641.1875
1772272080,63573.55859375,63629.38671875,63572.25,63572.25
1772272260,63629.26953125,63685.89453125,63629.26953125,63685.89453125
1772272440,63686.5390625,63702.609375,63643.93359375,63643.93359375
1772272620,63674.9609375,63688.921875,63674.9609375,63688.921875
1772272800,63627.47265625,63627.47265625,63622.5859375,63622.5859375
1772272980,63611.57421875,63611.57421875,63501.015625,63501.015625
1772273160,63563.42578125,63563.42578125,63535.86328125,63535.86328125
1772273340,63555.99609375,63567.12109375,63552.34765625,63552.34765625
1772273520,63544.4921875,63556.609375,63544.4921875,63556.15625
1772273700,63570.32421875,63571.7578125,63570.32421875,63571.7578125
1772273880,63695.578125,63743.90234375,63695.578125,63743.90234375
1772274060,63815.625,63885.12890625,63815.625,63885.12890625
1772274240,63924.27734375,63925.8984375,63903.28125,63925.8984375
1772274420,63900.94140625,63900.94140625,63857.96484375,63857.96484375
1772274600,63837.76171875,63988.5859375,63837.76171875,63988.5859375
1772274780,63950.55078125,64012.69921875,63950.55078125,64012.69921875
1772274960,63992.41796875,63995.50390625,63992.41796875,63995.50390625
1772275140,64002.40625,64002.40625,64000.95703125,64000.95703125
1772275320,63978.75390625,63978.75390625,63967.140625,63967.140625
1772275500,63964.4296875,63964.4296875,63938.984375,63938.984375
1772275680,63906.57421875,63959.97265625,63906.57421875,63959.97265625
1772275860,64008.3984375,64008.3984375,63899.53515625,63930.44921875
1772276040,63934.85546875,63936.70703125,63934.85546875,63936.70703125
1772276220,63968.14453125,64001.16015625,63961.671875,64001.16015625
1772276400,63995.890625,64031.6171875,63995.890625,64031.6171875
1772276580,64142.5703125,64212.15625,64142.5703125,64157.6015625
1772276760,64085.6171875,64117.8359375,64085.6171875,64113.25
1772276940,64091.578125,64091.578125,64091.578125,64091.578125
1772277120,64110.0703125,64110.0703125,64069.28125,64069.28125
1772277300,64101.90234375,64101.90234375,64084.26171875,64084.26171875
1772277480,64054.109375,64075.44921875,64054.109375,64075.44921875
1772277660,64164.69140625,64180.8125,64137.28125,64137.28125
1772277840,64123.52734375,64138.453125,64117.25,64138.453125
1772278020,64114.4921875,64284.11328125,64114.4921875,64284.11328125
1772278200,64267.15234375,64296.6484375,64248.18359375,64248.18359375
1772278380,64253.82421875,64253.82421875,64184.4375,64184.4375
1772278560,64171.85546875,64171.85546875,64151.0703125,64157.6171875
1772278740,64106.79296875,64106.79296875,64011.84375,64011.84375
1772278920,64014.796875,64014.796875,64005.8984375,64005.8984375
1772279100,64021.90625,64049.1328125,64021.90625,64049.1328125
1772279280,64070.6875,64070.6875,64043.734375,64048.46875
1772279460,64053.64453125,64053.64453125,64040.30078125,64040.30078125
1772279640,64016.56640625,64016.56640625,63888.359375,63888.359375
1772279820,63905.828125,63905.828125,63833.8828125,63836.734375
1772280000,63844.67578125,63939.5625,63844.67578125,63939.5625
1772280180,63875.27734375,63875.27734375,63875.27734375,63875.27734375
1772280360,63948.6875,63948.6875,63925.39453125,63925.39453125
1772280540,63904.58203125,63904.58203125,63904.58203125,63904.58203125
1772280720,63897.84765625,63944.7421875,63897.84765625,63944.7421875
1772280900,63984.3046875,63984.3046875,63980.3359375,63980.3359375
1772281080,64016.90625,64045.578125,64016.90625,64045.578125
1772281260,64076.26171875,64076.26171875,64049.25,64049.25
1772281440,64007.99609375,64007.99609375,64005.87109375,64007.046875
1772281620,63990.66015625,63990.66015625,63968.94140625,63989.7265625
1772281800,63994.76953125,64040.40625,63994.76953125,64040.40625
1772281980,64036.0703125,64036.4453125,64010.98046875,64010.98046875
1772282160,64020.25,64031.51171875,63990.51953125,64031.51171875
1772282340,64048.1015625,64048.1015625,64045.1875,64045.1875
1772282520,64043.0625,64063.37890625,64043.0625,64063.37890625
1772282700,64041.6640625,64041.6640625,63993.953125,63993.953125
1772282880,63957.12890625,63957.12890625,63931.42578125,63944.71484375
1772283060,63966.8515625,63966.8515625,63904.71484375,63904.71484375
1772283240,63918.0,63918.0,63918.0,63918.0
1772283420,63959.31640625,64032.43359375,63959.31640625,64032.43359375
1772283600,64012.40625,64087.515625,64012.40625,64034.359375
1772283780,63975.8203125,63975.8203125,63937.28125,63954.46875
1772283960,63960.08203125,63985.55078125,63960.08203125,63985.55078125
1772284140,64036.78515625,64041.109375,64033.85546875,64033.85546875
1772284320,64037.2734375,64056.96484375,64033.69921875,64056.96484375
1772284500,64075.57421875,64167.84765625,64075.57421875,64167.84765625
1772284680,64089.3359375,64089.3359375,64067.85546875,64078.4453125
1772284860,64011.5625,64045.828125,64011.5625,64045.828125
1772285040,64075.6640625,64080.578125,64073.15234375,64080.578125
1772285220,64077.48046875,64077.48046875,64040.23046875,64040.23046875
1772285400,64042.97265625,64093.0546875,64028.89453125,64093.0546875
1772285580,64086.28125,64086.28125,64035.61328125,64076.80078125
1772285760,64032.05078125,64032.05078125,63985.83203125,63997.53125
1772285940,64000.578125,64000.578125,63929.5078125,63929.5078125
1772286120,63969.65625,64007.5390625,63956.828125,64007.5390625
1772286300,64063.59765625,64146.3984375,64063.59765625,64146.3984375
1772286480,64205.94921875,64573.8125,64205.94921875,64573.8125
1772286660,64534.5078125,64753.75,64534.5078125,64753.75
1772286840,64987.58984375,64987.58984375,64677.25,64677.25
1772287020,64815.69921875,64996.7265625,64815.69921875,64996.7265625
1772287200,65164.80078125,65345.70703125,65164.80078125,65243.421875
1772287380,65027.375,65027.375,64809.35546875,64809.35546875
1772287560,64898.37890625,64918.30859375,64868.81640625,64918.30859375
1772287740,64926.109375,64949.47265625,64926.109375,64949.47265625
1772287920,65042.3984375,65042.3984375,64837.92578125,64837.92578125
1772288100,64826.5234375,64902.18359375,64813.4609375,64902.18359375
1772288280,64876.75,64876.75,64871.24609375,64871.24609375
1772288460,64744.55859375,64744.55859375,64692.85546875,64692.85546875
1772288640,64700.19140625,64818.28125,64700.19140625,64817.09375
1772288820,64828.1640625,64828.1640625,64800.94140625,64800.94140625
1772289000,64800.16796875,64800.16796875,64725.22265625,64725.22265625
1772289180,64793.2421875,64793.2421875,64749.34765625,64749.34765625
1772289360,64907.015625,65049.39453125,64907.015625,65049.39453125
1772289540,65090.6015625,65117.15625,65090.6015625,65117.15625
1772289720,64976.79296875,64976.79296875,64954.5,64954.5
1772289900,64923.171875,64985.4453125,64923.171875,64985.4453125
1772290080,64843.10546875,64843.10546875,64752.90625,64752.90625
1772290260,64778.40234375,64778.40234375,64469.6328125,64469.6328125
1772290440,64456.12109375,64501.93359375,64456.12109375,64466.78515625
1772290620,64389.37109375,64490.59765625,64378.50390625,64490.59765625
1772290800,64449.14453125,64499.1953125,64449.14453125,64499.1953125
1772290980,64508.74609375,64508.74609375,64483.12890625,64483.12890625
1772291160,64529.76953125,64567.0859375,64519.03125,64519.03125
1772291340,64405.1875,64405.1875,64397.43359375,64397.43359375
1772291520,64330.71484375,64391.28125,64330.71484375,64391.28125
1772291700,64352.07421875,64352.07421875,64330.0078125,64330.0078125
1772291880,64338.328125,64397.4921875,64338.328125,64397.4921875
1772292060,64427.21875,64459.296875,64427.21875,64459.296875
1772292240,64555.2265625,64567.296875,64555.2265625,64557.73828125
1772292420,64603.99609375,64821.3203125,64603.99609375,64821.3203125
1772292600,64798.21875,64798.21875,64670.0234375,64670.0234375
1772292780,64670.55078125,64865.265625,64670.55078125,64865.265625
1772292960,64999.91015625,64999.91015625,64877.19921875,64877.19921875
1772293140,64824.40234375,64836.41796875,64802.8046875,64836.41796875
1772293320,64830.12890625,64830.12890625,64829.83203125,64829.83203125
1772293500,64841.6484375,64841.6484375,64828.59375,64828.59375
1772293680,64837.5625,64837.5625,64812.9453125,64812.9453125
1772293860,64845.12890625,64845.12890625,64799.92578125,64799.92578125
1772294040,64787.74609375,64866.13671875,64777.421875,64866.13671875
1772294220,64862.44140625,64862.44140625,64862.44140625,64862.44140625
1772294400,64847.68359375,64847.68359375,64746.0390625,64746.0390625
1772294580,64780.70703125,64786.65234375,64729.484375,64729.484375
1772294760,64686.76171875,64803.55078125,64686.76171875,64803.55078125
1772294940,64878.79296875,64878.79296875,64878.79296875,64878.79296875
1772295120,64950.04296875,64950.04296875,64910.15625,64910.15625
1772295300,64887.90234375,64902.4140625,64845.1953125,64845.1953125
1772295480,64813.33203125,64813.33203125,64788.9921875,64788.9921875
1772295660,64861.46484375,64952.6015625,64861.46484375,64952.6015625
1772295840,64994.734375,64994.734375,64994.734375,64994.734375
1772296020,64978.73828125,64978.73828125,64959.484375,64970.4765625
1772296200,64952.640625,64952.640625,64921.45703125,64921.45703125
1772296380,64941.86328125,64977.30859375,64941.86328125,64977.30859375
1772296560,64963.32421875,64963.32421875,64912.33984375,64912.33984375
1772296740,64915.80078125,64955.43359375,64915.80078125,64955.43359375
1772296920,64996.84375,65129.48828125,64996.84375,65129.48828125
1772297100,65174.91015625,65174.91015625,65062.76171875,65062.76171875
1772297280,65093.6796875,65093.6796875,65076.57421875,65076.57421875
1772297460,65068.87890625,65070.46875,65033.9921875,65070.46875
1772297640,65074.37890625,65085.609375,65074.37890625,65075.33203125
1772297820,65157.625,65157.625,65146.0234375,65147.98046875
1772298000,65108.390625,65108.390625,65077.14453125,65077.14453125
1772298180,65077.890625,65077.890625,65037.375,65037.375
1772298360,65055.30078125,65055.30078125,65009.18359375,65009.18359375
1772298540,65013.42578125,65013.42578125,65006.96484375,65006.96484375
1772298720,65014.52734375,65030.75390625,65014.52734375,65018.1484375
1772298900,64946.25,64964.984375,64946.25,64964.984375
1772299080,64933.9140625,64946.01171875,64933.9140625,64946.01171875
1772299260,64900.86328125,64950.39453125,64900.86328125,64950.39453125
1772299440,64990.91796875,65100.80078125,64990.91796875,65100.80078125
1772299620,65094.65234375,65094.65234375,65042.85546875,65042.85546875
1772299800,65108.12109375,65144.7109375,65108.12109375,65144.7109375
1772299980,65106.98828125,65125.44921875,65106.98828125,65125.44921875
1772300160,65097.9375,65107.8828125,65097.86328125,65097.86328125
1772300340,65054.8046875,65078.60546875,65054.8046875,65064.08203125
1772300520,65080.70703125,65080.70703125,64953.03125,64953.03125
1772300700,64956.4140625,64971.53515625,64922.7734375,64922.7734375
1772300880,65102.4140625,65133.3671875,65102.4140625,65127.4140625
1772301060,65157.1640625,65164.828125,65154.94921875,65164.828125
1772301240,65164.4765625,65164.4765625,65143.53125,65144.125
1772301420,65152.328125,65421.79296875,65152.328125,65421.79296875
1772301600,65430.328125,65430.328125,65430.328125,65430.328125
1772301780,65427.1484375,65427.1484375,65387.82421875,65387.82421875
1772301960,65369.71484375,65369.71484375,65369.71484375,65369.71484375
1772302140,65369.125,65400.46875,65369.125,65400.46875
1772302320,65351.91015625,65363.58203125,65326.984375,65326.984375
1772302500,65303.88671875,65312.40625,65287.796875,65287.796875
1772302680,65287.86328125,65290.80078125,65287.86328125,65290.80078125
1772302860,65327.109375,65327.109375,65239.26171875,65239.26171875
1772303040,65205.1484375,65224.4296875,65205.1484375,65224.4296875
1772303220,65231.65234375,65258.66796875,65231.65234375,65258.66796875
1772303400,65239.28125,65381.59765625,65239.28125,65381.59765625
1772303580,65434.5703125,65444.71484375,65396.5625,65444.71484375
1772303760,65479.9453125,65768.84375,65479.9453125,65768.84375
1772303940,65711.8828125,65747.625,65711.8828125,65747.625
1772304120,65754.1484375,65754.1484375,65655.6171875,65655.6171875
1772304300,65677.6328125,65677.6328125,65658.1640625,65658.1640625
1772304480,65717.28125,65717.28125,65710.515625,65710.515625
1772304660,65766.3671875,65766.3671875,65719.4296875,65719.4296875
1772304840,65885.734375,66093.296875,65885.734375,66093.296875
1772305020,65969.0390625,65969.0390625,65889.9765625,65889.9765625
1772305200,65905.859375,65906.7265625,65905.859375,65906.7265625
1772305380,65839.25,65841.0546875,65788.421875,65788.421875
1772305560,65727.90625,65727.90625,65699.921875,65709.2578125
1772305740,65667.5234375,65667.5234375,65667.5234375,65667.5234375
1772305920,65669.78125,65826.84375,65669.78125,65826.84375
1772306100,65773.7265625,65788.828125,65773.7265625,65788.828125
1772306280,65818.6640625,65818.6640625,65701.3203125,65701.3203125
1772306460,65683.4765625,65700.1953125,65683.4765625,65692.265625
1772306640,65702.625,65702.625,65691.8359375,65691.8359375
1772306820,65740.7109375,65743.0546875,65723.3359375,65743.0546875
1772307000,65781.1171875,66022.3515625,65755.1015625,66022.3515625
1772307180,66199.203125,66282.203125,66199.203125,66282.203125
1772307360,66282.0703125,66338.2890625,66265.109375,66338.2890625
1772307540,66445.6171875,66578.09375,66445.6171875,66518.2734375
1772307720,66304.0859375,66378.171875,66304.0859375,66378.171875
1772307900,66364.984375,66438.078125,66364.984375,66438.078125
1772308080,66444.6796875,66552.4296875,66444.6796875,66552.4296875
1772308260,66638.265625,66638.265625,66526.2578125,66526.2578125
1772308440,66501.6875,66501.6875,66437.0,66437.0
1772308620,66390.9609375,66390.9609375,66319.015625,66335.4375
1772308800,66390.0546875,66390.0546875,66263.0703125,66263.0703125
1772308980,66277.796875,66277.796875,66233.2578125,66233.2578125
1772309160,66281.6640625,66292.765625,66230.0546875,66230.0546875
1772309340,66341.59375,66372.2890625,66341.59375,66372.2890625
1772309520,66454.515625,66607.765625,66454.515625,66607.765625
1772309700,66584.4453125,66603.71875,66571.109375,66603.71875
1772309880,66520.3828125,66575.125,66520.3828125,66575.125
1772310060,66881.609375,66965.25,66881.609375,66965.25
1772310240,66941.5078125,66982.0,66934.859375,66934.859375
1772310420,66962.7109375,66962.7109375,66844.5,66844.5
1772310600,66777.3203125,66914.9765625,66777.3203125,66914.9765625
1772310780,66824.6015625,66824.6015625,66716.734375,66727.8671875
1772310960,66726.296875,66726.296875,66647.6328125,66647.6328125
1772311140,66721.53125,66811.5625,66721.53125,66811.5625
1772311320,66787.0390625,66787.0390625,66741.9765625,66741.9765625
1772311500,66777.8203125,66796.625,66777.8203125,66796.625
1772311680,67126.859375,67126.859375,67056.4609375,67056.4609375
1772311860,67039.234375,67039.234375,66917.9765625,66917.9765625
1772312040,66979.3203125,66979.3203125,66951.0234375,66951.0234375
1772312220,66897.828125,66903.65625,66889.5625,66903.65625
1772312400,66959.65625,66959.65625,66762.765625,66762.765625
1772312580,66663.65625,66663.65625,66480.4921875,66559.1953125
1772312760,66520.8203125,66597.671875,66520.8203125,66597.671875
1772312940,66482.1171875,66488.5625,66482.1171875,66488.5625
1772313120,66442.9296875,66611.2734375,66442.9296875,66611.2734375
1772313300,66592.515625,66592.515625,66520.9609375,66520.9609375
1772313480,66489.7734375,66497.203125,66489.7734375,66497.203125
1772313660,66472.125,66523.25,66472.125,66523.25
1772313840,66552.3828125,66552.3828125,66520.609375,66520.609375
1772314020,66504.7734375,66504.7734375,66475.078125,66475.078125
1772314200,66479.7734375,66507.1015625,66479.7734375,66507.1015625
1772314380,66451.984375,66521.859375,66451.984375,66521.859375
1772314560,66555.375,66745.9375,66555.375,66745.9375
1772314740,66921.953125,66921.953125,66775.359375,66775.359375
1772314920,66811.4140625,66869.0546875,66811.4140625,66869.0546875
1772315100,66852.859375,66940.0859375,66852.859375,66905.1875
1772315280,66851.4921875,66851.4921875,66778.171875,66778.171875
1772315460,66715.9296875,66715.9296875,66571.4921875,66571.4921875
1772315640,66586.4375,66587.078125,66586.4375,66587.078125
1772315820,66697.9375,66758.203125,66697.9375,66758.203125
1772316000,66723.3671875,66790.53125,66723.3671875,66790.53125
1772316180,66692.09375,66866.1328125,66692.09375,66866.1328125
1772316360,66874.3984375,66874.3984375,66824.1875,66824.1875
1772316540,66802.3125,66839.921875,66802.3125,66839.921875
1772316720,66870.8828125,66965.984375,66870.8828125,66884.5078125
1772316900,66926.9921875,66936.4375,66926.9921875,66936.4375
1772317080,66939.3671875,66969.2265625,66939.3671875,66969.2265625
1772317260,66992.953125,67096.203125,66985.34375,67096.203125
1772317440,67077.6640625,67078.21875,67021.8203125,67021.8203125
1772317620,67100.671875,67100.671875,67044.734375,67044.734375
1772317800,66991.6015625,67036.625,66991.6015625,67036.625
1772317980,67124.3515625,67280.1015625,67124.3515625,67280.1015625
1772318160,67606.5546875,67606.5546875,67559.953125,67559.953125
1772318340,67565.6484375,67577.3359375,67327.1484375,67327.1484375
1772318520,67267.78125,67394.640625,67267.78125,67394.640625
1772318700,67357.9140625,67432.6640625,67357.9140625,67432.6640625
1772318880,67595.84375,67595.84375,67519.5078125,67519.5078125
1772319060,67397.0234375,67397.0234375,67232.7109375,67232.7109375
1772319240,67253.4453125,67269.5625,67193.140625,67193.140625
1772319420,67275.265625,67276.6796875,67275.265625,67276.6796875
1772319600,67116.9921875,67172.9296875,67116.9921875,67172.9296875
1772319780,67140.6328125,67140.6328125,67089.625,67114.21875
1772319960,67135.8125,67182.234375,67135.8125,67182.234375
1772320140,67181.3203125,67196.2109375,67181.3203125,67196.2109375
1772320320,67175.109375,67175.109375,67100.0546875,67100.0546875
1772320500,66965.890625,67007.640625,66965.890625,67007.640625
1772320680,66961.8359375,66990.671875,66961.8359375,66990.671875
1772320860,67030.09375,67039.5390625,67021.2734375,67021.2734375
1772321040,67030.03125,67030.03125,66946.390625,66946.390625
1772321220,66918.5390625,66918.5390625,66902.84375,66902.84375
1772321400,66906.4453125,66987.3671875,66906.4453125,66987.3671875
1772321580,66992.5546875,66992.5546875,66966.5859375,66966.5859375
1772321760,66900.1171875,66954.453125,66900.1171875,66902.59375
1772321940,66773.25,66803.671875,66773.25,66803.671875
1772322120,66818.921875,66910.0,66818.921875,66910.0
1772322300,66894.421875,66894.421875,66894.421875,66894.421875
1772322480,67024.2421875,67032.9609375,66997.6796875,67032.9609375
1772322660,67001.5,67013.34375,66979.953125,67013.34375
1772322840,67048.1875,67048.1875,66969.921875,66969.921875
1772323020,66952.8515625,66967.6484375,66952.8515625,66967.6484375
1772323200,66997.25,66997.25,66992.4921875,66992.4921875
1772323380,66996.1640625,67039.0546875,66996.1640625,67039.0546875
1772323560,67036.2734375,67036.2734375,66931.921875,66931.921875
1772323740,66842.3828125,66853.7578125,66842.3828125,66853.7578125
1772323920,66881.0859375,66881.1796875,66856.8203125,66856.8203125
1772324100,66897.296875,66923.8359375,66897.296875,66909.8984375
1772324280,66916.9140625,66919.3359375,66867.0859375,66867.0859375
1772324460,66888.546875,66929.03125,66888.546875,66929.03125
1772324640,67021.0859375,67021.0859375,66886.359375,66886.359375
1772324820,66864.921875,66864.921875,66842.6953125,66842.6953125
1772325000,66796.265625,66834.296875,66796.265625,66834.296875
1772325180,66744.9453125,66745.03125,66732.0390625,66745.03125
1772325360,66763.0703125,66797.4375,66763.0703125,66797.4375
1772325540,66804.09375,66804.09375,66754.796875,66763.7421875
1772325720,66671.234375,66671.234375,66663.9296875,66667.78125
1772325900,66663.75,66717.5859375,66663.75,66717.5859375
1772326080,66703.1796875,66707.296875,66696.0625,66707.296875
1772326260,66731.015625,66779.46875,66731.015625,66779.46875
1772326440,66820.0859375,66869.171875,66820.0859375,66849.046875
1772326620,66841.09375,66841.5625,66821.7734375,66821.7734375
1772326800,66680.6640625,66680.6640625,66664.53125,66664.53125
1772326980,66758.3359375,66758.3359375,66662.453125,66662.453125
1772327160,66623.828125,66630.8046875,66623.828125,66630.8046875
1772327340,66482.1328125,66529.0390625,66482.1328125,66529.0390625
1772327520,66237.0390625,66301.84375,66237.0390625,66301.84375
1772327700,66311.625,66311.625,66188.5234375,66188.5234375
1772327880,66115.8828125,66148.6328125,66115.8828125,66148.6328125
1772328060,66301.9140625,66386.0078125,66301.9140625,66386.0078125
1772328240,66365.296875,66460.15625,66365.296875,66428.234375
1772328420,66418.7890625,66418.7890625,66348.6796875,66348.6796875
1772328600,66361.1796875,66361.1796875,66332.7578125,66347.265625
1772328780,66407.7265625,66561.4765625,66407.7265625,66561.4765625
1772328960,66572.15625,66602.4140625,66572.15625,66602.4140625
1772329140,66647.3671875,66667.09375,66647.3671875,66667.09375
1772329320,66707.4375,66719.0703125,66683.4140625,66683.4140625
1772329500,66639.1015625,66733.34375,66639.1015625,66733.34375
1772329680,66860.5703125,67222.625,66860.5703125,67222.625
1772329860,67577.9375,67577.9375,67419.1875,67484.5546875
1772330040,67373.0703125,67373.0703125,67289.1328125,67289.1328125
1772330220,67271.4453125,67271.4453125,67271.4453125,67271.4453125
1772330400,67334.71875,67893.3828125,67334.71875,67893.3828125
1772330580,67959.1015625,68143.15625,67959.1015625,68016.03125
1772330760,68072.328125,68072.328125,68034.328125,68069.921875
1772330940,67937.4921875,67937.4921875,67798.8125,67798.8125
1772331120,67869.421875,67956.984375,67869.421875,67917.1328125
1772331300,67974.09375,67974.09375,67788.875,67788.875
1772331480,67777.625,67815.4921875,67777.625,67788.6484375
1772331660,67747.6484375,67747.6484375,67736.59375,67736.59375
1772331840,67720.0546875,67720.0546875,67693.1640625,67693.1640625
1772332020,67702.5234375,67787.4296875,67686.546875,67787.4296875
1772332200,67786.796875,67791.8828125,67762.234375,67762.234375
1772332380,67714.296875,67854.1171875,67714.296875,67854.1171875
1772332560,67919.5703125,67919.5703125,67844.7734375,67844.7734375
1772332740,67834.6640625,67834.6640625,67820.453125,67820.453125
1772332920,67850.609375,68053.8671875,67850.609375,68053.8671875
1772333100,68088.3359375,68134.0078125,68088.3359375,68134.0078125
1772333280,68120.0703125,68120.0703125,67765.90625,67765.90625
1772333460,67758.6953125,67845.21875,67758.6953125,67845.21875
1772333640,67773.421875,67773.421875,67681.6953125,67681.6953125
1772333820,67666.421875,67667.5390625,67666.421875,67667.5390625
1772334000,67647.1015625,67654.078125,67646.7890625,67654.078125
1772334180,67676.484375,67676.484375,67670.921875,67670.921875
1772334360,67641.3203125,67660.3046875,67641.3203125,67652.7578125
1772334540,67673.4140625,67762.9609375,67673.4140625,67762.9609375
1772334720,67766.21875,67805.3046875,67744.2109375,67744.2109375
1772334900,67719.453125,67719.453125,67677.625,67715.8515625
1772335080,67741.1015625,67741.1015625,67694.0390625,67694.0390625
1772335260,67626.6796875,67626.6796875,67489.9375,67489.9375
1772335440,67435.140625,67473.625,67435.140625,67473.625
1772335620,67455.6953125,67590.1171875,67455.6953125,67590.1171875
1772335800,67568.4296875,67568.4296875,67501.96875,67501.96875
1772335980,67482.90625,67504.5234375,67482.90625,67497.2734375
1772336160,67531.0078125,67567.8671875,67531.0078125,67547.3359375
1772336340,67541.9609375,67541.9609375,67526.7109375,67526.7109375
1772336520,67549.03125,67602.953125,67549.03125,67602.953125
1772336700,67633.2265625,67665.6484375,67633.2265625,67647.546875
1772336880,67562.984375,67661.859375,67562.984375,67661.859375
1772337060,67604.6640625,67645.734375,67604.6640625,67645.734375
1772337240,67654.609375,67654.609375,67523.9921875,67540.640625
1772337420,67513.1875,67513.1875,67487.265625,67487.265625
1772337600,67574.7109375,67592.6796875,67574.7109375,67592.6796875
1772337780,67570.4765625,67570.4765625,67546.0390625,67546.0390625
1772337960,67499.453125,67499.453125,67408.96875,67408.96875
1772338140,67400.59375,67400.59375,67393.3515625,67394.5390625
1772338320,67369.3828125,67387.046875,67369.3828125,67387.046875
1772338500,67314.0078125,67314.0078125,67140.9921875,67140.9921875
1772338680,67103.2421875,67192.0703125,67103.2421875,67192.0703125
1772338860,67213.6484375,67213.6484375,67207.2265625,67207.2265625
1772339040,67272.3671875,67272.3671875,67225.25,67225.25
1772339220,67290.3515625,67339.4375,67290.3515625,67339.4375
1772339400,67330.9609375,67330.9609375,67282.5078125,67282.5078125
1772339580,67292.2421875,67292.2421875,67292.2421875,67292.2421875
1772339760,67332.78125,67407.8828125,67332.78125,67407.8828125
1772339940,67376.2265625,67399.8046875,67376.2265625,67399.8046875
1772340120,67409.1328125,67427.765625,67409.1328125,67427.765625
1772340300,67415.734375,67415.734375,67402.796875,67409.1015625
1772340480,67412.171875,67412.171875,67370.671875,67370.671875
1772340660,67333.0625,67375.2734375,67333.0625,67356.9296875
1772340840,67349.328125,67371.21875,67326.578125,67326.578125
1772341020,67314.8828125,67314.8828125,67314.8828125,67314.8828125
1772341200,67341.25,67357.390625,67341.25,67357.390625
1772341380,67368.3828125,67429.734375,67368.3828125,67429.734375
1772341560,67429.734375,67429.734375,67239.46875,67239.46875
1772341740,67249.890625,67431.8359375,67249.890625,67431.8359375
1772341920,67410.6875,67410.6875,67410.6875,67410.6875
1772342100,67342.6796875,67383.703125,67342.6796875,67383.703125
1772342280,67361.6171875,67409.7734375,67361.6171875,67409.7734375
1772342460,67506.8671875,67546.90625,67506.8671875,67507.9921875
1772342640,67512.4140625,67512.4140625,67508.6328125,67508.6328125
1772342820,67504.4140625,67504.4140625,67464.046875,67464.046875
1772343000,67455.3515625,67510.609375,67455.3515625,67510.609375
1772343180,67510.46875,67520.5390625,67510.46875,67520.5390625
1772343360,67547.921875,67547.921875,67486.953125,67486.953125
1772343540,67511.9453125,67511.9453125,67494.7890625,67494.7890625
1772343720,67493.6875,67493.6875,67458.59375,67458.59375
1772343900,67397.984375,67417.25,67376.7421875,67376.7421875
1772344080,67361.765625,67405.828125,67361.765625,67405.828125
1772344260,67413.71875,67413.71875,67362.078125,67362.078125
1772344440,67349.1796875,67349.1796875,67311.234375,67311.234375
1772344620,67319.9296875,67322.9296875,67319.9296875,67322.9296875
1772344800,67311.671875,67321.421875,67306.3515625,67306.3515625
1772344980,67322.359375,67322.359375,67321.8828125,67321.8828125
1772345160,67182.28125,67200.90625,67182.28125,67200.90625
1772345340,67099.1875,67112.109375,66991.46875,66991.46875
1772345520,67048.5546875,67064.0078125,67048.5546875,67064.0078125
1772345700,67092.71875,67117.734375,67084.65625,67084.65625
1772345880,67054.171875,67054.171875,66998.4765625,66998.4765625
1772346060,67002.0390625,67031.78125,67002.0390625,67031.78125
1772346240,67056.921875,67094.21875,67056.921875,67089.703125
1772346420,67110.703125,67141.5390625,67110.703125,67141.5390625
1772346600,67056.09375,67071.578125,67056.09375,67071.578125
1772346780,67071.7421875,67071.7421875,66921.6875,66921.6875
1772346960,66920.609375,66928.640625,66877.453125,66877.453125
1772347140,66880.4609375,66933.171875,66880.4609375,66933.171875
1772347320,66936.8515625,66936.8515625,66833.4140625,66833.4140625
1772347500,66927.7734375,66927.7734375,66894.5,66894.5
1772347680,66852.5234375,66852.5234375,66842.2890625,66842.2890625
1772347860,66864.8125,66881.7421875,66864.8125,66881.7421875
1772348040,66924.0625,66943.65625,66924.0625,66943.65625
1772348220,66953.0625,66953.0625,66941.3515625,66941.3515625
1772348400,66935.0703125,66935.0703125,66923.90625,66923.90625
1772348580,66869.6953125,66869.6953125,66833.9375,66833.9375
1772348760,66804.8515625,66804.8515625,66793.0625,66793.0625
1772348940,66818.5703125,66909.9609375,66818.5703125,66909.9609375
1772349120,67038.2734375,67038.2734375,67014.9453125,67026.78125
1772349300,67033.515625,67033.515625,66998.6328125,66998.6328125
1772349480,67000.21875,67002.109375,67000.21875,67002.109375
1772349660,67004.640625,67081.078125,67004.640625,67081.078125
1772349840,67055.03125,67055.03125,66996.609375,66996.609375
1772350020,66994.265625,66994.265625,66982.2109375,66990.71875
1772350200,66988.3984375,66988.3984375,66926.5625,66926.5625
1772350380,66957.6015625,67086.5,66957.6015625,67086.5
1772350560,67164.84375,67193.859375,67164.84375,67174.3828125
1772350740,67182.71875,67205.03125,67182.71875,67205.03125
1772350920,67206.7734375,67206.7734375,67105.515625,67105.515625
1772351100,67140.078125,67140.078125,67135.84375,67135.84375
1772351280,67120.46875,67120.46875,67103.0859375,67103.0859375
1772351460,67127.1171875,67161.890625,67127.1171875,67143.4140625
1772351640,67114.4140625,67131.1015625,67114.4140625,67131.1015625
1772351820,67129.265625,67131.28125,67120.640625,67120.640625
1772352000,67143.484375,67146.2578125,67143.484375,67146.2578125
1772352180,67066.53125,67066.53125,66966.6796875,66966.6796875
1772352360,66935.078125,67007.9375,66935.078125,67007.9375
1772352540,67112.328125,67139.6015625,67112.328125,67139.6015625
1772352720,67250.609375,67259.2421875,67242.2734375,67259.2421875
1772352900,67262.1171875,67262.1171875,67214.0546875,67214.0546875
1772353080,67253.546875,67253.546875,67253.546875,67253.546875
1772353260,67146.8359375,67207.6796875,67146.8359375,67207.6796875
1772353440,67245.8984375,67266.609375,67245.8984375,67266.609375
1772353620,67270.7578125,67279.4765625,67270.7578125,67279.4765625
1772353800,67227.203125,67234.2890625,67227.203125,67227.671875
1772353980,67223.484375,67223.484375,67166.90625,67166.90625
1772354160,67172.5859375,67176.4609375,67172.5859375,67176.4609375
1772354340,67222.3515625,67238.8359375,67222.3515625,67238.8359375
1772354520,67221.5703125,67221.5703125,67181.984375,67181.984375
1772354700,67163.46875,67163.46875,67070.1953125,67070.1953125
1772354880,67046.546875,67046.546875,67002.859375,67002.859375
1772355060,66920.90625,66920.90625,66591.734375,66591.734375
1772355240,66581.9453125,66591.8671875,66533.7421875,66591.8671875
1772355420,66562.390625,66562.390625,66528.609375,66539.4453125
1772355600,66554.5234375,66554.5234375,66489.3828125,66489.3828125
1772355780,66579.6328125,66673.7109375,66579.6328125,66644.109375
1772355960,66584.5625,66584.5625,66561.4296875,66582.09375
1772356140,66594.4765625,66622.015625,66594.4765625,66622.015625
1772356320,66612.0,66612.0,66589.7421875,66610.65625
1772356500,66578.828125,66674.6875,66578.828125,66674.6875
1772356680,66715.9375,66715.9375,66710.90625,66710.90625
1772356860,66711.8515625,66724.671875,66698.3984375,66724.671875
1772357040,66661.4296875,66661.4296875,66627.625,66627.625
1772357220,66631.5234375,66631.5234375,66570.0078125,66614.640625
1772357400,66629.5390625,66629.5390625,66598.2890625,66598.2890625
1772357580,66558.625,66558.625,66481.375,66481.375
1772357760,66454.71875,66466.9921875,66452.7734375,66452.7734375
1772357940,66346.7421875,66348.5703125,66346.7421875,66348.5703125
1772358120,66356.890625,66356.890625,66322.1015625,66322.1015625
1772358300,66308.765625,66333.03125,66305.125,66333.03125
1772358480,66318.3828125,66356.6015625,66318.3828125,66356.6015625
1772358660,66357.640625,66417.046875,66357.640625,66417.046875
1772358840,66378.359375,66379.734375,66378.359375,66379.734375
1772359020,66414.234375,66417.140625,66373.390625,66373.390625
1772359200,66458.4609375,66458.4609375,66452.078125,66452.078125
1772359380,66433.359375,66433.359375,66305.765625,66305.765625
1772359560,66372.421875,66383.828125,66299.078125,66383.828125
1772359740,66404.8984375,66404.8984375,66404.53125,66404.53125
1772359920,66420.3828125,66516.8828125,66420.3828125,66516.8828125
1772360100,66527.875,66527.875,66502.609375,66502.609375
1772360280,66463.2734375,66475.46875,66463.2734375,66475.46875
1772360460,66462.6015625,66490.0859375,66462.6015625,66490.0859375
1772360640,66506.125,66567.5078125,66506.125,66567.5078125
1772360820,66594.15625,66594.15625,66575.140625,66575.140625
1772361000,66580.265625,66605.9375,66580.265625,66605.9375
1772361180,66557.5078125,66571.9453125,66547.71875,66571.9453125
1772361360,66727.0,66727.0,66686.8828125,66686.8828125
1772361540,66507.1953125,66507.1953125,66472.140625,66472.140625
1772361720,66503.84375,66510.5078125,66503.84375,66510.5078125
1772361900,66400.2265625,66434.40625,66400.2265625,66434.40625
1772362080,66522.203125,66522.203125,66498.8671875,66498.8671875
1772362260,66428.0703125,66499.2734375,66428.0703125,66499.2734375
1772362440,66476.9296875,66482.84375,66476.9296875,66482.84375
1772362620,66490.90625,66490.90625,66472.515625,66472.515625
1772362800,66491.125,66491.125,66474.1796875,66474.1796875
1772362980,66456.53125,66469.796875,66453.8515625,66469.796875
1772363160,66481.3984375,66518.875,66481.3984375,66489.1953125
1772363340,66503.5078125,66516.6015625,66501.5078125,66516.6015625
1772363520,66504.796875,66504.796875,66504.796875,66504.796875
1772363700,66512.5703125,66612.9375,66512.5703125,66612.9375
1772363880,66600.6875,66602.6640625,66600.6875,66602.6640625
1772364060,66600.0078125,66631.5546875,66600.0078125,66631.5546875
1772364240,66548.7734375,66557.796875,66548.7734375,66557.796875
1772364420,66591.203125,66591.203125,66571.015625,66571.015625
1772364600,66560.984375,66568.15625,66552.34375,66568.15625
1772364780,66563.9140625,66563.9140625,66461.1875,66461.1875
1772364960,66471.953125,66498.3125,66471.953125,66498.3125
1772365140,66475.15625,66530.9765625,66472.078125,66530.9765625
1772365320,66521.3203125,66521.3203125,66495.484375,66495.484375
1772365500,66465.265625,66489.484375,66401.1875,66489.484375
1772365680,66481.84375,66481.84375,66438.015625,66438.015625
1772365860,66468.9375,66468.9375,66445.4609375,66446.1015625
1772366040,66472.75,66486.234375,66472.75,66486.234375
1772366220,66462.8203125,66468.6328125,66462.8203125,66468.6328125
1772366400,66467.8359375,66483.96875,66467.8359375,66483.96875
1772366580,66524.0625,66524.0625,66502.1875,66502.1875
1772366760,66449.7578125,66520.4140625,66449.7578125,66520.4140625
1772366940,66536.6953125,66537.9609375,66536.6953125,66537.9609375
1772367120,66531.625,66531.625,66509.96875,66513.8046875
1772367300,66507.6015625,66515.2421875,66507.0390625,66507.0390625
1772367480,66509.1640625,66534.359375,66509.1640625,66534.359375
1772367660,66531.4140625,66531.4140625,66452.1484375,66452.1484375
1772367840,66445.578125,66481.0703125,66445.578125,66481.0703125
1772368020,66470.8359375,66470.8359375,66438.3515625,66438.3515625
1772368200,66421.90625,66446.03125,66421.90625,66423.9453125
1772368380,66410.84375,66410.84375,66300.765625,66300.765625
1772368560,66319.953125,66323.515625,66254.0859375,66254.0859375
1772368740,66326.5234375,66354.3828125,66326.5234375,66354.3828125
1772368920,66493.921875,66509.0390625,66493.921875,66509.0390625
1772369100,66487.3671875,66487.3671875,66487.3671875,66487.3671875
1772369280,66379.9296875,66379.9296875,66368.640625,66368.640625
1772369460,66344.3359375,66344.3359375,66331.3671875,66334.6875
1772369640,66325.9609375,66358.9375,66325.9609375,66358.9375
1772369820,66341.6484375,66342.71875,66341.6484375,66342.71875
1772370000,66313.9296875,66319.640625,66313.9296875,66319.640625
1772370180,66353.9296875,66353.9296875,66347.8203125,66347.8203125
1772370360,66363.0390625,66385.0390625,66360.015625,66385.0390625
1772370540,66388.25,66388.25,66335.3984375,66335.3984375
1772370720,66370.78125,66370.78125,66369.4375,66369.4375
1772370900,66359.9375,66371.53125,66354.734375,66371.53125
1772371080,66393.6640625,66393.6640625,66393.6640625,66393.6640625
1772371260,66172.859375,66215.71875,66168.3359375,66215.71875
1772371440,66229.3125,66250.7421875,66229.3125,66250.7421875
1772371620,66369.3984375,66369.3984375,66332.1015625,66332.1015625
1772371800,66325.515625,66325.515625,66283.71875,66320.859375
1772371980,66316.1640625,66316.1640625,66312.5390625,66312.5390625
1772372160,66320.40625,66320.40625,66319.484375,66319.484375
1772372340,66314.515625,66356.75,66314.515625,66356.75
1772372520,66361.703125,66364.5546875,66361.703125,66364.5546875
1772372700,66359.0390625,66393.4296875,66359.0390625,66393.4296875
1772372880,66359.875,66377.9140625,66359.875,66377.9140625
1772373060,66444.4765625,66799.640625,66444.4765625,66799.640625
1772373240,67175.6640625,67175.6640625,67158.0625,67158.0625
1772373420,67044.6875,67044.6875,66990.5078125,66990.5078125
1772373600,66947.65625,67073.5390625,66947.65625,67054.2734375
1772373780,66883.21875,66883.21875,66883.21875,66883.21875
1772373960,67152.3828125,67292.4140625,67152.3828125,67222.4609375
1772374140,67137.015625,67137.015625,67071.65625,67071.65625
1772374320,67080.1875,67141.3515625,67080.1875,67141.3515625
1772374500,67024.5078125,67024.5078125,67024.5078125,67024.5078125
1772374680,67076.2109375,67076.2109375,67076.2109375,67076.2109375
1772374860,66982.0078125,66982.0078125,66803.53125,66803.53125
1772375040,66897.390625,66945.296875,66897.390625,66945.296875
1772375220,66939.7734375,66939.7734375,66939.7734375,66939.7734375
1772375400,66915.96875,66915.96875,66880.2421875,66880.2421875
1772375580,66979.1328125,66989.8359375,66979.1328125,66989.8359375
1772375760,66982.3984375,66982.3984375,66912.515625,66912.515625
1772375940,66897.5859375,66931.2890625,66897.5859375,66931.2890625
1772376120,66790.4296875,66820.546875,66790.4296875,66820.546875
1772376300,66831.515625,66849.28125,66831.515625,66846.3828125
1772376480,66918.0546875,66940.6484375,66918.0546875,66940.6484375
1772376660,66862.046875,66862.046875,66799.453125,66799.453125
1772376840,66821.609375,66856.765625,66821.609375,66856.765625
1772377020,66855.5078125,66875.765625,66851.2578125,66875.765625
1772377200,66852.8203125,66913.234375,66852.8203125,66913.234375
1772377380,66972.484375,66972.484375,66965.1484375,66965.1484375
1772377560,66953.1484375,66955.109375,66953.1484375,66955.109375
1772377740,66918.78125,66981.875,66918.78125,66965.1328125
1772377920,66979.015625,67048.9765625,66979.015625,67048.9765625
1772378100,67088.265625,67163.0859375,67088.265625,67163.0859375
1772378280,67221.40625,67221.40625,67189.6640625,67189.6640625
1772378460,67150.6875,67150.6875,67070.796875,67070.796875
1772378640,67039.3828125,67055.6328125,67039.3828125,67055.6328125
1772378820,67089.2890625,67176.78125,67089.2890625,67176.78125
1772379000,67134.2578125,67134.2578125,67134.2578125,67134.2578125
1772379180,67103.5078125,67181.53125,67103.5078125,67181.53125
1772379360,67206.5703125,67206.5703125,67123.265625,67123.265625
1772379540,67206.96875,67206.96875,67171.8203125,67171.8203125
1772379720,67186.9921875,67186.9921875,67170.953125,67178.9296875
1772379900,67202.890625,67202.890625,67184.4140625,67184.4140625
1772380080,67203.015625,67203.015625,67185.0625,67185.0625
1772380260,67210.1640625,67234.2578125,67210.1640625,67215.7109375
1772380440,67115.15625,67115.15625,67103.0078125,67103.0078125
1772380620,67035.7890625,67035.7890625,66880.40625,66880.40625
1772380800,66834.2734375,66843.875,66834.2734375,66843.875
1772380980,66937.4921875,66984.4375,66937.4921875,66948.1484375
1772381160,66922.640625,66922.640625,66881.3515625,66881.3515625
1772381340,66954.921875,67006.0078125,66954.921875,67006.0078125
1772381520,66963.703125,67006.09375,66963.703125,67006.09375
1772381700,66957.765625,66957.765625,66945.6015625,66949.9765625
1772381880,67019.1875,67019.1875,66986.7578125,66986.7578125
1772382060,66962.21875,66962.21875,66853.8671875,66853.8671875
1772382240,66858.1328125,66991.09375,66858.1328125,66991.09375
1772382420,66997.953125,67071.46875,66997.953125,67055.5859375
1772382600,67040.515625,67040.515625,66982.5546875,66982.5546875
1772382780,67000.2734375,67025.4609375,67000.2734375,67019.0
1772382960,67050.890625,67050.890625,67021.6953125,67033.2578125
1772383140,67013.2109375,67013.2109375,67013.2109375,67013.2109375
1772383320,66937.6484375,66937.6484375,66898.1875,66898.1875
1772383500,66759.9296875,66759.9296875,66759.9296875,66759.9296875
1772383680,66304.8359375,66304.8359375,66102.15625,66102.15625
1772383860,66030.953125,66098.2421875,66030.953125,66098.2421875
1772384040,66106.0859375,66114.8203125,66106.0859375,66114.8203125
1772384220,66180.40625,66180.40625,66155.28125,66168.8828125
1772384400,66168.1875,66168.1875,66168.1875,66168.1875
1772384580,66132.6171875,66162.0234375,66125.4140625,66125.4140625
1772384760,66203.21875,66203.21875,66132.390625,66132.390625
1772384940,66149.4609375,66208.25,66149.4609375,66208.25
1772385120,66130.875,66130.875,66109.0546875,66109.0546875
1772385300,66123.7265625,66123.7265625,66022.578125,66022.578125
1772385480,65802.71875,65847.2421875,65762.59375,65847.2421875
1772385660,65893.3828125,65918.6875,65838.28125,65918.6875
1772385840,66040.0390625,66040.0390625,66017.0234375,66017.0234375
1772386020,66035.7421875,66035.7421875,66004.0390625,66004.0390625
1772386200,66003.234375,66038.796875,66003.234375,66009.4921875
1772386380,65949.8828125,66062.484375,65949.8828125,66062.484375
1772386560,66072.5,66087.5546875,66072.5,66087.5546875
1772386740,66070.0234375,66070.0234375,66040.7578125,66040.7578125
1772386920,66096.7421875,66096.7421875,66064.578125,66064.578125
1772387100,66039.1328125,66039.1328125,65967.453125,66020.0
1772387280,66016.0234375,66085.3359375,66016.0234375,66047.7890625
1772387460,66027.484375,66104.9375,66027.484375,66104.9375
1772387640,66095.6171875,66095.6171875,65992.859375,65992.859375
1772387820,66090.71875,66090.71875,66054.359375,66061.0078125
1772388000,66000.0078125,66052.953125,66000.0078125,66052.953125
1772388180,66070.453125,66409.09375,66070.453125,66409.09375
1772388360,66456.4609375,66540.5703125,66456.4609375,66540.5703125
1772388540,66495.3125,66495.3125,66465.796875,66465.796875
1772388720,66435.765625,66435.765625,66427.34375,66427.34375
1772388900,66487.359375,66602.0078125,66487.359375,66602.0078125
1772389080,66568.09375,66568.09375,66509.7734375,66509.7734375
1772389260,66424.2265625,66424.2265625,66415.765625,66415.765625
1772389440,66396.15625,66396.15625,66395.2578125,66395.2578125
1772389620,66392.96875,66410.015625,66392.96875,66410.015625
1772389800,66420.2421875,66420.2421875,66417.5625,66417.5625
1772389980,66274.484375,66319.65625,66274.484375,66319.65625
1772390160,66425.3828125,66425.3828125,66425.3828125,66425.3828125
1772390340,66397.7109375,66397.7109375,66380.0,66380.0
1772390520,66410.1484375,66425.203125,66402.7421875,66402.7421875
1772390700,66374.65625,66395.8984375,66374.65625,66395.8984375
1772390880,66401.1875,66401.1875,66401.1875,66401.1875
1772391060,66376.0859375,66381.3671875,66376.0859375,66381.3671875
1772391240,66357.703125,66357.703125,66297.5,66297.5
1772391420,66310.359375,66310.359375,66302.34375,66302.34375
1772391600,66313.4453125,66313.4453125,66313.4453125,66313.4453125
1772391780,66342.96875,66342.96875,66302.421875,66302.421875
1772391960,66303.3203125,66303.3203125,66217.1015625,66217.1015625
1772392140,66309.8515625,66309.8515625,66309.8515625,66309.8515625
1772392320,66307.4609375,66307.4609375,66182.578125,66182.578125
1772392500,66046.4453125,66046.4453125,66046.4453125,66046.4453125
1772392680,65989.3984375,65995.21875,65989.3984375,65995.21875
1772392860,66035.9296875,66067.484375,66035.171875,66067.484375
1772393040,66017.5234375,66017.5234375,65978.2265625,65978.2265625
1772393220,66002.40625,66025.1796875,66002.40625,66025.1796875
1772393400,66016.7734375,66055.6796875,66016.7734375,66055.6796875
1772393580,65982.578125,66022.640625,65982.578125,66010.671875
1772393760,66027.4296875,66044.8046875,66013.6171875,66013.6171875
1772393940,66023.6640625,66034.359375,66023.6640625,66034.359375
1772394120,66032.5234375,66032.5234375,65920.7734375,65920.7734375
1772394300,65811.1875,65902.15625,65811.1875,65902.15625
1772394480,65915.046875,65934.3125,65915.046875,65934.3125
1772394660,65860.015625,65882.859375,65848.3125,65882.859375
1772394840,65873.9921875,65920.890625,65873.9921875,65920.890625
1772395020,65949.9140625,65963.5390625,65949.9140625,65957.3046875
1772395200,65962.25,65962.25,65961.6875,65961.6875
1772395380,65884.7109375,65919.390625,65884.7109375,65919.390625
1772395560,65951.0390625,65951.0390625,65794.21875,65794.21875
1772395740,65600.03125,65600.03125,65573.3359375,65573.3359375
1772395920,65492.36328125,65492.36328125,65459.47265625,65459.47265625
1772396100,65483.59375,65545.2421875,65483.59375,65502.23046875
1772396280,65461.78515625,65522.6171875,65461.78515625,65522.6171875
1772396460,65452.15234375,65452.15234375,65425.34765625,65425.34765625
1772396640,65429.90234375,65440.8359375,65428.73828125,65428.73828125
1772396820,65425.19921875,65458.37890625,65401.265625,65401.265625
1772397000,65408.02734375,65408.02734375,65272.56640625,65309.77734375
1772397180,65225.28125,65225.28125,65145.8046875,65224.046875
1772397360,65114.421875,65251.72265625,65114.421875,65251.72265625
1772397540,65276.50390625,65276.50390625,65152.015625,65152.015625
1772397720,65182.6640625,65184.38671875,65169.63671875,65184.38671875
1772397900,65245.375,65291.9609375,65245.375,65277.92578125
1772398080,65268.23046875,65268.23046875,65218.15234375,65224.84765625
1772398260,65255.5234375,65386.8828125,65255.5234375,65386.8828125
1772398440,65374.73828125,65374.73828125,65311.75390625,65311.75390625
1772398620,65335.39453125,65335.39453125,65328.14453125,65328.14453125
1772398800,65330.88671875,65351.1484375,65330.88671875,65351.1484375
1772398980,65364.7890625,65364.7890625,65334.921875,65334.921875
1772399160,65337.3359375,65342.5234375,65329.12109375,65329.12109375
1772399340,65349.35546875,65363.53125,65347.1171875,65363.53125
1772399520,65466.41015625,65522.0,65466.41015625,65522.0
1772399700,65530.78515625,65530.78515625,65514.64453125,65514.64453125
1772399880,65505.61328125,65571.734375,65505.61328125,65571.734375
1772400060,65669.546875,65669.546875,65660.734375,65660.734375
1772400240,65620.5234375,65620.5234375,65581.390625,65581.390625
1772400420,65506.9921875,65560.171875,65506.9921875,65560.171875
1772400600,65604.796875,65604.796875,65555.078125,65555.078125
1772400780,65569.640625,65619.75,65569.640625,65603.390625
1772400960,65599.359375,65612.671875,65599.359375,65612.671875
1772401140,65636.453125,65686.6796875,65636.453125,65686.6796875
1772401320,65635.9375,65635.9375,65578.0703125,65610.1328125
1772401500,65676.359375,65676.359375,65620.4296875,65620.4296875
1772401680,65601.640625,65672.8515625,65601.640625,65672.8515625
1772401860,65668.9453125,65693.765625,65668.9453125,65688.0859375
1772402040,65701.578125,65701.578125,65687.078125,65687.078125
1772402220,65716.296875,65743.03125,65714.1875,65743.03125
1772402400,65692.3515625,65715.53125,65692.3515625,65715.53125
1772402580,65713.953125,65766.78125,65713.953125,65766.78125
1772402760,65721.2578125,65730.2109375,65682.515625,65682.515625
1772402940,65623.7265625,65623.7265625,65562.2265625,65562.2265625
1772403120,65592.203125,66327.6328125,65592.203125,66327.6328125
1772403300,66058.6875,66058.6875,66027.8984375,66027.8984375
1772403480,66086.34375,66141.4296875,66086.34375,66141.4296875
1772403660,66084.734375,66084.734375,66027.96875,66040.90625
1772403840,66084.5234375,66121.5,66059.578125,66059.578125
1772404020,65856.109375,65856.109375,65789.5546875,65839.53125
1772404200,65877.859375,65898.96875,65877.859375,65898.96875
1772404380,65752.34375,65768.515625,65332.3515625,65332.3515625
1772404560,65404.16015625,65404.16015625,65196.4921875,65196.4921875
1772404740,65175.421875,65314.09375,65175.421875,65314.09375
1772404920,65513.390625,65513.390625,65423.41796875,65423.41796875
1772405100,65309.59765625,65309.59765625,65309.59765625,65309.59765625
1772405280,65123.96484375,65138.08984375,65123.96484375,65138.08984375
1772405460,65201.32421875,65259.20703125,65201.32421875,65259.20703125
1772405640,65280.32421875,65352.94140625,65280.32421875,65291.6953125
1772405820,65257.73046875,65278.5,65249.9296875,65249.9296875
1772406000,65230.65625,65352.05078125,65230.65625,65352.05078125
1772406180,65603.625,65685.9375,65573.734375,65685.9375
1772406360,65728.6171875,65855.3203125,65728.6171875,65855.3203125
1772406540,65785.9375,66023.015625,65785.9375,66023.015625
1772406720,66002.234375,66002.234375,65833.34375,65833.34375
1772406900,65836.3984375,65836.3984375,65805.3515625,65805.3515625
1772407080,65809.015625,65809.015625,65809.015625,65809.015625
1772407260,65833.140625,65833.140625,65729.171875,65729.171875
1772407440,65703.3984375,65760.3125,65703.3984375,65760.3125
1772407620,65742.5,65742.5,65650.0859375,65650.0859375
1772407800,65643.8984375,65669.90625,65643.8984375,65669.90625
1772407980,65651.8125,65651.8125,65647.796875,65647.796875
1772408160,65640.03125,65765.734375,65640.03125,65752.5546875
1772408340,65825.59375,65825.59375,65780.390625,65780.390625
1772408520,65739.40625,65739.40625,65717.4921875,65732.046875
1772408700,65709.3203125,65728.3984375,65709.3203125,65728.3984375
1772408880,65724.0390625,65840.4921875,65724.0390625,65840.4921875
1772409060,65719.328125,65719.328125,65696.296875,65696.296875
1772409240,65708.75,65708.75,65703.0390625,65708.09375
1772409420,65703.296875,65722.3046875,65703.296875,65722.3046875
1772409600,65758.1015625,65814.3828125,65758.1015625,65814.3828125
1772409780,65833.8828125,65910.6171875,65833.8828125,65910.6171875
1772409960,65896.3359375,65968.7265625,65896.3359375,65968.7265625
1772410140,65996.421875,66170.28125,65996.421875,66170.28125
1772410320,66063.0390625,66063.0390625,66038.9140625,66049.046875
1772410500,66013.984375,66013.984375,65849.5078125,65849.5078125
1772410680,65855.671875,65906.2890625,65855.671875,65906.2890625
1772410860,65952.28125,65952.28125,65859.671875,65947.5546875
1772411040,66022.140625,66038.6953125,66022.140625,66038.6953125
1772411220,65932.34375,65932.34375,65893.484375,65893.484375
1772411400,65957.6796875,66026.203125,65957.6796875,66026.203125
1772411580,66089.2265625,66089.2265625,65996.8984375,65996.8984375
1772411760,66058.4453125,66074.640625,66058.4453125,66074.640625
1772411940,66140.2421875,66145.4921875,66131.2421875,66131.2421875
1772412120,66132.1953125,66246.0546875,66130.2265625,66246.0546875
1772412300,66486.8671875,66663.734375,66486.8671875,66505.7578125
1772412480,66541.78125,66590.9375,66541.78125,66590.9375
1772412660,66501.203125,66667.203125,66501.203125,66667.203125
1772412840,66571.0859375,66571.0859375,66533.9921875,66533.9921875
1772413020,66532.4296875,66532.4296875,66526.3671875,66532.3828125
1772413200,66503.2890625,66529.3828125,66503.2890625,66529.3828125
1772413380,66547.8984375,66562.453125,66483.1640625,66562.453125
1772413560,66519.1015625,66544.875,66422.015625,66544.875
1772413740,66755.265625,66892.0859375,66755.265625,66892.0859375
1772413920,66958.46875,66998.765625,66958.46875,66967.7109375
1772414100,66918.4140625,66981.328125,66918.4140625,66981.328125
1772414280,66837.3046875,66837.3046875,66830.96875,66830.96875
1772414460,66731.5234375,66731.5234375,66698.90625,66698.90625
1772414640,66713.3046875,66713.3046875,66593.2421875,66593.2421875
1772414820,66641.8203125,66641.8203125,66631.5234375,66631.5234375
1772415000,66604.2890625,66630.875,66604.2890625,66630.875
1772415180,66635.640625,66635.640625,66600.7890625,66600.7890625
1772415360,66615.0625,66615.0625,66544.640625,66544.640625
1772415540,66600.8671875,66698.8203125,66600.8671875,66698.8203125
1772415720,66666.671875,66666.671875,66632.578125,66632.578125
1772415900,66599.5390625,66599.5390625,66585.8984375,66585.8984375
1772416080,66493.5390625,66493.5390625,66493.5390625,66493.5390625
1772416260,66510.5234375,66614.3125,66498.4140625,66614.3125
1772416440,66654.6171875,66654.6171875,66621.0703125,66621.0703125
1772416620,66592.0390625,66592.0390625,66532.8046875,66532.8046875
1772416800,66538.0234375,66569.4453125,66538.0234375,66555.4609375
1772416980,66540.0625,66541.5078125,66503.625,66541.5078125
1772417160,66583.21875,66583.21875,66193.9296875,66193.9296875
1772417340,66217.65625,66217.65625,65946.2890625,65946.2890625
1772417520,66002.5546875,66065.5859375,66002.5546875,66065.5859375
1772417700,66108.0234375,66182.6171875,66108.0234375,66182.6171875
1772417880,66158.0,66158.0,66095.3203125,66095.3203125
1772418060,66133.84375,66133.84375,66096.359375,66124.8828125
1772418240,66252.109375,66252.109375,66218.859375,66218.859375
1772418420,66226.6328125,66238.140625,66219.5859375,66219.5859375
1772418600,66215.328125,66224.6640625,66200.5078125,66224.6640625
1772418780,66281.8203125,66368.3125,66281.8203125,66356.3359375
1772418960,66337.765625,66365.453125,66337.765625,66365.3359375
1772419140,66425.625,66425.625,66390.3359375,66390.3359375
1772419320,66327.875,66327.875,66318.2265625,66318.2265625
1772419500,66324.0546875,66324.0546875,66306.8125,66306.8125
1772419680,66345.609375,66381.2890625,66271.8671875,66271.8671875
1772419860,66256.921875,66302.6640625,66256.921875,66279.109375
1772420040,66281.6328125,66283.8125,66253.9453125,66283.8125
1772420220,66347.1875,66347.1875,66341.1875,66341.1875
1772420400,66289.5390625,66289.5390625,66204.59375,66204.59375
1772420580,66193.171875,66193.171875,66164.34375,66164.34375
1772420760,66206.953125,66293.5,66206.953125,66293.5
1772420940,66363.5859375,66411.9375,66363.5859375,66411.9375
1772421120,66539.34375,66543.515625,66539.34375,66543.515625
1772421300,66508.53125,66544.5234375,66508.53125,66512.8125
1772421480,66563.203125,66617.9140625,66542.7265625,66617.9140625
1772421660,66677.53125,66692.8125,66659.9453125,66692.8125
1772421840,66725.828125,66725.828125,66719.0,66719.0
1772422020,66717.828125,66820.296875,66717.828125,66820.296875
1772422200,66787.84375,66787.84375,66752.765625,66752.765625
1772422380,66871.640625,66871.640625,66767.03125,66767.03125
1772422560,66797.9453125,66826.53125,66797.9453125,66826.53125
1772422740,66956.546875,66956.546875,66881.9140625,66886.9140625
1772422920,66917.3203125,66922.453125,66917.3203125,66922.453125
1772423100,66898.703125,66918.03125,66898.703125,66903.359375
1772423280,66921.90625,66921.90625,66900.84375,66900.84375
1772423460,66914.890625,66977.2578125,66906.1875,66977.2578125
1772423640,66974.6171875,66974.6171875,66883.890625,66883.890625
1772423820,66845.75,66860.3671875,66826.21875,66826.21875
1772424000,66820.390625,66820.390625,66785.0234375,66785.0234375
1772424180,66815.78125,66815.78125,66791.3671875,66791.3671875
1772424360,66765.2109375,66765.2109375,66741.359375,66741.359375
1772424540,66746.7421875,66746.7421875,66711.234375,66711.234375
1772424720,66697.8125,66749.7109375,66697.8125,66749.7109375
1772424900,66723.1875,66723.1875,66722.640625,66722.640625
1772425080,66774.5625,66813.0703125,66731.5859375,66731.5859375
1772425260,66771.3984375,66809.7578125,66771.3984375,66809.7578125
1772425440,66761.046875,66792.8046875,66761.046875,66792.8046875
1772425620,66849.84375,66916.015625,66849.84375,66911.4453125
1772425800,66942.625,66962.8359375,66923.5625,66962.8359375
1772425980,66935.6484375,66935.6484375,66874.640625,66922.8046875
1772426160,66784.078125,66824.53125,66784.078125,66824.53125
1772426340,66864.7734375,66864.7734375,66847.09375,66847.09375
1772426520,66863.6484375,66863.6484375,66811.078125,66811.078125
1772426700,66822.125,66822.125,66718.2421875,66718.2421875
1772426880,66714.2734375,66714.2734375,66657.203125,66671.734375
1772427060,66661.8984375,66740.515625,66661.8984375,66740.515625
1772427240,66758.3828125,66758.3828125,66758.3828125,66758.3828125
1772427420,66754.3984375,66791.6953125,66754.3984375,66791.6953125
1772427600,66841.4296875,66841.4296875,66791.3125,66791.3125
1772427780,66772.5234375,66772.5234375,66707.4140625,66707.4140625
1772427960,66628.2890625,66628.2890625,66609.2578125,66609.2578125
1772428140,66648.140625,66677.3046875,66648.140625,66677.3046875
1772428320,66686.6328125,66717.0546875,66686.6328125,66715.6015625
1772428500,66718.0,66807.0859375,66718.0,66807.0859375
1772428680,66775.1328125,66775.1328125,66767.859375,66767.859375
1772428860,66748.59375,66771.1171875,66748.59375,66757.859375
1772429040,66633.796875,66669.3671875,66633.796875,66669.3671875
1772429220,66707.109375,66713.6953125,66694.46875,66694.46875
1772429400,66676.7421875,66735.3203125,66676.7421875,66735.3203125
1772429580,66734.4453125,66758.7734375,66734.4453125,66758.7734375
1772429760,66767.3828125,66767.3828125,66755.34375,66755.34375
1772429940,66796.9921875,66796.9921875,66771.7578125,66792.75
1772430120,66768.8203125,66855.03125,66768.8203125,66855.03125
1772430300,66972.796875,66972.796875,66883.59375,66883.59375
1772430480,66933.1875,66933.1875,66877.515625,66898.859375
1772430660,66893.9921875,66893.9921875,66867.328125,66867.328125
1772430840,66871.765625,66871.765625,66822.9140625,66822.9140625
1772431020,66784.984375,66789.375,66779.3671875,66789.375
1772431200,66712.28125,66712.28125,66648.8515625,66648.8515625
1772431380,66660.7890625,66660.7890625,66540.1796875,66590.515625
1772431560,66604.2109375,66604.2109375,66600.6796875,66600.6796875
1772431740,66578.4765625,66604.109375,66578.4765625,66604.109375
1772431920,66603.7890625,66603.7890625,66575.90625,66602.890625
1772432100,66607.28125,66607.28125,66578.3671875,66578.3671875
1772432280,66402.0546875,66402.0546875,66271.28125,66271.28125
1772432460,66245.1953125,66245.1953125,66145.0625,66145.0625
1772432640,66149.1640625,66149.1640625,66149.1640625,66149.1640625
1772432820,66214.796875,66220.5234375,66214.796875,66220.5234375
1772433000,66285.1796875,66286.6171875,66273.40625,66286.6171875
1772433180,66270.0703125,66312.6484375,66270.0703125,66312.6484375
1772433360,66242.234375,66256.546875,66204.4921875,66204.4921875
1772433540,66260.4296875,66260.4296875,66218.203125,66218.203125
1772433720,66237.5546875,66277.2734375,66237.5546875,66277.2734375
1772433900,66266.3125,66266.3125,66225.3828125,66225.3828125
1772434080,66218.078125,66218.078125,66127.1640625,66163.328125
1772434260,66176.828125,66176.828125,66103.8046875,66165.140625
1772434440,66142.578125,66197.3828125,66142.578125,66197.3828125
1772434620,66218.3203125,66233.9296875,66218.3203125,66230.34375
1772434800,66211.453125,66211.453125,66130.390625,66130.390625
1772434980,66137.75,66137.75,66017.6484375,66017.6484375
1772435160,65961.6953125,65999.671875,65961.6953125,65976.75
1772435340,65837.109375,65837.109375,65711.734375,65711.734375
1772435520,65730.359375,65774.9921875,65730.359375,65756.171875
1772435700,65698.0,65712.53125,65698.0,65712.53125
1772435880,65615.671875,65615.671875,65588.6171875,65588.6171875
1772436060,65567.609375,65654.8125,65567.609375,65614.3125
1772436240,65733.2421875,65801.6640625,65733.2421875,65801.6640625
1772436420,65796.0703125,65798.6953125,65787.375,65798.6953125
1772436600,65820.0546875,65839.9609375,65784.4140625,65839.9609375
1772436780,65834.734375,65834.734375,65813.3046875,65813.3046875
1772436960,65892.875,65936.890625,65892.875,65921.5859375
1772437140,65899.8125,65966.1015625,65899.8125,65946.15625
1772437320,65940.2734375,65945.7109375,65940.2734375,65945.7109375
1772437500,65964.390625,65964.390625,65957.9453125,65957.9453125
1772437680,65927.09375,65981.0,65927.09375,65949.90625
1772437860,65962.5703125,65971.171875,65962.5703125,65971.171875
1772438040,65965.640625,65965.640625,65954.5703125,65954.5703125
1772438220,65982.9609375,65982.9609375,65956.171875,65960.0234375
1772438400,65977.1953125,65977.1953125,65849.78125,65849.78125
1772438580,65838.421875,65904.359375,65838.421875,65876.8046875
1772438760,65887.6328125,65924.2578125,65871.8671875,65924.2578125
1772438940,65923.0546875,65923.0546875,65872.234375,65872.234375
1772439120,65850.5625,65875.03125,65751.8359375,65875.03125
1772439300,66053.1015625,66053.1015625,65962.9765625,65962.9765625
1772439480,65908.6484375,66001.546875,65908.6484375,66001.546875
1772439660,65935.0078125,65935.0078125,65855.9140625,65855.9140625
1772439840,65732.15625,65818.796875,65732.15625,65818.796875
1772440020,65824.875,65824.875,65695.4375,65695.4375
1772440200,65713.09375,65788.015625,65713.09375,65786.515625
1772440380,65824.5546875,65827.4765625,65815.90625,65815.90625
1772440560,65838.7734375,65838.7734375,65803.5,65803.5
1772440740,65855.703125,65941.9765625,65855.703125,65941.9765625
1772440920,65971.1171875,65997.4375,65971.1171875,65997.4375
1772441100,65983.4140625,66035.984375,65983.4140625,66035.984375
1772441280,66006.0703125,66006.0703125,65995.90625,65995.90625
1772441460,66291.421875,66291.421875,66202.09375,66210.7109375
1772441640,66218.0546875,66218.6484375,66217.3828125,66217.3828125
1772441820,66227.953125,66252.703125,66227.953125,66252.703125
1772442000,66274.4453125,66350.109375,66274.4453125,66350.109375
1772442180,66254.8828125,66254.8828125,66244.40625,66244.40625
1772442360,66218.4609375,66242.6328125,66218.4609375,66242.6328125
1772442540,66254.4453125,66425.9921875,66254.4453125,66425.9921875
1772442720,66440.0390625,66440.0390625,66417.640625,66417.640625
1772442900,66399.9765625,66475.8984375,66399.9765625,66475.8984375
1772443080,66493.6171875,66577.0703125,66493.6171875,66560.40625
1772443260,66504.2578125,66504.2578125,66504.2578125,66504.2578125
1772443440,66473.4609375,66535.078125,66455.5859375,66455.5859375
1772443620,66432.5625,66452.25,66432.5625,66452.25
1772443800,66425.1171875,66506.875,66423.796875,66506.875
1772443980,66501.4453125,66501.4453125,66478.7734375,66478.7734375
1772444160,66446.453125,66491.7265625,66433.703125,66491.7265625
1772444340,66479.3125,66479.3125,66371.0859375,66371.0859375
1772444520,66373.8359375,66373.8359375,66351.3125,66351.3125
1772444700,66407.2109375,66407.2109375,66353.8359375,66353.8359375
1772444880,66337.2109375,66350.0859375,66337.2109375,66349.3828125
1772445060,66330.6875,66330.6875,66278.546875,66278.546875
1772445240,66277.0625,66310.15625,66277.0625,66310.15625
1772445420,66289.421875,66289.421875,66237.2890625,66237.2890625
1772445600,66162.609375,66235.984375,66162.609375,66235.984375
1772445780,66340.4609375,66340.4609375,66297.265625,66297.265625
1772445960,66300.0859375,66336.515625,66300.0859375,66301.171875
1772446140,66311.25,66311.25,66259.40625,66259.40625
1772446320,66200.34375,66200.34375,66118.3671875,66122.6484375
1772446500,66138.125,66192.625,66138.125,66177.3671875
1772446680,66168.2265625,66168.2265625,66168.2265625,66168.2265625
1772446860,66172.21875,66219.015625,66172.21875,66219.015625
1772447040,66204.859375,66204.859375,66163.171875,66163.171875
1772447220,66188.6328125,66228.796875,66188.6328125,66224.5390625
1772447400,66259.5390625,66271.2421875,66246.34375,66246.34375
1772447580,66254.5390625,66272.2109375,66254.5390625,66260.5703125
1772447760,66275.3515625,66275.3515625,66197.0625,66197.0625
1772447940,66217.953125,66313.6171875,66217.953125,66313.6171875
1772448120,66315.9296875,66315.9296875,66259.453125,66259.453125
1772448300,66254.46875,66254.46875,66251.5546875,66251.5546875
1772448480,66253.25,66253.25,66252.9453125,66252.9453125
1772448660,66247.828125,66247.828125,66218.3828125,66222.3046875
1772448840,66213.4140625,66213.4140625,66189.1640625,66189.1640625
1772449020,66187.2578125,66262.90625,66187.2578125,66262.90625
1772449200,66301.546875,66301.546875,66266.8515625,66268.3671875
1772449380,66259.2109375,66259.2109375,66249.953125,66253.6015625
1772449560,66241.5390625,66241.5390625,66080.40625,66080.40625
1772449740,66092.0859375,66115.0546875,66092.0859375,66115.0546875
1772449920,66125.34375,66157.0859375,66125.34375,66157.0859375
1772450100,66119.1640625,66133.3203125,66114.890625,66114.890625
1772450280,66063.90625,66124.296875,66063.90625,66124.296875
1772450460,66193.984375,66193.984375,66136.3671875,66136.3671875
1772450640,66064.4296875,66159.796875,66064.4296875,66148.640625
1772450820,66136.6328125,66136.6328125,66124.7421875,66124.7421875
1772451000,66077.90625,66112.90625,66077.4296875,66112.90625
1772451180,66123.9140625,66128.5,66091.609375,66091.609375
1772451360,66228.2265625,66228.2265625,66187.75,66187.75
1772451540,66220.15625,66224.7109375,66220.15625,66224.7109375
1772451720,66244.5703125,66324.6171875,66244.5703125,66324.6171875
1772451900,66336.703125,66439.4375,66336.703125,66439.4375
1772452080,66373.1171875,66373.1171875,66356.3984375,66356.3984375
1772452260,66363.828125,66363.828125,66350.421875,66350.421875
1772452440,66337.453125,66337.453125,66271.9765625,66287.7734375
1772452620,66320.0703125,66320.0703125,66302.21875,66305.390625
1772452800,66339.2109375,66356.5234375,66339.2109375,66348.0546875
1772452980,66268.8515625,66388.640625,66268.8515625,66388.640625
1772453160,66371.765625,66371.765625,66344.1640625,66355.515625
1772453340,66349.609375,66364.5703125,66349.609375,66364.5703125
1772453520,66333.0078125,66333.0078125,66321.4609375,66321.4609375
1772453700,66322.796875,66322.796875,66283.9921875,66283.9921875
1772453880,66273.1484375,66273.1484375,66243.203125,66243.203125
1772454060,66243.0546875,66243.0546875,66122.140625,66122.140625
1772454240,66129.8046875,66129.8046875,66129.8046875,66129.8046875
1772454420,66134.0859375,66135.09375,66129.6875,66135.09375
1772454600,66133.5078125,66133.5078125,66130.6640625,66130.6640625
1772454780,66122.6796875,66122.6796875,66102.296875,66102.296875
1772454960,66064.15625,66064.15625,66021.046875,66021.046875
1772455140,66037.2109375,66048.15625,66037.2109375,66048.15625
1772455320,66022.8984375,66022.8984375,65986.578125,65997.1484375
1772455500,65986.0,65986.0,65939.7109375,65939.7109375
1772455680,65966.15625,65992.234375,65966.15625,65992.234375
1772455860,66041.9140625,66041.9140625,66007.59375,66021.625
1772456040,66003.2734375,66003.2734375,65928.59375,65928.59375
1772456220,65937.6640625,65961.5625,65937.6640625,65961.5625
1772456400,65962.65625,65963.7421875,65944.4453125,65944.4453125
1772456580,65940.8359375,65940.8359375,65882.84375,65882.84375
1772456760,65898.1796875,65972.90625,65898.1796875,65916.078125
1772456940,65845.6640625,65953.3046875,65845.6640625,65953.3046875
1772457120,65872.3515625,65883.9375,65872.3515625,65883.9375
1772457300,65832.4453125,65942.796875,65832.4453125,65942.796875
1772457480,65976.0390625,65976.0390625,65957.484375,65957.484375
1772457660,66029.5625,66037.7265625,66029.5625,66037.7265625
1772457840,66032.2265625,66103.5,66032.2265625,66103.5
1772458020,66023.125,66023.125,65821.25,65821.25
1772458200,65799.125,65903.7578125,65763.5,65903.7578125
1772458380,65837.0625,65841.25,65815.8359375,65841.25
1772458560,65877.5234375,65877.5234375,65822.5390625,65822.5390625
1772458740,65790.8984375,65790.8984375,65733.0390625,65733.0390625
1772458920,65563.8828125,65563.8828125,65550.5703125,65558.1953125
1772459100,65569.7578125,65575.9453125,65569.7578125,65575.9453125
1772459280,65503.296875,65528.29296875,65503.296875,65528.29296875
1772459460,65433.21484375,65433.21484375,65373.08984375,65373.08984375
1772459640,65370.5,65395.0859375,65370.5,65390.1875
1772459820,65404.08203125,65444.7578125,65391.18359375,65444.7578125
1772460000,65452.21875,65452.21875,65401.94140625,65401.94140625
1772460180,65365.69140625,65370.76953125,65309.109375,65370.76953125
1772460360,65509.453125,65509.453125,65505.7890625,65505.7890625
1772460540,65520.22265625,65525.48046875,65505.5859375,65505.5859375
1772460720,65539.6484375,65568.046875,65539.6484375,65568.046875
1772460900,65601.7109375,65601.7109375,65582.46875,65582.46875
1772461080,65555.5625,65555.5625,65495.01171875,65495.01171875
1772461260,65507.95703125,65507.95703125,65498.71875,65498.71875
1772461440,65412.328125,65539.40625,65412.328125,65539.40625
1772461620,65426.25390625,65626.3828125,65426.25390625,65626.3828125
1772461800,65586.046875,65865.1875,65586.046875,65865.1875
1772461980,66098.7421875,66098.7421875,66098.7421875,66098.7421875
1772462160,66265.71875,66265.71875,66136.8828125,66136.8828125
1772462340,66243.40625,66281.921875,66243.40625,66281.921875
1772462520,66359.21875,66500.1796875,66359.21875,66500.1796875
1772462700,66624.1953125,66659.140625,66531.9140625,66659.140625
1772462880,66782.7421875,67013.4765625,66782.7421875,67013.4765625
1772463060,67189.2890625,67189.2890625,67077.421875,67077.421875
1772463240,66959.59375,66985.296875,66959.59375,66985.296875
1772463420,66907.5703125,67064.1328125,66907.5703125,67064.1328125
1772463600,67106.796875,67337.28125,67076.1953125,67337.28125
1772463780,67265.0390625,67265.0390625,67223.40625,67223.40625
1772463960,67342.625,67536.9296875,67342.625,67536.9296875
1772464140,67772.609375,67895.1484375,67772.609375,67895.1484375
1772464320,68046.359375,68321.84375,68046.359375,68321.84375
1772464500,68364.9375,68423.4375,68364.9375,68423.4375
1772464680,68580.4921875,68580.4921875,68453.0546875,68453.0546875
1772464860,68727.9921875,68727.9921875,68601.75,68601.75
1772465040,68689.140625,68689.140625,68656.3359375,68657.109375
1772465220,68649.9609375,68677.5625,68576.1015625,68576.1015625
1772465400,68508.5546875,68660.6484375,68508.5546875,68629.0078125
1772465580,68479.390625,68878.375,68479.390625,68878.375
1772465760,69076.921875,69196.2265625,69076.921875,69196.2265625
1772465940,69355.6875,69450.703125,69263.7578125,69263.7578125
1772466120,69438.0234375,69516.6953125,69438.0234375,69516.6953125
1772466300,69532.4140625,69532.4140625,69431.3671875,69431.3671875
1772466480,69475.9453125,69475.9453125,69303.3671875,69303.3671875
1772466660,69321.8046875,69321.8046875,69273.8125,69273.8125
1772466840,68971.7265625,68971.7265625,68960.5234375,68960.5234375
1772467020,68992.2734375,69062.390625,68971.859375,69062.390625
1772467200,69127.8203125,69185.3125,69127.8203125,69185.3125
1772467380,69022.0234375,69286.9921875,69022.0234375,69286.9921875
1772467560,69362.3125,69451.5,69362.3125,69451.5
1772467740,69557.421875,69761.90625,69557.421875,69719.8203125
1772467920,69625.5546875,69625.5546875,69625.5546875,69625.5546875
1772468100,69642.9765625,69642.9765625,69540.4453125,69575.203125
1772468280,69614.390625,69614.390625,69442.625,69442.625
1772468460,69549.953125,69639.9921875,69531.609375,69639.9921875
1772468640,69595.40625,69595.40625,69558.6328125,69558.6328125
1772468820,69473.3046875,69473.3046875,69382.6953125,69382.6953125
1772469000,69374.4296875,69475.8984375,69374.4296875,69475.8984375
1772469180,69427.0703125,69427.0703125,69305.328125,69305.328125
1772469360,69311.359375,69311.359375,69194.3515625,69194.3515625
1772469540,69109.484375,69257.609375,69109.484375,69257.609375
1772469720,69499.6015625,69655.90625,69493.9453125,69655.90625
1772469900,69882.3359375,70024.0625,69882.3359375,70024.0625
1772470080,69863.1953125,69863.1953125,69836.2421875,69836.2421875
1772470260,69734.15625,69764.2890625,69734.15625,69764.2890625
1772470440,69708.9921875,69708.9921875,69603.8359375,69603.8359375
1772470620,69556.1953125,69556.1953125,69511.75,69511.75
1772470800,69455.71875,69455.71875,69438.140625,69438.140625
1772470980,69406.5,69461.796875,69406.5,69461.796875
1772471160,69475.3125,69491.5625,69443.4765625,69443.4765625
1772471340,69331.1015625,69357.8125,69331.1015625,69357.8125
1772471520,69445.671875,69445.671875,69417.3828125,69417.3828125
1772471700,69449.703125,69491.8828125,69375.75,69375.75
1772471880,69219.703125,69307.09375,69219.703125,69307.09375
1772472060,69398.828125,69456.90625,69398.828125,69413.3125
1772472240,69447.1953125,69447.1953125,69420.28125,69420.28125
1772472420,69346.296875,69371.46875,69346.296875,69371.46875
1772472600,69415.0390625,69431.8203125,69395.34375,69395.34375
1772472780,69374.234375,69374.234375,69318.53125,69318.53125
1772472960,69379.6328125,69423.7265625,69205.8984375,69205.8984375
1772473140,69157.828125,69157.828125,69128.8359375,69129.2421875
1772473320,69200.3984375,69200.3984375,68874.625,68874.625
1772473500,68857.4453125,68895.234375,68857.4453125,68892.40625
1772473680,69004.4609375,69004.4609375,68945.09375,68981.7890625
1772473860,68951.2265625,69072.46875,68951.2265625,69072.46875
1772474040,69071.0234375,69190.3984375,69071.0234375,69146.6328125
1772474220,69101.71875,69117.0234375,69078.3203125,69117.0234375
1772474400,69182.984375,69182.984375,69024.9765625,69024.9765625
1772474580,68942.7890625,68942.7890625,68829.765625,68906.890625
1772474760,69041.8359375,69066.984375,69041.8359375,69066.984375
1772474940,69026.0,69038.3984375,69024.3984375,69038.3984375
1772475120,69069.0703125,69094.3046875,68988.75,69094.3046875
1772475300,69175.2265625,69175.2265625,69102.4375,69111.3046875
1772475480,69084.953125,69084.953125,69029.6875,69029.6875
1772475660,69035.7734375,69058.859375,69022.5078125,69022.5078125
1772475840,69069.546875,69069.546875,69069.546875,69069.546875
1772476020,69098.796875,69176.125,69098.796875,69171.328125
1772476200,69100.9765625,69190.84375,69072.6484375,69190.84375
1772476380,69226.125,69227.859375,69226.125,69227.859375
1772476560,69151.953125,69192.40625,69143.4453125,69143.4453125
1772476740,69085.828125,69085.828125,69054.21875,69066.3046875
1772476920,68986.6796875,69105.53125,68986.6796875,69105.53125
1772477100,69090.3359375,69151.6328125,69090.3359375,69151.6328125
1772477280,69140.4921875,69140.4921875,69135.015625,69135.015625
1772477460,69116.28125,69116.28125,68991.9609375,68991.9609375
1772477640,69057.8203125,69057.8203125,68991.6796875,68991.6796875
1772477820,68993.8203125,68993.8203125,68984.875,68984.875
1772478000,68891.8046875,68919.84375,68891.8046875,68919.84375
1772478180,68848.5546875,68870.2734375,68809.9453125,68870.2734375
1772478360,68830.515625,68830.515625,68741.65625,68741.65625
1772478540,68746.9296875,68769.453125,68683.78125,68683.78125
1772478720,68620.5,68711.53125,68620.5,68711.53125
1772478900,68751.0,68787.734375,68751.0,68787.734375
1772479080,68894.0546875,68894.0546875,68827.625,68880.15625
1772479260,68849.765625,68863.7421875,68849.765625,68857.2890625
1772479440,68947.7421875,68947.7421875,68890.265625,68890.265625
1772479620,68859.4921875,68859.4921875,68829.1328125,68829.1328125
1772479800,68834.5546875,68834.5546875,68785.90625,68785.90625
1772479980,68825.3984375,68928.28125,68825.3984375,68917.2421875
1772480160,68987.4453125,69030.9140625,68987.4453125,69030.9140625
1772480340,68980.703125,68980.703125,68846.7109375,68846.7109375
1772480520,68852.1484375,68852.1484375,68852.1484375,68852.1484375
1772480700,68801.953125,68812.203125,68787.125,68787.125
1772480880,68897.796875,68917.9296875,68897.796875,68917.9296875
1772481060,68893.546875,68977.3203125,68893.546875,68977.3203125
1772481240,68921.5078125,68964.328125,68921.5078125,68964.328125
1772481420,68954.125,68954.125,68929.859375,68949.6328125
1772481600,68963.578125,69008.7890625,68953.2734375,69008.7890625
1772481780,69179.203125,69186.7734375,69162.6171875,69162.6171875
1772481960,68976.015625,68981.0078125,68976.015625,68981.0078125
1772482140,68878.578125,68882.8515625,68878.578125,68882.8515625
1772482320,68676.7734375,68797.375,68676.7734375,68711.7265625
1772482500,68741.4453125,68885.5859375,68741.4453125,68885.5859375
1772482680,68937.453125,68946.765625,68899.9609375,68899.9609375
1772482860,68895.6171875,68924.3515625,68867.8359375,68924.3515625
1772483040,68928.3046875,68996.2734375,68928.3046875,68968.625
1772483220,68940.265625,69047.515625,68940.265625,69047.515625
1772483400,69009.609375,69027.53125,69003.0703125,69027.53125
1772483580,69070.296875,69125.2109375,69070.296875,69125.2109375
1772483760,69096.0,69121.890625,69096.0,69121.890625
1772483940,69164.5078125,69164.5078125,69082.328125,69082.328125
1772484120,69139.6015625,69200.53125,69139.6015625,69200.53125
1772484300,69232.8828125,69411.953125,69232.8828125,69411.953125
1772484480,69325.1484375,69404.4453125,69325.1484375,69404.4453125
1772484660,69397.40625,69450.2265625,69397.40625,69450.2265625
1772484840,69382.390625,69382.390625,69323.6796875,69323.6796875
1772485020,69342.984375,69351.984375,69291.546875,69291.546875
1772485200,69171.9765625,69171.9765625,69052.0859375,69057.8515625
1772485380,69140.03125,69140.03125,69071.9765625,69071.9765625
1772485560,69149.2109375,69233.8125,69149.2109375,69233.8125
1772485740,69231.78125,69231.78125,69175.5625,69175.5625
1772485920,69186.3828125,69189.3671875,69139.6015625,69189.3671875
1772486100,69304.671875,69304.671875,69258.7578125,69285.6328125
1772486280,69271.390625,69274.546875,69248.015625,69248.015625
1772486460,69221.6328125,69287.296875,69218.3515625,69287.296875
1772486640,69349.9609375,69402.0546875,69343.1953125,69343.1953125
1772486820,69349.71875,69358.65625,69346.703125,69358.65625
1772487000,69433.5390625,69433.5390625,69388.4375,69388.4375
1772487180,69415.71875,69442.96875,69415.71875,69442.96875
1772487360,69418.34375,69423.453125,69404.7265625,69404.7265625
1772487540,69414.328125,69452.375,69414.328125,69452.375
1772487720,69446.6328125,69452.671875,69440.0625,69440.0625
1772487900,69460.2734375,69484.875,69460.2734375,69484.875
1772488080,69525.984375,69525.984375,69478.0078125,69478.0078125
1772488260,69479.1015625,69499.78125,69445.8203125,69445.8203125
1772488440,69472.1640625,69503.0,69465.8828125,69465.8828125
1772488620,69417.84375,69425.90625,69415.15625,69425.90625
1772488800,69429.8828125,69437.5859375,69429.8828125,69431.2265625
1772488980,69484.578125,69497.6640625,69359.109375,69359.109375
1772489160,69426.7265625,69436.0546875,69420.984375,69436.0546875
1772489340,69473.6796875,69476.6640625,69464.515625,69476.6640625
1772489520,69363.2109375,69363.2109375,69333.8671875,69333.8671875
1772489700,69262.953125,69262.953125,69187.3359375,69229.6875
1772489880,69259.703125,69268.078125,69213.75,69213.75
1772490060,69245.0859375,69300.796875,69245.0859375,69300.796875
1772490240,69278.0625,69322.359375,69278.0625,69322.359375
1772490420,69306.6328125,69372.3046875,69306.6328125,69372.3046875
1772490600,69375.921875,69409.75,69353.7890625,69409.75
1772490780,69388.1796875,69388.1796875,69322.2890625,69322.2890625
1772490960,69364.234375,69364.234375,69352.7109375,69352.7109375
1772491140,69337.828125,69381.09375,69337.828125,69355.1953125
1772491320,69369.296875,69369.296875,69368.96875,69368.96875
1772491500,69383.90625,69426.0078125,69374.8828125,69374.8828125
1772491680,69416.140625,69416.140625,69326.234375,69343.1953125
1772491860,69327.7265625,69327.7265625,69320.5546875,69323.1015625
1772492040,69287.0390625,69343.515625,69287.0390625,69323.5703125
1772492220,69320.4453125,69370.515625,69320.4453125,69370.515625
1772492400,69395.6796875,69426.78125,69395.6796875,69398.3359375
1772492580,69449.265625,69449.265625,69291.1796875,69352.7265625
1772492760,69314.125,69338.15625,69314.125,69338.15625
1772492940,69347.296875,69347.296875,69325.2890625,69332.7265625
1772493120,69328.1640625,69328.1640625,69279.4765625,69279.4765625
1772493300,69234.2109375,69234.2109375,69187.9921875,69221.7265625
1772493480,69258.09375,69258.09375,69222.34375,69232.8046875
1772493660,69237.5234375,69237.5234375,69210.546875,69210.546875
1772493840,69040.71875,69101.109375,69040.71875,69088.40625
1772494020,69081.5625,69129.5703125,69030.8984375,69030.8984375
1772494200,69029.890625,69029.890625,68855.28125,68855.28125
1772494380,68894.3046875,68894.3046875,68843.7734375,68843.7734375
1772494560,68827.8515625,68901.4609375,68827.8515625,68901.4609375
1772494740,68875.875,68875.875,68816.0390625,68816.0390625
1772494920,68841.1171875,68845.359375,68839.0859375,68839.0859375
1772495100,68789.625,68906.9609375,68789.625,68906.9609375
1772495280,68941.0546875,68941.0546875,68926.7421875,68926.7421875
1772495460,68902.9140625,68910.515625,68902.9140625,68910.515625
1772495640,68892.65625,68892.65625,68813.8515625,68813.8515625
1772495820,68795.0390625,68795.0390625,68793.3828125,68793.3828125
1772496000,68804.5859375,68853.28125,68804.3515625,68804.3515625
1772496180,68841.984375,68936.1171875,68841.984375,68936.1171875
1772496360,68937.234375,68960.203125,68937.234375,68947.1640625
1772496540,68909.171875,68978.0546875,68909.171875,68942.2734375
1772496720,68840.484375,68844.4765625,68812.5859375,68812.5859375
1772496900,68800.3984375,68865.4453125,68800.3984375,68865.4453125
1772497080,68786.4140625,68803.8046875,68739.671875,68739.671875
1772497260,68753.6875,68755.7109375,68708.09375,68708.09375
1772497440,68720.2109375,68732.9921875,68701.4375,68701.4375
1772497620,68734.8828125,68767.8671875,68734.8828125,68767.8671875
1772497800,68800.3125,68865.65625,68746.40625,68865.65625
1772497980,68857.0390625,68951.8359375,68857.0390625,68951.6875
1772498160,68951.765625,69085.4609375,68951.765625,69085.4609375
1772498340,69099.5703125,69113.4609375,69099.5703125,69113.4609375
1772498520,69138.4453125,69151.0859375,69138.4453125,69149.15625
1772498700,69111.640625,69137.015625,69111.640625,69126.6328125
1772498880,68998.4765625,68998.4765625,68982.65625,68982.65625
1772499060,69012.71875,69012.71875,68932.234375,68943.9609375
1772499240,68997.3984375,68997.3984375,68957.6171875,68957.6171875
1772499420,68960.640625,69013.921875,68931.1796875,69013.921875
1772499600,69103.2265625,69103.2265625,69051.0703125,69051.0703125
1772499780,68977.7421875,69026.2265625,68977.7421875,69026.2265625
1772499960,69118.96875,69118.96875,69044.515625,69044.515625
1772500140,69090.1875,69127.484375,69082.7265625,69127.484375
1772500320,69162.4140625,69220.9921875,69162.4140625,69175.6640625
1772500500,69158.9921875,69158.9921875,69033.1953125,69055.109375
1772500680,68954.0625,68954.0625,68904.140625,68953.234375
1772500860,68899.4921875,69001.84375,68899.4921875,68989.6015625
1772501040,69017.9765625,69017.9765625,69008.2890625,69008.2890625
1772501220,69015.546875,69015.546875,68981.625,68981.625
1772501400,68915.1875,68915.1875,68805.8046875,68805.8046875
1772501580,68851.78125,68999.375,68851.78125,68999.375
1772501760,68913.9140625,68977.6015625,68913.9140625,68977.6015625
1772501940,68930.171875,68993.8671875,68900.1640625,68900.1640625
1772502120,68961.5859375,68990.21875,68961.5859375,68990.21875
1772502300,69020.0546875,69020.0546875,68904.421875,68904.421875
1772502480,68973.4296875,69023.5390625,68973.4296875,69023.5390625
1772502660,68968.390625,68968.390625,68901.0,68901.0
1772502840,68900.5234375,68900.5234375,68870.625,68870.625
1772503020,68838.9375,68838.9375,68799.0078125,68807.1796875
1772503200,68753.421875,68753.421875,68611.2421875,68611.2421875
1772503380,68503.8203125,68562.2109375,68497.0546875,68562.2109375
1772503560,68538.578125,68611.4296875,68538.578125,68611.4296875
1772503740,68619.3125,68644.3515625,68619.3125,68644.3515625
1772503920,68638.4765625,68648.8515625,68638.4765625,68648.8515625
1772504100,68617.8359375,68620.0625,68585.8125,68585.8125
1772504280,68572.2890625,68572.2890625,68522.625,68530.546875
1772504460,68416.6484375,68416.6484375,68266.515625,68334.234375
1772504640,68314.796875,68409.1953125,68314.796875,68409.1953125
1772504820,68449.4453125,68449.4453125,68427.640625,68440.671875
1772505000,68432.1640625,68500.796875,68432.1640625,68480.4140625
1772505180,68475.6796875,68500.3671875,68449.59375,68500.3671875
1772505360,68417.546875,68417.546875,68410.890625,68415.4375
1772505540,68420.03125,68420.03125,68377.1953125,68377.1953125
1772505720,68437.2265625,68437.2265625,68426.6328125,68436.625
1772505900,68448.6875,68589.6640625,68448.6875,68589.6640625
1772506080,68573.0625,68592.265625,68573.0625,68583.5546875
1772506260,68518.6953125,68518.6953125,68505.984375,68509.6484375
1772506440,68477.3125,68507.3359375,68465.015625,68507.3359375
1772506620,68511.59375,68532.8984375,68487.171875,68532.8984375
1772506800,68524.828125,68524.828125,68507.5859375,68507.5859375
1772506980,68510.640625,68510.640625,68395.015625,68395.015625
1772507160,68396.7890625,68411.6015625,68396.7890625,68411.6015625
1772507340,68336.15625,68366.25,68336.15625,68366.25
1772507520,68351.8203125,68445.34375,68351.8203125,68445.34375
1772507700,68452.8984375,68457.9921875,68432.7109375,68432.7109375
1772507880,68450.9453125,68450.9453125,68309.3125,68315.46875
1772508060,68288.375,68288.375,68250.2578125,68250.2578125
1772508240,68272.78125,68318.9921875,68272.78125,68318.9921875
1772508420,68353.7890625,68389.5625,68350.453125,68389.5625
1772508600,68405.84375,68405.84375,68344.9140625,68344.9140625
1772508780,68457.0234375,68484.265625,68457.0234375,68462.1328125
1772508960,68456.3671875,68467.2109375,68456.3671875,68467.2109375
1772509140,68476.84375,68476.84375,68405.15625,68405.15625
1772509320,68374.890625,68411.9453125,68369.9453125,68411.9453125
1772509500,68407.5234375,68407.5234375,68390.8359375,68390.8359375
1772509680,68337.7421875,68343.4296875,68337.7421875,68343.4296875
1772509860,68344.6328125,68353.2734375,68340.2421875,68340.2421875
1772510040,68356.734375,68356.734375,68319.546875,68319.546875
1772510220,68329.7890625,68360.0859375,68329.7890625,68360.0859375
1772510400,68364.46875,68407.109375,68364.46875,68406.3203125
1772510580,68426.8203125,68426.8203125,68384.6328125,68416.4609375
1772510760,68421.203125,68429.125,68385.1875,68385.1875
1772510940,68328.328125,68364.2734375,68328.328125,68364.2734375
1772511120,68381.203125,68426.8125,68381.203125,68426.8125
1772511300,68356.6953125,68360.5,68288.125,68288.125
1772511480,68315.0859375,68351.9375,68315.0859375,68351.9375
1772511660,68368.5546875,68368.5546875,68368.5546875,68368.5546875
1772511840,68356.40625,68356.40625,68352.2265625,68352.2265625
1772512020,68331.0078125,68331.0078125,68315.578125,68315.578125
1772512200,68309.6328125,68358.9453125,68309.6328125,68358.9453125
1772512380,68361.3125,68368.5859375,68350.984375,68350.984375
1772512560,68367.9921875,68367.9921875,68328.9921875,68328.9921875
1772512740,68262.3671875,68262.3671875,68197.15625,68197.15625
1772512920,68191.3515625,68191.3515625,68183.7421875,68183.7421875
1772513100,68183.9609375,68185.7421875,68180.359375,68180.359375
1772513280,68103.3671875,68103.3671875,68103.3671875,68103.3671875
1772513460,68084.6015625,68116.390625,68053.5078125,68116.390625
1772513640,68130.453125,68130.453125,68106.6953125,68106.6953125
1772513820,68110.5625,68110.5625,68106.1875,68106.1875
1772514000,68111.9296875,68153.1484375,68098.6796875,68098.6796875
1772514180,68096.703125,68155.953125,68096.703125,68154.1953125
1772514360,68136.5625,68277.0625,68136.5625,68277.0625
1772514540,68304.5,68304.5,68282.3203125,68282.3203125
1772514720,68260.1640625,68261.7421875,68260.1640625,68261.7421875
1772514900,68364.046875,68464.3046875,68364.046875,68464.3046875
1772515080,68441.2890625,68525.1953125,68441.2890625,68525.1953125
1772515260,68440.15625,68440.15625,68377.0703125,68377.0703125
1772515440,68328.78125,68431.2421875,68328.78125,68431.2421875
1772515620,68417.7734375,68417.7734375,68413.515625,68416.9921875
1772515800,68403.96875,68403.96875,68290.9140625,68290.9140625
1772515980,68306.5703125,68306.5703125,68217.90625,68217.90625
1772516160,68201.9140625,68201.9140625,68114.671875,68114.671875
1772516340,68098.6875,68118.7265625,68098.6875,68118.7265625
1772516520,68121.8515625,68122.9921875,68121.8515625,68122.9921875
1772516700,68088.9921875,68096.546875,68065.828125,68065.828125
1772516880,67980.3671875,67980.3671875,67873.2734375,67873.2734375
1772517060,67868.5234375,67868.5234375,67868.5234375,67868.5234375
1772517240,67944.1875,67944.1875,67920.421875,67920.421875
1772517420,67869.515625,67875.953125,67864.109375,67875.953125
1772517600,67938.8359375,67992.65625,67938.8359375,67992.65625
1772517780,67963.1640625,67963.1640625,67933.5625,67933.5625
1772517960,67898.578125,67936.328125,67898.578125,67936.328125
1772518140,67877.8984375,67934.703125,67877.8984375,67905.8203125
1772518320,67854.296875,67873.4296875,67854.296875,67873.4296875
1772518500,67943.5859375,67943.5859375,67881.4296875,67881.4296875
1772518680,67906.1171875,67949.4296875,67906.1171875,67938.1953125
1772518860,67950.0390625,67950.0390625,67933.2109375,67943.453125
1772519040,67981.703125,67981.703125,67919.984375,67919.984375
1772519220,67945.1640625,67945.1640625,67933.390625,67933.390625
1772519400,67898.8046875,67913.59375,67874.390625,67874.390625
1772519580,67876.6640625,67906.0,67876.6640625,67899.2578125
1772519760,67945.0234375,67945.0234375,67875.0859375,67875.0859375
1772519940,67873.4765625,67944.5390625,67873.4765625,67915.515625
1772520120,67931.5859375,67955.8515625,67931.5859375,67955.8515625
1772520300,67984.7890625,67984.7890625,67933.6171875,67933.6171875
1772520480,67931.578125,67931.578125,67834.8125,67834.8125
1772520660,67937.734375,67965.828125,67927.8203125,67965.828125
1772520840,67970.9765625,68082.390625,67970.9765625,68082.390625
1772521020,68054.7734375,68093.921875,68054.7734375,68093.921875
1772521200,68125.5,68125.5,68054.5078125,68054.5078125
1772521380,68006.2265625,68073.375,67954.1875,68073.375
1772521560,68084.96875,68084.96875,68015.546875,68020.5390625
1772521740,68025.03125,68040.515625,68025.03125,68040.515625
1772521920,68003.578125,68034.9609375,68003.578125,68034.9609375
1772522100,68145.375,68211.015625,68145.375,68185.8984375
1772522280,68120.1640625,68174.8125,68120.1640625,68174.8125
1772522460,68162.015625,68185.7421875,68162.015625,68185.7421875
1772522640,68188.3046875,68228.6640625,68188.3046875,68195.7734375
1772522820,68185.71875,68208.9140625,68185.71875,68208.9140625
1772523000,68232.953125,68232.953125,68184.7578125,68184.7578125
1772523180,68205.0703125,68205.0703125,68123.828125,68123.828125
1772523360,68104.59375,68104.59375,68097.140625,68097.140625
1772523540,68068.0,68141.734375,68068.0,68141.734375
1772523720,68094.4453125,68172.453125,68094.4453125,68172.453125
1772523900,68205.546875,68240.46875,68194.9375,68194.9375
1772524080,68185.421875,68185.421875,68157.5546875,68157.5546875
1772524260,68157.3515625,68157.3515625,68157.3515625,68157.3515625
1772524440,68197.34375,68197.34375,68185.40625,68185.40625
1772524620,68192.34375,68192.34375,68182.3203125,68182.3203125
1772524800,68172.9140625,68172.9140625,68162.9453125,68162.9453125
1772524980,68186.15625,68186.15625,68144.9296875,68144.9296875
1772525160,68173.421875,68173.421875,68144.6484375,68153.4609375
1772525340,68158.703125,68229.3828125,68158.703125,68229.3828125
1772525520,68248.921875,68248.921875,68191.71875,68191.71875
1772525700,67982.125,67986.5859375,67982.125,67986.5859375
1772525880,68062.078125,68062.078125,68062.078125,68062.078125
1772526060,67880.078125,67920.90625,67880.078125,67920.90625
1772526240,67940.8671875,67940.8671875,67768.03125,67768.03125
1772526420,67829.4296875,67829.4296875,67798.5,67798.5
1772526600,67755.5625,67755.5625,67692.0546875,67692.0546875
1772526780,67614.921875,67618.265625,67614.921875,67618.265625
1772526960,67649.4375,67727.59375,67649.4375,67727.59375
1772527140,67557.328125,67557.328125,67492.734375,67492.734375
1772527320,67413.9921875,67413.9921875,67360.7734375,67360.7734375
1772527500,67332.4609375,67332.4609375,67220.2734375,67220.2734375
1772527680,67262.3984375,67262.3984375,67165.375,67165.375
1772527860,67118.0234375,67118.0234375,67095.3984375,67095.3984375
1772528040,67112.34375,67112.34375,66988.15625,66988.15625
1772528220,66930.7265625,66989.2109375,66930.7265625,66989.2109375
1772528400,66983.265625,67061.453125,66983.265625,67027.046875
1772528580,67020.8828125,67020.8828125,66994.109375,66994.109375
1772528760,66992.1796875,67055.171875,66992.1796875,67055.171875
1772528940,67107.046875,67107.046875,67107.046875,67107.046875
1772529120,67066.4296875,67067.1953125,67066.4296875,67067.1953125
1772529300,67099.828125,67101.90625,67061.6796875,67061.6796875
1772529480,67089.5703125,67091.3203125,67089.5703125,67091.3203125
1772529660,67089.34375,67089.34375,67055.4921875,67055.4921875
1772529840,67017.6484375,67017.6484375,66964.125,66964.125
1772530020,66732.4609375,66732.4609375,66607.359375,66607.359375
1772530200,66623.5703125,66623.5703125,66401.0546875,66401.0546875
1772530380,66450.90625,66617.4921875,66450.90625,66617.4921875
1772530560,66598.765625,66598.765625,66568.7890625,66568.7890625
1772530740,66663.4140625,66663.4140625,66587.859375,66587.859375
1772530920,66542.1171875,66552.859375,66542.1171875,66544.4375
1772531100,66543.640625,66543.640625,66509.0234375,66509.0234375
1772531280,66464.5390625,66473.5703125,66464.5390625,66473.5703125
1772531460,66409.625,66504.9453125,66409.625,66504.9453125
1772531640,66528.1796875,66608.1484375,66528.1796875,66608.1484375
1772531820,66627.109375,66648.625,66627.109375,66648.625
1772532000,66641.0,66641.0,66538.703125,66538.703125
1772532180,66542.3359375,66630.4140625,66542.3359375,66630.4140625
1772532360,66588.734375,66588.734375,66529.734375,66529.734375
1772532540,66506.234375,66506.234375,66487.8984375,66487.8984375
1772532720,66517.2578125,66521.7578125,66517.2578125,66521.7578125
1772532900,66485.703125,66502.3125,66451.46875,66451.46875
1772533080,66567.703125,66567.703125,66531.890625,66531.890625
1772533260,66563.3984375,66605.3359375,66563.3984375,66597.484375
1772533440,66671.6796875,66671.6796875,66663.9296875,66663.9296875
1772533620,66547.0,66547.0,66520.15625,66520.15625
1772533800,66502.6640625,66511.09375,66502.6640625,66511.09375
1772533980,66534.421875,66534.421875,66534.421875,66534.421875
1772534160,66497.890625,66497.890625,66497.890625,66497.890625
1772534340,66513.453125,66513.453125,66491.9921875,66491.9921875
1772534520,66599.2109375,66647.4453125,66599.2109375,66640.9453125
1772534700,66684.640625,66790.2265625,66684.640625,66790.2265625
1772534880,66879.2890625,66879.2890625,66879.2890625,66879.2890625
1772535060,66866.6875,66866.6875,66799.6015625,66799.6015625
1772535240,66800.796875,66800.796875,66733.2734375,66733.2734375
1772535420,66705.4296875,66712.203125,66705.4296875,66712.203125
1772535600,66834.5703125,66857.4296875,66826.53125,66857.4296875
1772535780,66915.71875,66978.8125,66915.71875,66976.1640625
1772535960,66918.5546875,66918.5546875,66865.546875,66865.546875
1772536140,66947.5625,66947.5625,66947.5625,66947.5625
1772536320,66996.375,66997.8125,66954.6171875,66954.6171875
1772536500,66920.40625,66920.40625,66826.15625,66826.15625
1772536680,66778.2734375,66778.2734375,66774.7109375,66774.7109375
1772536860,66885.9921875,66953.1796875,66885.9921875,66953.1796875
1772537040,66940.1484375,66954.84375,66940.1484375,66953.15625
1772537220,66880.0078125,66880.0078125,66876.953125,66876.953125
1772537400,66842.0625,66884.9765625,66842.0625,66884.9765625
1772537580,66865.9140625,66865.9140625,66865.9140625,66865.9140625
1772537760,66964.953125,67033.2421875,66964.953125,67033.2421875
1772537940,67045.890625,67045.890625,67045.890625,67045.890625
1772538120,67060.7890625,67060.7890625,67029.75,67029.75
1772538300,67067.671875,67103.984375,67067.671875,67103.984375
1772538480,67145.9609375,67145.9609375,67073.0390625,67073.0390625
1772538660,67020.703125,67027.703125,67020.703125,67027.703125
1772538840,67009.03125,67009.03125,66964.3046875,66964.3046875
1772539020,66999.90625,67054.8515625,66999.90625,67054.8515625
1772539200,67075.09375,67075.09375,67075.09375,67075.09375
1772539380,67137.0859375,67221.03125,67137.0859375,67221.03125
1772539560,67380.765625,67380.765625,67380.765625,67380.765625
1772539740,67380.6015625,67517.9921875,67380.6015625,67517.9921875
1772539920,67624.703125,67754.734375,67624.703125,67754.734375
1772540100,67715.640625,67715.640625,67565.2265625,67565.2265625
1772540280,67593.1484375,67593.1484375,67593.1484375,67593.1484375
1772540460,67489.2265625,67489.2265625,67436.484375,67436.484375
1772540640,67426.5,67536.203125,67426.5,67536.203125
1772540820,67588.703125,67588.703125,67548.5546875,67548.5546875
1772541000,67575.34375,67575.34375,67506.9140625,67506.9140625
1772541180,67428.578125,67428.578125,67428.578125,67428.578125
1772541360,67421.9609375,67421.9609375,67322.2890625,67322.2890625
1772541540,67401.2578125,67401.2578125,67346.1328125,67346.1328125
1772541720,67348.65625,67348.65625,67338.046875,67338.046875
1772541900,67347.75,67347.75,67339.984375,67339.984375
1772542080,67357.265625,67357.265625,67334.3203125,67334.3203125
1772542260,67298.28125,67304.734375,67268.515625,67304.734375
1772542440,67402.046875,67402.046875,67402.046875,67402.046875
1772542620,67427.0390625,67427.0390625,67396.375,67396.375
1772542800,67390.3828125,67390.3828125,67285.203125,67285.203125
1772542980,67178.1875,67239.703125,67178.1875,67239.703125
1772543160,67185.609375,67208.046875,67185.609375,67208.046875
1772543340,67190.96875,67210.921875,67190.96875,67210.921875
1772543520,67194.15625,67194.15625,67049.8359375,67049.8359375
1772543700,67110.6328125,67124.0546875,67110.6328125,67124.0546875
1772543880,67096.578125,67123.7421875,67096.578125,67123.7421875
1772544060,67146.8125,67146.8125,67128.8125,67128.8125
1772544240,67085.4296875,67085.4296875,67047.703125,67047.703125
1772544420,67118.84375,67118.84375,67116.3671875,67116.3671875
1772544600,67054.0078125,67054.0078125,67054.0078125,67054.0078125
1772544780,66971.109375,67051.59375,66971.109375,67051.59375
1772544960,67011.09375,67027.359375,67002.2890625,67002.2890625
1772545140,66965.8671875,66967.5,66965.8671875,66967.5
1772545320,66986.9140625,66986.9140625,66889.8984375,66889.8984375
1772545500,66701.734375,66758.53125,66701.734375,66758.53125
1772545680,66688.3203125,66810.296875,66688.3203125,66810.296875
1772545860,66813.46875,66839.34375,66813.46875,66839.34375
1772546040,66903.7265625,66903.7265625,66903.109375,66903.109375
1772546220,66834.6640625,66931.0,66834.6640625,66931.0
1772546400,66893.0078125,66893.0078125,66893.0078125,66893.0078125
1772546580,66958.3984375,67182.0078125,66958.3984375,67182.0078125
1772546760,67164.765625,67164.765625,67164.765625,67164.765625
1772546940,67209.765625,67209.765625,67109.6875,67109.6875
1772547120,67081.4921875,67160.234375,67081.4921875,67160.234375
1772547300,67145.0546875,67145.0546875,67095.2265625,67095.2265625
1772547480,67136.2578125,67136.2578125,67126.25,67126.25
1772547660,67131.328125,67316.59375,67131.328125,67316.59375
1772547840,67220.1015625,67220.1015625,67188.5078125,67188.5078125
1772548020,67187.8125,67187.8125,67123.140625,67123.140625
1772548200,67112.859375,67264.328125,67112.859375,67211.4921875
1772548380,67179.1953125,67179.1953125,66830.734375,66885.875
1772548560,66857.703125,67038.5859375,66857.703125,67038.5859375
1772548740,67108.3515625,67108.3515625,66814.3203125,66814.3203125
1772548920,66778.2890625,66778.2890625,66629.0234375,66629.0234375
1772549100,66462.140625,66592.53125,66462.140625,66592.53125
1772549280,66462.921875,66509.53125,66317.4453125,66317.4453125
1772549460,66358.4140625,66472.3984375,66358.4140625,66472.3984375
1772549640,66713.796875,66776.5390625,66713.796875,66776.5390625
1772549820,66645.8046875,66681.28125,66571.3359375,66571.3359375
1772550000,66565.7734375,66631.0625,66565.7734375,66631.0625
1772550180,66614.5703125,66669.953125,66614.5703125,66634.0546875
1772550360,66713.0859375,66737.5234375,66698.4765625,66698.4765625
1772550540,66628.359375,66716.59375,66621.1953125,66621.1953125
1772550720,66648.640625,66728.0390625,66648.640625,66728.0390625
1772550900,66840.484375,66997.7421875,66840.484375,66997.7421875
1772551080,66780.7109375,66780.7109375,66639.515625,66639.515625
1772551260,66581.015625,66581.015625,66577.421875,66577.421875
1772551440,66705.40625,66722.96875,66705.40625,66720.0703125
1772551620,66774.453125,66820.46875,66774.453125,66820.46875
1772551800,66819.2265625,67220.328125,66819.2265625,67220.328125
1772551980,67196.75,67244.796875,67196.75,67244.796875
1772552160,67306.6171875,67452.578125,67306.6171875,67361.125
1772552340,67386.8984375,67541.8125,67386.8984375,67541.8125
1772552520,67701.859375,67701.859375,67660.1171875,67660.1171875
1772552700,67510.6796875,67639.234375,67510.6796875,67636.0390625
1772552880,67742.8203125,67766.3203125,67742.8203125,67766.3203125
1772553060,67634.6875,67707.359375,67634.6875,67707.359375
1772553240,67601.984375,67601.984375,67520.875,67520.875
1772553420,67582.1015625,67582.1015625,67582.1015625,67582.1015625
1772553600,67747.265625,67826.421875,67735.5,67826.421875
1772553780,67703.359375,67927.0859375,67703.359375,67927.0859375
1772553960,68159.390625,68251.21875,68159.390625,68251.21875
1772554140,68351.0625,68549.4140625,68351.0625,68419.734375
1772554320,68431.25,68431.25,68356.90625,68356.90625
1772554500,68414.2109375,68414.2109375,68385.265625,68385.265625
1772554680,68404.46875,68425.7890625,68404.46875,68425.7890625
1772554860,68433.0390625,68433.0390625,68371.234375,68371.234375
1772555040,68530.5390625,68932.6796875,68530.5390625,68932.6796875
1772555220,68938.3828125,68938.3828125,68869.2890625,68869.2890625
1772555400,68833.71875,68833.71875,68689.96875,68689.96875
1772555580,68525.375,68525.375,68313.078125,68387.9609375
1772555760,68383.5390625,68383.5390625,68172.0859375,68172.0859375
1772555940,67849.7890625,67849.7890625,67804.109375,67804.109375
1772556120,67835.859375,67835.859375,67617.75,67617.75
1772556300,67712.2578125,68124.0859375,67712.2578125,68124.0859375
1772556480,68185.390625,68185.390625,68068.140625,68068.140625
1772556660,68074.71875,68082.890625,68074.71875,68082.890625
1772556840,68167.609375,68293.9609375,68167.609375,68293.9609375
1772557020,68444.4296875,68444.4296875,68285.9375,68285.9375
1772557200,68121.453125,68121.453125,67994.640625,67994.640625
1772557380,67971.8984375,67971.8984375,67929.859375,67963.15625
1772557560,68077.0546875,68077.0546875,68022.125,68023.4765625
1772557740,67930.640625,67930.640625,67818.625,67818.625
1772557920,67760.21875,67760.21875,67760.21875,67760.21875
1772558100,67923.6640625,67923.6640625,67907.5546875,67907.5546875
1772558280,67935.8828125,68040.5859375,67935.8828125,68040.5859375
1772558460,67957.515625,68192.171875,67957.515625,68192.171875
1772558640,68253.0703125,68253.0703125,68227.8203125,68252.8515625
1772558820,68156.5703125,68195.0234375,68156.5703125,68195.0234375
1772559000,68153.8046875,68153.8046875,68046.21875,68046.21875
1772559180,67944.5703125,67944.5703125,67829.4140625,67878.5703125
1772559360,67841.171875,67993.2578125,67841.171875,67993.2578125
1772559540,68018.8828125,68025.7734375,68018.8828125,68025.7734375
1772559720,68049.6875,68154.078125,68049.6875,68154.078125
1772559900,68157.5390625,68157.5390625,68049.640625,68049.640625
1772560080,68229.65625,68229.65625,68229.65625,68229.65625
1772560260,68267.7265625,68354.9296875,68267.7265625,68354.9296875
1772560440,68326.9921875,68326.9921875,68219.125,68219.125
1772560620,68292.078125,68309.140625,68292.078125,68309.140625
1772560800,68316.7890625,68428.9765625,68316.7890625,68428.9765625
1772560980,68384.9765625,68384.9765625,68268.828125,68268.828125
1772561160,68349.875,68349.875,68307.59375,68307.59375
1772561340,68296.3515625,68296.3515625,68259.1796875,68259.1796875
1772561520,68035.1796875,68080.625,68010.4296875,68010.4296875
1772561700,68100.84375,68304.28125,68100.84375,68304.28125
1772561880,68392.671875,68392.671875,68330.203125,68330.203125
1772562060,68414.3984375,68489.59375,68414.3984375,68489.59375
1772562240,68504.546875,68513.9921875,68491.0859375,68513.9921875
1772562420,68575.8828125,68575.8828125,68566.4453125,68566.4453125
1772562600,68511.828125,68559.796875,68492.890625,68559.796875
1772562780,68713.9453125,68803.6328125,68712.7734375,68712.7734375
1772562960,68709.1328125,68828.2734375,68709.1328125,68786.328125
1772563140,68802.9765625,68802.9765625,68749.234375,68788.1640625
1772563320,68808.4140625,68808.4140625,68736.8125,68736.8125
1772563500,68680.65625,68680.65625,68633.859375,68633.859375
1772563680,68618.390625,68706.9609375,68618.390625,68706.9609375
1772563860,68717.53125,68751.8984375,68717.53125,68751.8984375
1772564040,68701.2578125,68715.8125,68587.640625,68587.640625
1772564220,68597.4765625,68679.78125,68597.4765625,68679.78125
1772564400,68634.2734375,68639.765625,68604.1875,68639.765625
1772564580,68587.953125,68649.6953125,68587.953125,68649.6953125
1772564760,68689.515625,68689.515625,68466.9609375,68466.9609375
1772564940,68421.1875,68421.1875,68385.25,68385.25
1772565120,68517.4765625,68587.8359375,68517.4765625,68587.8359375
1772565300,68654.71875,68654.71875,68526.625,68526.625
1772565480,68583.078125,68641.8984375,68583.078125,68641.8984375
1772565660,68784.5546875,68824.375,68784.5546875,68824.375
1772565840,68837.34375,68887.421875,68827.3828125,68887.421875
1772566020,68763.6484375,68763.6484375,68655.859375,68655.859375
1772566200,68675.1953125,68675.1953125,68599.125,68599.125
1772566380,68535.625,68535.625,68481.0390625,68481.0390625
1772566560,68375.7734375,68649.5625,68375.7734375,68649.5625
1772566740,68707.203125,68707.203125,68636.2734375,68655.65625
1772566920,68737.4375,68737.4375,68635.0078125,68645.015625
1772567100,68703.3359375,68715.59375,68693.40625,68715.59375
1772567280,68720.6015625,68720.6015625,68568.71875,68568.71875
1772567460,68639.2109375,68641.3125,68622.78125,68622.78125
1772567640,68498.3984375,68521.1015625,68474.8125,68474.8125
1772567820,68482.0625,68482.0625,68455.4296875,68455.4296875
1772568000,68455.8125,68487.5546875,68398.3515625,68487.5546875
1772568180,68432.21875,68479.6328125,68432.21875,68479.6328125
1772568360,68429.546875,68429.546875,68356.203125,68356.203125
1772568540,68418.0703125,68418.0703125,68339.9609375,68339.9609375
1772568720,68340.5859375,68340.5859375,68260.2734375,68260.2734375
1772568900,68251.0625,68311.109375,68251.0625,68275.9453125
1772569080,68241.2265625,68259.8125,68241.2265625,68259.8125
1772569260,68353.15625,68353.15625,68322.90625,68322.90625
1772569440,68325.9140625,68325.9140625,68325.9140625,68325.9140625
1772569620,68410.3125,68410.3125,68409.546875,68409.546875
1772569800,68400.9609375,68400.9609375,68400.9609375,68400.9609375
1772569980,68407.140625,68407.140625,68402.96875,68402.96875
1772570160,68447.4765625,68514.34375,68426.9765625,68426.9765625
1772570340,68434.03125,68442.0546875,68375.6875,68442.0546875
1772570520,68442.8828125,68468.46875,68440.8125,68440.8125
1772570700,68465.9609375,68465.9609375,68400.1875,68400.1875
1772570880,68350.3359375,68420.8671875,68350.3359375,68420.8671875
1772571060,68377.6171875,68377.6171875,68119.0859375,68119.0859375
1772571240,68131.1171875,68243.203125,68131.1171875,68243.203125
1772571420,68237.796875,68237.796875,68176.5234375,68213.5546875
1772571600,68225.578125,68225.578125,68197.140625,68197.140625
1772571780,68045.078125,68045.078125,68016.640625,68038.5234375
1772571960,67924.5625,68045.265625,67924.5625,68045.265625
1772572140,68038.0,68038.515625,68032.6171875,68038.515625
1772572320,68041.390625,68063.859375,68041.390625,68043.4921875
1772572500,68038.3671875,68041.5546875,67957.25,67957.25
1772572680,67959.390625,68064.1796875,67959.390625,68064.1796875
1772572860,68032.0703125,68042.125,68032.0703125,68042.125
1772573040,68106.6640625,68106.6640625,68001.78125,68001.78125
1772573220,67977.03125,67977.03125,67858.7109375,67930.375
1772573400,67927.859375,67945.265625,67927.859375,67944.6796875
1772573580,67930.828125,67930.828125,67912.859375,67912.859375
1772573760,68020.1875,68028.28125,68020.1875,68028.28125
1772573940,68041.6484375,68041.6484375,67921.9375,67970.0
1772574120,68031.7734375,68043.7109375,68031.7734375,68043.7109375
1772574300,68003.5234375,68003.5234375,68003.5234375,68003.5234375
1772574480,68022.390625,68034.296875,68022.390625,68034.296875
1772574660,68028.0234375,68053.8828125,68028.0234375,68053.8828125
1772574840,68070.1015625,68070.1015625,68070.1015625,68070.1015625
1772575020,68057.6015625,68074.015625,68057.6015625,68064.7890625
1772575200,68059.0234375,68059.0234375,68059.0234375,68059.0234375
1772575380,68296.96875,68502.46875,68296.96875,68338.125
1772575560,68286.96875,68464.109375,68286.96875,68464.109375
1772575740,68438.53125,68438.53125,68394.203125,68394.203125
1772575920,68380.09375,68380.09375,68327.5625,68327.5625
1772576100,68316.625,68316.625,68311.3203125,68311.3203125
1772576280,68291.1171875,68291.1171875,68265.7578125,68265.7578125
1772576460,68224.2578125,68310.5234375,68224.2578125,68310.5234375
1772576640,68370.9296875,68370.9296875,68271.53125,68271.53125
1772576820,68261.59375,68272.7578125,68261.59375,68272.7578125
1772577000,68228.421875,68228.421875,68228.421875,68228.421875
1772577180,68307.890625,68307.890625,68291.8671875,68291.8671875
1772577360,68297.875,68368.296875,68297.875,68368.296875
1772577540,68327.4765625,68327.4765625,68327.4765625,68327.4765625
1772577720,68331.375,68331.375,68331.375,68331.375
1772577900,68384.25,68384.25,68352.46875,68370.1328125
1772578080,68275.15625,68275.15625,68275.15625,68275.15625
1772578260,68326.1640625,68357.40625,68326.1640625,68357.40625
1772578440,68350.7109375,68370.015625,68340.8125,68370.015625
1772578620,68325.9609375,68325.9609375,68271.6015625,68271.6015625
1772578800,68314.2421875,68319.0390625,68314.2421875,68319.0390625
1772578980,68308.546875,68374.1015625,68308.546875,68374.1015625
1772579160,68361.8203125,68361.8203125,68314.28125,68314.28125
1772579340,68444.7265625,68454.09375,68444.7265625,68454.09375
1772579520,68648.71875,68728.7890625,68648.71875,68728.7890625
1772579700,68694.609375,68694.609375,68605.59375,68605.59375
1772579880,68529.3046875,68563.8125,68529.3046875,68563.8125
1772580060,68581.765625,68581.765625,68549.0859375,68549.0859375
1772580240,68564.609375,68564.609375,68519.9921875,68519.9921875
1772580420,68525.4921875,68525.4921875,68524.9921875,68524.9921875
1772580600,68511.2578125,68533.8828125,68511.2578125,68533.8828125
1772580780,68574.75,68574.75,68471.7109375,68471.7109375
1772580960,68476.0390625,68512.2578125,68476.0390625,68512.2578125
1772581140,68486.609375,68486.609375,68455.2421875,68455.2421875
1772581320,68513.5390625,68519.8515625,68497.4140625,68497.4140625
1772581500,68446.5,68446.5,68446.5,68446.5
1772581680,68448.0234375,68448.0234375,68432.7109375,68432.7109375
1772581860,68382.1484375,68382.1484375,68354.796875,68354.796875
1772582040,68325.78125,68325.78125,68281.9375,68281.9375
1772582220,68300.28125,68300.28125,68300.28125,68300.28125
1772582400,68317.765625,68317.765625,68272.2265625,68272.2265625
1772582580,68258.9609375,68262.03125,68258.9609375,68262.03125
1772582760,68272.0703125,68272.0703125,68272.0703125,68272.0703125
1772582940,68220.3359375,68220.3359375,68220.3359375,68220.3359375
1772583120,68172.5546875,68172.5546875,68117.4296875,68117.4296875
1772583300,68118.078125,68126.40625,68118.078125,68126.40625
1772583480,68307.984375,68307.984375,68283.5625,68283.5625
1772583660,68321.0625,68397.90625,68321.0625,68397.90625
1772583840,68274.90625,68325.140625,68274.90625,68325.140625
1772584020,68328.5390625,68328.5390625,68328.1953125,68328.1953125
1772584200,68302.7109375,68302.7109375,68248.71875,68248.71875
1772584380,68228.3984375,68228.3984375,68030.171875,68030.171875
1772584560,68017.6953125,68035.265625,67980.3359375,68035.265625
1772584740,67972.390625,67997.5234375,67972.390625,67997.5234375
1772584920,67992.84375,67992.84375,67934.5078125,67948.9296875
1772585100,68039.53125,68049.7734375,68039.53125,68049.7734375
1772585280,68038.71875,68038.71875,68038.71875,68038.71875
1772585460,68239.8828125,68239.8828125,68170.3359375,68170.3359375
1772585640,68145.9765625,68145.9765625,68130.7109375,68130.7109375
1772585820,68113.015625,68185.59375,68113.015625,68185.59375
1772586000,68120.4921875,68120.4921875,68111.609375,68111.609375
1772586180,68234.171875,68245.671875,68234.171875,68245.671875
1772586360,68223.3671875,68223.3671875,68168.4453125,68168.4453125
1772586540,68068.546875,68159.3671875,68068.546875,68159.3671875
1772586720,68225.7890625,68225.7890625,68225.7890625,68225.7890625
1772586900,68147.921875,68173.1953125,68147.921875,68173.1953125
1772587080,68134.9140625,68134.9140625,68096.5625,68096.5625
1772587260,68065.9921875,68065.9921875,68026.7109375,68026.7109375
1772587440,68003.03125,68025.515625,68003.03125,68008.984375
1772587620,68026.3046875,68161.96875,68026.3046875,68161.96875
1772587800,68279.1875,68285.96875,68279.1875,68285.96875
1772587980,68532.6796875,68561.0703125,68532.6796875,68558.5390625
1772588160,68572.1953125,68639.9140625,68572.1953125,68629.1875
1772588340,68643.6484375,68673.6640625,68643.6484375,68649.609375
1772588520,68660.734375,68881.15625,68660.734375,68825.0546875
1772588700,68713.671875,68713.671875,68544.578125,68544.578125
1772588880,68572.890625,68572.890625,68528.265625,68528.265625
1772589060,68470.9375,68482.7734375,68461.25,68461.25
1772589240,68400.671875,68473.578125,68400.671875,68473.578125
1772589420,68452.65625,68452.65625,68423.7578125,68423.7578125
1772589600,68417.7890625,68417.7890625,68325.15625,68325.15625
1772589780,68332.6953125,68336.0859375,68332.6953125,68336.0859375
1772589960,68246.640625,68246.640625,68220.6484375,68220.6484375
1772590140,68287.2109375,68303.796875,68287.2109375,68303.796875
1772590320,68308.109375,68308.109375,68306.625,68306.625
1772590500,68246.4453125,68246.4453125,68135.3203125,68135.3203125
1772590680,68154.0546875,68169.71875,68154.0546875,68169.71875
1772590860,68287.796875,68287.796875,68217.5546875,68243.84375
1772591040,68235.515625,68235.515625,68117.9140625,68117.9140625
1772591220,68089.875,68096.3046875,68082.1640625,68082.1640625
1772591400,68073.921875,68115.3203125,68073.21875,68073.21875
1772591580,68112.875,68112.875,68098.8515625,68098.8515625
1772591760,68030.9375,68043.3671875,68030.9375,68043.3671875
1772591940,68065.40625,68109.65625,68065.40625,68102.1640625
1772592120,68107.2421875,68107.2421875,68107.2421875,68107.2421875
1772592300,68135.75,68168.1875,68122.9375,68168.1875
1772592480,68198.3359375,68286.671875,68198.3359375,68286.671875
1772592660,68319.3828125,68367.6328125,68319.3828125,68367.6328125
1772592840,68341.890625,68344.734375,68341.890625,68344.734375
1772593020,68315.9296875,68326.546875,68309.296875,68309.296875
1772593200,68316.03125,68316.03125,68316.03125,68316.03125
1772593380,68127.890625,68197.015625,68127.890625,68148.2734375
1772593560,68165.2890625,68175.2265625,68165.2890625,68175.2265625
1772593740,68232.53125,68290.2421875,68232.53125,68240.390625
1772593920,68168.3046875,68304.7109375,68168.3046875,68304.7109375
1772594100,68307.9921875,68326.6796875,68307.9921875,68326.6796875
1772594280,68252.53125,68292.9765625,68252.53125,68292.9765625
1772594460,68288.1484375,68288.1484375,68222.109375,68287.46875
1772594640,68243.578125,68243.578125,68199.0,68199.0
1772594820,68154.8203125,68154.8203125,68012.6015625,68012.6015625
1772595000,67935.765625,67935.765625,67808.140625,67808.140625
1772595180,67740.734375,67740.734375,67544.6796875,67544.6796875
1772595360,67449.2734375,67561.546875,67449.2734375,67561.546875
1772595540,67603.1328125,67656.1640625,67603.1328125,67656.1640625
1772595720,67539.1640625,67539.1640625,67494.8828125,67494.8828125
1772595900,67579.2890625,67579.2890625,67577.4609375,67577.4609375
1772596080,67648.328125,67648.328125,67648.328125,67648.328125
1772596260,67646.1796875,67646.1796875,67622.3828125,67622.3828125
1772596440,67653.71875,67653.71875,67611.875,67611.875
1772596620,67605.0,67669.0625,67605.0,67669.0625
1772596800,67778.3828125,67778.3828125,67778.3828125,67778.3828125
1772596980,67655.7421875,67743.078125,67655.7421875,67743.078125
1772597160,67765.9609375,67779.21875,67765.9609375,67779.21875
1772597340,67740.2734375,67888.2734375,67740.2734375,67888.2734375
1772597520,67911.5859375,67911.5859375,67831.4609375,67831.4609375
1772597700,67832.8203125,67832.8203125,67832.8203125,67832.8203125
1772597880,67648.0234375,67648.0234375,67624.4375,67624.4375
1772598060,67630.015625,67630.015625,67609.671875,67609.671875
1772598240,67604.4765625,67604.4765625,67604.4765625,67604.4765625
1772598420,67651.96875,67651.96875,67641.140625,67641.140625
1772598600,67626.09375,67626.09375,67561.5390625,67561.5390625
1772598780,67625.6875,67625.6875,67598.6953125,67598.6953125
1772598960,67632.6171875,67632.6171875,67517.9296875,67517.9296875
1772599140,67529.59375,67574.109375,67496.234375,67496.234375
1772599320,67547.0,67576.515625,67547.0,67576.515625
1772599500,67655.1953125,67657.4296875,67655.1953125,67657.4296875
1772599680,67616.7421875,67640.375,67616.7421875,67640.375
1772599860,67688.5703125,67716.1875,67688.5703125,67695.03125
1772600040,67724.6875,67773.6953125,67724.6875,67768.25
1772600220,67833.15625,67833.15625,67811.2890625,67811.9609375
1772600400,67813.625,67813.625,67763.1640625,67763.1640625
1772600580,67732.5234375,67772.75,67732.5234375,67772.75
1772600760,67797.4765625,67797.4765625,67797.0390625,67797.0390625
1772600940,67849.359375,67865.9609375,67849.359375,67865.9609375
1772601120,67862.5625,67862.6328125,67862.5625,67862.6328125
1772601300,67855.1875,67855.1875,67850.6328125,67850.6328125
1772601480,67900.4453125,67930.2578125,67900.4453125,67930.2578125
1772601660,67905.078125,67905.078125,67885.2890625,67885.2890625
1772601840,67832.0234375,67849.703125,67826.4609375,67849.703125
1772602020,67743.8046875,67779.7265625,67743.8046875,67779.7265625
1772602200,67824.1875,67824.1875,67814.625,67814.625
1772602380,67816.4375,67816.4375,67775.1484375,67775.1484375
1772602560,67761.171875,67881.8125,67739.1171875,67881.8125
1772602740,67881.453125,67974.2734375,67881.453125,67965.1484375
1772602920,68103.328125,68282.609375,68103.328125,68282.609375
1772603100,68218.828125,68244.890625,68165.125,68244.890625
1772603280,68303.2578125,68303.2578125,68163.125,68163.125
1772603460,68173.8671875,68196.9609375,68160.1875,68196.9609375
1772603640,68275.4609375,68357.0546875,68275.4609375,68357.0546875
1772603820,68284.0703125,68284.0703125,68270.9296875,68270.9296875
1772604000,68209.109375,68216.7578125,68209.109375,68216.7578125
1772604180,68133.2421875,68133.2421875,68105.0,68105.0
1772604360,68204.921875,68204.921875,68138.9375,68138.9375
1772604540,68139.296875,68169.015625,68139.296875,68163.9453125
1772604720,68144.1328125,68144.1328125,68103.3046875,68103.3046875
1772604900,68176.59375,68184.875,68135.3828125,68135.3828125
1772605080,68099.5859375,68137.1796875,68099.5859375,68137.1796875
1772605260,68135.1328125,68135.1328125,68135.1328125,68135.1328125
1772605440,68111.375,68122.3671875,68111.375,68122.3671875
1772605620,68137.9765625,68137.9765625,68113.75,68113.75
1772605800,68114.96875,68202.8125,68114.96875,68202.8125
1772605980,68207.171875,68461.171875,68207.171875,68461.171875
1772606160,68430.765625,68493.2109375,68430.765625,68493.2109375
1772606340,68483.65625,68549.6171875,68483.65625,68548.5546875
1772606520,68591.3984375,68591.3984375,68580.1953125,68580.1953125
1772606700,68597.109375,68597.109375,68555.359375,68555.359375
1772606880,68650.125,68650.125,68589.1171875,68624.8984375
1772607060,68612.65625,68612.65625,68511.234375,68511.234375
1772607240,68517.8359375,68517.8359375,68499.625,68499.625
1772607420,68483.3515625,68486.2421875,68483.3515625,68486.2421875
1772607600,68513.90625,68601.2265625,68513.90625,68601.2265625
1772607780,68597.4765625,68597.96875,68553.6875,68553.6875
1772607960,68438.3125,68438.3125,68421.1875,68421.1875
1772608140,68461.7890625,68499.6015625,68461.7890625,68499.6015625
1772608320,68453.328125,68453.328125,68418.0078125,68418.0078125
1772608500,68408.3828125,68428.59375,68401.4921875,68428.59375
1772608680,68411.03125,68411.03125,68399.828125,68399.828125
1772608860,68390.5390625,68486.15625,68390.5390625,68486.15625
1772609040,68485.46875,68530.09375,68485.46875,68505.4765625
1772609220,68544.0625,68666.7421875,68543.7265625,68666.7421875
1772609400,68731.671875,68739.875,68731.671875,68739.875
1772609580,68695.703125,68695.703125,68658.953125,68658.953125
1772609760,68735.4765625,68740.3203125,68716.3828125,68740.3203125
1772609940,68736.453125,68745.2109375,68736.453125,68745.2109375
1772610120,68854.0234375,68875.4140625,68850.3828125,68875.4140625
1772610300,68958.171875,68958.171875,68927.9765625,68927.9765625
1772610480,69429.3671875,69463.4296875,69429.3671875,69463.4296875
1772610660,69371.421875,69395.953125,69359.9296875,69395.953125
1772610840,69388.921875,69388.921875,69324.09375,69333.265625
1772611020,69432.515625,69556.46875,69432.515625,69556.46875
1772611200,69513.703125,69513.703125,69477.8984375,69477.8984375
1772611380,69460.484375,69460.484375,69403.4765625,69403.4765625
1772611560,69467.8203125,69656.8828125,69467.8203125,69656.8828125
1772611740,69624.9921875,69694.640625,69624.9921875,69664.2734375
1772611920,69511.3828125,69511.3828125,69421.3515625,69421.3515625
1772612100,69439.015625,69439.015625,69350.03125,69350.03125
1772612280,69334.4296875,69334.4296875,69292.796875,69292.796875
1772612460,69306.8984375,69306.8984375,69193.3671875,69193.3671875
1772612640,69222.5,69281.6171875,69222.5,69260.0625
1772612820,69284.390625,69301.265625,69284.390625,69292.4921875
1772613000,69318.5703125,69416.390625,69318.5703125,69416.390625
1772613180,69433.234375,69523.859375,69433.234375,69506.6171875
1772613360,69493.421875,69531.5703125,69493.421875,69516.7890625
1772613540,69534.1796875,69673.5390625,69534.1796875,69673.5390625
1772613720,69822.015625,69868.2734375,69822.015625,69868.2734375
1772613900,69913.203125,70311.7109375,69913.203125,70311.7109375
1772614080,70445.015625,70617.7421875,70445.015625,70617.7421875
1772614260,70729.6328125,70729.6328125,70716.4453125,70716.4453125
1772614440,70661.25,70868.3671875,70661.25,70868.3671875
1772614620,70847.3359375,71028.4296875,70847.3359375,71028.4296875
1772614800,71002.8828125,71002.8828125,70967.78125,70989.328125
1772614980,70810.546875,70810.546875,70788.203125,70788.203125
1772615160,71056.4296875,71230.6640625,70907.8203125,70907.8203125
1772615340,71022.0234375,71052.6875,71022.0234375,71052.6875
1772615520,70963.21875,71018.0546875,70963.21875,71018.0546875
1772615700,71070.3125,71239.8203125,71070.3125,71239.8203125
1772615880,71338.65625,71338.65625,71197.5,71197.5
1772616060,71331.5390625,71331.5390625,71235.5234375,71235.5234375
1772616240,71133.515625,71291.359375,71133.515625,71291.359375
1772616420,71260.3828125,71366.703125,71260.3828125,71366.703125
1772616600,71305.78125,71426.375,71305.78125,71426.375
1772616780,71349.1875,71486.8984375,71271.0390625,71486.8984375
1772616960,71553.015625,71558.3125,71553.015625,71558.3125
1772617140,71762.453125,71762.453125,71717.609375,71717.609375
1772617320,71765.2109375,71856.53125,71765.2109375,71855.5625
1772617500,71768.453125,71784.4296875,71723.2421875,71723.2421875
1772617680,71774.6796875,71830.4921875,71774.6796875,71830.4921875
1772617860,71841.4296875,71841.4296875,71639.9609375,71639.9609375
1772618040,71490.15625,71490.15625,71398.9140625,71398.9140625
1772618220,71430.6171875,71472.7109375,71430.6171875,71472.7109375
1772618400,71472.7109375,71562.4140625,71472.7109375,71556.796875
1772618580,71546.0390625,71612.1328125,71546.0390625,71612.1328125
1772618760,71464.15625,71690.7109375,71464.15625,71690.7109375
1772618940,71812.625,71812.625,71804.515625,71804.515625
1772619120,71683.015625,71711.6875,71681.578125,71711.6875
1772619300,71653.390625,71673.4375,71624.046875,71673.4375
1772619480,71584.796875,71584.796875,71500.4609375,71500.4609375
1772619660,71493.671875,71511.0546875,71483.15625,71511.0546875
1772619840,71402.671875,71402.671875,71402.671875,71402.671875
1772620020,71404.3828125,71484.828125,71404.3828125,71484.828125
1772620200,71519.7578125,71519.7578125,71504.0390625,71504.0390625
1772620380,71500.59375,71500.59375,71344.859375,71344.859375
1772620560,71402.8046875,71402.8046875,71345.09375,71345.09375
1772620740,71347.4453125,71397.7890625,71347.4453125,71397.7890625
1772620920,71375.1875,71379.265625,71362.15625,71362.15625
1772621100,71325.7734375,71325.7734375,71311.2109375,71311.2109375
1772621280,71275.53125,71275.53125,71219.5390625,71263.34375
1772621460,71436.546875,71436.546875,71426.5078125,71426.5078125
1772621640,71366.8671875,71366.8671875,71291.78125,71291.78125
1772621820,71257.7265625,71260.1640625,71257.7265625,71260.1640625
1772622000,71297.5859375,71377.0859375,71297.5859375,71377.0859375
1772622180,71378.265625,71397.03125,71378.265625,71397.03125
1772622360,71346.296875,71346.296875,71234.4453125,71234.4453125
1772622540,71256.5078125,71328.8046875,71256.5078125,71328.8046875
1772622720,71338.5,71426.1328125,71338.5,71426.1328125
1772622900,71433.15625,71439.3125,71433.15625,71439.3125
1772623080,71439.28125,71439.28125,71421.4375,71421.4375
1772623260,71422.2421875,71422.2421875,71422.2421875,71422.2421875
1772623440,71306.6796875,71306.6796875,71277.25,71277.25
1772623620,71254.234375,71254.234375,71222.8515625,71222.8515625
1772623800,71239.4453125,71283.328125,71239.4453125,71283.328125
1772623980,71302.4453125,71302.4453125,71157.1015625,71157.1015625
1772624160,71068.6796875,71068.6796875,70952.9375,70952.9375
1772624340,70965.609375,70970.3125,70965.609375,70970.3125
1772624520,71087.75,71087.75,71057.921875,71081.6171875
1772624700,71085.078125,71108.3671875,71085.078125,71108.3671875
1772624880,71088.265625,71088.265625,71058.640625,71058.640625
1772625060,71049.1953125,71085.625,71049.1953125,71085.625
1772625240,71140.859375,71200.0625,71140.859375,71200.0625
1772625420,71137.8046875,71140.40625,71131.1171875,71131.1171875
1772625600,71115.9140625,71115.9140625,71092.9765625,71097.4140625
1772625780,71043.1875,71043.1875,71035.203125,71035.203125
1772625960,71018.6484375,71018.6484375,70855.3359375,70855.3359375
1772626140,70881.890625,70944.8046875,70881.890625,70944.8046875
1772626320,70922.8046875,70922.8046875,70896.28125,70899.3515625
1772626500,70890.2890625,70897.8046875,70851.25,70851.25
1772626680,70805.6875,70805.6875,70746.8046875,70746.8046875
1772626860,70763.328125,70778.2109375,70763.328125,70778.2109375
1772627040,70726.1875,70726.1875,70673.734375,70673.734375
1772627220,70691.2265625,70772.3671875,70691.2265625,70709.1640625
1772627400,70634.890625,70654.3046875,70634.0859375,70654.3046875
1772627580,70648.75,70799.90625,70648.75,70799.90625
1772627760,70745.2734375,70747.4375,70688.4921875,70747.4375
1772627940,70912.3359375,70933.484375,70912.3359375,70933.484375
1772628120,70933.6328125,71026.2109375,70931.3203125,71026.2109375
1772628300,70983.7109375,70983.7109375,70907.5,70907.5
1772628480,70999.4921875,71005.6796875,70999.4921875,71005.6796875
1772628660,71126.265625,71126.265625,71118.234375,71118.234375
1772628840,71115.125,71131.4375,71115.125,71116.40625
1772629020,71226.7890625,71339.9921875,71226.7890625,71339.9921875
1772629200,71340.7265625,71358.2265625,71318.0078125,71358.2265625
1772629380,71314.53125,71364.703125,71297.953125,71364.703125
1772629560,71349.875,71533.8046875,71349.875,71533.8046875
1772629740,71594.09375,71594.09375,71461.2734375,71461.2734375
1772629920,71368.71875,71368.71875,71334.4921875,71334.4921875
1772630100,71309.6171875,71341.953125,71309.6171875,71314.90625
1772630280,71371.21875,71380.703125,71371.21875,71380.703125
1772630460,71331.546875,71354.0234375,71269.0546875,71269.0546875
1772630640,71247.890625,71254.8828125,71247.890625,71254.8828125
1772630820,71292.1953125,71379.046875,71292.1953125,71379.046875
1772631000,71319.296875,71320.7578125,71319.296875,71320.7578125
1772631180,71354.515625,71378.1953125,71344.1640625,71344.1640625
1772631360,71285.203125,71333.75,71285.203125,71322.1640625
1772631540,71400.4375,71436.1875,71400.4375,71430.0234375
1772631720,71518.484375,71518.484375,71518.484375,71518.484375
1772631900,71452.0546875,71452.0546875,71441.6484375,71441.6484375
1772632080,71448.1171875,71448.1171875,71409.0,71409.0
1772632260,71383.84375,71383.84375,71342.53125,71380.0625
1772632440,71390.6015625,71434.4453125,71390.6015625,71434.4453125
1772632620,71499.515625,71499.515625,71486.8828125,71486.8828125
1772632800,71488.296875,71497.75,71472.078125,71472.078125
1772632980,71467.5625,71467.5625,71451.921875,71456.96875
1772633160,71475.6875,71656.4453125,71475.6875,71656.4453125
1772633340,71517.8046875,71647.125,71517.8046875,71647.125
1772633520,71662.25,71685.0859375,71662.25,71685.0859375
1772633700,71804.015625,71970.796875,71804.015625,71970.796875
1772633880,71736.8984375,71736.8984375,71735.6640625,71735.6640625
1772634060,71636.25,71636.25,71622.578125,71625.65625
1772634240,71670.6171875,71670.6171875,71603.4453125,71614.703125
1772634420,71613.734375,71637.9765625,71613.734375,71637.9765625
1772634600,71749.671875,72372.15625,71749.671875,72372.15625
1772634780,72458.796875,72458.796875,72228.5625,72424.1484375
1772634960,72106.875,72106.875,71810.1640625,71838.5234375
1772635140,72004.6640625,72025.1328125,71918.1171875,72025.1328125
1772635320,71674.390625,71674.390625,71591.3125,71591.3125
1772635500,71434.359375,71434.359375,71370.5390625,71428.109375
1772635680,71552.9140625,71592.640625,71552.9140625,71592.640625
1772635860,71614.140625,71767.78125,71614.140625,71767.78125
1772636040,71736.6171875,71736.6171875,71585.09375,71585.09375
1772636220,71725.90625,71725.90625,71628.4609375,71628.4609375
1772636400,71604.0390625,71894.6171875,71604.0390625,71894.6171875
1772636580,71898.4140625,71898.4140625,71717.859375,71717.859375
1772636760,71692.2578125,71796.4921875,71692.2578125,71796.4921875
1772636940,72075.625,72075.625,72031.671875,72031.671875
1772637120,72098.4765625,72227.0078125,72098.4765625,72227.0078125
1772637300,72031.984375,72196.4453125,72031.984375,72196.4453125
1772637480,72245.40625,72245.40625,72221.75,72221.75
1772637660,72461.9140625,72461.9140625,72363.515625,72366.8515625
1772637840,72261.0390625,72359.21875,72261.0390625,72359.21875
1772638020,72710.390625,72789.4140625,72710.390625,72789.4140625
1772638200,72862.578125,73084.7890625,72862.578125,73084.7890625
1772638380,72909.09375,72909.09375,72889.546875,72889.546875
1772638560,72798.203125,72827.0625,72798.203125,72827.0625
1772638740,72708.5078125,72747.984375,72708.5078125,72747.984375
1772638920,72689.40625,72743.1796875,72689.40625,72743.1796875
1772639100,72735.7578125,72910.8984375,72735.7578125,72910.8984375
1772639280,72949.875,72949.875,72885.3203125,72885.3203125
1772639460,73005.328125,73068.7421875,73005.328125,73041.9296875
1772639640,73071.984375,73133.09375,73071.984375,73133.09375
1772639820,73105.3515625,73245.125,73105.3515625,73245.125
1772640000,73404.96875,73404.96875,73369.1796875,73369.1796875
1772640180,73417.75,73417.75,73339.21875,73339.21875
1772640360,73274.9296875,73274.9296875,73106.015625,73106.015625
1772640540,73130.0234375,73130.0234375,72955.6875,73024.5859375
1772640720,72850.5,72850.5,72795.6484375,72795.6484375
1772640900,72861.0703125,72994.71875,72861.0703125,72994.71875
1772641080,73005.3359375,73005.3359375,72856.3828125,72856.3828125
1772641260,72841.9609375,72841.9609375,72606.3125,72606.3125
1772641440,72708.1171875,72708.1171875,72656.4609375,72656.4609375
1772641620,72857.359375,73002.46875,72857.359375,72982.734375
1772641800,72953.65625,73082.9609375,72953.65625,73082.9609375
1772641980,73096.234375,73097.0,73066.3828125,73097.0
1772642160,73141.3515625,73179.6015625,73141.3515625,73165.9296875
1772642340,73197.234375,73279.6171875,73197.234375,73279.6171875
1772642520,73269.875,73290.078125,73267.90625,73267.90625
1772642700,73217.4453125,73217.4453125,73188.2421875,73188.2421875
1772642880,73246.6953125,73262.421875,73246.6953125,73262.421875
1772643060,73275.734375,73287.78125,73217.203125,73217.203125
1772643240,73310.2734375,73310.2734375,73306.484375,73306.484375
1772643420,73257.5234375,73410.8125,73257.5234375,73410.8125
1772643600,73324.921875,73416.9765625,73251.5,73416.9765625
1772643780,73457.203125,73495.890625,73431.5625,73431.5625
1772643960,73338.0390625,73394.859375,73338.0390625,73360.171875
1772644140,73441.984375,73528.953125,73441.984375,73528.953125
1772644320,73535.0625,73695.2890625,73528.453125,73695.2890625
1772644500,73599.453125,73764.4453125,73599.453125,73764.4453125
1772644680,73490.1640625,73490.1640625,73335.3203125,73335.3203125
1772644860,73191.7421875,73191.7421875,73083.0859375,73083.0859375
1772645040,72999.3125,73066.5625,72999.3125,73062.8359375
1772645220,73027.625,73027.625,73004.4140625,73004.4140625
1772645400,73166.84375,73190.1796875,73166.84375,73190.1796875
1772645580,73190.1796875,73190.1796875,73165.671875,73165.671875
1772645760,73249.9609375,73260.90625,73218.53125,73218.53125
1772645940,73215.65625,73215.65625,73121.3984375,73121.3984375
1772646120,73123.6171875,73171.5859375,73123.6171875,73132.1640625
1772646300,73155.0390625,73195.390625,73155.0390625,73160.859375
1772646480,73182.6015625,73296.3359375,73182.6015625,73262.828125
1772646660,73346.4375,73382.078125,73236.2421875,73236.2421875
1772646840,73332.3515625,73348.2109375,73313.15625,73313.15625
1772647020,73272.71875,73272.71875,73223.234375,73251.6796875
1772647200,73243.8515625,73283.78125,73243.8515625,73283.78125
1772647380,73293.21875,73350.515625,73293.21875,73350.515625
1772647560,73384.375,73384.7890625,73343.6796875,73384.7890625
1772647740,73409.453125,73409.453125,73004.0,73004.0
1772647920,73016.6875,73126.8515625,73016.6875,73091.546875
1772648100,73065.7734375,73134.296875,73065.7734375,73134.296875
1772648280,73155.828125,73369.453125,73155.828125,73369.453125
1772648460,73352.859375,73357.0,73336.765625,73357.0
1772648640,73374.75,73377.34375,73365.0,73377.34375
1772648820,73402.4375,73430.0703125,73402.4375,73430.0703125
1772649000,73439.578125,73439.578125,73336.609375,73336.609375
1772649180,73246.1796875,73268.96875,73246.1796875,73268.96875
1772649360,73228.6484375,73235.171875,73218.0234375,73218.0234375
1772649540,73186.546875,73332.203125,73186.546875,73332.203125
1772649720,73435.7578125,73499.0390625,73435.7578125,73499.0390625
1772649900,73550.9765625,73652.96875,73550.9765625,73599.828125
1772650080,73517.4296875,73524.578125,73462.1875,73524.578125
1772650260,73584.265625,73584.265625,73553.578125,73553.578125
1772650440,73695.265625,73695.265625,73552.78125,73552.78125
1772650620,73633.828125,73633.828125,73596.3359375,73596.3359375
1772650800,73645.7421875,73750.7578125,73645.7421875,73750.7578125
1772650980,73683.3046875,73756.96875,73652.7109375,73652.7109375
1772651160,73757.3828125,73767.703125,73751.9921875,73767.703125
1772651340,73743.46875,73757.2421875,73684.625,73757.2421875
1772651520,73772.265625,73990.390625,73772.265625,73973.2578125
1772651700,73888.5546875,73888.5546875,73841.2734375,73841.2734375
1772651880,73783.484375,73984.5859375,73783.484375,73984.5859375
1772652060,74041.8125,74041.8125,73791.4765625,73791.4765625
1772652240,73679.40625,73736.140625,73679.40625,73695.421875
1772652420,73632.6171875,73632.6171875,73625.78125,73625.78125
1772652600,73570.1953125,73628.234375,73570.1953125,73599.4765625
1772652780,73648.4921875,73648.4921875,73568.6953125,73568.6953125
1772652960,73678.6328125,73724.8671875,73678.6328125,73714.0
1772653140,73814.1640625,73856.75,73796.8203125,73796.8203125
1772653320,73827.1953125,73872.1015625,73756.6875,73756.6875
1772653500,73760.03125,73760.03125,73711.046875,73711.046875
1772653680,73709.59375,73709.59375,73673.65625,73673.65625
1772653860,73702.5078125,73749.0,73657.3984375,73749.0
1772654040,73763.40625,73765.5,73741.21875,73741.21875
1772654220,73731.8515625,73731.8515625,73717.9375,73717.9375
1772654400,73669.5703125,73674.078125,73668.5078125,73674.078125
1772654580,73655.5,73655.5,73605.3046875,73646.4921875
1772654760,73603.265625,73603.265625,73572.59375,73572.59375
1772654940,73410.3125,73410.3125,73352.140625,73374.1796875
1772655120,73367.5546875,73478.7890625,73367.5546875,73478.7890625
1772655300,73468.234375,73579.1796875,73468.234375,73579.1796875
1772655480,73578.984375,73578.984375,73431.765625,73431.765625
1772655660,73470.46875,73470.46875,73347.3828125,73382.375
1772655840,73406.75,73460.6796875,73406.75,73460.6796875
1772656020,73486.390625,73541.7109375,73478.546875,73541.7109375
1772656200,73476.40625,73476.40625,73425.7109375,73425.7109375
1772656380,73411.1015625,73486.5546875,73365.40625,73486.5546875
1772656560,73493.421875,73588.1796875,73461.484375,73461.484375
1772656740,73433.4140625,73463.4296875,73433.4140625,73463.4296875
1772656920,73479.1875,73513.3828125,73479.1875,73513.3828125
1772657100,73535.3984375,73535.3984375,73521.0078125,73521.0078125
1772657280,73482.2265625,73500.53125,73471.75,73500.53125
1772657460,73365.015625,73402.171875,73322.6953125,73322.6953125
1772657640,73282.5078125,73282.5078125,73229.9609375,73229.9609375
1772657820,73201.640625,73201.640625,73156.828125,73156.828125
1772658000,73110.6328125,73110.6328125,72915.9296875,72915.9296875
1772658180,73013.7578125,73126.203125,73013.7578125,73126.203125
1772658360,73106.921875,73106.921875,73055.796875,73055.796875
1772658540,73030.5078125,73041.734375,73030.5078125,73041.734375
1772658720,73005.75,73034.609375,73005.6171875,73034.609375
1772658900,73094.953125,73094.953125,73070.8359375,73070.8359375
1772659080,73030.84375,73064.3671875,73028.7109375,73064.3671875
1772659260,73101.953125,73211.96875,73101.953125,73202.203125
1772659440,73167.734375,73204.6484375,73167.734375,73204.6484375
1772659620,73212.109375,73239.5234375,73212.109375,73239.5234375
1772659800,73183.921875,73183.921875,73138.2578125,73159.3671875
1772659980,73185.1875,73196.515625,73185.1875,73188.890625
1772660160,73159.1875,73255.203125,73159.1875,73255.203125
1772660340,73306.46875,73323.40625,73241.5859375,73241.5859375
1772660520,73242.6875,73273.4140625,73242.6875,73273.4140625
1772660700,73264.890625,73302.640625,73264.890625,73299.7421875
1772660880,73303.078125,73303.078125,73284.65625,73289.21875
1772661060,73257.0,73315.6640625,73257.0,73315.6640625
1772661240,73330.890625,73330.890625,73230.3359375,73230.3359375
1772661420,73234.5234375,73318.4609375,73234.5234375,73318.4609375
1772661600,73334.5234375,73460.4765625,73334.5234375,73460.4765625
1772661780,73524.5,73524.5,73416.9140625,73445.6015625
1772661960,73414.1875,73420.0390625,73414.1875,73420.0390625
1772662140,73467.515625,73497.453125,73467.515625,73497.453125
1772662320,73431.6171875,73431.6171875,73335.1640625,73335.1640625
1772662500,73276.3203125,73276.3203125,73276.3203125,73276.3203125
1772662680,73271.328125,73271.328125,73230.4140625,73230.4140625
1772662860,73231.8125,73313.25,73231.8125,73313.25
1772663040,73367.546875,73367.546875,73313.5234375,73330.3984375
1772663220,73302.71875,73335.6015625,73302.71875,73335.6015625
1772663400,73307.9296875,73307.9296875,73278.9765625,73278.9765625
1772663580,73250.0859375,73250.0859375,73193.078125,73193.078125
1772663760,73129.609375,73148.65625,73124.515625,73124.515625
1772663940,73087.765625,73093.5546875,73087.765625,73093.5546875
1772664120,73064.421875,73064.421875,72926.546875,72926.546875
1772664300,72929.6875,72929.6875,72767.9765625,72835.0625
1772664480,72835.65625,72835.65625,72819.984375,72822.453125
1772664660,72814.328125,72815.1328125,72804.0859375,72804.0859375
1772664840,72728.015625,72728.015625,72677.96875,72677.96875
1772665020,72667.5546875,72755.4453125,72665.984375,72755.4453125
1772665200,72710.6875,72769.5,72710.6875,72714.4453125
1772665380,72811.9375,72811.9375,72811.9375,72811.9375
1772665560,72739.0390625,72739.0390625,72731.84375,72731.84375
1772665740,72699.1328125,72699.1328125,72699.1328125,72699.1328125
1772665920,72700.234375,72700.234375,72691.4765625,72691.4765625
1772666100,72720.8671875,72829.3203125,72720.8671875,72829.3203125
1772666280,72775.578125,72775.578125,72738.1171875,72738.1171875
1772666460,72539.7265625,72567.625,72539.7265625,72567.625
1772666640,72591.1328125,72602.7890625,72581.90625,72602.7890625
1772666820,72644.890625,72644.890625,72576.90625,72576.90625
1772667000,72538.71875,72538.71875,72471.4921875,72478.828125
1772667180,72377.7265625,72377.7265625,72336.9921875,72365.1640625
1772667360,72383.3671875,72628.6953125,72383.3671875,72628.6953125
1772667540,72643.671875,72711.6796875,72643.671875,72682.5703125
1772667720,72689.8046875,72716.8515625,72689.8046875,72716.8515625
1772667900,72752.4296875,72786.2890625,72752.4296875,72786.2890625
1772668080,72815.90625,72815.90625,72721.3515625,72721.3515625
1772668260,72722.2265625,72722.2265625,72633.9375,72633.9375
1772668440,72639.2890625,72662.25,72639.2890625,72662.25
1772668620,72668.71875,72670.125,72668.71875,72670.125
1772668800,72729.2734375,72751.1171875,72729.2734375,72751.1171875
1772668980,72817.7578125,72817.7578125,72746.421875,72746.421875
1772669160,72719.875,72742.3671875,72719.875,72742.3671875
1772669340,72732.6171875,72732.6171875,72574.9609375,72574.9609375
1772669520,72598.703125,72708.734375,72598.703125,72708.734375
1772669700,72711.4609375,72796.8515625,72711.4609375,72796.8515625
1772669880,72892.796875,72901.7734375,72883.3828125,72901.7734375
1772670060,72952.515625,72952.515625,72868.8828125,72943.4921875
1772670240,72943.03125,72943.03125,72888.0625,72888.0625
1772670420,72779.65625,72846.8125,72753.3671875,72846.8125
1772670600,72847.4375,72863.0,72821.59375,72863.0
1772670780,72840.0859375,72840.0859375,72807.9765625,72817.8984375
1772670960,72797.03125,72862.6484375,72797.03125,72804.453125
1772671140,72821.390625,72880.1953125,72814.3125,72880.1953125
1772671320,72990.6015625,72990.6015625,72909.0234375,72909.0234375
1772671500,72905.9921875,72972.6484375,72905.9921875,72972.6484375
1772671680,72924.234375,72924.234375,72897.65625,72897.65625
1772671860,72916.546875,72916.546875,72807.96875,72807.96875
1772672040,72778.7109375,72812.46875,72772.6328125,72812.46875
1772672220,72846.75,72857.046875,72822.90625,72822.90625
1772672400,72815.109375,72815.109375,72768.1796875,72768.1796875
1772672580,72750.234375,72750.234375,72734.40625,72734.40625
1772672760,72761.7578125,72894.546875,72761.7578125,72894.546875
1772672940,72942.6328125,73066.984375,72942.6328125,73042.8515625
1772673120,72948.4765625,73261.5859375,72948.4765625,73261.5859375
1772673300,73166.5703125,73203.5234375,73133.1171875,73133.1171875
1772673480,73073.1640625,73118.9765625,73072.0234375,73072.0234375
1772673660,73047.6796875,73047.6796875,72825.03125,72825.03125
1772673840,72898.234375,72982.6484375,72878.625,72982.6484375
1772674020,72981.5,72981.5,72981.5,72981.5
1772674200,72951.875,72951.875,72895.6796875,72895.6796875
1772674380,72800.234375,72800.234375,72800.234375,72800.234375
1772674560,72870.3046875,72870.3046875,72848.984375,72848.984375
1772674740,72853.3203125,72853.3203125,72837.6875,72841.984375
1772674920,72773.4453125,72773.4453125,72668.9921875,72668.9921875
1772675100,72636.234375,72664.1640625,72636.234375,72664.1640625
1772675280,72670.3203125,72670.3203125,72622.390625,72622.390625
1772675460,72570.0,72570.0,72512.5625,72514.0078125
1772675640,72551.7109375,72584.984375,72462.2578125,72462.2578125
1772675820,72462.421875,72492.8828125,72462.421875,72492.8828125
1772676000,72530.8984375,72612.2421875,72530.8984375,72612.2421875
1772676180,72660.4609375,72695.765625,72660.4609375,72675.515625
1772676360,72662.1953125,72665.359375,72662.1953125,72663.84375
1772676540,72816.671875,72816.671875,72747.6953125,72747.6953125
1772676720,72738.3515625,72818.8671875,72738.3515625,72818.8671875
1772676900,72823.9609375,72858.359375,72823.9609375,72858.359375
1772677080,72822.09375,72822.09375,72795.6796875,72811.90625
1772677260,72787.5625,72826.7890625,72787.5625,72826.7890625
1772677440,72806.9921875,72806.9921875,72757.4375,72757.4375
1772677620,72733.65625,72733.65625,72685.78125,72685.78125
1772677800,72729.25,72729.25,72555.484375,72555.484375
1772677980,72559.2109375,72559.2109375,72469.0234375,72469.0234375
1772678160,72463.6640625,72505.5625,72463.6640625,72492.5390625
1772678340,72464.890625,72464.890625,72395.1328125,72395.1328125
1772678520,72369.4609375,72390.1640625,72369.4609375,72390.1640625
1772678700,72368.5546875,72496.71875,72368.5546875,72496.71875
1772678880,72490.1640625,72529.6015625,72450.671875,72529.6015625
1772679060,72568.09375,72568.09375,72536.1796875,72536.1796875
1772679240,72505.1015625,72505.1015625,72418.2734375,72418.2734375
1772679420,72398.6953125,72452.25,72398.6953125,72449.1015625
1772679600,72510.953125,72534.671875,72510.953125,72534.671875
1772679780,72542.0546875,72644.8203125,72542.0546875,72644.8203125
1772679960,72682.625,72735.3046875,72682.625,72735.3046875
1772680140,72659.0625,72659.0625,72659.0625,72659.0625
1772680320,72607.2265625,72629.6015625,72597.046875,72597.046875
1772680500,72657.8828125,72675.7265625,72657.8828125,72675.7265625
1772680680,72653.390625,72653.390625,72537.1953125,72537.1953125
1772680860,72577.5078125,72629.28125,72577.5078125,72629.28125
1772681040,72603.0078125,72603.0078125,72577.8203125,72593.4296875
1772681220,72626.6484375,72626.6484375,72607.140625,72607.140625
1772681400,72528.9296875,72528.9296875,72478.1484375,72478.1484375
1772681580,72471.609375,72471.609375,72417.1875,72417.1875
1772681760,72425.734375,72441.0703125,72425.734375,72441.0703125
1772681940,72404.421875,72451.6171875,72404.421875,72451.6171875
1772682120,72466.578125,72466.578125,72418.125,72418.125
1772682300,72373.5625,72416.640625,72373.5625,72416.640625
1772682480,72414.96875,72429.4453125,72414.96875,72429.4453125
1772682660,72427.4296875,72436.2421875,72427.4296875,72436.2421875
1772682840,72433.921875,72540.15625,72433.921875,72540.15625
1772683020,72524.046875,72524.046875,72513.1328125,72513.1328125
1772683200,72502.0625,72530.890625,72502.0625,72530.890625
1772683380,72486.5390625,72497.9140625,72478.2578125,72497.9140625
1772683560,72596.90625,72596.90625,72533.1953125,72533.1953125
1772683740,72574.7578125,72671.75,72574.7578125,72671.75
1772683920,72671.75,72698.6640625,72651.8515625,72651.8515625
1772684100,72668.359375,72668.359375,72641.53125,72641.53125
1772684280,72628.0078125,72678.0,72628.0078125,72678.0
1772684460,72661.3125,72779.703125,72661.3125,72779.703125
1772684640,72775.2890625,72775.2890625,72746.859375,72774.21875
1772684820,72771.8515625,72807.0234375,72766.65625,72807.0234375
1772685000,72802.875,72802.875,72791.0234375,72791.0234375
1772685180,72766.0703125,72766.0703125,72632.84375,72632.84375
1772685360,72617.2890625,72768.3671875,72617.2890625,72768.3671875
1772685540,72828.09375,72828.09375,72761.453125,72761.453125
1772685720,72809.7734375,72872.484375,72809.7734375,72872.484375
1772685900,72940.2734375,73056.2578125,72940.2734375,72947.234375
1772686080,72920.25,72920.25,72882.8828125,72882.8828125
1772686260,72848.375,72848.375,72749.0546875,72749.0546875
1772686440,72735.234375,72747.9765625,72735.234375,72747.9765625
1772686620,72814.875,72844.921875,72814.875,72823.25
1772686800,72847.9296875,72880.28125,72847.9296875,72880.28125
1772686980,72887.84375,72887.84375,72802.3984375,72802.3984375
1772687160,72784.8671875,72784.8671875,72763.6953125,72763.6953125
1772687340,72742.5625,72802.765625,72742.5625,72802.765625
1772687520,72796.84375,72797.4609375,72796.84375,72797.4609375
1772687700,72822.1953125,72822.1953125,72794.2109375,72794.2109375
1772687880,72762.6328125,72762.6328125,72721.75,72721.75
1772688060,72645.8984375,72645.8984375,72571.890625,72571.890625
1772688240,72577.7734375,72577.7734375,72504.71875,72504.71875
1772688420,72480.5234375,72507.3515625,72480.5234375,72507.3515625
1772688600,72473.25,72507.6875,72473.25,72507.6875
1772688780,72524.21875,72537.3125,72524.21875,72537.3125
1772688960,72547.0390625,72547.0390625,72390.2734375,72390.2734375
1772689140,72425.46875,72425.46875,72389.46875,72389.46875
1772689320,72388.2421875,72388.2421875,72380.1953125,72380.1953125
1772689500,72423.7578125,72423.7578125,72405.640625,72417.40625
1772689680,72474.015625,72474.015625,72413.53125,72418.2265625
1772689860,72397.5859375,72442.453125,72397.5859375,72442.453125
1772690040,72453.8125,72467.1875,72433.7265625,72433.7265625
1772690220,72428.515625,72428.515625,72287.265625,72287.265625
1772690400,72412.0390625,72412.0390625,72259.796875,72259.796875
1772690580,72390.046875,72438.359375,72390.046875,72395.875
1772690760,72375.65625,72375.65625,72299.6953125,72299.6953125
1772690940,72190.2265625,72190.2265625,72131.8203125,72131.8203125
1772691120,72066.6953125,72125.984375,72066.6953125,72125.984375
1772691300,72172.078125,72172.078125,72140.3671875,72140.3671875
1772691480,72100.6171875,72207.4296875,72100.6171875,72207.4296875
1772691660,72322.5703125,72502.75,72322.5703125,72502.75
1772691840,72479.453125,72479.453125,72438.5,72438.5
1772692020,72398.609375,72398.609375,72373.265625,72373.265625
1772692200,72397.7734375,72415.1640625,72360.3125,72360.3125
1772692380,72312.921875,72380.53125,72312.921875,72380.53125
1772692560,72384.515625,72384.515625,72330.4921875,72330.4921875
1772692740,72409.2734375,72485.3046875,72409.2734375,72485.3046875
1772692920,72453.0078125,72453.0078125,72432.640625,72449.5625
1772693100,72429.0,72429.0,72417.7265625,72417.7265625
1772693280,72481.1640625,72546.7265625,72481.1640625,72546.7265625
1772693460,72642.375,72642.375,72585.8046875,72585.8046875
1772693640,72566.9921875,72578.8203125,72566.9921875,72578.8203125
1772693820,72547.3984375,72560.7109375,72547.3984375,72560.7109375
1772694000,72560.75,72567.6328125,72537.3828125,72537.3828125
1772694180,72534.4375,72594.4140625,72534.4375,72594.4140625
1772694360,72452.7265625,72489.46875,72452.7265625,72489.46875
1772694540,72478.984375,72577.6875,72478.984375,72577.6875
1772694720,72606.1640625,72606.1640625,72606.1640625,72606.1640625
1772694900,72657.8515625,72659.0703125,72630.3984375,72630.3984375
1772695080,72615.390625,72620.6015625,72615.390625,72620.6015625
1772695260,72647.25,72647.25,72623.2734375,72641.5
1772695440,72660.1171875,72660.1171875,72640.1015625,72640.1015625
1772695620,72630.4765625,72630.4765625,72559.296875,72559.296875
1772695800,72544.171875,72544.171875,72487.2109375,72487.2109375
1772695980,72494.140625,72494.140625,72353.2109375,72353.2109375
1772696160,72312.90625,72312.90625,72281.359375,72281.359375
1772696340,72228.8046875,72228.8046875,72228.8046875,72228.8046875
1772696520,72217.96875,72222.28125,72217.6484375,72217.6484375
1772696700,72199.671875,72209.375,72199.671875,72209.375
1772696880,72221.9296875,72221.9296875,72176.7890625,72176.7890625
1772697060,71957.7890625,71957.7890625,71859.9296875,71859.9296875
1772697240,71833.234375,71886.5,71833.234375,71886.5
1772697420,71943.1796875,71994.4453125,71943.1796875,71994.4453125
1772697600,72075.7265625,72075.7265625,72036.703125,72036.703125
1772697780,72035.3828125,72035.3828125,71906.8359375,71906.8359375
1772697960,71903.78125,71903.78125,71878.203125,71878.203125
1772698140,71948.8984375,71948.8984375,71906.328125,71906.328125
1772698320,71879.21875,71879.21875,71849.9453125,71849.9453125
1772698500,71851.984375,71974.9140625,71851.984375,71974.9140625
1772698680,71995.6875,71995.6875,71932.8203125,71932.8203125
1772698860,71951.078125,72039.3359375,71951.078125,72039.3359375
1772699040,72032.140625,72032.140625,71901.53125,71901.53125
1772699220,71794.0078125,71837.9765625,71794.0078125,71837.9765625
1772699400,71823.6484375,71953.84375,71823.6484375,71953.84375
1772699580,72116.390625,72119.3515625,72095.6171875,72095.6171875
1772699760,72097.421875,72143.015625,72097.421875,72122.1015625
1772699940,72094.890625,72094.890625,72014.96875,72014.96875
1772700120,72049.828125,72049.828125,72036.4921875,72036.4921875
1772700300,72204.7578125,72248.015625,72192.078125,72192.078125
1772700480,72148.9765625,72275.4296875,72148.9765625,72275.4296875
1772700660,72268.3515625,72336.515625,72268.3515625,72336.515625
1772700840,72327.53125,72329.0859375,72327.53125,72329.0859375
1772701020,72334.828125,72374.171875,72334.828125,72374.171875
1772701200,72350.8984375,72371.578125,72350.8984375,72371.578125
1772701380,72410.796875,72488.40625,72410.796875,72479.3359375
1772701560,72486.5234375,72486.5234375,72454.5,72464.953125
1772701740,72587.078125,72587.078125,72551.640625,72551.640625
1772701920,72684.7109375,72684.7109375,72658.1640625,72658.1640625
1772702100,72633.3984375,72633.3984375,72605.71875,72627.546875
1772702280,72617.6875,72617.6875,72519.1796875,72521.6875
1772702460,72522.6328125,72572.1875,72522.6328125,72572.1875
1772702640,72618.765625,72655.6328125,72618.765625,72655.6328125
1772702820,72645.453125,72645.453125,72644.40625,72644.40625
1772703000,72702.1328125,72702.1328125,72668.3828125,72693.7734375
1772703180,72670.78125,72716.5546875,72670.78125,72716.5546875
1772703360,72844.15625,72844.15625,72738.6875,72738.6875
1772703540,72610.921875,72610.921875,72554.2734375,72554.2734375
1772703720,72532.921875,72532.921875,72514.171875,72514.171875
1772703900,72545.4375,72580.8828125,72545.4375,72580.8828125
1772704080,72578.1484375,72578.1484375,72496.6953125,72508.6015625
1772704260,72497.8984375,72512.7890625,72497.8984375,72512.7890625
1772704440,72571.6171875,72571.6171875,72547.8203125,72547.8203125
1772704620,72589.5,72599.0,72589.5,72599.0
1772704800,72595.625,72615.9375,72595.625,72615.9375
1772704980,72639.203125,72639.203125,72585.34375,72585.34375
1772705160,72667.4921875,72710.09375,72667.4921875,72710.09375
1772705340,72725.421875,72728.5859375,72725.421875,72728.5859375
1772705520,72752.109375,72752.109375,72749.03125,72749.03125
1772705700,72732.25,72732.25,72689.015625,72689.015625
1772705880,72792.46875,72849.90625,72792.46875,72849.90625
1772706060,72834.7578125,72854.9609375,72791.296875,72854.9609375
1772706240,72995.265625,72995.265625,72944.359375,72944.359375
1772706420,73240.0703125,73296.8671875,73240.0703125,73264.5546875
1772706600,73207.8046875,73240.1484375,73207.8046875,73240.1484375
1772706780,73421.390625,73521.203125,73421.390625,73521.203125
1772706960,73503.84375,73503.84375,73372.6171875,73372.6171875
1772707140,73328.390625,73328.390625,73251.75,73251.75
1772707320,73273.6953125,73336.4921875,73273.6953125,73336.4921875
1772707500,73337.09375,73337.09375,73294.8125,73294.8125
1772707680,73379.7265625,73386.828125,73379.7265625,73386.828125
1772707860,73370.0703125,73527.2890625,73370.0703125,73527.2890625
1772708040,73457.21875,73457.21875,73453.375,73453.375
1772708220,73512.140625,73512.140625,73390.0703125,73390.0703125
1772708400,73415.9375,73433.3125,73415.9375,73433.3125
1772708580,73330.6640625,73330.6640625,73254.4765625,73254.4765625
1772708760,73194.5546875,73194.5546875,73134.875,73134.875
1772708940,73112.984375,73112.984375,73112.984375,73112.984375
1772709120,73132.765625,73217.8671875,73132.765625,73217.8671875
1772709300,73169.953125,73190.40625,73169.953125,73190.40625
1772709480,73170.1953125,73170.1953125,73128.1328125,73128.1328125
1772709660,73129.359375,73137.2734375,73129.359375,73137.2734375
1772709840,73053.6484375,73053.6484375,72947.5234375,72947.5234375
1772710020,73008.3671875,73134.71875,73008.3671875,73121.1328125
1772710200,73136.1328125,73136.1328125,73050.6328125,73050.6328125
1772710380,73020.8515625,73032.875,73020.8515625,73032.875
1772710560,73062.375,73074.9453125,72940.484375,72940.484375
1772710740,72914.0625,72914.0625,72822.6328125,72822.6328125
1772710920,72852.640625,72852.640625,72852.640625,72852.640625
1772711100,72856.9921875,72907.9375,72856.9921875,72907.9375
1772711280,72939.546875,72939.546875,72891.453125,72891.453125
1772711460,72919.8203125,72919.8203125,72855.078125,72855.078125
1772711640,72862.09375,72862.09375,72838.0,72855.4609375
1772711820,72876.4453125,72876.4453125,72876.4453125,72876.4453125
1772712000,72928.21875,72928.21875,72848.96875,72848.96875
1772712180,72700.9609375,72796.515625,72700.9609375,72796.515625
1772712360,72803.4609375,72936.59375,72803.4609375,72936.59375
1772712540,72934.140625,72934.140625,72930.1953125,72930.1953125
1772712720,72932.78125,72998.671875,72932.78125,72991.3515625
1772712900,72974.8046875,72974.8046875,72857.4921875,72857.4921875
1772713080,72745.28125,72901.84375,72745.28125,72901.84375
1772713260,72888.859375,72911.1484375,72888.859375,72911.1484375
1772713440,72883.328125,72907.265625,72883.328125,72907.265625
1772713620,72888.71875,72888.71875,72767.921875,72777.65625
1772713800,72800.578125,72800.578125,72770.1796875,72770.1796875
1772713980,72778.40625,72825.0546875,72778.40625,72825.0546875
1772714160,72809.578125,72809.578125,72733.3984375,72733.3984375
1772714340,72804.890625,72804.890625,72785.1015625,72785.1015625
1772714520,72854.3984375,72929.0625,72854.3984375,72925.1171875
1772714700,72915.140625,73028.4609375,72915.140625,73028.4609375
1772714880,72985.09375,72985.09375,72973.015625,72973.015625
1772715060,73047.9296875,73047.9296875,72955.46875,72955.46875
1772715240,72958.578125,73010.1328125,72958.578125,73010.1328125
1772715420,72969.5390625,72969.5390625,72960.703125,72960.703125
1772715600,72925.5390625,72925.5390625,72864.671875,72864.671875
1772715780,72793.8203125,72801.28125,72793.8203125,72798.8203125
1772715960,72707.0234375,72731.015625,72707.0234375,72727.546875
1772716140,72744.1015625,72744.1015625,72717.171875,72717.171875
1772716320,72617.78125,72625.828125,72617.78125,72625.828125
1772716500,72687.140625,72740.03125,72666.46875,72740.03125
1772716680,72719.2421875,72719.2421875,72619.359375,72669.8046875
1772716860,72710.453125,72710.453125,72638.6171875,72638.6171875
1772717040,72581.890625,72581.890625,72397.890625,72397.890625
1772717220,72457.15625,72486.1640625,72457.15625,72486.1640625
1772717400,72508.015625,72508.015625,72278.421875,72278.421875
1772717580,72290.6640625,72348.34375,72290.6640625,72348.34375
1772717760,72320.1875,72368.2578125,72320.1875,72359.375
1772717940,72356.3125,72368.5390625,72356.3125,72359.6328125
1772718120,72363.65625,72514.3359375,72363.65625,72511.3125
1772718300,72509.5546875,72516.3203125,72493.234375,72493.234375
1772718480,72576.9609375,72636.7578125,72576.9609375,72636.7578125
1772718660,72655.578125,72664.5078125,72655.578125,72664.5078125
1772718840,72657.390625,72657.390625,72607.296875,72607.296875
1772719020,72613.8203125,72613.8203125,72484.328125,72484.328125
1772719200,72466.4453125,72494.5859375,72466.4453125,72494.5859375
1772719380,72534.3125,72569.171875,72534.3125,72535.84375
1772719560,72581.4921875,72599.0859375,72578.25,72578.25
1772719740,72365.578125,72546.9453125,72365.578125,72546.9453125
1772719920,72532.7890625,72579.7734375,72532.7890625,72579.7734375
1772720100,72624.484375,72624.484375,72560.6484375,72560.6484375
1772720280,72470.8828125,72504.9296875,72470.8828125,72504.9296875
1772720460,72505.0625,72514.9375,72481.9296875,72514.9375
1772720640,72537.625,72568.03125,72479.1640625,72568.03125
1772720820,72530.2109375,72534.890625,72530.2109375,72534.890625
1772721000,72562.59375,72562.59375,72386.9375,72386.9375
1772721180,72437.2265625,72690.328125,72437.2265625,72690.328125
1772721360,72668.5546875,72695.2109375,72612.1015625,72612.1015625
1772721540,72654.8203125,72654.8203125,72201.6484375,72201.6484375
1772721720,72245.84375,72245.84375,72170.671875,72170.671875
1772721900,72023.9453125,72077.8515625,72013.484375,72077.8515625
1772722080,72173.921875,72287.6796875,72115.2578125,72115.2578125
1772722260,72256.7890625,72463.1015625,72256.7890625,72367.53125
1772722440,72521.1328125,72527.3359375,72509.28125,72527.3359375
1772722620,72451.46875,72711.2890625,72451.46875,72711.2890625
1772722800,72677.2265625,72677.2265625,72612.609375,72612.609375
1772722980,72555.1328125,72555.1328125,72436.4296875,72436.4296875
1772723160,72248.8828125,72248.8828125,72081.7265625,72081.7265625
1772723340,71850.921875,71850.921875,71850.921875,71850.921875
1772723520,71673.671875,71685.5,71673.671875,71685.5
1772723700,71844.3203125,71844.3203125,71695.1875,71695.1875
1772723880,71684.53125,71684.53125,71657.109375,71660.7421875
1772724060,71731.71875,71731.71875,71565.3828125,71565.3828125
1772724240,71609.3203125,71609.3203125,71483.90625,71483.90625
1772724420,71395.6953125,71395.6953125,71276.078125,71276.078125
1772724600,71289.1328125,71289.1328125,71200.6796875,71200.6796875
1772724780,71419.3515625,71419.3515625,71307.4453125,71307.4453125
1772724960,71378.765625,71378.765625,71378.765625,71378.765625
1772725140,71475.71875,71492.2421875,71475.71875,71492.2421875
1772725320,71446.3671875,71503.9296875,71438.3359375,71438.3359375
1772725500,71454.53125,71507.8203125,71425.75,71425.75
1772725680,71383.6953125,71441.34375,71383.6953125,71387.4609375
1772725860,71583.359375,71583.359375,71583.359375,71583.359375
1772726040,71715.390625,71715.390625,71578.71875,71578.71875
1772726220,71481.0078125,71481.0078125,71481.0078125,71481.0078125
1772726400,71642.875,71642.875,71495.609375,71495.609375
1772726580,71429.7734375,71429.7734375,71348.171875,71348.171875
1772726760,71300.4609375,71300.4609375,71067.2890625,71150.3515625
1772726940,70995.3828125,70995.3828125,70894.4453125,70894.4453125
1772727120,70829.8984375,71071.0859375,70829.8984375,71071.0859375
1772727300,71011.6328125,71011.6328125,70998.5390625,71003.1875
1772727480,70996.140625,70996.140625,70927.6328125,70927.6328125
1772727660,70911.5390625,71076.03125,70911.5390625,71076.03125
1772727840,71065.109375,71100.703125,71065.109375,71100.703125
1772728020,71084.1484375,71084.1484375,71084.1484375,71084.1484375
1772728200,71033.3359375,71147.671875,71033.3359375,71147.671875
1772728380,71199.5234375,71199.5234375,71199.5234375,71199.5234375
1772728560,71206.84375,71341.7890625,71206.84375,71341.7890625
1772728740,71340.875,71616.421875,71340.875,71616.421875
1772728920,71430.625,71430.625,71373.8359375,71373.8359375
1772729100,71372.0390625,71380.2265625,71355.15625,71355.15625
1772729280,71381.609375,71381.609375,71316.5859375,71316.5859375
1772729460,71350.453125,71350.453125,71244.4921875,71244.4921875
1772729640,71237.125,71243.2734375,71237.125,71243.2734375
1772729820,71326.3359375,71379.46875,71318.9765625,71318.9765625
1772730000,71329.6015625,71353.6640625,71326.9921875,71353.6640625
1772730180,71413.84375,71569.1171875,71413.84375,71554.8359375
1772730360,71482.8828125,71482.8828125,71244.4765625,71244.4765625
1772730540,71101.2109375,71101.2109375,71101.2109375,71101.2109375
1772730720,71161.71875,71161.71875,71141.3984375,71141.3984375
1772730900,71130.53125,71130.53125,71042.703125,71042.703125
1772731080,71041.859375,71051.8046875,71041.859375,71051.8046875
1772731260,71072.8671875,71072.8671875,70956.5625,70956.5625
1772731440,71005.28125,71113.90625,71005.28125,71113.90625
1772731620,71053.390625,71065.6953125,71053.390625,71065.6953125
1772731800,70992.65625,70992.65625,70809.4375,70809.4375
1772731980,70770.78125,70838.2265625,70770.78125,70838.2265625
1772732160,70780.40625,70914.921875,70758.6875,70914.921875
1772732340,70819.984375,70982.7265625,70819.984375,70982.7265625
1772732520,70889.484375,70904.703125,70889.484375,70904.703125
1772732700,70874.3515625,70874.3515625,70825.71875,70825.71875
1772732880,70779.0625,70779.0625,70779.0625,70779.0625
1772733060,70663.078125,70663.078125,70663.078125,70663.078125
1772733240,70895.5078125,70895.5078125,70827.984375,70827.984375
1772733420,70808.78125,70837.2890625,70808.78125,70837.2890625
1772733600,70711.3203125,70735.265625,70711.3203125,70735.265625
1772733780,70733.0859375,70857.8515625,70733.0859375,70857.8515625
1772733960,70944.515625,70944.515625,70944.515625,70944.515625
1772734140,70970.0234375,71032.828125,70958.6640625,71032.828125
1772734320,70947.1484375,71018.0859375,70947.1484375,71018.0859375
1772734500,71009.28125,71009.28125,71003.3828125,71003.3828125
1772734680,71027.8671875,71027.8671875,70965.921875,70965.921875
1772734860,70897.7421875,70973.7265625,70847.6875,70973.7265625
1772735040,70819.046875,70819.046875,70819.046875,70819.046875
1772735220,70853.0859375,70853.0859375,70853.0859375,70853.0859375
1772735400,70823.921875,70878.6171875,70823.921875,70878.6171875
1772735580,70902.5625,70980.4921875,70902.5625,70980.4921875
1772735760,70979.8359375,70979.8359375,70937.0625,70937.0625
1772735940,70942.703125,70942.703125,70915.5078125,70915.5078125
1772736120,70936.328125,70953.8046875,70936.328125,70953.8046875
1772736300,70949.203125,70955.046875,70949.203125,70955.046875
1772736480,70933.5859375,70933.5859375,70933.5859375,70933.5859375
1772736660,70880.8203125,70880.8203125,70831.0078125,70831.0078125
1772736840,70878.0546875,70878.0546875,70870.28125,70870.28125
1772737020,70957.640625,70999.6015625,70957.640625,70981.2734375
1772737200,70995.1015625,71086.7109375,70995.1015625,71086.7109375
1772737380,71133.8359375,71144.5703125,71133.8359375,71144.5703125
1772737560,71163.0546875,71163.0546875,71163.0546875,71163.0546875
1772737740,71249.7890625,71249.7890625,71227.4296875,71227.4296875
1772737920,71247.3515625,71325.21875,71247.3515625,71325.21875
1772738100,71322.4921875,71322.4921875,71268.109375,71268.109375
1772738280,71311.296875,71311.296875,71311.296875,71311.296875
1772738460,71337.2734375,71337.2734375,71337.2734375,71337.2734375
1772738640,71283.4375,71283.4375,71147.9609375,71147.9609375
1772738820,71082.0,71107.75,71082.0,71107.75
1772739000,71029.984375,71029.984375,71029.984375,71029.984375
1772739180,71010.5625,71037.6171875,71010.5625,71037.6171875
1772739360,70952.234375,70958.078125,70952.234375,70958.078125
1772739540,70984.859375,71052.5390625,70984.859375,71052.5390625
1772739720,71086.5234375,71132.0,71086.5234375,71113.9921875
1772739900,71037.6015625,71060.328125,71037.6015625,71060.328125
1772740080,71072.8515625,71072.8515625,71072.546875,71072.546875
1772740260,71067.7578125,71067.7578125,70990.5703125,70990.5703125
1772740440,70944.8125,70944.8125,70913.6484375,70913.6484375
1772740620,70952.4609375,70952.4609375,70952.4609375,70952.4609375
1772740800,70945.5703125,70949.609375,70945.5703125,70949.609375
1772740980,70958.234375,71040.9765625,70958.234375,71040.9765625
1772741160,70991.4609375,70991.4609375,70893.375,70893.375
1772741340,71049.8515625,71049.8515625,71049.8515625,71049.8515625
1772741520,71005.0625,71049.1640625,71005.0625,71049.1640625
1772741700,71079.734375,71105.84375,71079.734375,71105.84375
1772741880,71131.6796875,71220.5703125,71131.6796875,71206.8671875
1772742060,71163.328125,71223.1640625,71163.328125,71223.1640625
1772742240,71252.625,71274.4296875,71252.625,71274.4296875
1772742420,71309.6796875,71309.6796875,71185.890625,71185.890625
1772742600,71200.5859375,71200.5859375,71200.5859375,71200.5859375
1772742780,71310.8515625,71310.8515625,71292.8984375,71292.8984375
1772742960,71321.4453125,71336.046875,71321.4453125,71336.046875
1772743140,71219.5859375,71219.5859375,71219.5859375,71219.5859375
1772743320,71184.4453125,71184.4453125,71184.4453125,71184.4453125
1772743500,71141.0859375,71141.0859375,71092.1796875,71092.1796875
1772743680,71095.59375,71187.703125,71095.59375,71187.703125
1772743860,71134.3046875,71134.3046875,71054.34375,71077.4453125
1772744040,71184.1875,71209.484375,71184.1875,71209.484375
1772744220,71206.7421875,71259.5859375,71206.7421875,71259.5859375
1772744400,71248.1171875,71300.0703125,71248.1171875,71300.0703125
1772744580,71300.2890625,71300.2890625,71300.2890625,71300.2890625
1772744760,71327.703125,71327.703125,71302.9453125,71302.9453125
1772744940,71327.90625,71327.90625,71327.90625,71327.90625
1772745120,71293.109375,71305.953125,71293.109375,71305.953125
1772745300,71313.640625,71313.640625,71313.640625,71313.640625
1772745480,71504.3125,71504.3125,71467.296875,71467.296875
1772745660,71468.1484375,71468.1484375,71468.1484375,71468.1484375
1772745840,71433.5625,71433.5625,71433.5625,71433.5625
1772746020,71455.6875,71507.4296875,71448.1796875,71507.4296875
1772746200,71518.8359375,71542.8203125,71514.4453125,71514.4453125
1772746380,71495.2265625,71497.1328125,71422.25,71422.25
1772746560,71237.78125,71275.234375,71237.78125,71275.234375
1772746740,71113.8984375,71163.578125,71113.8984375,71163.578125
1772746920,71168.4296875,71185.5859375,71168.4296875,71185.5859375
1772747100,71194.125,71233.21875,71194.125,71233.21875
1772747280,71263.390625,71263.390625,71263.390625,71263.390625
1772747460,71295.8046875,71295.8046875,71086.421875,71086.421875
1772747640,71038.296875,71078.0703125,71038.296875,71078.0703125
1772747820,71158.7109375,71158.7109375,71139.5390625,71139.5390625
1772748000,71139.7578125,71181.21875,71139.7578125,71181.21875
1772748180,71226.2265625,71226.2265625,71226.2265625,71226.2265625
1772748360,71123.1328125,71220.3828125,71123.1328125,71220.3828125
1772748540,71220.8515625,71220.8515625,71143.015625,71143.015625
1772748720,71126.140625,71139.8984375,71099.875,71099.875
1772748900,71138.40625,71144.03125,71138.40625,71144.03125
1772749080,71257.4609375,71257.4609375,71256.8203125,71256.8203125
1772749260,71244.0390625,71244.0390625,71232.7109375,71236.75
1772749440,71244.5546875,71260.4765625,71244.5546875,71260.4765625
1772749620,71142.953125,71142.953125,71126.9453125,71126.9453125
1772749800,71136.71875,71179.9921875,71136.71875,71179.9921875
1772749980,71192.328125,71192.328125,71192.328125,71192.328125
1772750160,71187.984375,71223.3984375,71187.984375,71223.3984375
1772750340,71242.8671875,71242.8671875,71209.46875,71209.46875
1772750520,71269.6640625,71269.6640625,71251.2265625,71251.2265625
1772750700,71252.078125,71310.3671875,71252.078125,71307.09375
1772750880,71292.109375,71292.109375,71244.2734375,71244.2734375
1772751060,71242.0859375,71281.0859375,71242.0859375,71281.0859375
1772751240,71321.265625,71321.265625,71246.609375,71251.0859375
1772751420,71309.3046875,71309.3046875,71246.0078125,71246.0078125
1772751600,71221.84375,71221.84375,71197.2109375,71197.2109375
1772751780,71240.2734375,71256.671875,71229.8359375,71229.8359375
1772751960,71214.46875,71214.46875,71200.3203125,71200.3203125
1772752140,71221.265625,71221.265625,71203.5078125,71203.5078125
1772752320,71197.265625,71197.265625,71197.265625,71197.265625
1772752500,71200.9296875,71200.9296875,71186.921875,71186.921875
1772752680,71179.421875,71188.9765625,71179.421875,71188.9765625
1772752860,71186.1328125,71200.5546875,71186.1328125,71200.5546875
1772753040,71214.96875,71230.859375,71213.765625,71230.859375
1772753220,71273.109375,71273.109375,71235.6328125,71259.0703125
1772753400,71257.4296875,71257.4296875,71092.921875,71092.921875
1772753580,71088.1953125,71088.1953125,70899.296875,70899.296875
1772753760,70953.9453125,70976.25,70953.9453125,70976.25
1772753940,70982.171875,70987.171875,70982.171875,70987.171875
1772754120,70883.671875,70925.0625,70883.671875,70925.0625
1772754300,70924.078125,70924.078125,70889.1796875,70889.1796875
1772754480,70896.9375,70896.9375,70857.109375,70857.109375
1772754660,70885.2421875,70885.2421875,70885.2421875,70885.2421875
1772754840,70876.453125,70876.453125,70862.0,70862.0
1772755020,70805.796875,70805.796875,70790.78125,70790.78125
1772755200,70878.65625,70878.65625,70861.3203125,70861.3203125
1772755380,70853.5625,70881.296875,70853.5625,70881.296875
1772755560,70884.5234375,70925.265625,70884.5234375,70908.6640625
1772755740,70904.09375,70927.5859375,70892.0234375,70892.0234375
1772755920,70969.734375,71030.078125,70969.734375,71030.078125
1772756100,71020.5546875,71020.5546875,70965.3046875,70965.3046875
1772756280,70990.4453125,70990.4453125,70953.4140625,70983.21875
1772756460,70941.234375,70962.640625,70941.234375,70961.109375
1772756640,70975.3984375,70975.3984375,70975.3984375,70975.3984375
1772756820,70892.421875,70939.0,70892.421875,70939.0
1772757000,70903.6171875,70903.6171875,70903.6171875,70903.6171875
1772757180,70910.1953125,70951.2890625,70910.1953125,70944.2890625
1772757360,70936.9296875,70945.2578125,70936.9296875,70945.2578125
1772757540,70944.40625,70953.375,70934.765625,70953.375
1772757720,70940.78125,70940.78125,70933.8515625,70933.8515625
1772757900,70930.578125,70985.15625,70908.3828125,70985.15625
1772758080,70979.5390625,70979.5390625,70979.5390625,70979.5390625
1772758260,70907.0390625,70923.296875,70856.6640625,70923.296875
1772758440,70928.71875,70954.546875,70928.71875,70949.9453125
1772758620,70950.328125,70950.328125,70928.421875,70928.421875
1772758800,70938.90625,70941.9609375,70938.90625,70941.9609375
1772758980,70976.796875,70976.796875,70914.78125,70914.78125
1772759160,70923.890625,70923.890625,70920.5703125,70920.5703125
1772759340,70907.859375,70907.859375,70895.4296875,70895.4296875
1772759520,70885.1875,70885.1875,70885.1875,70885.1875
1772759700,70796.6796875,70851.4453125,70796.6796875,70851.4453125
1772759880,70863.6015625,70866.0234375,70863.6015625,70866.0234375
1772760060,70874.359375,70874.359375,70834.1015625,70834.1015625
1772760240,70829.71875,70833.15625,70756.71875,70756.71875
1772760420,70560.203125,70560.203125,70420.71875,70420.71875
1772760600,70459.3671875,70758.1875,70459.3671875,70758.1875
1772760780,70707.921875,70834.375,70707.921875,70834.375
1772760960,70958.5859375,70966.875,70958.5859375,70966.875
1772761140,71026.625,71081.8359375,71026.625,71081.8359375
1772761320,71083.9453125,71111.453125,71083.9453125,71111.453125
1772761500,71163.203125,71163.203125,71163.203125,71163.203125
1772761680,71225.1171875,71225.1171875,71146.9296875,71146.9296875
1772761860,71138.7109375,71264.8515625,71138.7109375,71264.8515625
1772762040,71181.125,71212.5625,71181.125,71212.5625
1772762220,71236.921875,71265.875,71236.921875,71244.7890625
1772762400,71254.7265625,71254.7265625,71203.7265625,71209.59375
1772762580,71216.2421875,71276.8984375,71199.171875,71199.171875
1772762760,71207.609375,71261.171875,71206.09375,71261.171875
1772762940,71291.1328125,71291.1328125,71239.8125,71239.8125
1772763120,71240.2890625,71357.8671875,71240.2890625,71357.8671875
1772763300,71315.0546875,71315.0546875,71315.0546875,71315.0546875
1772763480,71266.0390625,71266.0390625,71175.890625,71175.890625
1772763660,71104.6875,71104.6875,71104.6875,71104.6875
1772763840,71130.65625,71322.84375,71130.65625,71322.84375
1772764020,71209.734375,71209.734375,71209.734375,71209.734375
1772764200,71328.6328125,71328.6328125,71251.5078125,71251.5078125
1772764380,71201.8671875,71201.8671875,71174.5390625,71174.5390625
1772764560,71171.359375,71177.53125,71171.359375,71177.53125
1772764740,71156.78125,71254.703125,71156.78125,71254.703125
1772764920,71272.9609375,71307.28125,71264.640625,71307.28125
1772765100,71336.3515625,71336.3515625,71323.3046875,71323.3046875
1772765280,71306.140625,71319.8125,71306.140625,71319.8125
1772765460,71239.3046875,71239.3046875,71237.296875,71237.296875
1772765640,71215.84375,71221.1875,71215.84375,71221.1875
1772765820,71207.53125,71211.6015625,71207.53125,71211.6015625
1772766000,71233.1953125,71254.0078125,71220.0078125,71220.0078125
1772766180,71231.8984375,71247.921875,71231.8984375,71247.921875
1772766360,71244.0,71244.0,71227.1875,71228.0
1772766540,71250.828125,71250.828125,71244.4453125,71244.4453125
1772766720,71104.578125,71104.578125,71066.2734375,71066.2734375
1772766900,71066.171875,71066.171875,71056.4453125,71056.4453125
1772767080,71067.46875,71067.46875,71029.078125,71055.0625
1772767260,71117.34375,71117.34375,71117.34375,71117.34375
1772767440,71192.25,71192.25,71192.25,71192.25
1772767620,71183.8984375,71183.8984375,71167.390625,71167.390625
1772767800,71213.0390625,71213.0390625,71167.015625,71167.015625
1772767980,71152.875,71152.875,71146.1015625,71146.1015625
1772768160,71139.3125,71139.3125,71122.3828125,71122.3828125
1772768340,71134.421875,71154.8828125,71110.125,71110.125
1772768520,71095.078125,71095.078125,71080.4921875,71080.4921875
1772768700,71104.1796875,71104.1796875,71082.1875,71082.5
1772768880,71112.9140625,71130.1484375,71112.9140625,71130.1484375
1772769060,71107.3125,71107.3125,71060.1953125,71060.1953125
1772769240,71069.640625,71069.640625,71050.296875,71050.296875
1772769420,71041.2578125,71074.9140625,71041.2578125,71074.9140625
1772769600,71085.6328125,71085.6328125,70988.0546875,71036.59375
1772769780,71059.5390625,71060.46875,71059.5390625,71060.46875
1772769960,71100.65625,71100.65625,71027.578125,71027.578125
1772770140,71044.0546875,71044.0546875,71044.0546875,71044.0546875
1772770320,70952.4921875,70952.4921875,70928.578125,70928.578125
1772770500,70933.8515625,70933.8515625,70933.8515625,70933.8515625
1772770680,70939.796875,70939.796875,70905.796875,70905.796875
1772770860,70926.0234375,70926.0234375,70914.390625,70914.390625
1772771040,70909.0625,70951.6875,70909.0625,70951.6875
1772771220,70900.8515625,70921.46875,70894.1875,70921.46875
1772771400,70843.15625,70843.15625,70820.2421875,70820.2421875
1772771580,70798.1953125,70912.734375,70798.1953125,70912.734375
1772771760,70829.875,70829.875,70786.5390625,70786.5390625
1772771940,70723.015625,70723.015625,70517.703125,70517.703125
1772772120,70435.671875,70469.140625,70435.671875,70469.140625
1772772300,70562.8046875,70562.8046875,70511.234375,70511.234375
1772772480,70573.2265625,70573.2265625,70550.515625,70550.515625
1772772660,70560.9140625,70606.328125,70560.9140625,70606.328125
1772772840,70563.6640625,70563.6640625,70539.0390625,70539.0390625
1772773020,70525.9921875,70594.9453125,70525.9921875,70594.9453125
1772773200,70572.5390625,70572.5390625,70572.5390625,70572.5390625
1772773380,70588.40625,70632.140625,70588.40625,70632.140625
1772773560,70607.4609375,70607.4609375,70598.234375,70598.234375
1772773740,70457.9140625,70507.3046875,70457.9140625,70507.3046875
1772773920,70444.3828125,70447.640625,70444.3828125,70447.640625
1772774100,70613.4765625,70632.6953125,70613.4765625,70632.6953125
1772774280,70607.5546875,70607.5546875,70607.5546875,70607.5546875
1772774460,70561.4921875,70579.34375,70561.4921875,70579.34375
1772774640,70492.0625,70492.0625,70368.5859375,70368.5859375
1772774820,70357.5390625,70357.5390625,70357.5390625,70357.5390625
1772775000,70397.1875,70397.1875,70369.328125,70369.328125
1772775180,70488.671875,70488.671875,70301.8203125,70301.8203125
1772775360,70343.1171875,70349.0546875,70343.1171875,70349.0546875
1772775540,70407.859375,70407.859375,70284.3203125,70284.3203125
1772775720,70237.5390625,70237.5390625,70191.671875,70194.03125
1772775900,70213.90625,70250.9140625,70213.90625,70250.9140625
1772776080,70184.921875,70184.921875,70162.8359375,70162.8359375
1772776260,70181.0234375,70193.1875,70181.0234375,70193.1875
1772776440,70307.0234375,70351.921875,70307.0234375,70323.421875
1772776620,70406.5703125,70448.7421875,70406.5703125,70448.7421875
1772776800,70436.75,70436.75,70417.2109375,70417.2109375
1772776980,70418.8515625,70418.8515625,70386.15625,70386.15625
1772777160,70386.015625,70386.015625,70372.8984375,70372.8984375
1772777340,70375.65625,70375.65625,70333.6171875,70333.6171875
1772777520,70293.6015625,70295.046875,70275.53125,70295.046875
1772777700,70317.28125,70328.4140625,70317.28125,70328.4140625
1772777880,70319.3359375,70353.5390625,70319.3359375,70353.5390625
1772778060,70455.234375,70484.21875,70455.234375,70484.21875
1772778240,70508.515625,70508.515625,70486.3359375,70486.3359375
1772778420,70476.984375,70476.984375,70446.3359375,70446.3359375
1772778600,70426.765625,70449.2890625,70426.765625,70449.2890625
1772778780,70408.578125,70425.953125,70408.578125,70425.953125
1772778960,70385.3984375,70454.96875,70385.3984375,70454.96875
1772779140,70527.0859375,70527.0859375,70497.5,70497.5
1772779320,70622.4609375,70635.53125,70622.4609375,70635.53125
1772779500,70643.5234375,70643.5234375,70643.5234375,70643.5234375
1772779680,70734.0078125,70806.734375,70734.0078125,70755.2734375
1772779860,70658.7578125,70658.7578125,70642.59375,70642.59375
1772780040,70620.8125,70624.25,70596.3203125,70624.25
1772780220,70644.921875,70644.921875,70644.921875,70644.921875
1772780400,70616.2734375,70648.7421875,70616.2734375,70648.7421875
1772780580,70739.9765625,70785.65625,70739.9765625,70785.65625
1772780760,70797.0,70797.0,70732.296875,70732.296875
1772780940,70731.34375,70731.34375,70593.421875,70593.421875
1772781120,70515.0390625,70543.859375,70495.625,70543.859375
1772781300,70562.75,70600.9296875,70562.75,70600.9296875
1772781480,70640.7421875,70640.7421875,70640.7421875,70640.7421875
1772781660,70722.0859375,70750.53125,70722.0859375,70740.6953125
1772781840,70752.0390625,70752.0390625,70732.828125,70732.828125
1772782020,70814.671875,70861.515625,70814.671875,70861.515625
1772782200,70861.125,70861.125,70858.578125,70858.578125
1772782380,70932.8671875,70956.859375,70932.8671875,70956.859375
1772782560,70923.3984375,70985.6171875,70923.3984375,70985.6171875
1772782740,70903.9375,70948.4609375,70903.9375,70948.4609375
1772782920,71000.1953125,71030.8515625,71000.1953125,71030.8515625
1772783100,71100.1796875,71162.75,71100.1796875,71162.75
1772783280,71140.953125,71140.953125,71113.390625,71113.390625
1772783460,71104.5859375,71106.015625,71104.5859375,71106.015625
1772783640,71109.9453125,71109.9453125,71100.515625,71100.515625
1772783820,71084.65625,71088.8515625,71077.15625,71077.15625
1772784000,71060.3359375,71060.3359375,71039.5625,71039.5625
1772784180,70989.0546875,70989.0546875,70965.1171875,70977.53125
1772784360,70958.8828125,70958.8828125,70936.96875,70938.3125
1772784540,70912.2265625,70959.96875,70912.2265625,70959.96875
1772784720,70924.15625,70949.2109375,70924.15625,70949.2109375
1772784900,70951.4140625,70971.2578125,70949.765625,70971.2578125
1772785080,70954.8359375,70969.9921875,70954.8359375,70969.9921875
1772785260,70946.2734375,70946.2734375,70919.0625,70919.0625
1772785440,70899.6796875,70909.53125,70865.0390625,70865.0390625
1772785620,70851.6640625,70871.75,70851.6640625,70871.75
1772785800,70890.8046875,70947.4921875,70890.8046875,70947.4921875
1772785980,71019.9765625,71019.9765625,70939.46875,70939.46875
1772786160,71007.875,71007.875,70988.7578125,70988.7578125
1772786340,70898.6484375,70907.578125,70898.6484375,70907.578125
1772786520,71005.1328125,71005.1328125,70933.484375,70933.484375
1772786700,70922.515625,70929.5078125,70922.515625,70929.5078125
1772786880,70918.1484375,70918.1484375,70915.609375,70915.609375
1772787060,70885.4140625,70885.4140625,70837.8984375,70837.8984375
1772787240,70815.5703125,70829.859375,70790.7578125,70790.7578125
1772787420,70772.0703125,70772.0703125,70762.578125,70762.578125
1772787600,70762.046875,70762.046875,70739.890625,70739.890625
1772787780,70749.375,70785.6171875,70749.375,70760.5625
1772787960,70773.4140625,70773.4140625,70773.4140625,70773.4140625
1772788140,70747.4296875,70747.4296875,70656.0703125,70656.0703125
1772788320,70597.734375,70597.734375,70540.2421875,70540.2421875
1772788500,70550.3359375,70555.5546875,70550.3359375,70555.5546875
1772788680,70423.7734375,70580.9375,70423.7734375,70580.9375
1772788860,70544.890625,70544.890625,70517.4140625,70517.4140625
1772789040,70476.4296875,70476.4296875,70416.1328125,70416.1328125
1772789220,70394.671875,70394.671875,70384.0703125,70384.0703125
1772789400,70431.1484375,70431.1484375,70408.84375,70408.84375
1772789580,70416.84375,70416.84375,70416.84375,70416.84375
1772789760,70355.8359375,70355.8359375,70353.2421875,70353.2421875
1772789940,70413.84375,70413.84375,70357.8671875,70357.8671875
1772790120,70394.859375,70494.25,70394.859375,70494.25
1772790300,70528.875,70528.875,70528.875,70528.875
1772790480,70466.8828125,70474.4296875,70466.8828125,70474.4296875
1772790660,70516.1484375,70525.546875,70516.1484375,70522.015625
1772790840,70572.4765625,70572.4765625,70506.6171875,70506.6171875
1772791020,70564.7890625,70565.0078125,70564.7890625,70565.0078125
1772791200,70566.25,70594.859375,70566.25,70593.53125
1772791380,70562.234375,70646.0859375,70562.234375,70646.0859375
1772791560,70655.765625,70655.765625,70649.2421875,70649.2421875
1772791740,70645.5625,70671.96875,70645.5625,70660.9921875
1772791920,70648.3046875,70648.3046875,70634.3359375,70634.3359375
1772792100,70656.484375,70694.8515625,70656.484375,70694.8515625
1772792280,70688.703125,70688.703125,70675.0078125,70675.0078125
1772792460,70676.828125,70685.4375,70676.828125,70685.4375
1772792640,70742.6640625,70753.3671875,70742.6640625,70753.3671875
1772792820,70735.5390625,70735.5390625,70718.5234375,70718.5234375
1772793000,70765.609375,70765.609375,70701.65625,70701.65625
1772793180,70676.546875,70676.546875,70616.328125,70616.328125
1772793360,70576.3984375,70579.0703125,70576.3984375,70579.0703125
1772793540,70550.5078125,70550.5078125,70543.515625,70543.515625
1772793720,70549.2421875,70549.2421875,70527.9609375,70527.9609375
1772793900,70542.59375,70563.0625,70542.59375,70563.0625
1772794080,70558.3828125,70558.3828125,70558.3828125,70558.3828125
1772794260,70530.8828125,70575.2265625,70503.109375,70575.2265625
1772794440,70598.0625,70598.0625,70520.9453125,70520.9453125
1772794620,70574.328125,70574.328125,70551.640625,70551.640625
1772794800,70540.765625,70540.765625,70503.28125,70503.28125
1772794980,70479.5625,70479.5625,70445.7421875,70445.7421875
1772795160,70442.015625,70489.6640625,70442.015625,70489.6640625
1772795340,70463.3828125,70463.3828125,70430.2109375,70430.2109375
1772795520,70462.6328125,70567.984375,70462.6328125,70567.984375
1772795700,70550.96875,70550.96875,70523.859375,70523.859375
1772795880,70553.7421875,70553.7421875,70530.109375,70530.109375
1772796060,70535.9609375,70566.46875,70535.9609375,70566.46875
1772796240,70524.390625,70560.984375,70524.390625,70560.984375
1772796420,70570.328125,70570.328125,70552.0234375,70552.0234375
1772796780,70525.8359375,70525.8359375,70525.8359375,70525.8359375
1772796960,70554.15625,70611.7109375,70554.15625,70586.0078125
1772797140,70599.0859375,70607.109375,70599.0859375,70607.109375
1772797320,70468.0078125,70468.0078125,70388.703125,70388.703125
1772797500,70398.3046875,70398.3046875,70315.8046875,70315.8046875
1772797680,70318.0546875,70318.0546875,70318.0546875,70318.0546875
1772797860,70292.6015625,70292.6015625,70270.2578125,70270.2578125
1772798040,70270.0078125,70270.0078125,70239.453125,70239.453125
1772798220,70198.7265625,70202.3359375,70198.7265625,70202.3359375
1772798400,70203.9140625,70203.9140625,70196.328125,70196.328125
1772798580,70184.1484375,70184.1484375,70159.7890625,70159.7890625
1772798760,70161.375,70161.375,69967.578125,69967.578125
1772798940,69919.015625,69919.015625,69824.4921875,69824.4921875
1772799120,69869.375,69925.9140625,69869.375,69925.9140625
1772799300,69987.546875,70052.4921875,69987.546875,70052.4921875
1772799480,70014.9921875,70167.8046875,70014.9921875,70167.8046875
1772799660,70135.90625,70135.90625,70095.3515625,70095.3515625
1772799840,70112.015625,70113.390625,70079.6484375,70079.6484375
1772800020,70119.5546875,70119.5546875,70066.1171875,70066.1171875
1772800200,70012.421875,70012.421875,69945.859375,69945.859375
1772800380,69880.265625,69896.046875,69880.265625,69896.046875
1772800560,69756.4375,69762.625,69756.4375,69762.625
1772800740,69752.4375,69757.109375,69735.78125,69735.78125
1772800920,69791.71875,69791.71875,69791.71875,69791.71875
1772801100,69767.9765625,69767.9765625,69750.953125,69754.96875
1772801280,69682.0390625,69682.0390625,69682.0390625,69682.0390625
1772801460,69843.5625,69936.9375,69834.8671875,69936.9375
1772801640,69875.4453125,69906.3828125,69875.4453125,69906.3828125
1772801820,70044.3046875,70044.3046875,70014.0625,70014.0625
1772802000,69998.7890625,69998.7890625,69997.5703125,69997.5703125
1772802180,69914.5546875,69939.3515625,69914.5546875,69939.3515625
1772802360,69951.5234375,70023.625,69951.5234375,70023.625
1772802540,69948.875,69990.8984375,69948.875,69990.8984375
1772802720,70021.078125,70021.078125,70021.078125,70021.078125
1772802900,69999.203125,70019.34375,69992.140625,70019.34375
1772803080,69986.390625,70028.3984375,69986.390625,70028.3984375
1772803260,69907.3671875,69907.3671875,69894.109375,69894.109375
1772803440,69950.296875,70108.1875,69950.296875,70108.1875
1772803620,70108.84375,70122.78125,70105.578125,70105.578125
1772803800,70093.8203125,70093.8203125,69998.046875,69998.046875
1772803980,70060.0390625,70060.0390625,70060.0390625,70060.0390625
1772804160,70264.609375,70264.609375,70223.0390625,70223.0390625
1772804340,70131.6796875,70131.6796875,70131.6796875,70131.6796875
1772804520,69973.6953125,70075.984375,69973.6953125,70075.984375
1772804700,70081.4765625,70081.4765625,69940.8984375,69940.8984375
1772804880,69882.4296875,69953.9609375,69882.4296875,69953.9609375
1772805060,69888.2578125,69903.5234375,69888.2578125,69903.5234375
1772805240,69949.921875,69949.921875,69498.015625,69498.015625
1772805420,69430.90625,69430.90625,69333.1171875,69358.984375
1772805600,68906.4375,69083.0390625,68906.4375,69083.0390625
1772805780,69148.2890625,69190.125,69148.2890625,69190.125
1772805960,69072.4140625,69072.4140625,69007.3671875,69007.3671875
1772806140,68930.40625,68930.40625,68668.359375,68753.1796875
1772806320,68729.40625,68742.5390625,68729.40625,68742.5390625
1772806500,68793.4296875,68793.4296875,68793.4296875,68793.4296875
1772806680,68899.109375,68975.1875,68899.109375,68975.1875
1772806860,68973.125,68985.796875,68973.125,68985.796875
1772807040,68931.546875,68931.546875,68931.546875,68931.546875
1772807220,69061.5625,69069.84375,69061.5625,69069.84375
1772807400,68995.296875,68995.296875,68854.1953125,68854.1953125
1772807580,68889.328125,68889.328125,68862.0625,68862.0625
1772807760,68494.734375,68494.734375,68494.734375,68494.734375
1772807940,68627.359375,68688.5703125,68627.359375,68688.5703125
1772808120,68764.6796875,68764.6796875,68661.75,68661.75
1772808300,68734.1953125,68751.0,68609.78125,68609.78125
1772808480,68457.65625,68457.65625,68457.65625,68457.65625
1772808660,68359.3671875,68427.671875,68359.3671875,68403.78125
1772808840,68401.96875,68401.96875,68373.53125,68373.53125
1772809020,68434.8046875,68434.8046875,68341.328125,68341.328125
1772809200,68448.0703125,68448.0703125,68448.0703125,68448.0703125
1772809380,68513.8203125,68564.1796875,68513.8203125,68564.1796875
1772809560,68593.21875,68593.21875,68586.3984375,68586.3984375
1772809740,68479.5390625,68479.5390625,68359.1875,68359.1875
1772809920,68438.046875,68539.2109375,68438.046875,68539.2109375
1772810100,68607.0625,68648.9375,68582.7734375,68582.7734375
1772810280,68741.234375,68771.3203125,68741.234375,68771.3203125
1772810460,68746.484375,68746.484375,68746.484375,68746.484375
1772810640,68914.2890625,68923.6015625,68914.2890625,68923.6015625
1772810820,68863.3984375,68863.3984375,68863.3984375,68863.3984375
1772811000,68853.0234375,68853.0234375,68853.0234375,68853.0234375
1772811180,68965.609375,68965.609375,68840.6484375,68840.6484375
1772811360,68901.40625,69012.078125,68901.40625,69012.078125
1772811540,68931.4140625,68931.4140625,68873.0,68873.0
1772811720,68801.84375,68801.84375,68707.8984375,68707.8984375
1772811900,68748.703125,68748.703125,68623.5546875,68623.5546875
1772812080,68668.953125,68668.953125,68668.953125,68668.953125
1772812260,68460.0078125,68460.0078125,68333.4140625,68358.453125
1772812440,68334.015625,68513.265625,68334.015625,68513.265625
1772812620,68570.0390625,68570.0390625,68543.03125,68543.03125
1772812800,68506.578125,68556.1328125,68506.578125,68556.1328125
1772812980,68528.34375,68773.5234375,68528.34375,68773.5234375
1772813160,68688.5234375,68688.5234375,68600.546875,68600.546875
1772813340,68559.28125,68559.28125,68346.8046875,68346.8046875
1772813520,68341.9765625,68392.6796875,68341.9765625,68392.6796875
1772813700,68351.484375,68351.484375,68315.1328125,68315.1328125
1772813880,68286.7421875,68378.03125,68241.375,68378.03125
1772814060,68339.640625,68339.640625,68314.328125,68314.328125
1772814240,68399.8671875,68426.4609375,68399.8671875,68426.4609375
1772814420,68451.1015625,68534.4609375,68451.1015625,68534.4609375
1772814600,68541.0546875,68542.3046875,68541.0546875,68542.3046875
1772814780,68575.2421875,68575.2421875,68392.6328125,68392.6328125
1772814960,68445.078125,68565.2109375,68445.078125,68565.2109375
1772815140,68642.15625,68642.15625,68642.15625,68642.15625
1772815320,68576.4921875,68599.6328125,68551.0703125,68599.6328125
1772815500,68609.6796875,68609.6796875,68609.6796875,68609.6796875
1772815680,68599.0234375,68599.0234375,68574.6484375,68595.9765625
1772815860,68646.640625,68646.640625,68645.9453125,68645.9453125
1772816040,68577.2109375,68577.2109375,68377.828125,68439.8203125
1772816220,68466.34375,68470.203125,68466.34375,68470.203125
1772816400,68448.3046875,68495.046875,68448.3046875,68495.046875
1772816580,68452.140625,68614.46875,68452.140625,68614.46875
1772816760,68553.625,68553.625,68553.625,68553.625
1772816940,68509.765625,68543.265625,68509.765625,68543.265625
1772817120,68540.71875,68540.71875,68513.0859375,68513.0859375
1772817300,68422.7265625,68422.7265625,68328.90625,68328.90625
1772817480,68416.90625,68416.90625,68383.53125,68383.53125
1772817660,68477.1328125,68477.1328125,68451.3203125,68451.3203125
1772817840,68479.234375,68479.234375,68389.4375,68389.4375
1772818020,68233.890625,68259.5546875,68233.890625,68259.5546875
1772818200,68241.6015625,68280.78125,68233.71875,68233.71875
1772818380,68202.6171875,68202.6171875,68153.59375,68153.59375
1772818560,68092.2421875,68092.2421875,67919.390625,67919.390625
1772818740,67854.3203125,67854.3203125,67779.1171875,67779.1171875
1772818920,67761.921875,67783.25,67760.484375,67783.25
1772819100,67856.5625,67910.6328125,67856.5625,67910.6328125
1772819280,67964.6015625,67978.8125,67964.6015625,67978.8125
1772819460,67969.9765625,67969.9765625,67916.3125,67916.3125
1772819640,67962.0234375,67966.6640625,67962.0234375,67966.6640625
1772819820,68004.1796875,68004.1796875,67987.828125,67987.828125
1772820000,68006.5078125,68183.6015625,68006.5078125,68183.6015625
1772820180,68178.3359375,68178.3359375,68128.3125,68128.3125
1772820360,68163.7890625,68189.7734375,68159.5859375,68189.7734375
1772820540,68219.03125,68219.03125,68191.3828125,68191.3828125
1772820720,68236.015625,68356.9921875,68236.015625,68356.9921875
1772820900,68347.3515625,68347.3515625,68313.0,68313.0
1772821080,68315.90625,68362.5390625,68315.90625,68362.5390625
1772821260,68338.21875,68338.21875,68307.265625,68307.265625
1772821440,68357.0859375,68407.0859375,68357.0859375,68407.0859375
1772821620,68371.4609375,68371.4609375,68306.765625,68306.765625
1772821800,68334.3125,68434.21875,68334.3125,68434.21875
1772821980,68417.859375,68451.7109375,68417.859375,68451.7109375
1772822160,68395.09375,68395.09375,68341.953125,68341.953125
1772822340,68358.9375,68396.8671875,68358.9375,68396.8671875
1772822520,68417.4140625,68422.75,68417.4140625,68422.75
1772822700,68432.109375,68432.109375,68419.984375,68419.984375
1772822880,68347.9296875,68386.5859375,68347.9296875,68386.5859375
1772823060,68253.328125,68253.328125,68253.328125,68253.328125
1772823240,68286.828125,68286.828125,68231.6875,68231.6875
1772823420,68248.375,68248.375,68190.609375,68190.609375
1772823600,68248.265625,68248.265625,68248.265625,68248.265625
1772823780,68282.8203125,68282.8203125,68256.5859375,68256.5859375
1772823960,68266.875,68301.765625,68266.875,68301.765625
1772824140,68270.0703125,68294.4140625,68270.0703125,68294.4140625
1772824320,68314.1640625,68395.7578125,68314.1640625,68395.7578125
1772824500,68435.75,68439.7890625,68406.9609375,68439.7890625
1772824680,68424.1953125,68455.5078125,68424.1953125,68455.5078125
1772824860,68282.21875,68282.21875,68282.21875,68282.21875
1772825040,68288.9453125,68288.9453125,68171.140625,68171.140625
1772825220,68183.203125,68223.1875,68181.2578125,68181.2578125
1772825400,68207.640625,68234.7578125,68207.640625,68234.7578125
1772825580,68233.296875,68233.296875,68233.046875,68233.046875
1772825760,68252.40625,68252.40625,68211.9375,68211.9375
1772825940,68194.015625,68194.015625,68165.09375,68165.09375
1772826120,68298.1328125,68298.1328125,68230.4609375,68230.4609375
1772826300,68148.5390625,68148.5390625,68114.2890625,68114.2890625
1772826480,68080.15625,68095.9609375,68080.15625,68095.9609375
1772826660,68054.15625,68054.15625,68054.15625,68054.15625
1772826840,68022.0,68087.2734375,68022.0,68087.2734375
1772827020,68131.375,68131.375,68109.4140625,68109.4140625
1772827200,68124.5703125,68137.5078125,68124.5703125,68137.5078125
1772827380,68237.4296875,68237.4296875,68189.203125,68189.203125
1772827560,68176.1953125,68189.28125,68176.1953125,68183.3203125
1772827740,68150.8984375,68164.5703125,68150.8984375,68164.5703125
1772827920,68059.0546875,68059.0546875,68001.8125,68001.8125
1772828100,68008.4140625,68071.0859375,68008.3671875,68071.0859375
1772828280,68076.828125,68076.828125,68063.5390625,68063.5390625
1772828460,68030.3515625,68036.640625,68030.3515625,68036.640625
1772828640,68039.71875,68039.71875,67948.53125,67948.53125
1772828820,67778.1484375,67815.2109375,67778.1484375,67815.2109375
1772829000,67893.484375,67893.484375,67893.484375,67893.484375
1772829180,67871.9609375,67871.9609375,67831.40625,67839.765625
1772829360,67825.875,67859.7265625,67825.875,67859.7265625
1772829540,67897.0703125,68047.9375,67897.0703125,68047.9375
1772829720,67949.90625,67995.203125,67949.90625,67995.203125
1772829900,67965.3515625,68060.921875,67965.3515625,68060.921875
1772830080,68060.4296875,68097.375,68060.4296875,68097.375
1772830260,68103.453125,68103.453125,68078.5,68078.5
1772830440,68106.9140625,68106.9140625,68098.203125,68098.203125
1772830620,68140.875,68145.4453125,68140.875,68145.4453125
1772830800,68119.671875,68119.671875,68105.6953125,68105.6953125
1772830980,68118.09375,68147.0078125,68118.09375,68147.0078125
1772831160,68151.0703125,68154.8125,68151.0703125,68154.8125
1772831340,68151.3203125,68151.609375,68151.3203125,68151.609375
1772831520,68141.5703125,68142.546875,68141.5703125,68142.546875
1772831700,68142.7265625,68142.7265625,68137.0703125,68137.0703125
1772831880,68131.6328125,68131.6328125,68131.6328125,68131.6328125
1772832060,68111.5703125,68111.5703125,68104.4453125,68104.4453125
1772832240,68078.453125,68078.453125,67952.34375,67952.34375
1772832420,67940.6015625,67990.7734375,67940.6015625,67990.7734375
1772832600,68011.1328125,68045.59375,68011.1328125,68045.59375
1772832780,68059.1328125,68059.1328125,68043.2890625,68043.2890625
1772832960,68081.921875,68095.859375,68081.921875,68095.859375
1772833140,68121.2421875,68152.625,68121.2421875,68152.625
1772833320,68175.125,68199.625,68175.125,68199.625
1772833500,68228.2578125,68238.046875,68228.2578125,68238.046875
1772833680,68232.59375,68268.9453125,68232.59375,68268.9453125
1772833860,68276.9609375,68276.9609375,68276.9609375,68276.9609375
1772834040,68309.734375,68309.734375,68255.921875,68255.921875
1772834220,68278.59375,68278.59375,68278.59375,68278.59375
1772834400,68277.890625,68317.953125,68277.890625,68317.953125
1772834580,68317.8046875,68317.8046875,68317.8046875,68317.8046875
1772834760,68316.2421875,68323.96875,68316.2421875,68323.96875
1772834940,68330.3203125,68330.3203125,68283.3203125,68283.3203125
1772835120,68295.28125,68295.28125,68295.28125,68295.28125
1772835300,68270.2109375,68270.2109375,68270.2109375,68270.2109375
1772835480,68295.21875,68329.84375,68295.21875,68329.84375
1772835660,68340.203125,68343.953125,68340.203125,68343.953125
1772835840,68326.8515625,68326.8515625,68308.5078125,68318.59375
1772836020,68293.4765625,68299.4765625,68293.4765625,68299.4765625
1772836200,68276.5,68276.5,68267.625,68267.625
1772836380,68234.03125,68261.7265625,68234.03125,68261.7265625
1772836560,68265.7578125,68265.7578125,68250.1484375,68250.1484375
1772836740,68257.71875,68314.0546875,68257.71875,68314.0546875
1772836920,68334.7109375,68390.21875,68334.7109375,68390.21875
1772837100,68375.734375,68379.734375,68375.734375,68379.734375
1772837280,68402.1015625,68417.1796875,68402.1015625,68417.1796875
1772837460,68407.1796875,68407.1796875,68373.046875,68392.5625
1772837640,68415.828125,68421.640625,68400.6484375,68400.6484375
1772837820,68423.8984375,68423.8984375,68423.8984375,68423.8984375
1772838000,68320.375,68320.375,68282.609375,68282.609375
1772838180,68291.5234375,68328.359375,68291.5234375,68328.359375
1772838360,68323.390625,68323.390625,68298.34375,68298.34375
1772838540,68301.03125,68301.03125,68276.5625,68276.5625
1772838720,68281.7109375,68281.7109375,68281.7109375,68281.7109375
1772838900,68327.75,68327.75,68311.0859375,68311.0859375
1772839080,68335.203125,68347.65625,68335.203125,68347.65625
1772839260,68367.515625,68367.515625,68346.4609375,68346.4609375
1772839440,68355.953125,68355.953125,68340.640625,68340.640625
1772839620,68332.3515625,68335.484375,68325.1484375,68325.1484375
1772839800,68320.3359375,68320.3359375,68316.0234375,68316.0234375
1772839980,68315.7265625,68316.1796875,68315.7265625,68316.1796875
1772840160,68296.96875,68296.96875,68235.859375,68235.859375
1772840340,68236.6015625,68236.6015625,68219.8515625,68219.8515625
1772840520,68210.21875,68210.21875,68181.90625,68181.90625
1772840700,68208.96875,68221.875,68208.96875,68221.875
1772840880,68221.5234375,68223.3046875,68221.5234375,68223.3046875
1772841060,68216.15625,68216.15625,68153.328125,68153.328125
1772841240,68149.578125,68149.578125,68112.078125,68112.078125
1772841420,68105.59375,68119.6484375,68105.59375,68119.6484375
1772841600,68139.6875,68139.6875,68128.921875,68128.921875
1772841780,68164.3984375,68164.3984375,68127.828125,68127.828125
1772841960,68160.171875,68218.46875,68160.171875,68218.46875
1772842140,68221.7421875,68241.484375,68221.7421875,68241.484375
1772842320,68230.3515625,68230.3515625,68226.296875,68226.296875
1772842500,68216.640625,68216.640625,68216.640625,68216.640625
1772842680,68217.046875,68225.6015625,68217.046875,68225.6015625
1772842860,68203.4765625,68203.4765625,68157.359375,68157.359375
1772843040,68177.6875,68222.125,68177.6875,68222.125
1772843220,68235.84375,68239.1015625,68235.84375,68239.1015625
1772843400,68217.1796875,68244.796875,68217.1796875,68244.796875
1772843580,68316.9375,68332.484375,68316.9375,68332.484375
1772843760,68292.609375,68292.609375,68270.234375,68270.234375
1772843940,68282.234375,68291.5546875,68282.234375,68291.5546875
1772844120,68312.765625,68315.5,68306.3828125,68306.3828125
1772844300,68284.9921875,68305.6953125,68284.9921875,68305.6953125
1772844480,68313.2578125,68313.2578125,68305.8984375,68305.8984375
1772844660,68324.8046875,68336.671875,68324.8046875,68332.796875
1772844840,68348.6796875,68348.6796875,68336.1484375,68336.1484375
1772845020,68335.453125,68335.453125,68312.25,68312.25
1772845200,68303.6171875,68320.1328125,68303.6171875,68320.1328125
1772845380,68339.859375,68343.921875,68336.6796875,68343.921875
1772845560,68319.046875,68319.046875,68300.5,68312.8828125
1772845740,68325.359375,68334.53125,68322.1796875,68334.53125
1772845920,68309.1875,68309.1875,68215.09375,68215.09375
1772846100,68223.078125,68230.875,68223.078125,68230.875
1772846280,68221.2734375,68221.2734375,68221.2734375,68221.2734375
1772846460,68224.875,68237.5,68221.2109375,68221.2109375
1772846640,68186.59375,68201.5078125,68186.59375,68192.59375
1772846820,68208.75,68208.75,68191.0703125,68205.59375
1772847000,68210.6328125,68212.7109375,68210.6328125,68211.84375
1772847180,68195.5078125,68206.9765625,68195.5078125,68206.9765625
1772847360,68200.3359375,68233.1640625,68200.3359375,68233.1640625
1772847540,68249.0234375,68251.3671875,68231.4921875,68231.4921875
1772847720,68241.6484375,68241.6484375,68228.9609375,68239.8984375
1772847900,68232.4375,68256.1796875,68232.4375,68256.1796875
1772848080,68254.15625,68260.875,68254.15625,68260.875
1772848260,68286.8359375,68319.828125,68286.8359375,68319.828125
1772848440,68316.0,68324.6171875,68316.0,68324.6171875
1772848620,68296.046875,68296.046875,68280.625,68280.625
1772848800,68252.4921875,68252.4921875,68224.140625,68224.140625
1772848980,68221.4453125,68246.8359375,68221.4453125,68246.8359375
1772849160,68230.1875,68230.1875,68228.4140625,68228.4140625
1772849340,68236.59375,68256.359375,68236.59375,68256.359375
1772849520,68283.109375,68283.109375,68277.65625,68277.65625
1772849700,68257.0703125,68257.0703125,68244.7109375,68244.7109375
1772849880,68238.5390625,68238.5390625,68234.359375,68234.359375
1772850060,68232.1171875,68232.1171875,68231.578125,68231.578125
1772850240,68120.984375,68143.28125,68120.984375,68143.28125
1772850420,68110.8125,68110.8125,68110.8125,68110.8125
1772850600,68097.921875,68112.5625,68097.921875,68112.5625
1772850780,68128.328125,68128.328125,68112.3203125,68112.3203125
1772850960,68124.28125,68135.5234375,68092.2421875,68092.2421875
1772851140,68104.0859375,68143.25,68104.0859375,68143.25
1772851320,68175.53125,68189.2421875,68175.53125,68189.2421875
1772851500,68170.0078125,68170.234375,68157.8671875,68170.234375
1772851680,68189.0078125,68200.265625,68189.0078125,68200.265625
1772851860,68233.78125,68235.796875,68233.78125,68235.796875
1772852040,68251.765625,68251.765625,68245.625,68245.625
1772852220,68259.015625,68298.1015625,68259.015625,68298.1015625
1772852400,68342.4375,68358.0546875,68342.4375,68358.0546875
1772852580,68369.9765625,68369.9765625,68349.8828125,68349.8828125
1772852760,68360.1484375,68360.1484375,68356.5078125,68356.5078125
1772852940,68392.6640625,68392.6640625,68358.0078125,68358.0078125
1772853120,68355.234375,68513.84375,68355.234375,68513.84375
1772853300,68510.34375,68510.34375,68409.109375,68409.109375
1772853480,68322.40625,68325.921875,68322.40625,68325.921875
1772853660,68270.9921875,68284.671875,68270.9921875,68284.671875
1772853840,68283.0234375,68286.5234375,68283.0234375,68286.5234375
1772854020,68234.7890625,68236.5625,68234.7890625,68236.5625
1772854200,68232.703125,68232.703125,68214.3984375,68214.3984375
1772854380,68237.359375,68237.359375,68224.9375,68224.9375
1772854560,68231.203125,68246.1796875,68231.203125,68246.1796875
1772854740,68244.890625,68244.890625,68209.9296875,68209.9296875
1772854920,68194.5625,68200.0234375,68194.5625,68200.0234375
1772855100,68190.4296875,68190.4296875,68162.484375,68182.421875
1772855280,68203.4921875,68203.4921875,68196.4921875,68196.4921875
1772855460,68145.140625,68145.140625,68125.0390625,68125.0390625
1772855640,68108.3125,68149.5390625,68108.3125,68149.5390625
1772855820,68131.2890625,68133.25,68131.2890625,68133.25
1772856000,68124.7421875,68124.7421875,68104.7109375,68104.7109375
1772856180,68056.9765625,68056.9765625,67908.1953125,67908.1953125
1772856360,67914.9375,67962.9453125,67914.9375,67955.5078125
1772856540,67956.4453125,67956.4453125,67890.0703125,67890.0703125
1772856720,67953.2265625,67960.6015625,67949.46875,67960.6015625
1772856900,67951.328125,67991.59375,67951.328125,67991.59375
1772857080,67988.4453125,67996.7734375,67988.4453125,67996.7734375
1772857260,67995.7578125,68001.1328125,67995.7578125,68001.1328125
1772857440,68035.4453125,68036.265625,68035.4453125,68036.265625
1772857620,68038.671875,68048.6640625,68038.671875,68038.953125
1772857800,68038.4921875,68038.4921875,68038.3203125,68038.3203125
1772857980,68039.6796875,68039.6796875,67994.6875,67994.6875
1772858160,68019.671875,68049.0703125,68019.671875,68049.0703125
1772858340,68089.5234375,68134.0625,68089.5234375,68134.0625
1772858520,68144.4765625,68144.4765625,68132.6171875,68132.6171875
1772858700,68117.3359375,68117.3359375,68102.5,68102.5
1772858880,68092.0234375,68092.0234375,68092.0234375,68092.0234375
1772859060,68106.234375,68106.234375,68101.1015625,68101.1015625
1772859240,68093.578125,68095.2734375,68074.421875,68095.2734375
1772859420,68091.4296875,68091.4296875,68076.1484375,68076.1484375
1772859600,68096.3046875,68096.3046875,68096.3046875,68096.3046875
1772859780,68100.0390625,68102.3984375,68100.0390625,68102.3984375
1772859960,68109.828125,68109.828125,68109.828125,68109.828125
1772860140,68111.765625,68111.765625,68018.1875,68018.1875
1772860320,67978.1328125,67986.4375,67978.1328125,67986.4375
1772860500,68029.5703125,68029.5703125,67965.2421875,67965.2421875
1772860680,67928.09375,67948.6015625,67928.09375,67943.3671875
1772860860,67950.453125,67960.46875,67950.453125,67960.46875
1772861040,67978.703125,67983.078125,67978.703125,67983.078125
1772861220,67964.0,68000.46875,67964.0,68000.46875
1772861400,68014.515625,68014.515625,68000.6796875,68000.6796875
1772861580,67974.40625,67974.40625,67953.578125,67953.578125
1772861760,67967.484375,67984.2265625,67967.484375,67984.2265625
1772861940,68004.734375,68062.6328125,68004.734375,68062.6328125
1772862120,68074.9609375,68081.0859375,68074.9609375,68081.0859375
1772862300,68079.1484375,68094.1015625,68079.1484375,68094.1015625
1772862480,68059.390625,68059.390625,68059.390625,68059.390625
1772862660,68060.9609375,68060.9609375,68053.6953125,68053.6953125
1772862840,68053.1171875,68055.0078125,68053.1171875,68055.0078125
1772863020,68024.7890625,68024.7890625,67998.078125,67998.078125
1772863200,68005.3046875,68005.3046875,67961.40625,67961.40625
1772863380,67998.6875,68005.078125,67998.6875,68005.078125
1772863560,68009.5,68009.5,67972.0390625,67972.0390625
1772863740,67974.2421875,67974.2421875,67971.6171875,67971.6171875
1772863920,67955.2734375,67955.75,67949.546875,67955.75
1772864100,67960.84375,67960.84375,67953.125,67955.609375
1772864280,67964.7109375,67987.859375,67956.6328125,67956.6328125
1772864460,67907.65625,67942.734375,67907.65625,67942.734375
1772864640,67945.1953125,67945.1953125,67934.28125,67934.28125
1772864820,67916.890625,67916.890625,67867.6171875,67867.6171875
1772865000,67866.03125,67906.328125,67866.03125,67906.328125
1772865180,67884.203125,67884.203125,67855.6171875,67855.6171875
1772865360,67834.375,67854.0546875,67834.375,67854.0546875
1772865540,67865.1796875,67865.1796875,67835.59375,67835.59375
1772865720,67889.9453125,67900.453125,67889.9453125,67900.453125
1772865900,67925.3203125,67942.8203125,67925.3203125,67942.8203125
1772866080,67920.0234375,67920.0234375,67913.3828125,67913.3828125
1772866260,67804.453125,67805.7578125,67796.828125,67796.828125
1772866440,67722.046875,67722.046875,67716.71875,67716.71875
1772866620,67738.125,67745.171875,67738.125,67745.171875
1772866800,67689.0078125,67689.0078125,67677.2578125,67677.2578125
1772866980,67654.4140625,67654.4140625,67589.6953125,67589.6953125
1772867160,67612.265625,67612.265625,67505.7265625,67505.7265625
1772867340,67516.7578125,67516.7578125,67503.4140625,67512.8515625
1772867520,67549.1328125,67630.53125,67549.1328125,67630.53125
1772867700,67621.1953125,67621.1953125,67614.6171875,67614.6171875
1772867880,67617.421875,67617.421875,67611.703125,67611.703125
1772868060,67610.5859375,67610.5859375,67610.5859375,67610.5859375
1772868240,67663.5234375,67725.2734375,67663.5234375,67725.2734375
1772868420,67712.578125,67735.9375,67712.578125,67729.3671875
1772868600,67735.7421875,67735.7421875,67728.546875,67728.546875
1772868780,67725.890625,67733.71875,67725.890625,67733.71875
1772868960,67754.2109375,67754.2109375,67697.90625,67697.90625
1772869140,67679.0,67695.625,67679.0,67695.625
1772869320,67724.9375,67784.0703125,67724.9375,67784.0703125
1772869500,67790.2265625,67822.625,67790.2265625,67822.625
1772869680,67802.7421875,67802.7421875,67798.03125,67798.03125
1772869860,67798.984375,67816.140625,67798.984375,67805.6328125
1772870040,67819.1875,67831.703125,67819.1875,67831.703125
1772870220,67827.046875,67854.9375,67827.046875,67854.9375
1772870400,67827.046875,67827.046875,67815.2109375,67815.2109375
1772870580,67803.5078125,67803.5078125,67801.5,67801.9375
1772870760,67792.828125,67792.828125,67783.1484375,67785.0
1772870940,67790.875,67798.984375,67790.875,67798.5
1772871120,67822.671875,67843.5234375,67822.671875,67843.5234375
1772871300,67865.46875,67893.6640625,67865.46875,67880.265625
1772871480,67905.9921875,67957.1484375,67905.9921875,67937.2578125
1772871660,67921.6875,67975.84375,67921.6875,67975.84375
1772871840,68031.46875,68031.46875,67968.5078125,67968.5078125
1772872020,67927.359375,67979.8203125,67927.359375,67979.8203125
1772872200,67976.53125,68000.625,67976.53125,68000.625
1772872380,67999.84375,67999.84375,67955.4921875,67955.4921875
1772872560,67934.3671875,67934.3671875,67929.6953125,67934.3203125
1772872740,67909.7109375,67912.1796875,67899.6328125,67912.1796875
1772872920,67920.03125,67920.03125,67907.75,67911.078125
1772873100,67908.8046875,67918.5078125,67907.859375,67918.5078125
1772873280,67893.90625,67897.34375,67893.90625,67897.34375
1772873460,67895.7109375,67915.71875,67895.7109375,67915.71875
1772873640,67918.1953125,67918.1953125,67844.484375,67844.484375
1772873820,67767.375,67767.375,67752.2421875,67763.1640625
1772874000,67794.2890625,67794.2890625,67775.703125,67775.703125
1772874180,67743.6796875,67787.5234375,67743.6796875,67787.5234375
1772874360,67783.3125,67804.625,67783.3125,67803.2734375
1772874540,67830.515625,67848.8203125,67830.515625,67848.8203125
1772874720,67910.359375,67943.453125,67910.359375,67943.453125
1772874900,67955.5625,68046.0234375,67955.5625,68046.0234375
1772875080,68027.3515625,68027.3515625,67977.7578125,67977.7578125
1772875260,67972.3828125,67972.3828125,67948.6015625,67948.6015625
1772875440,67950.8203125,67964.203125,67950.8203125,67964.203125
1772875620,67968.90625,67968.90625,67948.3125,67951.015625
1772875800,67946.546875,67980.125,67946.546875,67980.125
1772875980,67991.8671875,67995.0,67988.125,67988.125
1772876160,67989.53125,68001.15625,67985.5078125,68001.15625
1772876340,68017.46875,68017.46875,67995.671875,67995.671875
1772876520,67990.1328125,67990.1328125,67976.921875,67976.921875
1772876700,67968.5703125,67985.6171875,67968.5703125,67985.6171875
1772876880,68002.3046875,68015.234375,68002.3046875,68010.328125
1772877060,68007.8125,68016.5078125,68001.625,68016.5078125
1772877240,68029.2109375,68029.2109375,68015.8125,68024.1484375
1772877420,68031.59375,68031.59375,68016.796875,68016.796875
1772877600,67999.1640625,67999.1640625,67989.0,67989.0
1772877780,67979.4765625,68030.421875,67979.4765625,68030.421875
1772877960,68024.9296875,68024.9296875,68012.2421875,68014.953125
1772878140,68025.1953125,68046.6015625,68025.1953125,68046.6015625
1772878320,68060.5859375,68062.8046875,68060.5859375,68062.8046875
1772878500,68091.4296875,68091.4296875,68015.8828125,68015.8828125
1772878680,68009.2421875,68018.5546875,67998.734375,67998.734375
1772878860,67978.828125,67984.9609375,67978.828125,67984.9609375
1772879040,67977.6015625,67977.6015625,67953.0859375,67953.0859375
1772879220,67953.015625,67953.015625,67925.171875,67925.171875
1772879400,67941.09375,67959.4375,67941.09375,67947.2265625
1772879580,67924.2578125,67924.2578125,67921.9765625,67921.9765625
1772879760,67954.59375,67961.28125,67954.59375,67955.5390625
1772879940,67979.5234375,67984.3203125,67975.0234375,67975.0234375
1772880120,67990.9140625,67990.9140625,67989.4375,67989.4375
1772880300,67950.9921875,67950.9921875,67950.9921875,67950.9921875
1772880480,67955.25,67977.0,67955.25,67977.0
1772880660,67956.1796875,67956.1796875,67956.1796875,67956.1796875
1772880840,67925.6484375,67928.125,67925.6484375,67928.125
1772881020,67882.578125,67882.578125,67882.578125,67882.578125
1772881200,67882.578125,67882.578125,67873.515625,67876.3125
1772881380,67877.796875,67877.796875,67871.046875,67871.046875
1772881560,67867.453125,67900.578125,67867.453125,67900.578125
1772881740,67911.3515625,67911.3515625,67884.796875,67884.796875
1772881920,67952.1875,68059.875,67952.1875,68059.875
1772882100,68188.5625,68204.1875,68172.609375,68172.609375
1772882280,68155.6484375,68163.1328125,68142.1875,68163.1328125
1772882460,68207.53125,68207.53125,68182.6875,68196.203125
1772882640,68158.109375,68158.109375,68136.375,68136.375
1772882820,68141.953125,68141.953125,68114.484375,68131.796875
1772883000,68144.7578125,68144.7578125,68116.828125,68133.8515625
1772883180,68117.1796875,68117.1796875,68109.53125,68110.546875
1772883360,68103.28125,68112.6171875,68099.6015625,68112.6171875
1772883540,68108.421875,68108.421875,68083.84375,68083.84375
1772883720,68068.7734375,68098.9765625,68068.7734375,68098.9765625
1772883900,68088.3984375,68099.203125,68081.8359375,68081.8359375
1772884080,68083.28125,68083.28125,68075.203125,68075.203125
1772884260,68056.265625,68063.4140625,68056.265625,68063.4140625
1772884440,68076.453125,68076.453125,68067.78125,68067.78125
1772884620,68060.734375,68060.734375,68020.875,68020.875
1772884800,68015.34375,68017.7734375,68009.421875,68009.421875
1772884980,68010.2578125,68078.625,68010.2578125,68078.625
1772885160,68062.1015625,68062.1015625,68026.15625,68026.15625
1772885340,67990.7578125,67990.7578125,67971.7421875,67971.7421875
1772885520,67974.6953125,67988.34375,67974.6953125,67988.34375
1772885700,67979.6171875,68003.234375,67979.6171875,68003.234375
1772885880,68012.921875,68030.984375,68012.921875,68024.0625
1772886060,68028.78125,68047.875,68028.78125,68031.3046875
1772886240,68049.3984375,68059.671875,68046.921875,68059.671875
1772886420,68036.3828125,68036.3828125,67999.2578125,67999.2578125
1772886600,68014.7890625,68027.5703125,68001.3125,68001.3125
1772886780,68009.8046875,68022.5625,68009.8046875,68015.484375
1772886960,68011.390625,68013.8046875,68010.3984375,68010.3984375
1772887140,68003.953125,68003.96875,67992.609375,67992.609375
1772887320,67967.703125,67967.703125,67925.6328125,67925.6328125
1772887500,67933.8515625,67957.734375,67933.8515625,67957.734375
1772887680,67936.4921875,67936.4921875,67908.9453125,67919.265625
1772887860,67957.09375,67974.4765625,67957.09375,67974.4765625
1772888040,68011.421875,68015.4140625,68011.421875,68015.4140625
1772888220,67999.3984375,67999.3984375,67995.0859375,67995.0859375
1772888400,67986.6953125,68003.6953125,67986.6953125,68001.5234375
1772888580,68033.0234375,68033.0234375,68031.1796875,68031.1796875
1772888760,68043.328125,68043.328125,67954.6875,67954.6875
1772888940,67966.1484375,68025.0546875,67966.1484375,68025.0546875
1772889120,68032.0390625,68032.0390625,68031.125,68031.125
1772889300,68030.6640625,68051.609375,68030.6640625,68051.609375
1772889480,68056.078125,68071.1328125,68053.015625,68053.015625
1772889660,67993.9921875,67993.9921875,67986.96875,67986.96875
1772889840,67994.2265625,68004.3671875,67994.2265625,68004.3671875
1772890020,67992.0703125,68029.828125,67992.0703125,68029.828125
1772890200,68018.078125,68042.6328125,68008.8125,68042.6328125
1772890380,68043.5,68043.5,67992.3515625,67992.3515625
1772890560,67992.0546875,67997.6328125,67992.0546875,67997.6328125
1772890740,67881.5234375,67894.65625,67881.5234375,67894.65625
1772890920,67917.375,67931.8515625,67917.375,67925.53125
1772891100,67928.4609375,67928.4609375,67897.5390625,67921.796875
1772891280,67929.1171875,67929.1171875,67913.3671875,67914.1953125
1772891460,67919.5859375,67933.234375,67919.5859375,67933.234375
1772891640,67920.7265625,67937.625,67920.7265625,67925.8671875
1772891820,67931.140625,67931.140625,67902.5859375,67923.0703125
1772892000,67893.1875,67893.1875,67793.3046875,67793.3046875
1772892180,67827.421875,67844.6875,67827.421875,67844.6875
1772892360,67814.3828125,67814.3828125,67794.875,67796.125
1772892540,67781.6796875,67781.6796875,67728.9609375,67728.9609375
1772892720,67635.5390625,67635.5390625,67628.859375,67631.5
1772892900,67727.90625,67748.234375,67727.90625,67748.234375
1772893080,67757.75,67783.265625,67757.75,67783.265625
1772893260,67748.4453125,67759.6484375,67748.4453125,67759.6484375
1772893440,67800.78125,67815.0,67793.4140625,67815.0
1772893620,67809.171875,67809.171875,67805.6640625,67805.6640625
1772893800,67806.796875,67821.90625,67806.796875,67810.0390625
1772893980,67812.296875,67816.859375,67812.296875,67816.859375
1772894160,67853.3515625,67853.3515625,67852.5078125,67852.5078125
1772894340,67899.953125,68050.796875,67899.953125,68027.6953125
1772894520,68046.5,68046.5,68029.5703125,68029.5703125
1772894700,68019.3203125,68046.0,68019.3203125,68046.0
1772894880,68020.0703125,68039.46875,67995.578125,68039.46875
1772895060,68054.3515625,68054.3515625,68026.421875,68026.421875
1772895240,68038.6953125,68042.4140625,68038.6953125,68039.2421875
1772895420,68032.5703125,68038.125,68031.2265625,68038.125
1772895600,68020.1640625,68020.1640625,67988.9765625,67988.9765625
1772895780,67979.09375,67998.953125,67979.09375,67997.140625
1772895960,67974.2890625,68009.671875,67974.2890625,68009.671875
1772896140,68002.359375,68002.359375,67968.3515625,67968.3515625
1772896320,67946.8046875,67958.015625,67946.8046875,67954.1171875
1772896500,67938.0859375,67986.5390625,67938.0859375,67986.5390625
1772896680,67985.9375,67985.9375,67948.09375,67948.09375
1772896860,67880.4921875,67880.4921875,67880.4921875,67880.4921875
1772897040,67945.0234375,67949.6328125,67945.0234375,67949.6328125
1772897220,67926.125,67926.125,67926.125,67926.125
1772897400,67926.265625,67926.265625,67904.828125,67904.828125
1772897580,67957.7265625,68001.5625,67957.7265625,67999.765625
1772897760,68010.6015625,68010.6015625,67956.109375,67956.109375
1772897940,67896.328125,67896.328125,67798.03125,67798.03125
1772898120,67821.2734375,67821.2734375,67810.734375,67810.734375
1772898300,67825.4140625,67825.4140625,67810.40625,67814.2578125
1772898480,67839.421875,67858.53125,67839.421875,67843.7734375
1772898660,67857.9453125,67873.296875,67857.9453125,67873.296875
1772898840,67892.0859375,67899.7734375,67892.0859375,67899.7734375
1772899020,67897.15625,67912.796875,67897.15625,67910.8984375
1772899200,67887.4375,67887.4375,67847.53125,67860.5546875
1772899380,67855.96875,67861.28125,67850.9765625,67850.9765625
1772899560,67818.2421875,67849.1171875,67818.2421875,67849.1171875
1772899740,67877.1640625,67877.1640625,67873.7421875,67875.1015625
1772899920,67874.3359375,67877.5234375,67870.9921875,67877.5234375
1772900100,67878.2890625,67878.2890625,67834.265625,67834.265625
1772900280,67785.84375,67785.84375,67780.8671875,67785.2421875
1772900460,67795.640625,67832.4609375,67795.640625,67832.4609375
1772900640,67838.8203125,67838.8203125,67781.84375,67799.0703125
1772900820,67815.546875,67815.546875,67798.5390625,67798.5390625
1772901000,67789.890625,67789.890625,67781.328125,67781.328125
1772901180,67815.90625,67827.40625,67801.9921875,67801.9921875
1772901360,67805.625,67805.625,67795.5546875,67803.828125
1772901540,67812.7734375,67819.265625,67742.9140625,67742.9140625
1772901720,67741.328125,67779.46875,67741.328125,67779.46875
1772901900,67784.2265625,67809.4453125,67784.2265625,67809.4453125
1772902080,67803.734375,67803.734375,67775.2734375,67775.2734375
1772902260,67784.1015625,67791.96875,67775.8828125,67791.96875
1772902440,67800.84375,67811.6796875,67799.921875,67811.6796875
1772902620,67801.0234375,67818.6875,67792.2890625,67818.6875
1772902800,67804.7109375,67852.5859375,67794.828125,67852.5859375
1772902980,67842.859375,67847.3125,67842.859375,67845.265625
1772903160,67834.2265625,67834.2265625,67816.3984375,67819.375
1772903340,67821.0078125,67832.6015625,67821.0078125,67832.2890625
1772903520,67822.375,67831.78125,67822.375,67831.78125
1772903700,67839.234375,67842.515625,67834.921875,67842.515625
1772903880,67836.0078125,67836.0078125,67820.640625,67828.8671875
1772904060,67858.4140625,67902.0546875,67858.4140625,67902.0546875
1772904240,67918.0234375,67918.0234375,67899.6640625,67899.6640625
1772904420,67888.5078125,67888.5078125,67876.515625,67876.515625
1772904600,67877.3828125,67878.0078125,67873.8046875,67878.0078125
1772904780,67875.3828125,67875.3828125,67871.4375,67872.8203125
1772904960,67872.6796875,67873.015625,67871.015625,67871.015625
1772905140,67868.7265625,67872.3671875,67868.7265625,67872.3671875
1772905320,67876.5078125,67882.4765625,67876.5078125,67882.4765625
1772905500,67881.265625,67881.265625,67873.7578125,67873.7578125
1772905680,67879.3125,67879.3125,67871.4765625,67876.0390625
1772905860,67865.421875,67867.3125,67864.5390625,67867.3125
1772906040,67866.5,67873.6796875,67866.5,67873.6796875
1772906220,67858.265625,67858.265625,67781.765625,67781.765625
1772906400,67787.0546875,67787.0546875,67728.65625,67728.65625
1772906580,67521.46875,67596.4375,67521.46875,67596.4375
1772906760,67599.8515625,67609.46875,67595.4375,67609.46875
1772906940,67600.21875,67635.484375,67600.21875,67635.484375
1772907120,67638.171875,67638.171875,67619.765625,67620.875
1772907300,67623.515625,67653.71875,67623.515625,67653.71875
1772907480,67689.796875,67689.796875,67630.1328125,67630.1328125
1772907660,67624.953125,67645.671875,67605.8203125,67645.671875
1772907840,67664.2109375,67664.2109375,67640.5390625,67640.5390625
1772908020,67623.546875,67623.546875,67614.09375,67614.09375
1772908200,67608.59375,67617.4765625,67590.8046875,67590.8046875
1772908380,67603.8359375,67603.8359375,67523.8828125,67523.8828125
1772908560,67537.3984375,67537.3984375,67523.8828125,67528.953125
1772908740,67521.7890625,67566.5546875,67521.7890625,67566.5546875
1772908920,67600.6953125,67600.6953125,67599.4453125,67599.4453125
1772909100,67629.3046875,67645.2265625,67618.2890625,67618.2890625
1772909280,67621.6171875,67636.046875,67618.9921875,67636.046875
1772909460,67603.5,67603.5,67568.2265625,67572.2890625
1772909640,67589.96875,67597.9765625,67587.640625,67587.640625
1772909820,67592.984375,67592.984375,67583.078125,67588.6875
1772910000,67571.0625,67571.0625,67547.65625,67550.984375
1772910180,67541.90625,67541.90625,67518.96875,67518.96875
1772910360,67530.921875,67530.921875,67523.765625,67523.765625
1772910540,67547.390625,67547.390625,67534.2265625,67535.5625
1772910720,67549.984375,67551.5703125,67549.984375,67550.2265625
1772910900,67530.265625,67542.1796875,67530.265625,67542.1796875
1772911080,67536.703125,67536.703125,67349.703125,67349.703125
1772911260,67445.15625,67458.484375,67445.15625,67458.484375
1772911440,67432.9921875,67432.9921875,67375.9140625,67375.9140625
1772911620,67366.5859375,67366.5859375,67225.6953125,67241.75
1772911800,67217.6640625,67241.9296875,67217.6640625,67241.625
1772911980,67245.5390625,67299.4140625,67245.5390625,67267.328125
1772912160,67286.578125,67329.765625,67286.578125,67329.765625
1772912340,67301.125,67324.2109375,67299.03125,67324.2109375
1772912520,67285.859375,67294.8515625,67274.46875,67294.8515625
1772912700,67239.0703125,67254.828125,67239.0703125,67245.359375
1772912880,67261.5078125,67261.5078125,67199.8125,67199.8125
1772913060,67025.796875,67056.03125,67025.796875,67056.03125
1772913240,67028.6171875,67029.1875,67016.953125,67016.953125
1772913420,67036.6640625,67103.7734375,67036.6640625,67095.625
1772913600,67087.1328125,67121.2421875,67087.1328125,67118.2109375
1772913780,67147.7421875,67185.4296875,67147.7421875,67185.4296875
1772913960,67199.5234375,67253.0078125,67199.5234375,67253.0078125
1772914140,67247.515625,67247.515625,67205.6328125,67231.265625
1772914320,67277.3828125,67282.953125,67276.96875,67276.96875
1772914500,67245.8046875,67245.8046875,67228.5546875,67241.578125
1772914680,67275.7265625,67275.7265625,67266.59375,67266.59375
1772914860,67207.96875,67233.484375,67207.96875,67226.96875
1772915040,67251.6328125,67264.7265625,67249.875,67264.7265625
1772915220,67268.890625,67292.671875,67268.890625,67292.671875
1772915400,67275.453125,67275.453125,67259.7265625,67259.7265625
1772915580,67260.921875,67279.5703125,67260.921875,67279.5703125
1772915760,67307.5546875,67333.8359375,67307.5546875,67333.8359375
1772915940,67385.296875,67397.90625,67385.296875,67397.90625
1772916120,67397.96875,67403.1015625,67397.0703125,67403.1015625
1772916300,67401.921875,67416.234375,67401.921875,67406.9296875
1772916480,67394.8359375,67396.6171875,67390.203125,67396.6171875
1772916660,67347.625,67375.046875,67347.625,67375.046875
1772916840,67378.1953125,67404.3515625,67378.1953125,67404.3515625
1772917020,67407.9765625,67418.8984375,67407.9765625,67414.6171875
1772917200,67401.6796875,67438.734375,67401.6796875,67411.96875
1772917380,67359.609375,67383.3828125,67359.609375,67383.3828125
1772917560,67396.7265625,67420.9375,67396.7265625,67407.8984375
1772917740,67416.9453125,67439.125,67416.9453125,67439.125
1772917920,67454.8984375,67454.8984375,67447.359375,67447.359375
1772918100,67425.1171875,67447.3203125,67425.1171875,67444.109375
1772918280,67451.7890625,67471.9453125,67437.703125,67437.703125
1772918460,67432.8203125,67440.8125,67432.8203125,67438.7734375
1772918640,67437.078125,67451.453125,67437.078125,67451.453125
1772918820,67463.875,67476.7265625,67463.875,67476.7265625
1772919000,67459.1015625,67459.1015625,67381.484375,67381.484375
1772919180,67381.0234375,67422.6328125,67381.0234375,67422.6328125
1772919360,67328.390625,67328.390625,67297.53125,67297.53125
1772919540,67304.296875,67336.53125,67304.296875,67336.53125
1772919720,67324.53125,67354.4609375,67324.53125,67354.4609375
1772919900,67373.3984375,67373.3984375,67331.8671875,67331.8671875
1772920080,67310.6484375,67350.7734375,67310.6484375,67350.7734375
1772920260,67336.8515625,67352.828125,67336.8515625,67352.828125
1772920440,67359.8671875,67379.28125,67359.8671875,67369.453125
1772920620,67384.8984375,67445.6796875,67384.8984375,67439.015625
1772920800,67452.1484375,67452.1484375,67426.9453125,67439.8984375
1772920980,67443.625,67443.625,67428.1640625,67428.1640625
1772921160,67456.328125,67456.328125,67432.40625,67432.40625
1772921340,67447.84375,67447.84375,67389.1171875,67398.8359375
1772921520,67373.5234375,67382.453125,67373.5234375,67382.453125
1772921700,67346.96875,67346.96875,67331.984375,67331.984375
1772921880,67351.53125,67354.03125,67349.3671875,67354.03125
1772922060,67340.515625,67340.515625,67306.4453125,67306.4453125
1772922240,67303.7578125,67309.78125,67300.953125,67300.953125
1772922420,67309.75,67309.75,67293.6953125,67297.8125
1772922600,67276.2109375,67306.375,67276.2109375,67306.375
1772922780,67293.0078125,67293.0078125,67217.78125,67217.78125
1772922960,67182.4296875,67229.328125,67171.5625,67229.328125
1772923140,67231.59375,67257.40625,67231.59375,67257.40625
1772923320,67278.1953125,67297.8203125,67278.1953125,67297.8203125
1772923500,67267.6953125,67333.828125,67267.6953125,67333.828125
1772923680,67310.671875,67310.671875,67280.46875,67280.46875
1772923860,67277.546875,67290.28125,67277.546875,67290.28125
1772924040,67281.6328125,67281.6328125,67244.7734375,67244.7734375
1772924220,67233.3671875,67240.6640625,67228.8515625,67240.6640625
1772924400,67239.65625,67239.65625,67209.265625,67209.265625
1772924580,67248.59375,67306.5234375,67248.59375,67306.5234375
1772924760,67352.0625,67352.0625,67347.59375,67347.59375
1772924940,67352.5234375,67352.5234375,67344.796875,67344.796875
1772925120,67338.8125,67338.8125,67330.046875,67330.046875
1772925300,67327.3828125,67332.875,67327.3828125,67332.875
1772925480,67339.59375,67361.796875,67339.59375,67352.1796875
1772925660,67351.5703125,67379.796875,67351.5703125,67379.796875
1772925840,67376.453125,67384.7421875,67376.453125,67377.9375
1772926020,67352.875,67352.875,67341.6875,67341.6875
1772926200,67375.3984375,67375.3984375,67375.3984375,67375.3984375
1772926380,67372.0,67372.0,67363.3515625,67363.3515625
1772926560,67370.4140625,67370.4140625,67370.4140625,67370.4140625
1772926740,67320.046875,67321.5625,67320.046875,67321.5625
1772926920,67330.9453125,67330.9453125,67330.9453125,67330.9453125
1772927100,67336.3125,67336.3125,67288.390625,67288.390625
1772927280,67276.921875,67281.59375,67272.5234375,67272.5234375
1772927460,67243.9375,67251.671875,67243.9375,67251.671875
1772927640,67259.5546875,67274.640625,67259.5546875,67274.640625
1772927820,67267.703125,67267.703125,67267.703125,67267.703125
1772928000,67250.1015625,67321.171875,67250.1015625,67321.171875
1772928180,67348.5703125,67376.203125,67348.5703125,67376.203125
1772928360,67400.921875,67400.921875,67386.171875,67386.171875
1772928540,67400.734375,67443.1328125,67400.734375,67443.1328125
1772928720,67435.46875,67439.1796875,67435.46875,67439.1796875
1772928900,67433.46875,67433.46875,67425.0546875,67429.453125
1772929080,67424.7734375,67428.5078125,67409.234375,67409.234375
1772929260,67415.2578125,67474.390625,67415.2578125,67474.390625
1772929440,67386.796875,67386.796875,67368.2421875,67368.2421875
1772929620,67332.8203125,67346.21875,67332.8203125,67345.8984375
1772929800,67346.109375,67355.5,67326.5703125,67326.5703125
1772929980,67330.1875,67332.6640625,67330.1640625,67330.1640625
1772930160,67301.921875,67301.921875,67265.2265625,67265.2265625
1772930340,67280.3828125,67319.109375,67280.3828125,67319.109375
1772930520,67307.1953125,67307.1953125,67260.7421875,67260.7421875
1772930700,67286.4921875,67287.546875,67254.765625,67254.765625
1772930880,67196.890625,67196.890625,67195.5703125,67196.515625
1772931060,67213.75,67213.75,67202.3515625,67202.4453125
1772931240,67178.5546875,67192.09375,67177.8046875,67177.8046875
1772931420,67191.9140625,67228.4921875,67191.9140625,67228.4921875
1772931600,67197.640625,67205.1953125,67182.8359375,67182.8359375
1772931780,67190.7578125,67190.984375,67185.8046875,67185.8046875
1772931960,67172.390625,67266.0859375,67172.390625,67266.0859375
1772932140,67275.6953125,67275.6953125,67243.890625,67243.890625
1772932320,67228.2890625,67262.640625,67228.2890625,67262.640625
1772932500,67270.8125,67307.125,67270.8125,67307.125
1772932680,67303.1640625,67303.1640625,67268.6640625,67268.6640625
1772932860,67289.4375,67289.4375,67289.4375,67289.4375
1772933040,67276.34375,67280.296875,67276.34375,67280.296875
1772933220,67265.40625,67265.40625,67265.40625,67265.40625
1772933400,67257.9453125,67257.9453125,67137.7421875,67137.7421875
1772933580,67105.3359375,67110.6796875,67100.0078125,67100.0078125
1772933760,67098.0703125,67230.3046875,67098.0703125,67230.3046875
1772933940,67243.59375,67243.59375,67234.109375,67236.9453125
1772934120,67239.203125,67240.4375,67239.203125,67240.4375
1772934300,67292.6796875,67300.328125,67292.6796875,67300.328125
1772934480,67317.8515625,67318.6796875,67317.8515625,67318.359375
1772934660,67323.15625,67347.359375,67323.15625,67347.359375
1772934840,67340.3125,67350.0390625,67331.5625,67331.5625
1772935020,67332.609375,67332.609375,67296.7109375,67296.7109375
1772935200,67299.8046875,67299.8046875,67269.015625,67269.015625
1772935380,67269.234375,67272.2578125,67269.234375,67270.8671875
1772935560,67266.1015625,67284.4140625,67266.1015625,67284.4140625
1772935740,67284.3515625,67284.3515625,67227.8203125,67233.7734375
1772935920,67239.046875,67241.015625,67223.8125,67241.015625
1772936100,67289.6328125,67331.9453125,67289.6328125,67331.9453125
1772936280,67343.40625,67343.40625,67250.2890625,67250.2890625
1772936460,67282.046875,67288.359375,67282.046875,67288.359375
1772936640,67283.4765625,67293.0625,67283.4765625,67293.0625
1772936820,67281.984375,67281.984375,67237.3515625,67237.3515625
1772937000,67217.2109375,67217.2109375,67133.8671875,67133.8671875
1772937180,67148.5703125,67189.859375,67148.5703125,67189.859375
1772937360,67218.71875,67218.71875,67163.4921875,67163.4921875
1772937540,67196.7578125,67222.46875,67196.7578125,67222.46875
1772937720,67227.78125,67399.28125,67227.78125,67399.28125
1772937900,67408.5859375,67408.5859375,67316.703125,67320.296875
1772938080,67193.2109375,67209.546875,67083.4921875,67083.4921875
1772938260,66974.6796875,66975.609375,66905.828125,66975.609375
1772938440,66979.71875,67009.21875,66979.71875,67009.21875
1772938620,66948.8359375,66961.046875,66948.8359375,66956.8046875
1772938800,66919.421875,66919.421875,66892.953125,66905.3203125
1772938980,66915.75,66962.4140625,66915.75,66939.8046875
1772939160,66937.0703125,67001.71875,66937.0703125,67001.71875
1772939340,66979.609375,66979.609375,66956.9921875,66973.9921875
1772939520,66945.1484375,66978.734375,66945.1484375,66972.5625
1772939700,66971.296875,67064.59375,66971.296875,67064.59375
1772939880,67048.1328125,67048.1328125,67010.59375,67019.515625
1772940060,67013.921875,67017.8515625,67002.75,67017.8515625
1772940240,67018.4375,67030.15625,67014.7890625,67014.7890625
1772940420,67006.1015625,67006.1015625,66995.78125,66995.78125
1772940600,67000.40625,67013.828125,66970.34375,66970.34375
1772940780,66966.6953125,66982.375,66944.0078125,66982.375
1772940960,66970.3515625,66999.765625,66970.3515625,66999.765625
1772941140,67018.796875,67018.796875,66998.1796875,66998.1796875
1772941320,67002.3984375,67012.96875,67002.3984375,67012.96875
1772941500,67009.125,67026.859375,67009.125,67026.859375
1772941680,67034.3984375,67048.765625,67019.4375,67019.4375
1772941860,67025.21875,67029.2734375,67016.765625,67029.2734375
1772942040,67032.625,67032.625,67016.2421875,67025.046875
1772942220,67049.1328125,67050.3515625,67047.0546875,67050.3515625
1772942400,67009.3125,67009.3125,67002.25,67002.25
1772942580,66973.296875,67019.859375,66951.21875,67019.859375
1772942760,67012.4140625,67047.1953125,67012.4140625,67047.1953125
1772942940,67059.21875,67059.21875,67024.015625,67024.015625
1772943120,66986.984375,66986.984375,66986.984375,66986.984375
1772943300,67017.9609375,67017.9609375,66993.125,66993.125
1772943480,67020.7890625,67060.1640625,67020.7890625,67060.1640625
1772943660,67077.75,67077.75,67056.9140625,67056.9140625
1772943840,67067.09375,67067.09375,67040.015625,67040.015625
1772944020,67044.84375,67044.84375,67032.8359375,67032.8359375
1772944200,67028.15625,67028.15625,66982.7265625,66982.7265625
1772944380,66995.96875,67006.859375,66995.96875,66999.625
1772944560,66964.1015625,66967.1953125,66945.5546875,66945.5546875
1772944740,66947.2734375,66968.0546875,66947.2734375,66961.65625
1772944920,66929.328125,66955.25,66929.328125,66955.25
1772945100,66956.0234375,66956.0234375,66932.890625,66932.890625
1772945280,66878.1796875,66878.1796875,66858.640625,66866.40625
1772945460,66839.1015625,66864.59375,66834.7890625,66864.59375
1772945640,66780.2890625,66780.2890625,66612.984375,66612.984375
1772945820,66643.4765625,66647.515625,66643.4765625,66647.515625
1772946000,66635.25,66718.5859375,66635.25,66718.5859375
1772946180,66739.4921875,66759.953125,66739.4921875,66759.953125
1772946360,66808.875,66896.1953125,66808.875,66896.1953125
1772946540,66904.2578125,66924.515625,66904.2578125,66923.5625
1772946720,66940.9296875,66943.3046875,66918.3125,66943.3046875
1772946900,66971.015625,66973.9453125,66967.0390625,66973.9453125
1772947080,67015.890625,67022.75,67015.890625,67022.75
1772947260,67061.7890625,67135.2734375,67061.7890625,67135.2734375
1772947440,67119.8984375,67177.1328125,67119.8984375,67177.1328125
1772947620,67178.234375,67178.234375,67166.9609375,67167.703125
1772947800,67139.40625,67176.5859375,67139.40625,67176.5859375
1772947980,67125.5390625,67125.5390625,67103.34375,67103.34375
1772948160,67123.84375,67141.8984375,67123.84375,67141.8984375
1772948340,67154.171875,67184.359375,67154.171875,67184.359375
1772948520,67162.828125,67182.9375,67162.828125,67182.9375
1772948700,67186.9765625,67204.921875,67186.9765625,67204.921875
1772948880,67202.265625,67216.75,67202.265625,67216.75
1772949060,67205.7109375,67205.7109375,67174.78125,67174.78125
1772949240,67162.046875,67217.5859375,67162.046875,67217.5859375
1772949420,67199.953125,67199.953125,67171.09375,67171.09375
1772949600,67154.2109375,67165.5390625,67154.2109375,67165.5390625
1772949780,67187.6484375,67200.4921875,67187.6484375,67200.4921875
1772949960,67218.9609375,67218.9609375,67170.03125,67192.703125
1772950140,67180.859375,67197.4921875,67180.859375,67189.8125
1772950320,67159.953125,67159.953125,67128.453125,67128.453125
1772950500,67104.09375,67130.8671875,67104.09375,67130.8671875
1772950680,67135.859375,67138.78125,67089.3359375,67089.3359375
1772950860,67101.765625,67129.2890625,67101.765625,67129.2890625
1772951040,67141.265625,67141.265625,67130.484375,67130.484375
1772951220,67113.875,67113.875,67090.34375,67090.34375
1772951400,67057.984375,67086.8203125,67057.984375,67086.8203125
1772951580,67081.28125,67081.28125,67081.28125,67081.28125
1772951760,67064.0234375,67089.4296875,67064.0234375,67089.4296875
1772951940,67100.0078125,67125.4296875,67100.0078125,67125.4296875
1772952120,67127.5625,67131.0859375,67127.5625,67128.5
1772952300,67122.28125,67144.875,67122.28125,67144.875
1772952480,67150.0546875,67150.0546875,67127.8984375,67127.8984375
1772952660,67128.0234375,67128.0234375,67121.875,67121.875
1772952840,67118.3046875,67151.0859375,67118.3046875,67151.0859375
1772953020,67161.4609375,67190.828125,67161.4609375,67190.828125
1772953200,67162.796875,67163.171875,67162.4296875,67162.4296875
1772953380,67173.109375,67247.7734375,67173.109375,67247.7734375
1772953560,67397.8984375,67397.8984375,67344.8046875,67352.2421875
1772953740,67336.0703125,67386.015625,67336.0703125,67386.015625
1772953920,67369.3125,67383.234375,67361.2890625,67361.2890625
1772954100,67387.984375,67387.984375,67369.8046875,67369.8046875
1772954280,67384.109375,67384.109375,67370.7265625,67370.7265625
1772954460,67412.6953125,67412.6953125,67352.6484375,67352.6484375
1772954640,67336.765625,67336.765625,67310.671875,67310.671875
1772954820,67300.640625,67300.875,67300.640625,67300.875
1772955000,67369.9765625,67369.9765625,67351.2734375,67351.2734375
1772955180,67353.453125,67353.453125,67329.3515625,67329.3515625
1772955360,67320.7734375,67330.046875,67320.7734375,67330.046875
1772955540,67341.5078125,67351.8671875,67330.734375,67330.734375
1772955720,67328.734375,67341.3359375,67328.734375,67332.0546875
1772955900,67316.625,67316.625,67315.4453125,67315.4453125
1772956080,67295.859375,67300.7265625,67286.46875,67286.46875
1772956260,67291.4453125,67310.5859375,67291.4453125,67310.5859375
1772956440,67291.734375,67291.734375,67282.5625,67287.796875
1772956620,67271.6796875,67277.71875,67271.6796875,67277.71875
1772956800,67315.3984375,67335.375,67297.203125,67297.203125
1772956980,67275.6328125,67306.390625,67275.6328125,67306.390625
1772957160,67300.2890625,67327.0078125,67300.2890625,67327.0078125
1772957340,67321.90625,67321.90625,67272.75,67272.75
1772957520,67290.8125,67309.015625,67290.8125,67309.015625
1772957700,67216.15625,67216.15625,67211.7421875,67211.7421875
1772957880,67184.15625,67256.8359375,67184.15625,67256.8359375
1772958060,67268.234375,67268.234375,67263.46875,67263.46875
1772958240,67254.71875,67273.609375,67254.71875,67263.2734375
1772958420,67264.984375,67275.015625,67264.984375,67275.015625
1772958600,67268.2734375,67298.953125,67268.2734375,67298.953125
1772958780,67274.421875,67283.9453125,67242.6171875,67283.9453125
1772958960,67306.8359375,67313.859375,67300.1796875,67300.1796875
1772959140,67303.8984375,67406.0,67303.8984375,67406.0
1772959320,67425.7109375,67446.8828125,67425.7109375,67446.8828125
1772959500,67492.640625,67531.421875,67492.640625,67531.421875
1772959680,67523.8046875,67523.8046875,67464.0703125,67464.0703125
1772959860,67479.78125,67479.78125,67456.640625,67456.640625
1772960040,67501.359375,67519.3515625,67501.359375,67515.9296875
1772960220,67534.5390625,67547.984375,67534.5390625,67537.9296875
1772960400,67541.71875,67541.71875,67500.4140625,67500.4140625
1772960580,67472.4921875,67491.625,67472.4921875,67491.625
1772960760,67540.8125,67540.8125,67502.2421875,67502.2421875
1772960940,67514.28125,67540.3125,67514.28125,67540.3125
1772961120,67563.9375,67650.6328125,67563.9375,67650.6328125
1772961300,67789.53125,67819.0546875,67765.078125,67819.0546875
1772961480,67781.3359375,67788.125,67771.7265625,67771.7265625
1772961660,67772.5234375,67772.5234375,67746.796875,67746.796875
1772961840,67746.4296875,67758.171875,67746.4296875,67758.171875
1772962020,67749.5234375,67809.859375,67749.5234375,67809.859375
1772962200,67817.28125,67817.28125,67772.7734375,67772.7734375
1772962380,67788.9453125,67788.9453125,67756.2109375,67756.2109375
1772962560,67750.1796875,67750.1796875,67730.234375,67730.234375
1772962740,67736.1328125,67747.390625,67736.1328125,67747.390625
1772962920,67744.1484375,67744.1484375,67736.8828125,67742.4296875
1772963100,67746.90625,67746.90625,67719.0859375,67719.0859375
1772963280,67718.8984375,67720.359375,67718.8984375,67720.359375
1772963460,67717.4140625,67718.265625,67709.4296875,67709.4296875
1772963640,67708.78125,67727.5234375,67697.3125,67727.5234375
1772963820,67724.4140625,67733.984375,67724.4140625,67733.984375
1772964000,67718.625,67731.1640625,67718.625,67731.1640625
1772964180,67776.515625,67798.265625,67776.515625,67798.265625
1772964360,67848.34375,67848.34375,67800.234375,67800.234375
1772964540,67807.8515625,67817.0390625,67794.8046875,67794.8046875
1772964720,67822.3671875,67864.671875,67822.3671875,67864.671875
1772964900,67871.7109375,67872.4375,67864.015625,67872.4375
1772965080,67905.03125,67916.6328125,67905.03125,67916.6328125
1772965260,67916.6328125,67991.6796875,67916.6328125,67991.6796875
1772965440,68057.5859375,68170.4453125,68057.5859375,68170.4453125
1772965620,68167.7890625,68167.7890625,68068.7578125,68068.7578125
1772965800,68054.7421875,68054.7421875,68039.390625,68039.390625
1772965980,68054.4375,68054.4375,67989.7734375,67989.7734375
1772966160,68034.6171875,68034.6171875,67980.8046875,67980.8046875
1772966340,67965.828125,67965.828125,67956.0703125,67956.0703125
1772966520,67948.984375,67948.984375,67945.78125,67945.78125
1772966700,67931.140625,67931.140625,67931.140625,67931.140625
1772966880,67923.8125,67923.8125,67901.015625,67901.015625
1772967060,67900.59375,67902.2109375,67888.6171875,67902.2109375
1772967240,67904.6171875,67911.0625,67904.6171875,67908.734375
1772967420,67944.4296875,67944.4296875,67888.203125,67893.5078125
1772967600,67896.859375,67896.859375,67861.25,67861.25
1772967780,67839.3984375,67839.3984375,67739.40625,67739.40625
1772967960,67580.875,67585.0,67520.46875,67585.0
1772968140,67573.5546875,67573.5546875,67553.7109375,67566.1328125
1772968320,67567.5625,67591.015625,67566.6640625,67591.015625
1772968500,67574.8046875,67623.109375,67574.8046875,67623.109375
1772968680,67610.859375,67619.96875,67610.859375,67618.7578125
1772968860,67631.984375,67674.3125,67631.984375,67674.3125
1772969040,67691.6171875,67710.8984375,67675.015625,67675.015625
1772969220,67683.703125,67683.703125,67681.28125,67681.28125
1772969400,67676.7109375,67738.671875,67676.7109375,67738.671875
1772969580,67744.5625,67744.5625,67587.8515625,67587.8515625
1772969760,67531.3125,67531.3125,67506.734375,67510.1796875
1772969940,67538.1171875,67541.2109375,67538.1171875,67541.2109375
1772970120,67439.5703125,67501.15625,67439.5703125,67501.15625
1772970300,67491.984375,67532.46875,67491.984375,67506.4609375
1772970480,67486.578125,67513.8515625,67486.578125,67513.8515625
1772970660,67440.7265625,67495.40625,67440.7265625,67495.40625
1772970840,67523.3359375,67538.9921875,67523.3359375,67536.609375
1772971020,67538.703125,67538.703125,67537.4765625,67537.6328125
1772971200,67517.109375,67544.578125,67502.71875,67544.578125
1772971380,67557.5078125,67617.4453125,67557.5078125,67617.4453125
1772971560,67578.3125,67578.3125,67505.578125,67505.578125
1772971740,67480.46875,67480.46875,67280.5,67303.1484375
1772971920,67277.8046875,67277.8046875,67056.3046875,67056.3046875
1772972100,67034.5078125,67034.5078125,66913.4375,66988.171875
1772972280,67038.3984375,67126.2109375,67038.3984375,67126.2109375
1772972460,67279.578125,67279.578125,67274.75,67274.75
1772972640,67301.53125,67312.515625,67292.34375,67312.515625
1772972820,67303.71875,67393.234375,67303.71875,67393.234375
1772973000,67421.2109375,67421.2109375,67379.109375,67379.109375
1772973180,67397.8359375,67397.8359375,67320.5234375,67320.5234375
1772973360,67339.21875,67339.21875,67310.71875,67314.84375
1772973540,67341.2734375,67383.09375,67334.7890625,67383.09375
1772973720,67391.7109375,67391.7109375,67363.7734375,67363.7734375
1772973900,67394.0,67394.0,67317.7109375,67317.7109375
1772974080,67310.875,67327.3828125,67310.875,67327.3828125
1772974260,67320.0546875,67357.3125,67320.0546875,67357.3125
1772974440,67354.671875,67354.671875,67329.921875,67329.921875
1772974620,67305.921875,67305.921875,67305.921875,67305.921875
1772974800,67316.9375,67342.359375,67316.9375,67342.359375
1772974980,67354.65625,67354.6640625,67269.9140625,67269.9140625
1772975160,67228.0625,67251.890625,67228.0625,67251.890625
1772975340,67241.09375,67274.546875,67241.09375,67264.7734375
1772975520,67272.8046875,67272.8046875,67037.6875,67037.6875
1772975700,66989.71875,67056.515625,66989.71875,67056.515625
1772975880,67078.1015625,67089.9765625,67078.1015625,67082.734375
1772976060,67088.9921875,67111.796875,67088.9921875,67107.3984375
1772976240,67063.453125,67063.453125,66876.625,66876.625
1772976420,67041.2890625,67169.453125,67041.2890625,67146.4375
1772976600,67155.4140625,67155.4140625,67091.40625,67091.40625
1772976780,67008.8984375,67008.8984375,67008.8984375,67008.8984375
1772976960,67037.0,67066.3671875,67037.0,67066.3671875
1772977140,67078.5625,67078.5625,67042.8515625,67042.8515625
1772977320,66895.03125,67023.1015625,66895.03125,67023.1015625
1772977500,67045.984375,67096.0,67045.984375,67079.125
1772977680,67100.2890625,67174.6328125,67100.2890625,67174.6328125
1772977860,67132.6953125,67178.28125,67132.6953125,67178.28125
1772978040,67172.671875,67212.4375,67172.671875,67212.4375
1772978220,67234.265625,67273.3125,67234.265625,67257.5390625
1772978400,67249.78125,67260.859375,67246.8515625,67246.8515625
1772978580,67206.46875,67237.75,67206.46875,67237.75
1772978760,67321.03125,67342.515625,67307.59375,67307.59375
1772978940,67250.8828125,67300.6640625,67250.8828125,67300.6640625
1772979120,67297.015625,67301.640625,67297.015625,67299.8203125
1772979300,67301.640625,67395.0,67301.640625,67395.0
1772979480,67336.296875,67381.3671875,67330.4453125,67381.3671875
1772979660,67349.25,67370.625,67349.25,67370.625
1772979840,67335.8046875,67367.6875,67335.8046875,67367.6875
1772980020,67330.8359375,67330.8359375,67251.2265625,67251.2265625
1772980200,67258.4765625,67282.578125,67258.4765625,67282.578125
1772980380,67326.7265625,67342.4921875,67296.9140625,67296.9140625
1772980560,67247.609375,67272.7734375,67247.609375,67257.0234375
1772980740,67270.859375,67270.859375,67240.0703125,67240.0703125
1772980920,67161.90625,67161.90625,67081.1171875,67081.1171875
1772981100,67074.4453125,67074.4453125,67074.4453125,67074.4453125
1772981280,67129.015625,67143.265625,67129.015625,67143.265625
1772981460,67226.0234375,67226.0234375,67226.0234375,67226.0234375
1772981640,67294.6640625,67294.6640625,67282.859375,67282.859375
1772981820,67282.2578125,67291.859375,67282.2578125,67291.859375
1772982000,67321.421875,67339.5859375,67321.421875,67339.5859375
1772982180,67310.0546875,67342.7890625,67304.40625,67304.40625
1772982360,67278.7734375,67278.7734375,67265.890625,67265.890625
1772982540,67258.7109375,67348.921875,67258.7109375,67337.484375
1772982720,67320.6796875,67320.6796875,67305.2578125,67305.2578125
1772982900,67321.1484375,67321.1484375,67293.828125,67295.140625
1772983080,67287.765625,67321.8515625,67287.765625,67321.8515625
1772983260,67308.0546875,67308.0546875,67211.046875,67211.046875
1772983440,67185.8046875,67223.3671875,67185.8046875,67219.0625
1772983620,67221.390625,67221.390625,67212.421875,67212.890625
1772983800,67166.859375,67166.859375,67136.5,67164.828125
1772983980,67189.15625,67201.453125,67166.9453125,67166.9453125
1772984160,67125.3828125,67158.7421875,67125.3828125,67158.7421875
1772984340,67182.6875,67182.6875,67173.34375,67179.921875
1772984520,67193.3203125,67210.4296875,67193.3203125,67210.4296875
1772984700,67195.8515625,67200.203125,67183.359375,67200.203125
1772984880,67207.0859375,67207.0859375,67150.7578125,67150.7578125
1772985060,67163.28125,67163.28125,67152.5078125,67152.5078125
1772985240,67141.1015625,67141.1015625,67141.1015625,67141.1015625
1772985420,67193.2265625,67197.578125,67193.2265625,67197.578125
1772985600,67200.6953125,67200.6953125,67192.28125,67196.7890625
1772985780,67203.34375,67207.046875,67203.34375,67207.046875
1772985960,67222.40625,67222.40625,67222.40625,67222.40625
1772986140,67198.3125,67203.96875,67194.1484375,67203.96875
1772986320,67174.3515625,67174.3515625,67132.5546875,67132.5546875
1772986500,67091.4140625,67091.4140625,67074.0546875,67074.0546875
1772986680,67085.4609375,67111.390625,67085.4609375,67111.390625
1772986860,67128.40625,67128.40625,67109.28125,67109.28125
1772987040,67114.84375,67114.84375,67114.71875,67114.71875
1772987220,67106.7109375,67117.6953125,67106.7109375,67117.6953125
1772987400,67118.203125,67118.203125,67102.71875,67102.71875
1772987580,67023.640625,67023.640625,66953.7421875,66953.7421875
1772987760,66905.1640625,66908.0703125,66875.9765625,66875.9765625
1772987940,66858.328125,66932.828125,66858.328125,66932.828125
1772988120,66950.6875,66965.875,66950.6875,66965.875
1772988300,66989.0234375,66989.0234375,66889.90625,66889.90625
1772988480,66922.2890625,66922.4375,66916.4140625,66916.4140625
1772988660,66890.9296875,66903.296875,66890.9296875,66903.296875
1772988840,66880.171875,66894.421875,66880.171875,66894.421875
1772989020,66907.28125,66930.7265625,66846.515625,66846.515625
1772989200,66859.78125,66859.78125,66824.0625,66824.0625
1772989380,66859.5,67102.140625,66859.5,67102.140625
1772989560,67113.2578125,67113.2578125,67113.2578125,67113.2578125
1772989740,67119.546875,67119.546875,67079.015625,67079.015625
1772989920,67076.359375,67076.359375,67076.359375,67076.359375
1772990100,67098.703125,67098.703125,67095.828125,67095.828125
1772990280,67127.3515625,67139.203125,67127.3515625,67138.5390625
1772990460,67103.2578125,67103.2578125,67091.6953125,67091.6953125
1772990640,67112.515625,67112.515625,67107.0625,67107.0625
1772990820,67092.7890625,67092.7890625,67066.890625,67066.890625
1772991000,67071.7578125,67086.78125,67071.7578125,67086.78125
1772991180,67106.84375,67106.84375,66997.828125,66997.828125
1772991360,67024.875,67028.8984375,67024.875,67028.8984375
1772991540,67072.1796875,67072.1796875,67054.3359375,67054.3359375
1772991720,67037.296875,67041.3203125,67037.296875,67041.3203125
1772991900,67043.7421875,67045.4453125,67043.7421875,67045.4453125
1772992080,67060.578125,67079.796875,67060.578125,67079.796875
1772992260,67069.9140625,67069.9140625,67069.9140625,67069.9140625
1772992440,67044.921875,67044.921875,66957.421875,66957.421875
1772992620,66978.1953125,66978.1953125,66978.1953125,66978.1953125
1772992800,67011.078125,67041.4140625,67011.078125,67041.4140625
1772992980,67010.96875,67010.96875,66990.890625,66990.890625
1772993160,66993.1328125,66995.765625,66993.1328125,66995.765625
1772993340,66985.046875,66985.046875,66971.90625,66971.90625
1772993520,66959.2734375,66959.2734375,66959.2734375,66959.2734375
1772993700,66909.4609375,66922.484375,66875.609375,66875.609375
1772993880,66899.9765625,66899.9765625,66805.6015625,66805.6015625
1772994060,66879.453125,66903.8203125,66879.453125,66903.8203125
1772994240,66933.0546875,66949.484375,66933.0546875,66949.484375
1772994420,66982.453125,66982.453125,66951.3125,66951.3125
1772994600,66949.71875,66949.71875,66948.5859375,66948.5859375
1772994780,66971.515625,66971.515625,66950.984375,66950.984375
1772994960,66961.1953125,66961.1953125,66864.5,66864.5
1772995140,66876.0,66876.0,66798.828125,66798.828125
1772995320,66793.984375,66828.21875,66793.984375,66809.1953125
1772995500,66768.0625,66792.046875,66768.0625,66792.046875
1772995680,66803.7265625,66830.3671875,66803.7265625,66830.3671875
1772995860,66801.1015625,66806.96875,66801.1015625,66806.96875
1772996040,66826.21875,66875.484375,66826.21875,66875.484375
1772996220,66863.390625,66863.390625,66851.9453125,66853.7421875
1772996400,66823.9375,66830.3359375,66806.6953125,66806.6953125
1772996580,66825.09375,66868.546875,66825.09375,66868.546875
1772996760,66872.4765625,66872.4765625,66862.28125,66868.8125
1772996940,66931.1484375,66982.828125,66931.1484375,66982.828125
1772997120,66939.9453125,66987.015625,66939.9453125,66987.015625
1772997300,67014.7734375,67115.2109375,67014.7734375,67115.2109375
1772997480,67085.1328125,67166.6796875,67085.1328125,67151.1171875
1772997660,67112.1015625,67137.015625,67112.1015625,67137.015625
1772997840,67229.6015625,67229.6015625,67195.7265625,67195.7265625
1772998020,67234.140625,67234.140625,67206.9921875,67206.9921875
1772998200,67202.3828125,67266.5078125,67202.3828125,67266.5078125
1772998380,67237.46875,67330.1015625,67237.46875,67330.1015625
1772998560,67339.9296875,67349.15625,67339.9296875,67349.15625
1772998740,67330.0546875,67330.0546875,67299.78125,67299.78125
1772998920,67345.4765625,67366.8984375,67345.4765625,67366.8984375
1772999100,67348.7421875,67348.7421875,67343.0390625,67343.0390625
1772999280,67402.296875,67405.09375,67402.296875,67405.09375
1772999460,67324.9296875,67324.9296875,67324.9296875,67324.9296875
1772999640,67311.640625,67316.8359375,67311.640625,67316.8359375
1772999820,67331.59375,67331.59375,67294.5234375,67294.5234375
1773000000,67311.3671875,67311.3671875,67284.890625,67284.890625
1773000180,67257.9140625,67257.9140625,67212.8125,67212.8125
1773000360,67188.4296875,67215.109375,67188.4296875,67215.109375
1773000540,67220.359375,67220.359375,67139.3515625,67139.3515625
1773000720,67139.3359375,67139.3359375,67120.421875,67120.421875
1773000900,67100.0390625,67125.875,67059.4453125,67059.4453125
1773001080,67113.6640625,67194.078125,67113.6640625,67194.078125
1773001260,67158.5859375,67158.5859375,67144.3203125,67144.3203125
1773001440,67132.0625,67132.0625,67050.953125,67057.8515625
1773001620,67074.375,67085.5625,67074.375,67085.5625
1773001800,67183.609375,67186.546875,67183.609375,67186.546875
1773001980,67266.0390625,67359.5625,67266.0390625,67359.5625
1773002160,67349.3984375,67470.171875,67349.3984375,67470.171875
1773002340,67480.8671875,67480.8671875,67399.4296875,67401.453125
1773002520,67400.2734375,67411.5234375,67388.0625,67388.0625
1773002700,67358.03125,67358.03125,67316.953125,67316.953125
1773002880,67355.2890625,67371.9609375,67355.2890625,67366.984375
1773003060,67363.109375,67363.109375,67217.65625,67217.65625
1773003240,67240.7578125,67253.109375,67240.7578125,67253.109375
1773003420,67255.6015625,67255.6015625,67210.8359375,67210.8359375
1773003600,67243.015625,67243.015625,67230.421875,67230.421875
1773003780,67227.015625,67233.0390625,67206.6875,67206.6875
1773003960,67126.1015625,67130.84375,67125.0,67125.0
1773004140,67127.5859375,67127.5859375,66909.296875,66909.296875
1773004320,66943.6875,66943.6875,66760.640625,66760.640625
1773004500,66794.46875,66818.0703125,66794.46875,66818.0703125
1773004680,66855.65625,66859.5,66848.3359375,66859.5
1773004860,66877.3203125,66901.484375,66877.3203125,66901.484375
1773005040,66966.1640625,66966.1640625,66962.84375,66962.84375
1773005220,66961.390625,66980.1484375,66961.390625,66973.3203125
1773005400,66927.1328125,66927.828125,66927.1328125,66927.828125
1773005580,66968.234375,66968.234375,66965.2578125,66965.2578125
1773005760,66970.1640625,67003.0234375,66970.1640625,67003.0234375
1773005940,66977.375,66977.375,66969.28125,66969.28125
1773006120,66975.71875,67001.859375,66975.71875,67001.859375
1773006300,67004.28125,67004.28125,66993.5078125,66993.5078125
1773006480,67016.109375,67017.03125,67003.8203125,67003.8203125
1773006660,66947.4765625,66947.4765625,66944.8828125,66944.8828125
1773006840,66974.5546875,66998.84375,66974.5546875,66998.84375
1773007020,66973.625,66978.71875,66973.625,66978.71875
1773007200,66976.671875,66976.671875,66704.3984375,66704.3984375
1773007380,66656.6953125,66656.6953125,65772.96875,65772.96875
1773007560,65929.7109375,66131.625,65929.7109375,66131.625
1773007740,66118.296875,66118.296875,65986.0546875,65986.0546875
1773007920,65976.84375,65976.84375,65899.1484375,65899.1484375
1773008100,66041.3203125,66149.703125,66041.3203125,66149.703125
1773008280,65888.796875,65888.796875,65770.9140625,65770.9140625
1773008460,65727.0546875,65727.0546875,65717.40625,65717.40625
1773008640,65688.8828125,65688.8828125,65660.515625,65660.515625
1773008820,65835.0625,65982.3203125,65835.0625,65982.3203125
1773009000,65922.3125,65922.3125,65804.7421875,65804.7421875
1773009180,65965.53125,66046.2890625,65965.53125,66046.2890625
1773009360,66061.515625,66238.53125,66061.515625,66238.53125
1773009540,66037.4921875,66053.859375,66008.59375,66053.859375
1773009720,66038.203125,66038.203125,66038.203125,66038.203125
1773009900,66049.0703125,66169.53125,66049.0703125,66169.53125
1773010080,66184.2421875,66270.9140625,66184.2421875,66190.78125
1773010260,66069.2109375,66166.234375,66069.2109375,66166.234375
1773010440,66211.9765625,66215.234375,66211.2265625,66211.2265625
1773010620,66236.9921875,66236.9921875,66209.9140625,66221.859375
1773010800,66215.1171875,66237.7578125,66215.1171875,66237.7578125
1773010980,66264.484375,66378.125,66264.484375,66378.125
1773011160,66418.9140625,66418.9140625,66317.28125,66317.28125
1773011340,66238.9453125,66238.9453125,66173.4296875,66173.4296875
1773011520,66232.59375,66302.5,66232.59375,66302.5
1773011700,66315.6640625,66358.140625,66315.6640625,66358.140625
1773011880,66382.171875,66382.171875,66275.5234375,66275.5234375
1773012060,66277.3046875,66392.5546875,66277.3046875,66392.5546875
1773012240,66529.421875,66529.421875,66520.2109375,66520.2109375
1773012420,66518.09375,66518.09375,66440.234375,66440.234375
1773012600,66474.3515625,66490.5078125,66469.421875,66490.5078125
1773012780,66464.1328125,66464.1328125,66449.421875,66449.421875
1773012960,66371.71875,66427.2265625,66357.109375,66357.109375
1773013140,66293.7109375,66293.7109375,66221.9296875,66221.9296875
1773013320,66245.671875,66245.671875,66192.375,66192.375
1773013500,66133.984375,66133.984375,66063.515625,66063.515625
1773013680,66021.8828125,66021.8828125,66021.8828125,66021.8828125
1773013860,66187.515625,66187.515625,66086.5703125,66086.5703125
1773014040,66051.0625,66053.109375,66038.3671875,66053.109375
1773014220,66059.8515625,66059.8515625,65990.9765625,65990.9765625
