time,open,high,low,close
1756805400,6469.27,6476.76,6465.31,6472.1
1756806300,6478.86,6490.05,6477.58,6484.37
1756807200,6481.06,6494.63,6476.77,6476.99
1756808100,6496.77,6499.07,6490.64,6497.45
1756809000,6491.85,6502.51,6485.4,6493.48
1756809900,6501.39,6506.54,6491.85,6504.16
1756810800,6499.2,6506.93,6487.91,6498.79
1756811700,6489.47,6492.41,6487.93,6489.09
1756812600,6490.67,6493.5,6484.97,6486.12
1756813500,6499.71,6512.1,6494.73,6503.21
1756814400,6498.85,6499.76,6489.92,6490.73
1756815300,6498.21,6504.29,6490.77,6501.72
1756816200,6503.48,6506.25,6502.74,6502.94
1756817100,6500.47,6506.03,6495.24,6496.33
1756818000,6497.9,6502.37,6487.2,6495.69
1756818900,6499.16,6503.22,6496.58,6502.03
1756819800,6482.74,6487.11,6465.12,6477.73
1756820700,6479.95,6492.11,6465.49,6466.33
1756821600,6469.3,6472.96,6465.02,6465.07
1756822500,6463.04,6469.38,6451.13,6457.46
1756823400,6461.62,6464.34,6455.16,6461.93
1756824300,6469.21,6471.41,6460.29,6466.74
1756825200,6471.11,6478.03,6462.22,6463.06
1756826100,6485.03,6486.74,6479.64,6485.21
1756827000,6469.19,6479.61,6463.88,6472.94
1756827900,6457.28,6461.73,6448.61,6458.25
1756828800,6464.41,6484.65,6452.64,6463.45
1756891800,6448.24,6452.28,6448.03,6449.66
1756892700,6451.31,6453.55,6450.2,6450.89
1756893600,6453.95,6454.92,6449.43,6453.32
1756894500,6443.21,6445.07,6442.09,6442.54
1756895400,6443.18,6449.98,6437.53,6445.99
1756896300,6447.55,6448.49,6441.93,6445.4
1756897200,6444.31,6444.33,6441.23,6441.61
1756898100,6437.94,6441.76,6436.76,6441.15
1756899000,6433.87,6434.36,6430.11,6432.51
1756899900,6431.9,6435.11,6430.68,6431.73
1756900800,6435.18,6435.7,6434.56,6434.95
1756901700,6436.55,6438.18,6431.84,6437.29
1756902600,6442.77,6445.01,6438.75,6442.08
1756903500,6448.07,6448.68,6446.42,6448.28
1756904400,6451.3,6453.66,6448.69,6449.12
1756905300,6455.64,6456.26,6452.6,6455.15
1756906200,6462.09,6463.74,6460.72,6461.33
1756907100,6462.75,6468.07,6461.35,6467.6
1756908000,6459.17,6462.15,6457.1,6458.48
1756908900,6457.95,6460.4,6457.72,6459.08
1756909800,6460.61,6465.34,6456.61,6462.69
1756910700,6455.05,6458.75,6452.57,6455.34
1756911600,6450.19,6451.27,6450.17,6450.6
1756912500,6449.35,6452.99,6447.91,6451.47
1756913400,6450.89,6453.53,6447.56,6452.33
1756914300,6455.2,6459.29,6453.16,6459.21
1756915200,6458.26,6465.43,6457.12,6462.39
1756978200,6448.28,6452.18,6445.31,6446.57
1756979100,6448.63,6455.92,6445.39,6449.45
1756980000,6448.28,6449.03,6444.88,6447.85
1756980900,6448.28,6452.56,6447.67,6452.05
1756981800,6454.94,6455.79,6453.78,6455.67
1756982700,6461.01,6464.8,6457.51,6464.09
1756983600,6448.28,6453.88,6446.91,6448.72
1756984500,6460.43,6461.84,6460.41,6461.3
1756985400,6474.93,6478.14,6471.8,6476.44
1756986300,6476.57,6479.49,6476.34,6477.89
1756987200,6478.08,6484.67,6474.35,6481.72
1756988100,6485.91,6489.32,6477.99,6484.98
1756989000,6490.76,6491.48,6482.99,6484.84
1756989900,6487.75,6496.47,6484.15,6484.43
1756990800,6485.58,6490.42,6478.91,6482.09
1756991700,6480.1,6489.22,6470.73,6479.6
1756992600,6482.94,6490.22,6475.88,6480.26
1756993500,6487.75,6491.74,6485.01,6486.27
1756994400,6492.09,6497.67,6490.32,6493.21
1756995300,6504.46,6507.03,6499.77,6503.36
1756996200,6499.53,6504.9,6497.54,6503.01
1756997100,6478.37,6481.82,6470.31,6472.65
1756998000,6468.92,6473.89,6467.57,6470.63
1756998900,6479.89,6482.49,6476.84,6479.34
1756999800,6484.94,6491.8,6478.16,6487.49
1757000700,6486.72,6490.42,6484.45,6485.83
1757001600,6492.28,6497.61,6491.57,6491.92
1757064600,6508.64,6510.9,6501.57,6508.18
1757065500,6517.67,6519.66,6508.53,6510.95
1757066400,6524.81,6528.66,6516.57,6521.2
1757067300,6516.0,6517.64,6502.54,6510.23
1757068200,6505.36,6511.44,6497.81,6505.14
1757069100,6497.21,6513.03,6494.89,6501.2
1757070000,6499.85,6518.7,6489.12,6509.84
1757070900,6501.77,6509.62,6492.41,6492.81
1757071800,6510.71,6519.81,6505.37,6519.68
1757072700,6510.48,6517.18,6507.29,6513.77
1757073600,6510.55,6510.95,6509.0,6510.81
1757074500,6489.28,6496.57,6485.33,6495.63
1757075400,6486.19,6489.09,6481.72,6483.02
1757076300,6491.4,6493.71,6483.23,6490.28
1757077200,6483.39,6485.86,6479.8,6484.39
1757078100,6494.4,6505.36,6488.07,6499.77
1757079000,6487.85,6493.68,6485.65,6486.4
1757079900,6499.46,6504.95,6494.77,6498.23
1757080800,6509.33,6516.15,6506.97,6515.06
1757081700,6494.33,6496.72,6487.57,6488.96
1757082600,6495.29,6501.86,6482.9,6488.99
1757083500,6483.15,6484.87,6477.07,6483.2
1757084400,6485.5,6492.42,6485.31,6486.09
1757085300,6480.12,6490.38,6475.67,6485.96
1757086200,6474.05,6484.07,6473.91,6477.86
1757087100,6494.42,6499.0,6486.34,6495.46
1757088000,6483.16,6489.11,6479.4,6482.46
1757323800,6484.99,6485.83,6481.51,6484.34
1757324700,6484.23,6484.33,6480.15,6480.28
1757325600,6487.55,6491.16,6486.26,6489.81
1757326500,6486.7,6490.36,6486.22,6486.28
1757327400,6489.77,6490.38,6488.62,6488.79
1757328300,6488.53,6489.85,6488.01,6488.19
1757329200,6484.43,6485.54,6482.54,6483.88
1757330100,6487.07,6492.54,6484.63,6486.67
1757331000,6478.88,6481.15,6478.85,6480.83
1757331900,6482.13,6484.02,6481.05,6482.57
1757332800,6484.28,6484.98,6479.42,6482.8
1757333700,6484.64,6487.26,6480.46,6484.78
1757334600,6484.7,6485.02,6482.16,6483.65
1757335500,6481.69,6489.61,6481.39,6486.35
1757336400,6482.12,6482.78,6481.49,6482.39
1757337300,6479.15,6480.46,6477.73,6478.12
1757338200,6481.25,6482.1,6477.2,6478.82
1757339100,6482.73,6483.62,6480.18,6480.73
1757340000,6487.86,6490.74,6484.27,6486.76
1757340900,6488.93,6493.56,6488.43,6490.05
1757341800,6487.28,6491.55,6484.15,6489.86
1757342700,6489.97,6490.63,6488.96,6489.98
1757343600,6490.3,6498.26,6487.52,6492.61
1757344500,6492.44,6495.72,6489.37,6493.5
1757345400,6489.68,6494.04,6488.11,6488.24
1757346300,6490.02,6491.68,6487.9,6490.22
1757347200,6498.42,6499.58,6496.29,6497.31
1757410200,6514.04,6516.52,6511.31,6513.23
1757411100,6511.96,6514.52,6511.13,6513.74
1757412000,6520.68,6524.98,6517.01,6522.12
1757412900,6521.84,6526.21,6518.41,6518.58
1757413800,6524.91,6528.34,6521.49,6521.93
1757414700,6521.04,6524.89,6520.01,6520.51
1757415600,6514.94,6520.89,6512.88,6514.28
1757416500,6517.47,6521.81,6513.01,6517.11
1757417400,6521.09,6522.26,6515.67,6516.93
1757418300,6515.27,6517.89,6512.48,6512.61
1757419200,6508.23,6512.4,6506.51,6511.2
1757420100,6512.99,6514.59,6509.21,6509.89
1757421000,6510.71,6510.73,6509.16,6510.6
1757421900,6515.12,6516.61,6512.33,6514.21
1757422800,6512.92,6514.84,6508.75,6509.92
1757423700,6514.06,6521.65,6513.62,6518.44
1757424600,6513.94,6520.0,6511.94,6516.83
1757425500,6512.51,6513.97,6511.25,6513.5
1757426400,6512.22,6513.24,6508.64,6511.4
1757427300,6511.49,6511.6,6506.07,6510.01
1757428200,6512.81,6513.04,6510.1,6511.57
1757429100,6515.61,6517.19,6511.81,6512.6
1757430000,6517.85,6522.73,6517.05,6521.95
1757430900,6522.07,6526.77,6517.3,6520.55
1757431800,6520.0,6525.07,6519.47,6521.17
1757432700,6509.98,6510.43,6507.89,6508.42
1757433600,6509.51,6510.51,6505.88,6508.24
1757496600,6520.3,6522.75,6518.75,6522.26
1757497500,6525.23,6528.44,6520.37,6522.87
1757498400,6522.38,6524.01,6519.15,6523.74
1757499300,6521.04,6523.14,6515.69,6517.89
1757500200,6518.22,6518.25,6514.74,6517.65
1757501100,6523.96,6525.51,6522.47,6524.87
1757502000,6526.05,6527.71,6523.63,6526.37
1757502900,6525.05,6527.99,6523.5,6523.71
1757503800,6521.84,6523.08,6520.49,6522.95
1757504700,6528.19,6531.51,6524.89,6524.96
1757505600,6524.01,6525.28,6520.41,6523.18
1757506500,6518.45,6519.36,6515.59,6517.17
1757507400,6518.68,6519.94,6516.03,6516.5
1757508300,6518.55,6519.01,6515.72,6517.88
1757509200,6524.37,6528.42,6518.47,6522.61
1757510100,6521.95,6522.3,6516.3,6519.82
1757511000,6526.1,6531.04,6525.55,6528.64
1757511900,6521.98,6522.73,6518.84,6521.92
1757512800,6523.71,6525.34,6520.82,6523.33
1757513700,6523.61,6525.43,6522.49,6524.14
1757514600,6524.94,6525.68,6521.58,6523.1
1757515500,6521.33,6521.37,6516.07,6518.44
1757516400,6518.22,6521.67,6516.1,6517.58
1757517300,6518.29,6518.48,6512.97,6516.29
1757518200,6518.22,6519.71,6515.79,6518.76
1757519100,6518.22,6521.52,6516.79,6520.98
1757520000,6522.16,6525.14,6519.69,6523.98
1757583000,6541.99,6542.83,6539.21,6541.95
1757583900,6540.22,6543.71,6539.29,6541.83
1757584800,6539.7,6542.62,6534.39,6535.03
1757585700,6542.76,6545.31,6540.95,6543.37
1757586600,6542.2,6545.12,6540.73,6542.18
1757587500,6541.21,6544.42,6540.92,6543.89
1757588400,6534.08,6540.88,6533.3,6538.13
1757589300,6541.29,6544.21,6540.86,6542.13
1757590200,6533.25,6534.81,6524.99,6527.43
1757591100,6533.13,6536.02,6531.0,6531.79
1757592000,6529.91,6538.64,6529.43,6533.57
1757592900,6534.32,6534.78,6533.1,6534.35
1757593800,6529.05,6529.23,6516.84,6518.55
1757594700,6529.05,6533.59,6528.06,6533.23
1757595600,6529.82,6531.96,6525.23,6530.59
1757596500,6536.65,6537.61,6531.03,6534.67
1757597400,6541.43,6547.32,6540.62,6545.19
1757598300,6542.47,6548.61,6538.68,6539.71
1757599200,6543.58,6549.43,6537.14,6542.46
1757600100,6544.28,6545.17,6534.47,6540.6
1757601000,6551.48,6555.23,6548.92,6549.02
1757601900,6561.0,6561.38,6552.81,6555.21
1757602800,6563.42,6566.33,6563.03,6565.65
1757603700,6562.58,6563.9,6559.25,6561.3
1757604600,6565.32,6571.35,6559.64,6563.06
1757605500,6576.58,6578.23,6574.87,6578.22
1757606400,6584.14,6592.65,6581.01,6590.33
1757669400,6597.0,6597.66,6594.43,6596.99
1757670300,6596.7,6599.52,6595.13,6595.76
1757671200,6600.55,6600.79,6596.42,6597.78
1757672100,6599.49,6602.05,6597.18,6599.3
1757673000,6601.43,6603.02,6599.78,6600.54
1757673900,6608.26,6608.84,6605.14,6606.03
1757674800,6602.69,6603.69,6599.34,6602.33
1757675700,6605.33,6605.71,6604.25,6604.79
1757676600,6599.51,6601.09,6598.75,6600.69
1757677500,6596.67,6597.11,6593.11,6595.11
1757678400,6595.09,6597.01,6593.33,6594.5
1757679300,6592.33,6595.92,6587.96,6590.97
1757680200,6590.68,6592.09,6589.61,6592.02
1757681100,6596.69,6596.78,6595.37,6596.38
1757682000,6594.52,6596.84,6591.98,6593.66
1757682900,6595.53,6599.22,6595.07,6597.11
1757683800,6590.21,6592.31,6586.68,6591.17
1757684700,6588.51,6592.56,6588.49,6590.9
1757685600,6587.84,6590.82,6587.25,6589.65
1757686500,6585.38,6585.51,6584.62,6585.08
1757687400,6583.32,6584.04,6580.24,6582.07
1757688300,6588.64,6592.16,6588.5,6590.71
1757689200,6591.6,6593.52,6590.44,6592.48
1757690100,6591.86,6591.94,6589.71,6591.05
1757691000,6596.66,6597.81,6595.97,6597.16
1757691900,6594.92,6595.78,6593.32,6593.55
1757692800,6596.54,6599.18,6595.77,6597.36
1757928600,6589.0,6589.01,6584.8,6587.55
1757929500,6589.25,6589.49,6587.46,6588.92
1757930400,6591.25,6593.49,6590.5,6592.31
1757931300,6588.07,6588.8,6585.25,6585.79
1757932200,6587.88,6591.45,6586.52,6588.7
1757933100,6584.17,6584.58,6584.04,6584.25
1757934000,6583.56,6585.16,6583.18,6584.81
1757934900,6582.03,6583.39,6581.01,6582.55
1757935800,6582.14,6587.34,6581.63,6584.14
1757936700,6587.52,6589.64,6585.27,6588.93
1757937600,6592.07,6593.43,6588.32,6588.67
1757938500,6587.72,6589.03,6585.5,6586.51
1757939400,6583.09,6587.22,6582.36,6586.25
1757940300,6588.52,6589.83,6586.39,6588.98
1757941200,6591.55,6592.85,6588.91,6589.33
1757942100,6590.6,6591.21,6588.0,6589.3
1757943000,6589.23,6592.81,6586.75,6590.0
1757943900,6589.61,6593.11,6588.16,6589.92
1757944800,6585.51,6590.91,6582.45,6583.18
1757945700,6583.87,6586.58,6583.76,6584.66
1757946600,6590.58,6594.15,6588.09,6592.54
1757947500,6596.96,6598.18,6592.79,6593.86
1757948400,6597.28,6597.71,6594.5,6595.43
1757949300,6601.52,6603.25,6599.58,6601.13
1757950200,6595.95,6596.47,6589.79,6594.96
1757951100,6594.31,6595.43,6590.36,6591.85
1757952000,6599.42,6602.99,6597.25,6601.93
1758015000,6617.39,6618.84,6614.67,6616.78
1758015900,6616.96,6620.17,6616.62,6618.19
1758016800,6613.08,6614.7,6612.65,6613.79
1758017700,6612.34,6613.05,6609.64,6610.95
1758018600,6618.43,6625.11,6618.09,6621.66
1758019500,6622.82,6629.31,6620.86,6624.75
1758020400,6618.34,6620.51,6617.74,6619.55
1758021300,6617.16,6617.65,6614.2,6615.37
1758022200,6621.81,6626.21,6619.37,6624.43
1758023100,6617.88,6618.94,6616.61,6617.08
1758024000,6621.02,6623.71,6614.34,6616.62
1758024900,6622.75,6623.36,6620.69,6621.26
1758025800,6618.42,6623.1,6616.97,6620.44
1758026700,6620.06,6620.4,6615.48,6618.42
1758027600,6616.58,6617.74,6614.34,6615.69
1758028500,6612.1,6616.2,6608.09,6610.11
1758029400,6610.37,6611.89,6607.69,6608.67
1758030300,6611.58,6614.35,6610.35,6612.79
1758031200,6609.77,6611.23,6607.97,6608.96
1758032100,6615.52,6616.49,6610.61,6613.33
1758033000,6612.74,6616.1,6608.65,6614.12
1758033900,6610.96,6612.34,6607.1,6607.11
1758034800,6604.12,6607.69,6602.93,6602.96
1758035700,6603.55,6604.87,6602.73,6603.35
1758036600,6603.01,6605.15,6601.44,6602.69
1758037500,6608.97,6611.7,6604.41,6610.15
1758038400,6611.88,6613.03,6611.61,6612.86
1758101400,6609.81,6615.01,6606.36,6610.36
1758102300,6617.63,6617.9,6615.29,6616.55
1758103200,6623.1,6632.11,6620.76,6627.67
1758104100,6630.93,6641.23,6629.44,6634.68
1758105000,6628.99,6633.44,6627.27,6631.82
1758105900,6623.79,6634.68,6619.1,6629.87
1758106800,6624.23,6625.34,6622.06,6622.91
1758107700,6620.12,6621.94,6618.47,6621.37
1758108600,6622.29,6628.05,6614.62,6624.69
1758109500,6624.16,6625.66,6618.12,6620.79
1758110400,6625.44,6641.3,6624.71,6633.56
1758111300,6613.88,6621.2,6611.44,6617.35
1758112200,6625.03,6630.41,6624.99,6627.82
1758113100,6636.5,6640.06,6634.28,6639.0
1758114000,6628.95,6642.96,6626.31,6640.77
1758114900,6618.32,6623.15,6617.3,6619.12
1758115800,6616.77,6621.53,6616.09,6620.77
1758116700,6610.17,6610.67,6598.61,6602.77
1758117600,6606.77,6612.17,6601.26,6604.28
1758118500,6616.07,6616.17,6608.38,6611.55
1758119400,6606.0,6609.02,6595.48,6599.27
1758120300,6612.08,6616.24,6610.97,6612.36
1758121200,6607.32,6614.75,6605.14,6613.85
1758122100,6616.57,6619.13,6611.61,6612.15
1758123000,6613.46,6616.2,6611.3,6613.87
1758123900,6616.44,6619.87,6614.46,6615.86
1758124800,6619.36,6621.92,6615.83,6616.46
1758187800,6608.66,6611.28,6604.29,6606.01
1758188700,6601.5,6602.8,6595.55,6597.29
1758189600,6600.12,6606.3,6599.63,6602.58
1758190500,6605.78,6606.69,6602.13,6605.29
1758191400,6602.22,6605.02,6594.19,6604.9
1758192300,6611.95,6613.02,6609.9,6610.58
1758193200,6617.42,6618.23,6613.0,6614.75
1758194100,6612.91,6618.27,6610.99,6613.96
1758195000,6613.76,6614.26,6610.77,6613.5
1758195900,6605.86,6612.65,6601.89,6608.01
1758196800,6605.12,6614.1,6600.84,6601.25
1758197700,6607.32,6613.42,6605.22,6606.41
1758198600,6611.42,6616.4,6608.84,6614.16
1758199500,6610.75,6612.49,6609.76,6610.48
1758200400,6621.31,6623.3,6620.22,6620.49
1758201300,6627.61,6634.75,6626.39,6631.59
1758202200,6636.6,6638.53,6636.1,6637.76
1758203100,6635.26,6635.9,6631.38,6632.11
1758204000,6639.5,6640.98,6635.65,6638.46
1758204900,6636.36,6646.18,6634.31,6639.87
1758205800,6623.58,6630.26,6622.8,6625.28
1758206700,6612.1,6620.88,6610.88,6619.59
1758207600,6614.94,6617.76,6611.64,6613.51
1758208500,6625.8,6630.84,6624.56,6628.47
1758209400,6625.08,6629.91,6623.06,6627.03
1758210300,6618.74,6620.22,6615.7,6616.63
1758211200,6611.53,6611.81,6605.48,6606.22
1758274200,6642.85,6643.86,6642.53,6643.39
1758275100,6644.46,6645.57,6643.47,6645.29
1758276000,6642.64,6644.28,6639.05,6640.68
1758276900,6638.02,6639.59,6635.36,6637.0
1758277800,6638.26,6641.49,6638.23,6639.65
1758278700,6638.45,6638.7,6637.45,6638.38
1758279600,6635.6,6636.28,6634.48,6635.63
1758280500,6637.52,6638.64,6635.35,6637.39
1758281400,6636.05,6639.77,6631.61,6633.47
1758282300,6642.51,6645.29,6640.63,6641.68
1758283200,6644.39,6646.96,6643.14,6643.8
1758284100,6643.67,6644.69,6642.07,6643.89
1758285000,6641.09,6643.86,6639.76,6642.0
1758285900,6641.6,6645.19,6638.65,6640.8
1758286800,6642.81,6644.6,6637.98,6638.54
1758287700,6645.61,6648.26,6643.89,6646.13
1758288600,6650.24,6654.25,6649.17,6653.53
1758289500,6653.72,6654.33,6652.72,6653.55
1758290400,6650.85,6652.76,6650.76,6651.71
1758291300,6646.44,6647.84,6643.46,6646.98
1758292200,6647.89,6649.14,6645.93,6647.84
1758293100,6643.22,6648.01,6639.3,6639.66
1758294000,6638.13,6639.52,6635.38,6639.1
1758294900,6637.35,6638.03,6633.87,6635.49
1758295800,6642.28,6642.7,6638.39,6640.3
1758296700,6635.53,6638.12,6635.06,6636.89
1758297600,6638.1,6640.58,6637.57,6639.35
1758533400,6726.32,6730.29,6724.9,6726.71
1758534300,6719.0,6722.36,6717.78,6721.42
1758535200,6715.21,6720.18,6713.62,6716.84
1758536100,6710.42,6715.21,6703.18,6708.74
1758537000,6712.75,6717.69,6707.36,6708.42
1758537900,6710.46,6711.09,6707.33,6707.38
1758538800,6709.99,6712.33,6702.16,6704.85
1758539700,6715.61,6721.22,6714.3,6718.57
1758540600,6711.74,6716.31,6709.68,6710.26
1758541500,6713.98,6716.05,6711.31,6714.83
1758542400,6715.74,6718.99,6712.8,6714.85
1758543300,6719.18,6724.59,6719.18,6721.94
1758544200,6714.82,6715.11,6709.12,6711.89
1758545100,6708.11,6712.95,6703.68,6711.91
1758546000,6709.66,6711.95,6704.46,6705.96
1758546900,6717.6,6723.36,6716.22,6721.54
1758547800,6719.65,6724.86,6718.78,6719.95
1758548700,6728.96,6735.16,6724.3,6725.67
1758549600,6731.04,6735.37,6727.01,6731.35
1758550500,6735.32,6736.59,6731.29,6734.61
1758551400,6742.05,6751.83,6739.27,6746.87
1758552300,6741.01,6749.0,6737.98,6744.48
1758553200,6747.48,6750.54,6741.37,6746.67
1758554100,6740.41,6748.69,6740.26,6743.4
1758555000,6733.87,6734.11,6731.74,6732.0
1758555900,6733.64,6736.11,6724.33,6731.04
1758556800,6744.88,6752.28,6739.42,6747.37
1758619800,6750.38,6756.13,6747.83,6751.27
1758620700,6757.45,6761.19,6752.34,6754.93
1758621600,6754.64,6755.32,6752.63,6752.85
1758622500,6757.85,6758.7,6755.53,6757.68
1758623400,6754.29,6759.45,6753.7,6757.85
1758624300,6753.94,6756.91,6749.65,6755.01
1758625200,6755.19,6760.13,6753.68,6754.27
1758626100,6760.24,6765.26,6754.3,6758.13
1758627000,6761.98,6765.04,6757.92,6759.91
1758627900,6761.3,6767.87,6755.68,6763.08
1758628800,6761.98,6764.92,6758.11,6759.07
1758629700,6761.98,6764.08,6761.6,6763.11
1758630600,6751.42,6752.02,6742.95,6747.86
1758631500,6757.39,6762.29,6753.45,6758.04
1758632400,6753.42,6759.45,6752.28,6758.09
1758633300,6749.0,6750.61,6742.96,6749.28
1758634200,6742.71,6748.71,6738.74,6744.0
1758635100,6739.98,6743.4,6736.76,6740.99
1758636000,6739.25,6749.07,6736.08,6743.49
1758636900,6741.57,6748.1,6737.84,6740.31
1758637800,6740.89,6742.72,6734.05,6740.3
1758638700,6737.67,6740.6,6735.38,6739.69
1758639600,6739.78,6748.33,6736.53,6746.38
1758640500,6743.16,6754.49,6741.76,6749.52
1758641400,6749.13,6752.9,6748.84,6752.1
1758642300,6746.82,6749.9,6736.53,6741.84
1758643200,6737.81,6739.75,6736.75,6739.32
1758706200,6721.74,6723.51,6715.75,6719.03
1758707100,6724.69,6728.6,6721.95,6725.29
1758708000,6717.92,6719.8,6713.86,6715.95
1758708900,6711.03,6719.66,6707.84,6711.01
1758709800,6704.92,6707.82,6703.52,6703.69
1758710700,6713.53,6718.43,6710.68,6713.15
1758711600,6711.45,6712.6,6707.75,6709.42
1758712500,6716.9,6718.91,6715.73,6718.2
1758713400,6714.49,6715.58,6711.01,6714.08
1758714300,6713.73,6716.92,6712.85,6713.47
1758715200,6706.06,6706.44,6704.49,6706.03
1758716100,6703.92,6704.91,6702.18,6704.05
1758717000,6711.25,6712.34,6707.42,6708.34
1758717900,6707.22,6710.79,6707.05,6707.2
1758718800,6708.73,6713.7,6703.15,6712.27
1758719700,6702.56,6706.56,6699.91,6703.63
1758720600,6703.69,6706.44,6701.03,6703.18
1758721500,6707.99,6710.26,6702.22,6705.47
1758722400,6712.72,6713.83,6712.13,6712.46
1758723300,6714.58,6716.63,6711.4,6714.73
1758724200,6709.41,6716.55,6703.8,6707.44
1758725100,6721.71,6723.65,6721.16,6721.38
1758726000,6723.54,6724.11,6721.08,6721.78
1758726900,6716.59,6720.61,6713.89,6718.84
1758727800,6715.04,6716.3,6712.35,6714.44
1758728700,6716.89,6722.42,6716.03,6719.34
1758729600,6708.26,6709.36,6706.82,6708.85
1758792600,6697.74,6702.15,6690.77,6692.03
1758793500,6685.84,6685.86,6680.62,6683.19
1758794400,6701.93,6706.85,6701.5,6702.75
1758795300,6685.36,6691.12,6678.1,6682.63
1758796200,6692.63,6696.42,6687.42,6688.47
1758797100,6670.28,6674.1,6660.73,6667.73
1758798000,6692.64,6696.33,6686.34,6690.21
1758798900,6697.59,6702.54,6691.08,6697.68
1758799800,6708.19,6711.95,6705.97,6707.54
1758800700,6713.35,6726.8,6711.6,6717.86
1758801600,6713.35,6729.65,6710.33,6715.94
1758802500,6713.35,6715.43,6706.46,6711.25
1758803400,6703.27,6704.19,6702.31,6703.65
1758804300,6684.16,6686.15,6671.91,6679.68
1758805200,6682.73,6685.94,6673.31,6684.42
1758806100,6689.15,6690.36,6683.22,6686.14
1758807000,6675.95,6678.21,6672.97,6675.25
1758807900,6696.25,6708.04,6693.1,6702.34
1758808800,6699.81,6703.84,6693.68,6700.09
1758809700,6699.77,6701.22,6690.28,6692.76
1758810600,6694.28,6698.74,6690.65,6693.97
1758811500,6692.48,6694.5,6689.49,6691.83
1758812400,6705.31,6711.67,6700.92,6708.76
1758813300,6697.17,6698.48,6687.73,6690.2
1758814200,6675.45,6678.98,6667.52,6672.93
1758815100,6666.07,6669.04,6656.27,6656.89
1758816000,6676.92,6679.89,6674.76,6676.18
1758879000,6658.19,6660.38,6657.85,6659.18
1758879900,6656.83,6658.82,6650.4,6655.99
1758880800,6656.13,6658.38,6650.4,6657.11
1758881700,6662.13,6662.41,6660.82,6661.0
1758882600,6655.01,6655.41,6643.41,6651.08
1758883500,6658.75,6664.86,6657.82,6664.56
1758884400,6672.98,6673.94,6667.61,6672.9
1758885300,6676.01,6679.14,6675.61,6676.22
1758886200,6672.28,6673.51,6667.67,6667.93
1758887100,6672.07,6673.85,6670.33,6671.29
1758888000,6672.86,6674.12,6668.87,6670.84
1758888900,6678.38,6679.55,6678.12,6678.48
1758889800,6665.3,6667.97,6662.34,6663.9
1758890700,6671.7,6673.76,6667.61,6673.01
1758891600,6683.57,6687.73,6682.7,6685.49
1758892500,6674.24,6678.75,6670.93,6676.51
1758893400,6663.94,6665.66,6655.98,6660.69
1758894300,6663.16,6666.28,6660.07,6665.5
1758895200,6662.08,6663.09,6657.8,6660.48
1758896100,6663.66,6666.33,6660.36,6666.2
1758897000,6659.77,6660.47,6656.83,6657.83
1758897900,6663.53,6666.31,6659.88,6662.31
1758898800,6674.9,6679.41,6673.28,6675.79
1758899700,6681.05,6685.28,6677.83,6684.42
1758900600,6685.21,6690.46,6683.93,6686.29
1758901500,6689.27,6691.65,6686.01,6686.31
1758902400,6687.35,6690.67,6683.92,6688.04
1759138200,6700.4,6701.0,6699.36,6700.48
1759139100,6701.37,6704.5,6701.22,6702.36
1759140000,6702.0,6705.76,6698.29,6699.98
1759140900,6702.27,6705.34,6702.0,6705.12
1759141800,6700.89,6704.85,6699.01,6702.25
1759142700,6700.31,6705.36,6699.29,6701.64
1759143600,6692.57,6693.67,6690.29,6692.85
1759144500,6693.3,6694.05,6691.51,6694.03
1759145400,6692.28,6695.9,6690.02,6690.58
1759146300,6695.39,6697.62,6694.95,6696.62
1759147200,6694.39,6695.76,6692.77,6695.28
1759148100,6698.38,6699.11,6696.46,6697.19
1759149000,6695.94,6697.69,6692.9,6697.4
1759149900,6702.17,6703.13,6700.33,6702.82
1759150800,6697.41,6702.64,6695.27,6700.73
1759151700,6692.28,6695.4,6691.25,6694.21
1759152600,6692.28,6695.21,6692.25,6692.49
1759153500,6697.55,6698.14,6695.99,6697.43
1759154400,6701.73,6705.05,6701.42,6703.11
1759155300,6700.38,6706.18,6699.17,6704.17
1759156200,6704.14,6705.78,6703.37,6705.53
1759157100,6701.2,6705.74,6697.98,6703.55
1759158000,6705.66,6708.54,6704.6,6706.88
1759158900,6708.74,6711.31,6706.94,6708.61
1759159800,6713.75,6715.32,6707.85,6712.14
1759160700,6715.58,6718.45,6714.12,6717.49
1759161600,6706.87,6707.56,6704.22,6706.06
1759224600,6711.86,6714.44,6711.53,6712.5
1759225500,6710.87,6713.69,6709.72,6713.18
1759226400,6711.76,6714.67,6709.18,6710.75
1759227300,6720.27,6724.86,6716.12,6716.92
1759228200,6734.69,6735.34,6733.82,6734.94
1759229100,6737.74,6738.8,6730.32,6736.13
1759230000,6732.21,6734.68,6731.03,6731.5
1759230900,6732.65,6736.16,6731.78,6733.63
1759231800,6731.34,6735.94,6729.78,6733.34
1759232700,6728.15,6728.93,6723.92,6727.53
1759233600,6726.18,6730.58,6724.05,6724.32
1759234500,6714.33,6714.88,6711.44,6712.89
1759235400,6721.9,6724.06,6720.45,6721.47
1759236300,6720.52,6720.53,6714.3,6718.27
1759237200,6719.6,6723.7,6717.44,6718.02
1759238100,6724.02,6728.87,6719.31,6725.13
1759239000,6726.96,6728.29,6723.71,6724.34
1759239900,6733.74,6735.73,6732.1,6733.72
1759240800,6744.77,6747.4,6744.24,6747.07
1759241700,6743.93,6747.92,6743.29,6746.72
1759242600,6740.36,6741.99,6737.64,6741.04
1759243500,6742.48,6743.96,6740.12,6742.28
1759244400,6737.87,6738.67,6731.19,6732.22
1759245300,6735.8,6736.31,6733.83,6733.94
1759246200,6740.62,6743.66,6737.11,6742.33
1759247100,6739.24,6743.64,6731.13,6735.55
1759248000,6748.55,6749.76,6745.57,6746.2
1759311000,6727.6,6737.5,6719.18,6732.54
1759311900,6721.43,6722.16,6719.99,6721.86
1759312800,6715.64,6730.56,6713.98,6723.42
1759313700,6719.6,6730.31,6717.58,6720.22
1759314600,6718.44,6724.75,6717.19,6719.42
1759315500,6719.09,6735.6,6713.54,6724.48
1759316400,6737.59,6742.62,6735.68,6738.1
1759317300,6732.63,6739.14,6729.73,6733.87
1759318200,6739.52,6752.47,6730.56,6750.14
1759319100,6745.95,6752.6,6741.71,6747.23
1759320000,6742.39,6750.03,6729.78,6734.31
1759320900,6740.27,6746.63,6734.9,6735.86
1759321800,6746.62,6756.78,6745.22,6752.01
1759322700,6752.14,6752.8,6741.15,6746.9
1759323600,6753.9,6759.35,6752.98,6755.21
1759324500,6747.43,6749.15,6746.7,6747.5
1759325400,6741.86,6745.33,6738.9,6741.55
1759326300,6746.26,6753.9,6745.51,6751.92
1759327200,6757.13,6761.99,6756.94,6761.65
1759328100,6774.92,6788.45,6767.84,6783.06
1759329000,6758.54,6761.23,6754.65,6757.32
1759329900,6765.71,6768.86,6758.32,6767.11
1759330800,6778.45,6778.52,6770.4,6775.12
1759331700,6778.45,6786.67,6774.25,6784.77
1759332600,6778.45,6783.44,6771.58,6776.77
1759333500,6759.22,6764.16,6757.51,6761.9
1759334400,6763.26,6767.61,6761.57,6763.31
1759397400,6760.49,6764.44,6759.66,6762.43
1759398300,6754.33,6757.38,6749.45,6756.26
1759399200,6753.33,6756.37,6751.73,6755.5
1759400100,6752.38,6754.49,6750.77,6752.52
1759401000,6753.04,6756.47,6748.83,6754.76
1759401900,6756.02,6758.13,6753.25,6758.11
1759402800,6760.06,6763.38,6755.89,6759.9
1759403700,6761.25,6763.58,6760.71,6762.66
1759404600,6760.31,6760.33,6755.66,6756.15
1759405500,6760.61,6761.44,6757.01,6761.11
1759406400,6764.03,6764.51,6763.02,6763.58
1759407300,6765.6,6768.88,6762.94,6764.14
1759408200,6770.32,6771.7,6765.56,6765.92
1759409100,6769.62,6771.97,6768.47,6768.52
1759410000,6765.89,6767.51,6763.82,6766.71
1759410900,6762.39,6769.64,6760.69,6765.63
1759411800,6765.3,6768.28,6764.55,6767.75
1759412700,6769.33,6772.93,6768.46,6772.52
1759413600,6767.99,6770.17,6763.34,6765.78
1759414500,6765.9,6768.63,6758.97,6762.82
1759415400,6760.89,6764.18,6758.04,6761.09
1759416300,6758.67,6759.92,6757.43,6758.81
1759417200,6755.66,6756.32,6754.18,6755.85
1759418100,6761.28,6764.24,6760.14,6762.97
1759419000,6761.48,6766.32,6760.18,6760.31
1759419900,6758.64,6759.89,6753.06,6756.35
1759420800,6751.25,6754.77,6749.65,6752.67
1759483800,6764.43,6766.51,6763.06,6764.1
1759484700,6764.01,6766.69,6763.38,6764.57
1759485600,6765.47,6766.49,6759.83,6762.9
1759486500,6766.67,6768.16,6763.66,6764.55
1759487400,6768.31,6773.34,6767.44,6773.27
1759488300,6775.05,6776.44,6768.28,6772.21
1759489200,6777.08,6777.84,6771.72,6773.23
1759490100,6775.5,6779.67,6774.79,6774.93
1759491000,6772.69,6773.95,6768.01,6773.41
1759491900,6765.57,6767.03,6763.88,6767.02
1759492800,6772.01,6773.23,6769.95,6772.07
1759493700,6769.38,6771.78,6764.05,6769.23
1759494600,6771.5,6772.85,6770.11,6772.47
1759495500,6770.1,6775.26,6767.8,6769.71
1759496400,6768.89,6775.91,6768.64,6770.26
1759497300,6762.53,6765.03,6756.07,6758.17
1759498200,6766.88,6770.06,6761.76,6765.86
1759499100,6760.84,6761.43,6758.75,6759.83
1759500000,6769.03,6769.84,6765.86,6766.98
1759500900,6770.12,6771.63,6764.76,6767.96
1759501800,6771.35,6774.02,6769.86,6770.47
1759502700,6770.42,6771.67,6765.98,6766.89
1759503600,6775.08,6779.25,6771.7,6775.08
1759504500,6776.75,6777.42,6774.83,6775.75
1759505400,6781.11,6785.44,6780.62,6781.02
1759506300,6770.71,6771.66,6761.01,6763.7
1759507200,6770.65,6773.35,6767.74,6770.07
1759743000,6774.4,6775.6,6772.48,6774.34
1759743900,6775.6,6777.4,6775.24,6776.53
1759744800,6774.58,6777.24,6773.52,6776.57
1759745700,6776.08,6776.31,6774.31,6775.7
1759746600,6779.96,6780.8,6776.7,6779.29
1759747500,6777.14,6779.52,6775.55,6776.82
1759748400,6771.35,6774.41,6770.13,6772.64
1759749300,6767.22,6768.15,6759.88,6762.42
1759750200,6764.83,6768.0,6763.69,6766.29
1759751100,6766.74,6767.95,6761.85,6764.87
1759752000,6769.11,6770.57,6767.64,6768.81
1759752900,6763.38,6765.69,6762.02,6764.92
1759753800,6763.38,6763.78,6760.32,6762.01
1759754700,6765.72,6767.87,6761.53,6763.23
1759755600,6768.6,6768.85,6767.21,6767.58
1759756500,6766.72,6767.7,6763.55,6765.78
1759757400,6766.76,6767.37,6764.8,6764.96
1759758300,6769.44,6772.22,6767.89,6770.99
1759759200,6772.93,6773.94,6769.06,6770.5
1759760100,6776.33,6778.04,6775.97,6776.63
1759761000,6777.63,6778.8,6775.58,6776.1
1759761900,6773.26,6776.7,6770.63,6773.82
1759762800,6769.31,6770.7,6766.2,6766.44
1759763700,6767.96,6768.28,6764.47,6766.11
1759764600,6770.46,6771.71,6767.55,6768.35
1759765500,6774.07,6777.59,6772.61,6776.77
1759766400,6771.86,6775.1,6771.59,6773.6
1759829400,6787.06,6792.89,6784.84,6789.3
1759830300,6782.48,6787.41,6781.34,6787.34
1759831200,6772.62,6775.85,6769.66,6773.32
1759832100,6780.4,6780.47,6776.83,6777.43
1759833000,6774.99,6775.64,6771.53,6772.97
1759833900,6773.85,6774.95,6766.45,6768.3
1759834800,6775.38,6783.38,6770.94,6772.25
1759835700,6769.18,6769.8,6766.12,6766.89
1759836600,6767.99,6769.63,6763.19,6769.12
1759837500,6765.07,6767.26,6751.43,6761.9
1759838400,6769.21,6771.34,6763.43,6769.16
1759839300,6767.99,6768.78,6761.03,6768.32
1759840200,6766.25,6767.08,6761.98,6764.84
1759841100,6754.25,6758.79,6749.36,6756.15
1759842000,6747.63,6750.24,6746.08,6747.23
1759842900,6745.49,6750.08,6743.27,6745.72
1759843800,6752.13,6756.2,6748.16,6749.61
1759844700,6759.42,6766.43,6758.26,6760.76
1759845600,6759.71,6760.23,6759.15,6759.22
1759846500,6760.85,6762.55,6758.7,6759.39
1759847400,6755.6,6759.18,6755.49,6757.62
1759848300,6764.35,6767.92,6760.11,6766.36
1759849200,6769.2,6774.06,6765.61,6770.45
1759850100,6769.44,6772.2,6764.13,6766.23
1759851000,6763.13,6764.36,6761.68,6764.21
1759851900,6755.54,6756.55,6748.76,6751.62
1759852800,6762.41,6764.74,6755.64,6756.74
1759915800,6766.02,6768.4,6763.26,6766.67
1759916700,6775.49,6777.84,6770.36,6773.07
1759917600,6776.34,6778.38,6774.68,6775.73
1759918500,6774.77,6778.48,6771.19,6776.39
1759919400,6774.98,6775.7,6772.68,6774.14
1759920300,6775.21,6777.4,6773.98,6776.67
1759921200,6781.38,6787.51,6780.81,6782.84
1759922100,6772.86,6774.31,6771.76,6773.7
1759923000,6787.46,6788.3,6786.91,6788.02
1759923900,6793.58,6795.13,6790.59,6794.78
1759924800,6787.64,6788.68,6786.5,6787.33
1759925700,6790.35,6796.3,6786.98,6792.45
1759926600,6794.04,6796.88,6790.95,6792.65
1759927500,6790.57,6795.03,6788.91,6791.4
1759928400,6790.16,6791.0,6787.57,6789.15
1759929300,6786.31,6786.64,6781.81,6783.85
1759930200,6783.35,6785.92,6780.66,6783.56
1759931100,6782.9,6789.78,6781.75,6786.32
1759932000,6783.04,6785.17,6782.24,6783.7
1759932900,6782.18,6784.42,6780.01,6783.69
1759933800,6783.71,6785.08,6778.27,6778.81
1759934700,6777.98,6780.31,6776.28,6778.87
1759935600,6778.0,6780.48,6776.82,6779.77
1759936500,6777.68,6781.37,6776.2,6780.68
1759937400,6783.06,6787.82,6779.64,6784.02
1759938300,6776.24,6780.34,6772.62,6773.99
1759939200,6766.17,6769.13,6764.73,6766.45
1760002200,6806.12,6807.24,6803.04,6804.16
1760003100,6795.38,6795.93,6792.83,6794.73
1760004000,6788.07,6793.08,6781.71,6784.3
1760004900,6788.54,6789.34,6782.74,6784.2
1760005800,6790.22,6796.72,6788.5,6792.39
1760006700,6795.9,6802.25,6794.82,6800.71
1760007600,6796.14,6797.42,6790.95,6796.86
1760008500,6802.08,6802.65,6801.5,6802.08
1760009400,6803.53,6805.71,6801.22,6803.5
1760010300,6805.56,6805.63,6799.19,6803.87
1760011200,6807.73,6813.46,6806.19,6809.16
1760012100,6805.66,6807.58,6800.47,6801.2
1760013000,6803.39,6806.03,6802.51,6804.87
1760013900,6799.03,6800.97,6794.07,6797.4
1760014800,6799.84,6800.08,6794.87,6797.97
1760015700,6796.87,6797.03,6795.08,6796.99
1760016600,6796.4,6800.21,6795.89,6798.89
1760017500,6784.27,6791.85,6782.73,6789.91
1760018400,6781.63,6784.28,6777.78,6778.21
1760019300,6789.27,6791.55,6784.74,6785.51
1760020200,6784.45,6786.0,6781.88,6784.26
1760021100,6788.55,6790.66,6787.12,6789.47
1760022000,6790.27,6791.12,6784.07,6787.43
1760022900,6788.69,6790.76,6783.79,6787.03
1760023800,6789.88,6791.38,6788.37,6790.78
1760024700,6792.21,6793.7,6785.3,6788.58
1760025600,6794.21,6799.0,6792.33,6797.19
1760088600,6780.05,6783.55,6751.62,6772.34
1760089500,6727.53,6753.93,6717.14,6740.09
1760090400,6732.7,6736.18,6703.92,6725.72
1760091300,6697.58,6711.11,6666.06,6671.21
1760092200,6653.27,6667.4,6646.48,6666.92
1760093100,6652.44,6663.02,6643.7,6658.22
1760094000,6691.55,6694.66,6679.47,6687.63
1760094900,6684.51,6706.01,6661.02,6671.0
1760095800,6731.05,6739.24,6711.81,6723.78
1760096700,6743.58,6748.13,6729.51,6745.52
1760097600,6772.49,6775.62,6764.9,6775.17
1760098500,6733.54,6755.99,6714.2,6733.61
1760099400,6696.67,6703.09,6684.26,6687.15
1760100300,6661.38,6680.01,6632.46,6633.24
1760101200,6653.62,6680.01,6635.37,6666.46
1760102100,6661.49,6674.21,6632.61,6633.79
1760103000,6692.69,6723.24,6672.79,6716.11
1760103900,6700.12,6711.46,6669.69,6688.93
1760104800,6773.06,6794.02,6750.58,6758.3
1760105700,6753.72,6781.85,6753.15,6753.63
1760106600,6752.52,6754.71,6710.78,6743.04
1760107500,6731.84,6743.25,6715.97,6716.13
1760108400,6740.61,6746.2,6727.17,6729.5
1760109300,6748.76,6761.01,6743.89,6752.42
1760110200,6742.98,6774.54,6731.39,6736.68
1760111100,6709.97,6712.5,6673.0,6698.21
1760112000,6693.71,6698.47,6682.89,6698.06
1760347800,6638.85,6645.9,6635.3,6640.02
1760348700,6639.47,6643.13,6632.26,6636.25
1760349600,6637.01,6640.62,6635.47,6640.46
1760350500,6628.89,6646.38,6627.11,6639.33
1760351400,6624.05,6627.08,6621.23,6623.12
1760352300,6627.52,6630.75,6618.82,6621.83
1760353200,6624.05,6626.39,6619.07,6625.58
1760354100,6624.05,6631.1,6620.81,6630.81
1760355000,6641.54,6647.72,6631.94,6636.83
1760355900,6667.06,6672.68,6656.49,6657.05
1760356800,6667.79,6669.15,6662.67,6663.3
1760357700,6673.36,6675.99,6670.71,6674.3
1760358600,6674.25,6687.5,6672.52,6682.33
1760359500,6679.49,6691.52,6676.15,6687.29
1760360400,6687.45,6694.75,6686.61,6689.53
1760361300,6688.24,6693.69,6684.22,6684.61
1760362200,6681.5,6684.52,6678.19,6680.57
1760363100,6677.75,6677.79,6671.18,6671.99
1760364000,6671.02,6672.73,6661.79,6671.27
1760364900,6658.71,6673.91,6657.33,6667.92
1760365800,6662.95,6663.35,6659.55,6659.69
1760366700,6670.43,6672.74,6666.45,6668.51
1760367600,6684.15,6696.59,6676.49,6691.43
1760368500,6691.99,6697.72,6685.58,6685.93
1760369400,6697.53,6697.59,6691.49,6693.61
1760370300,6712.75,6712.76,6698.09,6704.07
1760371200,6719.45,6724.98,6714.06,6721.77
1760434200,6675.05,6680.79,6668.35,6679.36
1760435100,6678.85,6685.82,6672.44,6677.63
1760436000,6689.67,6691.37,6679.73,6684.26
1760436900,6681.49,6682.66,6679.16,6681.81
1760437800,6698.78,6707.93,6692.49,6695.36
1760438700,6698.91,6703.17,6691.0,6700.59
1760439600,6717.98,6721.1,6703.66,6709.33
1760440500,6734.34,6734.75,6726.48,6729.26
1760441400,6735.42,6742.24,6734.47,6734.62
1760442300,6732.78,6744.03,6732.08,6743.94
1760443200,6729.84,6739.57,6723.18,6728.34
1760444100,6724.69,6729.41,6718.08,6728.15
1760445000,6723.63,6726.75,6711.35,6721.23
1760445900,6727.96,6743.08,6719.35,6740.46
1760446800,6735.42,6746.33,6735.11,6739.08
1760447700,6735.42,6748.03,6727.26,6741.35
1760448600,6713.64,6721.61,6706.39,6713.24
1760449500,6711.1,6734.33,6706.08,6725.08
1760450400,6692.29,6696.69,6676.63,6682.65
1760451300,6684.62,6685.93,6664.6,6678.63
1760452200,6683.47,6689.62,6678.16,6688.65
1760453100,6675.03,6679.75,6662.62,6671.74
1760454000,6653.04,6670.24,6648.16,6665.84
1760454900,6652.74,6657.35,6647.82,6649.25
1760455800,6641.13,6642.96,6626.85,6632.77
1760456700,6618.99,6636.29,6606.66,6610.98
1760457600,6650.23,6657.18,6642.36,6651.99
1760520600,6709.73,6717.6,6706.11,6712.42
1760521500,6695.9,6696.15,6687.41,6689.97
1760522400,6710.98,6716.74,6706.23,6706.34
1760523300,6720.52,6722.27,6708.1,6715.63
1760524200,6713.92,6719.81,6707.99,6715.78
1760525100,6707.49,6710.89,6703.13,6704.16
1760526000,6701.91,6706.74,6693.37,6694.5
1760526900,6707.73,6716.47,6696.71,6698.22
1760527800,6706.23,6710.61,6697.66,6702.46
1760528700,6719.32,6721.46,6711.15,6716.87
1760529600,6711.15,6716.55,6704.14,6707.65
1760530500,6695.58,6696.74,6695.44,6695.93
1760531400,6695.64,6703.99,6688.98,6689.31
1760532300,6697.34,6706.83,6693.52,6698.48
1760533200,6708.52,6708.83,6702.93,6707.67
1760534100,6711.04,6714.48,6710.91,6711.23
1760535000,6723.17,6726.94,6715.23,6723.6
1760535900,6737.66,6747.25,6736.59,6745.33
1760536800,6732.45,6734.33,6728.94,6730.83
1760537700,6731.28,6737.8,6726.28,6733.9
1760538600,6733.85,6742.62,6724.08,6724.46
1760539500,6724.66,6725.04,6721.93,6722.35
1760540400,6736.72,6737.98,6728.97,6733.74
1760541300,6733.0,6738.25,6725.5,6729.11
1760542200,6733.59,6749.82,6728.06,6738.7
1760543100,6714.32,6718.39,6712.64,6715.85
1760544000,6720.35,6721.28,6716.88,6717.35
1760607000,6719.31,6739.61,6716.34,6731.04
1760607900,6710.95,6714.29,6706.32,6707.7
1760608800,6711.7,6714.8,6706.06,6709.59
1760609700,6717.91,6734.59,6709.16,6725.1
1760610600,6701.78,6710.1,6698.96,6702.37
1760611500,6698.98,6710.07,6689.37,6701.73
1760612400,6718.18,6719.02,6715.2,6717.88
1760613300,6725.54,6737.16,6720.92,6731.01
1760614200,6717.17,6721.53,6706.09,6712.1
1760615100,6718.65,6722.28,6714.54,6721.26
1760616000,6698.45,6706.48,6698.24,6706.33
1760616900,6696.76,6708.37,6691.47,6701.71
1760617800,6703.16,6716.22,6699.76,6709.85
1760618700,6698.4,6705.33,6695.47,6702.19
1760619600,6670.03,6671.49,6662.62,6669.71
1760620500,6689.56,6697.34,6687.83,6689.94
1760621400,6704.68,6709.14,6696.81,6702.81
1760622300,6707.82,6724.7,6697.01,6701.62
1760623200,6700.92,6706.52,6690.81,6690.82
1760624100,6693.7,6701.36,6678.22,6684.99
1760625000,6685.98,6694.31,6679.12,6689.66
1760625900,6699.5,6700.27,6691.64,6697.75
1760626800,6689.48,6693.82,6678.66,6692.24
1760627700,6677.31,6685.73,6673.85,6679.97
1760628600,6666.74,6676.11,6664.06,6667.66
1760629500,6668.91,6683.51,6657.55,6678.81
1760630400,6664.2,6671.42,6655.45,6660.73
1760693400,6651.63,6658.38,6646.61,6656.72
1760694300,6667.31,6670.32,6663.69,6669.49
1760695200,6664.84,6669.09,6641.17,6667.95
1760696100,6685.08,6693.6,6672.57,6677.56
1760697000,6679.51,6681.97,6672.23,6681.83
1760697900,6647.55,6649.05,6631.05,6646.32
1760698800,6653.36,6656.67,6641.92,6643.4
1760699700,6638.63,6649.29,6632.13,6641.68
1760700600,6621.12,6642.32,6606.02,6635.63
1760701500,6629.89,6629.93,6615.11,6616.99
1760702400,6638.02,6643.33,6636.26,6637.32
1760703300,6628.94,6639.1,6614.89,6619.57
1760704200,6645.25,6650.05,6636.19,6648.11
1760705100,6646.68,6652.27,6632.84,6635.4
1760706000,6661.35,6670.65,6650.08,6662.12
1760706900,6675.94,6687.53,6644.01,6668.79
1760707800,6651.36,6659.02,6635.67,6642.09
1760708700,6664.84,6684.93,6656.94,6684.65
1760709600,6656.0,6659.53,6644.42,6647.0
1760710500,6652.3,6672.37,6649.59,6659.09
1760711400,6650.07,6656.02,6638.4,6646.71
1760712300,6664.76,6675.82,6638.98,6650.14
1760713200,6683.47,6694.32,6676.06,6689.85
1760714100,6677.19,6694.55,6670.72,6682.53
1760715000,6656.68,6671.74,6648.94,6654.4
1760715900,6683.8,6684.29,6674.9,6683.03
1760716800,6672.03,6694.09,6670.74,6684.37
1760952600,6718.0,6719.36,6709.01,6712.15
1760953500,6713.72,6718.06,6709.48,6711.25
1760954400,6705.46,6717.69,6701.89,6716.95
1760955300,6705.61,6709.88,6703.22,6709.23
1760956200,6704.79,6710.92,6697.33,6701.4
1760957100,6708.75,6713.44,6705.77,6712.76
1760958000,6703.41,6711.33,6701.75,6706.96
1760958900,6713.87,6727.06,6709.6,6718.07
1760959800,6722.97,6736.05,6714.57,6726.83
1760960700,6725.16,6726.58,6713.74,6715.49
1760961600,6717.66,6727.6,6712.7,6723.1
1760962500,6726.68,6732.53,6726.64,6730.39
1760963400,6735.02,6736.79,6730.22,6732.12
1760964300,6741.68,6751.49,6735.72,6744.66
1760965200,6751.66,6756.68,6738.56,6752.67
1760966100,6748.15,6761.87,6743.31,6756.03
1760967000,6736.86,6749.21,6728.7,6744.8
1760967900,6744.41,6746.52,6738.91,6739.92
1760968800,6749.38,6752.41,6740.33,6742.61
1760969700,6754.1,6754.65,6750.55,6753.16
1760970600,6748.39,6750.71,6744.79,6749.65
1760971500,6746.09,6754.22,6741.89,6749.87
1760972400,6734.13,6743.19,6725.09,6729.79
1760973300,6731.95,6732.6,6728.21,6730.15
1760974200,6731.34,6732.7,6726.56,6728.67
1760975100,6743.33,6743.42,6741.14,6742.06
1760976000,6735.37,6745.3,6732.99,6734.75
1761039000,6785.54,6786.55,6783.07,6784.54
1761039900,6787.18,6788.91,6783.17,6783.37
1761040800,6782.75,6783.32,6780.45,6782.07
1761041700,6783.02,6786.11,6782.86,6785.77
1761042600,6780.45,6782.35,6779.9,6781.39
1761043500,6777.69,6779.49,6776.23,6779.09
1761044400,6781.01,6782.6,6778.04,6781.46
1761045300,6783.66,6787.78,6780.52,6781.94
1761046200,6781.26,6782.24,6780.13,6780.69
1761047100,6782.98,6783.43,6781.73,6782.01
1761048000,6786.35,6790.04,6785.73,6788.27
1761048900,6784.32,6785.17,6782.47,6783.41
1761049800,6779.14,6779.8,6775.63,6776.31
1761050700,6777.36,6779.11,6775.95,6778.43
1761051600,6776.87,6777.67,6775.33,6777.1
1761052500,6782.91,6783.65,6781.3,6782.75
1761053400,6781.1,6783.49,6779.75,6782.85
1761054300,6780.42,6780.61,6777.71,6778.99
1761055200,6778.58,6779.56,6776.35,6778.63
1761056100,6775.47,6777.14,6774.38,6776.86
1761057000,6777.03,6778.56,6775.42,6777.14
1761057900,6775.39,6779.25,6775.1,6777.22
1761058800,6779.56,6780.89,6777.61,6780.41
1761059700,6782.81,6785.92,6782.23,6784.55
1761060600,6784.6,6785.59,6780.96,6783.77
1761061500,6782.36,6784.89,6780.56,6783.72
1761062400,6781.56,6785.24,6781.51,6783.09
1761125400,6767.33,6772.5,6759.72,6764.49
1761126300,6766.22,6770.14,6761.03,6764.13
1761127200,6775.97,6777.53,6774.3,6777.08
1761128100,6780.2,6781.9,6773.75,6773.96
1761129000,6796.61,6806.62,6794.23,6804.78
1761129900,6798.06,6809.66,6796.22,6798.18
1761130800,6769.53,6769.87,6761.49,6768.78
1761131700,6771.84,6780.0,6762.19,6775.36
1761132600,6776.87,6781.37,6776.68,6779.5
1761133500,6786.83,6795.59,6781.23,6792.96
1761134400,6783.16,6793.74,6780.75,6789.57
1761135300,6772.84,6775.91,6770.23,6773.84
1761136200,6783.47,6787.8,6777.17,6782.03
1761137100,6780.39,6794.03,6775.0,6784.73
1761138000,6774.96,6777.77,6770.41,6776.9
1761138900,6774.58,6780.83,6773.83,6774.15
1761139800,6756.9,6767.47,6754.31,6766.86
1761140700,6761.22,6767.45,6759.39,6766.92
1761141600,6770.62,6772.43,6763.93,6766.82
1761142500,6779.33,6792.59,6777.99,6789.5
1761143400,6786.44,6797.79,6781.82,6793.5
1761144300,6788.04,6794.62,6776.46,6782.27
1761145200,6766.24,6772.06,6755.75,6771.32
1761146100,6777.06,6783.44,6771.72,6777.59
1761147000,6765.25,6767.3,6755.5,6759.1
1761147900,6757.52,6762.25,6749.85,6753.15
1761148800,6755.05,6759.14,6751.25,6757.01
1761211800,6736.76,6738.89,6733.52,6738.89
1761212700,6732.61,6737.5,6732.26,6737.09
1761213600,6729.66,6730.36,6716.95,6719.5
1761214500,6725.56,6729.13,6723.1,6723.78
1761215400,6721.47,6729.53,6714.75,6723.75
1761216300,6720.19,6721.2,6718.39,6719.7
1761217200,6724.82,6732.77,6721.3,6729.8
1761218100,6733.99,6734.66,6731.91,6732.26
1761219000,6743.96,6748.81,6733.2,6738.2
1761219900,6742.75,6744.33,6731.69,6735.93
1761220800,6745.55,6746.44,6738.7,6738.98
1761221700,6754.86,6755.1,6746.09,6750.17
1761222600,6755.94,6756.29,6751.4,6753.27
1761223500,6744.91,6752.57,6736.86,6742.28
1761224400,6756.69,6758.34,6745.51,6752.49
1761225300,6755.56,6759.61,6754.98,6758.3
1761226200,6773.87,6777.69,6765.65,6770.34
1761227100,6767.16,6767.27,6760.23,6765.03
1761228000,6774.2,6777.2,6758.81,6766.68
1761228900,6771.38,6773.12,6762.77,6765.86
1761229800,6768.46,6770.43,6762.56,6763.69
1761230700,6765.96,6772.53,6758.18,6771.46
1761231600,6762.99,6766.37,6762.12,6765.07
1761232500,6766.08,6772.11,6765.23,6769.11
1761233400,6761.77,6765.0,6758.06,6760.1
1761234300,6766.46,6770.74,6764.71,6769.15
1761235200,6774.54,6777.06,6769.46,6773.85
1761298200,6776.94,6780.84,6770.61,6772.01
1761299100,6779.88,6780.15,6775.58,6780.09
1761300000,6770.02,6778.6,6766.76,6777.04
1761300900,6770.02,6770.77,6767.0,6769.06
1761301800,6772.09,6779.03,6771.98,6773.81
1761302700,6775.83,6783.89,6774.75,6782.1
1761303600,6770.02,6772.28,6762.44,6769.39
1761304500,6770.02,6775.9,6769.91,6773.59
1761305400,6770.02,6774.82,6764.13,6766.32
1761306300,6770.02,6776.49,6767.93,6772.08
1761307200,6777.01,6779.27,6772.68,6777.49
1761308100,6779.89,6781.02,6772.71,6774.89
1761309000,6783.59,6784.78,6783.3,6783.64
1761309900,6785.51,6788.47,6782.86,6784.65
1761310800,6789.95,6792.39,6789.54,6792.34
1761311700,6789.91,6790.61,6787.93,6789.25
1761312600,6787.22,6788.97,6783.84,6784.17
1761313500,6786.18,6792.01,6783.9,6791.39
1761314400,6801.5,6804.66,6790.61,6795.39
1761315300,6789.31,6795.99,6787.88,6793.03
1761316200,6812.82,6816.68,6807.36,6809.53
1761317100,6809.32,6814.34,6801.59,6811.23
1761318000,6806.3,6814.15,6801.42,6812.04
1761318900,6813.38,6814.78,6805.82,6808.49
1761319800,6815.09,6816.95,6807.09,6813.51
1761320700,6800.14,6809.49,6798.47,6805.13
1761321600,6805.54,6809.86,6802.33,6805.79
1761557400,6879.97,6880.96,6877.14,6880.25
1761558300,6880.26,6883.33,6876.7,6880.28
1761559200,6880.08,6885.36,6878.26,6884.72
1761560100,6875.08,6881.01,6873.75,6875.84
1761561000,6874.3,6876.65,6869.19,6870.08
1761561900,6870.91,6871.81,6866.99,6868.73
1761562800,6868.97,6869.43,6862.3,6867.75
1761563700,6866.17,6866.29,6856.58,6863.54
1761564600,6877.28,6883.45,6874.72,6880.2
1761565500,6878.35,6880.02,6877.46,6879.68
1761566400,6877.26,6878.6,6872.85,6876.53
1761567300,6878.59,6882.1,6873.13,6875.63
1761568200,6882.12,6887.91,6880.09,6884.47
1761569100,6887.31,6889.96,6883.76,6889.61
1761570000,6887.25,6888.28,6881.25,6882.33
1761570900,6896.81,6902.68,6895.05,6899.52
1761571800,6904.51,6912.76,6901.89,6910.83
1761572700,6912.36,6914.06,6905.02,6911.26
1761573600,6910.77,6911.76,6905.82,6911.05
1761574500,6914.49,6916.87,6909.8,6911.71
1761575400,6913.03,6917.33,6910.98,6915.29
1761576300,6913.19,6915.49,6908.92,6909.97
1761577200,6919.67,6920.95,6917.0,6917.58
1761578100,6921.3,6926.15,6916.66,6920.93
1761579000,6917.97,6920.58,6916.3,6916.55
1761579900,6904.1,6904.92,6902.46,6904.78
1761580800,6907.47,6909.78,6905.31,6905.71
1761643800,6915.51,6917.76,6913.38,6915.64
1761644700,6919.9,6921.89,6916.32,6916.54
1761645600,6923.05,6927.23,6922.45,6923.94
1761646500,6929.88,6934.54,6927.24,6931.89
1761647400,6928.02,6931.95,6927.0,6930.53
1761648300,6925.51,6926.3,6924.34,6925.61
1761649200,6926.7,6931.25,6925.27,6930.24
1761650100,6923.21,6925.63,6922.65,6924.62
1761651000,6929.62,6931.04,6926.4,6927.61
1761651900,6922.55,6929.53,6921.92,6925.96
1761652800,6917.86,6918.75,6916.88,6918.21
1761653700,6916.24,6917.63,6910.23,6916.43
1761654600,6914.57,6918.71,6914.52,6915.3
1761655500,6922.95,6925.3,6920.14,6923.81
1761656400,6926.15,6929.7,6925.41,6927.04
1761657300,6922.14,6925.16,6920.11,6924.38
1761658200,6924.44,6925.34,6922.72,6925.15
1761659100,6924.83,6927.03,6924.35,6926.62
1761660000,6923.07,6926.95,6921.9,6925.42
1761660900,6922.2,6924.25,6920.54,6921.28
1761661800,6924.09,6925.24,6922.39,6924.78
1761662700,6923.86,6927.89,6919.45,6920.66
1761663600,6924.43,6925.18,6918.17,6919.6
1761664500,6933.58,6933.91,6931.22,6933.63
1761665400,6939.46,6941.94,6937.9,6939.3
1761666300,6931.74,6934.54,6930.43,6932.98
1761667200,6931.96,6936.89,6928.97,6936.38
1761730200,6928.47,6932.7,6921.68,6929.94
1761731100,6928.8,6933.28,6928.12,6932.53
1761732000,6938.42,6946.1,6934.08,6943.74
1761732900,6941.69,6948.02,6940.75,6946.72
1761733800,6940.26,6948.18,6937.97,6946.09
1761734700,6941.34,6945.23,6931.73,6943.83
1761735600,6936.0,6938.52,6934.37,6937.82
1761736500,6931.85,6936.11,6929.41,6934.02
1761737400,6928.53,6935.02,6927.97,6930.18
1761738300,6928.32,6931.2,6927.17,6929.82
1761739200,6931.27,6932.46,6929.4,6930.98
1761740100,6929.31,6940.66,6927.53,6932.6
1761741000,6919.14,6920.66,6911.03,6912.1
1761741900,6932.83,6932.98,6924.84,6925.22
1761742800,6923.92,6925.6,6920.13,6925.47
1761743700,6925.11,6929.66,6923.16,6927.14
1761744600,6925.46,6928.76,6924.09,6926.86
1761745500,6917.25,6920.58,6911.91,6916.99
1761746400,6916.74,6918.51,6915.6,6918.35
1761747300,6923.36,6924.52,6921.32,6922.07
1761748200,6931.97,6938.79,6929.43,6937.91
1761749100,6927.28,6934.14,6919.07,6930.3
1761750000,6943.53,6946.39,6942.73,6945.19
1761750900,6954.21,6956.85,6952.85,6953.96
1761751800,6950.95,6960.69,6942.71,6955.74
1761752700,6942.15,6947.28,6941.54,6945.0
1761753600,6938.26,6951.14,6937.99,6946.48
1761816600,6909.35,6911.42,6902.69,6910.45
1761817500,6893.82,6897.51,6889.67,6894.08
1761818400,6892.41,6892.68,6873.64,6885.89
1761819300,6900.98,6908.33,6899.04,6901.77
1761820200,6902.62,6909.93,6900.06,6905.2
1761821100,6882.85,6885.57,6877.13,6884.61
1761822000,6885.27,6891.48,6882.56,6883.19
1761822900,6892.88,6903.78,6887.39,6889.27
1761823800,6900.77,6905.29,6894.6,6898.43
1761824700,6887.99,6893.91,6882.51,6887.97
1761825600,6877.14,6881.35,6873.77,6876.42
1761826500,6867.06,6876.22,6860.73,6864.92
1761827400,6851.41,6852.07,6837.79,6842.42
1761828300,6842.93,6846.87,6836.15,6839.39
1761829200,6840.72,6848.72,6838.14,6846.89
1761830100,6859.19,6867.91,6851.61,6861.72
1761831000,6849.24,6855.82,6840.26,6842.06
1761831900,6844.85,6851.11,6838.35,6839.48
1761832800,6848.95,6861.9,6846.34,6852.03
1761833700,6866.21,6869.41,6861.47,6862.01
1761834600,6886.16,6888.6,6873.48,6880.28
1761835500,6869.19,6871.2,6857.39,6866.0
1761836400,6867.1,6873.41,6864.0,6870.33
1761837300,6878.19,6888.14,6876.43,6885.04
1761838200,6885.01,6890.86,6874.45,6878.99
1761839100,6870.66,6874.82,6869.27,6872.19
1761840000,6859.25,6866.93,6853.59,6855.88
1761903000,6902.2,6908.22,6900.38,6904.33
1761903900,6896.77,6903.16,6895.64,6898.07
1761904800,6895.2,6905.03,6891.58,6898.52
1761905700,6883.99,6888.62,6883.34,6887.57
1761906600,6886.82,6891.2,6881.14,6889.92
1761907500,6893.94,6898.87,6882.73,6889.26
1761908400,6900.18,6911.69,6896.77,6906.33
1761909300,6897.87,6900.58,6891.92,6898.28
1761910200,6902.6,6909.12,6896.55,6897.73
1761911100,6899.79,6903.07,6895.72,6899.26
1761912000,6908.01,6910.11,6902.72,6907.96
1761912900,6905.87,6908.94,6905.19,6906.31
1761913800,6900.62,6906.9,6899.27,6904.13
1761914700,6900.78,6904.06,6888.21,6903.5
1761915600,6898.63,6901.06,6892.39,6898.88
1761916500,6882.69,6886.74,6881.68,6884.81
1761917400,6866.91,6869.05,6865.08,6867.07
1761918300,6880.42,6883.34,6878.49,6882.56
1761919200,6865.8,6869.36,6864.11,6868.81
1761920100,6860.59,6861.77,6857.62,6860.12
1761921000,6866.63,6872.69,6864.71,6867.31
1761921900,6865.45,6866.94,6860.27,6860.59
1761922800,6857.39,6863.19,6855.13,6858.24
1761923700,6847.61,6854.74,6843.19,6852.43
1761924600,6843.6,6849.81,6837.41,6843.05
1761925500,6847.25,6848.36,6839.86,6845.54
1761926400,6844.84,6850.51,6842.95,6847.28
1762162200,6866.86,6870.72,6865.91,6868.24
1762163100,6867.95,6871.24,6861.38,6867.16
1762164000,6861.92,6864.81,6859.4,6864.28
1762164900,6860.4,6860.47,6856.76,6860.04
1762165800,6858.85,6870.6,6856.34,6865.3
1762166700,6859.64,6859.94,6857.86,6858.74
1762167600,6861.78,6865.71,6857.63,6864.11
1762168500,6865.19,6865.98,6859.62,6861.8
1762169400,6865.75,6867.41,6864.99,6865.05
1762170300,6866.01,6868.27,6854.9,6861.61
1762171200,6869.16,6872.94,6864.71,6865.79
1762172100,6883.57,6884.13,6879.47,6880.46
1762173000,6891.59,6898.73,6886.07,6890.6
1762173900,6897.33,6903.54,6895.54,6896.39
1762174800,6901.2,6902.24,6899.18,6900.71
1762175700,6899.83,6900.31,6894.58,6896.64
1762176600,6896.35,6900.16,6887.01,6890.76
1762177500,6891.14,6893.78,6886.8,6889.72
1762178400,6885.71,6887.99,6880.85,6883.62
1762179300,6884.43,6884.61,6877.75,6880.5
1762180200,6885.35,6893.84,6882.27,6889.47
1762181100,6891.39,6897.29,6890.95,6895.13
1762182000,6891.39,6898.48,6890.22,6893.7
1762182900,6890.97,6897.53,6889.0,6896.69
1762183800,6889.14,6894.62,6887.51,6889.56
1762184700,6877.53,6882.59,6873.02,6880.12
1762185600,6884.15,6887.09,6881.64,6883.94
1762248600,6893.78,6905.26,6892.54,6899.4
1762249500,6892.9,6903.22,6886.88,6891.33
1762250400,6893.78,6899.18,6887.29,6899.06
1762251300,6884.85,6895.81,6883.33,6887.24
1762252200,6893.78,6896.53,6889.75,6890.57
1762253100,6871.04,6873.4,6870.15,6872.71
1762254000,6876.37,6878.3,6873.63,6876.29
1762254900,6877.18,6882.55,6872.44,6882.16
1762255800,6872.7,6879.76,6866.49,6870.78
1762256700,6890.64,6892.5,6883.98,6887.88
1762257600,6893.11,6895.62,6888.02,6890.33
1762258500,6893.78,6896.89,6878.66,6884.43
1762259400,6893.78,6899.88,6891.91,6896.34
1762260300,6893.78,6897.51,6889.12,6891.64
1762261200,6884.65,6888.38,6876.74,6878.59
1762262100,6862.78,6864.31,6857.9,6858.84
1762263000,6863.6,6875.09,6854.59,6869.59
1762263900,6851.94,6863.39,6845.68,6861.04
1762264800,6847.49,6849.44,6834.1,6846.03
1762265700,6846.81,6864.99,6842.34,6859.21
1762266600,6861.84,6865.84,6857.65,6861.45
1762267500,6876.29,6879.1,6864.49,6869.92
1762268400,6878.74,6880.52,6871.56,6872.14
1762269300,6870.97,6873.21,6864.11,6871.65
1762270200,6881.4,6888.36,6879.41,6884.95
1762271100,6861.17,6865.39,6852.38,6857.24
1762272000,6844.35,6845.97,6844.1,6845.05
1762335000,6808.19,6814.16,6807.28,6809.21
1762335900,6805.7,6808.61,6796.35,6806.55
1762336800,6821.91,6825.34,6818.2,6819.7
1762337700,6842.19,6846.22,6841.08,6843.65
1762338600,6837.04,6843.75,6823.62,6828.25
1762339500,6841.1,6844.24,6828.87,6835.92
1762340400,6827.96,6833.07,6821.91,6826.18
1762341300,6845.56,6851.45,6841.11,6842.15
1762342200,6841.4,6854.15,6834.87,6847.88
1762343100,6817.93,6822.97,6810.26,6821.74
1762344000,6812.37,6816.29,6807.75,6808.78
1762344900,6818.87,6825.75,6816.92,6820.09
1762345800,6818.2,6821.47,6805.09,6809.44
1762346700,6828.47,6843.94,6828.42,6833.87
1762347600,6844.59,6845.2,6832.24,6839.43
1762348500,6818.71,6829.08,6814.43,6825.23
1762349400,6812.7,6814.82,6808.24,6812.68
1762350300,6805.84,6806.62,6799.59,6805.91
1762351200,6804.07,6825.6,6795.47,6820.36
1762352100,6817.2,6818.12,6804.99,6807.56
1762353000,6816.87,6825.22,6805.95,6807.1
1762353900,6829.83,6835.97,6829.5,6834.23
1762354800,6828.1,6830.06,6822.16,6826.3
1762355700,6842.7,6848.49,6832.16,6848.27
1762356600,6852.37,6855.75,6848.8,6853.89
1762357500,6852.28,6857.04,6844.03,6847.36
1762358400,6843.91,6844.09,6831.4,6839.02
1762421400,6821.89,6830.84,6815.76,6821.21
1762422300,6826.41,6836.67,6819.97,6833.9
1762423200,6829.19,6837.78,6827.95,6833.21
1762424100,6846.79,6847.34,6838.22,6841.85
1762425000,6854.5,6861.2,6854.43,6855.43
1762425900,6854.5,6855.51,6851.71,6854.46
1762426800,6854.5,6861.48,6850.37,6855.56
1762427700,6840.17,6848.25,6836.63,6839.65
1762428600,6845.47,6849.83,6836.03,6843.57
1762429500,6831.1,6844.76,6830.2,6838.78
1762430400,6823.89,6826.21,6801.07,6819.38
1762431300,6823.75,6826.78,6819.81,6821.73
1762432200,6810.45,6818.64,6803.64,6816.35
1762433100,6806.41,6820.06,6802.46,6813.59
1762434000,6812.4,6820.93,6812.26,6820.7
1762434900,6812.32,6826.74,6811.36,6816.67
1762435800,6829.35,6831.0,6824.36,6827.26
1762436700,6838.77,6842.32,6832.53,6837.42
1762437600,6821.17,6823.99,6802.91,6811.94
1762438500,6807.15,6814.18,6806.35,6807.12
1762439400,6807.64,6809.09,6806.73,6807.3
1762440300,6805.0,6808.44,6791.5,6799.46
1762441200,6802.73,6807.58,6792.86,6799.94
1762442100,6798.52,6803.77,6795.18,6800.02
1762443000,6800.73,6803.32,6791.35,6795.18
1762443900,6809.38,6823.59,6798.71,6814.28
1762444800,6800.31,6801.68,6786.89,6796.08
1762507800,6754.35,6755.19,6751.24,6752.19
1762508700,6769.25,6770.41,6754.27,6763.09
1762509600,6771.4,6780.7,6760.37,6768.45
1762510500,6767.06,6769.33,6765.11,6765.37
1762511400,6770.96,6777.59,6768.56,6773.74
1762512300,6759.65,6772.72,6750.94,6766.64
1762513200,6758.3,6764.4,6751.66,6753.88
1762514100,6758.44,6766.1,6748.29,6756.99
1762515000,6763.98,6776.39,6762.24,6770.0
1762515900,6753.92,6763.41,6738.81,6754.93
1762516800,6753.38,6767.08,6751.53,6758.73
1762517700,6747.31,6756.01,6745.93,6747.7
1762518600,6744.65,6764.06,6740.49,6743.46
1762519500,6736.08,6742.4,6733.73,6741.6
1762520400,6728.6,6737.81,6727.89,6731.34
1762521300,6730.59,6733.42,6722.02,6729.67
1762522200,6714.71,6720.21,6708.97,6711.46
1762523100,6703.65,6708.07,6691.47,6696.08
1762524000,6720.03,6725.7,6717.4,6719.38
1762524900,6723.55,6737.02,6716.89,6729.35
1762525800,6733.44,6738.95,6722.75,6727.71
1762526700,6735.69,6754.16,6735.48,6741.52
1762527600,6740.48,6746.89,6732.39,6733.94
1762528500,6761.08,6765.7,6754.83,6765.02
1762529400,6750.41,6756.49,6735.88,6750.47
1762530300,6750.88,6756.21,6745.0,6746.06
1762531200,6726.32,6741.42,6724.32,6737.8
1762767000,6778.06,6790.42,6770.65,6782.76
1762767900,6784.29,6786.27,6781.96,6782.73
1762768800,6793.86,6805.5,6790.95,6801.76
1762769700,6801.62,6806.93,6799.65,6805.41
1762770600,6790.3,6795.3,6786.21,6789.45
1762771500,6778.58,6780.8,6774.66,6778.21
1762772400,6776.76,6778.72,6773.43,6776.77
1762773300,6771.79,6779.81,6765.5,6774.79
1762774200,6775.09,6777.88,6773.38,6774.71
1762775100,6784.75,6785.48,6766.1,6774.26
1762776000,6784.76,6791.97,6777.02,6789.79
1762776900,6791.36,6799.02,6783.84,6795.26
1762777800,6797.43,6804.01,6794.59,6797.7
1762778700,6812.08,6826.83,6811.39,6823.5
1762779600,6813.5,6824.65,6807.83,6816.94
1762780500,6811.68,6815.2,6806.43,6807.9
1762781400,6833.19,6837.04,6831.08,6836.79
1762782300,6833.12,6834.25,6813.96,6825.69
1762783200,6831.18,6839.24,6827.84,6833.81
1762784100,6843.35,6850.24,6840.97,6842.67
1762785000,6838.41,6843.28,6836.05,6842.13
1762785900,6850.45,6852.78,6836.49,6843.0
1762786800,6842.51,6851.4,6836.42,6849.04
1762787700,6819.24,6823.95,6810.97,6820.69
1762788600,6824.71,6833.38,6818.98,6829.77
1762789500,6830.73,6837.0,6828.93,6833.93
1762790400,6850.83,6853.76,6847.15,6853.5
1762853400,6859.15,6859.83,6852.35,6855.63
1762854300,6856.37,6861.98,6856.17,6858.83
1762855200,6858.39,6861.04,6855.16,6856.54
1762856100,6858.23,6858.91,6856.23,6856.73
1762857000,6855.94,6857.46,6855.34,6856.25
1762857900,6858.99,6861.95,6858.72,6859.27
1762858800,6862.6,6865.39,6861.79,6863.99
1762859700,6862.46,6866.19,6858.18,6860.32
1762860600,6868.22,6870.39,6865.7,6867.2
1762861500,6874.67,6879.05,6872.05,6878.25
1762862400,6873.44,6874.65,6871.9,6872.7
1762863300,6870.67,6872.91,6867.24,6872.9
1762864200,6865.75,6867.35,6863.84,6865.69
1762865100,6859.07,6859.3,6854.54,6855.53
1762866000,6867.83,6871.42,6863.3,6865.5
1762866900,6872.34,6872.5,6867.98,6871.69
1762867800,6864.61,6869.12,6862.54,6866.42
1762868700,6861.4,6865.0,6858.69,6863.53
1762869600,6862.82,6864.32,6858.38,6861.35
1762870500,6861.15,6864.28,6857.51,6862.67
1762871400,6857.8,6858.54,6855.45,6856.48
1762872300,6865.86,6867.09,6864.44,6866.16
1762873200,6860.53,6863.7,6858.34,6860.86
1762874100,6859.53,6861.98,6851.46,6853.9
1762875000,6862.02,6864.43,6857.42,6860.31
1762875900,6864.36,6866.89,6860.52,6865.55
1762876800,6861.28,6862.22,6855.69,6861.23
1762939800,6870.93,6876.61,6869.79,6875.32
1762940700,6875.87,6878.68,6871.48,6878.58
1762941600,6871.62,6878.9,6871.59,6874.15
1762942500,6873.94,6874.24,6867.25,6870.13
1762943400,6865.74,6876.42,6865.73,6870.46
1762944300,6874.88,6879.85,6871.79,6873.52
1762945200,6875.66,6879.11,6872.88,6873.12
1762946100,6879.75,6883.07,6874.43,6877.27
1762947000,6883.01,6884.87,6882.76,6883.11
1762947900,6880.57,6884.94,6877.78,6882.48
1762948800,6879.23,6883.43,6879.07,6879.56
1762949700,6880.53,6882.81,6876.32,6876.53
1762950600,6872.28,6873.49,6868.91,6871.34
1762951500,6877.87,6880.65,6876.72,6879.03
1762952400,6879.71,6879.93,6878.69,6879.33
1762953300,6880.19,6883.1,6876.97,6878.54
1762954200,6884.99,6885.89,6879.14,6884.99
1762955100,6893.9,6894.07,6884.16,6888.42
1762956000,6886.6,6889.14,6886.29,6887.79
1762956900,6882.99,6884.79,6882.18,6884.39
1762957800,6880.45,6881.59,6874.06,6876.73
1762958700,6876.37,6876.5,6870.61,6874.76
1762959600,6872.38,6874.16,6871.37,6873.67
1762960500,6874.41,6884.26,6872.38,6881.55
1762961400,6870.27,6870.83,6867.91,6868.86
1762962300,6869.21,6869.37,6865.41,6868.01
1762963200,6863.5,6865.54,6858.62,6860.79
1763026200,6875.46,6879.47,6855.33,6858.26
1763027100,6866.3,6873.29,6861.7,6866.95
1763028000,6883.89,6901.09,6872.48,6890.03
1763028900,6870.99,6881.58,6857.15,6859.8
1763029800,6877.9,6884.25,6869.96,6871.73
1763030700,6890.58,6900.38,6886.61,6890.06
1763031600,6862.18,6870.16,6855.98,6861.22
1763032500,6850.71,6864.21,6842.99,6855.12
1763033400,6842.23,6848.33,6824.75,6844.25
1763034300,6850.3,6851.4,6847.83,6848.78
1763035200,6867.25,6872.6,6863.52,6864.76
1763036100,6853.1,6859.83,6849.26,6850.8
1763037000,6820.1,6839.5,6804.39,6830.25
1763037900,6817.46,6827.97,6803.93,6816.37
1763038800,6800.65,6804.66,6795.18,6802.69
1763039700,6795.92,6801.84,6791.5,6796.23
1763040600,6823.1,6831.37,6809.1,6815.79
1763041500,6822.55,6828.45,6818.48,6818.77
1763042400,6821.64,6842.09,6816.21,6837.75
1763043300,6833.8,6851.53,6826.79,6842.35
1763044200,6812.75,6819.12,6801.86,6812.21
1763045100,6853.1,6861.96,6837.67,6851.1
1763046000,6843.34,6871.99,6836.0,6859.7
1763046900,6852.13,6867.46,6843.18,6861.44
1763047800,6833.81,6836.24,6833.02,6835.91
1763048700,6828.5,6834.57,6818.56,6823.66
1763049600,6798.26,6805.48,6788.96,6793.77
1763112600,6761.89,6771.47,6761.82,6763.66
1763113500,6790.65,6806.9,6784.6,6801.68
1763114400,6771.55,6779.07,6762.42,6773.41
1763115300,6804.47,6816.96,6800.75,6815.05
1763116200,6808.0,6814.06,6794.64,6812.47
1763117100,6779.58,6779.83,6772.25,6778.87
1763118000,6791.45,6812.35,6784.61,6796.46
1763118900,6788.57,6807.96,6777.41,6801.05
1763119800,6776.48,6790.09,6775.1,6778.78
1763120700,6767.13,6768.13,6757.95,6760.23
1763121600,6767.22,6776.39,6763.08,6770.48
1763122500,6763.21,6771.47,6753.87,6760.99
1763123400,6772.23,6780.33,6766.77,6769.22
1763124300,6776.66,6787.18,6774.11,6774.26
1763125200,6773.93,6777.03,6755.79,6766.73
1763126100,6778.2,6785.66,6774.0,6783.02
1763127000,6760.88,6768.11,6756.18,6763.2
1763127900,6768.24,6779.81,6767.08,6774.45
1763128800,6762.84,6770.14,6754.08,6757.33
1763129700,6763.53,6768.1,6760.18,6767.74
1763130600,6769.05,6771.35,6763.16,6767.17
1763131500,6780.94,6784.27,6778.87,6782.11
1763132400,6792.45,6798.81,6789.05,6796.59
1763133300,6805.62,6810.24,6784.31,6795.78
1763134200,6788.75,6811.79,6777.06,6801.99
1763135100,6762.65,6768.45,6757.91,6758.81
1763136000,6746.04,6749.08,6733.85,6739.85
1763371800,6750.79,6751.66,6747.26,6749.95
1763372700,6743.84,6756.94,6733.86,6748.66
1763373600,6746.91,6762.53,6725.78,6732.49
1763374500,6741.53,6745.93,6735.92,6739.44
1763375400,6741.94,6755.97,6727.23,6731.32
1763376300,6739.55,6748.48,6735.96,6742.98
1763377200,6700.96,6715.68,6694.58,6700.45
1763378100,6717.7,6719.71,6703.55,6708.07
1763379000,6715.77,6718.69,6704.01,6713.57
1763379900,6713.96,6736.96,6701.12,6731.24
1763380800,6718.23,6725.53,6717.86,6721.77
1763381700,6742.17,6750.43,6741.31,6741.65
1763382600,6749.13,6763.7,6746.37,6752.01
1763383500,6751.82,6758.41,6733.77,6740.25
1763384400,6749.39,6750.39,6737.59,6745.73
1763385300,6745.73,6761.13,6739.88,6752.03
1763386200,6750.11,6751.62,6739.77,6750.93
1763387100,6737.12,6749.19,6736.05,6748.15
1763388000,6729.51,6742.33,6722.76,6738.54
1763388900,6730.5,6736.25,6721.89,6721.99
1763389800,6721.35,6735.04,6706.84,6712.37
1763390700,6712.55,6722.97,6706.54,6711.68
1763391600,6708.23,6714.54,6703.14,6710.72
1763392500,6696.73,6702.91,6679.4,6691.11
1763393400,6700.54,6706.43,6695.39,6701.92
1763394300,6704.6,6705.95,6692.18,6697.68
1763395200,6704.26,6714.41,6693.4,6700.99
1763458200,6706.51,6716.01,6700.23,6712.35
1763459100,6701.23,6712.25,6696.45,6702.67
1763460000,6694.26,6704.68,6687.08,6690.73
1763460900,6697.29,6699.22,6686.35,6690.01
1763461800,6696.47,6703.4,6691.87,6698.51
1763462700,6710.33,6722.24,6704.67,6706.61
1763463600,6698.04,6709.91,6695.09,6698.48
1763464500,6681.36,6687.15,6678.88,6685.42
1763465400,6701.73,6707.38,6691.3,6699.86
1763466300,6703.73,6712.6,6699.84,6707.17
1763467200,6688.22,6710.71,6682.86,6704.67
1763468100,6693.45,6699.93,6686.81,6691.34
1763469000,6692.28,6703.27,6685.93,6695.16
1763469900,6688.64,6693.74,6687.45,6689.33
1763470800,6678.98,6690.12,6670.87,6674.07
1763471700,6666.67,6675.52,6654.0,6671.73
1763472600,6674.79,6690.84,6671.62,6680.43
1763473500,6696.71,6701.57,6684.68,6691.89
1763474400,6693.02,6693.71,6682.53,6684.57
1763475300,6680.03,6680.33,6667.35,6669.04
1763476200,6672.89,6679.25,6671.97,6676.38
1763477100,6672.96,6681.85,6671.32,6677.68
1763478000,6667.27,6684.74,6660.88,6683.48
1763478900,6642.16,6659.36,6634.34,6651.11
1763479800,6650.1,6652.48,6649.14,6651.33
1763480700,6650.0,6652.78,6640.0,6640.33
1763481600,6656.85,6658.76,6653.54,6654.2
1763544600,6620.37,6630.46,6616.59,6622.59
1763545500,6616.57,6617.51,6608.52,6614.72
1763546400,6616.22,6623.45,6613.67,6622.99
1763547300,6625.17,6633.46,6624.19,6628.76
1763548200,6620.65,6632.72,6611.34,6630.88
1763549100,6609.41,6611.69,6605.42,6606.34
1763550000,6612.37,6614.42,6607.3,6611.28
1763550900,6603.68,6603.91,6600.99,6601.87
1763551800,6621.97,6625.51,6616.21,6624.25
1763552700,6623.71,6627.03,6617.64,6619.78
1763553600,6618.12,6630.39,6608.1,6623.61
1763554500,6619.08,6628.26,6612.06,6615.35
1763555400,6622.92,6631.34,6613.48,6616.64
1763556300,6629.28,6629.74,6622.35,6628.34
1763557200,6625.17,6632.33,6624.59,6629.66
1763558100,6622.52,6626.15,6620.44,6622.73
1763559000,6631.61,6633.89,6614.95,6619.21
1763559900,6630.26,6631.07,6626.48,6628.27
1763560800,6629.24,6632.2,6623.62,6630.96
1763561700,6631.28,6642.0,6628.77,6637.46
1763562600,6639.17,6642.27,6630.45,6641.59
1763563500,6644.45,6647.98,6640.36,6647.4
1763564400,6651.42,6664.73,6649.98,6657.54
1763565300,6655.98,6663.01,6649.0,6654.57
1763566200,6658.77,6659.48,6657.76,6659.03
1763567100,6656.86,6660.07,6646.25,6650.72
1763568000,6654.42,6664.9,6649.44,6664.26
1763631000,6724.15,6759.97,6698.19,6739.05
1763631900,6718.22,6756.12,6709.4,6739.33
1763632800,6767.16,6777.34,6755.14,6763.89
1763633700,6753.97,6783.88,6752.66,6772.49
1763634600,6767.62,6774.54,6742.35,6745.32
1763635500,6764.54,6787.67,6760.58,6773.53
1763636400,6742.39,6753.52,6730.28,6745.9
1763637300,6709.58,6732.03,6695.83,6724.37
1763638200,6705.25,6731.77,6696.5,6716.05
1763639100,6732.88,6741.01,6713.81,6713.87
1763640000,6674.0,6700.37,6663.45,6692.36
1763640900,6666.81,6673.86,6650.12,6669.06
1763641800,6687.16,6696.77,6685.81,6687.12
1763642700,6676.28,6687.58,6666.81,6680.97
1763643600,6687.87,6704.68,6677.49,6678.17
1763644500,6708.03,6715.3,6693.25,6699.57
1763645400,6722.94,6741.82,6717.43,6739.17
1763646300,6717.2,6723.69,6703.53,6709.9
1763647200,6695.76,6711.03,6663.34,6681.76
1763648100,6692.31,6699.06,6670.95,6678.14
1763649000,6617.66,6637.66,6604.83,6626.35
1763649900,6606.66,6639.25,6593.54,6618.3
1763650800,6629.2,6658.34,6616.64,6640.67
1763651700,6638.62,6650.37,6618.54,6624.31
1763652600,6668.22,6681.81,6667.39,6671.92
1763653500,6671.14,6685.0,6657.74,6677.22
1763654400,6668.87,6688.35,6663.46,6681.07
1763717400,6543.78,6565.97,6543.7,6555.63
1763718300,6547.2,6561.93,6545.59,6556.81
1763719200,6524.02,6532.47,6523.23,6527.19
1763720100,6532.23,6550.04,6518.65,6538.97
1763721000,6529.58,6548.75,6523.88,6539.24
1763721900,6521.42,6532.25,6508.28,6526.99
1763722800,6512.43,6521.63,6497.66,6511.49
1763723700,6520.82,6521.23,6505.4,6515.09
1763724600,6546.94,6551.04,6543.57,6545.9
1763725500,6542.04,6545.3,6521.37,6542.31
1763726400,6545.05,6545.7,6534.27,6544.72
1763727300,6539.54,6551.56,6530.41,6548.06
1763728200,6523.79,6529.59,6501.75,6517.47
1763729100,6540.41,6559.24,6534.56,6550.9
1763730000,6555.6,6560.85,6546.93,6550.19
1763730900,6562.13,6570.01,6552.76,6562.15
1763731800,6562.39,6566.86,6534.23,6541.66
1763732700,6586.04,6588.24,6574.92,6577.14
1763733600,6591.42,6592.33,6583.76,6591.61
1763734500,6596.99,6605.04,6591.45,6594.87
1763735400,6600.91,6615.82,6596.67,6612.43
1763736300,6608.18,6618.44,6606.71,6608.46
1763737200,6587.62,6588.6,6584.84,6585.81
1763738100,6584.48,6591.14,6574.99,6590.4
1763739000,6594.43,6604.63,6584.94,6589.33
1763739900,6594.75,6596.2,6587.02,6591.75
1763740800,6594.7,6596.33,6589.5,6589.58
1763976600,6658.52,6662.37,6656.74,6659.83
1763977500,6660.66,6667.05,6657.68,6662.2
1763978400,6655.31,6661.71,6640.46,6649.64
1763979300,6663.78,6674.15,6663.23,6673.0
1763980200,6679.76,6686.51,6675.44,6686.27
1763981100,6668.8,6675.46,6665.62,6674.95
1763982000,6650.05,6655.82,6642.23,6646.85
1763982900,6651.11,6660.41,6645.31,6653.66
1763983800,6651.04,6657.81,6648.74,6653.77
1763984700,6647.03,6656.31,6639.17,6649.45
1763985600,6653.07,6655.74,6649.37,6650.53
1763986500,6648.0,6650.03,6645.76,6648.38
1763987400,6651.31,6655.02,6647.15,6653.06
1763988300,6647.6,6650.17,6633.98,6640.3
1763989200,6654.72,6655.18,6645.97,6648.19
1763990100,6646.25,6660.82,6640.6,6656.53
1763991000,6643.73,6645.03,6640.08,6644.42
1763991900,6649.93,6652.6,6646.87,6650.53
1763992800,6670.12,6681.21,6665.05,6667.96
1763993700,6686.42,6691.85,6683.57,6684.96
1763994600,6685.88,6699.61,6682.73,6698.25
1763995500,6698.23,6708.14,6691.18,6706.39
1763996400,6704.86,6707.93,6703.83,6703.96
1763997300,6715.04,6720.47,6708.29,6714.51
1763998200,6688.48,6692.47,6684.96,6685.04
1763999100,6681.3,6686.53,6675.43,6678.76
1764000000,6672.57,6687.11,6664.28,6675.6
1764063000,6743.76,6753.33,6743.55,6750.94
1764063900,6738.73,6745.49,6723.89,6729.01
1764064800,6730.35,6747.49,6724.12,6746.64
1764065700,6737.34,6742.91,6736.98,6741.57
1764066600,6741.39,6745.81,6731.42,6733.87
1764067500,6731.38,6732.74,6729.1,6730.42
1764068400,6717.68,6719.77,6694.86,6706.9
1764069300,6725.18,6728.5,6719.93,6726.1
1764070200,6737.15,6755.27,6735.1,6749.2
1764071100,6746.1,6746.12,6742.85,6745.91
1764072000,6736.54,6744.15,6735.69,6743.09
1764072900,6751.2,6751.41,6746.44,6750.54
1764073800,6744.5,6753.52,6743.47,6753.33
1764074700,6740.66,6743.18,6729.21,6741.52
1764075600,6732.17,6733.98,6727.75,6733.41
1764076500,6727.39,6744.46,6724.84,6725.58
1764077400,6721.46,6731.76,6717.98,6726.89
1764078300,6734.19,6736.72,6729.13,6732.82
1764079200,6747.53,6752.24,6743.2,6745.52
1764080100,6739.75,6740.15,6738.24,6738.74
1764081000,6766.81,6768.01,6761.54,6763.44
1764081900,6761.18,6770.78,6748.36,6764.36
1764082800,6773.15,6785.85,6769.32,6776.93
1764083700,6779.72,6786.43,6773.82,6785.92
1764084600,6793.69,6802.15,6782.96,6795.34
1764085500,6787.97,6801.93,6779.37,6795.21
1764086400,6781.63,6788.86,6775.59,6782.19
1764149400,6792.23,6794.54,6782.86,6787.97
1764150300,6787.23,6792.75,6786.53,6787.85
1764151200,6783.85,6785.05,6779.53,6781.63
1764152100,6780.25,6785.45,6776.93,6780.55
1764153000,6787.42,6793.97,6783.5,6793.18
1764153900,6780.51,6783.85,6775.05,6781.78
1764154800,6782.35,6785.62,6778.41,6783.74
1764155700,6782.61,6784.83,6777.89,6780.88
1764156600,6788.65,6790.04,6786.35,6786.76
1764157500,6787.1,6792.45,6780.16,6782.64
1764158400,6786.73,6788.82,6784.15,6784.83
1764159300,6786.18,6788.22,6782.69,6787.38
1764160200,6784.04,6787.39,6772.72,6777.89
1764161100,6787.33,6791.82,6787.27,6789.91
1764162000,6783.15,6786.05,6772.81,6778.67
1764162900,6789.6,6790.73,6786.98,6788.4
1764163800,6792.29,6794.89,6783.93,6787.25
1764164700,6784.38,6788.37,6783.4,6786.47
1764165600,6779.85,6782.67,6772.9,6776.66
1764166500,6797.54,6804.7,6797.51,6799.7
1764167400,6803.19,6805.45,6800.66,6800.68
1764168300,6807.6,6810.22,6806.21,6810.17
1764169200,6808.4,6813.97,6807.34,6810.5
1764170100,6821.38,6827.36,6817.18,6822.51
1764171000,6822.19,6837.74,6818.15,6831.6
1764171900,6813.19,6821.4,6809.2,6811.23
1764172800,6808.11,6809.0,6799.95,6808.5
1764322200,6830.42,6835.19,6828.55,6832.42
1764323100,6828.12,6828.21,6823.48,6825.77
1764324000,6826.01,6829.39,6825.33,6827.83
1764324900,6822.07,6822.62,6819.38,6820.86
1764325800,6828.95,6835.26,6825.98,6832.14
1764326700,6838.17,6838.99,6837.65,6838.77
1764327600,6840.95,6843.93,6837.75,6843.06
1764328500,6843.96,6844.73,6840.84,6843.28
1764329400,6844.25,6845.13,6841.05,6844.34
1764330300,6843.73,6847.93,6841.58,6846.54
1764331200,6839.39,6841.42,6836.34,6840.5
1764332100,6838.41,6839.71,6838.08,6838.77
1764333000,6840.63,6842.18,6836.0,6837.28
1764333900,6842.43,6845.12,6842.36,6844.34
1764334800,6840.93,6842.13,6840.83,6841.49
1764335700,6841.81,6847.59,6839.23,6847.15
1764336600,6842.94,6844.06,6842.05,6842.68
1764337500,6843.89,6847.22,6843.21,6846.7
1764338400,6841.91,6845.69,6839.91,6845.61
1764339300,6846.01,6849.12,6845.82,6848.51
1764340200,6845.85,6847.13,6844.27,6845.46
1764341100,6855.78,6857.28,6851.24,6854.01
1764342000,6856.41,6859.76,6855.18,6858.91
1764342900,6853.87,6855.64,6852.13,6852.55
1764343800,6849.3,6853.78,6847.37,6853.71
1764344700,6854.7,6857.99,6854.41,6856.11
1764345600,6859.37,6860.13,6858.1,6858.56
1764581400,6860.31,6861.86,6855.24,6856.54
1764582300,6859.8,6864.31,6858.96,6858.99
1764583200,6850.01,6854.42,6848.65,6851.14
1764584100,6847.92,6854.69,6845.39,6846.55
1764585000,6845.81,6849.7,6838.56,6839.2
1764585900,6836.51,6841.64,6834.64,6840.03
1764586800,6830.53,6831.69,6824.88,6828.94
1764587700,6827.04,6828.87,6821.0,6821.6
1764588600,6835.94,6836.73,6831.63,6833.28
1764589500,6839.66,6844.07,6836.64,6839.16
1764590400,6848.05,6850.21,6845.03,6846.41
1764591300,6853.59,6860.67,6849.72,6850.71
1764592200,6855.87,6861.6,6851.03,6858.86
1764593100,6862.72,6868.29,6858.8,6865.2
1764594000,6870.75,6877.0,6862.18,6868.68
1764594900,6870.22,6874.03,6869.77,6872.96
1764595800,6867.52,6875.27,6867.16,6869.29
1764596700,6870.75,6876.6,6868.63,6876.14
1764597600,6864.91,6868.83,6853.35,6859.3
1764598500,6854.74,6859.24,6854.09,6856.1
1764599400,6856.64,6861.24,6850.87,6853.97
1764600300,6850.21,6852.46,6843.81,6849.58
1764601200,6844.33,6849.56,6843.4,6844.57
1764602100,6851.47,6853.15,6850.81,6851.92
1764603000,6861.41,6862.84,6854.0,6858.18
1764603900,6864.1,6872.07,6858.77,6871.19
1764604800,6857.81,6863.32,6854.02,6857.25
1764667800,6832.91,6834.46,6831.08,6833.73
1764668700,6827.06,6827.6,6825.47,6826.75
1764669600,6832.47,6833.21,6826.43,6827.98
1764670500,6829.29,6830.1,6825.89,6828.75
1764671400,6823.27,6825.21,6821.05,6821.39
1764672300,6832.6,6836.14,6832.2,6833.57
1764673200,6824.92,6831.18,6823.11,6827.19
1764674100,6822.1,6823.61,6818.38,6823.05
1764675000,6823.1,6825.11,6822.09,6824.46
1764675900,6821.02,6821.37,6817.28,6819.64
1764676800,6829.57,6831.24,6827.16,6831.2
1764677700,6825.96,6832.99,6825.61,6830.32
1764678600,6821.81,6825.98,6814.14,6814.87
1764679500,6822.11,6823.31,6817.77,6819.63
1764680400,6824.36,6829.32,6823.01,6828.24
1764681300,6836.13,6839.27,6828.85,6832.82
1764682200,6843.75,6847.76,6841.48,6844.42
1764683100,6842.38,6842.5,6837.21,6837.52
1764684000,6845.04,6847.57,6839.79,6841.09
1764684900,6846.21,6851.26,6841.18,6843.85
1764685800,6850.11,6854.68,6848.97,6852.84
1764686700,6854.68,6858.65,6851.79,6857.2
1764687600,6851.47,6854.97,6849.23,6849.37
1764688500,6846.65,6851.59,6846.33,6848.71
1764689400,6846.26,6852.24,6840.68,6848.89
1764690300,6859.78,6864.07,6859.39,6862.03
1764691200,6855.91,6859.42,6850.2,6857.76
1764754200,6837.58,6842.22,6833.23,6834.44
1764755100,6831.33,6835.57,6827.81,6828.68
1764756000,6832.26,6834.18,6825.28,6828.59
1764756900,6826.31,6826.8,6824.1,6826.3
1764757800,6820.44,6826.98,6815.92,6820.97
1764758700,6830.92,6834.85,6830.63,6833.88
1764759600,6833.36,6837.65,6828.13,6829.45
1764760500,6836.56,6837.77,6830.33,6834.86
1764761400,6842.9,6847.24,6840.25,6841.97
1764762300,6847.39,6853.22,6847.21,6851.49
1764763200,6841.83,6843.24,6837.9,6840.39
1764764100,6841.2,6841.22,6835.47,6839.33
1764765000,6843.91,6845.27,6842.79,6844.84
1764765900,6853.02,6853.56,6849.02,6850.12
1764766800,6858.75,6864.06,6856.22,6860.62
1764767700,6863.64,6866.45,6863.17,6864.58
1764768600,6852.73,6852.94,6851.78,6852.72
1764769500,6857.48,6861.47,6857.19,6860.27
1764770400,6857.29,6861.82,6856.02,6859.73
1764771300,6864.16,6869.24,6864.03,6866.68
1764772200,6857.21,6861.35,6855.43,6859.32
1764773100,6858.69,6858.96,6853.84,6858.28
1764774000,6862.41,6863.29,6857.37,6860.95
1764774900,6857.66,6858.61,6855.3,6857.51
1764775800,6852.01,6852.86,6851.6,6852.52
1764776700,6862.56,6863.8,6859.05,6859.89
1764777600,6853.04,6853.49,6849.32,6851.01
1764840600,6868.66,6871.1,6865.92,6866.29
1764841500,6870.07,6872.62,6868.64,6872.35
1764842400,6873.37,6874.2,6871.53,6874.01
1764843300,6882.04,6885.78,6880.53,6885.09
1764844200,6883.68,6889.54,6880.33,6887.31
1764845100,6879.72,6881.43,6874.39,6875.99
1764846000,6879.46,6882.97,6878.92,6880.91
1764846900,6876.47,6878.19,6874.55,6877.89
1764847800,6880.69,6882.61,6878.95,6879.52
1764848700,6870.45,6874.59,6869.1,6872.36
1764849600,6859.03,6860.05,6857.66,6857.72
1764850500,6861.67,6861.95,6859.26,6860.06
1764851400,6868.07,6868.82,6866.12,6868.39
1764852300,6869.41,6875.44,6865.88,6866.9
1764853200,6871.74,6872.3,6871.05,6872.1
1764854100,6872.6,6874.39,6869.85,6873.82
1764855000,6871.78,6873.31,6869.66,6870.39
1764855900,6870.47,6872.23,6867.83,6867.88
1764856800,6866.61,6868.37,6862.59,6867.98
1764857700,6867.02,6874.21,6866.63,6870.05
1764858600,6867.21,6867.25,6863.33,6867.22
1764859500,6867.6,6868.43,6864.59,6866.55
1764860400,6865.27,6868.13,6859.81,6862.83
1764861300,6864.1,6866.79,6862.47,6864.17
1764862200,6863.13,6864.98,6862.59,6863.04
1764863100,6859.68,6862.88,6856.77,6859.72
1764864000,6865.34,6869.32,6861.94,6863.2
1764927000,6864.59,6869.0,6857.01,6864.53
1764927900,6864.4,6867.69,6860.13,6866.3
1764928800,6868.16,6872.0,6862.25,6864.52
1764929700,6867.41,6869.7,6863.87,6866.36
1764930600,6868.75,6870.36,6864.99,6867.12
1764931500,6868.48,6872.11,6866.47,6868.23
1764932400,6867.7,6868.4,6863.79,6865.16
1764933300,6868.56,6872.35,6866.15,6870.34
1764934200,6875.67,6876.33,6872.57,6874.45
1764935100,6869.57,6873.72,6865.7,6869.64
1764936000,6872.36,6874.45,6868.87,6872.13
1764936900,6879.77,6881.33,6872.31,6874.33
1764937800,6883.22,6883.96,6877.3,6881.39
1764938700,6888.3,6892.5,6883.94,6892.04
1764939600,6891.66,6896.44,6887.54,6890.24
1764940500,6887.61,6889.09,6882.51,6884.49
1764941400,6891.27,6893.75,6887.4,6890.38
1764942300,6895.99,6897.53,6894.58,6894.63
1764943200,6892.28,6897.03,6892.27,6895.37
1764944100,6894.78,6897.91,6889.96,6896.89
1764945000,6896.09,6902.77,6892.08,6900.82
1764945900,6887.05,6887.72,6881.66,6883.92
1764946800,6885.68,6888.59,6885.42,6888.37
1764947700,6892.97,6893.08,6890.43,6891.36
1764948600,6892.25,6894.5,6891.51,6892.82
1764949500,6881.36,6885.08,6880.59,6880.76
1764950400,6877.62,6880.4,6874.5,6878.16
1765186200,6877.37,6878.65,6866.97,6872.73
1765187100,6873.83,6877.89,6871.13,6873.75
1765188000,6874.78,6875.49,6865.28,6869.99
1765188900,6873.67,6880.09,6868.16,6870.58
1765189800,6878.15,6887.28,6875.42,6877.32
1765190700,6879.6,6883.48,6879.13,6881.13
1765191600,6872.56,6872.99,6863.67,6869.21
1765192500,6882.0,6884.55,6877.18,6879.46
1765193400,6881.49,6883.71,6876.0,6878.67
1765194300,6881.99,6884.59,6878.1,6880.08
1765195200,6883.31,6883.93,6877.62,6881.49
1765196100,6883.85,6890.81,6880.3,6888.41
1765197000,6887.49,6887.67,6881.35,6886.32
1765197900,6888.52,6891.34,6887.02,6889.52
1765198800,6895.45,6900.3,6893.95,6897.55
1765199700,6884.67,6888.31,6877.23,6883.02
1765200600,6882.89,6886.83,6880.7,6883.43
1765201500,6881.47,6883.37,6875.59,6880.39
1765202400,6875.73,6885.77,6875.34,6883.08
1765203300,6885.48,6886.97,6884.5,6884.85
1765204200,6873.64,6875.9,6872.5,6873.14
1765205100,6874.25,6879.75,6867.36,6876.28
1765206000,6885.12,6892.85,6881.98,6884.21
1765206900,6884.02,6885.76,6877.95,6878.58
1765207800,6879.78,6880.15,6869.01,6874.17
1765208700,6873.8,6875.6,6865.03,6866.72
1765209600,6870.52,6874.74,6863.45,6874.13
1765272600,6862.49,6863.77,6861.02,6862.27
1765273500,6870.46,6873.65,6870.2,6871.29
1765274400,6871.7,6871.74,6868.62,6870.05
1765275300,6866.01,6868.06,6862.42,6865.06
1765276200,6858.56,6859.5,6857.4,6857.44
1765277100,6866.3,6867.71,6864.47,6865.55
1765278000,6860.59,6866.3,6859.75,6861.99
1765278900,6856.91,6861.91,6856.89,6859.52
1765279800,6856.76,6857.99,6854.91,6855.98
1765280700,6855.81,6858.75,6854.92,6857.44
1765281600,6859.58,6860.09,6857.86,6857.98
1765282500,6861.24,6861.74,6856.42,6858.71
1765283400,6861.71,6863.79,6861.38,6861.44
1765284300,6857.96,6861.96,6857.45,6861.67
1765285200,6854.67,6855.92,6854.02,6854.11
1765286100,6852.96,6853.67,6850.27,6852.24
1765287000,6852.99,6853.83,6851.42,6852.67
1765287900,6852.92,6853.06,6848.52,6849.39
1765288800,6847.42,6851.52,6846.3,6849.77
1765289700,6850.22,6852.34,6849.89,6852.03
1765290600,6851.33,6852.35,6850.79,6850.93
1765291500,6851.3,6853.26,6848.15,6849.39
1765292400,6847.06,6848.87,6843.62,6845.7
1765293300,6848.43,6851.5,6847.44,6848.85
1765294200,6854.47,6856.66,6852.12,6852.85
1765295100,6853.15,6857.48,6850.23,6854.81
1765296000,6854.4,6856.21,6853.53,6856.06
1765359000,6840.84,6846.55,6837.17,6842.45
1765359900,6854.22,6857.69,6842.67,6847.14
1765360800,6844.77,6846.46,6838.23,6841.26
1765361700,6858.42,6866.86,6857.63,6861.68
1765362600,6872.2,6873.46,6864.39,6868.01
1765363500,6881.57,6884.85,6876.03,6882.5
1765364400,6883.8,6887.99,6881.9,6883.29
1765365300,6879.37,6880.55,6874.33,6879.04
1765366200,6875.46,6878.84,6866.44,6870.97
1765367100,6862.55,6866.96,6858.02,6866.92
1765368000,6864.49,6864.76,6859.02,6863.33
1765368900,6857.26,6862.09,6855.7,6856.42
1765369800,6852.93,6864.6,6848.4,6858.5
1765370700,6857.7,6858.75,6854.57,6857.63
1765371600,6861.17,6866.31,6858.28,6865.57
1765372500,6873.31,6880.41,6863.7,6867.78
1765373400,6868.21,6874.48,6866.45,6867.28
1765374300,6878.09,6881.42,6875.08,6875.46
1765375200,6892.03,6897.71,6890.81,6892.58
1765376100,6901.12,6911.56,6898.14,6906.66
1765377000,6910.99,6918.41,6910.3,6916.57
1765377900,6911.32,6921.15,6909.56,6918.16
1765378800,6915.72,6927.94,6912.48,6920.86
1765379700,6912.38,6915.21,6909.57,6910.92
1765380600,6905.12,6914.94,6900.79,6909.22
1765381500,6892.83,6902.41,6889.08,6896.56
1765382400,6885.03,6900.06,6882.22,6893.7
1765445400,6874.07,6889.55,6869.03,6887.28
1765446300,6874.03,6876.46,6870.47,6873.84
1765447200,6863.3,6873.65,6859.23,6870.13
1765448100,6894.22,6896.49,6879.26,6887.75
1765449000,6913.73,6921.9,6903.74,6919.04
1765449900,6917.69,6930.09,6913.69,6915.44
1765450800,6905.67,6913.14,6893.58,6897.75
1765451700,6886.05,6898.36,6882.47,6896.57
1765452600,6873.39,6878.37,6862.26,6872.86
1765453500,6897.01,6899.09,6893.36,6894.19
1765454400,6905.71,6908.79,6893.5,6905.06
1765455300,6913.08,6915.1,6891.36,6896.15
1765456200,6907.74,6922.33,6904.16,6915.07
1765457100,6906.75,6915.82,6905.1,6908.14
1765458000,6910.38,6923.6,6900.21,6906.01
1765458900,6911.5,6925.03,6910.75,6923.33
1765459800,6918.37,6919.64,6911.52,6915.51
1765460700,6924.73,6924.96,6919.28,6920.03
1765461600,6921.62,6921.83,6900.48,6916.65
1765462500,6929.86,6942.67,6928.81,6935.83
1765463400,6927.53,6934.55,6916.63,6933.44
1765464300,6939.88,6953.91,6937.45,6941.49
1765465200,6936.7,6938.18,6922.6,6935.92
1765466100,6912.83,6919.89,6900.08,6910.07
1765467000,6911.64,6918.98,6910.81,6916.65
1765467900,6890.82,6902.2,6890.03,6892.98
1765468800,6880.76,6888.09,6877.99,6880.35
1765531800,6925.32,6931.39,6918.3,6922.88
1765532700,6926.55,6927.36,6919.53,6925.25
1765533600,6913.21,6924.17,6904.38,6917.2
1765534500,6918.27,6923.07,6916.29,6919.12
1765535400,6922.12,6927.5,6907.76,6911.15
1765536300,6920.0,6927.75,6913.39,6914.09
1765537200,6926.55,6929.96,6918.21,6921.53
1765538100,6926.55,6935.4,6913.92,6915.43
1765539000,6912.4,6918.84,6898.73,6908.33
1765539900,6902.68,6906.05,6894.04,6898.67
1765540800,6903.68,6908.16,6895.18,6900.54
1765541700,6902.28,6903.68,6884.52,6896.35
1765542600,6900.93,6909.74,6897.63,6903.08
1765543500,6901.2,6918.63,6898.15,6902.54
1765544400,6902.13,6909.12,6899.88,6902.76
1765545300,6894.47,6899.79,6877.99,6884.47
1765546200,6867.75,6883.16,6864.2,6879.25
1765547100,6877.82,6881.68,6863.29,6871.87
1765548000,6874.19,6880.01,6868.37,6878.82
1765548900,6892.59,6896.1,6887.35,6887.63
1765549800,6895.42,6901.25,6883.39,6892.66
1765550700,6889.46,6898.43,6885.12,6888.08
1765551600,6897.25,6902.6,6880.44,6888.59
1765552500,6894.97,6895.35,6884.73,6887.84
1765553400,6892.48,6903.13,6892.37,6896.08
1765554300,6891.76,6893.23,6887.37,6890.47
1765555200,6883.91,6893.19,6882.73,6891.37
1765791000,6838.46,6839.11,6834.43,6838.07
1765791900,6829.14,6831.22,6827.42,6831.09
1765792800,6826.17,6829.42,6822.47,6824.59
1765793700,6829.39,6835.55,6828.53,6835.24
1765794600,6832.04,6835.75,6830.84,6831.53
1765795500,6829.87,6834.2,6826.47,6829.97
1765796400,6825.3,6828.23,6823.07,6824.13
1765797300,6810.46,6818.2,6806.84,6815.5
1765798200,6817.12,6818.05,6815.93,6816.87
1765799100,6812.66,6817.01,6807.3,6811.01
1765800000,6809.3,6814.21,6804.39,6811.2
1765800900,6806.22,6808.68,6805.95,6807.88
1765801800,6815.59,6820.18,6808.55,6816.53
1765802700,6809.82,6809.86,6802.31,6804.78
1765803600,6812.7,6817.43,6810.8,6811.15
1765804500,6812.38,6815.23,6808.85,6814.89
1765805400,6815.57,6820.19,6807.54,6809.99
1765806300,6814.12,6815.92,6810.91,6814.93
1765807200,6807.26,6815.1,6805.13,6811.3
1765808100,6810.73,6813.5,6804.68,6805.11
1765809000,6817.25,6819.96,6816.32,6818.39
1765809900,6806.96,6812.14,6801.39,6806.26
1765810800,6810.09,6810.58,6800.53,6803.81
1765811700,6811.49,6819.28,6806.06,6807.65
1765812600,6804.73,6806.28,6800.78,6802.03
1765813500,6809.04,6812.79,6806.01,6809.47
1765814400,6828.63,6838.53,6827.38,6830.48
1765877400,6821.67,6824.86,6820.89,6824.51
1765878300,6811.98,6821.39,6807.22,6816.31
1765879200,6814.23,6818.39,6810.63,6810.82
1765880100,6810.0,6815.27,6800.51,6806.67
1765881000,6806.5,6811.06,6806.25,6810.68
1765881900,6805.39,6807.87,6801.07,6805.39
1765882800,6792.51,6798.16,6787.23,6789.96
1765883700,6798.6,6800.47,6796.06,6800.45
1765884600,6796.1,6800.54,6795.02,6797.98
1765885500,6797.9,6804.1,6797.5,6799.81
1765886400,6794.98,6800.03,6790.46,6795.91
1765887300,6794.27,6800.33,6794.15,6796.81
1765888200,6788.11,6790.29,6787.04,6788.62
1765889100,6793.26,6798.71,6792.89,6795.18
1765890000,6800.52,6803.79,6796.38,6798.69
1765890900,6790.74,6793.14,6787.83,6789.26
1765891800,6802.08,6806.33,6801.99,6802.64
1765892700,6796.73,6805.25,6791.74,6803.4
1765893600,6798.9,6801.0,6796.16,6797.4
1765894500,6790.3,6797.66,6790.07,6795.67
1765895400,6790.41,6793.08,6788.63,6790.32
1765896300,6802.77,6806.78,6798.13,6799.19
1765897200,6807.73,6808.62,6804.79,6807.02
1765898100,6810.38,6812.78,6803.23,6809.02
1765899000,6819.74,6823.94,6818.63,6823.13
1765899900,6836.21,6839.25,6834.67,6834.68
1765900800,6830.62,6838.82,6823.59,6830.15
1765963800,6804.67,6810.61,6789.97,6792.63
1765964700,6816.12,6825.02,6814.22,6821.15
1765965600,6818.43,6828.83,6812.96,6826.18
1765966500,6807.64,6819.46,6803.53,6807.99
1765967400,6812.86,6815.25,6804.05,6805.15
1765968300,6812.9,6813.92,6807.74,6808.26
1765969200,6817.38,6823.44,6808.07,6810.77
1765970100,6808.55,6808.98,6793.44,6802.31
1765971000,6805.1,6811.66,6794.12,6798.05
1765971900,6810.53,6815.01,6798.46,6805.6
1765972800,6793.09,6799.62,6791.26,6798.74
1765973700,6784.74,6788.67,6779.02,6784.44
1765974600,6768.36,6769.75,6760.89,6765.85
1765975500,6759.65,6763.72,6753.84,6756.91
1765976400,6767.48,6780.3,6761.65,6770.73
1765977300,6769.57,6773.51,6764.13,6769.93
1765978200,6767.28,6768.55,6759.0,6760.57
1765979100,6774.56,6778.92,6769.28,6773.3
1765980000,6764.42,6767.46,6760.76,6764.54
1765980900,6767.33,6776.88,6764.17,6774.26
1765981800,6774.82,6783.97,6768.96,6779.91
1765982700,6762.82,6768.35,6760.04,6761.76
1765983600,6749.57,6754.1,6748.56,6750.83
1765984500,6758.21,6759.32,6742.48,6754.54
1765985400,6752.78,6766.36,6748.22,6758.43
1765986300,6740.91,6754.43,6732.19,6739.11
1765987200,6727.64,6732.87,6725.5,6730.25
1766050200,6734.07,6735.1,6732.91,6733.34
1766051100,6737.66,6752.52,6736.35,6744.56
1766052000,6724.3,6733.41,6717.06,6729.01
1766052900,6724.87,6725.86,6715.59,6718.33
1766053800,6736.57,6739.15,6734.49,6736.61
1766054700,6729.75,6735.16,6724.56,6730.6
1766055600,6729.06,6729.45,6712.08,6721.57
1766056500,6730.86,6736.11,6725.44,6734.1
1766057400,6736.93,6744.2,6731.77,6732.67
1766058300,6728.85,6734.9,6715.96,6721.08
1766059200,6737.66,6737.75,6737.01,6737.31
1766060100,6746.16,6750.07,6745.56,6745.68
1766061000,6731.41,6739.79,6726.66,6735.22
1766061900,6748.06,6752.41,6734.46,6743.7
1766062800,6760.66,6767.94,6757.66,6758.26
1766063700,6761.55,6766.62,6754.17,6765.94
1766064600,6757.83,6760.33,6745.36,6755.19
1766065500,6745.29,6751.39,6738.68,6745.83
1766066400,6743.43,6756.29,6736.99,6749.24
1766067300,6749.99,6759.9,6747.78,6757.73
1766068200,6757.27,6760.25,6756.43,6758.29
1766069100,6751.5,6755.57,6748.27,6754.48
1766070000,6760.55,6763.12,6746.97,6752.43
1766070900,6770.14,6775.8,6769.79,6771.72
1766071800,6758.77,6766.2,6754.61,6764.31
1766072700,6770.39,6775.42,6756.9,6759.54
1766073600,6784.15,6784.69,6776.08,6782.4
1766136600,6778.96,6783.95,6777.14,6781.26
1766137500,6775.56,6775.79,6771.68,6773.06
1766138400,6782.54,6784.09,6781.62,6782.7
1766139300,6790.39,6793.84,6787.82,6788.92
1766140200,6783.42,6784.17,6780.3,6782.71
1766141100,6777.53,6779.11,6777.37,6777.97
1766142000,6782.62,6785.94,6779.4,6785.13
1766142900,6781.65,6781.68,6778.08,6778.86
1766143800,6786.24,6788.43,6783.5,6785.46
1766144700,6790.74,6792.88,6790.59,6792.5
1766145600,6785.54,6787.62,6781.78,6783.91
1766146500,6785.98,6786.09,6783.64,6784.34
1766147400,6786.19,6786.43,6786.17,6786.31
1766148300,6782.0,6783.34,6779.42,6781.95
1766149200,6785.22,6787.43,6784.84,6785.85
1766150100,6788.29,6789.34,6785.32,6786.79
1766151000,6787.91,6788.78,6786.38,6787.15
1766151900,6784.85,6786.1,6782.82,6784.21
1766152800,6787.64,6788.36,6786.67,6787.36
1766153700,6788.6,6790.2,6786.83,6788.15
1766154600,6788.81,6789.54,6786.75,6787.23
1766155500,6797.35,6799.98,6796.38,6798.63
1766156400,6798.4,6800.0,6796.34,6798.95
1766157300,6796.26,6796.42,6793.18,6796.4
1766158200,6789.96,6794.03,6788.22,6788.79
1766159100,6785.89,6786.9,6779.7,6783.42
1766160000,6782.56,6784.22,6779.2,6780.07
1766395800,6906.87,6908.97,6904.5,6907.79
1766396700,6907.88,6908.13,6905.51,6906.12
1766397600,6914.07,6916.24,6910.9,6912.5
1766398500,6915.88,6919.24,6914.81,6915.67
1766399400,6920.79,6921.25,6919.18,6919.35
1766400300,6912.88,6913.62,6907.11,6910.28
1766401200,6912.74,6914.67,6909.77,6913.07
1766402100,6914.23,6917.93,6913.32,6914.31
1766403000,6912.89,6913.5,6910.04,6910.4
1766403900,6906.5,6910.19,6904.61,6909.38
1766404800,6911.41,6915.35,6910.53,6913.89
1766405700,6914.99,6918.39,6913.93,6915.53
1766406600,6919.76,6923.8,6918.38,6919.78
1766407500,6928.06,6928.5,6923.68,6925.65
1766408400,6930.96,6936.45,6927.87,6932.71
1766409300,6931.59,6932.6,6928.79,6929.38
1766410200,6930.89,6931.92,6926.73,6927.97
1766411100,6928.22,6930.29,6923.35,6925.63
1766412000,6924.56,6926.84,6923.23,6925.63
1766412900,6922.56,6923.93,6918.41,6920.33
1766413800,6919.59,6921.48,6919.07,6921.21
1766414700,6919.17,6919.88,6916.79,6918.73
1766415600,6926.89,6927.58,6923.9,6927.4
1766416500,6925.68,6926.86,6923.92,6924.93
1766417400,6925.35,6926.01,6925.03,6925.89
1766418300,6927.08,6929.88,6926.12,6929.19
1766419200,6926.08,6927.65,6921.71,6923.98
1766482200,6932.71,6934.16,6929.94,6931.54
1766483100,6924.33,6928.57,6922.0,6924.51
1766484000,6924.97,6927.55,6924.15,6926.12
1766484900,6931.95,6932.77,6926.56,6928.71
1766485800,6942.38,6947.94,6941.82,6946.69
1766486700,6940.75,6941.7,6937.87,6940.1
1766487600,6935.61,6937.23,6932.96,6934.56
1766488500,6936.63,6940.29,6935.08,6937.45
1766489400,6933.25,6935.42,6931.44,6932.95
1766490300,6931.19,6936.4,6927.36,6932.93
1766491200,6930.67,6932.29,6929.05,6931.48
1766492100,6926.72,6928.98,6923.9,6927.29
1766493000,6925.61,6931.15,6925.3,6928.21
1766493900,6929.31,6931.1,6924.54,6927.1
1766494800,6923.51,6927.12,6922.13,6925.55
1766495700,6928.2,6931.72,6927.96,6931.43
1766496600,6942.28,6943.02,6936.73,6939.45
1766497500,6940.57,6942.56,6938.11,6938.79
1766498400,6943.53,6945.92,6942.1,6945.81
1766499300,6945.22,6948.0,6941.88,6942.66
1766500200,6942.6,6944.67,6942.16,6943.54
1766501100,6945.16,6945.74,6942.85,6944.76
1766502000,6942.21,6942.49,6933.13,6939.36
1766502900,6950.49,6952.23,6946.64,6949.27
1766503800,6957.0,6957.94,6956.37,6957.46
1766504700,6959.07,6964.67,6959.02,6963.84
1766505600,6957.94,6959.98,6957.35,6959.52
1766568600,6956.4,6959.84,6955.29,6955.33
1766569500,6957.05,6957.46,6952.34,6954.45
1766570400,6963.29,6965.18,6959.06,6964.33
1766571300,6967.04,6969.02,6966.98,6968.89
1766572200,6964.54,6965.65,6958.61,6961.29
1766573100,6964.46,6965.35,6961.97,6962.67
1766574000,6965.39,6969.76,6963.83,6969.12
1766574900,6968.16,6971.05,6964.93,6965.86
1766575800,6965.12,6968.85,6963.61,6965.23
1766576700,6970.63,6972.18,6968.9,6969.24
1766577600,6966.24,6968.15,6963.1,6967.02
1766578500,6966.4,6969.33,6963.65,6964.17
1766579400,6970.16,6971.84,6967.04,6967.98
1766580300,6965.76,6970.69,6964.5,6968.67
1766581200,6963.54,6965.58,6959.51,6962.49
1766582100,6966.62,6970.24,6964.57,6966.22
1766583000,6965.15,6967.28,6962.55,6967.09
1766583900,6963.41,6966.68,6960.98,6962.69
1766584800,6961.45,6966.5,6960.18,6963.68
1766585700,6965.29,6965.86,6962.27,6964.07
1766586600,6969.96,6971.32,6967.49,6969.88
1766587500,6970.1,6972.33,6962.93,6967.78
1766588400,6969.04,6971.91,6965.69,6966.91
1766589300,6977.38,6978.39,6973.61,6978.27
1766590200,6973.13,6973.96,6971.66,6972.2
1766591100,6971.92,6972.62,6970.62,6972.21
1766592000,6970.97,6971.39,6967.47,6969.28
1766741400,6980.51,6981.82,6980.38,6980.9
1766742300,6980.35,6981.64,6979.41,6981.07
1766743200,6984.29,6986.83,6983.21,6985.7
1766744100,6988.0,6989.04,6985.49,6985.76
1766745000,6986.93,6990.11,6986.65,6988.27
1766745900,6984.13,6985.33,6983.09,6983.53
1766746800,6983.45,6984.14,6981.26,6982.39
1766747700,6982.71,6986.18,6980.78,6984.8
1766748600,6983.87,6983.95,6981.3,6982.62
1766749500,6982.63,6985.98,6978.63,6983.96
1766750400,6985.78,6986.88,6984.81,6985.67
1766751300,6980.64,6983.04,6978.39,6981.79
1766752200,6980.74,6981.18,6977.75,6978.4
1766753100,6978.05,6979.6,6974.67,6975.95
1766754000,6977.56,6978.48,6976.73,6978.1
1766754900,6978.62,6979.56,6978.41,6979.51
1766755800,6978.14,6978.86,6976.75,6977.71
1766756700,6973.89,6976.13,6972.26,6974.17
1766757600,6979.86,6980.85,6978.67,6979.42
1766758500,6978.99,6980.26,6978.41,6979.49
1766759400,6980.5,6981.67,6979.29,6979.97
1766760300,6981.26,6981.65,6977.28,6979.94
1766761200,6983.2,6983.86,6982.9,6983.42
1766762100,6979.2,6980.15,6978.72,6980.07
1766763000,6976.75,6977.38,6972.89,6973.6
1766763900,6978.31,6979.73,6977.65,6978.6
1766764800,6975.51,6976.64,6974.53,6975.51
1767000600,6986.29,6987.54,6982.86,6982.97
1767001500,6977.97,6981.28,6976.12,6977.59
1767002400,6978.14,6982.35,6977.75,6980.36
1767003300,6977.29,6978.98,6973.04,6976.25
1767004200,6977.55,6983.64,6975.77,6981.69
1767005100,6979.57,6983.05,6977.75,6977.96
1767006000,6978.15,6982.81,6977.87,6981.09
1767006900,6978.45,6979.14,6973.54,6976.94
1767007800,6973.2,6973.26,6970.52,6971.06
1767008700,6974.75,6980.54,6967.38,6974.84
1767009600,6975.01,6975.65,6969.56,6972.77
1767010500,6976.13,6978.88,6973.92,6975.45
1767011400,6976.77,6979.39,6975.01,6975.79
1767012300,6965.7,6970.72,6961.48,6966.47
1767013200,6968.21,6971.32,6966.33,6968.97
1767014100,6970.96,6974.45,6957.86,6961.26
1767015000,6966.38,6969.8,6965.35,6966.75
1767015900,6975.42,6977.06,6970.61,6974.73
1767016800,6968.11,6972.29,6965.69,6971.93
1767017700,6965.41,6968.68,6965.4,6966.94
1767018600,6967.69,6972.05,6966.22,6968.45
1767019500,6962.17,6964.7,6961.04,6964.02
1767020400,6966.2,6968.51,6965.8,6967.3
1767021300,6965.08,6970.59,6960.85,6965.79
1767022200,6957.77,6959.89,6953.6,6954.72
1767023100,6951.72,6952.6,6948.83,6951.15
1767024000,6944.87,6946.61,6940.24,6940.85
1767087000,6954.71,6954.9,6953.72,6954.11
1767087900,6953.44,6957.27,6953.15,6955.95
1767088800,6953.05,6953.71,6952.25,6953.63
1767089700,6954.29,6954.96,6950.54,6951.94
1767090600,6951.95,6952.91,6951.01,6952.54
1767091500,6954.13,6954.69,6953.0,6953.43
1767092400,6953.98,6954.01,6951.96,6953.37
1767093300,6951.93,6953.12,6951.41,6951.63
1767094200,6950.72,6953.66,6950.27,6952.9
1767095100,6951.73,6952.9,6949.92,6952.19
1767096000,6954.51,6955.43,6954.2,6955.2
1767096900,6956.7,6958.19,6955.21,6957.07
1767097800,6960.87,6961.52,6959.62,6960.21
1767098700,6963.58,6963.58,6962.75,6962.77
1767099600,6963.58,6966.08,6963.32,6965.23
1767100500,6963.58,6963.61,6963.02,6963.47
1767101400,6963.58,6963.83,6962.62,6962.79
1767102300,6962.92,6963.71,6962.56,6963.14
1767103200,6960.54,6961.32,6959.3,6960.01
1767104100,6960.75,6961.83,6959.66,6960.06
1767105000,6956.96,6957.14,6955.16,6955.61
1767105900,6955.18,6957.97,6954.16,6956.83
1767106800,6952.57,6954.06,6951.79,6953.05
1767107700,6952.63,6954.91,6951.77,6953.41
1767108600,6950.77,6950.78,6949.49,6949.52
1767109500,6953.93,6955.96,6953.71,6955.21
1767110400,6954.2,6955.11,6952.88,6953.62
1767173400,6937.08,6945.19,6936.38,6941.09
1767174300,6929.9,6936.04,6925.7,6927.07
1767175200,6925.34,6929.74,6924.88,6926.03
1767176100,6919.57,6922.7,6913.18,6915.38
1767177000,6919.5,6923.78,6917.52,6918.86
1767177900,6914.2,6920.02,6907.21,6912.26
1767178800,6913.87,6915.39,6912.56,6913.0
1767179700,6912.93,6919.74,6911.6,6911.84
1767180600,6914.86,6917.06,6910.72,6911.9
1767181500,6909.83,6911.61,6908.66,6910.66
1767182400,6921.23,6927.88,6918.4,6924.81
1767183300,6918.09,6918.95,6913.28,6916.79
1767184200,6917.57,6918.74,6913.67,6915.67
1767185100,6915.65,6917.96,6908.61,6914.4
1767186000,6923.01,6923.24,6915.57,6920.79
1767186900,6923.68,6931.04,6923.49,6926.91
1767187800,6922.37,6925.99,6912.8,6923.63
1767188700,6919.53,6923.89,6919.27,6919.51
1767189600,6906.32,6910.28,6898.14,6904.87
1767190500,6894.37,6899.25,6889.86,6892.81
1767191400,6894.79,6900.38,6893.92,6898.14
1767192300,6893.93,6894.56,6889.75,6890.76
1767193200,6891.21,6897.96,6889.1,6891.83
1767194100,6890.0,6894.4,6884.23,6886.61
1767195000,6898.19,6899.95,6896.69,6899.01
1767195900,6901.69,6908.68,6895.35,6906.45
1767196800,6903.8,6913.24,6900.77,6909.77
1767346200,6901.49,6906.46,6894.45,6902.06
1767347100,6910.26,6912.07,6908.5,6909.49
1767348000,6908.74,6911.48,6905.52,6907.69
1767348900,6897.8,6904.59,6897.13,6904.28
1767349800,6897.19,6905.57,6896.74,6903.97
1767350700,6898.46,6903.98,6890.67,6891.55
1767351600,6894.45,6898.87,6893.78,6895.65
1767352500,6894.18,6894.8,6882.1,6888.74
1767353400,6895.74,6897.81,6893.08,6896.74
1767354300,6897.94,6907.41,6895.95,6904.98
1767355200,6893.25,6895.96,6885.96,6886.91
1767356100,6886.74,6890.6,6885.06,6886.34
1767357000,6891.67,6893.99,6886.54,6893.58
1767357900,6887.36,6889.37,6882.43,6883.25
1767358800,6880.32,6885.07,6877.46,6878.05
1767359700,6876.81,6884.49,6874.35,6877.55
1767360600,6872.65,6879.13,6869.54,6873.95
1767361500,6877.27,6877.77,6874.9,6877.37
1767362400,6881.12,6883.42,6877.14,6879.85
1767363300,6884.9,6887.1,6880.47,6886.7
1767364200,6878.23,6880.99,6874.48,6875.87
1767365100,6872.96,6885.81,6870.73,6876.48
1767366000,6886.87,6890.8,6881.69,6885.34
1767366900,6899.25,6900.16,6895.0,6895.95
1767367800,6896.41,6900.63,6892.45,6900.01
1767368700,6900.45,6907.72,6896.46,6897.07
1767369600,6900.28,6903.88,6892.33,6894.18
1767605400,6912.93,6916.36,6910.04,6910.91
1767606300,6914.63,6915.75,6910.1,6914.5
1767607200,6914.28,6916.09,6911.81,6915.24
1767608100,6913.86,6918.31,6909.63,6916.44
1767609000,6916.09,6927.11,6914.43,6920.38
1767609900,6912.27,6923.21,6909.27,6916.92
1767610800,6909.86,6917.14,6904.21,6905.1
1767611700,6907.75,6908.87,6904.89,6908.21
1767612600,6914.63,6920.37,6909.23,6918.45
1767613500,6912.32,6915.4,6912.27,6914.1
1767614400,6923.36,6927.97,6919.85,6925.86
1767615300,6923.74,6928.27,6922.16,6926.69
1767616200,6920.94,6923.34,6919.65,6920.71
1767617100,6911.58,6914.53,6907.76,6911.21
1767618000,6916.0,6917.36,6913.37,6914.54
1767618900,6928.99,6929.27,6921.45,6928.37
1767619800,6924.68,6930.08,6922.57,6928.18
1767620700,6926.91,6929.37,6921.43,6928.93
1767621600,6919.06,6923.64,6916.5,6918.41
1767622500,6918.53,6928.96,6915.27,6920.55
1767623400,6932.01,6936.94,6927.75,6936.87
1767624300,6938.98,6945.02,6934.65,6941.39
1767625200,6939.9,6942.2,6938.65,6940.22
1767626100,6933.89,6943.79,6928.6,6933.05
1767627000,6937.58,6942.45,6936.36,6940.33
1767627900,6940.39,6944.9,6939.97,6944.81
1767628800,6953.01,6953.58,6946.83,6948.79
1767691800,6947.94,6949.89,6946.16,6947.32
1767692700,6950.51,6958.0,6949.74,6956.41
1767693600,6949.6,6953.48,6948.9,6950.76
1767694500,6951.49,6962.09,6945.99,6953.88
1767695400,6956.82,6962.08,6956.25,6956.59
1767696300,6959.85,6966.56,6957.58,6964.68
1767697200,6966.15,6968.93,6964.88,6966.48
1767698100,6974.31,6980.24,6964.94,6979.19
1767699000,6966.34,6973.49,6965.81,6971.75
1767699900,6961.78,6964.61,6960.06,6962.45
1767700800,6959.14,6960.11,6950.52,6956.47
1767701700,6957.76,6968.6,6954.19,6960.96
1767702600,6946.26,6947.95,6938.13,6943.05
1767703500,6939.46,6944.79,6936.41,6942.25
1767704400,6929.07,6935.83,6926.71,6934.25
1767705300,6936.45,6946.17,6934.42,6942.35
1767706200,6939.18,6942.73,6937.16,6939.25
1767707100,6942.39,6942.7,6934.92,6937.04
1767708000,6945.88,6947.88,6940.99,6942.5
1767708900,6947.87,6953.27,6940.92,6945.08
1767709800,6959.66,6961.73,6956.92,6958.52
1767710700,6966.28,6969.63,6963.44,6966.9
1767711600,6968.94,6972.34,6965.32,6970.6
1767712500,6974.07,6979.75,6974.02,6978.26
1767713400,6963.83,6964.97,6961.74,6963.36
1767714300,6966.83,6969.41,6961.98,6968.54
1767715200,6970.87,6975.98,6970.8,6974.74
1767778200,6988.09,6994.65,6987.41,6993.17
1767779100,6993.03,6995.86,6992.13,6993.23
1767780000,6992.71,6996.44,6989.29,6994.9
1767780900,6989.78,6991.43,6988.29,6989.96
1767781800,6985.26,6990.38,6983.58,6988.68
1767782700,6979.92,6980.74,6977.05,6979.2
1767783600,6983.63,6985.93,6982.42,6985.65
1767784500,6985.58,6989.58,6983.21,6986.71
1767785400,6989.58,6995.25,6989.0,6991.34
1767786300,6985.73,6996.39,6983.15,6988.65
1767787200,6992.36,7003.06,6989.77,6999.8
1767788100,6994.15,6995.49,6993.51,6994.71
1767789000,6995.4,6997.21,6992.17,6996.24
1767789900,6999.0,7003.9,6995.02,7001.99
1767790800,6996.23,7000.87,6994.14,6998.79
1767791700,6991.33,6994.25,6989.99,6991.77
1767792600,6994.38,6996.14,6988.55,6989.92
1767793500,6994.18,6994.61,6983.75,6990.29
1767794400,6988.99,6991.44,6984.6,6986.14
1767795300,6994.93,6999.15,6993.52,6997.17
1767796200,6991.96,6998.34,6989.4,6993.8
1767797100,6986.55,6989.67,6983.18,6983.81
1767798000,6983.49,6987.24,6982.61,6983.77
1767798900,6986.94,6991.16,6985.12,6990.86
1767799800,6977.79,6980.79,6971.44,6979.28
1767800700,6967.34,6973.12,6965.08,6968.28
1767801600,6966.33,6970.81,6963.33,6967.49
1767864600,6964.21,6968.44,6963.81,6966.65
1767865500,6969.8,6970.52,6966.73,6968.04
1767866400,6971.27,6976.65,6971.05,6972.7
1767867300,6971.93,6976.86,6967.43,6974.24
1767868200,6963.2,6967.22,6960.53,6965.11
1767869100,6959.72,6964.49,6958.86,6959.02
1767870000,6958.22,6958.65,6957.67,6958.24
1767870900,6956.49,6957.9,6953.34,6954.84
1767871800,6962.04,6967.38,6958.75,6959.9
1767872700,6962.34,6963.46,6959.43,6961.9
1767873600,6966.38,6972.54,6966.02,6969.14
1767874500,6969.93,6974.23,6968.42,6968.82
1767875400,6974.88,6975.45,6971.09,6973.2
1767876300,6970.79,6973.14,6966.87,6968.89
1767877200,6972.98,6973.88,6968.02,6968.84
1767878100,6971.02,6974.08,6968.17,6969.14
1767879000,6971.08,6972.95,6967.22,6972.53
1767879900,6967.97,6970.75,6967.95,6968.61
1767880800,6964.88,6968.99,6963.44,6966.82
1767881700,6958.46,6960.93,6954.77,6954.77
1767882600,6956.46,6962.62,6954.49,6961.1
1767883500,6971.58,6974.96,6968.23,6970.09
1767884400,6973.04,6973.7,6969.46,6973.41
1767885300,6971.1,6972.08,6969.04,6971.03
1767886200,6981.07,6983.51,6978.86,6980.92
1767887100,6982.0,6983.67,6979.38,6980.66
1767888000,6982.0,6987.32,6978.46,6981.59
1767951000,6972.27,6972.82,6958.22,6967.28
1767951900,6955.26,6956.7,6948.79,6950.93
1767952800,6957.49,6959.4,6951.21,6956.32
1767953700,6947.92,6949.53,6944.64,6948.41
1767954600,6947.92,6948.44,6940.17,6943.83
1767955500,6951.28,6953.93,6948.66,6951.77
1767956400,6964.09,6965.77,6962.68,6962.77
1767957300,6959.35,6967.04,6954.29,6962.82
1767958200,6960.66,6961.64,6951.9,6956.83
1767959100,6954.61,6959.32,6950.58,6952.91
1767960000,6979.6,6983.44,6976.31,6981.42
1767960900,6986.58,6989.84,6981.08,6982.63
1767961800,6987.77,6987.89,6981.33,6986.39
1767962700,6981.79,6987.29,6979.62,6983.85
1767963600,6989.2,6994.39,6984.34,6992.38
1767964500,6984.13,6984.19,6977.15,6977.44
1767965400,6993.4,7000.11,6992.76,6999.43
1767966300,6980.03,6980.13,6974.16,6977.53
1767967200,6981.88,6984.96,6979.25,6981.26
1767968100,7001.0,7006.45,6999.77,7002.23
1767969000,6989.41,6991.9,6983.71,6985.17
1767969900,6991.9,6995.51,6991.86,6993.29
1767970800,6994.99,6997.57,6994.26,6995.86
1767971700,6987.42,6989.01,6984.91,6988.31
1767972600,6984.26,6985.68,6981.47,6982.3
1767973500,6987.84,6989.25,6982.42,6983.66
1767974400,6992.71,6996.04,6989.75,6995.79
1768210200,7016.03,7024.58,7008.58,7019.48
1768211100,7018.27,7025.39,7012.64,7015.34
1768212000,7013.35,7017.7,7012.95,7016.44
1768212900,7013.66,7016.84,7012.85,7015.2
1768213800,7023.26,7024.35,7019.04,7022.97
1768214700,7024.29,7030.29,7021.86,7027.42
1768215600,7025.59,7026.81,7015.55,7024.09
1768216500,7031.66,7033.45,7028.84,7032.11
1768217400,7025.38,7028.81,7019.1,7021.56
1768218300,7025.37,7026.18,7010.55,7015.64
1768219200,7032.78,7036.21,7027.35,7032.39
1768220100,7030.77,7037.07,7024.98,7029.91
1768221000,7020.69,7025.34,7017.14,7020.77
1768221900,7027.38,7029.2,7019.97,7020.41
1768222800,7032.78,7032.87,7027.33,7027.88
1768223700,7030.91,7032.88,7027.46,7028.86
1768224600,7028.45,7031.87,7022.58,7026.08
1768225500,7024.94,7036.21,7023.15,7027.87
1768226400,7020.37,7022.39,7016.8,7017.9
1768227300,7024.4,7027.69,7017.4,7019.69
1768228200,7018.1,7019.65,7017.13,7018.35
1768229100,7022.34,7025.91,7018.58,7019.68
1768230000,7032.78,7047.84,7029.72,7041.7
1768230900,7032.78,7033.47,7030.86,7032.93
1768231800,7028.6,7032.92,7026.85,7029.59
1768232700,7030.67,7035.09,7026.1,7031.52
1768233600,7032.78,7033.17,7030.79,7031.5
1768296600,7023.29,7030.99,7022.38,7026.42
1768297500,7027.4,7031.28,7024.52,7028.18
1768298400,7032.78,7039.17,7032.07,7032.82
1768299300,7038.15,7042.52,7033.5,7040.31
1768300200,7042.2,7048.04,7034.39,7038.13
1768301100,7035.57,7035.57,7030.62,7033.89
1768302000,7035.85,7036.46,7031.61,7034.25
1768302900,7035.37,7038.16,7028.37,7029.3
1768303800,7033.33,7039.65,7032.54,7037.02
1768304700,7033.42,7035.26,7025.64,7028.51
1768305600,7042.2,7051.0,7034.09,7041.72
1768306500,7029.19,7040.96,7028.47,7038.76
1768307400,7026.3,7033.84,7021.88,7028.79
1768308300,7025.31,7029.5,7022.66,7024.8
1768309200,7016.96,7023.93,7016.49,7019.61
1768310100,7010.51,7011.93,7008.08,7010.91
1768311000,7004.83,7005.91,6999.14,7001.04
1768311900,7001.89,7002.28,6996.41,6997.95
1768312800,6998.3,6998.9,6993.79,6994.45
1768313700,6994.2,7001.12,6990.36,6997.3
1768314600,6998.69,6999.95,6995.4,6999.84
1768315500,6999.97,7002.42,6993.66,6998.25
1768316400,7002.33,7012.6,7000.33,7006.45
1768317300,7005.1,7008.0,7000.54,7003.51
1768318200,7003.83,7006.04,7002.99,7005.54
1768319100,7000.85,7005.83,6998.45,6998.8
1768320000,6994.09,6997.93,6987.24,6990.71
1768383000,6998.34,7007.37,6986.89,7002.92
1768383900,6992.51,6994.48,6986.42,6989.42
1768384800,6991.15,6996.59,6989.46,6996.56
1768385700,6992.02,6998.42,6988.71,6994.75
1768386600,6994.42,7003.5,6994.08,6997.17
1768387500,6999.23,7000.54,6994.98,6996.35
1768388400,7004.1,7013.95,6997.36,7007.52
1768389300,7001.2,7013.64,6999.63,7011.03
1768390200,7002.35,7002.43,6999.1,7001.63
1768391100,6997.26,7000.83,6993.23,6996.0
1768392000,6989.38,6992.71,6975.6,6981.09
1768392900,6996.12,7005.72,6995.79,7001.34
1768393800,7001.56,7003.88,6985.3,6991.67
1768394700,6991.77,6993.87,6988.74,6992.83
1768395600,6995.07,7001.72,6990.15,6994.6
1768396500,6992.26,6995.61,6987.79,6990.0
1768397400,6987.77,6992.34,6979.49,6990.23
1768398300,6974.02,6983.18,6967.55,6975.99
1768399200,6964.11,6966.03,6960.42,6964.45
1768400100,6955.55,6959.24,6949.38,6952.47
1768401000,6949.61,6952.4,6945.3,6947.12
1768401900,6964.35,6978.08,6958.0,6969.9
1768402800,6965.14,6971.5,6961.5,6967.67
1768403700,6970.64,6974.4,6969.13,6972.02
1768404600,6971.6,6977.28,6961.91,6965.61
1768405500,6954.8,6959.97,6953.32,6955.21
1768406400,6953.8,6957.99,6946.56,6950.49
1768469400,6960.45,6962.25,6959.68,6960.34
1768470300,6961.68,6966.34,6960.52,6964.2
1768471200,6958.03,6959.34,6955.3,6958.36
1768472100,6956.08,6956.72,6951.6,6952.86
1768473000,6966.06,6973.39,6965.57,6966.53
1768473900,6966.32,6971.63,6962.23,6970.93
1768474800,6956.42,6959.16,6951.71,6956.1
1768475700,6954.82,6955.09,6953.23,6954.57
1768476600,6963.45,6976.06,6960.3,6967.61
1768477500,6962.47,6963.14,6959.11,6960.6
1768478400,6956.11,6957.98,6947.98,6953.52
1768479300,6967.7,6974.13,6965.91,6972.34
1768480200,6965.33,6971.49,6962.65,6963.08
1768481100,6961.55,6965.26,6960.35,6962.38
1768482000,6957.48,6960.95,6956.42,6960.34
1768482900,6942.72,6950.78,6941.66,6946.77
1768483800,6948.95,6953.49,6945.55,6951.69
1768484700,6950.68,6955.9,6943.51,6952.49
1768485600,6953.25,6953.88,6950.19,6953.4
1768486500,6948.48,6953.31,6943.15,6951.12
1768487400,6968.03,6970.37,6966.75,6967.82
1768488300,6975.14,6976.22,6967.28,6968.23
1768489200,6980.83,6986.38,6977.84,6983.08
1768490100,6983.52,6990.01,6983.15,6985.96
1768491000,6987.13,6996.37,6986.75,6991.95
1768491900,6986.88,6988.31,6981.57,6983.62
1768492800,6986.22,6996.53,6981.02,6990.25
1768555800,6978.91,6983.39,6975.93,6983.32
1768556700,6974.64,6976.04,6969.86,6973.27
1768557600,6978.68,6985.03,6975.87,6980.1
1768558500,6973.17,6979.97,6972.95,6978.43
1768559400,6975.17,6975.66,6971.2,6975.62
1768560300,6971.55,6972.74,6965.21,6967.93
1768561200,6969.87,6973.7,6967.78,6973.08
1768562100,6974.84,6976.99,6973.95,6975.89
1768563000,6974.62,6977.26,6973.5,6975.14
1768563900,6976.42,6979.62,6973.19,6978.81
1768564800,6973.74,6977.78,6969.22,6971.34
1768565700,6975.17,6978.95,6971.52,6972.97
1768566600,6968.31,6969.35,6967.34,6968.7
1768567500,6977.53,6979.47,6974.77,6977.05
1768568400,6967.85,6971.3,6965.77,6969.46
1768569300,6965.17,6970.97,6961.62,6968.0
1768570200,6970.6,6972.76,6968.02,6969.95
1768571100,6967.34,6969.37,6963.93,6967.07
1768572000,6973.71,6973.78,6967.44,6969.06
1768572900,6971.05,6974.4,6970.0,6972.73
1768573800,6964.5,6965.84,6960.5,6964.92
1768574700,6960.29,6962.75,6958.82,6961.75
1768575600,6970.17,6970.85,6968.18,6970.52
1768576500,6972.46,6975.27,6970.32,6970.55
1768577400,6968.72,6969.93,6967.41,6969.71
1768578300,6962.09,6962.92,6955.05,6955.57
1768579200,6964.26,6967.83,6959.64,6966.74
1768901400,6908.72,6909.93,6904.19,6907.4
1768902300,6917.41,6925.28,6916.25,6921.33
1768903200,6914.77,6921.3,6910.88,6916.1
1768904100,6932.64,6933.25,6928.75,6930.17
1768905000,6937.64,6938.24,6929.65,6929.82
1768905900,6931.39,6936.88,6917.65,6924.38
1768906800,6905.7,6906.66,6893.38,6901.86
1768907700,6887.53,6893.98,6883.72,6886.41
1768908600,6897.35,6901.19,6889.82,6890.87
1768909500,6903.06,6905.83,6900.21,6901.42
1768910400,6896.63,6896.63,6891.98,6895.63
1768911300,6903.17,6908.0,6891.4,6897.5
1768912200,6913.0,6918.82,6899.6,6916.61
1768913100,6899.43,6903.12,6899.05,6899.4
1768914000,6892.62,6899.68,6890.4,6893.85
1768914900,6897.02,6901.83,6892.74,6900.08
1768915800,6874.71,6880.54,6865.65,6876.56
1768916700,6881.26,6886.57,6871.7,6876.96
1768917600,6862.07,6865.51,6845.32,6855.43
1768918500,6864.76,6865.32,6852.66,6862.65
1768919400,6866.39,6870.95,6858.89,6862.63
1768920300,6852.22,6855.61,6851.23,6852.51
1768921200,6850.32,6853.75,6848.46,6849.66
1768922100,6847.04,6860.96,6845.32,6846.07
1768923000,6849.87,6853.65,6840.7,6840.94
1768923900,6839.66,6845.41,6837.57,6841.64
1768924800,6841.91,6851.98,6839.05,6849.04
1768987800,6834.31,6840.75,6833.14,6836.64
1768988700,6821.31,6824.48,6816.9,6820.47
1768989600,6801.42,6806.84,6800.23,6803.59
1768990500,6823.55,6828.31,6818.85,6827.28
1768991400,6817.27,6819.25,6815.93,6818.54
1768992300,6804.82,6811.15,6802.0,6807.36
1768993200,6801.42,6815.08,6794.08,6810.4
1768994100,6814.22,6826.01,6811.11,6818.89
1768995000,6811.02,6823.44,6809.8,6813.0
1768995900,6820.88,6832.19,6815.06,6823.0
1768996800,6814.43,6815.06,6799.19,6811.4
1768997700,6812.54,6816.15,6801.97,6808.21
1768998600,6820.39,6820.66,6818.31,6820.16
1768999500,6819.31,6824.56,6818.25,6822.61
1769000400,6801.53,6814.34,6801.27,6807.05
1769001300,6826.09,6846.23,6825.89,6839.58
1769002200,6839.57,6839.89,6838.91,6838.96
1769003100,6838.94,6845.63,6823.62,6828.56
1769004000,6845.47,6848.3,6829.31,6838.27
1769004900,6846.87,6847.84,6833.46,6835.7
1769005800,6869.91,6882.97,6867.92,6872.55
1769006700,6854.65,6854.8,6847.66,6849.35
1769007600,6874.53,6881.97,6863.54,6870.89
1769008500,6877.32,6889.12,6857.37,6872.91
1769009400,6862.49,6866.27,6858.26,6865.44
1769010300,6898.37,6913.11,6894.7,6903.42
1769011200,6894.46,6898.89,6876.04,6891.65
1769074200,6921.11,6921.86,6915.82,6921.8
1769075100,6928.68,6931.24,6928.23,6930.67
1769076000,6926.16,6929.06,6922.72,6928.31
1769076900,6926.65,6932.56,6918.62,6928.79
1769077800,6935.37,6935.39,6934.06,6934.92
1769078700,6932.08,6932.69,6929.49,6930.22
1769079600,6930.4,6936.95,6924.96,6934.56
1769080500,6932.04,6933.68,6926.3,6931.25
1769081400,6922.74,6923.75,6916.99,6922.27
1769082300,6908.33,6915.27,6907.74,6911.48
1769083200,6910.58,6913.76,6907.26,6910.91
1769084100,6911.01,6913.91,6904.25,6907.66
1769085000,6913.29,6918.12,6910.49,6914.44
1769085900,6923.15,6925.53,6919.7,6924.04
1769086800,6922.61,6923.27,6919.58,6922.64
1769087700,6925.4,6934.92,6922.15,6929.17
1769088600,6931.06,6935.63,6917.08,6921.48
1769089500,6931.27,6934.11,6930.62,6930.89
1769090400,6934.1,6938.9,6931.26,6932.11
1769091300,6940.69,6947.48,6937.79,6946.89
1769092200,6938.12,6941.12,6936.23,6940.68
1769093100,6935.44,6941.91,6934.61,6939.34
1769094000,6933.98,6938.92,6921.85,6927.35
1769094900,6924.29,6924.78,6917.59,6923.24
1769095800,6923.66,6925.35,6918.13,6922.69
1769096700,6919.91,6924.41,6912.52,6923.22
1769097600,6922.52,6925.48,6922.14,6923.91
1769160600,6939.1,6940.59,6937.64,6939.84
1769161500,6940.39,6942.9,6940.1,6940.4
1769162400,6942.2,6942.69,6942.01,6942.61
1769163300,6940.62,6942.25,6939.19,6939.23
1769164200,6933.99,6937.4,6933.22,6935.94
1769165100,6934.56,6934.79,6933.56,6934.0
1769166000,6936.89,6938.2,6935.98,6936.17
1769166900,6943.78,6943.91,6941.71,6941.96
1769167800,6944.96,6949.4,6941.73,6948.77
1769168700,6946.0,6946.77,6943.82,6946.33
1769169600,6946.08,6946.47,6941.65,6946.25
1769170500,6947.35,6953.08,6945.83,6949.88
1769171400,6950.6,6952.93,6946.75,6949.33
1769172300,6952.86,6955.04,6951.93,6953.42
1769173200,6951.1,6955.8,6950.04,6952.14
1769174100,6945.0,6946.11,6942.94,6944.22
1769175000,6947.77,6951.74,6944.78,6946.02
1769175900,6946.88,6948.46,6941.97,6943.8
1769176800,6940.38,6942.6,6937.21,6939.27
1769177700,6938.1,6939.09,6934.69,6936.39
1769178600,6939.82,6946.46,6939.66,6944.45
1769179500,6943.5,6947.87,6941.84,6946.37
1769180400,6945.81,6947.61,6942.14,6943.45
1769181300,6945.96,6947.8,6944.62,6945.7
1769182200,6939.79,6940.66,6936.28,6939.04
1769183100,6940.34,6946.16,6936.41,6941.23
1769184000,6934.84,6936.64,6929.1,6930.65
1769419800,6891.89,6895.56,6885.94,6889.89
1769420700,6908.66,6915.6,6902.18,6911.47
1769421600,6876.66,6879.36,6867.23,6869.63
1769422500,6871.78,6873.95,6866.6,6872.39
1769423400,6896.42,6907.01,6891.25,6894.32
1769424300,6909.87,6920.56,6904.98,6915.15
1769425200,6924.94,6936.32,6921.65,6935.57
1769426100,6938.02,6943.53,6932.34,6932.6
1769427000,6942.31,6955.61,6940.66,6952.16
1769427900,6949.91,6953.81,6942.49,6948.69
1769428800,6943.9,6960.48,6934.91,6942.44
1769429700,6945.1,6953.8,6935.79,6941.05
1769430600,6933.97,6940.39,6929.29,6936.2
1769431500,6938.24,6949.74,6935.25,6945.31
1769432400,6934.73,6940.46,6934.12,6940.31
1769433300,6924.59,6930.29,6923.43,6927.57
1769434200,6924.53,6927.88,6919.3,6920.43
1769435100,6938.59,6950.13,6938.49,6943.91
1769436000,6941.22,6943.89,6921.24,6924.28
1769436900,6954.34,6963.43,6945.24,6959.28
1769437800,6978.76,6989.88,6973.02,6984.17
1769438700,6985.43,6996.01,6974.71,6989.06
1769439600,6997.49,7000.75,6989.49,6990.07
1769440500,6997.26,7013.18,6995.28,7004.11
1769441400,6998.04,7013.56,6990.58,7010.88
1769442300,6990.51,6992.62,6982.37,6984.17
1769443200,6985.1,6995.7,6979.52,6985.12
1769506200,6979.38,6983.84,6979.24,6982.01
1769507100,6973.64,6976.38,6967.17,6975.68
1769508000,6971.95,6972.4,6968.79,6969.61
1769508900,6968.27,6969.29,6965.96,6967.36
1769509800,6974.23,6976.52,6970.12,6971.68
1769510700,6970.56,6977.52,6969.3,6969.64
1769511600,6971.38,6979.9,6971.34,6977.43
1769512500,6976.25,6985.83,6974.23,6981.36
1769513400,6985.84,6990.52,6984.65,6988.33
1769514300,6985.48,6988.23,6983.41,6986.74
1769515200,6989.14,6991.41,6983.17,6986.48
1769516100,6991.03,6991.54,6990.13,6990.61
1769517000,6990.16,6993.88,6989.06,6992.55
1769517900,6993.16,6996.16,6990.53,6995.3
1769518800,6995.57,6998.58,6992.69,6994.88
1769519700,6997.5,7001.79,6995.48,7001.1
1769520600,6992.91,6994.92,6990.01,6990.16
1769521500,6981.26,6982.0,6978.14,6981.98
1769522400,6982.34,6984.69,6981.69,6981.82
1769523300,6983.07,6985.86,6980.35,6981.28
1769524200,6993.28,6997.63,6990.78,6994.6
1769525100,6996.6,6997.78,6994.43,6996.12
1769526000,7002.62,7004.09,7000.98,7001.22
1769526900,7005.92,7008.73,7005.32,7006.81
1769527800,7008.83,7013.92,7008.43,7011.9
1769528700,7005.99,7006.66,7005.41,7006.04
1769529600,7005.67,7006.11,7004.95,7005.54
1769592600,7004.32,7006.8,7003.32,7004.43
1769593500,7005.39,7006.81,7000.24,7003.26
1769594400,7004.57,7004.92,7002.18,7002.86
1769595300,7003.74,7005.17,6998.72,6999.86
1769596200,7001.6,7010.56,6996.59,7004.3
1769597100,6998.65,7002.54,6996.92,7000.5
1769598000,6995.67,7001.21,6992.21,6997.77
1769598900,7003.19,7004.65,6999.8,7000.43
1769599800,7000.92,7010.9,6997.39,7005.85
1769600700,7003.73,7008.78,7003.31,7005.23
1769601600,6999.24,6999.48,6991.5,6994.8
1769602500,7005.59,7006.07,6996.98,6998.09
1769603400,7002.61,7014.16,6999.39,7011.29
1769604300,7012.54,7015.5,7012.17,7013.6
1769605200,7012.7,7017.16,7011.84,7012.0
1769606100,7009.71,7011.6,7006.25,7009.09
1769607000,7021.44,7030.93,7021.16,7025.72
1769607900,7021.29,7028.72,7018.21,7026.72
1769608800,7022.6,7026.53,7013.36,7017.11
1769609700,7016.42,7021.54,7014.87,7018.37
1769610600,7029.54,7034.0,7029.27,7031.85
1769611500,7018.6,7020.26,7016.38,7019.07
1769612400,7017.3,7018.45,7006.03,7011.66
1769613300,7019.36,7025.8,7018.0,7025.51
1769614200,7026.08,7028.04,7024.13,7025.36
1769615100,7028.96,7029.59,7026.12,7028.02
1769616000,7036.56,7043.2,7035.53,7039.51
1769679000,7037.92,7042.15,7037.01,7040.24
1769679900,7042.62,7043.42,7036.55,7041.3
1769680800,7042.62,7047.73,7033.13,7034.11
1769681700,7014.73,7025.98,7009.83,7020.38
1769682600,7042.62,7048.54,7033.91,7039.94
1769683500,7023.05,7030.97,7018.73,7022.31
1769684400,7023.13,7028.9,7016.26,7020.26
1769685300,7017.35,7036.49,7015.05,7021.38
1769686200,7019.72,7021.93,7015.62,7020.37
1769687100,7014.54,7022.03,7011.22,7018.23
1769688000,7009.26,7012.16,7000.94,7009.78
1769688900,7004.01,7012.98,7000.55,7012.95
1769689800,6999.42,7003.99,6982.44,6992.72
1769690700,6995.93,7001.05,6971.76,6978.89
1769691600,7003.08,7004.51,6986.25,7001.75
1769692500,6985.93,7008.6,6977.87,6997.95
1769693400,7000.79,7017.18,6997.99,7012.53
1769694300,7001.22,7006.1,6985.67,6997.03
1769695200,6985.24,6993.89,6981.22,6985.93
1769696100,6980.83,6995.85,6979.01,6991.96
1769697000,6983.33,7002.74,6976.53,6992.1
1769697900,6957.2,6972.01,6950.08,6969.86
1769698800,6957.57,6963.86,6946.46,6962.98
1769699700,6949.26,6955.8,6936.87,6942.88
1769700600,6974.43,6995.16,6970.82,6977.01
1769701500,6954.7,6963.8,6947.52,6953.45
1769702400,6958.43,6973.45,6944.98,6955.54
1769765400,6992.51,7000.41,6991.89,6997.09
1769766300,7001.27,7007.59,6997.07,6997.17
1769767200,7000.38,7003.35,6997.95,6999.34
1769768100,7002.75,7009.73,6998.0,7001.88
1769769000,7000.24,7003.27,6998.62,7002.82
1769769900,6992.81,6999.36,6986.6,6986.67
1769770800,7001.16,7003.44,6995.68,6997.76
1769771700,6988.25,6992.49,6982.83,6985.5
1769772600,7002.75,7013.51,6998.81,7008.52
1769773500,6996.02,6996.31,6987.4,6993.86
1769774400,6981.14,6986.02,6977.41,6981.39
1769775300,6968.02,6971.33,6963.36,6970.41
1769776200,6970.35,6970.87,6964.45,6967.47
1769777100,6971.14,6971.92,6965.95,6969.15
1769778000,6975.69,6980.66,6970.69,6971.45
1769778900,6960.72,6963.82,6957.77,6958.97
1769779800,6963.93,6968.14,6961.19,6964.77
1769780700,6981.0,6982.79,6978.86,6981.82
1769781600,6988.17,6989.34,6979.48,6983.61
1769782500,6996.61,7008.54,6995.6,7003.41
1769783400,6989.38,6996.92,6986.08,6991.82
1769784300,6998.19,7001.58,6995.4,6996.65
1769785200,6986.44,6988.73,6984.78,6986.29
1769786100,6982.27,6983.46,6976.49,6981.12
1769787000,6992.78,6997.5,6988.48,6995.53
1769787900,6999.07,7007.21,6997.97,7001.33
1769788800,6994.75,6995.29,6983.66,6988.0
1770024600,6962.95,6970.38,6962.84,6964.15
1770025500,6957.95,6962.64,6949.52,6961.09
1770026400,6950.59,6953.71,6939.22,6939.91
1770027300,6932.32,6941.67,6924.7,6932.38
1770028200,6931.97,6940.91,6931.74,6940.46
1770029100,6923.72,6936.24,6918.87,6922.15
1770030000,6890.27,6899.66,6883.48,6892.6
1770030900,6906.54,6910.0,6903.8,6906.8
1770031800,6910.68,6914.41,6895.84,6908.01
1770032700,6924.4,6924.91,6920.59,6922.21
1770033600,6914.3,6920.88,6908.39,6910.41
1770034500,6932.81,6941.33,6930.42,6935.86
1770035400,6939.65,6944.97,6932.17,6935.55
1770036300,6927.89,6930.7,6916.17,6923.19
1770037200,6957.78,6976.62,6948.47,6975.41
1770038100,6953.09,6954.99,6950.85,6952.26
1770039000,6995.61,6998.01,6987.1,6990.85
1770039900,6980.34,6985.73,6969.85,6971.98
1770040800,6968.78,6982.93,6961.59,6972.14
1770041700,6958.71,6959.36,6946.13,6949.16
1770042600,6953.54,6960.83,6942.08,6948.4
1770043500,6981.46,6985.97,6978.59,6983.27
1770044400,6990.67,7004.34,6989.82,6999.31
1770045300,6980.95,6988.28,6967.73,6973.28
1770046200,6999.86,7016.86,6991.59,7011.38
1770047100,7004.62,7018.39,7002.24,7015.02
1770048000,7024.19,7045.17,7017.76,7031.61
1770111000,6993.87,7008.96,6993.12,7002.58
1770111900,6992.93,6993.97,6989.8,6989.83
1770112800,7000.52,7006.43,6989.65,7005.81
1770113700,7004.89,7013.89,7002.99,7004.92
1770114600,7010.22,7015.78,7007.62,7009.06
1770115500,6995.5,7012.22,6989.0,7006.53
1770116400,7015.92,7029.6,7006.25,7022.48
1770117300,7012.02,7013.7,6999.71,7005.73
1770118200,7017.81,7019.31,7008.6,7011.27
1770119100,7038.54,7045.69,7020.08,7044.6
1770120000,7022.86,7029.66,7012.1,7025.76
1770120900,7041.35,7042.97,7036.8,7036.92
1770121800,7009.89,7012.52,6999.25,7006.86
1770122700,7017.07,7021.41,7009.52,7018.55
1770123600,7014.31,7036.44,7012.72,7021.89
1770124500,6986.45,6992.19,6975.17,6985.77
1770125400,6985.25,6992.62,6974.19,6980.01
1770126300,7008.07,7019.18,7000.4,7008.54
1770127200,7018.1,7021.91,7011.83,7012.12
1770128100,7016.93,7035.58,7006.53,7017.93
1770129000,6999.46,7000.81,6982.66,6989.55
1770129900,6987.08,6989.92,6971.43,6978.06
1770130800,6971.37,6976.68,6954.17,6970.51
1770131700,6969.18,6973.58,6957.95,6968.47
1770132600,6942.06,6947.87,6934.15,6939.9
1770133500,6912.1,6916.73,6910.05,6913.34
1770134400,6926.83,6928.66,6906.61,6916.93
1770197400,6919.59,6921.83,6907.27,6914.09
1770198300,6909.61,6911.97,6892.78,6906.55
1770199200,6928.65,6930.69,6913.8,6921.66
1770200100,6919.72,6931.49,6910.83,6926.71
1770201000,6940.18,6943.87,6930.32,6933.07
1770201900,6927.54,6929.79,6913.3,6922.64
1770202800,6933.71,6942.09,6929.22,6938.44
1770203700,6928.53,6929.38,6925.2,6926.01
1770204600,6923.66,6924.7,6922.47,6922.68
1770205500,6915.04,6916.25,6908.34,6912.04
1770206400,6924.81,6940.73,6919.67,6930.59
1770207300,6924.2,6932.91,6919.92,6931.07
1770208200,6914.43,6922.4,6907.97,6918.72
1770209100,6909.2,6919.62,6904.48,6912.61
1770210000,6921.19,6928.59,6904.68,6923.59
1770210900,6909.41,6912.17,6904.31,6906.09
1770211800,6921.48,6927.33,6920.82,6922.93
1770212700,6907.66,6908.65,6898.12,6901.1
1770213600,6896.81,6901.71,6892.68,6896.94
1770214500,6893.6,6894.1,6882.3,6891.89
1770215400,6884.01,6884.48,6879.42,6881.76
1770216300,6889.09,6894.6,6886.34,6891.37
1770217200,6894.46,6902.1,6888.66,6889.03
1770218100,6897.95,6907.03,6896.42,6902.38
1770219000,6905.05,6917.09,6904.22,6911.15
1770219900,6894.19,6897.92,6883.9,6895.23
1770220800,6886.08,6887.04,6878.19,6880.22
1770283800,6916.13,6951.37,6903.31,6933.9
1770284700,6932.65,6944.99,6931.76,6940.05
1770285600,6926.03,6937.05,6924.18,6926.59
1770286500,6950.28,6979.81,6941.18,6962.87
1770287400,6950.28,6951.87,6929.85,6934.06
1770288300,6926.94,6929.05,6913.6,6918.09
1770289200,6941.8,6945.23,6936.4,6937.09
1770290100,6930.67,6932.13,6917.94,6918.47
1770291000,6927.34,6941.29,6922.65,6930.13
1770291900,6931.56,6934.6,6924.4,6927.31
1770292800,6925.16,6943.59,6911.37,6938.98
1770293700,6911.43,6925.28,6904.21,6922.65
1770294600,6914.99,6925.38,6900.96,6914.7
1770295500,6895.91,6908.92,6888.4,6908.68
1770296400,6911.7,6919.95,6909.57,6916.9
1770297300,6896.41,6916.66,6884.71,6905.97
1770298200,6881.66,6885.98,6880.24,6884.27
1770299100,6875.99,6893.55,6857.67,6864.81
1770300000,6892.86,6911.42,6891.97,6909.32
1770300900,6896.6,6899.6,6887.39,6899.25
1770301800,6910.83,6918.53,6895.02,6895.15
1770302700,6916.4,6936.14,6902.3,6920.82
1770303600,6888.07,6899.31,6875.73,6888.18
1770304500,6892.81,6906.7,6890.02,6894.02
1770305400,6893.05,6898.49,6880.95,6882.9
1770306300,6892.49,6896.71,6873.73,6881.27
1770307200,6892.76,6901.78,6883.88,6895.57
1770370200,6850.4,6867.15,6826.72,6845.87
1770371100,6872.95,6882.12,6849.47,6854.94
1770372000,6877.97,6893.18,6863.19,6868.37
1770372900,6879.38,6903.95,6878.44,6888.82
1770373800,6851.65,6875.26,6849.1,6861.19
1770374700,6847.08,6853.88,6841.14,6845.85
1770375600,6866.99,6889.48,6861.67,6865.69
1770376500,6878.37,6882.28,6864.73,6866.12
1770377400,6880.81,6895.25,6870.62,6892.03
1770378300,6847.04,6848.28,6818.04,6833.77
1770379200,6866.76,6890.17,6849.63,6876.2
1770380100,6912.88,6919.45,6889.35,6893.19
1770381000,6890.33,6896.54,6879.26,6893.8
1770381900,6861.01,6867.74,6848.36,6860.81
1770382800,6862.1,6880.96,6853.02,6879.09
1770383700,6885.54,6889.39,6866.29,6878.26
1770384600,6903.55,6936.04,6895.36,6902.69
1770385500,6916.66,6924.19,6913.56,6917.22
1770386400,6944.02,6953.7,6929.79,6949.02
1770387300,6947.41,6965.47,6946.71,6955.03
1770388200,6924.78,6929.55,6920.4,6927.01
1770389100,6961.18,6974.46,6950.55,6967.65
1770390000,6952.55,6970.1,6949.72,6951.27
1770390900,6955.8,6977.64,6949.33,6967.97
1770391800,6986.9,6990.31,6971.43,6981.6
1770392700,6959.14,6971.17,6939.17,6951.12
1770393600,6967.64,6974.57,6952.92,6960.54
1770629400,6947.92,6961.48,6947.35,6956.75
1770630300,6942.87,6944.23,6935.4,6940.29
1770631200,6946.38,6953.67,6932.35,6937.23
1770632100,6927.48,6930.19,6926.31,6927.44
1770633000,6940.33,6941.76,6935.25,6938.58
1770633900,6938.27,6941.35,6935.9,6939.91
1770634800,6941.67,6943.6,6939.08,6940.08
1770635700,6935.46,6945.32,6927.53,6930.87
1770636600,6940.72,6951.21,6940.42,6941.25
1770637500,6939.16,6946.86,6937.01,6946.12
1770638400,6954.15,6959.06,6951.01,6953.86
1770639300,6948.42,6949.05,6945.38,6945.59
1770640200,6949.49,6954.77,6943.14,6951.43
1770641100,6950.56,6957.45,6943.67,6949.82
1770642000,6959.8,6963.22,6948.88,6951.51
1770642900,6955.04,6956.48,6944.09,6948.77
1770643800,6956.35,6961.99,6950.2,6958.61
1770644700,6955.49,6963.27,6954.46,6960.54
1770645600,6958.36,6965.05,6950.38,6962.8
1770646500,6957.4,6968.43,6951.82,6963.87
1770647400,6968.89,6970.59,6968.43,6969.96
1770648300,6962.79,6969.11,6959.3,6959.64
1770649200,6974.55,6975.65,6972.82,6975.11
1770650100,6985.86,6986.65,6973.3,6982.1
1770651000,6972.46,6985.65,6968.39,6975.29
1770651900,6962.01,6967.88,6961.64,6966.45
1770652800,6964.32,6970.59,6962.09,6962.29
1770715800,6984.7,6986.17,6981.65,6984.63
1770716700,6988.63,6989.89,6988.05,6989.04
1770717600,6991.24,6994.8,6989.07,6989.32
1770718500,6988.33,6992.73,6985.72,6990.86
1770719400,6988.99,6990.46,6988.81,6989.87
1770720300,6983.85,6985.38,6983.28,6985.07
1770721200,6981.55,6983.99,6981.13,6981.66
1770722100,6981.25,6984.77,6977.01,6982.56
1770723000,6982.39,6987.29,6981.23,6987.18
1770723900,6978.13,6979.43,6971.7,6977.85
1770724800,6970.25,6973.4,6966.15,6971.99
1770725700,6972.46,6976.35,6971.54,6973.44
1770726600,6972.38,6975.35,6971.75,6973.35
1770727500,6974.89,6984.41,6971.53,6981.35
1770728400,6964.37,6969.34,6961.72,6966.88
1770729300,6961.18,6964.73,6959.05,6959.09
1770730200,6960.47,6964.95,6956.48,6960.79
1770731100,6963.88,6967.3,6961.26,6962.63
1770732000,6966.74,6972.19,6961.69,6963.71
1770732900,6965.26,6965.47,6958.5,6961.56
1770733800,6969.44,6969.77,6965.44,6965.49
1770734700,6962.25,6963.08,6962.09,6962.45
1770735600,6962.77,6963.89,6953.98,6956.2
1770736500,6963.49,6968.53,6961.41,6968.05
1770737400,6962.0,6966.52,6960.32,6960.86
1770738300,6965.56,6966.79,6960.79,6963.96
1770739200,6965.44,6967.1,6962.79,6966.44
1770802200,6970.86,6972.23,6964.77,6966.68
1770803100,6974.58,6975.87,6971.71,6973.09
1770804000,6984.05,6991.05,6982.89,6988.03
1770804900,6978.3,6982.0,6975.45,6978.61
1770805800,6973.48,6985.02,6971.64,6973.85
1770806700,6983.5,6984.04,6977.39,6982.69
1770807600,6975.67,6983.52,6970.76,6979.23
1770808500,6979.65,6990.08,6977.31,6989.62
1770809400,6983.04,6986.22,6979.29,6982.65
1770810300,6969.75,6972.22,6966.94,6967.48
1770811200,6961.88,6970.54,6956.08,6956.13
1770812100,6951.75,6952.98,6937.02,6945.45
1770813000,6954.67,6962.42,6951.84,6952.5
1770813900,6947.81,6953.16,6936.98,6944.14
1770814800,6961.79,6965.77,6953.68,6961.86
1770815700,6964.1,6967.16,6959.37,6962.96
1770816600,6971.23,6975.37,6967.23,6973.56
1770817500,6970.55,6973.79,6967.65,6971.02
1770818400,6963.98,6965.57,6958.42,6964.74
1770819300,6960.66,6975.65,6957.7,6967.12
1770820200,6963.7,6973.19,6957.47,6962.32
1770821100,6975.11,6985.38,6972.88,6980.83
1770822000,6980.12,6989.97,6977.2,6985.75
1770822900,6967.08,6973.91,6962.58,6966.55
1770823800,6965.93,6969.77,6961.12,6964.21
1770824700,6961.89,6964.78,6960.38,6964.31
1770825600,6961.73,6968.25,6958.3,6959.27
1770888600,6963.89,6982.85,6956.71,6972.0
1770889500,6973.75,6980.26,6969.16,6973.28
1770890400,7005.62,7009.45,6996.72,6998.87
1770891300,7007.82,7013.68,6998.66,7003.82
1770892200,6998.83,7004.91,6987.43,6991.84
1770893100,7003.09,7006.9,6994.53,6995.44
1770894000,6976.5,6978.78,6969.13,6977.28
1770894900,6956.15,6957.73,6939.17,6945.31
1770895800,6950.25,6950.55,6943.16,6945.08
1770896700,6954.73,6959.45,6946.63,6950.52
1770897600,6965.5,6975.51,6958.37,6969.08
1770898500,6962.18,6970.34,6954.75,6956.81
1770899400,6932.99,6935.07,6920.33,6926.61
1770900300,6940.78,6952.43,6921.36,6923.44
1770901200,6942.0,6946.49,6940.74,6945.48
1770902100,6942.88,6956.76,6938.83,6956.25
1770903000,6948.57,6949.17,6933.43,6940.81
1770903900,6915.96,6922.89,6902.14,6907.91
1770904800,6931.69,6973.11,6919.2,6953.31
1770905700,6923.33,6931.95,6918.25,6931.74
1770906600,6978.9,6999.9,6963.38,6994.02
1770907500,6991.27,6997.96,6988.55,6989.2
1770908400,6975.94,7002.68,6970.51,6987.84
1770909300,6974.85,6975.77,6962.04,6966.3
1770910200,6946.89,6966.2,6945.48,6958.76
1770911100,6956.29,6966.07,6955.43,6958.44
1770912000,6972.27,6974.32,6948.72,6957.44
1770975000,6860.54,6867.41,6859.13,6859.3
1770975900,6868.93,6871.57,6862.79,6864.5
1770976800,6865.71,6868.44,6858.12,6864.29
1770977700,6864.51,6866.96,6861.77,6864.02
1770978600,6879.9,6889.4,6870.49,6877.91
1770979500,6881.3,6882.45,6868.35,6878.07
1770980400,6872.78,6885.11,6872.41,6873.39
1770981300,6858.98,6863.25,6852.79,6854.82
1770982200,6867.21,6867.46,6860.8,6862.56
1770983100,6872.7,6877.48,6864.37,6873.43
1770984000,6876.06,6876.83,6868.72,6871.19
1770984900,6878.1,6880.04,6870.44,6874.55
1770985800,6864.51,6865.21,6856.44,6861.21
1770986700,6857.66,6858.34,6856.2,6858.31
1770987600,6849.38,6851.76,6843.07,6848.25
1770988500,6857.86,6859.09,6851.24,6855.87
1770989400,6867.69,6872.18,6858.14,6864.31
1770990300,6878.77,6895.94,6877.41,6885.76
1770991200,6867.6,6881.33,6863.4,6876.86
1770992100,6879.11,6882.51,6877.34,6878.83
1770993000,6881.63,6886.2,6877.98,6885.32
1770993900,6884.2,6884.59,6876.11,6880.6
1770994800,6892.04,6893.83,6878.83,6887.9
1770995700,6890.87,6893.65,6887.49,6890.74
1770996600,6883.41,6886.22,6878.06,6883.81
1770997500,6879.49,6885.4,6870.59,6872.09
1770998400,6876.53,6881.54,6872.67,6875.67
1771320600,6852.17,6860.22,6850.14,6851.27
1771321500,6842.3,6843.13,6837.45,6839.8
1771322400,6829.95,6834.3,6827.58,6829.14
1771323300,6835.83,6847.07,6826.9,6829.36
1771324200,6829.28,6830.18,6822.43,6826.57
1771325100,6839.18,6845.14,6834.08,6843.55
1771326000,6864.73,6868.29,6863.8,6864.81
1771326900,6866.78,6875.34,6864.87,6874.74
1771327800,6869.83,6882.51,6866.34,6878.24
1771328700,6875.81,6875.86,6864.93,6871.55
1771329600,6880.84,6886.16,6865.23,6874.27
1771330500,6885.82,6888.83,6881.72,6887.73
1771331400,6881.98,6890.4,6880.01,6880.56
1771332300,6873.48,6884.04,6871.38,6878.68
1771333200,6860.64,6862.42,6852.05,6857.01
1771334100,6835.57,6836.62,6830.19,6834.75
1771335000,6845.23,6861.53,6841.94,6842.94
1771335900,6839.22,6845.13,6836.93,6840.44
1771336800,6823.02,6823.97,6817.17,6819.81
1771337700,6828.22,6838.81,6819.92,6835.02
1771338600,6845.35,6857.15,6845.04,6849.49
1771339500,6847.9,6860.92,6843.97,6856.13
1771340400,6849.83,6860.39,6841.82,6849.9
1771341300,6845.66,6853.25,6834.22,6849.1
1771342200,6846.44,6846.51,6835.42,6845.18
1771343100,6831.03,6849.46,6830.02,6839.88
1771344000,6832.19,6839.66,6830.62,6835.01
1771407000,6856.94,6860.4,6851.33,6859.17
1771407900,6848.74,6850.98,6847.11,6849.35
1771408800,6845.51,6849.23,6832.71,6836.81
1771409700,6846.57,6847.79,6841.69,6847.28
1771410600,6848.14,6850.19,6845.09,6847.61
1771411500,6849.12,6859.59,6847.09,6850.49
1771412400,6861.12,6862.73,6856.42,6860.19
1771413300,6863.79,6864.9,6856.12,6856.37
1771414200,6846.56,6848.25,6839.63,6844.39
1771415100,6851.1,6855.7,6850.76,6852.78
1771416000,6850.97,6855.4,6848.26,6854.11
1771416900,6844.19,6844.69,6836.56,6839.7
1771417800,6843.14,6849.5,6835.8,6844.92
1771418700,6841.05,6846.34,6840.12,6842.8
1771419600,6859.84,6861.49,6853.02,6858.23
1771420500,6853.24,6856.74,6852.74,6856.45
1771421400,6861.77,6864.6,6846.36,6853.06
1771422300,6860.76,6863.38,6856.23,6859.92
1771423200,6860.62,6865.25,6854.04,6858.07
1771424100,6855.69,6858.31,6852.27,6855.03
1771425000,6865.41,6867.75,6864.48,6867.06
1771425900,6858.77,6864.21,6854.18,6863.74
1771426800,6855.8,6857.24,6846.61,6850.16
1771427700,6860.84,6865.06,6859.12,6863.2
1771428600,6871.69,6875.04,6866.47,6873.54
1771429500,6874.4,6876.01,6873.18,6875.96
1771430400,6864.7,6866.3,6856.83,6860.92
1771493400,6900.14,6900.65,6894.96,6899.86
1771494300,6904.53,6910.18,6896.03,6900.88
1771495200,6902.31,6904.49,6897.01,6902.64
1771496100,6902.28,6902.63,6898.98,6899.23
1771497000,6902.07,6904.81,6899.12,6902.05
1771497900,6912.13,6921.14,6907.18,6917.01
1771498800,6911.43,6916.13,6905.53,6906.87
1771499700,6901.55,6906.51,6899.51,6902.5
1771500600,6910.46,6911.29,6906.31,6908.36
1771501500,6902.5,6903.16,6900.35,6903.15
1771502400,6899.92,6903.54,6899.38,6899.7
1771503300,6898.59,6901.2,6889.91,6895.02
1771504200,6902.0,6907.76,6901.5,6904.94
1771505100,6899.8,6903.32,6899.07,6902.95
1771506000,6896.34,6899.14,6894.5,6896.5
1771506900,6886.77,6887.41,6882.91,6887.4
1771507800,6886.86,6890.59,6882.35,6888.44
1771508700,6894.88,6903.0,6889.73,6891.88
1771509600,6898.33,6898.44,6890.84,6897.3
1771510500,6889.48,6893.03,6884.36,6889.79
1771511400,6886.09,6895.04,6885.41,6891.62
1771512300,6901.08,6905.13,6900.31,6904.19
1771513200,6898.84,6901.8,6895.58,6896.31
1771514100,6894.38,6899.85,6888.17,6890.73
1771515000,6901.96,6908.36,6896.56,6905.13
1771515900,6889.71,6893.11,6886.81,6886.89
1771516800,6885.56,6892.15,6883.9,6891.04
1771579800,6872.82,6877.02,6864.74,6876.7
1771580700,6882.52,6885.15,6880.09,6881.58
1771581600,6885.37,6895.1,6883.42,6885.61
1771582500,6891.32,6896.2,6890.56,6896.1
1771583400,6897.44,6904.0,6889.32,6900.59
1771584300,6895.64,6904.97,6884.04,6898.54
1771585200,6891.13,6896.68,6886.32,6889.25
1771586100,6880.49,6885.75,6878.58,6881.38
1771587000,6874.96,6878.16,6873.26,6873.58
1771587900,6870.15,6870.47,6860.87,6865.16
1771588800,6865.65,6875.87,6860.85,6867.93
1771589700,6876.77,6876.9,6869.02,6871.17
1771590600,6872.32,6881.81,6868.86,6873.99
1771591500,6882.61,6883.39,6879.35,6881.15
1771592400,6886.35,6891.21,6880.16,6882.89
1771593300,6883.64,6894.08,6877.23,6886.84
1771594200,6868.43,6878.55,6865.88,6877.12
1771595100,6874.46,6875.66,6865.5,6870.47
1771596000,6863.42,6872.24,6858.88,6870.62
1771596900,6856.8,6865.37,6855.54,6858.46
1771597800,6866.72,6874.84,6860.41,6868.97
1771598700,6872.41,6881.8,6871.36,6879.07
1771599600,6879.77,6881.29,6872.2,6874.8
1771600500,6885.28,6889.4,6873.8,6888.23
1771601400,6880.34,6886.88,6878.53,6883.55
1771602300,6873.93,6875.06,6867.47,6872.1
1771603200,6874.14,6893.05,6872.31,6880.14
1771839000,6920.46,6922.01,6914.47,6919.75
1771839900,6913.59,6914.14,6899.52,6905.35
1771840800,6914.51,6928.26,6912.36,6918.97
1771841700,6908.37,6910.87,6902.37,6904.31
1771842600,6914.69,6923.77,6904.22,6913.86
1771843500,6928.54,6931.85,6922.64,6930.68
1771844400,6913.65,6920.44,6912.7,6918.12
1771845300,6926.22,6931.3,6919.95,6930.47
1771846200,6935.54,6936.0,6928.47,6933.24
1771847100,6920.41,6927.1,6914.28,6915.46
1771848000,6916.8,6917.75,6914.06,6915.96
1771848900,6931.03,6935.78,6928.27,6932.45
1771849800,6926.26,6931.18,6924.51,6925.72
1771850700,6917.37,6925.41,6909.19,6923.17
1771851600,6920.11,6924.07,6908.07,6908.53
1771852500,6920.17,6935.41,6916.84,6924.79
1771853400,6926.01,6936.09,6925.35,6934.93
1771854300,6926.57,6928.99,6924.05,6924.68
1771855200,6923.15,6923.48,6916.75,6920.47
1771856100,6929.43,6932.14,6924.72,6929.21
1771857000,6925.82,6927.32,6920.97,6924.35
1771857900,6931.41,6935.9,6929.43,6932.29
1771858800,6922.28,6922.42,6918.46,6919.36
1771859700,6907.81,6910.77,6903.55,6906.51
1771860600,6895.82,6900.48,6888.78,6894.37
1771861500,6888.71,6889.11,6879.27,6882.63
1771862400,6865.39,6875.54,6860.45,6868.67
1771925400,6841.08,6849.95,6836.99,6845.49
1771926300,6826.69,6829.17,6821.53,6827.77
1771927200,6831.97,6838.82,6831.77,6833.31
1771928100,6830.0,6830.49,6820.09,6824.95
1771929000,6820.08,6830.52,6820.05,6824.54
1771929900,6826.25,6827.81,6816.79,6823.33
1771930800,6828.58,6839.8,6826.92,6835.73
1771931700,6843.81,6848.65,6830.4,6833.89
1771932600,6859.23,6859.58,6853.35,6855.68
1771933500,6845.3,6852.35,6843.58,6850.43
1771934400,6841.04,6847.32,6840.24,6843.65
1771935300,6842.51,6844.62,6840.88,6842.97
1771936200,6840.68,6845.17,6836.2,6837.77
1771937100,6854.57,6865.16,6853.67,6858.48
1771938000,6842.63,6859.6,6841.68,6851.62
1771938900,6854.34,6861.07,6850.66,6856.46
1771939800,6863.57,6864.52,6852.99,6857.03
1771940700,6853.41,6855.72,6848.26,6852.49
1771941600,6867.43,6869.33,6866.37,6866.67
1771942500,6880.52,6883.28,6876.27,6879.51
1771943400,6884.58,6886.92,6881.9,6884.5
1771944300,6866.62,6869.52,6861.57,6868.58
1771945200,6856.51,6861.41,6848.51,6851.6
1771946100,6855.79,6863.33,6855.14,6861.15
1771947000,6872.3,6874.5,6865.52,6873.72
1771947900,6869.05,6874.72,6868.4,6870.71
1771948800,6867.6,6870.85,6862.66,6867.53
1772011800,6921.96,6927.01,6916.62,6924.15
1772012700,6924.49,6928.95,6921.48,6926.07
1772013600,6923.88,6929.66,6921.25,6927.95
1772014500,6920.68,6927.6,6914.05,6915.78
1772015400,6909.96,6912.46,6902.23,6905.34
1772016300,6918.22,6925.49,6908.01,6914.35
1772017200,6927.48,6932.42,6912.98,6921.59
1772018100,6925.2,6926.44,6922.01,6923.85
1772019000,6927.92,6935.02,6927.59,6933.6
1772019900,6937.28,6945.6,6929.34,6942.2
1772020800,6936.91,6939.18,6924.55,6933.41
1772021700,6947.23,6955.38,6946.31,6950.2
1772022600,6945.77,6953.3,6945.66,6948.31
1772023500,6942.45,6953.38,6935.29,6943.7
1772024400,6950.83,6953.6,6946.1,6949.5
1772025300,6935.45,6946.45,6935.0,6937.91
1772026200,6943.62,6944.88,6927.47,6936.6
1772027100,6943.17,6946.94,6939.19,6946.31
1772028000,6963.42,6970.64,6962.92,6965.45
1772028900,6966.78,6973.9,6963.87,6970.25
1772029800,6977.07,6980.71,6975.6,6977.73
1772030700,6974.49,6982.47,6970.68,6974.46
1772031600,6983.77,6987.9,6975.15,6985.72
1772032500,6992.9,7003.35,6992.7,6994.54
1772033400,6988.14,6990.05,6981.8,6988.41
1772034300,6976.8,6978.21,6966.35,6968.01
1772035200,6963.74,6964.56,6959.21,6960.57
1772098200,6959.02,6961.86,6958.46,6961.46
1772099100,6950.65,6958.01,6944.42,6955.32
1772100000,6931.28,6938.1,6926.4,6928.15
1772100900,6944.41,6952.88,6941.14,6943.45
1772101800,6937.95,6951.42,6925.69,6946.59
1772102700,6929.48,6937.98,6923.52,6933.41
1772103600,6922.01,6927.05,6918.91,6919.08
1772104500,6921.21,6930.79,6917.26,6925.63
1772105400,6941.63,6943.47,6934.16,6943.41
1772106300,6956.55,6959.7,6948.12,6954.08
1772107200,6948.22,6949.93,6939.43,6948.31
1772108100,6955.62,6966.21,6945.09,6949.01
1772109000,6947.22,6961.13,6946.71,6953.16
1772109900,6947.49,6953.26,6942.48,6943.24
1772110800,6926.95,6928.59,6912.96,6920.27
1772111700,6925.22,6933.96,6920.89,6931.51
1772112600,6923.03,6933.31,6911.94,6913.52
1772113500,6928.46,6931.12,6925.3,6930.21
1772114400,6932.02,6939.44,6929.64,6936.39
1772115300,6928.24,6934.3,6919.38,6933.17
1772116200,6921.84,6933.86,6919.73,6927.83
1772117100,6902.82,6903.14,6896.82,6901.33
1772118000,6913.57,6925.73,6903.66,6921.4
1772118900,6914.35,6930.42,6911.17,6922.19
1772119800,6911.08,6915.44,6905.93,6912.98
1772120700,6908.84,6914.86,6900.84,6914.53
1772121600,6900.96,6909.4,6891.7,6897.52
