time,open,high,low,close
1770872940,6982.0,6982.75,6981.5,6982.0
1770873120,6981.75,6982.5,6981.75,6982.5
1770873300,6982.75,6982.75,6982.25,6982.75
1770873480,6982.75,6984.25,6982.5,6983.75
1770873660,6983.75,6984.25,6982.25,6982.25
1770873840,6982.5,6982.75,6982.0,6982.25
1770874020,6982.25,6982.25,6981.75,6982.0
1770874200,6981.75,6982.0,6981.0,6981.25
1770874380,6981.5,6981.75,6980.75,6980.75
1770874560,6981.0,6981.5,6980.5,6980.75
1770874740,6980.75,6982.25,6980.5,6982.25
1770874920,6982.5,6983.5,6981.75,6981.75
1770875100,6981.75,6982.75,6981.75,6982.25
1770875280,6982.25,6982.75,6982.25,6982.5
1770875460,6982.5,6982.75,6981.0,6981.25
1770875640,6981.5,6982.75,6981.25,6981.5
1770875820,6981.5,6982.25,6980.75,6982.25
1770876000,6982.25,6982.75,6980.0,6980.25
1770876180,6980.5,6980.5,6979.0,6980.0
1770876360,6980.0,6980.0,6978.75,6979.0
1770876540,6979.25,6980.25,6979.25,6979.75
1770876720,6979.75,6983.0,6979.75,6981.25
1770876900,6981.5,6982.75,6980.5,6980.5
1770877080,6980.5,6980.75,6977.25,6978.0
1770877260,6978.25,6978.5,6977.0,6977.5
1770877440,6977.5,6979.5,6977.5,6978.75
1770877620,6978.75,6979.75,6978.0,6978.75
1770877800,6978.75,6981.0,6975.5,6977.0
1770877980,6977.25,6977.5,6973.25,6974.0
1770878160,6974.25,6975.75,6973.75,6974.5
1770878340,6974.75,6975.25,6973.75,6974.0
1770878520,6974.0,6974.0,6972.5,6973.5
1770878700,6973.25,6974.5,6972.75,6973.5
1770878880,6973.5,6975.5,6973.5,6975.25
1770879060,6975.25,6976.25,6974.5,6975.5
1770879240,6975.75,6976.0,6975.0,6975.75
1770879420,6975.75,6977.0,6975.5,6976.5
1770879600,6976.5,6978.25,6975.5,6976.5
1770879780,6976.75,6979.75,6976.5,6979.25
1770879960,6979.25,6979.5,6976.75,6977.25
1770880140,6977.25,6978.0,6977.0,6977.25
1770880320,6977.0,6979.0,6977.0,6978.25
1770880500,6978.5,6979.5,6977.75,6979.0
1770880680,6979.0,6979.5,6978.5,6978.75
1770880860,6978.5,6980.0,6978.0,6979.25
1770881040,6979.5,6982.75,6979.5,6981.5
1770881220,6981.75,6981.75,6980.75,6981.25
1770881400,6981.5,6982.25,6980.75,6981.5
1770881580,6981.5,6982.25,6981.25,6982.0
1770881760,6982.25,6983.0,6981.5,6982.5
1770881940,6982.25,6982.75,6981.25,6982.0
1770882120,6982.25,6982.75,6980.5,6980.75
1770882300,6980.75,6981.5,6979.5,6980.25
1770882480,6980.25,6981.5,6980.0,6981.0
1770882660,6981.0,6981.0,6980.0,6980.25
1770882840,6980.5,6982.0,6980.25,6982.0
1770883020,6982.0,6982.25,6981.25,6981.75
1770883200,6981.75,6984.75,6981.75,6982.5
1770883380,6982.5,6983.5,6981.25,6981.5
1770883560,6981.5,6985.0,6981.0,6984.5
1770883740,6984.25,6984.75,6981.0,6982.0
1770883920,6982.25,6982.25,6979.0,6981.25
1770884100,6981.0,6983.25,6980.75,6981.75
1770884280,6981.75,6982.75,6980.0,6980.0
1770884460,6980.5,6980.75,6979.25,6980.0
1770884640,6979.75,6981.0,6978.5,6980.25
1770884820,6980.5,6981.25,6978.0,6979.0
1770885000,6979.0,6980.25,6975.75,6976.5
1770885180,6976.5,6977.5,6975.5,6977.25
1770885360,6977.25,6977.5,6975.25,6976.0
1770885540,6976.0,6977.25,6974.75,6977.0
1770885720,6977.0,6977.75,6976.5,6976.75
1770885900,6976.5,6978.5,6976.0,6978.25
1770886080,6978.25,6978.75,6977.25,6977.5
1770886260,6977.5,6980.25,6977.0,6980.25
1770886440,6980.25,6981.5,6979.0,6981.25
1770886620,6981.0,6983.5,6981.0,6981.75
1770886800,6981.5,6983.5,6980.5,6981.75
1770886980,6981.75,6983.5,6981.5,6981.5
1770887160,6981.5,6982.75,6981.0,6982.25
1770887340,6982.5,6985.0,6982.25,6983.5
1770887520,6983.5,6984.0,6982.5,6983.5
1770887700,6983.75,6984.5,6983.25,6984.25
1770887880,6984.25,6985.75,6982.25,6982.5
1770888060,6982.75,6983.75,6981.75,6982.5
1770888240,6982.5,6983.5,6982.0,6983.5
1770888420,6983.5,6984.0,6982.25,6982.25
1770888600,6982.25,6983.0,6980.75,6982.75
1770888780,6983.0,6983.75,6982.5,6982.75
1770888960,6983.0,6985.0,6982.75,6983.75
1770889140,6983.75,6984.0,6982.25,6982.5
1770889320,6982.5,6982.75,6981.75,6981.75
1770889500,6981.75,6982.25,6979.0,6980.0
1770889680,6980.0,6981.5,6979.5,6981.5
1770889860,6981.5,6982.25,6981.25,6982.0
1770890040,6982.0,6983.25,6981.75,6982.25
1770890220,6982.25,6984.0,6982.25,6983.5
1770890400,6983.5,6984.25,6982.25,6984.25
1770890580,6984.5,6986.25,6984.5,6984.5
1770890760,6984.25,6985.25,6983.75,6983.75
1770890940,6983.5,6984.0,6980.5,6980.5
1770891120,6980.75,6980.75,6978.5,6979.0
1770891300,6978.75,6980.0,6978.0,6979.75
1770891480,6979.75,6980.5,6978.25,6978.25
1770891660,6978.25,6978.5,6977.0,6977.25
1770891840,6977.25,6977.75,6976.25,6977.25
1770892020,6977.0,6978.5,6976.25,6977.75
1770892200,6977.75,6979.5,6977.75,6978.5
1770892380,6978.75,6979.25,6978.0,6978.0
1770892560,6978.0,6978.5,6977.5,6978.0
1770892740,6978.0,6980.0,6977.75,6980.0
1770892920,6980.25,6980.25,6978.25,6978.25
1770893100,6978.75,6979.25,6978.0,6978.75
1770893280,6978.75,6978.75,6977.5,6978.5
1770893460,6978.5,6979.25,6978.5,6978.75
1770893640,6978.75,6979.25,6978.0,6978.75
1770893820,6978.75,6979.5,6978.5,6979.5
1770894000,6979.5,6980.75,6978.75,6980.5
1770894180,6980.5,6981.25,6978.75,6980.25
1770894360,6980.0,6980.75,6979.0,6980.25
1770894540,6980.5,6981.75,6980.5,6981.5
1770894720,6981.5,6983.0,6981.25,6982.0
1770894900,6982.0,6983.0,6981.5,6982.5
1770895080,6982.75,6983.25,6982.25,6983.0
1770895260,6982.75,6983.25,6980.75,6981.75
1770895440,6981.75,6982.25,6981.5,6981.75
1770895620,6981.75,6984.25,6981.75,6983.75
1770895800,6983.5,6984.0,6982.75,6982.75
1770895980,6982.75,6983.0,6981.5,6981.75
1770896160,6981.5,6981.75,6980.5,6981.0
1770896340,6981.0,6981.0,6979.0,6979.5
1770896520,6979.25,6980.0,6979.0,6979.5
1770896700,6979.5,6980.75,6979.25,6980.75
1770896880,6980.75,6983.0,6980.75,6981.75
1770897060,6981.5,6982.75,6981.25,6982.5
1770897240,6982.25,6983.5,6981.75,6983.0
1770897420,6983.25,6984.0,6983.0,6983.5
1770897600,6983.25,6983.5,6981.5,6981.75
1770897780,6981.75,6981.75,6980.0,6980.75
1770897960,6980.75,6981.25,6979.5,6980.75
1770898140,6981.0,6981.75,6978.75,6980.0
1770898320,6980.0,6982.0,6979.5,6981.5
1770898500,6981.5,6982.0,6980.25,6981.5
1770898680,6981.25,6982.5,6981.0,6982.25
1770898860,6982.25,6982.5,6981.5,6982.25
1770899040,6982.5,6983.0,6981.0,6981.75
1770899220,6981.75,6983.25,6981.75,6983.0
1770899400,6983.0,6985.0,6982.75,6983.25
1770899580,6983.5,6984.25,6982.5,6983.75
1770899760,6983.5,6985.0,6983.25,6985.0
1770899940,6985.0,6986.75,6984.0,6986.75
1770900120,6986.75,6986.75,6982.75,6983.25
1770900300,6983.25,6983.25,6981.75,6983.0
1770900480,6983.0,6983.75,6982.5,6983.5
1770900660,6983.5,6984.25,6980.75,6980.75
1770900840,6980.75,6981.75,6979.5,6980.5
1770901020,6980.5,6980.75,6979.5,6980.0
1770901200,6980.0,6980.25,6977.75,6977.75
1770901380,6978.0,6978.25,6976.75,6977.5
1770901560,6977.75,6978.25,6975.5,6976.25
1770901740,6976.5,6978.25,6976.25,6977.0
1770901920,6977.25,6977.75,6974.5,6974.5
1770902100,6974.5,6975.5,6973.5,6975.5
1770902280,6975.5,6975.75,6974.25,6975.0
1770902460,6974.75,6975.75,6974.0,6975.25
1770902640,6975.5,6976.5,6974.25,6976.25
1770902820,6976.0,6978.0,6976.0,6977.75
1770903000,6978.0,6980.5,6976.0,6980.0
1770903180,6979.75,6983.25,6979.25,6982.0
1770903360,6982.0,6986.75,6982.0,6985.25
1770903540,6985.25,6991.5,6985.0,6991.0
1770903720,6991.0,6991.25,6988.25,6988.75
1770903900,6989.0,6989.25,6987.25,6987.25
1770904080,6987.25,6987.5,6984.5,6984.5
1770904260,6984.5,6986.75,6983.75,6986.75
1770904440,6986.5,6987.0,6985.5,6986.75
1770904620,6987.0,6988.5,6985.75,6986.5
1770904800,6986.5,6986.75,6983.5,6984.25
1770904980,6984.25,6984.25,6982.25,6983.25
1770905160,6983.25,6985.0,6983.25,6984.25
1770905340,6984.5,6985.25,6983.75,6984.0
1770905520,6984.0,6984.25,6981.0,6981.25
1770905700,6981.25,6981.75,6980.25,6981.5
1770905880,6981.5,6982.75,6981.25,6982.0
1770906060,6981.75,6982.5,6980.0,6980.5
1770906240,6980.5,6982.5,6980.5,6981.25
1770906420,6981.25,6982.0,6979.5,6981.5
1770906600,6981.25,6988.75,6979.75,6988.75
1770906780,6988.75,6990.0,6984.5,6986.75
1770906960,6987.0,6988.5,6982.5,6985.0
1770907140,6985.25,6992.75,6983.75,6988.25
1770907320,6988.25,6990.5,6978.75,6979.25
1770907500,6979.25,6982.75,6972.75,6976.5
1770907680,6976.25,6978.0,6969.5,6975.0
1770907860,6975.0,6979.0,6971.5,6974.5
1770908040,6974.5,6978.5,6968.0,6968.5
1770908220,6968.5,6969.25,6962.0,6967.25
1770908400,6967.0,6975.25,6962.25,6972.5
1770908580,6972.25,6973.75,6965.0,6966.25
1770908760,6966.5,6971.25,6960.75,6961.0
1770908940,6961.0,6966.75,6960.25,6962.0
1770909120,6962.0,6973.0,6961.0,6972.5
1770909300,6972.5,6975.0,6969.25,6970.75
1770909480,6970.75,6973.0,6966.75,6968.75
1770909660,6969.0,6976.0,6964.0,6969.25
1770909840,6969.5,6971.25,6965.75,6968.75
1770910020,6968.75,6972.5,6966.25,6969.5
1770910200,6969.75,6974.0,6962.75,6963.5
1770910380,6963.75,6964.25,6958.0,6958.25
1770910560,6958.0,6958.0,6948.25,6951.0
1770910740,6950.75,6952.0,6944.0,6944.5
1770910920,6944.5,6948.75,6941.75,6942.5
1770911100,6942.25,6947.75,6941.0,6946.75
1770911280,6946.75,6947.0,6940.5,6940.5
1770911460,6940.5,6946.75,6938.5,6939.25
1770911640,6939.0,6939.25,6929.75,6931.5
1770911820,6931.25,6933.25,6924.25,6925.0
1770912000,6925.0,6926.0,6919.0,6920.5
1770912180,6920.25,6926.25,6912.5,6912.5
1770912360,6912.5,6913.75,6906.5,6912.25
1770912540,6912.25,6914.0,6902.0,6902.0
1770912720,6902.0,6903.75,6898.5,6901.5
1770912900,6901.25,6903.0,6891.75,6896.25
1770913080,6896.25,6897.5,6885.5,6885.75
1770913260,6885.75,6892.75,6881.75,6892.5
1770913440,6892.5,6894.75,6881.0,6882.25
1770913620,6882.25,6886.75,6873.5,6874.0
1770913800,6874.0,6887.25,6873.0,6886.0
1770913980,6886.25,6888.75,6881.25,6887.25
1770914160,6887.5,6896.25,6885.0,6890.0
1770914340,6889.75,6896.0,6888.75,6894.5
1770914520,6894.75,6896.5,6885.25,6887.25
1770914700,6887.25,6891.5,6880.5,6880.5
1770914880,6880.75,6886.5,6878.5,6881.5
1770915060,6881.5,6887.25,6878.75,6881.0
1770915240,6880.75,6885.5,6876.75,6881.0
1770915420,6880.75,6885.0,6880.0,6884.5
1770915600,6884.5,6884.5,6871.75,6882.75
1770915780,6883.0,6884.75,6875.0,6875.0
1770915960,6875.25,6886.75,6874.0,6880.25
1770916140,6880.0,6889.25,6875.75,6876.0
1770916320,6876.0,6880.75,6874.25,6876.25
1770916500,6876.25,6879.5,6872.75,6873.5
1770916680,6873.5,6882.0,6872.75,6881.0
1770916860,6881.0,6888.25,6879.0,6888.0
1770917040,6887.75,6888.75,6883.0,6886.25
1770917220,6886.25,6890.75,6876.75,6879.25
1770917400,6879.5,6885.0,6876.75,6878.0
1770917580,6878.0,6887.75,6877.5,6886.25
1770917760,6886.25,6894.0,6885.75,6888.75
1770917940,6888.75,6891.25,6883.25,6886.25
1770918120,6886.25,6892.0,6885.5,6889.25
1770918300,6889.25,6892.0,6882.75,6883.75
1770918480,6883.75,6887.25,6879.0,6880.75
1770918660,6881.0,6884.0,6874.0,6874.25
1770918840,6874.0,6878.0,6871.75,6872.25
1770919020,6872.25,6872.75,6867.0,6867.75
1770919200,6867.75,6874.25,6862.25,6870.0
1770919380,6870.0,6872.75,6865.5,6871.75
1770919560,6871.75,6879.25,6869.75,6871.0
1770919740,6871.0,6873.5,6868.5,6873.0
1770919920,6873.25,6873.75,6870.5,6871.0
1770920100,6871.0,6871.25,6864.5,6864.75
1770920280,6864.5,6869.5,6862.25,6868.0
1770920460,6868.0,6873.0,6865.75,6872.75
1770920640,6872.75,6875.75,6869.5,6874.75
1770920820,6874.5,6875.5,6860.0,6869.5
1770921000,6869.75,6870.5,6865.75,6867.75
1770921180,6867.75,6875.25,6867.75,6873.25
1770921360,6873.25,6880.5,6871.25,6878.75
1770921540,6878.75,6882.0,6876.75,6879.75
1770921720,6879.75,6887.5,6879.75,6886.5
1770921900,6886.75,6887.5,6883.25,6886.0
1770922080,6886.25,6888.75,6881.75,6883.5
1770922260,6883.75,6890.5,6883.5,6889.25
1770922440,6889.5,6891.5,6883.75,6885.25
1770922620,6885.25,6888.75,6881.0,6885.0
1770922800,6885.25,6889.5,6884.75,6886.5
1770922980,6886.5,6887.5,6881.25,6885.25
1770923160,6885.25,6886.25,6883.0,6885.75
1770923340,6886.0,6887.5,6874.0,6876.75
1770923520,6876.5,6882.0,6875.25,6879.5
1770923700,6879.5,6887.75,6879.5,6886.75
1770923880,6887.0,6890.5,6886.25,6889.5
1770924060,6889.5,6891.25,6887.0,6891.25
1770924240,6891.0,6892.25,6883.0,6884.75
1770924420,6884.5,6885.0,6878.25,6879.75
1770924600,6879.5,6888.75,6879.5,6887.0
1770924780,6887.25,6891.0,6885.25,6890.5
1770924960,6890.25,6891.75,6888.5,6889.75
1770925140,6890.0,6892.0,6888.25,6890.5
1770925320,6890.75,6893.75,6886.0,6888.25
1770925500,6888.5,6894.25,6888.5,6893.25
1770925680,6893.25,6898.0,6892.5,6896.0
1770925860,6895.75,6896.25,6891.0,6891.75
1770926040,6891.5,6893.25,6889.0,6893.0
1770926220,6893.0,6896.25,6886.0,6889.75
1770926400,6890.0,6893.0,6889.0,6889.25
1770926580,6889.0,6893.75,6887.75,6892.25
1770926760,6892.0,6892.75,6885.5,6887.0
1770926940,6887.0,6887.0,6880.0,6883.0
1770927120,6882.75,6887.25,6882.75,6886.5
1770927300,6886.5,6886.75,6880.5,6881.5
1770927480,6881.5,6883.75,6875.0,6875.5
1770927660,6875.5,6879.0,6873.5,6874.0
1770927840,6874.0,6876.0,6871.75,6874.25
1770928020,6874.0,6875.0,6869.0,6870.25
1770928200,6870.0,6872.0,6863.25,6867.0
1770928380,6867.0,6870.0,6865.0,6869.0
1770928560,6869.0,6869.75,6867.0,6868.25
1770928740,6868.25,6871.75,6865.25,6868.0
1770928920,6868.0,6868.25,6862.25,6864.75
1770929100,6865.0,6865.75,6856.25,6857.0
1770929280,6857.25,6858.25,6846.75,6847.0
1770929460,6847.0,6850.75,6842.0,6850.0
1770929640,6849.75,6856.5,6847.5,6849.5
1770929820,6849.5,6853.5,6848.0,6850.75
1770930000,6850.75,6852.0,6846.75,6850.25
1770930180,6850.25,6851.75,6849.0,6850.75
1770930360,6850.75,6855.75,6849.75,6855.25
1770930540,6855.25,6855.75,6853.5,6854.5
1770930720,6854.5,6857.0,6854.0,6856.0
1770930900,6856.0,6856.5,6854.0,6855.75
1770931080,6856.0,6857.5,6855.25,6856.75
1770931260,6856.75,6858.5,6856.25,6857.5
1770931440,6857.5,6858.25,6856.5,6857.25
1770931620,6857.0,6859.75,6857.0,6859.5
1770931800,6859.5,6861.75,6859.0,6860.75
1770931980,6861.0,6863.0,6861.0,6862.5
1770932160,6862.75,6863.75,6862.25,6863.25
1770932340,6863.5,6864.0,6860.75,6862.25
1770932520,6862.25,6863.0,6861.5,6861.75
1770932700,6862.0,6862.5,6860.25,6862.5
1770932880,6862.25,6865.0,6862.0,6864.5
1770933060,6864.75,6865.0,6863.75,6864.75
1770933240,6864.5,6864.5,6860.75,6860.75
1770933420,6861.0,6863.0,6860.75,6861.75
1770937200,6865.5,6865.5,6856.5,6858.5
1770937380,6858.5,6860.75,6855.0,6860.5
1770937560,6860.25,6864.0,6860.0,6862.25
1770937740,6862.25,6865.5,6862.25,6864.5
1770937920,6864.5,6865.0,6862.25,6862.5
1770938100,6862.5,6865.0,6861.75,6864.75
1770938280,6864.75,6867.0,6861.0,6861.5
1770938460,6861.5,6862.5,6860.25,6861.75
1770938640,6861.75,6864.25,6861.0,6863.0
1770938820,6863.5,6864.25,6862.25,6864.0
1770939000,6864.25,6865.75,6860.25,6863.25
1770939180,6863.0,6863.25,6852.25,6858.25
1770939360,6858.0,6859.0,6850.75,6851.5
1770939540,6851.5,6852.0,6847.25,6851.25
1770939720,6851.25,6854.0,6851.0,6853.0
1770939900,6853.25,6854.25,6851.5,6853.0
1770940080,6853.25,6859.25,6853.25,6858.75
1770940260,6858.75,6862.0,6858.5,6861.75
1770940440,6861.75,6863.25,6860.25,6861.75
1770940620,6862.25,6862.75,6859.75,6860.75
1770940800,6860.5,6868.5,6856.5,6868.25
1770940980,6868.0,6868.75,6864.75,6868.5
1770941160,6868.25,6868.5,6864.5,6865.5
1770941340,6865.25,6867.5,6864.25,6865.75
1770941520,6865.5,6865.5,6862.75,6864.0
1770941700,6863.75,6864.75,6860.75,6863.0
1770941880,6862.75,6862.75,6861.0,6862.25
1770942060,6862.25,6864.0,6855.75,6858.25
1770942240,6858.25,6859.75,6850.75,6851.0
1770942420,6851.0,6852.75,6849.5,6852.5
1770942600,6852.25,6854.75,6851.25,6854.0
1770942780,6854.0,6854.0,6851.0,6852.5
1770942960,6852.25,6853.0,6849.5,6850.5
1770943140,6850.75,6853.75,6850.0,6850.0
1770943320,6849.75,6850.5,6845.25,6846.0
1770943500,6846.0,6847.5,6840.25,6841.5
1770943680,6841.5,6846.0,6840.25,6845.75
1770943860,6845.75,6846.0,6840.75,6842.25
1770944040,6842.0,6845.5,6841.75,6845.25
1770944220,6845.0,6847.0,6844.75,6844.75
1770944400,6844.75,6850.5,6844.75,6849.5
1770944580,6849.25,6855.0,6849.0,6855.0
1770944760,6855.0,6859.25,6854.5,6858.0
1770944940,6857.75,6859.0,6856.5,6858.75
1770945120,6858.5,6859.25,6857.75,6858.5
1770945300,6858.25,6860.5,6857.0,6860.5
1770945480,6860.75,6860.75,6858.25,6859.25
1770945660,6859.5,6859.5,6854.25,6856.0
1770945840,6856.0,6856.25,6853.0,6854.0
1770946020,6854.0,6858.25,6853.75,6856.75
1770946200,6856.5,6858.5,6854.25,6856.5
1770946380,6856.25,6858.25,6855.25,6856.25
1770946560,6856.0,6859.0,6855.5,6858.25
1770946740,6858.25,6859.5,6856.75,6857.25
1770946920,6857.25,6858.75,6856.25,6857.25
1770947100,6856.75,6859.5,6856.0,6859.25
1770947280,6859.0,6860.75,6857.75,6860.25
1770947460,6860.5,6861.5,6858.5,6858.5
1770947640,6858.5,6858.5,6851.0,6853.25
1770947820,6853.0,6855.0,6851.25,6854.5
1770948000,6854.5,6860.5,6854.5,6860.25
1770948180,6860.25,6862.5,6858.0,6859.5
1770948360,6859.75,6861.5,6858.75,6860.75
1770948540,6860.75,6862.25,6860.5,6861.75
1770948720,6862.0,6862.25,6860.75,6861.0
1770948900,6861.0,6861.25,6857.5,6858.5
1770949080,6858.5,6859.5,6856.25,6857.25
1770949260,6857.0,6859.5,6856.5,6857.75
1770949440,6857.75,6858.75,6855.75,6856.75
1770949620,6856.5,6859.5,6856.25,6859.25
1770949800,6859.25,6862.25,6859.25,6861.75
1770949980,6862.0,6862.25,6860.5,6860.75
1770950160,6861.0,6861.75,6861.0,6861.25
1770950340,6861.5,6862.25,6858.75,6860.5
1770950520,6860.75,6861.5,6856.5,6858.25
1770950700,6858.0,6859.25,6856.25,6857.25
1770950880,6857.5,6859.25,6857.0,6858.5
1770951060,6858.25,6858.5,6857.75,6857.75
1770951240,6858.0,6859.0,6857.5,6858.75
1770951420,6859.0,6859.0,6857.0,6857.5
1770951600,6857.75,6859.75,6857.5,6859.75
1770951780,6859.75,6861.0,6858.75,6859.0
1770951960,6859.0,6859.0,6857.25,6857.75
1770952140,6857.5,6858.5,6857.25,6858.5
1770952320,6858.25,6858.75,6857.0,6857.25
1770952500,6857.25,6858.5,6857.25,6857.25
1770952680,6857.25,6857.25,6854.25,6854.5
1770952860,6854.5,6854.75,6852.25,6853.25
1770953040,6853.0,6853.75,6851.75,6852.5
1770953220,6852.5,6853.0,6851.5,6853.0
1770953400,6852.75,6855.0,6852.5,6854.0
1770953580,6854.25,6857.0,6854.0,6855.5
1770953760,6855.75,6856.0,6854.25,6855.25
1770953940,6855.25,6855.75,6852.75,6853.25
1770954120,6853.25,6855.0,6853.25,6854.25
1770954300,6854.25,6855.0,6851.5,6851.5
1770954480,6851.75,6853.0,6851.5,6853.0
1770954660,6852.75,6852.75,6851.5,6851.75
1770954840,6851.5,6851.75,6846.5,6848.25
1770955020,6848.0,6848.75,6846.75,6847.0
1770955200,6847.25,6848.0,6845.75,6847.75
1770955380,6847.75,6848.5,6846.75,6848.5
1770955560,6848.25,6849.25,6847.25,6847.5
1770955740,6847.25,6850.25,6847.0,6849.75
1770955920,6850.0,6851.25,6849.0,6851.0
1770956100,6851.0,6858.0,6851.0,6857.25
1770956280,6857.0,6857.0,6852.75,6852.75
1770956460,6853.0,6854.25,6852.25,6854.0
1770956640,6854.0,6855.5,6853.75,6854.75
1770956820,6854.75,6855.25,6854.0,6854.75
1770957000,6854.5,6855.0,6852.5,6852.75
1770957180,6852.75,6852.75,6850.75,6851.0
1770957360,6851.0,6852.25,6850.0,6850.25
1770957540,6850.0,6851.0,6848.75,6850.0
1770957720,6850.25,6851.75,6849.0,6849.5
1770957900,6849.75,6851.0,6848.75,6848.75
1770958080,6848.5,6850.75,6848.0,6850.0
1770958260,6850.0,6850.25,6847.75,6848.75
1770958440,6848.75,6850.5,6848.5,6850.5
1770958620,6850.75,6850.75,6848.5,6849.75
1770959340,6848.25,6850.0,6847.75,6848.0
1770959520,6847.75,6848.0,6846.5,6846.5
1770959700,6846.5,6847.0,6843.0,6843.25
1770959880,6843.25,6844.75,6843.0,6844.0
1770960060,6843.75,6844.25,6841.5,6844.0
1770960240,6844.0,6844.0,6836.25,6837.5
1770960420,6837.5,6838.5,6836.0,6836.75
1770960600,6836.75,6838.5,6835.0,6838.0
1770960780,6838.25,6839.25,6837.0,6838.5
1770960960,6838.0,6841.5,6837.0,6837.75
1770961140,6837.5,6838.0,6835.0,6837.5
1770961320,6837.75,6840.5,6837.0,6838.5
1770961500,6838.25,6841.25,6838.25,6840.75
1770961680,6841.25,6842.25,6839.0,6839.75
1770961860,6839.75,6841.0,6837.25,6837.75
1770962040,6838.0,6840.75,6836.0,6839.5
1770962220,6839.75,6840.75,6837.25,6838.0
1770962400,6838.0,6840.75,6836.5,6840.5
1770962580,6840.25,6841.5,6837.5,6839.0
1770962760,6839.0,6841.0,6839.0,6839.0
1770962940,6839.25,6841.5,6839.0,6840.0
1770963120,6840.25,6840.5,6837.75,6838.75
1770963300,6839.0,6840.75,6837.5,6840.5
1770963480,6840.5,6841.75,6840.0,6840.25
1770963660,6840.5,6840.75,6835.0,6836.25
1770963840,6836.5,6837.25,6830.5,6831.75
1770964020,6832.0,6833.25,6830.75,6832.5
1770964200,6832.5,6833.0,6827.75,6828.5
1770964380,6828.25,6831.25,6827.5,6828.25
1770964560,6828.0,6828.0,6824.25,6825.75
1770964740,6825.75,6829.5,6825.5,6829.25
1770964920,6829.25,6829.75,6827.25,6828.75
1770965100,6829.25,6832.25,6828.0,6829.5
1770965280,6829.75,6835.25,6829.0,6835.25
1770965460,6835.5,6837.25,6835.25,6836.75
1770965640,6836.75,6839.25,6836.5,6838.25
1770965820,6838.25,6839.75,6837.0,6838.0
1770966000,6838.0,6843.5,6838.0,6841.0
1770966180,6841.25,6842.25,6839.5,6839.75
1770966360,6839.75,6843.75,6838.5,6842.75
1770966540,6842.75,6844.25,6841.0,6843.5
1770966720,6843.75,6845.0,6842.5,6842.75
1770966900,6843.0,6846.5,6842.75,6846.0
1770967080,6846.0,6846.5,6844.0,6844.75
1770967260,6845.5,6847.0,6844.0,6844.75
1770967440,6845.25,6847.5,6844.0,6845.0
1770967620,6845.0,6845.25,6842.75,6843.0
1770967800,6843.0,6843.75,6841.75,6843.0
1770967980,6842.75,6844.0,6840.0,6842.25
1770968160,6842.25,6842.5,6838.25,6840.75
1770968340,6841.0,6841.5,6838.75,6839.75
1770968520,6839.75,6841.0,6839.5,6839.5
1770968700,6839.75,6840.25,6838.75,6839.25
1770968880,6839.25,6840.0,6837.25,6838.25
1770969060,6838.25,6838.25,6836.75,6837.5
1770969240,6837.5,6842.0,6837.5,6841.25
1770969420,6841.5,6843.75,6839.5,6843.25
1770969600,6843.5,6845.25,6838.5,6839.75
1770969780,6839.75,6848.0,6839.75,6848.0
1770969960,6848.0,6849.75,6846.0,6847.25
1770970140,6847.25,6848.25,6844.5,6846.5
1770970320,6846.5,6847.0,6839.25,6840.0
1770970500,6839.75,6840.75,6829.5,6829.75
1770970680,6829.75,6832.5,6827.5,6829.0
1770970860,6829.0,6837.75,6828.5,6837.75
1770971040,6837.75,6843.5,6835.0,6841.5
1770971220,6841.5,6843.0,6840.0,6842.25
1770971400,6842.0,6843.5,6838.75,6842.0
1770971580,6841.75,6845.5,6841.5,6845.0
1770971760,6845.25,6845.25,6838.75,6838.75
1770971940,6839.0,6841.75,6837.25,6840.25
1770972120,6840.0,6844.25,6838.0,6843.75
1770972300,6844.0,6849.5,6844.0,6847.75
1770972480,6847.75,6849.5,6846.25,6849.5
1770972660,6849.25,6849.25,6845.25,6846.75
1770972840,6847.0,6847.75,6845.5,6845.75
1770973020,6845.75,6847.0,6843.75,6845.75
1770973200,6845.75,6846.75,6840.0,6840.25
1770973380,6840.0,6840.75,6837.0,6838.25
1770973560,6838.0,6843.25,6837.25,6843.0
1770973740,6843.25,6846.0,6842.75,6845.5
1770973920,6845.75,6847.0,6842.75,6843.0
1770974100,6842.75,6849.0,6842.5,6848.0
1770974280,6848.25,6851.25,6847.75,6849.5
1770974460,6849.5,6852.25,6849.5,6851.0
1770974640,6851.0,6854.5,6851.0,6854.0
1770974820,6854.0,6854.0,6851.25,6851.5
1770975000,6851.5,6852.25,6849.75,6852.0
1770975180,6852.0,6853.0,6851.25,6851.5
1770975360,6851.5,6852.5,6850.25,6851.0
1770975540,6851.0,6853.75,6850.25,6853.25
1770975720,6853.25,6853.5,6849.75,6850.0
1770975900,6850.25,6853.75,6850.0,6853.25
1770976080,6853.25,6854.5,6852.0,6854.0
1770976260,6853.75,6853.75,6850.25,6851.0
1770976440,6851.0,6851.25,6845.25,6848.0
1770976620,6848.0,6848.5,6845.25,6846.75
1770976800,6846.5,6850.0,6846.0,6848.5
1770976980,6848.25,6849.75,6846.75,6848.0
1770977160,6848.0,6848.75,6845.25,6845.75
1770977340,6845.75,6850.5,6844.5,6848.75
1770977520,6848.75,6850.25,6848.0,6850.0
1770977700,6850.25,6851.0,6848.5,6850.0
1770977880,6850.25,6852.75,6849.25,6852.0
1770978060,6852.25,6853.5,6851.5,6853.0
1770978240,6852.75,6853.75,6852.0,6853.0
1770978420,6853.0,6853.0,6850.0,6850.75
1770978600,6851.0,6851.75,6848.75,6849.75
1770978780,6849.75,6849.75,6844.5,6845.25
1770978960,6845.0,6848.0,6844.75,6847.0
1770979140,6846.75,6848.75,6844.25,6848.75
1770979320,6848.5,6848.5,6844.5,6845.5
1770979500,6845.5,6847.0,6844.0,6845.5
1770979680,6845.25,6845.5,6840.75,6841.75
1770979860,6841.75,6843.0,6838.25,6842.0
1770980040,6841.75,6842.75,6838.75,6839.5
1770980220,6839.5,6840.0,6837.75,6838.0
1770980400,6838.25,6839.75,6834.25,6835.25
1770980580,6835.25,6836.25,6832.75,6833.5
1770980760,6833.25,6834.75,6830.5,6831.0
1770980940,6831.0,6831.75,6828.75,6829.75
1770981120,6829.75,6831.75,6828.0,6828.5
1770981300,6828.25,6830.75,6825.0,6828.75
1770981480,6829.0,6833.25,6828.0,6831.5
1770981660,6831.25,6831.25,6825.5,6826.0
1770981840,6826.5,6829.5,6824.25,6828.75
1770982020,6829.0,6831.25,6827.0,6827.75
1770982200,6827.5,6828.25,6820.0,6822.0
1770982380,6822.0,6835.75,6821.5,6835.25
1770982560,6835.25,6835.5,6830.25,6832.75
1770982740,6832.75,6833.75,6830.25,6831.5
1770982920,6831.75,6833.5,6827.25,6827.5
1770983100,6827.75,6830.0,6824.5,6828.5
1770983280,6828.5,6828.75,6825.5,6827.25
1770983460,6827.0,6832.25,6826.5,6832.0
1770983640,6831.75,6836.25,6830.75,6834.5
1770983820,6834.25,6837.5,6833.75,6837.0
1770984000,6837.0,6842.75,6833.75,6834.0
1770984180,6834.25,6836.75,6831.0,6832.25
1770984360,6832.25,6834.0,6831.0,6831.25
1770984540,6831.25,6832.5,6828.5,6828.75
1770984720,6828.75,6834.25,6828.75,6830.25
1770984900,6830.0,6832.25,6827.75,6831.75
1770985080,6831.75,6834.75,6831.25,6834.0
1770985260,6834.25,6837.75,6832.75,6836.75
1770985440,6836.5,6838.75,6834.75,6838.0
1770985620,6838.0,6838.5,6834.75,6835.75
1770985800,6835.75,6840.5,6834.75,6839.75
1770985980,6840.0,6841.0,6837.5,6838.75
1770986160,6839.0,6839.25,6835.75,6838.25
1770986340,6838.25,6839.0,6835.75,6838.5
1770986520,6838.5,6839.5,6837.5,6838.5
1770986700,6838.5,6838.75,6834.25,6835.25
1770986880,6834.75,6837.5,6833.5,6835.0
1770987060,6835.0,6840.0,6834.0,6840.0
1770987240,6840.25,6843.5,6839.0,6840.25
1770987420,6840.25,6841.25,6829.25,6835.5
1770987600,6835.25,6839.75,6833.75,6839.0
1770987780,6838.75,6840.5,6838.0,6840.0
1770987960,6839.75,6840.25,6826.0,6827.75
1770988140,6827.75,6829.25,6824.75,6825.0
1770988320,6825.0,6827.75,6822.25,6823.25
1770988500,6823.25,6830.5,6821.25,6830.25
1770988680,6830.5,6832.75,6828.25,6828.75
1770988860,6828.75,6836.75,6828.0,6836.5
1770989040,6836.75,6841.25,6834.5,6841.25
1770989220,6841.25,6846.5,6835.75,6839.0
1770989400,6838.5,6865.0,6838.0,6846.25
1770989580,6846.5,6858.25,6845.5,6853.0
1770989760,6852.75,6852.75,6846.0,6850.0
1770989940,6849.5,6857.5,6849.25,6855.5
1770990120,6855.5,6858.25,6851.5,6852.75
1770990300,6852.5,6852.5,6842.5,6845.75
1770990480,6845.75,6855.75,6845.5,6853.5
1770990660,6853.5,6856.5,6851.5,6855.25
1770990840,6855.25,6860.5,6854.5,6857.0
1770991020,6857.25,6860.25,6850.5,6855.0
1770991200,6854.75,6861.25,6854.5,6861.25
1770991380,6861.25,6862.25,6854.0,6854.75
1770991560,6854.5,6854.5,6847.25,6847.75
1770991740,6848.0,6850.75,6844.75,6849.75
1770991920,6849.75,6851.75,6847.25,6849.25
1770992100,6849.25,6851.75,6847.0,6848.75
1770992280,6848.5,6850.5,6845.5,6847.75
1770992460,6847.75,6848.75,6845.5,6846.25
1770992640,6846.25,6848.75,6845.5,6848.5
1770992820,6848.5,6854.5,6847.5,6851.25
1770993000,6851.25,6859.75,6843.0,6855.5
1770993180,6855.75,6857.25,6838.0,6845.25
1770993360,6845.25,6847.25,6834.5,6841.25
1770993540,6841.0,6841.75,6814.75,6816.25
1770993720,6816.25,6839.75,6808.75,6839.0
1770993900,6839.0,6859.0,6838.5,6857.25
1770994080,6857.25,6862.75,6833.25,6837.75
1770994260,6837.75,6849.75,6831.75,6841.0
1770994440,6841.25,6855.25,6832.75,6832.75
1770994620,6832.75,6837.75,6830.0,6833.5
1770994800,6833.25,6849.25,6832.75,6848.0
1770994980,6847.75,6851.0,6834.75,6836.75
1770995160,6836.75,6856.25,6835.75,6855.75
1770995340,6855.75,6864.0,6851.0,6862.25
1770995520,6862.5,6863.25,6847.0,6847.75
1770995700,6847.75,6857.75,6839.5,6843.0
1770995880,6842.75,6856.5,6840.75,6854.5
1770996060,6854.25,6854.75,6839.0,6846.75
1770996240,6846.75,6857.5,6843.25,6856.25
1770996420,6856.5,6869.0,6853.75,6864.25
1770996600,6864.25,6875.0,6863.5,6874.75
1770996780,6874.5,6880.0,6873.0,6879.0
1770996960,6879.0,6880.75,6865.0,6865.5
1770997140,6865.25,6869.0,6859.25,6862.5
1770997320,6862.5,6866.5,6850.0,6851.25
1770997500,6851.25,6857.75,6842.5,6846.25
1770997680,6846.25,6852.0,6842.5,6851.5
1770997860,6851.5,6863.0,6850.25,6860.0
1770998040,6860.0,6867.0,6857.25,6858.25
1770998220,6858.25,6864.5,6858.0,6860.0
1770998400,6860.25,6868.5,6859.5,6863.75
1770998580,6863.75,6872.25,6862.5,6872.25
1770998760,6872.25,6876.5,6870.75,6876.25
1770998940,6876.25,6877.0,6865.5,6868.25
1770999120,6868.25,6871.25,6861.5,6869.0
1770999300,6869.25,6876.5,6867.25,6873.5
1770999480,6873.5,6874.25,6860.0,6860.75
1770999660,6860.5,6862.25,6852.75,6853.0
1770999840,6853.0,6866.5,6853.0,6865.75
1771000020,6865.75,6874.75,6863.75,6873.0
1771000200,6873.0,6875.5,6863.25,6875.25
1771000380,6875.25,6877.25,6870.0,6872.75
1771000560,6872.75,6877.5,6867.75,6875.75
1771000740,6875.75,6880.25,6875.25,6879.0
1771000920,6879.0,6881.25,6874.25,6880.5
1771001100,6880.5,6885.25,6880.0,6884.75
1771001280,6884.75,6884.75,6877.0,6882.75
1771001460,6883.0,6885.0,6879.5,6882.5
1771001640,6882.5,6890.25,6881.75,6888.25
1771001820,6888.5,6889.0,6882.25,6882.5
1771002000,6882.5,6887.5,6879.75,6886.5
1771002180,6886.5,6890.25,6884.75,6890.25
1771002360,6890.0,6891.75,6885.25,6886.75
1771002540,6887.0,6889.75,6886.75,6888.0
1771002720,6888.25,6895.25,6886.75,6894.5
1771002900,6894.5,6895.25,6886.25,6887.75
1771003080,6887.75,6890.5,6883.0,6890.25
1771003260,6890.25,6895.0,6889.5,6893.0
1771003440,6893.0,6894.25,6887.5,6889.0
1771003620,6889.0,6893.0,6888.25,6888.75
1771003800,6888.5,6895.75,6887.75,6893.0
1771003980,6893.0,6895.5,6892.25,6895.5
1771004160,6895.5,6895.75,6890.75,6892.25
1771004340,6892.25,6897.5,6891.5,6897.0
1771004520,6897.0,6897.75,6892.0,6892.0
1771004700,6891.75,6894.75,6889.75,6890.25
1771004880,6890.5,6895.75,6889.5,6894.25
1771005060,6894.25,6895.0,6890.5,6890.75
1771005240,6891.0,6891.5,6885.0,6889.0
1771005420,6889.25,6889.25,6883.75,6886.25
1771005600,6886.25,6888.75,6880.25,6881.25
1771005780,6881.5,6882.75,6875.5,6878.25
1771005960,6878.25,6884.0,6878.25,6883.0
1771006140,6883.0,6889.5,6882.0,6889.5
1771006320,6889.5,6889.75,6885.0,6887.75
1771006500,6887.5,6892.25,6884.75,6891.75
1771006680,6891.75,6893.25,6885.75,6891.75
1771006860,6892.0,6897.75,6889.5,6897.25
1771007040,6897.25,6897.25,6887.25,6889.75
1771007220,6889.5,6896.75,6884.5,6889.0
1771007400,6889.0,6892.25,6886.0,6891.25
1771007580,6891.0,6894.5,6890.5,6894.25
1771007760,6894.5,6895.75,6887.75,6892.5
1771007940,6892.25,6893.75,6887.0,6887.0
1771008120,6886.75,6887.5,6883.5,6885.0
1771008300,6885.0,6891.5,6884.75,6891.0
1771008480,6891.0,6892.0,6883.25,6884.0
1771008660,6884.0,6884.75,6879.0,6884.75
1771008840,6884.75,6885.25,6882.0,6883.0
1771009020,6883.25,6885.0,6878.5,6881.25
1771009200,6881.75,6885.25,6879.5,6881.0
1771009380,6880.75,6883.5,6879.0,6883.5
1771009560,6883.5,6885.25,6881.25,6883.25
1771009740,6883.25,6887.75,6883.0,6884.75
1771009920,6885.0,6888.25,6881.5,6884.75
1771010100,6884.75,6885.25,6880.0,6883.0
1771010280,6883.0,6886.25,6881.75,6885.5
1771010460,6885.5,6888.25,6884.0,6886.5
1771010640,6886.75,6888.5,6881.5,6881.5
1771010820,6881.75,6882.75,6876.0,6878.5
1771011000,6878.25,6884.25,6877.25,6882.0
1771011180,6882.0,6883.0,6879.75,6880.5
1771011360,6880.75,6882.5,6876.5,6876.75
1771011540,6876.75,6877.5,6867.75,6869.0
1771011720,6868.75,6872.25,6868.0,6871.25
1771011900,6871.5,6877.25,6869.25,6872.75
1771012080,6872.5,6874.5,6870.25,6872.25
1771012260,6872.0,6872.75,6866.25,6866.25
1771012440,6866.25,6870.5,6865.75,6866.75
1771012620,6867.0,6868.25,6856.75,6858.75
1771012800,6858.75,6867.0,6858.5,6864.5
1771012980,6864.5,6867.75,6862.75,6867.0
1771013160,6867.0,6867.5,6861.5,6862.25
1771013340,6862.25,6866.25,6861.75,6865.0
1771013520,6865.25,6865.5,6855.75,6856.0
1771013700,6856.0,6859.75,6853.75,6855.25
1771013880,6855.25,6861.5,6853.0,6858.0
1771014060,6858.0,6859.25,6852.75,6854.75
1771014240,6854.75,6856.0,6845.25,6846.75
1771014420,6846.75,6848.0,6838.25,6841.0
1771014600,6841.0,6847.25,6838.5,6841.5
1771014780,6841.75,6844.25,6835.75,6839.0
1771014960,6839.0,6840.25,6835.0,6839.75
1771015140,6840.0,6843.25,6837.25,6839.0
1771015320,6839.0,6839.25,6832.75,6836.5
1771015500,6836.75,6841.75,6835.75,6840.25
1771015680,6840.5,6848.75,6839.5,6842.25
1771015860,6842.25,6846.0,6838.25,6843.75
1771016040,6844.0,6851.0,6842.75,6845.0
1771016220,6845.25,6852.75,6844.25,6850.25
1771016400,6850.25,6856.5,6849.75,6851.5
1771016580,6851.75,6852.25,6847.25,6848.25
1771016760,6848.25,6849.0,6845.5,6845.75
1771016940,6845.75,6848.75,6845.25,6848.25
1771017120,6848.25,6853.0,6848.0,6852.5
1771017300,6852.75,6853.0,6850.25,6852.5
1771017480,6852.5,6852.5,6847.25,6847.75
1771017660,6847.75,6847.75,6846.0,6846.75
1771017840,6846.75,6847.25,6845.75,6847.25
1771018020,6847.25,6849.25,6846.75,6848.25
1771018200,6848.25,6849.75,6848.25,6848.75
1771018380,6849.0,6849.25,6847.25,6847.5
1771018560,6847.75,6850.0,6847.75,6848.5
1771018740,6848.5,6849.0,6848.0,6848.5
1771018920,6848.5,6848.5,6847.0,6847.25
1771019100,6847.5,6848.25,6846.5,6846.75
1771019280,6846.75,6847.25,6846.25,6846.5
1771019460,6846.25,6847.0,6845.75,6846.25
1771019640,6846.25,6848.75,6845.75,6848.0
1771019820,6847.75,6851.0,6845.25,6850.5
1771198020,6850.5,6857.5,6850.5,6856.75
1771198200,6856.75,6859.25,6854.5,6854.5
1771198380,6854.25,6855.5,6853.75,6855.5
1771198560,6855.5,6857.0,6852.0,6853.0
1771198740,6853.25,6855.75,6852.5,6855.75
1771198920,6856.0,6857.25,6855.25,6856.75
1771199100,6856.5,6857.0,6854.25,6855.0
1771199280,6855.25,6856.5,6854.25,6855.25
1771199460,6855.0,6855.75,6851.0,6851.5
1771199640,6851.5,6854.5,6851.25,6853.25
1771199820,6853.25,6861.5,6852.75,6860.5
1771200000,6860.5,6861.75,6856.0,6857.75
1771200180,6857.5,6858.5,6855.75,6857.5
1771200360,6857.5,6862.0,6857.25,6862.0
1771200540,6861.75,6863.5,6861.5,6862.25
1771200720,6862.25,6863.75,6861.25,6862.25
1771200900,6862.25,6863.5,6861.75,6863.0
1771201080,6863.0,6863.0,6861.5,6862.25
1771201260,6862.25,6862.25,6861.0,6861.5
1771201440,6861.5,6862.5,6861.0,6861.75
1771201620,6861.75,6864.25,6861.5,6863.0
1771201800,6863.0,6864.0,6862.0,6863.25
1771201980,6863.25,6864.5,6861.75,6864.25
1771202160,6864.0,6864.5,6862.75,6863.25
1771202340,6862.75,6863.75,6862.75,6863.0
1771202520,6863.0,6863.0,6861.75,6861.75
1771202700,6861.75,6864.5,6861.75,6862.5
1771202880,6862.25,6863.0,6861.75,6863.0
1771203060,6863.0,6865.0,6863.0,6864.75
1771203240,6864.75,6865.0,6863.75,6864.0
1771203420,6864.0,6864.25,6861.5,6862.75
1771203600,6862.75,6863.25,6861.25,6863.25
1771203780,6863.25,6864.5,6863.0,6864.5
1771203960,6864.25,6865.5,6863.75,6864.75
1771204140,6864.75,6864.75,6863.5,6863.5
1771204320,6863.5,6864.0,6862.5,6862.5
1771204500,6862.5,6863.25,6862.0,6862.0
1771204680,6862.25,6863.0,6862.25,6862.75
1771204860,6862.75,6863.0,6862.25,6862.75
1771205040,6862.75,6864.0,6862.75,6863.5
1771205220,6863.25,6863.5,6862.25,6862.75
1771205400,6862.75,6863.5,6862.25,6863.25
1771205580,6863.0,6863.25,6862.0,6862.5
1771205760,6862.25,6863.0,6861.75,6862.5
1771205940,6862.25,6863.0,6861.5,6862.75
1771206120,6862.75,6864.5,6862.75,6863.75
1771206300,6863.75,6864.5,6863.0,6864.5
1771206480,6864.25,6866.5,6864.25,6864.5
1771206660,6864.5,6867.75,6864.5,6867.5
1771206840,6867.25,6869.5,6867.25,6869.5
1771207020,6869.5,6870.75,6868.25,6869.0
1771207200,6869.0,6869.25,6868.0,6868.5
1771207380,6868.75,6871.5,6868.75,6870.5
1771207560,6870.25,6870.25,6868.75,6868.75
1771207740,6868.75,6868.75,6863.5,6864.5
1771207920,6864.25,6865.5,6863.75,6865.0
1771208100,6865.0,6866.5,6864.5,6866.25
1771208280,6866.25,6866.5,6864.75,6865.75
1771208460,6865.5,6866.25,6865.0,6866.0
1771208640,6866.0,6867.0,6864.75,6865.75
1771208820,6865.75,6866.0,6864.25,6864.75
1771209000,6864.75,6865.75,6864.75,6864.75
1771209180,6864.5,6865.0,6864.0,6864.0
1771209360,6864.25,6865.75,6864.25,6865.0
1771209540,6864.75,6865.0,6863.75,6864.25
1771209720,6864.25,6865.5,6864.0,6864.75
1771209900,6864.5,6865.25,6864.5,6865.0
1771210080,6864.75,6864.75,6863.25,6863.5
1771210260,6863.5,6863.5,6862.5,6862.5
1771210440,6862.5,6863.0,6862.0,6863.0
1771210620,6863.25,6863.5,6862.0,6863.0
1771210800,6863.0,6863.75,6862.0,6862.25
1771210980,6862.25,6863.0,6862.0,6862.25
1771211160,6862.25,6863.25,6862.25,6863.25
1771211340,6863.25,6863.25,6862.75,6862.75
1771211520,6862.75,6863.5,6862.25,6862.25
1771211700,6862.25,6863.0,6862.25,6863.0
1771211880,6863.0,6863.5,6862.25,6862.5
1771212060,6862.5,6863.75,6862.5,6863.5
1771212240,6863.5,6864.25,6859.25,6859.25
1771212420,6859.25,6861.0,6859.25,6859.75
1771212600,6859.75,6860.5,6859.25,6859.5
1771212780,6859.5,6860.75,6859.0,6860.25
1771212960,6860.25,6860.5,6859.5,6860.0
1771213140,6860.0,6860.25,6858.5,6859.0
1771213320,6859.0,6859.75,6858.25,6859.75
1771213500,6859.75,6859.75,6858.75,6859.0
1771213680,6859.0,6859.75,6859.0,6859.75
1771213860,6859.75,6861.75,6859.5,6861.5
1771214040,6861.5,6862.25,6861.25,6861.5
1771214220,6861.5,6862.25,6861.5,6862.0
1771214400,6862.0,6864.5,6861.75,6864.25
1771214580,6864.25,6865.25,6864.0,6864.5
1771214760,6864.25,6865.0,6862.25,6862.5
1771214940,6862.5,6863.25,6861.5,6862.75
1771215120,6862.75,6863.25,6862.0,6862.75
1771215300,6862.75,6862.75,6861.5,6862.5
1771215480,6862.5,6862.75,6861.5,6861.75
1771215660,6861.75,6862.0,6860.75,6862.0
1771215840,6861.75,6863.5,6861.5,6862.75
1771216020,6862.75,6864.25,6862.75,6863.75
1771216200,6863.5,6864.5,6863.25,6864.5
1771216380,6864.5,6864.5,6862.75,6863.0
1771216560,6863.0,6863.5,6862.25,6863.0
1771216740,6863.0,6863.25,6862.5,6862.5
1771216920,6862.25,6862.25,6861.5,6862.0
1771217100,6861.75,6861.75,6860.75,6861.0
1771217280,6860.75,6861.75,6860.75,6861.5
1771217460,6861.75,6863.5,6861.75,6863.25
1771217640,6863.25,6863.25,6862.0,6862.0
1771217820,6861.75,6862.5,6861.75,6861.75
1771304940,6819.5,6822.0,6819.5,6821.0
1771305120,6821.25,6821.5,6818.75,6818.75
1771305300,6819.0,6819.5,6816.5,6817.75
1771305480,6818.0,6819.25,6812.25,6815.75
1771305660,6815.5,6820.5,6815.25,6818.0
1771305840,6818.0,6819.0,6816.5,6818.0
1771306020,6817.75,6819.25,6817.25,6818.5
1771306200,6818.5,6819.0,6816.75,6818.0
1771306380,6818.0,6818.75,6810.0,6810.0
1771306560,6810.0,6814.25,6810.0,6813.5
1771306740,6813.75,6817.5,6812.0,6816.75
1771306920,6816.75,6817.5,6815.75,6816.75
1771307100,6816.75,6817.5,6816.25,6817.25
1771307280,6817.25,6819.75,6817.25,6818.0
1771307460,6818.25,6818.25,6813.25,6814.5
1771307640,6814.25,6814.5,6811.5,6814.5
1771307820,6814.25,6816.0,6812.5,6813.5
1771308000,6813.5,6817.5,6813.25,6817.25
1771308180,6817.0,6817.75,6815.0,6817.25
1771308360,6817.5,6820.25,6817.0,6819.5
1771308540,6819.5,6824.25,6819.5,6822.25
1771308720,6822.25,6823.75,6820.5,6821.5
1771308900,6821.75,6823.0,6820.75,6822.75
1771309080,6823.0,6823.25,6821.0,6821.5
1771309260,6821.5,6822.0,6820.0,6820.75
1771309440,6820.75,6821.25,6820.0,6821.0
1771309620,6821.25,6821.5,6820.5,6820.75
1771309800,6820.75,6821.0,6818.75,6820.0
1771309980,6819.75,6821.25,6819.25,6820.5
1771310160,6820.5,6822.0,6820.5,6820.75
1771310340,6821.0,6825.75,6821.0,6825.5
1771310520,6825.5,6825.75,6822.75,6823.75
1771310700,6823.75,6825.75,6823.0,6823.5
1771310880,6823.5,6823.75,6822.75,6823.25
1771311060,6823.25,6824.75,6823.25,6824.25
1771311240,6824.5,6824.75,6823.75,6824.0
1771311420,6824.25,6825.25,6823.75,6824.25
1771311600,6824.25,6824.75,6819.75,6822.0
1771311780,6822.25,6822.5,6819.25,6820.0
1771311960,6820.0,6821.0,6817.75,6819.0
1771312140,6819.25,6820.25,6818.0,6818.75
1771312320,6819.0,6820.25,6818.25,6818.25
1771312500,6818.0,6819.5,6817.0,6819.25
1771312680,6819.25,6819.5,6817.75,6819.5
1771312860,6819.5,6819.5,6817.75,6818.0
1771313040,6818.0,6819.75,6817.75,6817.75
1771313220,6817.75,6817.75,6814.0,6816.0
1771313400,6816.5,6818.0,6814.25,6816.75
1771313580,6816.5,6817.0,6815.5,6816.25
1771313760,6816.25,6821.75,6816.25,6821.75
1771313940,6821.75,6824.75,6821.75,6823.5
1771314120,6823.75,6824.25,6822.75,6823.25
1771314300,6823.0,6827.25,6822.5,6824.75
1771314480,6824.5,6828.0,6824.0,6828.0
1771314660,6828.0,6828.5,6826.75,6828.5
1771314840,6828.75,6831.0,6828.75,6831.0
1771315020,6830.75,6831.5,6828.75,6830.75
1771315200,6830.75,6843.0,6829.25,6840.5
1771315380,6840.5,6843.5,6838.25,6839.25
1771315560,6839.75,6842.25,6839.0,6842.0
1771315740,6842.25,6847.25,6840.75,6846.75
1771315920,6846.75,6848.0,6842.25,6843.0
1771316100,6842.75,6843.25,6836.5,6837.25
1771316280,6837.25,6840.5,6836.25,6836.75
1771316460,6836.75,6841.5,6836.75,6841.25
1771316640,6841.25,6842.0,6837.25,6837.75
1771316820,6837.75,6839.75,6836.5,6839.5
1771317000,6839.25,6840.75,6838.5,6839.25
1771317180,6839.25,6839.25,6834.5,6835.0
1771317360,6835.0,6837.0,6833.75,6834.5
1771317540,6834.5,6834.75,6831.75,6832.25
1771317720,6832.5,6833.25,6830.0,6831.25
1771317900,6831.75,6833.0,6830.25,6832.5
1771318080,6832.5,6835.25,6832.5,6833.5
1771318260,6833.0,6833.5,6829.75,6832.0
1771318440,6832.0,6832.25,6829.25,6831.75
1771318620,6831.5,6834.0,6831.25,6832.5
1771318800,6832.5,6838.0,6832.25,6834.75
1771318980,6834.75,6837.75,6834.0,6836.0
1771319160,6835.75,6837.25,6832.75,6835.0
1771319340,6834.75,6835.25,6830.5,6830.75
1771319520,6831.0,6833.5,6830.5,6831.0
1771319700,6830.75,6832.5,6830.25,6832.0
1771319880,6832.25,6835.75,6831.25,6834.0
1771320060,6834.0,6835.75,6832.0,6832.5
1771320240,6833.0,6836.75,6832.75,6836.0
1771320420,6836.5,6837.25,6834.75,6836.5
1771320600,6836.75,6839.75,6836.25,6836.75
1771320780,6836.5,6840.75,6835.25,6840.5
1771320960,6840.5,6842.0,6839.75,6841.0
1771321140,6841.25,6841.5,6839.0,6840.25
1771321320,6840.5,6840.75,6839.75,6840.5
1771321500,6840.5,6841.75,6840.0,6841.5
1771321680,6841.25,6841.75,6838.5,6839.5
1771321860,6839.5,6841.25,6839.5,6840.75
1771322040,6841.0,6843.0,6840.75,6842.5
1771322220,6842.25,6842.25,6840.25,6841.25
1771322400,6841.0,6843.25,6841.0,6842.75
1771322580,6842.75,6843.75,6840.5,6840.5
1771322760,6840.5,6840.75,6839.0,6839.0
1771322940,6839.0,6839.5,6837.0,6837.25
1771323120,6837.25,6837.5,6835.5,6836.25
1771323300,6836.5,6837.25,6834.0,6836.75
1771323480,6836.75,6837.5,6836.0,6836.75
1771323660,6836.75,6837.75,6836.0,6836.75
1771323840,6837.0,6837.25,6836.0,6836.75
1771324020,6836.75,6837.25,6835.75,6836.25
1771324200,6836.0,6836.25,6832.0,6832.25
1771324380,6832.0,6833.5,6831.75,6833.0
1771324560,6833.25,6833.75,6831.75,6833.0
1771324740,6833.0,6833.25,6830.0,6830.5
1771324920,6830.5,6831.25,6825.75,6826.5
1771325100,6826.5,6830.25,6825.75,6830.25
1771325280,6830.25,6830.25,6825.5,6826.5
1771325460,6826.5,6826.5,6823.75,6826.25
1771325640,6825.75,6827.75,6825.5,6827.0
1771325820,6827.0,6827.25,6824.75,6825.75
1771326000,6825.75,6828.75,6825.5,6827.75
1771326180,6828.0,6828.5,6824.25,6824.5
1771326360,6824.25,6825.0,6822.5,6823.25
1771326540,6823.25,6827.0,6822.75,6827.0
1771326720,6827.0,6827.0,6825.25,6825.75
1771326900,6825.5,6826.0,6823.75,6824.5
1771327080,6824.75,6825.5,6823.0,6824.0
1771327260,6823.75,6826.25,6823.25,6823.25
1771327440,6823.5,6826.75,6821.0,6826.5
1771327620,6826.75,6830.5,6826.25,6830.25
1771327800,6830.25,6832.5,6830.25,6830.75
1771327980,6830.5,6831.5,6828.0,6828.25
1771328160,6828.25,6831.25,6827.25,6830.75
1771328340,6830.75,6832.5,6830.25,6832.0
1771328520,6832.25,6832.75,6828.5,6829.5
1771328700,6829.25,6830.75,6828.75,6829.0
1771328880,6828.75,6831.5,6828.5,6831.0
1771329060,6831.25,6832.25,6830.5,6832.0
1771329240,6831.75,6834.75,6831.5,6833.75
1771329420,6833.5,6835.25,6832.25,6832.25
1771329600,6832.25,6833.5,6829.75,6833.5
1771329780,6833.25,6833.75,6831.25,6833.0
1771329960,6833.0,6838.75,6832.5,6838.75
1771330140,6838.75,6838.75,6836.5,6837.25
1771330320,6837.5,6838.5,6834.75,6836.25
1771330500,6836.5,6837.25,6834.25,6834.75
1771330680,6834.75,6836.5,6830.75,6831.25
1771330860,6831.0,6832.0,6830.0,6830.5
1771331040,6830.5,6830.5,6827.5,6829.75
1771331220,6829.75,6833.0,6827.0,6827.5
1771331400,6827.75,6828.0,6822.75,6825.75
1771331580,6825.75,6827.5,6824.25,6826.25
1771331760,6826.25,6827.0,6824.5,6825.25
1771331940,6825.5,6825.5,6822.75,6824.25
1771332120,6824.25,6825.75,6824.0,6825.5
1771332300,6825.75,6826.5,6821.25,6822.25
1771332480,6822.25,6822.25,6819.25,6820.0
1771332660,6820.0,6822.0,6818.0,6821.75
1771332840,6821.75,6824.5,6821.75,6823.0
1771333020,6822.75,6823.0,6818.75,6819.5
1771333200,6819.5,6820.75,6817.0,6818.0
1771333380,6818.25,6819.5,6813.5,6815.25
1771333560,6815.5,6816.25,6811.25,6814.25
1771333740,6814.0,6815.25,6806.75,6807.5
1771333920,6807.5,6812.75,6805.75,6811.75
1771334100,6811.75,6815.25,6810.5,6813.5
1771334280,6813.25,6816.5,6809.5,6816.0
1771334460,6815.75,6824.5,6815.25,6821.75
1771334640,6822.0,6827.0,6821.75,6824.5
1771334820,6824.75,6827.75,6823.5,6824.5
1771335000,6824.5,6825.25,6821.5,6822.5
1771335180,6822.25,6822.25,6819.75,6821.25
1771335360,6821.5,6823.25,6820.25,6820.5
1771335540,6820.75,6824.25,6820.75,6821.0
1771335720,6821.0,6824.25,6821.0,6823.25
1771335900,6823.25,6824.75,6820.25,6820.5
1771336080,6820.75,6831.75,6819.75,6829.5
1771336260,6829.5,6844.5,6829.0,6836.0
1771336440,6836.25,6839.5,6827.5,6831.25
1771336620,6831.25,6832.0,6825.25,6826.0
1771336800,6825.75,6829.25,6825.75,6827.5
1771336980,6827.5,6836.25,6827.0,6834.25
1771337160,6834.25,6835.5,6831.5,6832.75
1771337340,6833.0,6834.75,6830.75,6833.75
1771337520,6833.75,6836.0,6831.25,6831.75
1771337700,6831.75,6833.0,6830.0,6832.5
1771337880,6832.5,6835.5,6832.5,6834.5
1771338060,6834.5,6836.25,6831.0,6831.0
1771338240,6831.25,6831.5,6829.75,6831.5
1771338420,6831.5,6835.0,6829.25,6835.0
1771338600,6835.0,6849.75,6834.0,6839.5
1771338780,6839.5,6853.75,6838.75,6853.25
1771338960,6853.25,6860.25,6851.5,6853.25
1771339140,6853.25,6862.0,6851.75,6855.75
1771339320,6855.75,6859.5,6838.25,6841.25
1771339500,6841.0,6847.0,6830.5,6832.0
1771339680,6832.25,6840.25,6817.25,6819.0
1771339860,6818.75,6822.5,6809.75,6810.5
1771340040,6810.25,6813.25,6803.0,6806.75
1771340220,6806.75,6812.5,6797.75,6799.75
1771340400,6799.75,6810.0,6796.25,6804.75
1771340580,6804.5,6819.0,6804.25,6816.0
1771340760,6816.0,6818.25,6806.75,6812.25
1771340940,6812.0,6813.5,6800.5,6800.75
1771341120,6800.5,6809.5,6800.0,6802.5
1771341300,6802.25,6817.0,6801.25,6815.5
1771341480,6815.5,6831.25,6814.25,6823.5
1771341660,6823.5,6825.25,6810.75,6812.5
1771341840,6812.25,6815.75,6803.75,6808.75
1771342020,6808.5,6811.5,6801.5,6806.75
1771342200,6806.5,6810.0,6797.75,6798.0
1771342380,6797.75,6802.75,6791.25,6797.75
1771342560,6797.75,6803.25,6792.0,6794.25
1771342740,6794.25,6801.0,6791.0,6792.5
1771342920,6792.25,6800.5,6791.25,6800.0
1771343100,6800.25,6813.75,6798.5,6813.5
1771343280,6813.5,6815.5,6803.5,6807.0
1771343460,6806.75,6816.5,6805.25,6813.25
1771343640,6813.25,6819.0,6809.75,6813.25
1771343820,6813.75,6820.0,6810.0,6819.75
1771344000,6819.5,6832.25,6818.0,6830.25
1771344180,6830.5,6838.5,6827.0,6838.0
1771344360,6837.75,6843.75,6834.75,6843.25
1771344540,6843.25,6853.0,6840.25,6851.75
1771344720,6851.75,6860.25,6850.0,6857.5
1771344900,6857.5,6859.0,6853.75,6855.5
1771345080,6855.5,6863.75,6854.25,6859.25
1771345260,6859.5,6866.75,6856.25,6863.25
1771345440,6863.25,6866.0,6861.75,6863.25
1771345620,6863.5,6864.25,6849.25,6850.5
1771345800,6850.25,6851.0,6842.25,6848.25
1771345980,6848.25,6854.75,6845.5,6854.0
1771346160,6853.75,6862.75,6853.75,6861.25
1771346340,6861.5,6861.5,6854.25,6856.75
1771346520,6857.0,6860.0,6851.5,6852.25
1771346700,6852.25,6856.25,6849.5,6853.25
1771346880,6853.0,6856.25,6849.5,6853.75
1771347060,6854.0,6857.5,6851.0,6853.5
1771347240,6853.75,6864.75,6851.25,6863.0
1771347420,6863.0,6863.5,6853.5,6858.75
1771347600,6858.5,6859.75,6849.5,6854.25
1771347780,6854.25,6856.25,6851.0,6854.0
1771347960,6853.75,6858.25,6851.75,6856.0
1771348140,6856.0,6856.5,6846.5,6846.75
1771348320,6846.75,6848.75,6842.75,6846.75
1771348500,6846.5,6850.0,6844.0,6847.25
1771348680,6847.5,6850.25,6844.75,6848.0
1771348860,6848.0,6848.25,6838.0,6840.5
1771349040,6840.5,6850.75,6839.25,6849.5
1771349220,6849.5,6856.25,6844.5,6856.25
1771349400,6856.25,6857.5,6844.25,6844.5
1771349580,6844.5,6854.0,6843.75,6853.25
1771349760,6853.5,6855.0,6850.0,6850.25
1771349940,6850.0,6851.25,6842.75,6844.75
1771350120,6844.5,6845.75,6834.0,6834.25
1771350300,6834.0,6837.0,6829.25,6834.5
1771350480,6834.75,6840.5,6833.25,6837.25
1771350660,6837.25,6838.25,6825.5,6826.75
1771350840,6826.5,6833.25,6825.25,6831.25
1771351020,6831.25,6845.75,6830.0,6844.25
1771351200,6844.25,6845.75,6838.0,6838.75
1771351380,6838.5,6845.75,6836.5,6838.5
1771351560,6838.5,6841.0,6835.5,6836.0
1771351740,6836.25,6839.25,6832.25,6837.0
1771351920,6837.0,6842.25,6834.0,6837.0
1771352100,6837.0,6838.0,6832.75,6836.25
1771352280,6836.0,6842.75,6834.75,6842.0
1771352460,6842.25,6859.5,6841.75,6855.0
1771352640,6855.0,6856.25,6848.5,6849.0
1771352820,6849.0,6859.75,6848.5,6858.0
1771353000,6858.25,6861.25,6854.5,6860.25
1771353180,6860.5,6864.25,6857.0,6858.25
1771353360,6858.25,6866.0,6858.0,6864.5
1771353540,6864.5,6875.75,6863.75,6871.25
1771353720,6871.25,6873.25,6868.75,6870.0
1771353900,6870.0,6873.5,6869.0,6872.75
1771354080,6872.75,6874.75,6868.75,6874.5
1771354260,6874.25,6877.5,6872.0,6874.75
1771354440,6875.0,6881.5,6874.75,6881.25
1771354620,6881.0,6881.25,6873.0,6875.25
1771354800,6875.25,6876.5,6872.5,6875.5
1771354980,6875.5,6879.5,6874.5,6877.25
1771355160,6877.25,6878.0,6872.75,6874.75
1771355340,6875.0,6875.25,6870.25,6873.75
1771355520,6873.5,6876.75,6871.25,6876.25
1771355700,6876.25,6876.5,6872.25,6875.75
1771355880,6875.75,6876.75,6872.25,6874.25
1771356060,6874.25,6880.25,6874.0,6879.25
1771356240,6879.5,6880.5,6876.75,6878.5
1771356420,6878.25,6879.0,6872.75,6874.25
1771356600,6874.25,6878.75,6872.25,6878.25
1771356780,6878.25,6881.75,6876.75,6879.75
1771356960,6879.5,6883.25,6877.0,6877.5
1771357140,6877.75,6883.75,6877.25,6882.25
1771357320,6882.0,6883.0,6879.75,6881.5
1771357500,6881.75,6881.75,6877.25,6879.25
1771357680,6879.5,6881.0,6876.0,6878.0
1771357860,6878.0,6878.0,6870.25,6873.5
1771358040,6873.75,6876.5,6871.25,6874.0
1771358220,6874.25,6874.75,6868.5,6870.0
1771358400,6870.0,6875.5,6869.5,6871.75
1771358580,6871.75,6873.0,6868.75,6870.5
1771358760,6870.75,6872.25,6867.25,6868.75
1771358940,6868.75,6869.5,6867.0,6867.25
1771359120,6867.0,6869.5,6865.75,6869.25
1771359300,6869.25,6871.5,6866.5,6869.25
1771359480,6869.25,6869.5,6864.75,6865.25
1771359660,6865.0,6867.25,6862.75,6864.0
1771359840,6864.0,6865.25,6861.25,6863.0
1771360020,6863.0,6865.75,6861.25,6863.25
1771360200,6863.0,6863.75,6855.5,6858.25
1771360380,6858.0,6859.75,6855.25,6857.75
1771360560,6857.75,6859.5,6854.25,6854.75
1771360740,6854.5,6861.5,6854.25,6861.25
1771360920,6861.0,6867.25,6860.75,6864.0
1771361100,6864.0,6865.0,6859.75,6860.5
1771361280,6860.75,6866.5,6859.5,6859.75
1771361460,6860.0,6861.5,6857.0,6858.0
1771361640,6858.25,6860.5,6854.0,6857.0
1771361820,6857.0,6864.0,6853.5,6862.25
1771362000,6862.25,6865.25,6857.75,6859.0
1771362180,6859.25,6862.0,6858.0,6859.75
1771362360,6859.75,6861.5,6858.75,6861.0
1771362540,6861.0,6861.0,6858.75,6860.5
1771362720,6860.5,6862.25,6860.0,6861.75
1771362900,6861.75,6869.75,6861.5,6867.25
1771363080,6867.5,6868.25,6865.25,6866.75
1771363260,6866.5,6867.25,6864.75,6866.0
1771363440,6866.0,6866.5,6864.25,6865.75
1771363620,6865.75,6867.0,6864.5,6865.0
1771363800,6865.0,6865.0,6862.25,6862.25
1771363980,6862.25,6862.25,6859.75,6859.75
1771364160,6859.75,6862.5,6859.25,6861.75
1771364340,6861.75,6862.5,6860.25,6862.25
1771364520,6862.25,6863.25,6861.25,6862.0
1771364700,6862.25,6863.0,6861.0,6862.75
1771364880,6862.75,6863.5,6861.25,6862.0
1771365060,6862.0,6862.25,6860.5,6860.75
1771365240,6860.75,6861.75,6860.25,6861.5
1771365420,6861.25,6863.75,6861.0,6862.25
1771369200,6862.75,6864.75,6856.75,6857.75
1771369380,6858.0,6859.25,6857.25,6857.5
1771369560,6857.75,6861.25,6857.75,6858.75
1771369740,6858.5,6859.0,6854.25,6854.25
1771369920,6854.5,6856.0,6853.75,6855.75
1771370100,6856.0,6857.75,6853.5,6857.5
1771370280,6857.5,6860.25,6857.5,6859.5
1771370460,6859.75,6860.25,6858.5,6858.75
1771370640,6858.5,6859.5,6857.75,6858.5
1771370820,6858.75,6858.75,6856.5,6857.25
1771371000,6857.5,6859.0,6855.25,6856.0
1771371180,6855.75,6856.0,6852.0,6852.75
1771371360,6852.5,6854.5,6852.0,6852.75
1771371540,6852.5,6855.25,6852.25,6854.75
1771371720,6855.0,6855.0,6853.25,6853.75
1771371900,6853.5,6853.5,6848.75,6851.5
1771372080,6851.5,6851.5,6850.0,6850.5
1771372260,6850.25,6852.0,6850.0,6851.75
1771372440,6851.75,6853.5,6851.25,6852.75
1771372620,6852.75,6852.75,6849.5,6850.25
1771372800,6850.25,6854.5,6849.75,6853.5
1771372980,6853.75,6854.5,6853.0,6854.5
1771373160,6854.5,6854.5,6852.0,6853.0
1771373340,6853.25,6856.5,6852.75,6856.0
1771373520,6856.0,6858.5,6855.5,6857.75
1771373700,6857.5,6859.5,6856.5,6856.5
1771373880,6856.5,6857.0,6855.25,6856.75
1771374060,6856.75,6857.75,6855.25,6855.5
1771374240,6855.5,6856.0,6851.0,6851.5
1771374420,6851.5,6855.0,6851.5,6855.0
1771374600,6855.25,6857.0,6853.75,6857.0
1771374780,6857.0,6857.25,6855.5,6857.0
1771374960,6856.75,6857.5,6855.75,6856.75
1771375140,6856.75,6858.0,6856.75,6856.75
1771375320,6856.75,6856.75,6854.25,6854.25
1771375500,6854.5,6854.75,6851.25,6852.5
1771375680,6852.5,6853.0,6850.5,6851.0
1771375860,6850.75,6852.0,6850.25,6851.0
1771376040,6851.25,6852.25,6850.25,6851.25
1771376220,6851.0,6852.75,6850.5,6852.5
1771376400,6852.25,6853.25,6851.0,6852.0
1771376580,6852.0,6853.25,6849.5,6852.5
1771376760,6852.75,6853.0,6849.75,6851.0
1771376940,6850.75,6851.0,6849.5,6850.5
1771377120,6850.5,6852.0,6850.0,6851.5
1771377300,6851.25,6853.75,6851.25,6852.5
1771377480,6852.25,6856.0,6852.25,6855.75
1771377660,6855.75,6855.75,6853.0,6853.5
1771377840,6853.25,6853.5,6852.0,6852.5
1771378020,6852.75,6852.75,6850.25,6851.5
1771378200,6851.5,6852.5,6850.5,6852.25
1771378380,6852.5,6853.0,6850.0,6851.0
1771378560,6851.25,6851.75,6850.25,6851.0
1771378740,6851.25,6853.5,6851.0,6853.5
1771378920,6853.5,6854.5,6853.25,6854.0
1771379100,6854.25,6854.5,6852.25,6852.5
1771379280,6852.25,6854.25,6852.25,6853.75
1771379460,6853.5,6853.5,6852.0,6852.75
1771379640,6852.75,6854.5,6852.25,6854.5
1771379820,6854.5,6857.25,6854.5,6857.0
1771380000,6857.0,6859.0,6856.75,6857.5
1771380180,6857.75,6858.25,6857.0,6857.25
1771380360,6857.0,6859.75,6857.0,6858.75
1771380540,6858.75,6861.0,6858.75,6859.0
1771380720,6858.75,6859.75,6858.0,6859.75
1771380900,6859.75,6860.0,6858.5,6858.5
1771381080,6858.25,6858.5,6856.25,6857.0
1771381260,6857.0,6857.25,6856.75,6857.25
1771381440,6857.25,6857.25,6855.0,6855.5
1771381620,6855.5,6857.5,6855.5,6857.0
1771381800,6857.0,6859.25,6857.0,6858.75
1771381980,6858.75,6860.25,6858.5,6860.0
1771382160,6859.75,6861.0,6859.0,6860.25
1771382340,6860.25,6861.25,6860.0,6860.5
1771382520,6860.75,6861.0,6860.0,6860.5
1771382700,6860.75,6861.75,6860.5,6861.0
1771382880,6860.75,6861.25,6859.75,6860.0
1771383060,6859.75,6860.5,6859.25,6860.0
1771383240,6860.0,6860.25,6858.5,6859.0
1771383420,6858.75,6859.0,6858.5,6859.0
1771383600,6859.0,6860.25,6858.75,6860.25
1771383780,6860.0,6861.75,6859.75,6861.0
1771383960,6861.0,6861.25,6858.75,6858.75
1771384140,6859.0,6859.5,6857.25,6858.25
1771384320,6858.0,6858.0,6856.5,6857.0
1771384500,6857.0,6857.25,6855.0,6855.5
1771384680,6855.5,6856.75,6854.75,6855.25
1771384860,6855.25,6856.0,6855.0,6856.0
1771385040,6856.0,6857.0,6855.75,6856.0
1771385220,6856.0,6857.75,6855.75,6857.25
1771385400,6857.25,6860.5,6857.25,6860.5
1771385580,6860.0,6861.0,6859.25,6860.75
1771385760,6860.5,6862.0,6860.0,6860.75
1771385940,6861.0,6861.5,6860.5,6861.25
1771386120,6861.5,6861.5,6860.5,6861.25
1771386300,6861.0,6863.25,6860.75,6862.75
1771386480,6862.75,6864.0,6862.5,6864.0
1771386660,6864.0,6865.5,6863.75,6865.5
1771386840,6865.25,6867.5,6864.5,6867.25
1771387020,6867.25,6867.25,6866.25,6866.25
1771387200,6866.25,6867.0,6864.75,6865.75
1771387380,6865.5,6866.5,6865.25,6866.0
1771387560,6866.0,6869.25,6865.75,6868.75
1771387740,6869.0,6869.5,6868.25,6868.75
1771387920,6869.0,6869.0,6867.0,6867.5
1771388100,6867.75,6868.25,6866.25,6867.5
1771388280,6867.5,6869.0,6867.5,6869.0
1771388460,6869.0,6869.5,6868.0,6868.5
1771388640,6868.75,6869.5,6868.5,6869.5
1771388820,6869.5,6870.5,6869.25,6869.75
1771389000,6869.75,6871.25,6869.25,6870.25
1771389180,6870.25,6873.0,6870.25,6872.25
1771389360,6872.25,6873.75,6872.25,6872.75
1771389540,6873.0,6873.75,6873.0,6873.0
1771389720,6873.0,6875.0,6872.75,6874.75
1771389900,6874.75,6875.0,6872.5,6873.25
1771390080,6873.25,6874.75,6873.25,6874.0
1771390260,6874.25,6874.5,6873.25,6873.75
1771390440,6873.75,6874.25,6873.25,6873.75
1771390620,6873.75,6874.75,6873.5,6874.75
1771391340,6873.5,6874.5,6873.25,6873.75
1771391520,6873.75,6874.75,6873.75,6874.75
1771391700,6874.75,6875.75,6874.25,6874.5
1771391880,6874.25,6875.25,6873.75,6874.5
1771392060,6874.5,6875.5,6874.5,6875.0
1771392240,6875.25,6875.25,6874.75,6875.25
1771392420,6875.0,6875.0,6874.0,6874.25
1771392600,6874.25,6875.25,6873.75,6873.75
1771392780,6874.0,6874.75,6873.75,6874.5
1771392960,6874.5,6875.75,6874.5,6875.75
1771393140,6875.75,6877.25,6874.75,6874.75
1771393320,6874.5,6875.0,6874.0,6874.25
1771393500,6874.25,6875.0,6874.25,6874.5
1771393680,6874.75,6874.75,6873.75,6874.25
1771393860,6874.5,6874.5,6873.5,6873.75
1771394040,6873.5,6873.75,6872.5,6873.5
1771394220,6873.75,6874.0,6873.0,6873.5
1771394400,6873.5,6874.0,6872.5,6872.75
1771394580,6873.0,6873.75,6872.5,6873.5
1771394760,6873.25,6874.0,6873.0,6873.5
1771394940,6873.25,6873.25,6871.5,6872.0
1771395120,6872.0,6872.0,6870.5,6872.0
1771395300,6871.75,6874.25,6871.25,6873.75
1771395480,6873.75,6873.75,6872.25,6873.5
1771395660,6873.25,6874.5,6872.75,6873.5
1771395840,6873.25,6873.5,6872.25,6872.75
1771396020,6872.5,6875.25,6872.5,6874.0
1771396200,6874.0,6875.0,6871.25,6871.5
1771396380,6871.25,6873.25,6871.25,6873.0
1771396560,6873.25,6876.75,6872.75,6876.25
1771396740,6876.0,6876.25,6875.0,6875.0
1771396920,6875.0,6876.25,6874.5,6876.25
1771397100,6876.25,6876.75,6875.0,6875.5
1771397280,6875.75,6878.5,6875.25,6878.0
1771397460,6877.75,6878.0,6876.75,6878.0
1771397640,6878.0,6878.0,6875.75,6876.0
1771397820,6876.0,6876.0,6874.0,6874.0
1771398000,6873.75,6875.5,6873.25,6874.25
1771398180,6874.0,6875.0,6873.0,6873.0
1771398360,6873.25,6873.25,6871.5,6872.0
1771398540,6872.0,6873.25,6870.5,6871.0
1771398720,6871.25,6872.5,6871.0,6872.0
1771398900,6872.0,6872.75,6871.25,6872.75
1771399080,6872.75,6872.75,6871.5,6871.75
1771399260,6872.0,6872.25,6871.0,6871.75
1771399440,6871.5,6873.25,6870.25,6872.25
1771399620,6872.0,6874.5,6872.0,6874.5
1771399800,6874.25,6875.5,6873.5,6875.25
1771399980,6875.25,6875.75,6874.5,6875.75
1771400160,6875.75,6877.0,6875.0,6876.75
1771400340,6877.0,6877.5,6875.5,6876.5
1771400520,6876.5,6878.25,6876.5,6878.0
1771400700,6878.0,6878.75,6877.25,6878.5
1771400880,6878.25,6878.75,6876.0,6876.5
1771401060,6876.5,6877.5,6876.0,6877.25
1771401240,6877.25,6878.25,6876.75,6877.0
1771401420,6877.25,6877.5,6877.0,6877.25
1771401600,6877.25,6882.5,6877.25,6879.75
1771401780,6879.5,6885.0,6879.25,6883.75
1771401960,6883.75,6885.0,6882.0,6884.5
1771402140,6884.5,6886.75,6883.75,6885.0
1771402320,6885.0,6885.25,6881.75,6883.75
1771402500,6884.0,6893.5,6883.75,6892.5
1771402680,6892.5,6892.75,6889.5,6890.25
1771402860,6890.25,6890.75,6888.0,6890.75
1771403040,6891.0,6892.5,6890.25,6890.5
1771403220,6890.5,6891.0,6887.5,6889.25
1771403400,6889.5,6891.0,6889.0,6890.5
1771403580,6890.75,6892.0,6890.0,6891.25
1771403760,6891.0,6894.75,6890.75,6892.5
1771403940,6892.0,6895.75,6892.0,6895.25
1771404120,6895.0,6895.25,6892.0,6892.25
1771404300,6892.5,6894.75,6890.5,6891.0
1771404480,6891.0,6892.0,6890.5,6891.0
1771404660,6891.0,6891.75,6890.0,6891.25
1771404840,6891.25,6895.0,6890.75,6894.5
1771405020,6894.5,6895.0,6893.25,6894.25
1771405200,6894.25,6897.25,6894.25,6896.25
1771405380,6896.0,6896.0,6894.5,6895.5
1771405560,6895.5,6896.25,6894.25,6895.75
1771405740,6896.0,6897.5,6895.0,6896.75
1771405920,6896.75,6898.75,6896.5,6897.25
1771406100,6897.25,6898.75,6894.75,6895.5
1771406280,6895.5,6896.0,6895.0,6895.75
1771406460,6895.75,6896.25,6893.75,6895.75
1771406640,6895.75,6898.25,6895.75,6897.0
1771406820,6896.75,6899.5,6896.0,6898.25
1771407000,6898.25,6901.75,6897.75,6901.0
1771407180,6901.0,6902.0,6900.0,6900.25
1771407360,6900.25,6902.75,6900.25,6902.0
1771407540,6902.0,6903.0,6902.0,6902.75
1771407720,6903.0,6904.0,6902.0,6903.0
1771407900,6903.0,6903.25,6900.5,6901.25
1771408080,6901.25,6902.25,6898.75,6900.0
1771408260,6900.0,6901.25,6898.75,6899.25
1771408440,6899.25,6900.75,6897.25,6897.5
1771408620,6897.5,6897.5,6895.75,6896.0
1771408800,6896.0,6897.75,6895.25,6897.75
1771408980,6897.75,6900.5,6897.25,6899.25
1771409160,6899.25,6900.5,6897.75,6897.75
1771409340,6897.75,6899.25,6897.5,6898.75
1771409520,6899.0,6901.5,6899.0,6900.0
1771409700,6900.25,6902.0,6900.0,6901.0
1771409880,6901.25,6901.25,6899.0,6899.75
1771410060,6899.75,6901.0,6899.5,6900.0
1771410240,6900.25,6901.0,6899.75,6901.0
1771410420,6901.0,6902.75,6900.75,6902.0
1771410600,6902.0,6902.25,6900.25,6900.25
1771410780,6900.25,6902.0,6899.75,6902.0
1771410960,6902.25,6902.75,6899.5,6899.75
1771411140,6899.75,6900.75,6899.0,6899.75
1771411320,6899.5,6900.0,6897.25,6899.25
1771411500,6899.25,6900.25,6898.0,6899.0
1771411680,6899.0,6899.5,6897.75,6898.0
1771411860,6897.75,6898.5,6896.5,6898.5
1771412040,6898.5,6898.75,6895.75,6896.5
1771412220,6896.75,6898.75,6896.75,6898.25
1771412400,6898.25,6899.25,6897.75,6898.25
1771412580,6898.0,6898.25,6896.25,6897.0
1771412760,6897.0,6897.25,6895.0,6895.5
1771412940,6895.5,6895.5,6892.5,6893.0
1771413120,6893.0,6894.75,6893.0,6893.75
1771413300,6893.75,6894.75,6893.0,6893.0
1771413480,6893.0,6894.75,6893.0,6894.25
1771413660,6894.0,6897.5,6894.0,6897.25
1771413840,6897.5,6897.75,6895.0,6895.25
1771414020,6895.0,6895.0,6893.0,6893.5
1771414200,6893.5,6894.75,6890.0,6890.0
1771414380,6890.25,6891.75,6889.5,6889.75
1771414560,6889.75,6890.75,6889.0,6890.5
1771414740,6890.75,6891.0,6888.75,6889.25
1771414920,6889.0,6890.5,6888.5,6890.0
1771415100,6890.0,6891.0,6889.75,6890.0
1771415280,6890.0,6891.5,6890.0,6890.75
1771415460,6890.75,6890.75,6888.5,6889.0
1771415640,6889.25,6890.0,6888.5,6888.75
1771415820,6889.0,6890.0,6888.5,6889.5
1771416000,6889.5,6896.0,6889.0,6894.5
1771416180,6894.5,6895.25,6892.5,6894.5
1771416360,6894.75,6899.0,6892.0,6895.75
1771416540,6895.5,6897.5,6893.5,6897.0
1771416720,6897.5,6899.0,6895.75,6898.5
1771416900,6898.5,6899.5,6896.5,6897.0
1771417080,6897.0,6897.5,6894.75,6895.75
1771417260,6895.75,6896.75,6892.0,6894.0
1771417440,6894.0,6894.25,6889.5,6889.75
1771417620,6890.0,6890.0,6886.5,6886.75
1771417800,6887.0,6887.0,6880.5,6882.75
1771417980,6882.5,6882.5,6874.75,6877.25
1771418160,6877.5,6880.25,6876.5,6880.0
1771418340,6880.0,6883.5,6879.25,6882.75
1771418520,6882.5,6884.75,6880.75,6884.0
1771418700,6883.75,6885.25,6880.75,6881.75
1771418880,6881.75,6885.25,6880.5,6885.25
1771419060,6885.0,6885.5,6883.5,6885.0
1771419240,6885.0,6885.25,6882.0,6883.5
1771419420,6883.75,6886.5,6883.75,6885.75
1771419600,6885.75,6887.5,6885.5,6886.0
1771419780,6886.0,6887.25,6882.5,6883.75
1771419960,6884.0,6887.25,6883.75,6886.5
1771420140,6886.5,6888.75,6885.5,6888.5
1771420320,6888.25,6888.75,6886.75,6886.75
1771420500,6886.75,6888.25,6885.25,6886.5
1771420680,6886.25,6886.25,6883.5,6883.5
1771420860,6883.25,6886.5,6883.0,6884.25
1771421040,6884.0,6887.75,6884.0,6887.5
1771421220,6887.75,6889.25,6886.75,6888.75
1771421400,6889.0,6894.0,6887.5,6887.75
1771421580,6888.0,6888.75,6886.25,6888.0
1771421760,6888.0,6889.5,6887.75,6887.75
1771421940,6887.5,6887.75,6882.0,6882.75
1771422120,6882.5,6882.75,6877.75,6880.0
1771422300,6880.25,6881.0,6875.5,6876.0
1771422480,6875.75,6876.5,6874.25,6875.25
1771422660,6875.25,6876.5,6873.25,6874.25
1771422840,6874.0,6874.75,6871.75,6873.75
1771423020,6873.5,6874.5,6871.0,6873.75
1771423200,6873.75,6875.0,6870.0,6873.75
1771423380,6873.75,6877.25,6873.5,6875.75
1771423560,6876.0,6877.0,6875.0,6876.5
1771423740,6876.5,6877.0,6875.25,6876.0
1771423920,6875.75,6875.75,6873.5,6875.25
1771424100,6875.25,6879.0,6873.75,6878.75
1771424280,6878.75,6879.25,6874.5,6876.75
1771424460,6876.75,6877.5,6876.0,6877.5
1771424640,6877.5,6877.5,6873.75,6875.25
1771424820,6875.25,6877.25,6872.75,6873.75
1771425000,6873.75,6876.5,6861.5,6869.25
1771425180,6869.25,6877.25,6865.75,6870.0
1771425360,6870.25,6880.0,6865.75,6877.75
1771425540,6877.75,6884.5,6872.25,6881.0
1771425720,6881.0,6888.75,6879.25,6883.5
1771425900,6883.75,6886.5,6876.25,6879.75
1771426080,6879.75,6880.0,6869.0,6870.5
1771426260,6870.25,6881.25,6869.5,6879.75
1771426440,6879.75,6892.75,6877.5,6892.0
1771426620,6892.0,6897.75,6888.5,6895.5
1771426800,6895.5,6904.25,6894.75,6902.5
1771426980,6902.75,6914.0,6901.0,6913.75
1771427160,6913.75,6915.5,6907.25,6907.5
1771427340,6907.75,6910.0,6904.0,6906.25
1771427520,6906.5,6913.0,6905.75,6912.25
1771427700,6912.25,6919.0,6911.25,6917.75
1771427880,6917.75,6918.5,6910.5,6913.0
1771428060,6913.25,6915.75,6913.0,6914.5
1771428240,6914.5,6915.0,6909.0,6914.0
1771428420,6914.0,6914.5,6911.75,6912.75
1771428600,6912.75,6913.5,6909.25,6910.25
1771428780,6910.25,6911.5,6907.0,6910.75
1771428960,6910.75,6914.5,6909.0,6913.0
1771429140,6913.0,6919.5,6911.25,6918.0
1771429320,6918.0,6919.25,6914.5,6917.0
1771429500,6917.25,6918.25,6914.5,6917.0
1771429680,6917.25,6920.75,6915.5,6916.5
1771429860,6916.5,6919.5,6914.0,6917.5
1771430040,6917.75,6921.5,6915.25,6920.25
1771430220,6920.5,6921.25,6917.75,6919.5
1771430400,6919.25,6920.0,6916.75,6918.0
1771430580,6918.25,6923.0,6916.5,6921.5
1771430760,6921.75,6923.75,6919.75,6920.5
1771430940,6920.75,6920.75,6916.75,6918.0
1771431120,6918.0,6920.25,6917.0,6918.25
1771431300,6918.5,6921.0,6917.75,6918.0
1771431480,6918.25,6919.0,6914.5,6915.5
1771431660,6915.25,6918.0,6914.25,6916.25
1771431840,6916.25,6918.5,6915.0,6915.25
1771432020,6915.25,6917.5,6914.5,6916.5
1771432200,6916.25,6921.75,6915.5,6920.75
1771432380,6920.75,6920.75,6917.25,6918.25
1771432560,6918.25,6919.75,6917.0,6917.5
1771432740,6917.5,6920.5,6917.25,6920.0
1771432920,6920.0,6920.5,6916.75,6917.25
1771433100,6917.25,6918.75,6916.0,6917.75
1771433280,6918.0,6919.0,6913.75,6915.25
1771433460,6915.25,6916.5,6911.5,6911.75
1771433640,6912.0,6913.5,6909.75,6912.0
1771433820,6912.25,6912.5,6908.75,6909.0
1771434000,6909.25,6913.75,6907.5,6911.5
1771434180,6911.5,6919.25,6910.75,6918.75
1771434360,6919.0,6923.0,6917.5,6919.0
1771434540,6919.25,6920.25,6917.25,6918.25
1771434720,6918.5,6918.5,6914.0,6916.25
1771434900,6916.25,6919.0,6915.0,6917.75
1771435080,6917.5,6920.75,6917.25,6920.5
1771435260,6920.25,6920.75,6918.75,6919.25
1771435440,6919.25,6920.0,6916.5,6917.0
1771435620,6916.75,6918.5,6915.5,6916.25
1771435800,6916.25,6918.25,6915.75,6916.25
1771435980,6916.25,6916.5,6913.0,6914.75
1771436160,6915.0,6916.75,6914.25,6915.25
1771436340,6915.25,6917.0,6914.0,6914.75
1771436520,6914.75,6914.75,6912.75,6914.25
1771436700,6914.5,6917.75,6913.25,6916.75
1771436880,6916.75,6917.75,6915.5,6917.0
1771437060,6917.25,6920.75,6915.75,6920.5
1771437240,6920.75,6921.0,6919.75,6920.5
1771437420,6920.75,6922.25,6917.5,6919.25
1771437600,6919.0,6925.75,6918.75,6924.75
1771437780,6924.75,6925.0,6920.75,6921.75
1771437960,6921.75,6922.25,6919.5,6920.0
1771438140,6920.25,6920.5,6918.0,6919.0
1771438320,6919.25,6920.25,6918.0,6919.0
1771438500,6919.0,6920.75,6918.75,6920.75
1771438680,6921.0,6922.0,6918.25,6918.5
1771438860,6918.75,6919.0,6915.75,6916.75
1771439040,6916.75,6916.75,6912.75,6912.75
1771439220,6912.75,6913.5,6908.5,6911.75
1771439400,6912.0,6913.5,6908.25,6909.75
1771439580,6909.5,6912.75,6908.5,6912.25
1771439760,6912.25,6914.0,6910.75,6911.5
1771439940,6911.5,6912.25,6907.5,6908.5
1771440120,6908.75,6909.0,6900.0,6904.25
1771440300,6904.25,6908.5,6903.0,6906.75
1771440480,6906.75,6909.75,6903.25,6904.25
1771440660,6904.0,6904.25,6894.25,6898.25
1771440840,6898.25,6904.25,6898.0,6903.75
1771441020,6903.75,6905.0,6900.25,6903.5
1771441200,6903.25,6907.5,6899.0,6903.25
1771441380,6903.0,6907.5,6902.5,6904.0
1771441560,6904.25,6905.25,6900.25,6901.5
1771441740,6901.5,6904.5,6900.0,6903.0
1771441920,6902.75,6902.75,6897.5,6897.75
1771442100,6898.0,6898.75,6895.75,6895.75
1771442280,6895.75,6898.5,6894.25,6895.75
1771442460,6895.75,6902.5,6895.5,6902.0
1771442640,6902.25,6902.5,6899.75,6901.75
1771442820,6901.75,6901.75,6896.0,6897.75
1771443000,6898.0,6900.0,6890.5,6892.75
1771443180,6892.75,6895.0,6890.25,6891.25
1771443360,6891.25,6891.25,6882.5,6884.25
1771443540,6884.0,6890.5,6882.0,6888.75
1771443720,6888.75,6889.5,6883.5,6885.0
1771443900,6885.25,6891.75,6884.0,6891.0
1771444080,6891.0,6891.0,6885.0,6885.5
1771444260,6885.5,6887.25,6881.0,6881.5
1771444440,6881.5,6884.0,6878.5,6879.0
1771444620,6878.75,6879.5,6873.75,6879.25
1771444800,6879.5,6887.0,6878.5,6886.0
1771444980,6885.75,6886.75,6881.75,6883.25
1771445160,6883.25,6883.75,6878.25,6879.25
1771445340,6879.0,6880.5,6875.0,6876.25
1771445520,6876.25,6879.0,6874.5,6877.5
1771445700,6877.25,6877.75,6872.5,6875.75
1771445880,6876.0,6880.0,6873.5,6873.5
1771446060,6873.5,6876.5,6872.75,6875.0
1771446240,6875.25,6877.75,6873.75,6876.5
1771446420,6876.5,6877.5,6874.5,6875.25
1771446600,6875.25,6884.0,6874.5,6881.25
1771446780,6881.25,6887.0,6880.0,6883.75
1771446960,6883.5,6887.5,6883.0,6887.5
1771447140,6887.5,6889.5,6886.5,6887.75
1771447320,6887.75,6892.25,6887.0,6889.75
1771447500,6890.25,6898.25,6888.25,6897.25
1771447680,6897.5,6900.75,6895.25,6899.5
1771447860,6899.5,6903.75,6897.5,6901.75
1771448040,6902.0,6905.75,6900.75,6903.25
1771448220,6903.5,6903.75,6892.25,6895.25
1771448400,6895.25,6897.0,6892.5,6895.0
1771448580,6895.0,6895.25,6892.5,6893.25
1771448760,6893.25,6893.25,6892.0,6892.25
1771448940,6892.0,6892.5,6891.0,6892.0
1771449120,6891.75,6893.75,6891.0,6893.25
1771449300,6893.25,6893.5,6891.0,6891.75
1771449480,6891.75,6891.75,6890.5,6890.75
1771449660,6891.0,6891.5,6889.75,6891.0
1771449840,6891.0,6891.5,6890.0,6890.0
1771450020,6890.0,6891.75,6889.5,6891.75
1771450200,6891.5,6892.0,6891.0,6891.75
1771450380,6891.75,6892.0,6891.0,6891.75
1771450560,6891.75,6893.25,6891.75,6892.25
1771450740,6892.0,6893.25,6892.0,6893.0
1771450920,6893.0,6893.25,6892.25,6892.25
1771451100,6892.5,6893.5,6892.25,6892.5
1771451280,6892.5,6892.75,6890.75,6890.75
1771451460,6890.75,6891.5,6890.5,6891.0
1771451640,6891.0,6892.25,6889.5,6892.0
1771451820,6892.0,6893.0,6891.5,6892.0
1771455600,6891.75,6896.75,6890.5,6896.25
1771455780,6896.25,6898.5,6896.0,6898.0
1771455960,6898.25,6899.75,6898.0,6899.5
1771456140,6899.5,6901.75,6899.25,6901.0
1771456320,6900.75,6902.25,6900.75,6901.75
1771456500,6901.5,6901.75,6897.75,6898.25
1771456680,6898.25,6898.75,6896.75,6897.5
1771456860,6898.0,6898.0,6897.0,6897.25
1771457040,6897.0,6898.5,6896.25,6898.25
1771457220,6898.0,6899.0,6897.75,6898.75
1771457400,6898.75,6900.0,6898.5,6899.75
1771457580,6899.5,6899.5,6897.5,6898.0
1771457760,6898.25,6898.25,6896.5,6897.25
1771457940,6897.25,6897.5,6896.75,6897.0
1771458120,6897.0,6897.5,6896.5,6897.0
1771458300,6896.75,6898.25,6896.0,6898.25
1771458480,6898.25,6899.25,6895.75,6896.0
1771458660,6896.0,6896.25,6895.0,6896.0
1771458840,6896.25,6897.0,6895.25,6895.5
1771459020,6895.25,6895.75,6894.0,6894.75
1771459200,6894.75,6896.25,6893.25,6894.5
1771459380,6894.25,6894.75,6892.5,6894.25
1771459560,6894.0,6895.0,6893.25,6893.5
1771459740,6893.5,6893.75,6890.5,6892.25
1771459920,6892.25,6894.25,6892.25,6892.75
1771460100,6892.75,6894.0,6891.5,6892.25
1771460280,6892.25,6893.0,6891.75,6892.75
1771460460,6892.75,6892.75,6888.25,6888.75
1771460640,6889.0,6890.0,6886.75,6888.0
1771460820,6888.0,6890.25,6887.75,6888.5
1771461000,6888.75,6890.0,6887.5,6889.25
1771461180,6889.5,6893.5,6889.5,6892.0
1771461360,6892.0,6893.0,6891.5,6891.75
1771461540,6891.5,6892.5,6891.0,6891.75
1771461720,6891.75,6892.0,6889.75,6889.75
1771461900,6889.5,6892.0,6889.0,6891.0
1771462080,6891.0,6891.75,6889.75,6890.5
1771462260,6891.0,6891.25,6889.5,6890.5
1771462440,6890.5,6892.25,6890.5,6891.5
1771462620,6891.5,6892.0,6890.5,6891.75
1771462800,6891.5,6897.75,6890.5,6896.0
1771462980,6896.0,6899.0,6895.75,6898.0
1771463160,6898.25,6899.25,6897.5,6898.5
1771463340,6898.75,6900.75,6898.5,6899.75
1771463520,6899.5,6901.75,6898.75,6901.0
1771463700,6900.75,6901.5,6900.0,6900.5
1771463880,6900.5,6900.5,6897.75,6898.0
1771464060,6898.0,6898.75,6897.0,6897.25
1771464240,6897.25,6897.5,6896.0,6896.0
1771464420,6896.0,6896.5,6894.75,6895.5
1771464600,6895.5,6897.0,6895.25,6896.25
1771464780,6896.0,6897.25,6895.25,6896.75
1771464960,6896.5,6896.75,6891.0,6891.25
1771465140,6891.0,6893.5,6890.25,6893.0
1771465320,6893.25,6894.25,6892.5,6893.25
1771465500,6893.0,6893.5,6891.5,6892.5
1771465680,6892.5,6893.25,6891.75,6891.75
1771465860,6891.75,6892.25,6890.5,6892.0
1771466040,6892.0,6895.75,6892.0,6895.5
1771466220,6895.25,6897.0,6894.5,6897.0
1771466400,6896.75,6897.5,6894.25,6894.5
1771466580,6894.5,6896.0,6893.5,6895.5
1771466760,6895.5,6895.5,6893.25,6894.75
1771466940,6895.0,6897.75,6895.0,6897.0
1771467120,6897.0,6898.5,6895.75,6896.75
1771467300,6897.0,6898.0,6896.0,6896.5
1771467480,6896.75,6898.0,6896.25,6897.75
1771467660,6897.75,6898.5,6897.25,6897.5
1771467840,6897.5,6897.75,6896.5,6897.0
1771468020,6897.0,6899.5,6897.0,6899.25
1771468200,6899.25,6900.0,6898.25,6899.25
1771468380,6899.25,6899.5,6897.5,6897.5
1771468560,6897.5,6898.0,6896.5,6897.5
1771468740,6897.5,6897.75,6897.25,6897.25
1771468920,6897.5,6899.0,6897.5,6898.25
1771469100,6898.25,6899.75,6898.25,6899.0
1771469280,6899.0,6899.25,6897.75,6897.75
1771469460,6897.75,6897.75,6896.25,6896.5
1771469640,6896.5,6897.5,6896.25,6896.75
1771469820,6896.75,6897.75,6896.25,6897.75
1771470000,6897.75,6899.0,6896.75,6899.0
1771470180,6898.75,6900.0,6898.0,6899.75
1771470360,6899.75,6899.75,6898.5,6899.0
1771470540,6898.75,6899.25,6898.0,6898.75
1771470720,6898.5,6899.5,6898.25,6898.5
1771470900,6898.5,6899.75,6897.75,6897.75
1771471080,6897.75,6898.75,6897.5,6898.25
1771471260,6898.25,6899.5,6897.75,6898.5
1771471440,6898.5,6900.5,6898.5,6899.5
1771471620,6899.75,6900.5,6899.25,6900.25
1771471800,6900.25,6901.25,6898.75,6899.0
1771471980,6899.25,6899.5,6898.75,6899.25
1771472160,6899.25,6899.25,6897.5,6897.75
1771472340,6897.75,6897.75,6895.75,6895.75
1771472520,6895.75,6897.0,6895.5,6897.0
1771472700,6897.0,6897.0,6895.5,6895.5
1771472880,6895.75,6896.0,6894.5,6895.0
1771473060,6895.0,6895.75,6894.75,6895.0
1771473240,6895.0,6897.75,6895.0,6897.75
1771473420,6897.75,6899.0,6897.5,6898.0
1771473600,6898.0,6899.75,6898.0,6899.5
1771473780,6899.25,6899.25,6897.75,6898.5
1771473960,6898.75,6899.25,6897.75,6897.75
1771474140,6897.75,6899.25,6897.75,6898.5
1771474320,6898.5,6899.25,6898.0,6899.0
1771474500,6898.75,6899.25,6898.25,6899.25
1771474680,6899.5,6900.0,6899.0,6899.75
1771474860,6899.75,6900.5,6898.25,6898.5
1771475040,6898.5,6898.5,6897.0,6897.5
1771475220,6897.5,6897.75,6896.25,6896.5
1771475400,6896.5,6897.5,6896.25,6897.0
1771475580,6896.75,6897.5,6896.5,6896.5
1771475760,6896.5,6898.5,6896.5,6898.25
1771475940,6898.5,6898.5,6897.25,6898.0
1771476120,6898.0,6898.0,6896.0,6896.75
1771476300,6896.75,6897.25,6895.0,6895.25
1771476480,6895.0,6895.5,6893.75,6893.75
1771476660,6893.75,6894.75,6893.0,6894.25
1771476840,6894.25,6895.0,6894.0,6894.25
1771477020,6894.5,6894.75,6893.5,6893.75
1771477740,6891.5,6893.75,6890.75,6893.5
1771477920,6893.5,6893.75,6892.75,6893.25
1771478100,6893.5,6895.5,6893.25,6894.5
1771478280,6894.5,6896.25,6893.75,6895.0
1771478460,6895.0,6895.0,6893.5,6894.25
1771478640,6894.25,6895.25,6893.75,6894.0
1771478820,6894.0,6898.0,6894.0,6897.25
1771479000,6897.25,6898.75,6897.25,6898.25
1771479180,6898.5,6900.0,6898.5,6899.75
1771479360,6899.5,6899.5,6898.25,6899.5
1771479540,6899.25,6899.5,6899.0,6899.0
1771479720,6899.0,6899.75,6898.75,6899.0
1771479900,6899.0,6902.25,6899.0,6901.75
1771480080,6902.0,6903.75,6901.0,6901.75
1771480260,6901.5,6902.5,6901.25,6902.25
1771480440,6902.0,6902.75,6901.25,6902.25
1771480620,6902.0,6902.0,6901.5,6902.0
1771480800,6902.0,6902.75,6901.75,6902.75
1771480980,6902.75,6903.75,6902.0,6902.75
1771481160,6902.75,6903.25,6900.75,6900.75
1771481340,6900.75,6901.5,6900.0,6901.25
1771481520,6901.25,6902.5,6901.25,6901.25
1771481700,6901.5,6902.25,6900.5,6900.5
1771481880,6900.75,6901.5,6900.25,6901.25
1771482060,6901.25,6902.0,6901.0,6901.25
1771482240,6901.25,6902.0,6901.0,6901.25
1771482420,6901.5,6902.5,6901.25,6902.25
1771482600,6902.25,6906.25,6902.25,6905.0
1771482780,6904.75,6905.25,6904.0,6904.25
1771482960,6904.25,6904.75,6902.5,6903.0
1771483140,6903.0,6904.25,6902.75,6903.75
1771483320,6903.5,6904.75,6903.25,6903.5
1771483500,6903.5,6903.5,6902.5,6903.0
1771483680,6903.25,6903.75,6903.25,6903.5
1771483860,6903.5,6905.25,6903.0,6904.75
1771484040,6904.75,6905.75,6904.0,6905.0
1771484220,6905.0,6906.5,6905.0,6906.25
1771484400,6906.25,6908.75,6905.25,6905.25
1771484580,6905.0,6907.0,6904.0,6904.25
1771484760,6904.25,6905.25,6904.25,6904.75
1771484940,6904.5,6906.75,6903.75,6906.75
1771485120,6906.5,6908.0,6906.0,6907.75
1771485300,6907.75,6908.0,6906.25,6907.75
1771485480,6908.0,6908.25,6906.75,6907.75
1771485660,6908.0,6909.5,6907.75,6908.5
1771485840,6908.25,6910.0,6908.0,6909.75
1771486020,6909.75,6910.5,6909.25,6909.5
1771486200,6909.75,6909.75,6908.75,6909.25
1771486380,6909.25,6911.0,6909.0,6910.5
1771486560,6910.5,6911.5,6910.0,6910.5
1771486740,6910.5,6910.5,6907.5,6907.5
1771486920,6907.25,6909.25,6907.25,6908.5
1771487100,6908.5,6909.75,6908.25,6908.75
1771487280,6908.75,6909.75,6908.5,6909.0
1771487460,6909.0,6909.0,6907.0,6907.5
1771487640,6907.5,6908.0,6906.0,6906.25
1771487820,6906.0,6906.5,6905.0,6905.5
1771488000,6905.5,6906.25,6903.5,6904.0
1771488180,6904.0,6905.5,6903.5,6904.75
1771488360,6904.5,6907.25,6904.25,6906.5
1771488540,6906.5,6910.0,6906.5,6907.5
1771488720,6907.5,6908.25,6905.0,6907.75
1771488900,6907.75,6910.0,6907.75,6909.0
1771489080,6909.0,6911.75,6908.75,6910.5
1771489260,6910.75,6912.5,6910.0,6910.5
1771489440,6910.25,6911.75,6909.5,6909.5
1771489620,6910.0,6910.5,6908.75,6910.0
1771489800,6910.0,6912.0,6908.75,6909.25
1771489980,6909.25,6909.5,6906.0,6906.25
1771490160,6906.5,6907.75,6905.25,6906.0
1771490340,6906.25,6906.5,6903.5,6904.75
1771490520,6904.5,6904.5,6902.25,6903.25
1771490700,6903.0,6903.25,6899.5,6900.5
1771490880,6900.25,6901.25,6897.5,6897.5
1771491060,6897.75,6897.75,6890.0,6891.75
1771491240,6892.0,6895.25,6892.0,6893.0
1771491420,6893.0,6893.75,6889.5,6891.75
1771491600,6891.75,6895.5,6891.75,6894.25
1771491780,6894.5,6894.75,6888.5,6889.5
1771491960,6889.5,6892.5,6888.5,6891.25
1771492140,6891.25,6894.5,6889.75,6893.0
1771492320,6892.75,6894.0,6891.5,6893.5
1771492500,6893.25,6893.25,6888.25,6889.5
1771492680,6889.25,6891.75,6888.25,6890.5
1771492860,6890.75,6894.5,6890.0,6894.25
1771493040,6894.25,6894.5,6889.0,6889.0
1771493220,6888.75,6889.75,6886.5,6887.75
1771493400,6887.75,6891.0,6887.5,6887.75
1771493580,6887.75,6890.25,6886.25,6888.75
1771493760,6888.5,6888.5,6882.25,6883.25
1771493940,6883.25,6884.5,6881.75,6884.0
1771494120,6884.0,6884.0,6880.5,6881.25
1771494300,6881.25,6881.5,6874.0,6874.5
1771494480,6874.5,6875.5,6872.25,6874.75
1771494660,6874.5,6879.75,6873.75,6878.75
1771494840,6879.0,6882.5,6879.0,6881.0
1771495020,6881.0,6881.75,6880.0,6881.25
1771495200,6881.25,6882.25,6879.5,6882.0
1771495380,6882.0,6882.25,6872.75,6875.75
1771495560,6876.0,6876.5,6872.75,6874.75
1771495740,6874.75,6875.25,6870.25,6870.75
1771495920,6870.5,6872.5,6867.25,6868.0
1771496100,6867.75,6873.75,6867.5,6873.25
1771496280,6873.25,6874.75,6871.0,6872.0
1771496460,6871.75,6873.75,6868.0,6871.5
1771496640,6871.25,6873.25,6869.5,6873.0
1771496820,6873.0,6873.25,6868.75,6869.0
1771497000,6869.0,6870.75,6866.5,6869.5
1771497180,6869.75,6873.25,6868.75,6868.75
1771497360,6868.75,6870.5,6866.25,6869.25
1771497540,6869.25,6872.25,6869.25,6872.0
1771497720,6872.25,6875.5,6871.5,6874.25
1771497900,6874.25,6876.25,6872.5,6875.75
1771498080,6875.75,6876.5,6873.0,6873.25
1771498260,6873.0,6873.25,6869.75,6871.0
1771498440,6871.0,6872.75,6870.25,6872.5
1771498620,6872.25,6873.0,6872.0,6873.0
1771498800,6873.0,6873.5,6869.0,6870.25
1771498980,6870.0,6873.5,6869.75,6871.25
1771499160,6871.25,6874.75,6871.25,6874.0
1771499340,6873.75,6878.0,6873.75,6876.5
1771499520,6876.5,6877.0,6875.0,6876.5
1771499700,6876.5,6877.0,6873.5,6873.5
1771499880,6873.5,6876.5,6873.5,6875.75
1771500060,6875.75,6877.0,6875.75,6876.5
1771500240,6876.25,6878.75,6876.25,6878.0
1771500420,6878.0,6878.75,6876.5,6877.0
1771500600,6877.0,6879.75,6877.0,6878.75
1771500780,6878.75,6878.75,6877.25,6877.75
1771500960,6877.75,6878.0,6874.75,6876.25
1771501140,6876.25,6877.75,6875.25,6877.0
1771501320,6877.25,6878.25,6876.25,6876.5
1771501500,6876.25,6878.25,6875.5,6877.25
1771501680,6877.5,6877.75,6872.75,6873.75
1771501860,6873.75,6877.5,6871.25,6876.5
1771502040,6876.75,6877.25,6875.75,6876.0
1771502220,6875.75,6879.5,6874.75,6878.75
1771502400,6878.5,6879.75,6868.0,6869.75
1771502580,6869.5,6875.25,6869.5,6874.0
1771502760,6874.0,6876.75,6873.5,6875.25
1771502940,6875.25,6878.0,6874.5,6877.5
1771503120,6877.5,6878.75,6876.5,6878.0
1771503300,6878.0,6879.0,6876.5,6878.0
1771503480,6877.75,6879.5,6877.5,6878.0
1771503660,6878.0,6879.25,6877.5,6879.25
1771503840,6879.25,6886.25,6878.75,6883.75
1771504020,6884.0,6885.75,6882.5,6882.75
1771504200,6882.75,6883.0,6880.0,6880.75
1771504380,6880.75,6881.75,6880.5,6880.75
1771504560,6880.75,6881.0,6878.75,6880.5
1771504740,6880.5,6885.75,6880.5,6882.75
1771504920,6882.75,6885.75,6882.25,6884.5
1771505100,6884.5,6885.5,6884.0,6884.25
1771505280,6884.25,6884.75,6882.25,6883.75
1771505460,6883.75,6884.75,6881.25,6882.0
1771505640,6881.75,6882.5,6879.25,6879.75
1771505820,6880.0,6880.75,6879.5,6879.75
1771506000,6879.75,6881.5,6878.0,6878.0
1771506180,6878.5,6878.75,6876.75,6877.75
1771506360,6877.5,6877.75,6874.75,6875.75
1771506540,6875.75,6876.5,6874.25,6876.0
1771506720,6876.25,6876.75,6874.75,6875.25
1771506900,6875.5,6876.5,6872.5,6873.5
1771507080,6873.5,6875.0,6872.25,6873.75
1771507260,6873.75,6874.0,6871.0,6871.0
1771507440,6871.25,6871.5,6867.75,6869.0
1771507620,6868.75,6871.25,6868.0,6870.75
1771507800,6870.75,6873.25,6862.0,6870.0
1771507980,6870.0,6874.0,6869.5,6873.0
1771508160,6873.25,6880.25,6873.25,6877.75
1771508340,6878.0,6879.0,6872.5,6874.25
1771508520,6874.5,6875.75,6871.25,6871.25
1771508700,6871.25,6873.25,6868.75,6873.0
1771508880,6872.75,6874.0,6871.75,6873.5
1771509060,6873.75,6877.0,6872.75,6876.75
1771509240,6876.75,6876.75,6872.5,6873.5
1771509420,6873.5,6873.75,6871.0,6872.0
1771509600,6871.75,6874.25,6869.5,6870.5
1771509780,6870.25,6871.25,6868.25,6869.0
1771509960,6869.0,6870.25,6868.0,6869.0
1771510140,6869.0,6869.0,6865.5,6866.5
1771510320,6866.75,6870.0,6866.75,6869.5
1771510500,6869.5,6871.0,6868.0,6870.75
1771510680,6870.75,6874.0,6869.75,6873.5
1771510860,6873.25,6874.5,6872.0,6873.5
1771511040,6873.75,6875.0,6870.5,6870.75
1771511220,6870.75,6871.5,6868.0,6870.75
1771511400,6870.75,6877.5,6867.5,6870.5
1771511580,6870.75,6877.0,6863.0,6863.5
1771511760,6863.75,6867.75,6857.0,6866.0
1771511940,6866.0,6872.25,6862.25,6862.25
1771512120,6862.5,6880.0,6862.0,6878.25
1771512300,6878.5,6879.5,6864.75,6873.75
1771512480,6873.75,6878.5,6868.25,6876.0
1771512660,6876.0,6885.25,6874.0,6884.75
1771512840,6884.75,6890.0,6879.75,6889.25
1771513020,6889.0,6890.75,6879.75,6882.5
1771513200,6882.75,6887.5,6876.0,6886.5
1771513380,6886.25,6894.5,6882.75,6883.25
1771513560,6883.0,6884.75,6877.25,6879.5
1771513740,6879.5,6881.25,6875.25,6877.75
1771513920,6878.0,6880.25,6872.25,6874.25
1771514100,6874.0,6885.5,6873.75,6885.25
1771514280,6885.25,6885.5,6876.25,6883.75
1771514460,6883.75,6885.25,6874.25,6879.25
1771514640,6879.5,6886.0,6876.25,6876.5
1771514820,6876.5,6879.0,6870.75,6871.5
1771515000,6871.5,6886.25,6869.75,6885.0
1771515180,6885.25,6891.0,6883.75,6889.0
1771515360,6889.25,6891.25,6884.75,6890.25
1771515540,6890.25,6891.25,6885.5,6889.0
1771515720,6889.25,6891.5,6886.75,6887.75
1771515900,6888.0,6891.0,6885.0,6887.75
1771516080,6888.0,6889.25,6878.5,6879.0
1771516260,6879.0,6881.25,6875.75,6877.5
1771516440,6877.75,6885.25,6875.0,6884.25
1771516620,6884.5,6887.75,6882.0,6886.0
1771516800,6886.0,6888.75,6882.75,6882.75
1771516980,6882.5,6883.5,6877.25,6878.75
1771517160,6878.5,6879.0,6871.5,6875.25
1771517340,6875.25,6881.75,6875.25,6876.0
1771517520,6876.0,6882.5,6875.25,6881.75
1771517700,6881.75,6887.75,6880.75,6886.25
1771517880,6886.0,6891.0,6886.0,6889.25
1771518060,6889.0,6890.25,6885.75,6889.0
1771518240,6888.75,6889.5,6883.25,6885.25
1771518420,6885.0,6886.0,6873.5,6874.0
1771518600,6874.0,6883.75,6873.75,6881.25
1771518780,6881.25,6885.5,6877.0,6878.75
1771518960,6878.75,6880.25,6876.5,6879.5
1771519140,6879.5,6881.0,6874.5,6875.75
1771519320,6875.75,6877.0,6868.0,6869.0
1771519500,6868.75,6873.0,6865.5,6868.0
1771519680,6868.0,6868.75,6860.0,6863.75
1771519860,6863.75,6867.75,6859.5,6866.25
1771520040,6866.0,6873.75,6865.5,6869.0
1771520220,6869.25,6871.0,6866.5,6867.75
1771520400,6867.75,6869.75,6862.0,6862.0
1771520580,6862.0,6864.25,6860.25,6861.25
1771520760,6861.0,6867.75,6859.25,6863.75
1771520940,6863.5,6868.25,6861.75,6867.25
1771521120,6867.25,6869.0,6864.75,6868.0
1771521300,6867.75,6873.5,6864.75,6873.25
1771521480,6873.25,6877.25,6871.5,6875.75
1771521660,6875.75,6879.25,6874.75,6878.75
1771521840,6878.5,6880.5,6874.25,6875.75
1771522020,6875.5,6876.5,6869.5,6872.0
1771522200,6871.75,6873.75,6869.75,6872.0
1771522380,6871.75,6873.75,6869.75,6872.0
1771522560,6871.75,6873.75,6867.0,6869.25
1771522740,6869.0,6872.5,6868.5,6869.75
1771522920,6869.75,6875.0,6869.5,6870.25
1771523100,6870.0,6870.75,6863.75,6863.75
1771523280,6864.0,6864.25,6856.0,6861.0
1771523460,6861.0,6865.0,6854.75,6857.0
1771523640,6857.0,6863.5,6855.0,6859.5
1771523820,6859.75,6859.75,6853.5,6856.5
1771524000,6856.5,6858.0,6852.75,6853.25
1771524180,6853.25,6857.0,6852.75,6854.0
1771524360,6854.0,6859.0,6853.75,6857.5
1771524540,6857.5,6861.0,6856.0,6857.25
1771524720,6857.25,6866.5,6857.25,6865.0
1771524900,6864.75,6865.25,6855.5,6856.0
1771525080,6855.75,6857.75,6847.75,6851.75
1771525260,6851.5,6856.5,6849.5,6856.0
1771525440,6856.0,6859.75,6852.75,6853.25
1771525620,6853.0,6858.5,6852.0,6856.0
1771525800,6856.0,6860.0,6854.75,6857.25
1771525980,6857.25,6857.25,6852.25,6854.5
1771526160,6854.5,6854.75,6852.25,6854.25
1771526340,6854.25,6858.0,6854.25,6856.5
1771526520,6856.5,6860.25,6855.25,6859.0
1771526700,6859.0,6866.25,6859.0,6865.25
1771526880,6865.5,6866.75,6862.5,6862.5
1771527060,6862.75,6867.75,6861.75,6866.5
1771527240,6866.75,6866.75,6863.25,6864.25
1771527420,6864.25,6871.0,6863.5,6869.75
1771527600,6869.75,6870.75,6866.5,6867.25
1771527780,6867.25,6869.5,6866.0,6869.25
1771527960,6869.0,6872.75,6868.25,6871.5
1771528140,6871.5,6872.75,6867.25,6868.75
1771528320,6869.0,6870.75,6866.75,6869.25
1771528500,6869.25,6871.0,6868.25,6869.25
1771528680,6869.25,6873.0,6869.25,6871.5
1771528860,6871.5,6872.5,6868.75,6872.0
1771529040,6872.0,6872.75,6868.0,6868.75
1771529220,6869.0,6869.0,6862.5,6865.0
1771529400,6865.0,6868.0,6864.25,6867.25
1771529580,6867.5,6867.5,6863.75,6864.75
1771529760,6865.0,6865.5,6856.5,6857.25
1771529940,6857.25,6858.25,6851.0,6856.75
1771530120,6857.0,6857.75,6853.25,6856.75
1771530300,6856.75,6859.0,6853.25,6853.5
1771530480,6853.5,6859.5,6853.5,6859.0
1771530660,6859.0,6861.25,6854.75,6856.5
1771530840,6856.25,6860.25,6855.0,6858.25
1771531020,6858.25,6859.25,6856.5,6857.75
1771531200,6857.5,6864.5,6857.5,6863.5
1771531380,6863.5,6867.5,6863.0,6863.75
1771531560,6863.5,6865.25,6862.0,6863.0
1771531740,6862.75,6864.5,6860.75,6863.25
1771531920,6863.25,6865.5,6862.0,6864.25
1771532100,6864.25,6865.0,6859.5,6860.0
1771532280,6860.0,6866.25,6859.0,6862.75
1771532460,6862.75,6865.25,6860.75,6862.25
1771532640,6862.5,6863.5,6860.25,6860.75
1771532820,6860.75,6862.75,6860.5,6861.5
1771533000,6861.25,6866.5,6860.5,6866.25
1771533180,6866.25,6868.5,6864.25,6864.5
1771533360,6864.75,6865.5,6863.0,6864.75
1771533540,6864.75,6866.25,6861.5,6862.25
1771533720,6862.0,6866.75,6861.5,6866.0
1771533900,6866.0,6871.75,6865.0,6870.75
1771534080,6870.75,6872.5,6867.75,6871.75
1771534260,6871.75,6872.25,6867.75,6871.25
1771534440,6871.25,6875.25,6869.75,6871.0
1771534620,6870.75,6878.75,6870.0,6878.25
1771534800,6878.25,6880.25,6875.75,6879.75
1771534980,6880.0,6880.5,6878.5,6878.75
1771535160,6878.75,6880.75,6878.5,6880.5
1771535340,6880.5,6880.5,6877.75,6878.0
1771535520,6878.0,6879.5,6877.5,6878.25
1771535700,6878.0,6879.5,6877.75,6879.0
1771535880,6879.0,6879.0,6874.0,6878.0
1771536060,6878.0,6883.5,6877.75,6879.25
1771536240,6879.5,6879.5,6877.75,6878.75
1771536420,6879.0,6880.5,6878.5,6878.75
1771536600,6878.75,6878.75,6876.25,6876.5
1771536780,6876.5,6877.0,6875.25,6876.0
1771536960,6876.25,6876.25,6875.5,6876.25
1771537140,6876.25,6876.5,6874.75,6875.25
1771537320,6875.25,6875.25,6872.5,6872.5
1771537500,6872.75,6873.25,6872.0,6872.0
1771537680,6872.0,6873.0,6871.75,6873.0
1771537860,6873.0,6873.5,6872.75,6873.25
1771538040,6873.0,6873.5,6872.0,6872.25
1771538220,6872.5,6872.75,6871.25,6872.25
1771542000,6874.25,6875.0,6871.25,6872.5
1771542180,6872.5,6876.75,6872.25,6875.75
1771542360,6876.0,6877.25,6874.75,6876.5
1771542540,6876.25,6876.5,6872.75,6873.0
1771542720,6873.0,6875.25,6872.0,6874.5
1771542900,6874.75,6877.5,6874.75,6876.75
1771543080,6876.75,6877.25,6876.5,6876.5
1771543260,6877.0,6877.0,6876.5,6876.5
1771543440,6876.75,6879.0,6876.25,6878.75
1771543620,6878.75,6879.0,6877.25,6877.5
1771543800,6877.5,6879.0,6877.5,6878.5
1771543980,6878.75,6881.0,6878.75,6881.0
1771544160,6881.0,6882.5,6880.75,6881.0
1771544340,6880.75,6880.75,6879.75,6880.25
1771544520,6880.0,6880.5,6880.0,6880.0
1771544700,6879.75,6881.0,6879.5,6881.0
1771544880,6881.0,6881.75,6880.0,6880.75
1771545060,6880.75,6880.75,6877.75,6878.25
1771545240,6878.5,6880.25,6878.25,6879.75
1771545420,6879.75,6880.5,6878.75,6880.0
1771545600,6880.25,6881.5,6876.0,6881.25
1771545780,6881.0,6881.5,6879.75,6881.25
1771545960,6881.25,6881.75,6879.75,6880.5
1771546140,6880.25,6883.5,6879.25,6882.75
1771546320,6882.75,6883.25,6881.75,6882.75
1771546500,6882.75,6883.5,6880.75,6881.0
1771546680,6880.75,6880.75,6878.75,6879.25
1771546860,6879.0,6879.5,6876.25,6879.0
1771547040,6878.75,6883.25,6877.75,6883.25
1771547220,6883.25,6883.75,6882.0,6882.5
1771547400,6882.75,6885.75,6882.75,6885.5
1771547580,6885.75,6887.0,6884.75,6884.75
1771547760,6885.0,6885.5,6883.5,6885.25
1771547940,6885.25,6885.75,6884.5,6885.75
1771548120,6885.5,6886.0,6884.75,6885.75
1771548300,6885.75,6887.5,6885.75,6887.0
1771548480,6887.0,6887.0,6886.25,6886.5
1771548660,6886.75,6887.0,6886.0,6886.5
1771548840,6886.5,6887.5,6885.75,6886.0
1771549020,6886.25,6887.25,6886.0,6886.5
1771549200,6886.75,6888.25,6886.0,6887.5
1771549380,6887.25,6888.0,6887.0,6888.0
1771549560,6888.0,6889.5,6888.0,6888.0
1771549740,6888.0,6890.75,6887.5,6890.75
1771549920,6890.75,6892.75,6890.5,6892.5
1771550100,6892.25,6892.5,6889.25,6890.0
1771550280,6890.0,6890.5,6888.5,6890.5
1771550460,6890.25,6891.25,6889.5,6891.0
1771550640,6891.25,6891.5,6889.0,6889.0
1771550820,6889.25,6891.0,6889.25,6890.75
1771551000,6890.75,6891.0,6889.25,6890.25
1771551180,6890.25,6891.0,6889.5,6890.5
1771551360,6890.25,6890.5,6889.0,6889.5
1771551540,6889.5,6889.5,6887.75,6888.0
1771551720,6888.0,6888.25,6886.75,6887.75
1771551900,6887.5,6888.0,6886.25,6887.0
1771552080,6887.0,6887.5,6886.0,6886.25
1771552260,6886.0,6888.5,6886.0,6888.25
1771552440,6888.5,6890.25,6888.25,6889.75
1771552620,6890.0,6890.25,6888.0,6888.5
1771552800,6888.5,6890.75,6888.25,6890.5
1771552980,6890.5,6893.25,6890.25,6892.75
1771553160,6892.5,6893.5,6891.5,6891.5
1771553340,6891.25,6891.5,6888.25,6888.5
1771553520,6888.75,6889.0,6886.25,6886.75
1771553700,6886.75,6887.25,6885.0,6886.0
1771553880,6886.0,6887.25,6885.75,6886.5
1771554060,6886.5,6886.75,6884.75,6886.5
1771554240,6886.5,6886.5,6884.5,6885.0
1771554420,6885.0,6886.0,6884.75,6885.25
1771554600,6885.25,6887.75,6885.0,6887.5
1771554780,6887.5,6888.0,6886.5,6887.75
1771554960,6887.75,6888.75,6886.75,6888.5
1771555140,6888.75,6889.0,6887.5,6887.5
1771555320,6887.5,6888.0,6885.75,6885.75
1771555500,6886.0,6886.5,6884.0,6884.25
1771555680,6884.25,6887.0,6883.75,6887.0
1771555860,6886.75,6887.5,6886.5,6887.0
1771556040,6887.0,6888.0,6887.0,6887.75
1771556220,6887.75,6888.5,6887.0,6888.0
1771556400,6887.75,6889.5,6887.5,6889.5
1771556580,6889.5,6889.75,6888.5,6889.0
1771556760,6889.0,6889.0,6887.25,6887.75
1771556940,6888.0,6889.25,6888.0,6888.75
1771557120,6889.0,6889.5,6888.75,6889.0
1771557300,6889.25,6889.5,6888.5,6889.0
1771557480,6889.25,6889.5,6889.0,6889.25
1771557660,6889.25,6890.0,6889.0,6889.25
1771557840,6889.25,6890.0,6889.0,6889.25
1771558020,6889.25,6889.5,6888.5,6889.0
1771558200,6888.75,6889.0,6888.25,6889.0
1771558380,6889.25,6889.5,6888.5,6888.75
1771558560,6888.75,6888.75,6887.75,6888.5
1771558740,6888.5,6888.75,6886.75,6887.75
1771558920,6887.75,6887.75,6886.25,6886.75
1771559100,6886.75,6887.5,6886.5,6887.25
1771559280,6887.25,6888.75,6887.25,6888.25
1771559460,6888.5,6888.75,6887.5,6888.0
1771559640,6888.0,6888.0,6886.25,6887.0
1771559820,6887.0,6887.0,6886.5,6886.5
1771560000,6886.5,6887.5,6885.5,6886.75
1771560180,6887.0,6887.75,6886.75,6887.5
1771560360,6887.5,6889.5,6887.5,6889.5
1771560540,6889.5,6890.5,6888.75,6889.75
1771560720,6890.0,6890.75,6889.75,6890.5
1771560900,6890.75,6891.25,6889.0,6890.0
1771561080,6889.75,6889.75,6887.75,6887.75
1771561260,6887.75,6888.5,6887.75,6888.25
1771561440,6888.25,6889.5,6888.25,6889.25
1771561620,6889.25,6889.5,6889.0,6889.25
1771561800,6889.5,6889.5,6889.0,6889.25
1771561980,6889.5,6889.5,6888.25,6888.25
1771562160,6888.5,6888.5,6887.75,6888.25
1771562340,6888.5,6888.75,6887.75,6888.75
1771562520,6888.75,6889.0,6888.0,6889.0
1771562700,6889.25,6889.5,6888.75,6889.25
1771562880,6889.25,6889.75,6888.25,6888.25
1771563060,6888.5,6889.25,6888.5,6889.0
1771563240,6888.75,6889.25,6888.5,6889.25
1771563420,6889.0,6889.0,6888.25,6888.75
1771564140,6890.5,6892.0,6890.5,6891.5
1771564320,6891.5,6891.75,6890.5,6890.5
1771564500,6890.75,6891.0,6890.5,6890.5
1771564680,6890.5,6892.25,6890.5,6892.25
1771564860,6892.5,6894.5,6892.25,6893.25
1771565040,6893.5,6894.5,6893.25,6894.5
1771565220,6894.5,6894.75,6894.0,6894.75
1771565400,6894.75,6897.25,6894.5,6896.0
1771565580,6896.0,6898.25,6895.75,6897.25
1771565760,6897.25,6897.25,6896.0,6896.25
1771565940,6896.0,6896.0,6894.0,6894.25
1771566120,6894.25,6896.0,6894.0,6895.75
1771566300,6895.75,6896.0,6895.0,6896.0
1771566480,6896.0,6897.0,6896.0,6896.75
1771566660,6896.75,6897.25,6896.25,6897.0
1771566840,6897.25,6897.75,6896.25,6897.5
1771567020,6897.75,6898.0,6896.75,6897.5
1771567200,6897.5,6898.25,6897.0,6897.5
1771567380,6897.25,6897.75,6896.5,6897.5
1771567560,6897.75,6898.0,6897.0,6897.75
1771567740,6897.75,6898.75,6897.75,6898.25
1771567920,6898.25,6899.5,6897.75,6899.5
1771568100,6899.25,6899.75,6898.75,6899.5
1771568280,6899.5,6900.0,6898.5,6898.5
1771568460,6898.75,6899.0,6898.0,6898.25
1771568640,6898.0,6899.0,6898.0,6898.25
1771568820,6898.0,6899.0,6898.0,6898.25
1771569000,6898.0,6898.0,6895.75,6896.0
1771569180,6896.0,6896.5,6894.75,6894.75
1771569360,6894.75,6897.5,6894.75,6897.0
1771569540,6896.75,6896.75,6895.75,6896.25
1771569720,6896.25,6896.5,6896.0,6896.5
1771569900,6896.25,6896.75,6895.75,6896.0
1771570080,6896.25,6896.75,6895.0,6895.25
1771570260,6895.0,6896.5,6895.0,6896.5
1771570440,6896.5,6897.0,6896.25,6896.75
1771570620,6896.75,6897.25,6896.75,6897.0
1771570800,6896.75,6898.0,6896.0,6896.25
1771570980,6896.5,6897.5,6896.25,6897.25
1771571160,6897.25,6899.0,6896.75,6898.5
1771571340,6898.75,6898.75,6897.5,6897.75
1771571520,6898.0,6898.25,6896.75,6898.0
1771571700,6898.0,6898.0,6897.25,6897.75
1771571880,6897.75,6898.25,6896.25,6896.5
1771572060,6896.5,6897.0,6895.75,6897.0
1771572240,6897.0,6898.25,6896.5,6896.5
1771572420,6896.5,6897.5,6895.75,6896.0
1771572600,6895.75,6896.25,6895.0,6895.25
1771572780,6895.0,6897.5,6894.75,6896.5
1771572960,6896.5,6896.5,6895.25,6895.5
1771573140,6895.25,6895.25,6893.0,6893.75
1771573320,6894.0,6896.25,6894.0,6896.0
1771573500,6896.0,6896.25,6893.75,6893.75
1771573680,6893.75,6894.0,6892.5,6893.75
1771573860,6893.75,6894.0,6891.75,6891.75
1771574040,6891.5,6891.75,6890.25,6891.5
1771574220,6891.5,6893.25,6891.25,6893.0
1771574400,6893.0,6895.75,6892.25,6893.25
1771574580,6893.25,6895.5,6892.75,6894.25
1771574760,6894.25,6894.5,6890.5,6890.5
1771574940,6890.75,6892.0,6889.5,6890.0
1771575120,6890.25,6892.0,6889.75,6890.75
1771575300,6891.0,6892.0,6890.25,6891.5
1771575480,6891.5,6892.5,6890.5,6891.75
1771575660,6891.75,6891.75,6887.25,6889.75
1771575840,6889.75,6891.75,6889.5,6891.25
1771576020,6891.5,6894.25,6891.0,6893.75
1771576200,6894.0,6894.5,6891.5,6891.75
1771576380,6891.5,6891.75,6887.25,6888.75
1771576560,6888.5,6891.75,6888.5,6891.75
1771576740,6891.75,6892.0,6890.5,6891.5
1771576920,6891.5,6892.75,6890.75,6892.5
1771577100,6892.5,6893.5,6891.75,6893.0
1771577280,6893.0,6895.25,6892.75,6894.75
1771577460,6894.75,6895.75,6894.75,6895.75
1771577640,6895.75,6896.75,6895.25,6895.25
1771577820,6895.25,6896.75,6895.25,6895.75
1771578000,6895.5,6896.75,6895.25,6896.25
1771578180,6896.0,6897.75,6896.0,6897.5
1771578360,6897.25,6900.25,6896.25,6899.5
1771578540,6899.5,6899.5,6897.25,6897.5
1771578720,6897.75,6899.75,6896.75,6899.75
1771578900,6899.75,6904.0,6899.5,6903.75
1771579080,6904.0,6904.75,6902.5,6902.75
1771579260,6903.0,6903.75,6902.0,6902.75
1771579440,6902.75,6903.5,6902.5,6902.75
1771579620,6903.0,6903.0,6900.75,6902.0
1771579800,6901.75,6902.25,6899.0,6899.5
1771579980,6899.5,6901.25,6899.25,6899.25
1771580160,6899.0,6899.25,6897.0,6897.75
1771580340,6897.75,6898.0,6896.75,6897.0
1771580520,6896.75,6898.0,6896.25,6897.5
1771580700,6897.75,6898.25,6895.75,6896.0
1771580880,6895.75,6895.75,6893.25,6894.0
1771581060,6894.25,6895.25,6892.75,6893.5
1771581240,6893.5,6894.5,6892.75,6893.5
1771581420,6893.5,6893.5,6891.5,6892.5
1771581600,6892.75,6893.25,6890.25,6890.25
1771581780,6890.5,6892.0,6890.0,6891.0
1771581960,6891.25,6894.0,6891.0,6893.25
1771582140,6893.5,6894.25,6892.25,6892.5
1771582320,6892.75,6893.25,6892.25,6893.25
1771582500,6893.5,6894.25,6892.5,6892.75
1771582680,6893.0,6894.0,6892.75,6892.75
1771582860,6893.0,6893.0,6889.0,6890.0
1771583040,6890.0,6890.5,6889.25,6890.25
1771583220,6890.25,6891.25,6889.75,6890.0
1771583400,6890.25,6891.0,6888.5,6889.5
1771583580,6889.5,6890.0,6888.25,6889.5
1771583760,6889.75,6891.5,6889.25,6891.25
1771583940,6891.0,6891.75,6888.5,6888.75
1771584120,6889.0,6889.5,6887.5,6889.0
1771584300,6889.25,6889.5,6888.25,6888.75
1771584480,6888.75,6891.25,6887.75,6890.0
1771584660,6889.75,6890.5,6888.75,6889.0
1771584840,6888.75,6888.75,6886.0,6886.5
1771585020,6886.5,6886.5,6882.75,6882.75
1771585200,6883.0,6883.0,6874.0,6875.5
1771585380,6875.25,6875.25,6870.0,6873.5
1771585560,6873.25,6876.5,6872.25,6873.5
1771585740,6873.75,6877.75,6873.5,6877.5
1771585920,6877.5,6877.5,6875.5,6875.5
1771586100,6875.5,6878.25,6875.0,6877.25
1771586280,6877.25,6878.0,6873.0,6873.25
1771586460,6873.5,6876.25,6873.0,6875.25
1771586640,6875.25,6879.25,6874.5,6878.0
1771586820,6878.25,6879.75,6877.75,6878.25
1771587000,6878.25,6879.0,6877.25,6878.25
1771587180,6878.5,6880.25,6877.75,6879.25
1771587360,6879.5,6880.5,6876.0,6877.25
1771587540,6877.25,6877.25,6872.75,6874.75
1771587720,6874.75,6876.75,6874.5,6875.75
1771587900,6876.0,6876.0,6874.25,6874.75
1771588080,6874.5,6875.0,6870.0,6871.25
1771588260,6871.25,6872.75,6869.5,6870.5
1771588440,6870.75,6871.5,6869.0,6869.25
1771588620,6869.25,6870.0,6866.0,6869.0
1771588800,6868.75,6869.5,6863.75,6867.0
1771588980,6867.25,6870.0,6866.0,6868.75
1771589160,6869.0,6869.75,6867.25,6869.0
1771589340,6869.0,6869.5,6867.75,6868.75
1771589520,6869.0,6871.75,6868.5,6871.0
1771589700,6871.0,6873.25,6870.75,6871.25
1771589880,6871.0,6871.5,6864.5,6865.75
1771590060,6865.75,6866.25,6862.5,6863.75
1771590240,6863.75,6867.75,6863.75,6867.25
1771590420,6867.5,6867.75,6865.0,6865.0
1771590600,6865.0,6866.5,6861.75,6866.5
1771590780,6866.0,6866.25,6862.75,6864.0
1771590960,6864.0,6867.75,6863.75,6865.75
1771591140,6865.5,6865.75,6863.0,6863.0
1771591320,6862.75,6865.0,6861.75,6863.5
1771591500,6863.25,6863.75,6860.5,6862.0
1771591680,6862.0,6864.75,6862.0,6863.75
1771591860,6864.0,6874.25,6864.0,6866.75
1771592040,6867.0,6868.5,6865.5,6868.0
1771592220,6868.25,6870.0,6867.75,6869.75
1771592400,6869.75,6870.5,6867.75,6869.75
1771592580,6869.75,6871.0,6868.5,6868.75
1771592760,6868.75,6870.5,6868.0,6868.25
1771592940,6868.5,6870.5,6868.0,6869.0
1771593120,6869.0,6870.25,6868.5,6870.0
1771593300,6870.0,6873.75,6870.0,6873.25
1771593480,6873.5,6875.75,6872.5,6873.0
1771593660,6873.0,6873.25,6871.5,6872.5
1771593840,6872.25,6872.75,6870.5,6872.25
1771594020,6872.25,6877.5,6872.25,6876.0
1771594200,6876.25,6877.0,6858.25,6859.5
1771594380,6859.25,6864.25,6856.25,6862.0
1771594560,6862.25,6863.75,6857.75,6863.0
1771594740,6863.0,6863.25,6853.5,6853.75
1771594920,6853.5,6857.5,6852.75,6856.25
1771595100,6856.25,6859.0,6852.25,6853.5
1771595280,6853.5,6857.25,6851.25,6855.0
1771595460,6855.25,6858.5,6854.75,6857.75
1771595640,6857.75,6858.5,6855.25,6857.25
1771595820,6857.25,6862.25,6856.75,6861.5
1771596000,6861.5,6864.25,6859.75,6863.5
1771596180,6863.5,6864.5,6860.5,6860.75
1771596360,6861.0,6862.5,6859.5,6859.75
1771596540,6859.75,6860.5,6856.0,6857.25
1771596720,6857.0,6858.0,6853.75,6855.75
1771596900,6855.5,6856.25,6849.75,6852.75
1771597080,6852.75,6853.5,6848.75,6849.75
1771597260,6849.75,6853.0,6847.75,6851.5
1771597440,6851.5,6854.75,6849.75,6852.25
1771597620,6852.5,6854.5,6849.75,6852.75
1771597800,6852.75,6860.0,6847.25,6858.75
1771597980,6859.0,6871.0,6858.0,6869.75
1771598160,6869.75,6876.0,6865.75,6868.75
1771598340,6868.75,6874.0,6863.25,6868.0
1771598520,6868.25,6884.0,6867.0,6878.5
1771598700,6878.25,6882.0,6874.75,6876.25
1771598880,6876.5,6878.25,6867.0,6871.25
1771599060,6871.25,6874.75,6864.75,6871.5
1771599240,6871.5,6874.0,6867.0,6872.0
1771599420,6872.0,6880.75,6868.5,6878.75
1771599600,6880.0,6925.0,6877.75,6907.0
1771599780,6907.25,6907.5,6881.75,6884.25
1771599960,6884.0,6902.0,6875.75,6901.5
1771600140,6901.5,6910.75,6894.25,6898.5
1771600320,6898.75,6900.75,6884.0,6884.75
1771600500,6885.0,6896.25,6872.25,6896.0
1771600680,6895.75,6903.5,6891.5,6895.75
1771600860,6895.5,6910.0,6895.0,6909.0
1771601040,6908.75,6911.5,6899.25,6911.0
1771601220,6911.0,6911.5,6893.5,6898.75
1771601400,6899.0,6904.25,6890.75,6891.25
1771601580,6891.25,6896.0,6885.5,6889.0
1771601760,6889.0,6902.5,6887.0,6900.5
1771601940,6900.5,6905.5,6890.5,6902.75
1771602120,6902.75,6912.75,6897.25,6911.25
1771602300,6911.5,6914.0,6904.0,6911.0
1771602480,6911.25,6918.25,6906.75,6910.75
1771602660,6910.75,6919.75,6909.25,6919.0
1771602840,6918.75,6922.5,6916.75,6919.5
1771603020,6919.75,6920.75,6915.75,6919.0
1771603200,6919.0,6921.75,6914.0,6920.75
1771603380,6921.0,6923.25,6914.25,6915.0
1771603560,6915.0,6919.75,6913.75,6918.75
1771603740,6918.75,6919.0,6911.5,6915.75
1771603920,6916.0,6919.0,6910.25,6911.25
1771604100,6911.5,6913.5,6900.5,6902.0
1771604280,6901.75,6908.5,6900.5,6902.5
1771604460,6902.5,6905.25,6897.5,6904.0
1771604640,6904.0,6904.5,6894.25,6900.0
1771604820,6899.75,6901.0,6891.25,6891.75
1771605000,6891.5,6902.25,6889.25,6901.75
1771605180,6902.0,6905.5,6898.25,6902.25
1771605360,6902.25,6908.5,6898.0,6908.0
1771605540,6908.0,6914.0,6908.0,6912.75
1771605720,6912.75,6920.0,6912.75,6915.5
1771605900,6915.25,6920.5,6914.75,6920.0
1771606080,6920.25,6922.0,6917.5,6918.25
1771606260,6918.5,6922.0,6915.5,6921.25
1771606440,6921.5,6922.5,6918.5,6920.25
1771606620,6920.25,6921.75,6914.5,6916.75
1771606800,6916.5,6919.75,6912.5,6913.5
1771606980,6913.5,6914.25,6908.0,6908.5
1771607160,6908.75,6909.5,6904.5,6906.0
1771607340,6906.25,6906.25,6892.5,6895.75
1771607520,6896.0,6900.5,6891.25,6891.5
1771607700,6891.5,6891.5,6881.5,6884.25
1771607880,6884.0,6886.0,6877.0,6877.5
1771608060,6877.75,6880.5,6874.75,6879.0
1771608240,6879.0,6879.75,6871.0,6876.75
1771608420,6876.75,6882.75,6875.0,6882.5
1771608600,6882.5,6888.25,6881.0,6883.75
1771608780,6883.75,6891.5,6883.75,6888.5
1771608960,6888.25,6890.5,6880.0,6884.0
1771609140,6883.75,6891.0,6883.75,6888.5
1771609320,6888.5,6892.5,6883.25,6890.5
1771609500,6890.5,6899.0,6888.0,6890.25
1771609680,6890.0,6900.0,6888.75,6898.0
1771609860,6898.25,6907.0,6897.0,6905.0
1771610040,6905.0,6907.5,6891.5,6901.5
1771610220,6901.5,6908.0,6901.0,6905.25
1771610400,6905.0,6908.75,6902.5,6904.0
1771610580,6904.0,6905.5,6899.75,6903.0
1771610760,6903.25,6908.75,6902.5,6903.5
1771610940,6903.5,6904.75,6898.5,6899.75
1771611120,6899.5,6902.75,6897.25,6901.75
1771611300,6901.75,6901.75,6895.0,6895.75
1771611480,6895.5,6900.25,6893.25,6895.0
1771611660,6895.25,6902.5,6891.0,6895.0
1771611840,6895.0,6901.5,6887.75,6898.5
1771612020,6898.5,6901.0,6890.75,6895.5
1771612200,6896.0,6907.0,6888.25,6906.25
1771612380,6906.25,6919.0,6894.25,6897.75
1771612560,6898.0,6916.0,6896.0,6912.75
1771612740,6913.0,6919.5,6905.0,6917.5
1771612920,6917.5,6921.0,6910.5,6918.0
1771613100,6918.0,6931.5,6917.5,6930.5
1771613280,6930.5,6930.75,6913.75,6920.5
1771613460,6920.5,6925.5,6916.0,6925.25
1771613640,6925.25,6926.25,6920.5,6925.25
1771613820,6925.25,6926.75,6922.25,6924.0
1771614000,6924.25,6928.5,6923.0,6926.0
1771614180,6926.0,6929.0,6922.5,6923.5
1771614360,6923.75,6925.0,6919.0,6921.5
1771614540,6921.5,6922.75,6918.5,6920.5
1771614720,6920.5,6920.5,6915.25,6916.25
1771614900,6916.25,6917.25,6913.5,6915.75
1771615080,6915.75,6916.75,6913.25,6915.5
1771615260,6915.5,6921.25,6915.5,6917.25
1771615440,6917.25,6919.5,6915.0,6915.75
1771615620,6915.5,6917.25,6913.5,6917.0
1771615800,6916.75,6922.25,6916.75,6920.5
1771615980,6920.25,6920.5,6916.0,6916.75
1771616160,6916.75,6919.25,6914.75,6916.5
1771616340,6916.5,6918.0,6914.75,6916.25
1771616520,6916.25,6916.5,6910.5,6911.25
1771616700,6911.5,6913.25,6910.25,6911.75
1771616880,6912.0,6914.75,6908.75,6914.75
1771617060,6914.75,6917.5,6912.5,6912.75
1771617240,6912.75,6915.0,6910.75,6912.25
1771617420,6912.75,6913.25,6909.75,6911.25
1771617600,6911.5,6917.5,6911.0,6915.75
1771617780,6916.0,6922.75,6915.25,6921.25
1771617960,6921.5,6924.25,6919.75,6921.25
1771618140,6921.25,6922.75,6919.75,6920.0
1771618320,6920.0,6923.0,6918.75,6922.25
1771618500,6922.25,6922.75,6918.25,6919.0
1771618680,6918.75,6919.25,6915.75,6917.0
1771618860,6917.0,6917.5,6913.75,6915.75
1771619040,6915.5,6916.5,6913.75,6913.75
1771619220,6914.0,6916.0,6912.0,6914.5
1771619400,6914.5,6918.25,6914.0,6915.0
1771619580,6914.75,6917.5,6914.25,6915.25
1771619760,6915.0,6916.0,6913.25,6916.0
1771619940,6915.75,6920.25,6915.75,6919.75
1771620120,6919.75,6921.75,6918.0,6921.75
1771620300,6921.5,6922.25,6918.5,6920.5
1771620480,6920.5,6921.75,6916.0,6916.75
1771620660,6916.5,6919.0,6914.25,6916.25
1771620840,6916.25,6924.5,6915.0,6923.5
1771621020,6923.5,6926.25,6919.75,6924.75
1771621200,6924.75,6925.75,6922.5,6924.25
1771621380,6924.25,6928.5,6924.0,6926.25
1771621560,6926.25,6929.0,6926.25,6928.0
1771621740,6928.0,6928.5,6926.0,6926.0
1771621920,6926.25,6928.25,6925.5,6928.0
1771622100,6928.0,6928.0,6924.75,6925.75
1771622280,6925.75,6926.25,6924.5,6925.25
1771622460,6925.0,6925.0,6923.5,6924.5
1771622640,6924.5,6924.75,6924.0,6924.0
1771622820,6924.0,6924.5,6923.75,6924.0
1771623000,6924.0,6925.5,6923.5,6924.75
1771623180,6925.0,6925.5,6924.5,6925.0
1771623360,6925.0,6925.25,6924.5,6925.25
1771623540,6925.25,6925.5,6924.5,6925.0
1771623720,6925.25,6926.0,6924.5,6924.75
1771623900,6924.75,6925.25,6924.5,6925.25
1771624080,6925.0,6925.25,6924.25,6924.75
1771624260,6924.75,6924.75,6923.5,6923.75
1771624440,6923.75,6925.0,6923.0,6924.0
1771624620,6924.25,6926.0,6923.25,6923.25
1771801740,6916.5,6919.25,6916.0,6918.5
1771801920,6918.5,6920.25,6916.5,6919.75
1771802100,6919.5,6920.75,6918.0,6918.25
1771802280,6918.25,6918.25,6913.25,6913.75
1771802460,6913.75,6916.0,6911.25,6913.0
1771802640,6913.0,6913.0,6904.5,6907.5
1771802820,6907.0,6907.75,6904.0,6906.75
1771803000,6906.75,6908.25,6903.75,6906.5
1771803180,6906.5,6909.0,6905.25,6907.75
1771803360,6907.75,6907.75,6904.25,6904.75
1771803540,6904.75,6905.0,6901.5,6902.75
1771803720,6902.25,6903.25,6900.25,6901.25
1771803900,6901.25,6905.75,6900.25,6904.75
1771804080,6904.75,6906.75,6903.5,6906.25
1771804260,6906.0,6907.0,6903.25,6904.0
1771804440,6904.25,6906.25,6903.25,6905.75
1771804620,6905.75,6907.5,6905.75,6906.25
1771804800,6906.0,6906.0,6902.25,6903.5
1771804980,6903.5,6903.75,6898.75,6900.0
1771805160,6899.75,6901.75,6898.25,6900.75
1771805340,6900.5,6901.0,6897.75,6898.5
1771805520,6898.5,6899.5,6897.5,6898.5
1771805700,6898.75,6901.25,6897.75,6900.0
1771805880,6899.75,6900.0,6892.5,6892.75
1771806060,6892.5,6893.75,6891.25,6892.0
1771806240,6892.0,6893.5,6886.75,6887.25
1771806420,6887.5,6890.75,6886.25,6890.75
1771806600,6890.5,6891.25,6887.5,6888.25
1771806780,6888.25,6889.75,6885.0,6888.0
1771806960,6888.25,6888.75,6886.25,6887.5
1771807140,6887.25,6889.5,6885.25,6888.75
1771807320,6888.75,6890.0,6885.75,6886.5
1771807500,6886.25,6889.5,6884.75,6888.75
1771807680,6888.75,6888.75,6885.0,6886.25
1771807860,6886.25,6888.0,6885.0,6886.0
1771808040,6885.75,6887.5,6882.25,6883.5
1771808220,6883.25,6883.5,6878.25,6879.25
1771808400,6879.25,6880.5,6876.5,6879.0
1771808580,6879.0,6882.25,6877.5,6881.25
1771808760,6881.0,6881.75,6878.5,6880.25
1771808940,6880.25,6881.75,6878.0,6878.75
1771809120,6879.0,6880.25,6878.25,6879.75
1771809300,6879.5,6882.0,6878.25,6880.75
1771809480,6880.75,6884.5,6880.75,6883.5
1771809660,6883.5,6885.25,6882.0,6883.0
1771809840,6883.0,6883.25,6879.5,6880.75
1771810020,6880.75,6883.5,6880.75,6881.25
1771810200,6881.0,6882.5,6880.0,6880.75
1771810380,6880.5,6881.25,6878.0,6880.0
1771810560,6880.25,6881.75,6878.5,6880.5
1771810740,6880.5,6880.5,6878.75,6879.5
1771810920,6879.5,6882.25,6879.5,6881.75
1771811100,6881.75,6883.75,6877.0,6879.75
1771811280,6880.0,6881.5,6879.5,6880.5
1771811460,6880.5,6880.5,6876.5,6878.0
1771811640,6878.0,6879.0,6874.75,6879.0
1771811820,6879.25,6879.5,6875.5,6875.5
1771812000,6875.25,6878.0,6874.5,6874.75
1771812180,6874.75,6878.5,6874.5,6876.75
1771812360,6876.5,6878.0,6875.0,6875.75
1771812540,6875.75,6876.0,6871.5,6872.25
1771812720,6872.0,6873.25,6870.25,6871.0
1771812900,6871.0,6872.0,6870.25,6871.75
1771813080,6871.75,6873.75,6871.0,6873.75
1771813260,6873.5,6874.5,6872.75,6873.0
1771813440,6872.5,6874.75,6872.5,6874.75
1771813620,6874.75,6876.25,6874.5,6874.5
1771813800,6874.5,6876.5,6873.75,6875.25
1771813980,6875.25,6875.75,6874.5,6874.75
1771814160,6874.5,6875.75,6874.25,6874.75
1771814340,6874.75,6875.25,6873.5,6875.0
1771814520,6875.0,6875.75,6874.25,6875.25
1771814700,6875.0,6875.75,6873.75,6874.25
1771814880,6874.0,6875.25,6873.75,6874.25
1771815060,6874.0,6875.0,6873.5,6874.0
1771815240,6874.0,6874.5,6873.25,6874.25
1771815420,6874.25,6875.0,6873.5,6874.5
1771815600,6874.5,6877.25,6874.25,6876.75
1771815780,6876.5,6876.75,6875.0,6875.75
1771815960,6875.5,6878.0,6875.25,6877.0
1771816140,6876.75,6877.0,6874.75,6874.75
1771816320,6874.75,6875.5,6874.0,6875.25
1771816500,6875.0,6875.0,6872.25,6872.25
1771816680,6872.25,6874.0,6871.75,6873.5
1771816860,6873.5,6873.5,6871.75,6872.0
1771817040,6872.25,6872.25,6869.25,6869.5
1771817220,6869.75,6872.75,6869.5,6872.75
1771817400,6872.75,6873.5,6870.0,6870.25
1771817580,6870.25,6871.25,6869.0,6869.75
1771817760,6869.5,6871.75,6869.25,6870.5
1771817940,6870.5,6873.0,6870.0,6872.75
1771818120,6872.75,6873.25,6872.0,6873.25
1771818300,6873.0,6873.25,6871.5,6872.25
1771818480,6872.0,6872.5,6871.5,6872.25
1771818660,6872.0,6872.75,6871.0,6871.5
1771818840,6871.5,6872.75,6871.5,6872.75
1771819020,6872.75,6873.25,6872.25,6872.75
1771819200,6873.0,6873.25,6871.75,6872.25
1771819380,6872.25,6872.25,6871.0,6871.25
1771819560,6871.25,6873.75,6871.25,6873.5
1771819740,6873.5,6875.25,6873.5,6875.25
1771819920,6875.0,6875.0,6873.0,6873.0
1771820100,6873.0,6873.0,6871.25,6872.75
1771820280,6872.5,6874.0,6872.5,6873.0
1771820460,6872.75,6873.25,6871.25,6871.25
1771820640,6871.25,6871.75,6870.0,6871.0
1771820820,6871.0,6872.0,6870.75,6871.75
1771821000,6871.75,6873.5,6871.25,6871.25
1771821180,6871.25,6871.25,6870.25,6870.75
1771821360,6870.75,6871.0,6870.25,6870.5
1771821540,6870.5,6870.5,6867.5,6868.75
1771821720,6869.0,6871.25,6869.0,6870.5
1771821900,6870.5,6870.75,6870.0,6870.25
1771822080,6870.25,6871.0,6869.25,6871.0
1771822260,6870.75,6871.25,6870.0,6871.0
1771822440,6871.25,6871.75,6870.25,6871.25
1771822620,6871.25,6871.25,6870.0,6870.75
1771822800,6871.5,6871.75,6870.25,6870.25
1771822980,6870.25,6870.75,6870.0,6870.25
1771823160,6870.5,6871.0,6869.75,6870.5
1771823340,6870.5,6870.5,6868.5,6870.0
1771823520,6869.75,6870.25,6868.75,6869.5
1771823700,6869.5,6869.75,6868.25,6869.0
1771823880,6869.0,6869.0,6867.5,6867.75
1771824060,6867.75,6870.0,6867.75,6868.25
1771824240,6868.5,6869.75,6868.25,6869.0
1771824420,6869.0,6871.0,6868.5,6870.5
1771824600,6870.75,6871.5,6870.25,6870.75
1771824780,6870.75,6872.5,6870.5,6871.5
1771824960,6871.5,6873.25,6871.25,6873.25
1771825140,6873.25,6874.5,6873.0,6874.0
1771825320,6874.0,6874.25,6873.0,6873.0
1771825500,6873.25,6873.75,6872.75,6873.5
1771825680,6873.5,6873.5,6872.0,6872.0
1771825860,6872.0,6874.0,6872.0,6874.0
1771826040,6874.0,6874.5,6873.75,6874.5
1771826220,6874.5,6875.0,6874.0,6874.0
1771826400,6874.25,6874.5,6873.0,6873.5
1771826580,6873.75,6874.5,6873.5,6874.0
1771826760,6874.0,6874.25,6873.5,6873.75
1771826940,6873.75,6875.0,6873.25,6874.75
1771827120,6874.75,6876.5,6874.5,6876.5
1771827300,6876.25,6876.25,6874.5,6875.5
1771827480,6875.5,6876.5,6874.75,6875.0
1771827660,6874.75,6876.0,6874.5,6875.75
1771827840,6875.5,6875.75,6874.5,6874.75
1771828020,6874.75,6875.25,6874.5,6874.5
1771828200,6874.5,6875.25,6873.75,6875.25
1771828380,6875.5,6876.75,6875.5,6876.75
1771828560,6876.75,6877.75,6876.25,6877.75
1771828740,6877.75,6878.5,6876.5,6876.75
1771828920,6877.0,6878.0,6877.0,6877.25
1771829100,6877.25,6877.75,6876.25,6877.0
1771829280,6877.25,6878.25,6877.0,6877.25
1771829460,6877.5,6877.75,6877.25,6877.5
1771829640,6877.5,6879.75,6877.5,6878.25
1771829820,6878.0,6879.5,6877.75,6879.25
1771830000,6879.25,6883.5,6878.5,6883.5
1771830180,6883.5,6884.75,6882.5,6883.5
1771830360,6883.5,6884.75,6883.0,6883.0
1771830540,6883.0,6885.25,6882.5,6884.75
1771830720,6884.5,6887.75,6884.5,6887.0
1771830900,6887.0,6887.25,6885.0,6885.5
1771831080,6886.0,6886.75,6885.0,6885.5
1771831260,6885.5,6886.25,6884.25,6884.25
1771831440,6884.5,6885.5,6883.75,6884.25
1771831620,6884.5,6885.5,6884.25,6885.0
1771831800,6885.0,6885.75,6883.0,6884.25
1771831980,6884.25,6885.75,6884.25,6885.0
1771832160,6884.75,6885.75,6884.5,6885.25
1771832340,6885.5,6887.0,6885.25,6886.25
1771832520,6886.25,6886.5,6885.5,6886.0
1771832700,6886.0,6886.5,6885.75,6886.25
1771832880,6886.25,6887.5,6886.25,6886.5
1771833060,6886.75,6887.0,6885.75,6886.0
1771833240,6886.25,6886.25,6885.0,6885.75
1771833420,6885.75,6886.75,6885.25,6885.5
1771833600,6885.75,6888.5,6885.75,6887.25
1771833780,6887.5,6887.5,6882.75,6883.75
1771833960,6884.0,6885.5,6883.0,6884.25
1771834140,6884.25,6887.5,6883.0,6887.0
1771834320,6887.0,6888.25,6886.5,6887.0
1771834500,6887.25,6887.25,6885.25,6885.25
1771834680,6885.5,6886.25,6884.25,6885.5
1771834860,6885.5,6887.5,6885.0,6886.75
1771835040,6887.0,6887.0,6883.75,6886.0
1771835220,6886.0,6886.5,6885.25,6886.5
1771835400,6886.5,6888.0,6885.75,6886.5
1771835580,6886.5,6887.0,6885.75,6886.0
1771835760,6885.75,6886.5,6884.75,6886.25
1771835940,6886.25,6886.5,6884.0,6884.0
1771836120,6884.0,6884.0,6881.75,6882.75
1771836300,6882.75,6886.75,6882.75,6886.5
1771836480,6886.5,6889.0,6885.75,6888.75
1771836660,6889.0,6891.0,6888.25,6891.0
1771836840,6891.25,6891.75,6890.5,6891.5
1771837020,6891.75,6891.75,6890.25,6891.0
1771837200,6891.25,6895.5,6891.25,6895.25
1771837380,6895.25,6897.75,6895.0,6897.25
1771837560,6897.25,6898.5,6897.0,6898.25
1771837740,6898.25,6904.0,6897.5,6903.0
1771837920,6902.75,6904.5,6902.25,6903.75
1771838100,6904.0,6904.25,6903.0,6903.5
1771838280,6903.5,6903.75,6901.25,6902.75
1771838460,6902.5,6903.25,6901.5,6901.75
1771838640,6901.75,6904.25,6900.75,6903.5
1771838820,6903.75,6905.0,6903.0,6904.5
1771839000,6904.5,6905.5,6904.0,6905.0
1771839180,6904.75,6905.0,6902.25,6904.75
1771839360,6904.75,6908.5,6904.75,6908.25
1771839540,6908.5,6909.5,6907.0,6909.0
1771839720,6909.25,6909.5,6908.0,6908.5
1771839900,6908.5,6910.0,6907.5,6909.5
1771840080,6909.75,6909.75,6907.0,6908.0
1771840260,6908.0,6909.5,6907.75,6908.0
1771840440,6908.0,6908.75,6907.25,6908.5
1771840620,6908.5,6909.0,6907.0,6907.5
1771840800,6908.0,6909.5,6907.5,6908.5
1771840980,6908.75,6908.75,6907.0,6908.0
1771841160,6908.25,6909.5,6907.75,6909.25
1771841340,6909.25,6913.25,6908.75,6910.25
1771841520,6910.5,6910.75,6909.25,6910.0
1771841700,6910.0,6910.0,6908.25,6908.75
1771841880,6909.0,6910.0,6908.25,6908.5
1771842060,6908.5,6908.5,6907.25,6908.25
1771842240,6908.25,6908.75,6899.75,6906.0
1771842420,6906.0,6907.25,6905.0,6906.0
1771842600,6905.5,6907.25,6904.5,6906.5
1771842780,6906.25,6907.25,6906.25,6907.25
1771842960,6907.25,6907.5,6905.5,6906.5
1771843140,6906.5,6909.5,6906.5,6909.0
1771843320,6909.0,6909.25,6907.75,6908.0
1771843500,6908.0,6908.0,6905.75,6906.25
1771843680,6906.5,6907.0,6905.75,6906.25
1771843860,6906.5,6907.0,6905.5,6906.0
1771844040,6905.75,6906.75,6904.5,6906.0
1771844220,6906.0,6906.5,6905.5,6906.5
1771844400,6906.75,6907.75,6905.25,6905.75
1771844580,6905.5,6907.25,6905.0,6905.75
1771844760,6905.75,6906.0,6905.25,6906.0
1771844940,6906.25,6907.0,6905.75,6907.0
1771845120,6907.0,6909.5,6907.0,6909.25
1771845300,6909.25,6911.25,6909.0,6910.5
1771845480,6910.5,6910.5,6908.25,6908.75
1771845660,6909.0,6909.0,6906.5,6907.25
1771845840,6907.25,6907.25,6905.5,6906.0
1771846020,6906.0,6906.25,6905.0,6905.75
1771846200,6906.0,6906.25,6904.5,6906.0
1771846380,6906.0,6906.0,6903.75,6904.25
1771846560,6904.25,6904.75,6902.25,6903.25
1771846740,6903.0,6903.5,6901.75,6903.0
1771846920,6903.0,6903.25,6902.0,6902.0
1771847100,6902.25,6902.75,6897.75,6898.75
1771847280,6898.75,6899.25,6896.5,6896.5
1771847460,6896.5,6897.5,6895.5,6896.25
1771847640,6896.5,6896.75,6892.75,6893.5
1771847820,6893.25,6897.75,6893.25,6897.5
1771848000,6897.25,6900.75,6897.0,6898.75
1771848180,6898.75,6899.75,6895.25,6899.5
1771848360,6899.75,6900.25,6897.5,6898.25
1771848540,6898.5,6899.0,6896.0,6896.5
1771848720,6896.5,6897.0,6895.75,6896.75
1771848900,6892.25,6893.0,6890.75,6890.75
1771849080,6891.0,6893.0,6890.5,6892.5
1771849260,6892.25,6893.0,6891.0,6892.0
1771849440,6892.0,6893.25,6890.5,6891.0
1771849620,6891.0,6891.75,6890.25,6891.5
1771849800,6891.75,6892.25,6887.0,6888.0
1771849980,6888.25,6890.25,6887.25,6888.75
1771850160,6888.5,6892.5,6888.0,6891.75
1771850340,6891.75,6892.0,6889.0,6889.25
1771850520,6889.25,6893.5,6889.25,6893.25
1771850700,6893.25,6894.5,6891.75,6891.75
1771850880,6891.75,6892.25,6889.25,6891.0
1771851060,6891.0,6891.25,6889.75,6891.0
1771851240,6891.0,6891.5,6888.25,6888.75
1771851420,6889.0,6889.75,6886.25,6889.5
1771851600,6889.5,6891.0,6886.0,6890.0
1771851780,6889.75,6891.5,6889.25,6891.5
1771851960,6891.25,6893.5,6889.75,6892.5
1771852140,6892.75,6895.75,6892.75,6893.5
1771852320,6893.75,6894.0,6891.75,6891.75
1771852500,6891.75,6894.5,6891.5,6893.0
1771852680,6893.25,6894.5,6891.25,6894.5
1771852860,6894.75,6896.5,6893.25,6893.5
1771853040,6893.75,6896.75,6893.0,6895.25
1771853220,6895.0,6895.5,6894.0,6895.5
1771853400,6895.5,6898.0,6894.5,6897.25
1771853580,6897.0,6897.25,6892.5,6894.5
1771853760,6894.75,6897.5,6894.0,6897.0
1771853940,6896.75,6900.25,6895.5,6898.5
1771854120,6898.75,6901.25,6898.0,6901.0
1771854300,6901.0,6902.0,6900.0,6901.75
1771854480,6901.75,6901.75,6899.25,6900.5
1771854660,6900.5,6903.5,6899.5,6902.5
1771854840,6902.25,6903.0,6898.25,6898.5
1771855020,6898.25,6900.5,6897.75,6899.75
1771855200,6899.75,6902.0,6899.75,6901.0
1771855380,6901.0,6901.75,6899.5,6901.25
1771855560,6901.0,6903.0,6900.5,6902.0
1771855740,6902.0,6902.0,6899.5,6900.25
1771855920,6900.5,6905.75,6900.25,6905.75
1771856100,6905.75,6905.75,6902.75,6904.0
1771856280,6903.75,6904.0,6902.25,6902.75
1771856460,6902.75,6903.25,6901.5,6902.75
1771856640,6902.5,6907.0,6902.25,6906.75
1771856820,6906.75,6908.75,6905.0,6908.25
1771857000,6908.0,6926.75,6906.75,6925.25
1771857180,6925.5,6927.75,6920.5,6922.75
1771857360,6922.75,6930.25,6918.75,6928.25
1771857540,6928.5,6928.75,6909.5,6910.0
1771857720,6910.0,6912.0,6904.25,6905.25
1771857900,6905.5,6908.75,6900.0,6904.25
1771858080,6904.25,6910.0,6897.25,6908.25
1771858260,6908.25,6911.25,6900.0,6901.5
1771858440,6901.5,6902.5,6894.25,6895.75
1771858620,6895.75,6900.5,6892.5,6895.0
1771858800,6894.75,6902.0,6889.75,6894.5
1771858980,6894.25,6899.0,6878.5,6879.75
1771859160,6879.5,6886.75,6879.5,6882.75
1771859340,6882.75,6886.25,6876.0,6880.75
1771859520,6880.75,6881.75,6874.5,6877.25
1771859700,6877.0,6879.5,6874.75,6877.0
1771859880,6876.75,6881.5,6876.0,6880.75
1771860060,6881.0,6885.0,6875.75,6876.5
1771860240,6876.75,6880.75,6873.25,6876.5
1771860420,6876.5,6877.75,6872.25,6874.5
1771860600,6874.5,6876.75,6870.5,6873.0
1771860780,6872.75,6879.5,6867.0,6867.5
1771860960,6867.5,6874.5,6865.5,6870.25
1771861140,6870.0,6872.0,6868.0,6870.0
1771861320,6870.0,6870.0,6863.5,6866.0
1771861500,6866.0,6868.75,6862.75,6867.75
1771861680,6867.5,6868.25,6864.5,6864.75
1771861860,6865.0,6866.5,6855.75,6861.0
1771862040,6861.0,6861.0,6853.75,6855.0
1771862220,6854.75,6857.5,6851.0,6852.0
1771862400,6851.75,6854.5,6846.0,6846.75
1771862580,6847.0,6847.75,6837.5,6841.75
1771862760,6841.75,6843.25,6837.5,6840.0
1771862940,6840.0,6843.5,6836.25,6838.5
1771863120,6838.5,6839.0,6835.0,6836.0
1771863300,6836.25,6840.25,6832.75,6839.5
1771863480,6839.75,6849.0,6839.5,6847.25
1771863660,6847.25,6850.75,6845.0,6848.0
1771863840,6848.25,6853.0,6843.75,6852.5
1771864020,6852.5,6858.75,6851.0,6858.25
1771864200,6858.25,6860.25,6854.75,6857.0
1771864380,6857.0,6858.0,6853.75,6855.75
1771864560,6855.75,6859.25,6853.25,6854.25
1771864740,6854.25,6856.25,6851.5,6854.25
1771864920,6854.25,6857.0,6852.25,6853.25
1771865100,6853.25,6855.25,6848.5,6851.25
1771865280,6851.25,6853.25,6847.25,6851.0
1771865460,6850.75,6855.5,6849.0,6854.0
1771865640,6854.0,6854.75,6849.0,6850.0
1771865820,6850.0,6852.25,6847.25,6849.0
1771866000,6849.0,6854.0,6847.5,6850.5
1771866180,6850.5,6852.25,6847.25,6850.0
1771866360,6850.25,6854.25,6849.0,6851.5
1771866540,6851.5,6852.0,6847.75,6850.0
1771866720,6850.0,6850.75,6845.25,6847.0
1771866900,6847.25,6851.75,6846.5,6850.5
1771867080,6850.75,6852.25,6847.0,6848.5
1771867260,6848.5,6851.75,6847.75,6849.5
1771867440,6849.5,6850.0,6846.5,6847.75
1771867620,6848.0,6850.0,6846.0,6846.25
1771867800,6846.5,6846.75,6844.0,6844.75
1771867980,6844.75,6846.25,6840.25,6841.0
1771868160,6840.75,6841.75,6835.25,6836.75
1771868340,6836.75,6843.25,6835.0,6841.0
1771868520,6841.0,6846.25,6840.5,6840.75
1771868700,6840.75,6844.75,6840.0,6841.0
1771868880,6840.75,6843.5,6839.0,6843.5
1771869060,6843.5,6851.25,6841.5,6849.0
1771869240,6849.0,6851.0,6847.25,6851.0
1771869420,6850.75,6852.75,6847.0,6850.0
1771869600,6849.75,6854.25,6848.75,6853.75
1771869780,6853.5,6855.75,6852.25,6854.5
1771869960,6854.5,6858.5,6853.5,6857.25
1771870140,6857.25,6859.5,6856.0,6858.75
1771870320,6858.75,6861.5,6856.5,6860.5
1771870500,6860.5,6863.5,6859.5,6862.5
1771870680,6862.5,6863.0,6860.25,6863.0
1771870860,6863.0,6867.5,6862.0,6866.75
1771871040,6866.75,6867.5,6865.25,6866.75
1771871220,6867.0,6869.25,6865.25,6867.75
1771871400,6867.75,6867.75,6863.75,6867.0
1771871580,6867.25,6867.5,6864.75,6866.25
1771871760,6866.25,6868.75,6864.25,6865.0
1771871940,6865.0,6865.25,6861.5,6862.25
1771872120,6862.25,6863.75,6857.75,6860.0
1771872300,6860.0,6860.5,6857.5,6859.75
1771872480,6859.75,6863.5,6859.25,6860.0
1771872660,6860.0,6860.75,6857.0,6857.0
1771872840,6857.25,6857.25,6850.0,6850.75
1771873020,6850.5,6851.5,6847.75,6849.5
1771873200,6849.5,6852.25,6847.25,6848.0
1771873380,6847.75,6849.5,6846.75,6848.5
1771873560,6848.25,6851.0,6846.75,6848.0
1771873740,6847.75,6850.25,6846.25,6849.75
1771873920,6849.75,6851.25,6848.0,6848.25
1771874100,6848.0,6850.5,6845.5,6846.25
1771874280,6846.0,6848.5,6845.75,6847.75
1771874460,6847.75,6848.25,6845.0,6845.75
1771874640,6845.75,6847.5,6845.5,6847.0
1771874820,6847.0,6848.5,6841.0,6842.25
1771875000,6842.0,6845.5,6841.75,6844.5
1771875180,6844.25,6846.25,6841.0,6842.25
1771875360,6842.25,6842.25,6839.0,6840.25
1771875540,6840.0,6841.5,6837.5,6837.75
1771875720,6837.75,6839.25,6834.75,6838.0
1771875900,6838.0,6841.5,6837.0,6839.75
1771876080,6839.75,6844.75,6839.25,6843.0
1771876260,6843.0,6843.5,6840.25,6842.25
1771876440,6842.0,6844.5,6839.5,6843.5
1771876620,6843.5,6844.75,6838.75,6840.0
1771876800,6840.0,6843.75,6839.25,6840.0
1771876980,6840.0,6842.75,6839.5,6840.75
1771877160,6840.75,6842.0,6837.75,6838.5
1771877340,6838.75,6839.75,6836.25,6838.25
1771877520,6838.25,6839.0,6835.75,6836.5
1771877700,6836.5,6841.25,6836.5,6839.0
1771877880,6839.0,6840.5,6837.75,6837.75
1771878060,6838.0,6839.0,6837.0,6838.5
1771878240,6838.5,6842.5,6837.75,6841.5
1771878420,6841.5,6845.0,6840.25,6843.0
1771878600,6843.0,6850.25,6842.5,6849.25
1771878780,6849.25,6852.0,6844.5,6844.5
1771878960,6844.75,6848.75,6844.25,6847.0
1771879140,6847.0,6847.5,6844.25,6846.25
1771879320,6846.0,6846.25,6841.0,6846.0
1771879500,6846.25,6846.25,6843.25,6843.75
1771879680,6844.0,6852.25,6843.5,6845.0
1771879860,6845.25,6846.75,6840.25,6841.0
1771880040,6841.0,6843.25,6838.25,6840.5
1771880220,6840.25,6854.5,6840.25,6854.25
1771880400,6854.0,6856.5,6851.0,6854.75
1771880580,6855.0,6855.75,6853.5,6855.5
1771880760,6855.5,6856.5,6854.25,6856.0
1771880940,6856.25,6858.75,6855.25,6857.0
1771881120,6857.0,6858.0,6856.5,6858.0
1771881300,6858.0,6858.0,6855.25,6856.0
1771881480,6856.0,6857.0,6855.5,6857.0
1771881660,6857.0,6858.25,6856.5,6856.75
1771881840,6856.75,6857.25,6856.5,6856.75
1771882020,6857.0,6857.25,6856.5,6857.0
1771882200,6857.0,6859.0,6856.25,6856.5
1771882380,6856.75,6857.5,6856.0,6857.25
1771882560,6857.25,6857.5,6856.5,6857.25
1771882740,6857.25,6857.25,6856.5,6856.75
1771882920,6857.0,6857.25,6856.5,6857.25
1771883100,6857.25,6857.25,6856.5,6856.75
1771883280,6856.75,6857.25,6856.0,6856.25
1771883460,6856.5,6856.5,6855.75,6856.5
1771883640,6856.75,6858.75,6856.75,6858.0
1771883820,6858.0,6858.5,6857.0,6858.25
1771887600,6858.25,6861.25,6857.0,6859.0
1771887780,6858.75,6860.25,6854.75,6860.25
1771887960,6860.25,6862.75,6859.5,6861.5
1771888140,6861.5,6862.75,6860.0,6862.0
1771888320,6862.0,6862.0,6858.75,6859.25
1771888500,6859.25,6860.0,6858.0,6858.75
1771888680,6858.75,6858.75,6856.25,6856.75
1771888860,6856.75,6857.75,6855.75,6857.0
1771889040,6857.0,6858.5,6857.0,6858.0
1771889220,6858.25,6860.75,6857.5,6860.25
1771889400,6860.5,6864.0,6860.0,6863.5
1771889580,6863.5,6864.0,6862.25,6863.5
1771889760,6863.25,6863.5,6861.5,6862.25
1771889940,6862.5,6863.25,6862.25,6863.0
1771890120,6863.0,6863.0,6859.5,6861.5
1771890300,6861.25,6862.0,6859.25,6859.5
1771890480,6859.5,6859.75,6858.25,6858.75
1771890660,6858.25,6860.25,6857.5,6860.0
1771890840,6859.75,6860.75,6858.0,6858.75
1771891020,6858.75,6858.75,6856.75,6857.25
1771891200,6857.25,6861.0,6856.0,6857.5
1771891380,6857.75,6860.0,6857.25,6859.0
1771891560,6859.0,6859.5,6855.25,6856.0
1771891740,6855.75,6858.5,6854.5,6858.0
1771891920,6858.5,6858.75,6857.0,6858.5
1771892100,6858.5,6861.0,6858.25,6860.75
1771892280,6860.75,6861.75,6860.25,6861.5
1771892460,6861.5,6862.0,6855.0,6855.25
1771892640,6855.25,6856.5,6853.0,6854.0
1771892820,6854.0,6855.75,6853.75,6855.0
1771893000,6855.0,6856.5,6854.5,6855.25
1771893180,6855.0,6855.75,6854.0,6855.75
1771893360,6855.75,6856.75,6855.25,6856.5
1771893540,6856.5,6859.5,6856.5,6859.0
1771893720,6859.0,6860.5,6858.5,6859.75
1771893900,6859.75,6861.0,6858.75,6860.75
1771894080,6860.75,6862.75,6860.0,6862.25
1771894260,6862.5,6863.25,6861.5,6861.75
1771894440,6861.75,6861.75,6858.75,6859.5
1771894620,6859.5,6862.0,6858.75,6861.25
1771894800,6861.25,6861.75,6856.75,6858.5
1771894980,6858.75,6859.5,6857.25,6857.25
1771895160,6857.5,6860.0,6857.25,6859.75
1771895340,6859.75,6860.0,6858.5,6859.5
1771895520,6859.25,6860.0,6859.0,6859.25
1771895700,6859.25,6859.5,6857.0,6859.0
1771895880,6859.0,6862.0,6859.0,6860.75
1771896060,6860.75,6862.75,6860.25,6862.25
1771896240,6862.5,6863.5,6859.75,6860.5
1771896420,6860.25,6862.75,6860.25,6861.5
1771896600,6861.5,6861.5,6857.25,6859.5
1771896780,6859.25,6862.25,6858.5,6861.75
1771896960,6861.75,6862.0,6860.25,6861.5
1771897140,6861.5,6862.0,6858.75,6861.75
1771897320,6862.0,6863.75,6862.0,6862.5
1771897500,6862.25,6862.75,6860.5,6861.0
1771897680,6861.0,6862.25,6859.75,6862.0
1771897860,6862.0,6862.25,6860.5,6860.75
1771898040,6860.75,6861.0,6859.75,6860.75
1771898220,6861.0,6862.5,6860.75,6862.0
1771898400,6862.0,6863.25,6861.75,6862.25
1771898580,6862.25,6863.0,6860.5,6861.5
1771898760,6861.5,6862.75,6861.5,6862.0
1771898940,6862.25,6863.75,6861.0,6863.25
1771899120,6863.5,6865.5,6862.5,6864.5
1771899300,6864.5,6865.5,6863.75,6864.5
1771899480,6864.5,6866.75,6864.5,6866.25
1771899660,6866.25,6867.0,6865.75,6867.0
1771899840,6867.0,6870.75,6867.0,6870.25
1771900020,6870.25,6870.5,6869.5,6870.0
1771900200,6869.75,6870.25,6869.0,6870.0
1771900380,6870.0,6871.75,6869.5,6871.5
1771900560,6871.25,6872.25,6870.75,6871.5
1771900740,6871.75,6872.0,6870.25,6871.25
1771900920,6871.5,6871.5,6869.0,6869.5
1771901100,6869.25,6870.25,6868.25,6869.25
1771901280,6869.25,6870.25,6869.25,6869.25
1771901460,6869.5,6870.0,6868.75,6869.75
1771901640,6869.5,6870.5,6869.25,6869.75
1771901820,6869.75,6871.0,6869.75,6870.25
1771902000,6870.25,6871.5,6870.0,6871.0
1771902180,6871.0,6871.5,6870.0,6870.0
1771902360,6870.25,6871.0,6870.0,6870.75
1771902540,6870.75,6871.0,6869.5,6869.5
1771902720,6869.75,6871.0,6869.75,6870.75
1771902900,6870.5,6871.5,6870.0,6871.25
1771903080,6871.5,6871.75,6870.25,6871.5
1771903260,6871.5,6872.25,6871.25,6871.75
1771903440,6871.75,6872.5,6871.25,6871.75
1771903620,6871.5,6872.5,6871.0,6871.5
1771903800,6871.75,6871.75,6870.5,6871.25
1771903980,6871.25,6871.5,6870.0,6870.0
1771904160,6870.25,6871.25,6870.0,6871.0
1771904340,6871.0,6872.25,6871.0,6871.75
1771904520,6871.75,6872.5,6871.0,6871.0
1771904700,6870.75,6871.25,6870.25,6870.75
1771904880,6870.5,6871.0,6870.0,6870.25
1771905060,6870.5,6870.75,6869.75,6870.75
1771905240,6870.75,6871.0,6870.0,6870.5
1771905420,6870.5,6870.75,6870.25,6870.5
1771905600,6870.25,6870.75,6870.25,6870.5
1771905780,6870.5,6870.75,6869.75,6870.25
1771905960,6870.25,6871.75,6870.25,6871.5
1771906140,6871.25,6871.75,6871.0,6871.0
1771906320,6871.0,6871.25,6870.5,6870.75
1771906500,6870.75,6870.75,6869.25,6869.25
1771906680,6869.25,6872.0,6868.75,6871.75
1771906860,6871.5,6872.0,6870.75,6872.0
1771907040,6871.75,6872.0,6871.25,6871.5
1771907220,6871.5,6872.5,6871.5,6871.75
1771907400,6872.0,6873.0,6870.75,6871.0
1771907580,6871.0,6871.5,6869.75,6869.75
1771907760,6870.0,6870.75,6869.25,6870.25
1771907940,6870.5,6871.0,6870.0,6870.75
1771908120,6870.75,6871.75,6870.5,6870.75
1771908300,6870.75,6872.0,6870.5,6871.75
1771908480,6871.5,6873.0,6871.5,6872.5
1771908660,6872.5,6872.5,6871.5,6872.25
1771908840,6872.25,6872.75,6872.0,6872.0
1771909020,6872.0,6873.0,6871.75,6872.5
1771909740,6874.25,6875.0,6874.25,6874.25
1771909920,6874.25,6875.0,6874.25,6874.25
1771910100,6874.0,6874.25,6870.25,6870.5
1771910280,6870.75,6871.25,6869.25,6869.75
1771910460,6869.75,6870.5,6868.75,6869.5
1771910640,6869.5,6870.0,6869.25,6869.75
1771910820,6869.5,6871.0,6868.75,6870.0
1771911000,6870.0,6870.0,6868.25,6869.25
1771911180,6869.25,6869.5,6866.5,6866.5
1771911360,6866.5,6868.25,6866.0,6868.0
1771911540,6868.0,6868.0,6866.5,6867.0
1771911720,6867.0,6868.5,6866.5,6868.25
1771911900,6868.25,6868.25,6865.5,6866.25
1771912080,6866.25,6866.5,6862.75,6864.5
1771912260,6864.75,6865.25,6863.75,6865.25
1771912440,6865.25,6866.0,6864.25,6864.75
1771912620,6864.5,6865.5,6864.25,6865.25
1771912800,6865.25,6865.75,6864.5,6865.0
1771912980,6865.0,6865.75,6864.5,6865.75
1771913160,6865.75,6866.75,6865.75,6866.75
1771913340,6867.0,6867.75,6866.5,6866.75
1771913520,6866.75,6866.75,6864.25,6864.75
1771913700,6864.75,6866.25,6864.0,6866.0
1771913880,6866.0,6867.0,6865.5,6865.5
1771914060,6865.25,6865.25,6862.25,6862.75
1771914240,6862.75,6863.75,6862.25,6862.5
1771914420,6862.5,6864.5,6861.75,6864.0
1771914600,6864.0,6865.0,6862.0,6863.25
1771914780,6863.25,6864.5,6862.75,6863.75
1771914960,6863.75,6865.0,6862.5,6864.75
1771915140,6864.75,6865.75,6864.5,6865.0
1771915320,6865.25,6866.75,6865.0,6866.0
1771915500,6866.0,6866.75,6865.25,6866.75
1771915680,6866.5,6867.0,6865.75,6866.5
1771915860,6866.25,6866.75,6865.75,6865.75
1771916040,6865.75,6866.5,6864.75,6866.25
1771916220,6866.5,6867.5,6865.75,6866.75
1771916400,6866.5,6869.75,6866.0,6869.5
1771916580,6869.5,6869.75,6867.75,6869.5
1771916760,6869.5,6872.5,6869.25,6870.75
1771916940,6871.0,6871.5,6870.25,6870.75
1771917120,6871.0,6871.75,6870.25,6871.5
1771917300,6871.5,6871.75,6869.5,6869.75
1771917480,6869.75,6871.0,6869.5,6870.0
1771917660,6870.0,6870.5,6868.75,6869.25
1771917840,6869.25,6870.5,6869.0,6870.5
1771918020,6870.5,6872.0,6870.5,6871.5
1771918200,6871.5,6873.0,6871.5,6872.5
1771918380,6872.5,6872.75,6869.5,6869.75
1771918560,6869.75,6870.0,6869.0,6869.5
1771918740,6869.25,6869.75,6869.0,6869.5
1771918920,6869.5,6869.75,6866.5,6867.25
1771919100,6867.5,6868.0,6866.25,6866.75
1771919280,6866.75,6868.5,6866.25,6868.5
1771919460,6868.75,6868.75,6867.25,6868.0
1771919640,6868.0,6868.25,6867.0,6867.0
1771919820,6867.0,6868.0,6865.5,6866.25
1771920000,6866.25,6866.5,6858.75,6859.5
1771920180,6859.5,6862.75,6855.75,6860.5
1771920360,6860.5,6861.0,6857.25,6857.25
1771920540,6857.0,6860.25,6855.0,6855.75
1771920720,6855.75,6859.25,6854.5,6856.75
1771920900,6856.75,6859.75,6854.0,6856.0
1771921080,6856.0,6856.75,6853.5,6854.75
1771921260,6854.75,6862.0,6854.5,6861.75
1771921440,6861.75,6862.75,6860.25,6860.75
1771921620,6861.0,6861.25,6858.25,6860.25
1771921800,6860.75,6863.25,6860.25,6860.25
1771921980,6860.25,6860.75,6854.75,6855.0
1771922160,6855.0,6858.25,6854.75,6857.0
1771922340,6857.25,6858.25,6856.0,6857.0
1771922520,6856.75,6856.75,6853.75,6855.75
1771922700,6855.75,6856.25,6852.75,6852.75
1771922880,6852.75,6853.5,6850.5,6851.5
1771923060,6851.5,6852.5,6850.25,6852.0
1771923240,6852.0,6856.75,6850.5,6856.25
1771923420,6856.25,6857.0,6855.25,6855.75
1771923600,6855.75,6860.25,6855.5,6860.25
1771923780,6860.25,6861.0,6857.5,6857.75
1771923960,6857.75,6860.25,6857.75,6860.25
1771924140,6860.25,6862.75,6860.0,6862.5
1771924320,6862.5,6867.25,6862.0,6866.25
1771924500,6866.25,6867.5,6864.75,6866.25
1771924680,6866.25,6867.0,6863.75,6864.75
1771924860,6865.0,6865.0,6862.75,6863.25
1771925040,6863.25,6865.0,6862.75,6863.0
1771925220,6863.0,6864.25,6862.5,6863.5
1771925400,6863.25,6863.75,6860.25,6860.5
1771925580,6860.25,6861.25,6857.75,6857.75
1771925760,6857.75,6861.75,6857.75,6861.75
1771925940,6861.75,6864.5,6861.75,6864.25
1771926120,6864.0,6864.75,6863.75,6864.5
1771926300,6864.5,6865.5,6863.75,6865.5
1771926480,6865.75,6868.25,6865.75,6867.75
1771926660,6868.0,6868.0,6866.5,6867.0
1771926840,6867.0,6868.25,6867.0,6868.0
1771927020,6868.0,6868.25,6867.5,6868.0
1771927200,6868.0,6870.5,6867.5,6870.0
1771927380,6870.0,6871.25,6869.5,6870.0
1771927560,6870.0,6870.0,6867.5,6868.5
1771927740,6868.25,6868.75,6867.25,6868.5
1771927920,6868.5,6868.5,6866.75,6866.75
1771928100,6866.75,6867.0,6865.25,6866.0
1771928280,6866.0,6867.75,6865.75,6866.75
1771928460,6867.0,6867.5,6866.0,6867.25
1771928640,6867.5,6867.5,6865.75,6866.5
1771928820,6866.5,6866.5,6865.25,6866.25
1771929000,6866.25,6866.75,6864.5,6865.0
1771929180,6865.25,6866.5,6864.0,6866.5
1771929360,6866.5,6867.25,6864.5,6864.5
1771929540,6864.5,6865.0,6863.25,6863.75
1771929720,6864.0,6867.0,6864.0,6867.0
1771929900,6866.75,6866.75,6864.0,6864.0
1771930080,6864.0,6864.25,6862.75,6863.25
1771930260,6863.75,6864.25,6862.5,6863.75
1771930440,6864.0,6866.25,6864.0,6865.75
1771930620,6866.0,6866.5,6865.5,6866.0
1771930800,6866.25,6867.75,6865.5,6866.75
1771930980,6866.75,6869.25,6866.75,6868.5
1771931160,6868.5,6869.25,6867.75,6867.75
1771931340,6868.0,6868.0,6865.0,6866.5
1771931520,6866.5,6866.5,6864.25,6864.25
1771931700,6864.5,6865.5,6863.75,6865.5
1771931880,6865.25,6865.75,6862.75,6863.5
1771932060,6863.25,6863.75,6861.5,6861.75
1771932240,6862.0,6863.75,6861.75,6863.25
1771932420,6863.25,6863.25,6862.25,6862.75
1771932600,6863.0,6864.25,6862.5,6864.0
1771932780,6863.75,6863.75,6861.0,6861.75
1771932960,6861.75,6863.0,6861.25,6861.75
1771933140,6861.75,6861.75,6859.75,6861.0
1771933320,6861.0,6862.25,6860.25,6861.75
1771933500,6861.75,6864.0,6861.75,6862.5
1771933680,6862.25,6862.5,6860.75,6862.5
1771933860,6862.5,6862.75,6861.0,6861.25
1771934040,6861.0,6863.0,6860.75,6863.0
1771934220,6863.0,6865.0,6861.5,6864.5
1771934400,6864.5,6867.25,6863.25,6867.25
1771934580,6867.5,6868.75,6865.25,6868.75
1771934760,6869.0,6871.5,6867.0,6867.75
1771934940,6867.5,6868.25,6864.0,6864.25
1771935120,6864.5,6868.5,6864.0,6866.25
1771935300,6866.25,6866.75,6862.75,6863.0
1771935480,6863.0,6863.0,6861.0,6861.25
1771935660,6861.25,6862.5,6859.0,6859.5
1771935840,6859.5,6861.0,6858.25,6861.0
1771936020,6861.25,6862.25,6858.75,6859.0
1771936200,6859.0,6859.25,6856.25,6857.5
1771936380,6857.25,6857.25,6852.5,6854.75
1771936560,6855.0,6855.25,6852.0,6853.0
1771936740,6853.0,6853.5,6847.25,6848.5
1771936920,6848.5,6850.0,6847.0,6850.0
1771937100,6850.0,6850.5,6845.75,6847.75
1771937280,6847.5,6849.75,6845.75,6848.75
1771937460,6848.75,6852.0,6846.25,6850.75
1771937640,6850.75,6852.25,6849.25,6850.75
1771937820,6850.75,6851.75,6848.75,6850.0
1771938000,6850.25,6854.0,6849.75,6851.75
1771938180,6851.5,6853.75,6850.75,6851.5
1771938360,6851.75,6853.25,6850.5,6853.0
1771938540,6853.25,6853.25,6849.25,6852.5
1771938720,6852.75,6853.25,6849.5,6850.75
1771938900,6850.5,6851.5,6850.0,6851.0
1771939080,6851.0,6855.0,6851.0,6852.5
1771939260,6852.5,6854.25,6851.25,6852.5
1771939440,6852.75,6856.75,6852.0,6855.5
1771939620,6855.5,6857.75,6854.25,6857.5
1771939800,6857.5,6860.5,6857.0,6857.5
1771939980,6857.25,6858.25,6855.75,6857.25
1771940160,6857.0,6857.25,6855.5,6856.5
1771940340,6856.5,6858.75,6853.75,6858.5
1771940520,6858.25,6861.75,6858.25,6860.75
1771940700,6860.75,6863.25,6860.5,6862.75
1771940880,6863.0,6864.5,6862.0,6863.0
1771941060,6863.25,6864.5,6861.5,6862.75
1771941240,6863.0,6866.25,6862.5,6865.25
1771941420,6865.25,6865.5,6863.0,6863.25
1771941600,6863.25,6863.25,6861.5,6863.0
1771941780,6863.0,6863.0,6859.0,6859.25
1771941960,6859.0,6859.75,6856.75,6858.0
1771942140,6858.0,6858.5,6855.75,6857.75
1771942320,6857.75,6857.75,6854.0,6856.75
1771942500,6856.75,6857.0,6854.5,6854.75
1771942680,6854.75,6855.0,6851.75,6852.75
1771942860,6852.75,6853.25,6850.25,6851.25
1771943040,6851.25,6851.75,6848.0,6850.0
1771943220,6849.75,6851.75,6845.0,6847.25
1771943400,6847.5,6850.75,6835.25,6841.0
1771943580,6841.0,6842.5,6832.0,6834.25
1771943760,6834.25,6851.5,6828.5,6849.5
1771943940,6849.25,6864.0,6849.25,6863.5
1771944120,6863.5,6873.0,6859.0,6872.25
1771944300,6872.25,6878.75,6869.25,6877.25
1771944480,6877.5,6883.75,6873.0,6874.25
1771944660,6874.0,6877.5,6869.0,6871.0
1771944840,6871.0,6872.5,6859.25,6861.5
1771945020,6861.25,6866.75,6856.75,6861.0
1771945200,6861.0,6861.0,6848.75,6860.5
1771945380,6860.25,6862.0,6854.5,6858.25
1771945560,6858.25,6866.25,6856.0,6863.25
1771945740,6863.5,6871.25,6862.0,6868.75
1771945920,6869.0,6869.5,6858.5,6861.25
1771946100,6861.0,6867.75,6859.5,6865.25
1771946280,6865.25,6874.75,6861.75,6874.25
1771946460,6874.5,6880.0,6873.25,6879.0
1771946640,6879.0,6887.25,6877.75,6886.75
1771946820,6886.5,6893.25,6886.25,6892.5
1771947000,6892.5,6894.5,6888.75,6892.5
1771947180,6892.5,6893.0,6885.5,6886.75
1771947360,6886.75,6890.25,6885.5,6888.25
1771947540,6888.5,6890.0,6886.25,6888.25
1771947720,6888.25,6895.0,6888.25,6892.25
1771947900,6892.25,6892.5,6887.25,6890.5
1771948080,6890.5,6891.0,6886.75,6887.5
1771948260,6887.75,6889.25,6884.75,6886.5
1771948440,6886.75,6887.5,6881.5,6882.0
1771948620,6882.0,6885.5,6880.75,6883.0
1771948800,6882.75,6890.75,6882.25,6890.0
1771948980,6890.0,6892.75,6888.25,6892.0
1771949160,6892.0,6892.0,6887.5,6890.0
1771949340,6890.25,6893.0,6888.5,6892.5
1771949520,6892.5,6898.25,6892.25,6895.5
1771949700,6895.25,6897.0,6889.25,6890.5
1771949880,6890.25,6893.25,6887.5,6888.0
1771950060,6887.75,6891.5,6887.0,6890.5
1771950240,6890.75,6891.5,6888.5,6891.5
1771950420,6891.25,6891.5,6888.25,6890.25
1771950600,6890.5,6890.5,6881.5,6883.25
1771950780,6883.0,6887.0,6880.75,6884.75
1771950960,6884.75,6887.25,6882.25,6887.25
1771951140,6887.0,6890.75,6885.75,6889.75
1771951320,6889.5,6889.5,6883.75,6885.0
1771951500,6884.75,6889.75,6884.25,6889.25
1771951680,6889.25,6891.0,6886.0,6888.75
1771951860,6888.5,6893.25,6888.0,6892.75
1771952040,6892.5,6894.5,6892.0,6893.5
1771952220,6893.5,6896.25,6892.5,6894.0
1771952400,6893.75,6897.0,6893.25,6896.5
1771952580,6896.5,6897.75,6894.5,6896.5
1771952760,6896.5,6897.25,6895.0,6896.5
1771952940,6896.5,6904.75,6895.25,6904.5
1771953120,6904.5,6904.75,6901.5,6902.0
1771953300,6901.75,6905.5,6901.75,6903.5
1771953480,6903.5,6904.25,6901.0,6903.5
1771953660,6903.25,6905.25,6903.0,6904.25
1771953840,6904.25,6906.25,6903.75,6905.75
1771954020,6905.5,6907.5,6904.0,6905.0
1771954200,6904.75,6906.0,6903.0,6905.5
1771954380,6905.5,6905.5,6903.0,6903.75
1771954560,6903.75,6904.25,6902.25,6903.75
1771954740,6903.75,6903.75,6901.75,6903.0
1771954920,6903.0,6904.5,6900.5,6900.75
1771955100,6901.0,6902.25,6898.75,6902.0
1771955280,6902.25,6906.0,6901.25,6905.75
1771955460,6905.75,6905.75,6903.5,6904.25
1771955640,6904.5,6904.5,6901.75,6903.75
1771955820,6903.75,6904.5,6902.25,6903.25
1771956000,6903.25,6908.25,6902.5,6908.0
1771956180,6908.25,6910.5,6907.75,6908.5
1771956360,6908.5,6908.75,6904.75,6905.5
1771956540,6905.5,6906.25,6904.25,6904.75
1771956720,6905.0,6905.75,6903.25,6904.25
1771956900,6904.0,6904.5,6902.75,6904.0
1771957080,6903.75,6904.0,6900.0,6901.75
1771957260,6901.75,6903.25,6901.25,6901.25
1771957440,6901.0,6901.5,6899.25,6900.25
1771957620,6900.25,6901.25,6898.5,6899.75
1771957800,6899.75,6902.75,6898.0,6902.0
1771957980,6901.75,6903.25,6900.0,6903.0
1771958160,6903.0,6907.0,6902.5,6905.5
1771958340,6905.25,6907.5,6904.75,6906.0
1771958520,6905.75,6907.75,6904.5,6906.5
1771958700,6906.75,6908.25,6905.75,6906.5
1771958880,6906.25,6907.75,6904.0,6907.5
1771959060,6907.75,6907.75,6906.0,6906.75
1771959240,6906.75,6907.5,6906.0,6907.5
1771959420,6907.5,6907.5,6903.75,6903.75
1771959600,6903.75,6905.25,6903.0,6903.75
1771959780,6903.5,6905.5,6903.0,6903.0
1771959960,6903.25,6903.75,6901.25,6902.0
1771960140,6902.0,6902.25,6899.5,6900.0
1771960320,6900.25,6902.75,6899.5,6901.25
1771960500,6901.0,6901.25,6895.75,6898.0
1771960680,6898.0,6899.25,6897.0,6898.5
1771960860,6898.25,6898.25,6895.75,6896.75
1771961040,6897.0,6898.5,6896.0,6897.5
1771961220,6897.5,6900.0,6896.0,6898.0
1771961400,6898.25,6900.5,6897.25,6900.0
1771961580,6900.0,6900.0,6897.0,6897.5
1771961760,6897.25,6899.25,6897.0,6899.25
1771961940,6899.25,6902.0,6898.0,6901.0
1771962120,6901.0,6902.75,6899.5,6901.0
1771962300,6901.25,6902.75,6899.25,6899.75
1771962480,6899.5,6903.25,6899.25,6902.5
1771962660,6902.5,6906.0,6901.5,6904.0
1771962840,6903.75,6903.75,6900.0,6901.5
1771963020,6901.25,6902.25,6900.0,6900.75
1771963200,6900.5,6902.75,6900.25,6901.25
1771963380,6901.25,6901.5,6898.25,6899.5
1771963560,6899.5,6900.25,6896.75,6897.75
1771963740,6897.75,6898.5,6895.75,6897.5
1771963920,6897.25,6897.5,6895.0,6896.0
1771964100,6896.25,6896.75,6894.0,6894.75
1771964280,6894.75,6900.5,6894.25,6898.75
1771964460,6898.75,6899.75,6896.75,6897.5
1771964640,6897.5,6899.25,6896.25,6896.75
1771964820,6897.0,6897.25,6894.25,6894.5
1771965000,6894.5,6898.25,6894.25,6898.25
1771965180,6898.0,6900.5,6898.0,6899.5
1771965360,6899.25,6900.25,6898.0,6898.0
1771965540,6898.25,6898.75,6896.75,6898.0
1771965720,6898.25,6902.0,6897.5,6901.5
1771965900,6901.5,6904.75,6901.0,6904.25
1771966080,6904.25,6912.75,6904.0,6910.75
1771966260,6911.0,6911.25,6903.25,6905.5
1771966440,6905.5,6909.0,6903.0,6906.25
1771966620,6906.25,6906.5,6901.75,6903.0
1771966800,6903.25,6905.0,6900.5,6901.75
1771966980,6901.75,6902.25,6900.0,6900.5
1771967160,6900.5,6901.5,6899.5,6899.5
1771967340,6899.5,6901.75,6899.0,6901.25
1771967520,6901.25,6902.25,6900.75,6901.75
1771967700,6901.75,6902.0,6900.5,6900.5
1771967880,6900.5,6901.25,6900.0,6901.25
1771968060,6901.0,6902.0,6900.5,6901.75
1771968240,6901.5,6901.75,6900.25,6900.25
1771968420,6900.25,6901.0,6900.25,6900.75
1771968600,6900.75,6901.75,6900.5,6900.5
1771968780,6900.5,6901.25,6900.25,6901.0
1771968960,6901.0,6901.75,6900.5,6901.25
1771969140,6901.0,6901.25,6900.5,6900.75
1771969320,6900.5,6900.75,6900.0,6900.0
1771969500,6900.25,6900.5,6899.5,6900.25
1771969680,6900.25,6901.25,6899.5,6899.75
1771969860,6899.5,6900.5,6899.5,6900.0
1771970040,6899.75,6900.0,6899.25,6899.75
1771970220,6900.0,6900.25,6899.5,6900.0
1771974000,6900.25,6902.0,6898.75,6899.0
1771974180,6898.75,6899.25,6896.5,6897.25
1771974360,6897.5,6898.0,6895.75,6896.5
1771974540,6896.5,6899.75,6896.5,6899.5
1771974720,6899.75,6901.75,6899.5,6901.25
1771974900,6901.25,6902.25,6899.75,6899.75
1771975080,6899.75,6900.75,6899.75,6900.5
1771975260,6900.5,6900.5,6899.0,6900.0
1771975440,6900.25,6901.0,6900.0,6900.5
1771975620,6900.5,6901.75,6900.25,6901.25
1771975800,6901.25,6902.0,6900.25,6900.5
1771975980,6900.75,6903.5,6900.0,6902.0
1771976160,6901.75,6902.75,6901.5,6902.5
1771976340,6902.5,6904.0,6902.5,6903.75
1771976520,6903.75,6903.75,6902.5,6903.0
1771976700,6903.0,6903.0,6902.0,6902.5
1771976880,6902.75,6903.25,6902.25,6902.5
1771977060,6902.5,6903.25,6902.25,6902.75
1771977240,6902.5,6905.0,6902.0,6904.75
1771977420,6904.5,6906.0,6904.25,6904.25
1771977600,6904.25,6904.25,6901.25,6903.75
1771977780,6903.5,6903.5,6902.0,6902.75
1771977960,6902.5,6903.75,6901.25,6903.25
1771978140,6903.25,6903.5,6902.0,6902.0
1771978320,6902.0,6903.0,6901.0,6901.5
1771978500,6901.5,6902.75,6901.0,6902.0
1771978680,6902.25,6903.25,6902.0,6903.0
1771978860,6903.0,6904.0,6902.75,6903.5
1771979040,6903.5,6903.5,6901.0,6901.25
1771979220,6901.5,6901.75,6900.25,6901.0
1771979400,6901.25,6902.0,6899.5,6899.75
1771979580,6899.5,6901.5,6899.25,6900.75
1771979760,6900.75,6904.5,6900.5,6904.0
1771979940,6903.75,6905.25,6903.75,6904.5
1771980120,6904.75,6907.25,6904.5,6907.0
1771980300,6907.0,6907.5,6904.75,6907.25
1771980480,6907.25,6908.75,6907.25,6908.25
1771980660,6908.25,6909.75,6908.0,6908.5
1771980840,6908.5,6909.0,6907.5,6907.5
1771981020,6907.75,6908.5,6907.25,6908.5
1771981200,6908.5,6911.25,6907.0,6911.25
1771981380,6911.25,6911.5,6909.0,6909.75
1771981560,6909.75,6910.25,6908.25,6908.75
1771981740,6908.75,6910.5,6908.5,6910.5
1771981920,6910.5,6912.0,6910.0,6911.5
1771982100,6911.5,6912.75,6910.0,6912.75
1771982280,6912.75,6914.75,6912.0,6912.25
1771982460,6912.5,6913.25,6908.75,6909.5
1771982640,6909.25,6910.5,6908.75,6909.75
1771982820,6909.75,6911.25,6909.75,6910.5
1771983000,6910.5,6911.5,6909.0,6910.5
1771983180,6910.75,6912.75,6910.25,6912.5
1771983360,6912.75,6913.0,6912.0,6912.5
1771983540,6912.25,6914.0,6911.75,6913.25
1771983720,6913.25,6913.5,6912.25,6912.75
1771983900,6913.0,6916.0,6913.0,6916.0
1771984080,6916.0,6916.25,6914.75,6916.25
1771984260,6916.25,6916.25,6915.0,6916.0
1771984440,6916.0,6916.0,6914.25,6914.75
1771984620,6914.75,6915.5,6914.25,6914.5
1771984800,6914.5,6916.25,6913.0,6914.0
1771984980,6914.0,6914.25,6912.25,6913.5
1771985160,6913.25,6914.25,6912.75,6913.5
1771985340,6913.75,6914.0,6913.0,6913.75
1771985520,6913.5,6914.75,6913.0,6914.5
1771985700,6914.5,6914.5,6912.25,6913.75
1771985880,6914.0,6915.0,6913.5,6915.0
1771986060,6915.25,6916.5,6914.0,6914.5
1771986240,6914.25,6915.5,6913.5,6915.0
1771986420,6915.0,6915.5,6914.75,6915.25
1771986600,6915.25,6917.5,6915.25,6916.5
1771986780,6916.75,6917.25,6915.5,6916.0
1771986960,6916.25,6917.5,6916.0,6917.25
1771987140,6917.5,6917.5,6914.5,6916.0
1771987320,6916.0,6916.0,6914.5,6914.75
1771987500,6915.0,6915.75,6914.5,6915.0
1771987680,6915.0,6916.25,6914.5,6915.0
1771987860,6915.0,6915.5,6913.75,6915.25
1771988040,6915.5,6916.25,6915.0,6915.5
1771988220,6915.5,6916.75,6915.5,6916.75
1771988400,6916.75,6916.75,6915.25,6915.5
1771988580,6915.25,6915.75,6913.25,6913.5
1771988760,6913.5,6914.5,6911.0,6912.5
1771988940,6912.5,6912.5,6911.0,6911.25
1771989120,6911.25,6912.75,6910.5,6911.25
1771989300,6911.25,6911.5,6907.75,6909.0
1771989480,6909.0,6909.75,6908.25,6909.0
1771989660,6909.0,6909.25,6906.0,6906.25
1771989840,6906.5,6908.5,6906.5,6908.5
1771990020,6908.25,6909.25,6907.5,6908.25
1771990200,6908.25,6910.0,6906.0,6906.75
1771990380,6906.75,6906.75,6892.25,6902.25
1771990560,6902.5,6905.25,6901.25,6905.0
1771990740,6904.75,6905.75,6903.0,6905.75
1771990920,6905.75,6908.0,6905.25,6906.5
1771991100,6906.5,6909.25,6905.75,6908.75
1771991280,6908.75,6909.25,6907.5,6909.25
1771991460,6909.25,6910.75,6909.25,6909.75
1771991640,6910.0,6912.5,6909.75,6912.25
1771991820,6912.25,6912.25,6909.75,6910.0
1771992000,6910.0,6910.25,6905.75,6906.75
1771992180,6906.75,6907.5,6906.0,6907.25
1771992360,6907.0,6907.75,6906.0,6907.0
1771992540,6906.75,6907.0,6904.75,6905.25
1771992720,6905.25,6905.25,6903.25,6904.75
1771992900,6904.75,6905.75,6904.5,6904.75
1771993080,6905.0,6905.75,6903.5,6904.75
1771993260,6905.0,6905.5,6904.5,6905.5
1771993440,6905.5,6905.75,6904.5,6905.25
1771993620,6905.0,6907.75,6905.0,6907.5
1771993800,6907.75,6909.25,6907.75,6909.0
1771993980,6909.25,6909.5,6908.25,6909.25
1771994160,6909.25,6909.25,6907.75,6908.25
1771994340,6908.0,6909.0,6908.0,6908.25
1771994520,6908.25,6908.5,6907.75,6908.0
1771994700,6908.25,6909.0,6907.5,6907.75
1771994880,6907.75,6908.75,6907.5,6908.5
1771995060,6908.5,6908.75,6908.0,6908.25
1771995240,6908.25,6908.5,6905.75,6907.0
1771995420,6906.75,6906.75,6905.5,6906.0
1771996140,6908.25,6910.25,6908.0,6909.75
1771996320,6909.75,6909.75,6906.5,6907.0
1771996500,6907.0,6907.25,6906.5,6906.75
1771996680,6906.5,6907.0,6905.5,6905.75
1771996860,6905.5,6905.75,6903.75,6904.25
1771997040,6904.25,6905.0,6903.5,6905.0
1771997220,6904.75,6905.5,6904.5,6904.5
1771997400,6904.75,6905.75,6903.5,6904.25
1771997580,6904.25,6904.25,6903.25,6903.5
1771997760,6903.25,6904.5,6902.75,6904.25
1771997940,6904.25,6905.25,6904.25,6904.25
1771998120,6904.25,6905.0,6903.5,6904.5
1771998300,6904.75,6907.25,6904.5,6907.0
1771998480,6907.0,6907.75,6906.75,6907.25
1771998660,6907.25,6907.5,6906.5,6906.5
1771998840,6906.25,6906.5,6904.0,6904.0
1771999020,6904.0,6904.5,6903.25,6904.25
1771999200,6904.0,6904.5,6902.5,6903.25
1771999380,6903.5,6904.0,6903.0,6904.0
1771999560,6904.0,6905.25,6903.75,6904.75
1771999740,6904.75,6905.75,6904.25,6905.5
1771999920,6905.5,6906.0,6904.25,6906.0
1772000100,6906.0,6906.0,6904.75,6905.75
1772000280,6905.75,6906.5,6905.25,6906.5
1772000460,6906.5,6908.75,6906.25,6907.0
1772000640,6907.0,6908.75,6906.75,6908.5
1772000820,6908.75,6909.5,6905.75,6906.0
1772001000,6905.75,6907.75,6905.0,6907.0
1772001180,6907.0,6908.0,6906.75,6908.0
1772001360,6908.0,6909.25,6907.75,6908.75
1772001540,6909.0,6909.25,6906.5,6907.75
1772001720,6908.0,6908.5,6907.0,6907.0
1772001900,6906.75,6907.0,6905.5,6906.75
1772002080,6906.5,6906.75,6904.75,6905.75
1772002260,6905.75,6906.5,6905.5,6905.75
1772002440,6906.0,6906.0,6905.25,6905.5
1772002620,6905.5,6906.0,6905.25,6905.5
1772002800,6905.75,6907.75,6905.5,6905.5
1772002980,6905.5,6907.0,6904.5,6906.25
1772003160,6906.25,6906.25,6905.0,6906.25
1772003340,6906.25,6908.25,6906.25,6907.25
1772003520,6907.5,6907.75,6905.5,6905.5
1772003700,6905.5,6906.75,6904.75,6906.5
1772003880,6906.5,6906.5,6904.0,6904.75
1772004060,6904.75,6906.25,6904.5,6905.75
1772004240,6905.5,6905.5,6904.5,6904.5
1772004420,6904.5,6905.75,6904.0,6905.5
1772004600,6905.5,6905.5,6904.25,6904.5
1772004780,6904.5,6904.5,6901.25,6901.5
1772004960,6901.25,6903.25,6901.0,6902.75
1772005140,6902.5,6903.75,6902.5,6903.5
1772005320,6903.5,6904.25,6902.5,6903.0
1772005500,6903.0,6904.5,6903.0,6904.0
1772005680,6903.75,6905.25,6903.75,6904.25
1772005860,6904.25,6905.0,6904.0,6905.0
1772006040,6905.0,6905.75,6904.0,6904.25
1772006220,6904.25,6904.75,6903.5,6903.75
1772006400,6903.5,6909.25,6903.5,6908.75
1772006580,6909.0,6912.25,6907.5,6912.0
1772006760,6912.0,6912.5,6908.25,6908.25
1772006940,6908.25,6909.0,6906.75,6907.75
1772007120,6908.25,6909.25,6906.5,6908.25
1772007300,6908.25,6909.0,6906.75,6908.75
1772007480,6908.75,6913.5,6908.75,6913.25
1772007660,6913.25,6913.5,6911.0,6912.75
1772007840,6912.75,6914.5,6912.0,6913.5
1772008020,6913.25,6913.25,6911.75,6912.0
1772008200,6912.0,6912.75,6910.25,6910.5
1772008380,6910.5,6911.25,6909.5,6910.75
1772008560,6910.5,6913.25,6910.25,6913.0
1772008740,6913.0,6913.0,6911.25,6911.75
1772008920,6912.0,6913.25,6911.75,6912.5
1772009100,6912.75,6913.25,6911.0,6912.25
1772009280,6912.25,6914.25,6912.25,6912.75
1772009460,6912.5,6913.0,6911.0,6911.5
1772009640,6911.25,6913.0,6910.75,6913.0
1772009820,6912.75,6912.75,6911.0,6912.25
1772010000,6912.0,6913.0,6911.0,6912.25
1772010180,6912.25,6912.75,6909.0,6910.25
1772010360,6910.25,6912.5,6909.5,6912.5
1772010540,6912.5,6914.5,6911.75,6913.25
1772010720,6913.25,6914.5,6912.75,6914.0
1772010900,6914.0,6914.0,6912.0,6914.0
1772011080,6914.0,6914.5,6912.75,6913.5
1772011260,6913.5,6914.25,6913.0,6913.25
1772011440,6913.25,6913.5,6912.0,6913.0
1772011620,6913.0,6913.25,6910.75,6912.0
1772011800,6912.0,6913.0,6911.75,6911.75
1772011980,6911.5,6913.5,6911.5,6912.25
1772012160,6912.0,6914.0,6911.5,6913.75
1772012340,6913.75,6915.0,6913.25,6914.5
1772012520,6914.5,6915.5,6914.0,6915.25
1772012700,6915.25,6915.75,6913.5,6913.5
1772012880,6913.5,6914.75,6912.5,6913.25
1772013060,6913.25,6914.5,6913.25,6913.5
1772013240,6914.0,6915.25,6914.0,6915.0
1772013420,6915.0,6915.5,6914.5,6914.75
1772013600,6915.0,6915.5,6914.0,6914.0
1772013780,6914.25,6914.25,6911.25,6911.25
1772013960,6911.0,6913.0,6911.0,6913.0
1772014140,6912.5,6912.75,6911.5,6911.75
1772014320,6911.75,6912.5,6911.5,6912.5
1772014500,6912.5,6913.25,6912.25,6912.5
1772014680,6912.75,6912.75,6911.5,6911.75
1772014860,6911.75,6914.75,6911.0,6913.75
1772015040,6913.75,6914.0,6912.75,6913.25
1772015220,6913.25,6915.0,6912.75,6914.0
1772015400,6913.75,6914.75,6913.25,6914.0
1772015580,6914.0,6914.75,6913.25,6914.75
1772015760,6914.75,6917.5,6914.75,6917.0
1772015940,6917.0,6917.5,6916.25,6917.0
1772016120,6917.0,6917.0,6916.0,6916.25
1772016300,6916.25,6916.25,6915.0,6915.5
1772016480,6915.75,6916.0,6914.25,6914.25
1772016660,6914.25,6915.0,6913.75,6914.0
1772016840,6914.0,6914.0,6911.75,6912.25
1772017020,6912.0,6912.75,6911.0,6912.25
1772017200,6912.25,6913.0,6911.5,6911.75
1772017380,6911.75,6912.75,6911.5,6912.5
1772017560,6912.5,6913.25,6911.25,6913.0
1772017740,6913.0,6913.25,6912.0,6912.75
1772017920,6912.75,6913.5,6912.5,6913.25
1772018100,6913.5,6914.25,6913.0,6913.0
1772018280,6913.0,6913.75,6912.5,6913.0
1772018460,6913.0,6915.25,6912.25,6915.0
1772018640,6915.0,6915.0,6914.25,6914.5
1772018820,6914.75,6915.0,6914.25,6914.25
1772019000,6914.5,6917.0,6914.5,6916.25
1772019180,6916.25,6919.0,6916.25,6918.75
1772019360,6918.5,6918.5,6917.25,6918.25
1772019540,6918.5,6920.25,6918.5,6919.75
1772019720,6919.75,6920.25,6918.5,6920.25
1772019900,6920.25,6922.25,6919.75,6921.75
1772020080,6921.75,6922.25,6921.0,6921.5
1772020260,6921.5,6922.5,6921.0,6922.25
1772020440,6922.25,6924.25,6922.25,6923.75
1772020620,6923.75,6924.25,6923.25,6924.0
1772020800,6923.75,6924.5,6921.5,6924.0
1772020980,6924.0,6924.25,6921.25,6922.25
1772021160,6922.25,6923.25,6921.75,6923.0
1772021340,6923.0,6923.75,6920.0,6920.5
1772021520,6920.75,6921.75,6920.25,6921.75
1772021700,6921.75,6922.75,6921.25,6922.0
1772021880,6922.0,6927.5,6922.0,6927.0
1772022060,6926.75,6928.75,6926.5,6927.0
1772022240,6927.25,6928.25,6926.75,6927.0
1772022420,6927.25,6928.0,6924.5,6925.0
1772022600,6925.0,6925.0,6922.75,6924.25
1772022780,6924.25,6927.5,6924.25,6926.25
1772022960,6926.0,6927.25,6925.75,6926.25
1772023140,6926.25,6926.25,6925.0,6925.0
1772023320,6925.0,6925.75,6924.0,6925.0
1772023500,6925.0,6927.25,6925.0,6926.25
1772023680,6926.25,6927.0,6924.0,6927.0
1772023860,6927.0,6928.5,6926.25,6927.5
1772024040,6927.5,6928.25,6925.0,6925.5
1772024220,6925.25,6926.5,6925.0,6926.25
1772024400,6926.25,6927.0,6925.25,6927.0
1772024580,6926.75,6927.75,6925.75,6927.0
1772024760,6927.0,6928.5,6926.5,6927.75
1772024940,6927.75,6928.25,6926.75,6927.75
1772025120,6928.0,6928.5,6927.25,6928.25
1772025300,6928.5,6928.5,6926.75,6927.75
1772025480,6927.75,6928.25,6926.25,6926.5
1772025660,6926.75,6926.75,6923.75,6925.0
1772025840,6925.0,6926.75,6924.5,6926.0
1772026020,6926.0,6927.0,6925.75,6926.0
1772026200,6926.25,6926.25,6922.25,6924.0
1772026380,6923.75,6924.75,6922.0,6923.75
1772026560,6923.75,6924.75,6922.5,6924.25
1772026740,6924.0,6925.0,6923.5,6924.0
1772026920,6923.75,6924.5,6923.0,6923.5
1772027100,6923.5,6924.75,6922.75,6923.75
1772027280,6923.75,6925.25,6923.5,6924.75
1772027460,6924.75,6925.25,6924.0,6925.25
1772027640,6925.25,6929.5,6924.5,6929.0
1772027820,6928.75,6929.0,6926.5,6927.0
1772028000,6927.25,6930.5,6927.25,6929.5
1772028180,6929.5,6929.5,6927.75,6928.5
1772028360,6928.75,6930.5,6927.75,6930.25
1772028540,6930.5,6936.5,6930.25,6935.0
1772028720,6935.0,6935.0,6931.75,6931.75
1772028900,6931.75,6932.25,6928.75,6929.0
1772029080,6929.25,6930.25,6926.75,6928.75
1772029260,6929.0,6930.25,6928.5,6929.75
1772029440,6929.75,6930.0,6928.25,6929.25
1772029620,6929.5,6932.5,6928.75,6930.5
1772029800,6930.5,6941.25,6929.75,6935.25
1772029980,6935.5,6939.25,6934.75,6938.0
1772030160,6938.0,6943.0,6936.0,6938.25
1772030340,6938.5,6942.0,6937.5,6939.0
1772030520,6939.0,6940.5,6935.0,6938.0
1772030700,6937.75,6947.75,6937.75,6945.75
1772030880,6945.75,6947.0,6944.0,6945.0
1772031060,6945.0,6949.0,6941.5,6943.0
1772031240,6943.0,6944.5,6938.75,6940.5
1772031420,6940.25,6943.0,6937.0,6942.0
1772031600,6942.0,6944.75,6938.5,6939.5
1772031780,6939.75,6941.0,6937.0,6937.5
1772031960,6937.75,6938.5,6932.5,6935.25
1772032140,6935.25,6936.75,6932.0,6934.5
1772032320,6934.75,6937.25,6932.75,6933.75
1772032500,6933.75,6936.5,6931.0,6934.75
1772032680,6935.0,6936.75,6931.75,6934.0
1772032860,6934.0,6936.0,6931.25,6934.5
1772033040,6934.5,6938.0,6934.25,6935.75
1772033220,6935.75,6941.0,6935.5,6940.25
1772033400,6940.0,6942.25,6937.5,6942.0
1772033580,6942.0,6942.0,6930.5,6932.25
1772033760,6932.5,6934.0,6931.75,6933.5
1772033940,6933.5,6934.75,6931.75,6934.25
1772034120,6934.5,6936.25,6933.5,6934.0
1772034300,6934.25,6937.25,6934.0,6935.25
1772034480,6935.0,6935.25,6932.5,6933.5
1772034660,6933.5,6936.5,6932.25,6933.25
1772034840,6933.5,6934.25,6930.25,6932.0
1772035020,6932.0,6937.5,6931.5,6937.0
1772035200,6937.0,6940.75,6936.5,6938.5
1772035380,6938.75,6940.0,6936.75,6938.5
1772035560,6938.75,6941.0,6938.25,6940.5
1772035740,6940.75,6943.0,6940.25,6941.25
1772035920,6941.25,6941.25,6939.5,6940.25
1772036100,6940.25,6940.25,6936.75,6937.25
1772036280,6937.25,6939.75,6935.75,6938.75
1772036460,6938.75,6939.0,6937.0,6938.25
1772036640,6938.25,6942.75,6938.0,6942.0
1772036820,6942.25,6944.75,6942.0,6943.5
1772037000,6943.75,6947.5,6943.25,6945.75
1772037180,6945.75,6947.25,6943.5,6944.25
1772037360,6944.25,6944.75,6942.75,6944.5
1772037540,6944.75,6947.25,6944.5,6947.25
1772037720,6947.0,6948.75,6946.5,6948.0
1772037900,6948.0,6951.5,6947.75,6951.0
1772038080,6951.0,6953.0,6950.25,6951.25
1772038260,6951.0,6952.5,6949.5,6951.25
1772038440,6951.5,6951.75,6948.75,6949.75
1772038620,6950.0,6950.0,6948.5,6949.25
1772038800,6949.5,6952.0,6948.5,6951.25
1772038980,6951.5,6951.75,6950.0,6951.5
1772039160,6951.5,6952.0,6947.0,6950.5
1772039340,6950.75,6951.5,6949.5,6951.5
1772039520,6951.5,6952.25,6951.0,6951.75
1772039700,6952.0,6952.5,6951.0,6951.75
1772039880,6952.0,6952.5,6950.75,6950.75
1772040060,6951.0,6952.25,6951.0,6951.25
1772040240,6951.5,6951.75,6950.5,6951.25
1772040420,6951.5,6951.5,6948.25,6948.5
1772040600,6948.5,6950.5,6946.75,6949.75
1772040780,6950.0,6950.75,6949.0,6950.0
1772040960,6950.0,6952.0,6949.0,6951.0
1772041140,6951.25,6953.25,6951.0,6952.75
1772041320,6952.75,6953.5,6952.0,6952.0
1772041500,6952.25,6954.0,6951.25,6953.5
1772041680,6953.25,6953.25,6951.25,6952.25
1772041860,6952.0,6954.75,6951.75,6954.25
1772042040,6954.5,6954.75,6953.25,6954.0
1772042220,6954.25,6954.5,6953.25,6954.5
1772042400,6954.5,6956.0,6954.0,6954.25
1772042580,6954.25,6954.75,6953.0,6953.75
1772042760,6953.75,6954.5,6953.25,6953.75
1772042940,6953.75,6955.25,6953.25,6955.0
1772043120,6955.0,6955.0,6953.25,6953.75
1772043300,6953.75,6953.75,6952.0,6952.5
1772043480,6952.75,6953.0,6952.25,6952.75
1772043660,6952.75,6952.75,6952.0,6952.25
1772043840,6952.25,6952.5,6951.5,6952.5
1772044020,6952.25,6952.5,6950.75,6952.0
1772044200,6952.0,6953.75,6951.75,6952.5
1772044380,6952.5,6952.5,6951.0,6951.75
1772044560,6951.75,6952.0,6951.0,6951.75
1772044740,6951.5,6954.0,6951.5,6954.0
1772044920,6954.0,6955.25,6953.5,6954.5
1772045100,6954.25,6954.75,6953.75,6953.75
1772045280,6953.75,6955.5,6953.5,6954.5
1772045460,6954.5,6956.0,6954.25,6955.0
1772045640,6955.0,6955.25,6953.25,6953.25
1772045820,6953.5,6954.5,6953.25,6953.75
1772046000,6954.0,6957.5,6953.75,6957.0
1772046180,6957.0,6957.5,6955.5,6957.5
1772046360,6957.5,6958.75,6957.25,6958.0
1772046540,6958.0,6959.0,6957.25,6957.5
1772046720,6957.75,6958.5,6957.25,6957.5
1772046900,6957.25,6958.25,6956.5,6958.0
1772047080,6958.25,6959.5,6958.0,6959.0
1772047260,6959.0,6959.75,6957.5,6957.75
1772047440,6958.0,6958.25,6957.5,6957.5
1772047620,6957.75,6958.5,6957.25,6957.5
1772047800,6957.5,6959.5,6957.5,6959.25
1772047980,6959.25,6961.25,6959.0,6961.0
1772048160,6961.0,6962.0,6960.75,6961.75
1772048340,6962.0,6962.0,6960.0,6960.5
1772048520,6960.75,6961.5,6959.5,6959.5
1772048700,6959.75,6961.25,6959.25,6960.75
1772048880,6960.75,6961.75,6960.5,6960.75
1772049060,6960.75,6961.0,6960.0,6960.5
1772049240,6960.5,6961.25,6960.0,6961.0
1772049420,6961.0,6961.0,6959.25,6959.5
1772049600,6959.5,6962.25,6959.5,6961.25
1772049780,6961.25,6961.25,6959.5,6960.5
1772049960,6960.5,6961.0,6959.75,6960.25
1772050140,6960.5,6960.5,6959.25,6959.5
1772050320,6959.5,6960.0,6958.5,6959.5
1772050500,6959.75,6960.5,6959.0,6960.5
1772050680,6960.5,6960.5,6958.5,6958.75
1772050860,6959.0,6959.0,6956.75,6958.0
1772051040,6958.25,6959.5,6957.75,6958.25
1772051220,6958.25,6959.25,6957.75,6957.75
1772051400,6957.75,6957.75,6956.0,6957.25
1772051580,6957.25,6958.5,6956.5,6957.5
1772051760,6957.5,6960.0,6956.75,6960.0
1772051940,6960.0,6961.5,6959.0,6961.25
1772052120,6961.25,6961.25,6959.25,6959.25
1772052300,6959.25,6962.0,6959.0,6961.75
1772052480,6961.75,6965.75,6958.75,6963.25
1772052660,6963.5,6964.25,6961.25,6962.5
1772052840,6962.5,6963.75,6960.25,6961.75
1772053020,6961.75,6962.25,6958.25,6959.5
1772053200,6959.5,6961.5,6958.25,6959.0
1772053380,6958.75,6962.5,6958.75,6961.75
1772053560,6961.75,6963.5,6961.5,6962.25
1772053740,6962.0,6962.75,6960.75,6961.25
1772053920,6961.0,6963.25,6961.0,6961.75
1772054100,6962.0,6962.5,6959.5,6960.0
1772054280,6960.25,6961.75,6959.25,6961.25
1772054460,6961.0,6962.5,6959.75,6960.25
1772054640,6960.75,6963.25,6958.5,6962.5
1772054820,6962.25,6963.25,6960.25,6961.75
1772055000,6962.0,6983.75,6960.25,6968.75
1772055180,6969.0,6980.75,6967.75,6978.25
1772055360,6978.5,6979.25,6972.75,6976.5
1772055540,6976.5,6979.0,6975.75,6976.25
1772055720,6976.5,6977.0,6971.5,6973.5
1772055900,6973.5,6974.0,6969.0,6971.0
1772056080,6971.0,6972.75,6969.0,6972.75
1772056260,6972.25,6974.5,6971.25,6973.5
1772056440,6973.25,6977.75,6973.0,6977.25
1772056620,6977.25,6977.25,6975.0,6975.5
1772060400,6965.0,6969.25,6961.25,6963.0
1772060580,6963.5,6964.75,6959.75,6961.5
1772060760,6961.5,6966.5,6961.5,6966.0
1772060940,6966.5,6967.75,6964.0,6965.0
1772061120,6965.0,6965.75,6961.75,6962.5
1772061300,6962.5,6964.75,6962.5,6963.25
1772061480,6963.25,6963.5,6959.75,6960.5
1772061660,6960.5,6960.75,6959.75,6960.5
1772061840,6960.0,6960.75,6958.25,6960.0
1772062020,6960.0,6961.5,6959.5,6961.5
1772062200,6961.25,6961.75,6955.75,6957.0
1772062380,6957.0,6957.0,6953.75,6954.5
1772062560,6954.75,6956.25,6953.0,6953.75
1772062740,6954.0,6954.0,6945.75,6945.75
1772062920,6946.0,6948.75,6941.75,6948.75
1772063100,6948.5,6953.25,6947.25,6952.25
1772063280,6952.25,6952.5,6950.0,6950.5
1772063460,6950.75,6951.5,6948.0,6949.0
1772063640,6949.0,6950.5,6946.75,6950.0
1772063820,6949.75,6950.5,6948.0,6948.5
1772064000,6948.5,6948.75,6946.0,6948.25
1772064180,6948.25,6952.75,6947.75,6947.75
1772064360,6948.0,6950.5,6947.5,6949.5
1772064540,6949.5,6951.75,6948.75,6950.75
1772064720,6951.25,6953.25,6950.5,6952.5
1772064900,6952.5,6953.25,6951.0,6952.25
1772065080,6952.25,6952.5,6950.75,6951.5
1772065260,6951.75,6953.0,6950.75,6952.25
1772065440,6952.5,6952.75,6949.5,6952.75
1772065620,6952.75,6954.25,6952.25,6953.5
1772065800,6953.75,6954.75,6952.5,6952.75
1772065980,6953.0,6954.0,6952.0,6954.0
1772066160,6954.0,6954.0,6950.25,6950.75
1772066340,6950.75,6951.5,6949.5,6949.5
1772066520,6949.75,6950.5,6948.0,6949.5
1772066700,6949.75,6950.25,6949.0,6949.75
1772066880,6949.5,6951.0,6949.5,6951.0
1772067060,6951.0,6951.25,6949.75,6949.75
1772067240,6950.0,6952.0,6949.25,6949.25
1772067420,6949.25,6950.5,6948.75,6950.0
1772067600,6950.0,6950.75,6948.5,6950.0
1772067780,6949.75,6949.75,6948.0,6949.25
1772067960,6949.25,6949.5,6947.75,6948.25
1772068140,6948.5,6948.75,6944.75,6946.5
1772068320,6946.75,6949.25,6946.5,6948.75
1772068500,6949.0,6949.25,6947.5,6947.75
1772068680,6948.25,6950.25,6947.25,6948.75
1772068860,6949.0,6949.5,6946.75,6946.75
1772069040,6947.0,6948.25,6945.25,6946.25
1772069220,6946.0,6946.25,6943.0,6943.0
1772069400,6943.0,6944.5,6941.25,6943.25
1772069580,6943.25,6946.75,6943.0,6946.25
1772069760,6946.0,6948.25,6945.75,6947.75
1772069940,6947.75,6950.5,6947.5,6950.5
1772070120,6950.25,6951.25,6950.0,6950.5
1772070300,6950.5,6951.5,6949.5,6951.0
1772070480,6950.75,6951.0,6949.5,6950.25
1772070660,6950.25,6950.75,6950.0,6950.25
1772070840,6950.25,6950.75,6949.75,6950.0
1772071020,6950.0,6952.5,6950.0,6951.5
1772071200,6951.5,6952.75,6949.5,6949.75
1772071380,6950.0,6950.25,6949.0,6949.75
1772071560,6949.75,6949.75,6947.5,6947.75
1772071740,6947.5,6949.75,6946.25,6947.5
1772071920,6947.5,6948.5,6946.25,6947.0
1772072100,6947.25,6949.75,6947.25,6949.5
1772072280,6949.5,6950.5,6948.75,6950.0
1772072460,6950.0,6950.25,6948.0,6949.0
1772072640,6949.0,6949.25,6948.0,6948.5
1772072820,6948.5,6949.25,6948.0,6948.25
1772073000,6948.5,6949.0,6947.25,6948.75
1772073180,6948.75,6948.75,6947.0,6947.25
1772073360,6947.5,6948.5,6946.75,6947.75
1772073540,6947.75,6948.0,6946.75,6946.75
1772073720,6946.75,6947.75,6946.5,6947.5
1772073900,6947.75,6948.5,6947.75,6947.75
1772074080,6948.0,6948.75,6947.75,6948.5
1772074260,6948.75,6949.75,6948.75,6949.25
1772074440,6949.25,6949.25,6948.5,6949.25
1772074620,6949.0,6949.75,6949.0,6949.5
1772074800,6949.5,6950.5,6949.25,6949.25
1772074980,6949.25,6949.5,6948.5,6948.5
1772075160,6948.75,6948.75,6948.0,6948.0
1772075340,6947.75,6948.75,6947.5,6948.75
1772075520,6948.5,6949.0,6948.25,6948.75
1772075700,6948.5,6950.0,6948.5,6949.75
1772075880,6950.0,6950.0,6948.5,6949.0
1772076060,6949.0,6949.75,6949.0,6949.5
1772076240,6949.75,6950.0,6949.5,6949.5
1772076420,6949.75,6950.25,6949.5,6949.75
1772076600,6949.75,6950.0,6949.25,6949.5
1772076780,6949.75,6951.25,6949.75,6951.0
1772076960,6951.0,6951.5,6950.25,6951.5
1772077140,6951.5,6952.25,6950.75,6952.25
1772077320,6952.0,6953.25,6950.75,6951.25
1772077500,6951.0,6952.25,6951.0,6952.0
1772077680,6952.0,6952.0,6951.0,6951.0
1772077860,6951.0,6951.0,6950.25,6950.5
1772078040,6950.5,6950.5,6949.75,6950.5
1772078220,6950.25,6950.25,6948.5,6949.0
1772078400,6949.0,6950.25,6948.0,6949.0
1772078580,6949.0,6949.25,6948.25,6948.75
1772078760,6949.0,6949.75,6948.75,6949.75
1772078940,6950.0,6950.5,6949.25,6949.5
1772079120,6949.5,6950.0,6948.25,6948.25
1772079300,6948.5,6948.75,6947.5,6948.25
1772079480,6948.0,6949.0,6947.75,6948.25
1772079660,6948.5,6949.25,6948.25,6949.0
1772079840,6949.0,6949.0,6948.25,6948.5
1772080020,6948.5,6948.75,6947.75,6948.25
1772080200,6948.25,6948.5,6947.5,6947.5
1772080380,6947.5,6948.25,6947.25,6948.25
1772080560,6948.0,6949.75,6947.75,6949.0
1772080740,6949.0,6949.5,6948.5,6948.75
1772080920,6948.75,6949.25,6948.5,6948.75
1772081100,6948.5,6948.75,6947.75,6948.25
1772081280,6948.5,6949.0,6948.5,6949.0
1772081460,6949.0,6949.75,6948.75,6949.5
1772081640,6949.25,6949.5,6948.5,6948.75
1772081820,6949.0,6949.0,6948.5,6948.5
1772082540,6945.25,6946.5,6944.75,6944.75
1772082720,6944.75,6945.75,6944.25,6944.25
1772082900,6944.25,6945.75,6943.75,6945.75
1772083080,6945.75,6947.25,6945.5,6947.0
1772083260,6946.75,6947.25,6946.0,6946.0
1772083440,6946.0,6946.75,6946.0,6946.0
1772083620,6946.0,6946.25,6945.25,6945.5
1772083800,6945.5,6945.75,6944.75,6945.5
1772083980,6945.5,6945.75,6945.0,6945.25
1772084160,6945.5,6945.75,6944.5,6945.0
1772084340,6944.75,6946.25,6944.75,6945.5
1772084520,6945.5,6946.0,6945.25,6946.0
1772084700,6946.0,6948.0,6946.0,6947.5
1772084880,6947.5,6947.5,6946.0,6946.0
1772085060,6946.0,6946.25,6945.25,6946.0
1772085240,6946.0,6947.5,6945.5,6947.25
1772085420,6947.25,6947.5,6946.25,6947.0
1772085600,6947.25,6949.75,6947.25,6948.0
1772085780,6948.25,6948.25,6947.0,6947.75
1772085960,6947.75,6950.25,6947.75,6950.0
1772086140,6950.0,6950.5,6949.25,6949.75
1772086320,6949.75,6951.25,6949.75,6951.25
1772086500,6951.5,6951.5,6949.5,6949.75
1772086680,6950.0,6950.25,6948.25,6950.25
1772086860,6950.25,6950.5,6948.5,6949.0
1772087040,6949.25,6949.75,6948.25,6949.5
1772087220,6949.25,6949.25,6947.75,6948.25
1772087400,6948.0,6949.75,6947.0,6949.25
1772087580,6949.5,6951.0,6949.25,6950.0
1772087760,6950.0,6951.0,6950.0,6950.75
1772087940,6951.0,6951.5,6950.25,6951.25
1772088120,6951.25,6951.25,6950.25,6951.0
1772088300,6951.25,6954.0,6950.75,6953.75
1772088480,6953.5,6953.75,6951.75,6952.5
1772088660,6952.5,6952.75,6950.75,6950.75
1772088840,6950.75,6951.0,6949.5,6950.5
1772089020,6950.25,6950.5,6949.5,6949.75
1772089200,6949.75,6953.0,6949.5,6951.0
1772089380,6951.25,6952.75,6951.25,6952.75
1772089560,6952.75,6953.5,6952.25,6953.25
1772089740,6953.0,6954.0,6952.25,6952.5
1772089920,6952.75,6953.5,6951.25,6953.25
1772090100,6953.0,6953.5,6952.0,6953.25
1772090280,6953.0,6953.25,6952.5,6952.75
1772090460,6952.75,6954.25,6951.0,6951.5
1772090640,6951.5,6951.5,6949.5,6950.75
1772090820,6950.5,6951.5,6950.25,6951.25
1772091000,6951.25,6953.0,6951.0,6951.75
1772091180,6951.5,6952.75,6951.0,6951.5
1772091360,6951.5,6952.25,6951.25,6951.5
1772091540,6951.5,6952.25,6950.75,6952.25
1772091720,6952.5,6954.75,6952.5,6954.5
1772091900,6954.5,6955.75,6952.75,6953.75
1772092080,6953.75,6954.0,6952.5,6952.5
1772092260,6952.5,6953.75,6952.5,6953.5
1772092440,6953.25,6954.0,6953.25,6953.75
1772092620,6953.75,6954.0,6951.0,6951.25
1772092800,6951.25,6953.75,6950.5,6951.25
1772092980,6951.5,6953.75,6951.5,6953.0
1772093160,6953.25,6953.75,6952.25,6952.25
1772093340,6952.25,6954.0,6951.25,6954.0
1772093520,6954.0,6955.5,6953.0,6954.5
1772093700,6954.5,6957.25,6954.5,6955.5
1772093880,6955.75,6959.5,6955.5,6958.25
1772094060,6958.5,6960.25,6955.75,6956.0
1772094240,6955.75,6956.5,6954.25,6955.0
1772094420,6954.75,6956.75,6954.75,6956.25
1772094600,6956.5,6957.25,6953.0,6953.0
1772094780,6953.0,6954.75,6952.0,6954.5
1772094960,6954.75,6955.25,6951.75,6952.25
1772095140,6952.0,6953.75,6951.75,6952.0
1772095320,6952.0,6953.25,6952.0,6952.25
1772095500,6952.25,6953.0,6950.75,6951.25
1772095680,6951.25,6952.75,6951.25,6951.5
1772095860,6952.0,6953.0,6951.5,6952.75
1772096040,6952.5,6954.5,6951.75,6953.75
1772096220,6953.75,6954.0,6952.0,6952.75
1772096400,6952.75,6955.0,6952.25,6952.5
1772096580,6952.5,6953.75,6952.25,6952.75
1772096760,6952.75,6953.5,6951.75,6953.25
1772096940,6953.5,6954.75,6952.75,6954.5
1772097120,6954.75,6956.25,6954.25,6956.25
1772097300,6956.25,6957.75,6955.75,6956.25
1772097480,6956.25,6956.5,6955.5,6956.5
1772097660,6956.25,6957.5,6956.0,6956.25
1772097840,6956.25,6958.25,6955.25,6957.25
1772098020,6957.0,6958.0,6957.0,6957.75
1772098200,6957.75,6959.75,6956.75,6959.75
1772098380,6959.5,6960.25,6958.5,6960.25
1772098560,6960.5,6961.0,6959.75,6961.0
1772098740,6961.0,6962.0,6960.75,6961.0
1772098920,6961.0,6962.25,6961.0,6961.5
1772099100,6961.5,6963.5,6961.5,6963.25
1772099280,6963.0,6963.25,6961.25,6961.25
1772099460,6961.25,6961.75,6959.0,6959.25
1772099640,6959.0,6959.25,6958.0,6959.0
1772099820,6959.0,6959.25,6958.5,6958.75
1772100000,6958.75,6959.0,6957.25,6958.0
1772100180,6958.0,6958.75,6957.0,6957.0
1772100360,6957.0,6958.75,6956.75,6958.5
1772100540,6958.5,6960.75,6958.5,6959.5
1772100720,6959.5,6959.75,6959.0,6959.0
1772100900,6959.0,6959.5,6957.5,6957.75
1772101080,6957.75,6958.25,6956.75,6957.75
1772101260,6957.5,6957.75,6955.5,6956.25
1772101440,6956.5,6956.75,6955.75,6956.25
1772101620,6956.0,6956.0,6954.75,6955.25
1772101800,6955.0,6957.0,6954.75,6956.75
1772101980,6956.75,6957.25,6954.75,6955.25
1772102160,6955.0,6955.75,6953.0,6954.5
1772102340,6954.5,6955.75,6954.0,6955.25
1772102520,6955.25,6956.25,6954.75,6956.0
1772102700,6955.75,6956.0,6955.25,6955.25
1772102880,6955.25,6956.5,6953.0,6953.0
1772103060,6953.0,6955.25,6953.0,6954.25
1772103240,6954.25,6954.5,6951.5,6953.0
1772103420,6953.0,6953.75,6952.75,6953.5
1772103600,6953.75,6954.75,6952.5,6953.5
1772103780,6953.25,6954.75,6952.25,6954.75
1772103960,6954.75,6955.5,6954.0,6955.25
1772104140,6955.5,6955.75,6953.25,6953.75
1772104320,6953.5,6955.0,6953.25,6954.75
1772104500,6954.25,6954.25,6953.5,6953.75
1772104680,6954.0,6954.0,6953.5,6953.75
1772104860,6954.0,6955.75,6953.75,6954.75
1772105040,6954.5,6957.5,6954.5,6957.0
1772105220,6957.0,6957.25,6956.5,6956.75
1772105400,6956.75,6958.0,6956.25,6957.0
1772105580,6956.75,6958.0,6956.5,6956.75
1772105760,6957.0,6957.5,6956.0,6957.5
1772105940,6957.5,6957.5,6956.25,6956.5
1772106120,6956.75,6956.75,6954.5,6954.75
1772106300,6954.75,6955.25,6953.5,6955.0
1772106480,6955.0,6957.75,6954.75,6957.25
1772106660,6957.5,6957.5,6956.0,6956.75
1772106840,6956.75,6957.5,6955.5,6957.5
1772107020,6957.5,6958.75,6957.0,6957.25
1772107200,6957.0,6959.5,6956.75,6959.5
1772107380,6959.5,6960.25,6959.0,6959.0
1772107560,6959.0,6960.0,6958.25,6960.0
1772107740,6960.0,6961.5,6959.5,6960.0
1772107920,6960.0,6960.25,6958.25,6958.75
1772108100,6958.5,6961.25,6958.25,6961.0
1772108280,6961.0,6962.0,6958.75,6960.25
1772108460,6960.0,6962.75,6959.75,6962.5
1772108640,6962.5,6963.25,6961.5,6962.75
1772108820,6962.75,6963.75,6961.25,6963.75
1772109000,6963.75,6964.0,6962.25,6962.75
1772109180,6962.75,6963.5,6961.0,6961.5
1772109360,6961.5,6962.0,6960.25,6961.75
1772109540,6962.0,6963.25,6961.25,6963.0
1772109720,6962.75,6965.25,6962.75,6964.75
1772109900,6964.5,6964.75,6962.5,6963.75
1772110080,6964.0,6964.75,6963.25,6963.75
1772110260,6963.75,6964.0,6962.25,6962.75
1772110440,6963.0,6964.0,6962.5,6963.75
1772110620,6963.75,6963.75,6961.5,6962.0
1772110800,6962.0,6963.5,6961.0,6962.25
1772110980,6962.25,6963.25,6960.75,6962.0
1772111160,6962.0,6963.5,6962.0,6963.5
1772111340,6963.25,6964.0,6962.25,6963.0
1772111520,6963.0,6964.75,6962.75,6964.25
1772111700,6964.25,6966.75,6963.5,6966.0
1772111880,6966.0,6966.75,6964.0,6964.25
1772112060,6964.25,6966.0,6964.0,6964.25
1772112240,6964.5,6965.25,6964.0,6964.75
1772112420,6964.75,6966.75,6964.5,6966.5
1772112600,6966.5,6967.5,6965.5,6966.75
1772112780,6967.0,6968.25,6965.75,6967.25
1772112960,6967.0,6968.25,6967.0,6967.5
1772113140,6967.5,6968.0,6966.25,6966.25
1772113320,6966.5,6966.75,6965.0,6965.25
1772113500,6965.25,6969.25,6965.25,6969.0
1772113680,6969.0,6970.75,6967.75,6968.0
1772113860,6968.0,6968.5,6967.0,6968.5
1772114040,6968.5,6968.75,6965.5,6966.25
1772114220,6966.25,6968.0,6966.25,6966.5
1772114400,6966.5,6968.0,6966.25,6967.75
1772114580,6967.75,6968.25,6965.75,6966.0
1772114760,6966.0,6967.25,6964.25,6964.5
1772114940,6964.75,6965.0,6962.75,6964.0
1772115120,6963.75,6965.5,6963.75,6965.0
1772115300,6965.0,6966.0,6964.25,6965.25
1772115480,6965.25,6966.5,6963.75,6964.75
1772115660,6964.5,6965.25,6963.5,6964.0
1772115840,6964.25,6965.0,6962.75,6963.0
1772116020,6962.75,6962.75,6959.25,6961.25
1772116200,6961.0,6961.25,6949.75,6950.75
1772116380,6951.0,6953.75,6948.0,6950.75
1772116560,6950.75,6951.25,6944.5,6948.25
1772116740,6948.5,6952.75,6942.75,6944.0
1772116920,6944.0,6946.0,6937.0,6942.25
1772117100,6942.25,6942.75,6935.5,6938.75
1772117280,6938.5,6943.75,6934.75,6938.5
1772117460,6938.75,6940.75,6933.75,6937.75
1772117640,6937.5,6942.0,6934.0,6938.0
1772117820,6938.25,6938.75,6931.75,6934.5
1772118000,6934.5,6938.25,6923.25,6927.0
1772118180,6927.0,6933.5,6926.5,6930.25
1772118360,6930.0,6934.0,6927.0,6929.0
1772118540,6929.0,6933.25,6926.25,6930.75
1772118720,6930.75,6931.0,6913.0,6913.25
1772118900,6913.25,6913.25,6897.25,6898.75
1772119080,6898.75,6899.5,6886.5,6886.75
1772119260,6886.75,6887.5,6876.25,6883.25
1772119440,6883.25,6890.75,6876.75,6889.5
1772119620,6889.25,6890.0,6874.5,6884.0
1772119800,6884.0,6885.0,6876.75,6876.75
1772119980,6876.75,6882.0,6870.75,6880.5
1772120160,6880.5,6893.25,6877.0,6892.5
1772120340,6892.75,6897.25,6889.25,6895.5
1772120520,6895.5,6898.25,6890.25,6896.5
1772120700,6896.5,6903.0,6894.0,6899.75
1772120880,6899.75,6905.5,6898.25,6900.75
1772121060,6901.0,6907.25,6897.0,6902.5
1772121240,6902.75,6905.75,6900.5,6901.5
1772121420,6901.5,6909.5,6900.0,6905.0
1772121600,6904.75,6909.5,6903.0,6906.5
1772121780,6906.5,6910.0,6903.5,6907.0
1772121960,6907.25,6909.25,6902.0,6908.5
1772122140,6908.25,6910.5,6905.5,6907.5
1772122320,6907.75,6913.5,6907.75,6913.5
1772122500,6913.5,6917.5,6912.0,6913.75
1772122680,6913.5,6913.75,6909.0,6910.25
1772122860,6910.5,6915.25,6910.25,6912.0
1772123040,6912.0,6918.75,6910.5,6915.25
1772123220,6915.25,6917.25,6913.25,6915.0
1772123400,6915.25,6917.0,6912.0,6914.5
1772123580,6914.75,6915.5,6911.0,6911.5
1772123760,6911.25,6911.5,6901.25,6904.75
1772123940,6905.0,6905.5,6899.75,6902.0
1772124120,6902.0,6903.25,6895.75,6896.0
1772124300,6896.0,6896.75,6890.25,6895.5
1772124480,6895.5,6902.75,6894.25,6897.0
1772124660,6897.0,6899.75,6892.25,6893.5
1772124840,6893.5,6894.0,6889.5,6889.5
1772125020,6889.75,6891.5,6887.75,6889.75
1772125200,6889.75,6893.5,6888.0,6888.25
1772125380,6888.25,6895.25,6888.0,6893.25
1772125560,6893.0,6896.25,6892.25,6893.75
1772125740,6893.75,6897.0,6892.75,6896.25
1772125920,6896.25,6898.0,6889.75,6890.0
1772126100,6890.0,6890.5,6887.75,6889.0
1772126280,6889.0,6892.75,6888.5,6891.0
1772126460,6890.75,6892.0,6888.0,6888.5
1772126640,6888.5,6893.0,6888.5,6890.75
1772126820,6890.5,6891.5,6888.75,6890.25
1772127000,6890.0,6895.75,6889.0,6895.75
1772127180,6895.75,6898.5,6891.5,6892.25
1772127360,6892.0,6892.75,6884.5,6886.0
1772127540,6885.75,6888.5,6884.5,6884.75
1772127720,6884.5,6886.0,6883.5,6883.75
1772127900,6883.75,6885.5,6882.5,6882.75
1772128080,6882.75,6883.75,6877.5,6879.75
1772128260,6879.5,6886.0,6879.0,6884.25
1772128440,6884.0,6886.0,6881.5,6882.0
1772128620,6882.0,6883.5,6880.0,6881.75
1772128800,6882.0,6882.75,6879.75,6879.75
1772128980,6879.75,6881.5,6876.75,6879.0
1772129160,6879.0,6880.25,6874.25,6877.5
1772129340,6877.75,6883.0,6875.25,6881.75
1772129520,6882.0,6882.0,6878.5,6880.5
1772129700,6880.5,6882.75,6876.5,6881.5
1772129880,6881.5,6885.5,6880.75,6885.0
1772130060,6885.0,6886.0,6880.25,6882.0
1772130240,6882.25,6886.5,6881.5,6886.25
1772130420,6886.25,6887.0,6883.5,6884.0
1772130600,6884.0,6886.0,6881.5,6884.25
1772130780,6884.25,6898.0,6883.0,6895.0
1772130960,6895.0,6904.5,6894.25,6900.0
1772131140,6900.0,6903.5,6900.0,6902.5
1772131320,6902.75,6905.5,6900.25,6902.75
1772131500,6903.0,6909.75,6902.5,6902.75
1772131680,6902.75,6903.75,6899.0,6899.5
1772131860,6899.5,6902.25,6898.5,6900.75
1772132040,6901.0,6904.25,6899.0,6903.75
1772132220,6904.0,6904.0,6901.0,6901.5
1772132400,6901.75,6904.25,6899.25,6903.5
1772132580,6903.5,6907.5,6903.25,6907.25
1772132760,6907.5,6911.25,6906.5,6911.0
1772132940,6911.25,6915.75,6910.5,6911.0
1772133120,6911.0,6914.25,6910.75,6912.75
1772133300,6913.0,6918.5,6912.75,6917.0
1772133480,6917.0,6920.25,6916.5,6920.0
1772133660,6919.75,6920.75,6917.75,6920.25
1772133840,6920.25,6921.25,6914.25,6917.5
1772134020,6917.5,6917.75,6912.25,6914.25
1772134200,6914.25,6919.25,6912.5,6918.25
1772134380,6918.25,6921.0,6917.5,6920.75
1772134560,6920.75,6920.75,6918.25,6918.75
1772134740,6918.75,6920.0,6917.5,6919.0
1772134920,6919.0,6920.5,6917.5,6919.25
1772135100,6919.25,6924.5,6919.25,6924.25
1772135280,6924.25,6924.75,6920.75,6921.25
1772135460,6921.25,6924.0,6921.0,6922.75
1772135640,6922.75,6924.5,6921.75,6922.5
1772135820,6922.5,6923.25,6918.0,6918.25
1772136000,6918.25,6921.0,6916.25,6920.5
1772136180,6920.25,6924.0,6920.0,6923.5
1772136360,6923.5,6926.25,6920.5,6920.75
1772136540,6920.75,6921.25,6917.75,6918.5
1772136720,6918.25,6919.5,6917.0,6917.25
1772136900,6917.0,6917.75,6914.75,6917.0
1772137080,6916.75,6920.5,6916.5,6918.0
1772137260,6917.75,6918.0,6914.75,6915.5
1772137440,6915.25,6918.5,6915.0,6917.75
1772137620,6917.5,6917.75,6914.0,6914.75
1772137800,6914.75,6919.5,6914.0,6918.75
1772137980,6918.75,6922.25,6917.75,6921.75
1772138160,6921.75,6923.25,6919.25,6922.75
1772138340,6922.5,6923.0,6918.75,6919.0
1772138520,6919.0,6921.75,6918.0,6921.25
1772138700,6921.25,6921.75,6917.25,6918.25
1772138880,6918.25,6921.25,6916.25,6917.0
1772139060,6917.0,6918.25,6914.5,6916.5
1772139240,6916.25,6919.25,6915.75,6918.25
1772139420,6918.5,6922.0,6916.5,6921.25
1772139600,6921.25,6922.5,6919.5,6922.0
1772139780,6922.0,6922.5,6920.0,6921.0
1772139960,6921.25,6922.25,6917.75,6917.75
1772140140,6918.0,6919.25,6916.0,6917.25
1772140320,6917.25,6918.75,6917.25,6918.25
1772140500,6918.25,6919.25,6916.75,6917.0
1772140680,6917.25,6917.75,6916.0,6917.5
1772140860,6917.75,6918.25,6916.0,6916.5
1772141040,6916.5,6917.5,6916.0,6917.0
1772141220,6917.0,6917.25,6916.5,6916.75
1772141400,6917.0,6918.0,6916.5,6916.75
1772141580,6916.75,6917.0,6914.25,6914.75
1772141760,6914.75,6914.75,6913.0,6914.0
1772141940,6914.0,6914.5,6912.5,6912.75
1772142120,6913.0,6913.25,6910.25,6911.0
1772142300,6911.0,6911.0,6908.25,6909.0
1772142480,6909.0,6909.5,6908.0,6909.25
1772142660,6909.25,6910.0,6908.25,6908.5
1772142840,6908.5,6908.5,6904.5,6905.5
1772143020,6905.5,6905.75,6902.75,6903.75
1772146800,6899.0,6900.75,6892.5,6894.5
1772146980,6894.75,6895.0,6882.5,6885.25
1772147160,6885.25,6890.0,6883.5,6889.25
1772147340,6889.5,6891.5,6888.75,6891.5
1772147520,6891.75,6897.0,6891.75,6896.75
1772147700,6896.75,6897.25,6893.75,6896.75
1772147880,6896.5,6900.75,6896.5,6900.25
1772148060,6900.5,6900.5,6898.25,6899.5
1772148240,6899.25,6899.5,6896.25,6899.25
1772148420,6899.5,6899.5,6897.5,6898.5
1772148600,6898.75,6899.0,6895.5,6895.75
1772148780,6896.0,6896.0,6893.75,6893.75
1772148960,6894.25,6894.5,6890.75,6894.25
1772149140,6894.25,6895.0,6893.0,6893.25
1772149320,6893.25,6893.25,6890.25,6891.25
1772149500,6891.0,6893.0,6888.25,6888.25
1772149680,6888.5,6889.75,6888.0,6889.0
1772149860,6888.75,6891.75,6888.25,6891.0
1772150040,6891.25,6893.5,6891.0,6892.25
1772150220,6892.25,6892.75,6890.5,6892.5
1772150400,6892.5,6893.5,6891.5,6892.75
1772150580,6893.0,6893.0,6889.75,6892.25
1772150760,6892.0,6895.25,6891.5,6893.5
1772150940,6893.5,6896.75,6893.25,6896.0
1772151120,6896.25,6896.5,6894.5,6896.0
1772151300,6895.75,6896.75,6895.25,6895.75
1772151480,6895.5,6898.5,6894.75,6897.5
1772151660,6897.5,6899.25,6895.5,6895.5
1772151840,6895.75,6896.25,6893.25,6894.0
1772152020,6894.0,6894.0,6892.75,6893.5
1772152200,6893.25,6894.25,6892.25,6893.0
1772152380,6892.75,6893.0,6889.5,6891.5
1772152560,6891.75,6892.0,6886.75,6888.25
1772152740,6888.25,6888.5,6886.75,6887.5
1772152920,6887.25,6888.75,6884.0,6884.5
1772153100,6884.5,6888.0,6883.0,6887.5
1772153280,6887.5,6891.25,6887.25,6890.0
1772153460,6890.5,6893.75,6890.5,6891.25
1772153640,6891.25,6891.75,6889.75,6890.5
1772153820,6890.5,6891.5,6889.75,6890.75
1772154000,6891.0,6892.75,6890.5,6892.75
1772154180,6892.75,6893.5,6891.25,6893.5
1772154360,6893.5,6893.75,6889.75,6891.75
1772154540,6891.5,6891.5,6889.0,6890.5
1772154720,6891.0,6894.25,6890.5,6893.75
1772154900,6894.0,6897.25,6893.75,6895.75
1772155080,6895.75,6896.5,6893.5,6894.25
1772155260,6893.75,6895.0,6891.75,6892.25
1772155440,6892.5,6895.0,6891.5,6894.25
1772155620,6894.25,6894.25,6891.0,6891.25
1772155800,6891.25,6891.75,6887.75,6890.5
1772155980,6890.75,6894.5,6890.5,6893.25
1772156160,6893.5,6893.75,6891.25,6892.5
1772156340,6893.0,6893.0,6889.75,6890.0
1772156520,6890.0,6891.0,6889.5,6889.75
1772156700,6890.0,6891.25,6890.0,6890.75
1772156880,6890.75,6890.75,6888.5,6890.75
1772157060,6890.75,6892.75,6890.25,6892.25
1772157240,6892.5,6892.5,6890.75,6892.5
1772157420,6892.5,6894.25,6891.25,6892.75
1772157600,6893.0,6895.0,6892.75,6894.5
1772157780,6894.75,6896.5,6893.75,6896.0
1772157960,6896.0,6897.25,6895.25,6896.0
1772158140,6895.75,6895.75,6893.0,6894.0
1772158320,6894.25,6895.75,6894.0,6894.75
1772158500,6894.5,6897.75,6894.5,6897.5
1772158680,6897.75,6898.0,6896.5,6896.5
1772158860,6896.75,6897.5,6895.5,6897.5
1772159040,6897.5,6898.5,6896.5,6898.25
1772159220,6898.0,6898.25,6896.5,6897.5
1772159400,6897.5,6897.75,6896.75,6897.0
1772159580,6897.0,6897.25,6894.75,6894.75
1772159760,6894.75,6895.25,6893.0,6894.25
1772159940,6894.5,6894.75,6893.5,6894.25
1772160120,6894.5,6895.0,6893.25,6894.5
1772160300,6894.5,6895.75,6893.75,6895.25
1772160480,6895.25,6896.75,6895.25,6896.25
1772160660,6896.0,6896.25,6895.5,6896.25
1772160840,6896.5,6898.0,6896.5,6897.5
1772161020,6897.5,6899.75,6897.5,6899.5
1772161200,6899.5,6900.25,6898.75,6898.75
1772161380,6899.0,6900.25,6899.0,6899.75
1772161560,6899.75,6900.0,6899.25,6899.75
1772161740,6899.75,6900.25,6898.75,6899.5
1772161920,6899.5,6899.5,6898.75,6899.25
1772162100,6899.25,6900.0,6898.5,6898.5
1772162280,6898.5,6899.0,6897.75,6898.0
1772162460,6897.75,6898.0,6896.5,6897.25
1772162640,6897.5,6898.0,6896.25,6896.75
1772162820,6897.0,6897.0,6895.5,6896.75
1772163000,6896.75,6897.75,6896.25,6897.5
1772163180,6897.5,6897.75,6896.25,6896.25
1772163360,6896.0,6896.0,6894.0,6895.75
1772163540,6896.0,6896.5,6895.5,6896.0
1772163720,6896.0,6896.5,6895.25,6896.25
1772163900,6896.25,6896.5,6895.0,6896.5
1772164080,6896.5,6898.25,6896.0,6896.5
1772164260,6896.5,6898.25,6896.25,6898.0
1772164440,6898.0,6899.25,6897.25,6899.25
1772164620,6899.25,6900.0,6898.25,6898.25
1772164800,6898.5,6900.75,6898.25,6899.0
1772164980,6899.0,6900.5,6898.75,6900.0
1772165160,6900.0,6900.75,6899.75,6899.75
1772165340,6899.75,6900.25,6899.25,6899.5
1772165520,6899.75,6899.75,6898.75,6899.0
1772165700,6899.0,6899.25,6896.25,6896.25
1772165880,6896.5,6897.25,6896.25,6896.75
1772166060,6896.75,6898.5,6896.75,6898.5
1772166240,6898.75,6899.25,6898.25,6898.75
1772166420,6899.0,6899.25,6898.5,6899.0
1772166600,6899.0,6899.0,6898.0,6898.5
1772166780,6898.5,6899.25,6897.75,6898.25
1772166960,6898.25,6900.75,6898.0,6900.5
1772167140,6900.5,6900.75,6899.5,6900.0
1772167320,6900.0,6901.5,6899.75,6900.75
1772167500,6900.75,6900.75,6899.75,6900.25
1772167680,6900.25,6900.75,6900.0,6900.75
1772167860,6900.75,6901.0,6900.25,6900.5
1772168040,6900.25,6900.25,6898.5,6898.75
1772168220,6899.0,6899.5,6898.5,6898.75
1772168940,6902.0,6902.25,6900.5,6901.75
1772169120,6902.0,6904.0,6902.0,6903.75
1772169300,6903.75,6904.75,6903.5,6904.5
1772169480,6904.5,6906.0,6904.5,6906.0
1772169660,6905.75,6905.75,6904.5,6904.5
1772169840,6904.5,6905.25,6904.25,6904.75
1772170020,6905.0,6906.25,6905.0,6905.75
1772170200,6906.0,6907.0,6905.75,6906.5
1772170380,6906.5,6906.75,6905.25,6906.0
1772170560,6905.75,6905.75,6903.75,6904.5
1772170740,6904.5,6905.0,6903.75,6904.25
1772170920,6904.5,6905.25,6904.25,6905.0
1772171100,6905.25,6906.25,6904.75,6904.75
1772171280,6904.75,6905.0,6904.5,6904.5
1772171460,6904.5,6905.0,6902.5,6902.75
1772171640,6903.0,6904.0,6902.0,6902.0
1772171820,6902.25,6902.5,6901.0,6901.25
1772172000,6901.5,6902.5,6901.25,6901.5
1772172180,6901.25,6902.5,6901.0,6902.25
1772172360,6902.0,6903.25,6901.0,6901.25
1772172540,6901.25,6902.0,6898.75,6899.5
1772172720,6899.5,6900.25,6896.25,6897.0
1772172900,6897.0,6897.75,6894.25,6894.75
1772173080,6894.5,6895.25,6894.25,6895.0
1772173260,6895.25,6895.25,6892.5,6894.0
1772173440,6893.75,6895.5,6892.5,6894.75
1772173620,6894.75,6896.0,6894.0,6896.0
1772173800,6895.75,6899.75,6895.5,6899.75
1772173980,6899.75,6901.5,6897.75,6900.75
1772174160,6900.75,6902.5,6899.75,6900.0
1772174340,6900.0,6901.25,6900.0,6901.0
1772174520,6901.25,6901.75,6900.75,6901.0
1772174700,6901.25,6902.25,6901.0,6901.25
1772174880,6901.25,6902.0,6901.25,6901.75
1772175060,6901.5,6901.75,6900.25,6901.5
1772175240,6901.5,6901.5,6899.75,6900.5
1772175420,6900.5,6901.0,6900.0,6900.5
1772175600,6900.5,6904.0,6900.5,6903.5
1772175780,6903.5,6904.25,6901.75,6902.75
1772175960,6902.75,6904.0,6902.0,6904.0
1772176140,6904.0,6904.0,6903.0,6903.0
1772176320,6903.0,6903.0,6902.25,6902.75
1772176500,6902.5,6904.5,6902.5,6904.25
1772176680,6904.25,6905.0,6903.5,6904.5
1772176860,6904.5,6905.75,6904.5,6905.5
1772177040,6905.75,6908.0,6905.75,6907.75
1772177220,6907.5,6908.0,6907.25,6907.75
1772177400,6907.75,6907.75,6906.0,6906.25
1772177580,6906.5,6908.0,6906.5,6907.75
1772177760,6907.5,6908.0,6906.5,6907.0
1772177940,6907.0,6907.5,6905.25,6905.75
1772178120,6905.75,6907.0,6905.75,6906.75
1772178300,6906.75,6908.0,6906.75,6907.75
1772178480,6907.75,6908.0,6907.0,6907.75
1772178660,6908.0,6908.25,6906.5,6906.75
1772178840,6906.5,6907.0,6905.5,6907.0
1772179020,6907.0,6907.75,6906.5,6907.0
1772179200,6907.0,6911.25,6905.75,6907.25
1772179380,6907.25,6910.0,6906.5,6908.0
1772179560,6908.25,6910.5,6905.75,6905.75
1772179740,6906.0,6907.5,6905.25,6907.5
1772179920,6907.5,6907.5,6901.5,6901.75
1772180100,6901.75,6905.0,6899.75,6904.75
1772180280,6904.5,6907.5,6904.5,6907.0
1772180460,6907.25,6907.25,6905.25,6905.75
1772180640,6905.75,6905.75,6903.75,6905.25
1772180820,6905.25,6908.0,6905.25,6906.0
1772181000,6906.0,6909.5,6906.0,6906.5
1772181180,6906.0,6906.25,6903.0,6904.0
1772181360,6904.0,6905.25,6903.0,6905.0
1772181540,6905.0,6905.5,6904.0,6905.0
1772181720,6905.0,6905.5,6904.0,6904.5
1772181900,6904.5,6905.5,6903.75,6905.5
1772182080,6905.25,6906.5,6904.0,6905.75
1772182260,6905.75,6906.75,6904.75,6905.75
1772182440,6905.75,6907.0,6904.75,6906.5
1772182620,6906.5,6907.75,6905.5,6907.5
1772182800,6907.5,6908.5,6905.75,6905.75
1772182980,6906.0,6910.25,6906.0,6909.75
1772183160,6909.75,6911.75,6908.75,6909.5
1772183340,6909.25,6910.0,6908.25,6909.75
1772183520,6909.5,6914.75,6909.5,6911.75
1772183700,6911.75,6914.25,6911.5,6914.0
1772183880,6914.25,6915.5,6913.5,6915.5
1772184060,6915.25,6915.5,6908.75,6909.0
1772184240,6909.0,6910.5,6908.0,6909.25
1772184420,6909.25,6911.5,6908.75,6911.0
1772184600,6910.75,6911.25,6909.75,6910.5
1772184780,6910.25,6910.25,6908.0,6909.5
1772184960,6909.5,6909.5,6903.0,6903.5
1772185140,6903.5,6906.25,6902.25,6902.5
1772185320,6902.5,6903.25,6901.5,6901.5
1772185500,6901.5,6903.0,6900.25,6902.5
1772185680,6902.5,6903.25,6901.25,6902.5
1772185860,6902.75,6904.25,6901.5,6902.0
1772186040,6902.25,6903.5,6901.75,6902.75
1772186220,6902.75,6903.5,6901.5,6901.5
1772186400,6901.5,6902.25,6897.5,6898.25
1772186580,6898.0,6898.5,6892.5,6893.75
1772186760,6893.5,6896.5,6892.75,6895.75
1772186940,6895.75,6896.0,6890.25,6890.5
1772187120,6890.75,6891.5,6887.0,6891.0
1772187300,6891.25,6896.0,6891.25,6896.0
1772187480,6896.0,6897.0,6895.5,6896.0
1772187660,6896.25,6898.25,6895.5,6895.75
1772187840,6896.25,6898.75,6896.25,6897.75
1772188020,6898.25,6898.5,6895.5,6897.5
1772188200,6897.5,6900.75,6896.5,6899.75
1772188380,6899.75,6902.5,6898.0,6898.25
1772188560,6898.25,6899.25,6897.5,6899.0
1772188740,6899.0,6900.0,6896.25,6899.5
1772188920,6899.75,6901.25,6899.5,6900.75
1772189100,6901.0,6901.0,6895.25,6896.5
1772189280,6896.5,6897.5,6895.0,6896.0
1772189460,6896.25,6897.25,6893.75,6893.75
1772189640,6893.75,6895.0,6891.0,6891.75
1772189820,6891.75,6895.0,6891.25,6894.5
1772190000,6894.75,6896.5,6893.25,6894.0
1772190180,6894.25,6894.5,6893.25,6893.75
1772190360,6893.75,6894.75,6891.0,6891.25
1772190540,6891.5,6892.5,6890.25,6891.0
1772190720,6891.0,6892.5,6889.0,6891.75
1772190900,6891.5,6892.0,6889.75,6890.5
1772191080,6890.5,6892.5,6889.75,6891.0
1772191260,6891.25,6893.25,6890.5,6893.0
1772191440,6893.0,6894.75,6890.25,6892.0
1772191620,6892.0,6893.25,6891.5,6891.5
1772191800,6891.5,6892.5,6889.5,6890.75
1772191980,6891.0,6893.75,6890.75,6890.75
1772192160,6890.75,6890.75,6885.0,6886.75
1772192340,6886.75,6887.25,6884.0,6884.25
1772192520,6884.25,6884.5,6878.5,6881.25
1772192700,6881.25,6884.25,6881.0,6883.75
1772192880,6883.75,6885.0,6881.75,6883.25
1772193060,6883.5,6885.5,6882.0,6883.0
1772193240,6883.25,6884.25,6880.5,6882.25
1772193420,6882.0,6886.25,6881.75,6885.0
1772193600,6885.0,6886.75,6879.0,6879.75
1772193780,6880.0,6882.75,6879.0,6881.0
1772193960,6881.0,6886.25,6880.25,6882.5
1772194140,6882.25,6885.75,6881.75,6885.0
1772194320,6885.5,6890.5,6885.0,6890.0
1772194500,6890.0,6891.25,6889.0,6890.5
1772194680,6890.25,6892.0,6889.25,6892.0
1772194860,6892.0,6893.75,6891.5,6891.75
1772195040,6891.75,6893.5,6890.25,6890.5
1772195220,6890.25,6891.75,6890.0,6890.25
1772195400,6890.25,6892.75,6889.5,6890.5
1772195580,6890.75,6892.0,6887.75,6888.0
1772195760,6888.0,6888.25,6883.0,6884.5
1772195940,6884.75,6887.0,6882.75,6883.25
1772196120,6883.0,6883.75,6879.25,6880.0
1772196300,6879.75,6881.75,6876.25,6877.5
1772196480,6877.75,6879.5,6876.25,6877.5
1772196660,6877.75,6881.5,6877.5,6880.0
1772196840,6880.25,6881.0,6876.5,6877.25
1772197020,6877.25,6878.25,6873.75,6877.75
1772197200,6877.75,6879.75,6876.5,6879.75
1772197380,6879.5,6881.75,6877.25,6880.25
1772197560,6880.0,6882.5,6877.0,6877.25
1772197740,6877.25,6881.75,6876.0,6878.0
1772197920,6878.0,6878.75,6874.0,6875.5
1772198100,6875.5,6876.25,6873.25,6874.75
1772198280,6874.75,6875.5,6870.0,6874.5
1772198460,6874.75,6878.0,6872.5,6873.5
1772198640,6873.5,6873.75,6867.25,6868.0
1772198820,6868.0,6869.75,6865.25,6865.75
1772199000,6867.5,6868.5,6851.0,6859.5
1772199180,6859.75,6860.25,6855.75,6857.5
1772199360,6857.25,6857.75,6852.0,6856.5
1772199540,6856.25,6858.75,6852.25,6852.5
1772199720,6852.75,6859.75,6851.5,6858.25
1772199900,6858.25,6862.75,6858.25,6862.5
1772200080,6862.25,6867.0,6860.75,6862.5
1772200260,6862.5,6864.75,6861.0,6863.0
1772200440,6863.0,6863.5,6860.25,6862.75
1772200620,6862.75,6867.25,6860.75,6865.5
1772200800,6865.75,6866.5,6860.75,6863.0
1772200980,6863.0,6863.25,6860.5,6862.0
1772201160,6862.0,6863.0,6859.0,6861.75
1772201340,6861.75,6864.75,6859.5,6863.5
1772201520,6863.75,6864.75,6860.0,6862.5
1772201700,6862.25,6862.25,6857.5,6858.0
1772201880,6858.0,6859.25,6856.75,6857.5
1772202060,6857.75,6860.0,6856.0,6857.25
1772202240,6857.0,6859.5,6856.25,6857.5
1772202420,6857.75,6858.5,6852.25,6856.0
1772202600,6855.75,6866.5,6853.25,6864.25
1772202780,6864.0,6866.75,6858.25,6861.0
1772202960,6861.0,6863.25,6853.75,6861.0
1772203140,6861.25,6867.5,6854.0,6854.75
1772203320,6855.0,6855.75,6841.5,6851.25
1772203500,6851.25,6862.75,6847.0,6851.25
1772203680,6851.25,6863.75,6851.25,6855.75
1772203860,6856.0,6861.75,6852.25,6856.0
1772204040,6856.25,6859.25,6851.0,6853.25
1772204220,6853.75,6858.75,6852.0,6853.5
1772204400,6853.5,6869.25,6851.5,6865.25
1772204580,6865.25,6869.25,6858.25,6868.5
1772204760,6868.5,6879.0,6867.75,6876.75
1772204940,6876.75,6880.0,6871.5,6879.25
1772205120,6879.5,6879.75,6870.25,6871.0
1772205300,6870.75,6874.0,6865.5,6866.25
1772205480,6866.25,6872.25,6861.0,6870.25
1772205660,6870.5,6872.0,6866.25,6869.5
1772205840,6869.5,6875.0,6865.75,6867.25
1772206020,6867.25,6873.25,6866.75,6870.25
1772206200,6870.25,6871.25,6862.25,6862.75
1772206380,6862.75,6873.5,6862.5,6871.5
1772206560,6871.25,6880.0,6870.0,6877.75
1772206740,6878.0,6878.0,6872.5,6876.75
1772206920,6876.5,6882.75,6875.75,6881.75
1772207100,6882.0,6885.75,6878.75,6879.5
1772207280,6879.25,6880.0,6873.5,6875.0
1772207460,6875.0,6875.25,6868.5,6870.0
1772207640,6869.75,6876.5,6867.5,6875.0
1772207820,6875.25,6878.75,6873.5,6877.25
1772208000,6877.5,6882.0,6875.75,6881.25
1772208180,6881.25,6884.5,6880.25,6881.5
1772208360,6881.25,6881.5,6875.75,6875.75
1772208540,6875.75,6877.5,6871.5,6875.5
1772208720,6875.75,6881.75,6873.25,6880.25
1772208900,6880.25,6885.0,6877.5,6884.75
1772209080,6884.75,6886.0,6877.25,6878.25
1772209260,6878.0,6881.5,6876.75,6880.25
1772209440,6880.0,6885.25,6878.5,6883.0
1772209620,6883.0,6883.5,6878.25,6879.25
1772209800,6879.0,6886.75,6878.5,6886.25
1772209980,6886.25,6888.25,6883.25,6884.5
1772210160,6884.75,6885.75,6880.5,6882.0
1772210340,6882.0,6882.25,6875.75,6877.75
1772210520,6877.5,6877.75,6871.75,6872.5
1772210700,6872.25,6876.0,6871.5,6872.75
1772210880,6872.75,6876.5,6870.75,6876.5
1772211060,6876.25,6881.5,6875.25,6879.25
1772211240,6879.0,6884.5,6879.0,6881.0
1772211420,6880.75,6882.0,6873.0,6873.75
1772211600,6873.75,6882.0,6873.75,6880.0
1772211780,6880.0,6883.25,6880.0,6882.5
1772211960,6882.25,6888.25,6881.75,6887.25
1772212140,6887.25,6887.5,6878.0,6878.75
1772212320,6878.5,6879.25,6873.25,6874.0
1772212500,6874.0,6874.5,6869.0,6869.0
1772212680,6869.0,6870.0,6864.5,6865.75
1772212860,6865.5,6866.5,6858.0,6863.0
1772213040,6863.0,6869.5,6862.5,6868.25
1772213220,6868.25,6870.25,6865.75,6866.75
1772213400,6866.5,6873.25,6862.5,6870.5
1772213580,6870.5,6875.25,6867.5,6873.75
1772213760,6873.75,6876.75,6869.75,6869.75
1772213940,6869.75,6871.75,6864.25,6865.25
1772214120,6865.5,6866.5,6861.5,6864.5
1772214300,6864.5,6865.0,6859.75,6862.25
1772214480,6862.5,6865.5,6860.75,6863.25
1772214660,6863.0,6867.75,6861.0,6865.25
1772214840,6865.5,6868.5,6865.25,6868.25
1772215020,6868.25,6870.0,6866.25,6869.25
1772215200,6869.0,6872.25,6865.75,6868.5
1772215380,6868.5,6870.0,6864.75,6865.5
1772215560,6865.5,6870.0,6865.5,6866.75
1772215740,6866.5,6868.0,6863.25,6866.5
1772215920,6866.75,6866.75,6863.75,6864.0
1772216100,6864.0,6865.25,6862.5,6862.75
1772216280,6863.0,6864.5,6859.25,6862.0
1772216460,6862.0,6862.0,6857.0,6859.25
1772216640,6859.25,6861.0,6856.25,6857.25
1772216820,6857.25,6864.25,6855.75,6863.25
1772217000,6863.25,6864.75,6860.5,6860.75
1772217180,6861.0,6864.25,6860.0,6860.75
1772217360,6861.0,6863.5,6858.25,6862.0
1772217540,6862.0,6867.25,6860.75,6865.5
1772217720,6865.5,6867.75,6863.0,6863.5
1772217900,6863.75,6865.25,6860.5,6864.75
1772218080,6865.0,6865.75,6860.0,6860.25
1772218260,6860.25,6866.0,6860.0,6865.0
1772218440,6865.0,6865.5,6860.5,6861.25
1772218620,6861.0,6866.0,6861.0,6865.0
1772218800,6864.75,6869.5,6864.25,6868.25
1772218980,6868.5,6872.5,6868.25,6872.0
1772219160,6872.0,6875.25,6865.25,6865.25
1772219340,6865.5,6866.0,6861.25,6863.0
1772219520,6863.25,6867.5,6863.25,6864.25
1772219700,6864.0,6866.0,6862.75,6865.25
1772219880,6865.25,6866.5,6863.75,6864.75
1772220060,6864.5,6865.0,6861.75,6862.25
1772220240,6862.0,6863.25,6859.75,6862.5
1772220420,6862.5,6865.5,6860.5,6861.0
1772220600,6861.25,6861.5,6856.75,6858.75
1772220780,6858.5,6862.75,6857.5,6862.5
1772220960,6862.5,6865.0,6861.0,6863.25
1772221140,6863.0,6865.75,6860.5,6861.0
1772221320,6860.75,6861.0,6855.0,6858.75
1772221500,6858.75,6861.5,6858.5,6859.25
1772221680,6859.25,6859.5,6856.75,6857.0
1772221860,6856.75,6858.75,6856.25,6858.0
1772222040,6858.0,6861.5,6857.25,6859.75
1772222220,6859.75,6860.75,6857.5,6858.5
1772222400,6858.5,6864.25,6858.5,6863.75
1772222580,6863.75,6864.5,6861.25,6863.25
1772222760,6863.25,6865.5,6861.0,6865.5
1772222940,6865.5,6870.75,6864.25,6870.75
1772223120,6870.75,6877.5,6870.25,6877.25
1772223300,6877.5,6881.0,6876.25,6881.0
1772223480,6880.75,6882.25,6877.25,6877.75
1772223660,6877.75,6884.5,6877.0,6884.5
1772223840,6884.5,6886.25,6882.25,6883.75
1772224020,6884.0,6884.75,6880.75,6881.5
1772224200,6881.25,6883.75,6880.5,6882.25
1772224380,6882.0,6883.25,6876.5,6877.5
1772224560,6877.25,6877.75,6870.25,6871.0
1772224740,6871.0,6874.75,6870.75,6872.75
1772224920,6872.75,6880.25,6872.25,6876.0
1772225100,6875.75,6879.75,6875.25,6875.75
1772225280,6875.75,6887.0,6874.75,6880.5
1772225460,6880.25,6882.5,6876.0,6881.0
1772225640,6881.0,6883.25,6878.25,6882.5
1772225820,6882.5,6894.0,6880.0,6888.0
1772226000,6888.0,6889.0,6880.75,6888.0
1772226180,6888.25,6888.5,6885.25,6885.5
1772226360,6885.25,6887.0,6883.25,6883.25
1772226540,6883.5,6885.0,6882.0,6883.5
1772226720,6883.5,6886.5,6883.0,6885.25
1772226900,6885.25,6885.25,6882.5,6884.25
1772227080,6884.25,6884.5,6880.5,6880.75
1772227260,6880.25,6880.25,6877.75,6879.25
1772227440,6879.0,6879.5,6876.75,6877.75
1772227620,6877.5,6880.5,6877.25,6878.75
1772227800,6879.0,6880.75,6878.75,6879.5
1772227980,6879.75,6881.25,6878.75,6880.25
1772228160,6880.0,6880.25,6877.5,6878.5
1772228340,6878.75,6879.5,6878.0,6878.5
1772228520,6878.5,6879.25,6878.0,6878.25
1772228700,6878.25,6878.25,6874.75,6875.0
1772228880,6875.25,6875.75,6873.0,6874.0
1772229060,6874.0,6876.0,6874.0,6875.25
1772229240,6875.25,6875.5,6873.5,6874.0
1772229420,6874.25,6889.0,6874.0,6889.0
1772406540,6830.25,6837.75,6827.25,6837.25
1772406720,6837.5,6838.5,6827.5,6829.0
1772406900,6829.25,6831.0,6822.25,6829.75
1772407080,6830.0,6831.0,6825.25,6829.75
1772407260,6829.75,6830.0,6824.0,6826.5
1772407440,6826.5,6828.0,6824.0,6827.0
1772407620,6827.0,6828.25,6820.0,6823.5
1772407800,6823.25,6825.25,6818.75,6820.25
1772407980,6820.25,6822.75,6818.5,6819.0
1772408160,6819.0,6822.0,6815.0,6820.75
1772408340,6820.5,6824.25,6819.25,6821.5
1772408520,6821.75,6825.5,6820.0,6824.25
1772408700,6824.25,6827.0,6821.25,6822.0
1772408880,6821.75,6823.75,6820.25,6821.0
1772409060,6821.0,6821.5,6817.5,6818.5
1772409240,6818.5,6818.5,6814.5,6816.75
1772409420,6816.75,6818.0,6814.75,6816.75
1772409600,6817.0,6821.75,6811.5,6819.5
1772409780,6819.5,6819.5,6815.25,6816.75
1772409960,6816.75,6820.75,6814.25,6819.25
1772410140,6819.25,6825.0,6818.0,6821.5
1772410320,6821.5,6822.0,6819.25,6819.5
1772410500,6819.25,6819.75,6812.0,6814.0
1772410680,6814.0,6815.75,6812.0,6814.5
1772410860,6814.5,6817.0,6813.0,6816.0
1772411040,6816.0,6819.75,6814.0,6815.0
1772411220,6814.5,6816.5,6809.25,6814.0
1772411400,6814.25,6816.0,6812.75,6813.75
1772411580,6813.75,6814.5,6809.25,6812.25
1772411760,6812.5,6816.25,6810.75,6815.25
1772411940,6815.5,6818.5,6814.25,6817.0
1772412120,6817.0,6820.75,6816.25,6819.75
1772412300,6819.75,6823.75,6819.75,6823.0
1772412480,6823.0,6826.0,6822.0,6825.25
1772412660,6825.5,6827.0,6824.5,6826.25
1772412840,6826.0,6828.0,6825.5,6826.25
1772413020,6826.0,6831.5,6825.75,6829.75
1772413200,6829.5,6834.75,6829.0,6831.75
1772413380,6831.75,6837.0,6829.75,6836.5
1772413560,6836.75,6841.25,6835.25,6840.0
1772413740,6840.25,6855.0,6840.0,6851.75
1772413920,6851.5,6857.0,6850.25,6851.75
1772414100,6851.75,6852.75,6848.75,6852.0
1772414280,6852.0,6852.5,6848.75,6849.75
1772414460,6849.75,6850.0,6847.75,6848.5
1772414640,6848.5,6849.0,6845.25,6847.0
1772414820,6847.25,6851.0,6846.0,6850.0
1772415000,6850.0,6856.0,6848.25,6853.5
1772415180,6853.5,6856.0,6852.75,6854.5
1772415360,6854.75,6856.75,6851.5,6856.75
1772415540,6856.75,6857.0,6852.0,6853.25
1772415720,6853.25,6856.75,6852.0,6852.25
1772415900,6852.5,6853.5,6849.75,6850.0
1772416080,6850.0,6850.5,6848.25,6849.5
1772416260,6849.5,6851.5,6849.0,6849.0
1772416440,6849.25,6850.75,6847.75,6850.75
1772416620,6850.75,6851.25,6849.0,6849.75
1772416800,6849.75,6850.25,6847.75,6850.0
1772416980,6850.0,6853.0,6850.0,6850.0
1772417160,6850.25,6850.25,6844.25,6845.25
1772417340,6845.0,6845.0,6841.75,6843.5
1772417520,6843.5,6846.0,6842.0,6844.25
1772417700,6844.25,6846.0,6842.25,6843.25
1772417880,6843.0,6844.75,6838.75,6840.0
1772418060,6840.0,6844.0,6838.75,6843.5
1772418240,6843.25,6843.25,6838.0,6838.5
1772418420,6838.25,6842.25,6838.25,6838.75
1772418600,6838.75,6843.25,6837.5,6843.25
1772418780,6843.25,6845.0,6842.75,6844.0
1772418960,6844.0,6846.0,6843.0,6845.5
1772419140,6845.5,6847.0,6842.5,6845.5
1772419320,6845.75,6846.0,6843.75,6845.0
1772419500,6845.0,6845.75,6843.0,6844.75
1772419680,6845.0,6845.25,6838.5,6839.5
1772419860,6839.25,6840.5,6835.0,6836.75
1772420040,6836.75,6841.25,6836.25,6841.0
1772420220,6841.0,6842.0,6839.5,6840.0
1772420400,6840.25,6842.0,6837.75,6838.75
1772420580,6839.0,6839.25,6837.25,6837.75
1772420760,6837.75,6840.25,6836.5,6840.25
1772420940,6840.0,6841.0,6838.5,6840.25
1772421120,6840.25,6841.0,6839.25,6840.0
1772421300,6839.75,6840.0,6838.0,6839.0
1772421480,6838.75,6843.25,6837.25,6840.25
1772421660,6840.25,6841.5,6837.25,6840.5
1772421840,6840.25,6842.5,6839.75,6840.0
1772422020,6840.0,6841.25,6839.0,6841.25
1772422200,6841.5,6842.0,6837.5,6837.5
1772422380,6837.75,6839.25,6835.0,6836.5
1772422560,6837.0,6838.0,6835.75,6837.25
1772422740,6837.0,6838.25,6836.0,6837.5
1772422920,6837.5,6838.5,6835.75,6836.75
1772423100,6836.75,6837.5,6835.25,6837.0
1772423280,6837.0,6840.5,6837.0,6839.25
1772423460,6839.0,6840.25,6837.5,6839.25
1772423640,6839.25,6839.5,6836.0,6837.5
1772423820,6837.5,6837.75,6836.25,6836.75
1772424000,6837.0,6839.0,6836.5,6838.0
1772424180,6838.0,6838.5,6837.5,6837.5
1772424360,6837.75,6839.0,6837.5,6838.5
1772424540,6838.5,6839.0,6836.25,6836.25
1772424720,6836.25,6838.5,6835.5,6838.0
1772424900,6838.0,6840.25,6838.0,6839.25
1772425080,6839.5,6840.0,6828.75,6831.25
1772425260,6831.25,6834.75,6827.25,6832.25
1772425440,6832.25,6837.75,6831.75,6836.75
1772425620,6836.75,6839.75,6836.25,6839.25
1772425800,6839.5,6841.5,6837.75,6841.25
1772425980,6841.0,6841.25,6839.0,6840.25
1772426160,6840.0,6842.75,6839.75,6842.0
1772426340,6841.75,6844.25,6840.5,6843.75
1772426520,6843.75,6844.0,6839.75,6840.0
1772426700,6840.0,6840.5,6838.0,6838.5
1772426880,6838.0,6838.25,6834.25,6834.5
1772427060,6834.5,6835.25,6833.25,6834.25
1772427240,6834.0,6835.0,6832.75,6833.75
1772427420,6833.5,6833.5,6829.25,6831.0
1772427600,6830.5,6833.0,6830.0,6830.75
1772427780,6830.5,6832.0,6828.0,6828.25
1772427960,6827.75,6828.25,6826.0,6827.5
1772428140,6827.5,6829.75,6825.5,6828.75
1772428320,6828.5,6830.0,6827.75,6828.0
1772428500,6828.0,6831.25,6827.75,6830.0
1772428680,6830.0,6831.0,6828.75,6829.25
1772428860,6829.25,6830.25,6824.0,6825.0
1772429040,6825.25,6827.75,6824.0,6827.25
1772429220,6827.5,6827.75,6824.75,6826.5
1772429400,6826.75,6828.25,6826.0,6826.75
1772429580,6827.0,6828.25,6826.75,6828.25
1772429760,6828.25,6830.25,6825.75,6828.0
1772429940,6828.0,6828.75,6826.0,6827.0
1772430120,6827.0,6828.25,6826.75,6827.25
1772430300,6827.25,6827.5,6825.0,6826.5
1772430480,6826.5,6827.0,6824.0,6824.5
1772430660,6824.25,6825.0,6822.5,6824.25
1772430840,6824.0,6824.5,6817.75,6818.5
1772431020,6818.5,6819.0,6814.5,6815.25
1772431200,6815.25,6817.5,6814.75,6817.25
1772431380,6817.0,6819.5,6815.25,6817.0
1772431560,6817.25,6819.5,6815.75,6818.5
1772431740,6818.5,6819.75,6817.5,6818.25
1772431920,6818.25,6820.25,6816.25,6818.5
1772432100,6818.5,6820.25,6817.0,6818.0
1772432280,6818.0,6818.5,6808.5,6808.75
1772432460,6808.75,6810.25,6806.25,6810.0
1772432640,6809.75,6813.25,6808.5,6811.75
1772432820,6811.75,6817.0,6811.5,6815.5
1772433000,6815.75,6816.75,6813.0,6813.25
1772433180,6813.25,6815.5,6811.0,6812.0
1772433360,6812.5,6812.5,6808.75,6809.0
1772433540,6809.25,6809.75,6805.0,6807.75
1772433720,6807.5,6808.5,6803.5,6804.75
1772433900,6804.75,6805.0,6799.25,6800.5
1772434080,6800.5,6800.5,6792.5,6792.75
1772434260,6792.75,6796.25,6787.0,6795.75
1772434440,6795.75,6799.0,6794.0,6798.75
1772434620,6798.5,6799.25,6796.75,6798.5
1772434800,6798.5,6801.75,6797.0,6798.25
1772434980,6798.0,6799.5,6792.5,6795.5
1772435160,6795.75,6799.0,6784.25,6786.0
1772435340,6785.75,6792.5,6783.0,6790.75
1772435520,6791.0,6793.25,6786.0,6786.5
1772435700,6786.75,6796.25,6786.5,6791.75
1772435880,6791.75,6792.25,6786.5,6787.75
1772436060,6787.75,6799.5,6787.0,6798.75
1772436240,6798.5,6799.0,6795.25,6796.5
1772436420,6796.5,6797.0,6793.5,6794.5
1772436600,6794.25,6799.25,6792.0,6798.0
1772436780,6798.0,6798.0,6790.0,6792.75
1772436960,6792.75,6794.0,6788.5,6788.75
1772437140,6788.75,6792.25,6788.75,6792.0
1772437320,6791.75,6795.75,6789.75,6794.75
1772437500,6794.5,6794.75,6788.5,6789.0
1772437680,6789.0,6791.25,6788.0,6788.75
1772437860,6789.0,6790.75,6785.0,6785.75
1772438040,6785.75,6788.75,6783.25,6788.25
1772438220,6788.0,6788.0,6782.25,6784.5
1772438400,6784.75,6787.75,6778.5,6784.0
1772438580,6783.75,6790.0,6781.0,6785.75
1772438760,6785.75,6788.75,6781.0,6782.75
1772438940,6782.75,6783.5,6774.5,6775.75
1772439120,6775.75,6785.5,6772.25,6784.0
1772439300,6783.75,6785.75,6773.75,6774.25
1772439480,6774.0,6780.5,6770.25,6778.25
1772439660,6778.25,6780.0,6770.25,6771.5
1772439840,6771.25,6779.25,6770.0,6775.0
1772440020,6774.75,6778.0,6768.5,6771.25
1772440200,6771.25,6781.75,6770.5,6781.25
1772440380,6781.5,6782.25,6776.5,6781.0
1772440560,6781.0,6785.0,6780.25,6784.5
1772440740,6784.5,6792.75,6784.25,6792.75
1772440920,6792.75,6793.5,6789.0,6790.0
1772441100,6790.0,6796.25,6787.0,6789.75
1772441280,6789.75,6799.5,6788.25,6798.25
1772441460,6798.0,6800.25,6795.75,6796.75
1772441640,6796.5,6797.0,6792.75,6795.0
1772441820,6795.0,6795.75,6791.0,6792.25
1772442000,6792.0,6798.75,6789.25,6794.75
1772442180,6794.75,6800.75,6794.5,6798.0
1772442360,6798.5,6805.0,6798.25,6804.25
1772442540,6804.25,6810.0,6803.25,6808.5
1772442720,6808.5,6811.75,6807.25,6809.0
1772442900,6809.0,6815.75,6809.0,6813.5
1772443080,6813.25,6814.0,6810.25,6811.75
1772443260,6811.75,6817.5,6811.5,6813.5
1772443440,6813.25,6814.0,6810.75,6813.75
1772443620,6814.0,6816.0,6811.75,6813.5
1772443800,6813.5,6817.75,6812.25,6816.75
1772443980,6817.0,6817.75,6811.25,6811.75
1772444160,6811.75,6816.0,6811.25,6812.5
1772444340,6812.5,6813.5,6807.75,6809.25
1772444520,6809.0,6814.75,6807.5,6813.75
1772444700,6813.75,6814.25,6811.25,6811.75
1772444880,6811.5,6814.0,6810.75,6812.0
1772445060,6811.75,6813.5,6809.75,6812.0
1772445240,6812.0,6814.25,6810.75,6812.25
1772445420,6812.5,6814.75,6812.25,6812.5
1772445600,6812.25,6822.0,6812.0,6821.75
1772445780,6821.75,6825.5,6820.25,6825.25
1772445960,6825.25,6826.5,6818.25,6821.0
1772446140,6821.0,6823.25,6816.75,6818.0
1772446320,6818.0,6820.0,6815.75,6817.0
1772446500,6817.0,6817.5,6813.75,6814.75
1772446680,6814.75,6819.5,6814.75,6819.5
1772446860,6819.0,6823.25,6819.0,6820.25
1772447040,6820.25,6820.5,6814.5,6817.75
1772447220,6817.75,6820.25,6814.75,6820.25
1772447400,6820.25,6823.5,6820.25,6823.5
1772447580,6823.5,6824.75,6822.0,6822.75
1772447760,6822.75,6825.25,6822.75,6824.5
1772447940,6824.25,6826.25,6819.25,6822.75
1772448120,6823.0,6825.0,6819.75,6824.75
1772448300,6825.0,6825.75,6819.75,6821.0
1772448480,6821.0,6822.5,6818.25,6820.0
1772448660,6820.0,6823.25,6819.25,6821.25
1772448840,6821.5,6821.5,6815.5,6815.75
1772449020,6816.25,6819.0,6815.5,6818.75
1772449200,6819.0,6820.75,6818.0,6820.25
1772449380,6820.25,6821.25,6818.75,6820.75
1772449560,6820.25,6820.25,6813.75,6814.25
1772449740,6814.25,6817.75,6813.75,6815.5
1772449920,6815.25,6816.5,6814.0,6815.0
1772450100,6815.25,6816.0,6812.5,6816.0
1772450280,6816.25,6821.0,6815.0,6819.0
1772450460,6819.0,6820.0,6816.75,6816.75
1772450640,6816.75,6820.75,6815.0,6820.0
1772450820,6820.0,6820.0,6816.5,6816.75
1772451000,6816.75,6822.0,6816.75,6821.0
1772451180,6821.0,6824.75,6819.5,6821.25
1772451360,6821.5,6824.5,6821.0,6821.25
1772451540,6821.5,6821.5,6818.25,6820.5
1772451720,6820.75,6822.5,6819.5,6821.75
1772451900,6822.0,6830.75,6820.5,6828.0
1772452080,6828.0,6831.5,6827.25,6828.75
1772452260,6828.75,6829.0,6822.5,6823.0
1772452440,6823.0,6823.25,6816.75,6820.0
1772452620,6819.75,6820.75,6817.0,6820.0
1772452800,6819.5,6824.25,6817.5,6818.5
1772452980,6818.75,6820.75,6817.75,6820.25
1772453160,6820.25,6820.5,6812.75,6813.0
1772453340,6812.75,6815.5,6809.5,6810.0
1772453520,6810.0,6815.5,6809.5,6815.25
1772453700,6815.0,6815.0,6810.25,6812.0
1772453880,6812.0,6812.25,6809.5,6810.0
1772454060,6810.0,6812.25,6808.75,6812.0
1772454240,6812.25,6813.75,6809.25,6813.0
1772454420,6812.75,6814.25,6810.0,6810.25
1772454600,6810.5,6813.5,6809.75,6811.75
1772454780,6811.5,6815.75,6811.5,6812.25
1772454960,6812.25,6812.5,6809.25,6811.25
1772455140,6811.0,6812.75,6807.25,6811.75
1772455320,6811.75,6812.25,6809.0,6810.5
1772455500,6810.75,6816.75,6810.75,6815.0
1772455680,6815.25,6816.0,6813.0,6813.0
1772455860,6813.0,6813.75,6808.5,6810.75
1772456040,6810.5,6811.75,6805.0,6806.0
1772456220,6806.25,6813.0,6806.25,6811.25
1772456400,6811.25,6817.0,6811.25,6813.25
1772456580,6813.0,6813.5,6807.75,6811.75
1772456760,6812.0,6816.75,6810.5,6815.75
1772456940,6815.75,6819.0,6813.25,6815.0
1772457120,6815.25,6817.5,6812.25,6813.5
1772457300,6813.75,6816.5,6813.0,6814.5
1772457480,6815.0,6822.0,6815.0,6821.0
1772457660,6821.25,6830.0,6821.25,6826.75
1772457840,6827.0,6833.25,6826.25,6826.5
1772458020,6826.5,6827.25,6821.0,6822.5
1772458200,6822.75,6824.75,6819.0,6821.75
1772458380,6822.0,6823.5,6815.5,6818.75
1772458560,6818.75,6821.5,6816.25,6818.75
1772458740,6819.0,6820.25,6816.75,6817.75
1772458920,6817.75,6817.75,6812.5,6813.5
1772459100,6813.5,6818.0,6813.5,6815.0
1772459280,6815.25,6817.25,6814.25,6816.75
1772459460,6816.75,6817.0,6809.75,6813.75
1772459640,6814.0,6815.25,6809.75,6809.75
1772459820,6809.75,6811.0,6804.25,6807.5
1772460000,6807.75,6809.0,6804.5,6806.25
1772460180,6806.25,6809.75,6804.25,6808.0
1772460360,6808.25,6813.0,6807.25,6811.5
1772460540,6811.5,6813.5,6808.75,6809.75
1772460720,6809.75,6810.5,6807.0,6808.75
1772460900,6808.5,6809.0,6805.5,6806.0
1772461080,6806.0,6807.0,6803.75,6804.75
1772461260,6804.75,6806.25,6804.0,6806.25
1772461440,6806.25,6809.25,6804.0,6804.0
1772461620,6804.25,6812.0,6802.25,6810.75
1772461800,6811.0,6831.5,6804.5,6828.5
1772461980,6828.5,6840.75,6827.5,6839.75
1772462160,6839.75,6849.0,6837.0,6840.0
1772462340,6840.25,6842.5,6832.25,6838.25
1772462520,6838.25,6847.5,6836.75,6845.25
1772462700,6845.0,6854.0,6841.5,6852.0
1772462880,6852.0,6858.0,6850.75,6853.0
1772463060,6853.0,6855.5,6843.0,6845.25
1772463240,6845.25,6852.75,6843.75,6849.0
1772463420,6849.25,6855.5,6847.0,6853.75
1772463600,6853.75,6862.75,6843.75,6860.25
1772463780,6860.0,6869.25,6859.75,6867.5
1772463960,6867.25,6873.75,6864.5,6870.75
1772464140,6871.0,6875.25,6865.25,6873.75
1772464320,6873.75,6877.5,6872.0,6873.25
1772464500,6873.5,6877.75,6870.5,6872.25
1772464680,6872.25,6874.5,6867.5,6870.75
1772464860,6871.0,6871.25,6859.0,6868.25
1772465040,6868.25,6869.0,6862.0,6862.75
1772465220,6862.5,6865.0,6854.75,6858.5
1772465400,6858.5,6863.0,6850.0,6850.25
1772465580,6850.25,6856.5,6849.5,6853.0
1772465760,6853.25,6860.75,6848.25,6859.75
1772465940,6859.5,6865.5,6858.5,6863.75
1772466120,6863.75,6867.75,6861.75,6867.25
1772466300,6867.25,6872.5,6865.75,6867.0
1772466480,6867.0,6869.25,6861.5,6868.0
1772466660,6867.75,6868.25,6861.25,6861.5
1772466840,6861.5,6865.75,6855.5,6865.5
1772467020,6865.25,6867.25,6863.5,6866.0
1772467200,6866.0,6866.5,6860.25,6864.75
1772467380,6864.75,6872.25,6864.0,6871.5
1772467560,6871.5,6876.5,6870.25,6876.25
1772467740,6876.0,6880.75,6875.75,6879.0
1772467920,6879.0,6879.75,6877.25,6877.5
1772468100,6877.25,6877.75,6871.5,6872.0
1772468280,6871.75,6876.5,6868.25,6871.0
1772468460,6871.0,6873.5,6869.75,6872.25
1772468640,6872.0,6872.5,6861.5,6862.25
1772468820,6862.25,6863.25,6853.5,6856.5
1772469000,6856.25,6861.5,6853.75,6856.25
1772469180,6856.25,6864.75,6853.25,6864.75
1772469360,6864.75,6875.25,6864.0,6874.75
1772469540,6874.5,6886.25,6872.75,6886.0
1772469720,6886.0,6889.75,6883.5,6889.0
1772469900,6889.0,6894.25,6888.5,6893.75
1772470080,6893.75,6894.5,6886.25,6887.25
1772470260,6887.5,6889.75,6884.25,6889.0
1772470440,6888.75,6890.25,6883.5,6888.25
1772470620,6888.25,6889.25,6885.75,6887.0
1772470800,6887.0,6887.75,6884.5,6885.0
1772470980,6885.0,6889.75,6883.0,6888.25
1772471160,6888.0,6890.75,6883.75,6884.5
1772471340,6884.5,6886.5,6881.5,6884.0
1772471520,6884.0,6888.75,6882.0,6888.25
1772471700,6888.5,6895.25,6887.5,6894.75
1772471880,6894.75,6896.0,6893.0,6895.0
1772472060,6895.0,6896.0,6891.5,6894.5
1772472240,6894.5,6896.5,6890.0,6891.0
1772472420,6891.0,6892.25,6888.75,6889.5
1772472600,6889.25,6892.0,6886.5,6887.5
1772472780,6887.5,6888.5,6885.25,6887.25
1772472960,6887.0,6891.5,6885.5,6886.0
1772473140,6886.0,6893.25,6885.75,6892.0
1772473320,6892.0,6893.0,6889.25,6891.5
1772473500,6891.5,6894.5,6891.0,6893.25
1772473680,6893.0,6893.5,6890.25,6892.5
1772473860,6892.25,6897.75,6892.25,6895.75
1772474040,6895.5,6897.0,6892.0,6892.25
1772474220,6892.25,6897.75,6891.5,6896.75
1772474400,6896.75,6898.75,6896.5,6897.25
1772474580,6897.25,6898.5,6895.25,6896.75
1772474760,6896.75,6897.25,6894.75,6895.0
1772474940,6895.25,6895.75,6893.25,6895.0
1772475120,6895.25,6895.5,6892.75,6894.5
1772475300,6894.75,6894.75,6891.75,6892.75
1772475480,6893.0,6893.5,6888.25,6888.75
1772475660,6888.75,6890.0,6885.5,6888.0
1772475840,6888.0,6891.5,6886.75,6891.5
1772476020,6891.5,6893.25,6890.75,6891.75
1772476200,6891.75,6892.5,6888.75,6892.0
1772476380,6892.0,6893.0,6888.0,6889.5
1772476560,6889.5,6889.5,6884.75,6887.0
1772476740,6887.0,6887.0,6883.5,6884.25
1772476920,6884.0,6887.75,6882.25,6886.5
1772477100,6886.75,6886.75,6877.25,6878.75
1772477280,6878.75,6884.5,6878.0,6883.0
1772477460,6883.0,6884.5,6879.5,6881.75
1772477640,6881.5,6882.5,6878.0,6880.75
1772477820,6880.75,6881.0,6876.25,6877.0
1772478000,6876.75,6880.25,6876.0,6878.5
1772478180,6878.25,6881.75,6877.5,6880.75
1772478360,6880.5,6884.75,6880.25,6883.5
1772478540,6883.5,6892.5,6882.25,6892.0
1772478720,6892.0,6894.25,6890.75,6893.75
1772478900,6893.5,6902.5,6893.5,6900.75
1772479080,6900.5,6906.5,6899.5,6903.75
1772479260,6903.75,6906.75,6903.25,6904.25
1772479440,6904.25,6904.25,6899.5,6903.25
1772479620,6903.25,6907.5,6902.0,6906.5
1772479800,6906.75,6910.25,6906.0,6907.0
1772479980,6907.0,6909.75,6906.75,6908.0
1772480160,6908.0,6911.25,6907.75,6908.5
1772480340,6908.75,6909.25,6906.75,6907.5
1772480520,6907.5,6907.5,6904.25,6905.25
1772480700,6905.25,6908.75,6905.0,6908.0
1772480880,6908.0,6908.5,6905.5,6907.0
1772481060,6907.25,6909.25,6907.0,6908.5
1772481240,6908.5,6909.75,6908.0,6908.5
1772481420,6908.75,6909.25,6905.75,6906.5
1772481600,6906.75,6908.0,6903.25,6904.25
1772481780,6904.5,6906.25,6903.75,6905.25
1772481960,6905.5,6905.75,6885.0,6886.0
1772482140,6886.25,6888.75,6876.0,6883.75
1772482320,6883.75,6883.75,6875.0,6876.75
1772482500,6876.5,6889.25,6872.75,6886.5
1772482680,6886.5,6890.25,6878.5,6885.25
1772482860,6885.5,6885.5,6880.25,6884.0
1772483040,6884.25,6885.5,6876.75,6878.0
1772483220,6878.25,6885.0,6876.5,6877.5
1772483400,6877.5,6883.5,6876.25,6882.5
1772483580,6882.5,6885.25,6879.75,6881.25
1772483760,6881.25,6888.75,6880.5,6888.25
1772483940,6888.25,6888.25,6880.5,6880.75
1772484120,6881.0,6887.25,6879.75,6886.5
1772484300,6886.5,6891.25,6884.0,6888.0
1772484480,6888.25,6891.25,6885.5,6888.0
1772484660,6887.75,6889.75,6884.0,6887.0
1772484840,6886.75,6895.25,6886.25,6893.0
1772485020,6893.0,6897.25,6886.5,6887.0
1772485200,6887.25,6888.25,6883.25,6887.25
1772485380,6887.25,6887.5,6883.25,6885.5
1772485560,6885.5,6886.0,6881.75,6881.75
1772485740,6881.75,6882.0,6878.5,6880.25
1772485920,6880.25,6883.75,6880.25,6883.0
1772486100,6882.75,6883.25,6879.5,6879.75
1772486280,6879.75,6881.0,6879.0,6880.25
1772486460,6880.25,6882.0,6879.0,6880.75
1772486640,6880.75,6882.0,6880.5,6881.5
1772486820,6881.75,6882.5,6881.25,6882.25
1772487000,6882.0,6884.5,6881.5,6884.0
1772487180,6883.75,6884.5,6883.0,6883.25
1772487360,6883.25,6884.25,6883.25,6883.75
1772487540,6883.75,6884.75,6883.5,6883.75
1772487720,6883.75,6885.5,6883.75,6884.5
1772487900,6884.5,6884.75,6881.75,6882.25
1772488080,6882.25,6884.25,6878.5,6884.0
1772488260,6884.0,6885.0,6883.0,6884.0
1772488440,6884.25,6885.25,6883.25,6884.5
1772488620,6884.5,6885.5,6883.0,6884.5
1772492400,6883.5,6886.0,6879.5,6881.5
1772492580,6881.75,6884.25,6878.75,6882.0
1772492760,6882.0,6884.0,6880.25,6880.75
1772492940,6881.0,6881.25,6878.0,6878.25
1772493120,6878.25,6880.25,6876.25,6877.75
1772493300,6877.75,6878.25,6876.25,6877.25
1772493480,6877.25,6878.0,6873.75,6874.0
1772493660,6874.25,6875.25,6871.75,6872.0
1772493840,6872.25,6874.25,6870.75,6872.0
1772494020,6872.25,6875.75,6872.25,6874.0
1772494200,6874.5,6876.75,6873.25,6874.25
1772494380,6874.25,6874.5,6871.5,6873.25
1772494560,6873.25,6873.5,6871.75,6872.5
1772494740,6872.75,6873.75,6871.75,6871.75
1772494920,6871.5,6873.25,6871.5,6871.75
1772495100,6871.75,6874.75,6871.5,6873.25
1772495280,6873.0,6874.75,6872.75,6873.5
1772495460,6873.75,6875.75,6873.5,6874.5
1772495640,6874.25,6878.25,6874.0,6876.5
1772495820,6876.75,6877.25,6874.5,6877.0
1772496000,6877.0,6878.0,6873.75,6878.0
1772496180,6878.25,6879.75,6877.0,6877.5
1772496360,6877.5,6879.75,6875.0,6875.75
1772496540,6875.75,6877.75,6873.75,6874.0
1772496720,6874.25,6874.75,6870.5,6871.75
1772496900,6872.0,6873.5,6868.75,6869.0
1772497080,6869.75,6870.5,6867.75,6868.25
1772497260,6868.25,6869.25,6867.75,6867.75
1772497440,6868.0,6871.0,6867.75,6869.0
1772497620,6869.25,6872.0,6869.0,6870.25
1772497800,6870.75,6871.0,6869.0,6869.25
1772497980,6869.25,6871.25,6867.75,6867.75
1772498160,6868.0,6869.5,6868.0,6868.75
1772498340,6868.75,6870.5,6868.75,6869.5
1772498520,6869.5,6871.25,6869.0,6871.25
1772498700,6871.25,6871.5,6869.75,6870.25
1772498880,6870.25,6871.25,6870.0,6870.75
1772499060,6870.75,6870.75,6868.25,6869.25
1772499240,6869.25,6869.5,6867.25,6867.75
1772499420,6868.0,6868.5,6866.0,6867.25
1772499600,6867.25,6868.0,6861.5,6864.0
1772499780,6864.0,6868.5,6863.0,6867.75
1772499960,6867.75,6868.75,6865.5,6868.25
1772500140,6868.25,6872.75,6867.75,6870.5
1772500320,6870.75,6872.25,6870.0,6870.75
1772500500,6870.5,6873.75,6870.0,6873.5
1772500680,6873.5,6874.0,6870.25,6870.5
1772500860,6870.75,6873.75,6870.0,6873.75
1772501040,6873.75,6875.5,6870.5,6870.75
1772501220,6870.5,6871.75,6866.0,6866.25
1772501400,6866.5,6869.0,6864.0,6866.25
1772501580,6866.5,6867.25,6863.25,6863.5
1772501760,6863.75,6866.25,6861.0,6861.25
1772501940,6861.25,6865.75,6861.0,6864.75
1772502120,6864.5,6866.5,6862.25,6863.5
1772502300,6863.75,6864.0,6861.25,6863.25
1772502480,6863.25,6863.75,6860.5,6861.0
1772502660,6860.75,6861.0,6858.5,6859.75
1772502840,6860.0,6860.25,6855.25,6855.75
1772503020,6855.75,6858.0,6853.25,6854.25
1772503200,6854.25,6855.75,6847.25,6850.75
1772503380,6850.5,6850.5,6846.75,6847.0
1772503560,6847.0,6850.75,6845.5,6846.75
1772503740,6847.0,6849.0,6846.0,6846.75
1772503920,6846.75,6849.75,6846.25,6848.75
1772504100,6849.0,6850.0,6843.0,6843.75
1772504280,6843.5,6843.5,6840.0,6840.5
1772504460,6840.5,6845.0,6840.0,6842.75
1772504640,6842.75,6843.5,6840.0,6842.25
1772504820,6842.5,6846.25,6842.0,6845.75
1772505000,6845.75,6849.0,6844.75,6846.75
1772505180,6847.0,6848.75,6845.75,6847.0
1772505360,6847.25,6850.25,6846.75,6849.75
1772505540,6850.0,6855.75,6848.5,6855.0
1772505720,6855.0,6855.75,6850.0,6852.25
1772505900,6852.25,6855.5,6850.75,6853.5
1772506080,6854.0,6855.25,6852.5,6854.0
1772506260,6853.75,6854.0,6851.0,6851.5
1772506440,6851.75,6852.0,6849.0,6849.75
1772506620,6849.75,6850.75,6848.75,6850.5
1772506800,6850.5,6855.75,6850.5,6853.5
1772506980,6853.5,6853.5,6850.0,6850.75
1772507160,6850.5,6851.75,6848.0,6849.0
1772507340,6849.0,6849.75,6847.75,6848.0
1772507520,6848.25,6850.5,6846.75,6850.5
1772507700,6850.5,6852.0,6849.75,6851.0
1772507880,6850.75,6850.75,6845.5,6846.0
1772508060,6846.25,6847.25,6845.75,6846.25
1772508240,6846.5,6847.0,6845.5,6846.75
1772508420,6846.75,6846.75,6843.25,6844.5
1772508600,6844.5,6845.5,6841.75,6844.75
1772508780,6845.25,6849.25,6844.25,6849.25
1772508960,6849.25,6852.5,6849.0,6851.75
1772509140,6851.75,6854.25,6851.5,6852.0
1772509320,6852.25,6853.0,6850.5,6852.5
1772509500,6852.75,6855.5,6851.75,6851.75
1772509680,6851.5,6852.75,6850.5,6851.75
1772509860,6851.5,6851.5,6847.25,6849.0
1772510040,6849.25,6850.25,6847.0,6849.25
1772510220,6849.5,6849.75,6847.75,6848.75
1772510400,6848.75,6852.0,6847.5,6847.75
1772510580,6847.5,6848.25,6845.5,6846.25
1772510760,6846.25,6847.5,6845.0,6846.25
1772510940,6845.75,6846.0,6844.25,6844.5
1772511120,6844.75,6848.5,6844.0,6846.0
1772511300,6846.0,6847.25,6842.25,6844.0
1772511480,6844.25,6847.0,6844.25,6846.75
1772511660,6846.5,6847.5,6844.75,6844.75
1772511840,6844.75,6846.25,6843.5,6845.5
1772512020,6845.5,6845.75,6837.5,6841.0
1772512200,6841.25,6843.75,6839.5,6841.25
1772512380,6841.0,6841.5,6838.5,6839.75
1772512560,6839.75,6840.25,6835.75,6838.25
1772512740,6838.25,6840.5,6837.0,6839.75
1772512920,6840.0,6841.25,6838.75,6840.5
1772513100,6840.75,6842.0,6837.25,6838.0
1772513280,6838.0,6839.25,6836.25,6836.75
1772513460,6837.0,6839.0,6835.75,6837.25
1772513640,6837.25,6838.25,6836.5,6837.0
1772513820,6836.75,6837.25,6834.5,6836.25
1772514540,6840.0,6841.75,6835.75,6836.5
1772514720,6836.5,6839.25,6836.5,6837.5
1772514900,6837.75,6841.0,6837.0,6841.0
1772515080,6841.0,6841.25,6838.0,6838.5
1772515260,6838.5,6839.5,6836.75,6838.5
1772515440,6838.75,6841.0,6837.5,6839.0
1772515620,6839.0,6840.75,6838.0,6839.75
1772515800,6839.75,6840.0,6836.25,6836.25
1772515980,6836.5,6837.25,6835.0,6836.25
1772516160,6836.5,6836.5,6831.25,6832.5
1772516340,6832.25,6835.25,6831.0,6833.25
1772516520,6833.25,6834.5,6831.5,6831.75
1772516700,6831.75,6833.5,6828.75,6829.5
1772516880,6830.0,6831.0,6828.75,6829.75
1772517060,6829.5,6831.5,6828.75,6830.25
1772517240,6830.25,6831.25,6828.75,6830.25
1772517420,6830.5,6831.75,6830.0,6831.0
1772517600,6831.25,6836.5,6831.25,6834.25
1772517780,6834.25,6834.75,6831.25,6832.0
1772517960,6831.75,6834.25,6827.25,6830.75
1772518140,6831.0,6833.25,6830.5,6831.75
1772518320,6832.0,6834.25,6831.25,6832.5
1772518500,6832.5,6832.5,6827.25,6827.25
1772518680,6827.75,6828.75,6826.0,6826.75
1772518860,6826.5,6830.5,6826.5,6830.0
1772519040,6830.0,6830.75,6828.5,6830.25
1772519220,6830.25,6836.5,6830.25,6836.25
1772519400,6836.0,6836.75,6833.25,6835.5
1772519580,6835.25,6836.5,6832.5,6833.25
1772519760,6832.75,6833.25,6830.75,6832.25
1772519940,6832.5,6834.25,6830.5,6830.5
1772520120,6830.25,6831.0,6827.5,6828.25
1772520300,6828.0,6828.0,6824.75,6825.75
1772520480,6825.75,6826.0,6824.5,6825.25
1772520660,6825.25,6827.75,6824.5,6826.5
1772520840,6826.75,6830.25,6826.5,6827.5
1772521020,6827.75,6830.0,6827.75,6827.75
1772521200,6827.75,6828.0,6825.75,6827.25
1772521380,6827.5,6830.75,6824.5,6829.25
1772521560,6829.25,6829.75,6822.75,6824.0
1772521740,6824.0,6826.5,6824.0,6824.75
1772521920,6824.75,6826.5,6824.25,6825.5
1772522100,6825.5,6826.75,6823.75,6825.75
1772522280,6825.75,6829.0,6824.5,6825.25
1772522460,6825.5,6825.5,6816.25,6817.75
1772522640,6817.75,6822.75,6817.25,6817.75
1772522820,6817.75,6818.5,6813.25,6817.0
1772523000,6817.0,6818.75,6816.0,6816.5
1772523180,6816.75,6817.5,6813.75,6813.75
1772523360,6814.0,6815.75,6813.25,6814.0
1772523540,6814.25,6817.25,6812.5,6815.0
1772523720,6814.75,6819.0,6814.25,6817.5
1772523900,6817.5,6820.75,6816.5,6817.0
1772524080,6817.25,6817.5,6812.5,6813.0
1772524260,6813.0,6814.5,6812.5,6813.75
1772524440,6813.5,6816.25,6812.25,6813.5
1772524620,6813.75,6815.0,6812.25,6814.0
1772524800,6813.75,6813.75,6807.25,6811.0
1772524980,6811.5,6815.5,6810.0,6812.25
1772525160,6812.25,6814.0,6808.25,6810.75
1772525340,6810.5,6816.25,6809.75,6813.0
1772525520,6813.0,6813.0,6802.5,6803.0
1772525700,6803.25,6804.5,6800.5,6804.5
1772525880,6804.5,6808.25,6802.5,6804.75
1772526060,6804.75,6808.75,6802.0,6805.25
1772526240,6805.5,6806.0,6796.5,6797.25
1772526420,6797.25,6799.25,6792.0,6792.0
1772526600,6791.75,6795.0,6788.0,6790.75
1772526780,6790.5,6796.75,6790.5,6796.0
1772526960,6796.0,6797.0,6786.5,6787.25
1772527140,6786.75,6789.0,6783.5,6786.75
1772527320,6786.5,6786.5,6778.0,6783.25
1772527500,6783.25,6785.0,6778.25,6783.5
1772527680,6783.5,6785.75,6779.25,6784.75
1772527860,6784.75,6785.5,6778.75,6780.75
1772528040,6780.75,6780.75,6776.0,6776.5
1772528220,6776.75,6781.25,6775.75,6777.75
1772528400,6777.75,6786.75,6777.5,6784.5
1772528580,6784.25,6789.75,6783.5,6789.0
1772528760,6789.0,6790.75,6783.25,6790.5
1772528940,6790.25,6794.5,6788.25,6792.0
1772529120,6792.0,6792.25,6785.5,6790.0
1772529300,6789.75,6790.0,6785.0,6787.25
1772529480,6787.5,6788.5,6783.25,6786.5
1772529660,6786.25,6786.75,6783.5,6786.25
1772529840,6786.0,6791.0,6781.75,6782.25
1772530020,6782.0,6784.0,6781.0,6783.25
1772530200,6783.25,6785.75,6780.25,6782.0
1772530380,6781.75,6785.0,6778.5,6780.75
1772530560,6780.75,6788.25,6779.75,6787.75
1772530740,6787.75,6788.0,6782.5,6785.0
1772530920,6785.0,6786.5,6776.75,6777.75
1772531100,6777.75,6778.5,6772.25,6777.25
1772531280,6777.5,6777.75,6769.5,6770.75
1772531460,6770.75,6773.5,6766.75,6769.5
1772531640,6769.25,6774.5,6767.5,6769.75
1772531820,6770.0,6772.5,6766.25,6767.75
1772532000,6767.75,6771.75,6763.0,6763.5
1772532180,6763.75,6771.75,6762.5,6766.0
1772532360,6766.25,6769.0,6761.0,6762.0
1772532540,6761.75,6763.5,6758.75,6761.75
1772532720,6761.75,6765.5,6759.75,6763.0
1772532900,6763.25,6769.0,6760.25,6768.0
1772533080,6768.25,6769.75,6764.0,6769.5
1772533260,6769.0,6771.75,6766.25,6767.0
1772533440,6766.75,6767.75,6761.75,6762.75
1772533620,6762.5,6765.0,6760.75,6761.25
1772533800,6761.0,6763.5,6759.25,6759.75
1772533980,6760.0,6760.0,6752.25,6755.75
1772534160,6755.75,6756.5,6751.0,6753.0
1772534340,6753.0,6768.0,6751.75,6765.75
1772534520,6765.75,6770.0,6762.75,6770.0
1772534700,6769.75,6773.75,6768.0,6769.0
1772534880,6769.25,6772.25,6767.25,6771.5
1772535060,6771.5,6772.0,6764.5,6765.75
1772535240,6765.75,6766.25,6759.5,6761.0
1772535420,6760.75,6765.25,6751.5,6764.25
1772535600,6763.75,6767.25,6758.5,6767.25
1772535780,6767.5,6771.5,6765.0,6767.75
1772535960,6767.25,6767.25,6760.5,6760.5
1772536140,6760.5,6765.25,6760.25,6762.0
1772536320,6761.75,6766.0,6760.5,6761.5
1772536500,6761.5,6764.75,6754.5,6756.25
1772536680,6756.0,6756.75,6742.75,6747.0
1772536860,6747.0,6761.0,6747.0,6760.75
1772537040,6760.75,6770.25,6759.0,6766.25
1772537220,6766.25,6770.25,6762.5,6764.75
1772537400,6764.5,6770.75,6764.5,6769.75
1772537580,6769.5,6774.75,6766.25,6774.5
1772537760,6774.25,6777.5,6769.25,6772.25
1772537940,6772.25,6774.75,6770.0,6773.25
1772538120,6773.25,6776.25,6770.5,6775.75
1772538300,6775.5,6780.0,6773.5,6774.0
1772538480,6773.75,6775.5,6771.5,6775.0
1772538660,6775.25,6775.75,6769.75,6772.75
1772538840,6773.0,6778.5,6772.75,6772.75
1772539020,6773.0,6775.75,6769.75,6773.75
1772539200,6773.75,6778.0,6771.5,6776.25
1772539380,6776.5,6779.25,6773.75,6778.25
1772539560,6778.0,6780.75,6776.0,6779.5
1772539740,6779.25,6791.0,6778.25,6790.75
1772539920,6790.5,6793.0,6784.5,6787.25
1772540100,6787.25,6789.25,6784.0,6789.25
1772540280,6789.5,6794.5,6787.5,6793.5
1772540460,6793.5,6801.0,6791.75,6794.0
1772540640,6794.0,6796.75,6791.0,6794.25
1772540820,6794.5,6795.5,6792.25,6792.25
1772541000,6792.25,6792.75,6786.5,6786.75
1772541180,6786.75,6792.5,6786.5,6787.75
1772541360,6787.75,6791.75,6787.25,6791.25
1772541540,6791.25,6794.75,6787.75,6790.25
1772541720,6790.0,6794.75,6788.75,6794.0
1772541900,6794.25,6798.5,6793.25,6797.25
1772542080,6797.25,6799.75,6792.75,6795.5
1772542260,6795.5,6798.25,6786.75,6788.75
1772542440,6789.0,6796.5,6788.0,6793.0
1772542620,6792.75,6795.5,6791.5,6793.0
1772542800,6793.5,6795.25,6786.75,6789.75
1772542980,6789.75,6791.0,6786.75,6788.25
1772543160,6788.25,6790.0,6785.0,6787.0
1772543340,6787.25,6788.5,6785.0,6787.5
1772543520,6787.5,6790.75,6783.0,6789.0
1772543700,6789.0,6792.5,6786.75,6791.75
1772543880,6791.75,6794.75,6789.0,6794.5
1772544060,6794.25,6795.5,6785.5,6785.75
1772544240,6786.0,6787.5,6783.0,6783.0
1772544420,6782.75,6784.75,6779.5,6782.5
1772544600,6782.5,6783.25,6771.25,6772.0
1772544780,6772.25,6778.25,6768.5,6772.5
1772544960,6772.5,6772.75,6767.25,6771.75
1772545140,6772.0,6775.0,6769.0,6774.5
1772545320,6774.75,6776.0,6767.0,6770.25
1772545500,6770.25,6771.25,6764.75,6765.5
1772545680,6765.5,6768.25,6764.0,6765.75
1772545860,6766.0,6772.25,6759.25,6771.75
1772546040,6771.75,6771.75,6765.25,6766.75
1772546220,6766.75,6769.5,6764.25,6768.75
1772546400,6768.75,6770.75,6763.25,6766.25
1772546580,6766.25,6767.75,6762.25,6766.0
1772546760,6766.25,6770.75,6764.0,6768.5
1772546940,6768.75,6770.5,6759.25,6760.5
1772547120,6760.5,6764.0,6759.25,6763.0
1772547300,6763.0,6768.5,6759.5,6765.5
1772547480,6765.5,6769.25,6764.75,6767.5
1772547660,6767.25,6774.5,6766.5,6773.5
1772547840,6773.75,6775.75,6769.5,6773.25
1772548020,6773.0,6774.0,6769.0,6772.5
1772548200,6772.5,6787.25,6771.0,6780.5
1772548380,6780.75,6783.0,6763.75,6771.75
1772548560,6772.25,6792.0,6771.25,6790.75
1772548740,6790.75,6794.0,6768.0,6768.75
1772548920,6769.0,6770.75,6754.25,6757.0
1772549100,6756.75,6770.75,6752.0,6759.5
1772549280,6759.5,6759.5,6744.75,6751.5
1772549460,6751.5,6762.0,6751.0,6757.0
1772549640,6757.0,6757.75,6748.75,6749.75
1772549820,6749.75,6752.5,6741.5,6746.25
1772550000,6746.25,6762.0,6744.5,6745.0
1772550180,6744.75,6749.75,6738.5,6745.75
1772550360,6746.0,6755.0,6739.75,6741.5
1772550540,6741.25,6753.0,6739.0,6747.5
1772550720,6747.25,6758.5,6745.75,6748.75
1772550900,6748.5,6752.0,6736.0,6737.0
1772551080,6737.0,6738.0,6728.0,6728.5
1772551260,6728.75,6730.5,6721.0,6729.5
1772551440,6729.5,6730.0,6719.75,6720.75
1772551620,6720.75,6724.25,6718.75,6720.75
1772551800,6720.75,6741.25,6720.0,6734.0
1772551980,6734.0,6738.0,6729.5,6733.75
1772552160,6733.5,6745.0,6730.5,6738.5
1772552340,6738.5,6747.5,6734.75,6742.0
1772552520,6741.75,6747.0,6732.0,6734.75
1772552700,6735.0,6744.25,6734.5,6739.5
1772552880,6739.5,6741.0,6725.75,6730.0
1772553060,6730.0,6738.5,6727.75,6729.0
1772553240,6729.0,6738.75,6726.25,6733.0
1772553420,6733.0,6743.75,6730.75,6741.75
1772553600,6742.0,6746.0,6739.75,6741.25
1772553780,6741.25,6765.0,6741.0,6764.5
1772553960,6764.5,6771.75,6761.75,6770.5
1772554140,6770.5,6771.25,6765.0,6768.5
1772554320,6768.5,6775.5,6766.25,6773.0
1772554500,6773.0,6782.0,6772.75,6780.5
1772554680,6780.5,6784.75,6772.5,6778.5
1772554860,6779.0,6784.75,6772.75,6784.0
1772555040,6783.75,6788.75,6780.25,6784.5
1772555220,6784.5,6787.75,6780.75,6783.0
1772555400,6783.0,6783.75,6769.0,6772.5
1772555580,6772.25,6785.25,6769.75,6782.5
1772555760,6782.75,6788.75,6778.25,6781.75
1772555940,6781.5,6786.0,6779.75,6783.0
1772556120,6782.75,6791.75,6775.25,6789.75
1772556300,6789.75,6807.75,6789.25,6801.5
1772556480,6801.5,6802.75,6793.0,6798.0
1772556660,6798.0,6803.0,6795.25,6801.75
1772556840,6801.75,6806.25,6798.25,6805.5
1772557020,6805.25,6805.5,6796.5,6798.75
1772557200,6798.75,6802.5,6791.5,6797.25
1772557380,6797.25,6800.5,6791.0,6796.75
1772557560,6796.75,6801.25,6792.5,6792.5
1772557740,6792.75,6794.0,6788.75,6790.75
1772557920,6790.5,6794.5,6786.5,6794.0
1772558100,6794.0,6797.0,6789.25,6794.25
1772558280,6794.0,6800.75,6792.0,6794.75
1772558460,6794.75,6806.0,6792.75,6803.0
1772558640,6803.0,6808.0,6800.75,6803.0
1772558820,6803.0,6808.0,6800.5,6806.0
1772559000,6806.25,6806.75,6792.75,6793.5
1772559180,6793.5,6794.25,6784.25,6787.5
1772559360,6787.75,6794.0,6783.75,6789.0
1772559540,6788.75,6798.0,6788.25,6793.25
1772559720,6793.0,6807.25,6792.75,6806.0
1772559900,6806.0,6807.0,6800.0,6802.5
1772560080,6802.5,6807.75,6801.25,6804.0
1772560260,6804.0,6806.25,6795.25,6796.75
1772560440,6796.5,6799.0,6791.75,6796.25
1772560620,6796.0,6800.75,6794.75,6797.25
1772560800,6797.0,6811.0,6797.0,6808.25
1772560980,6808.25,6808.5,6804.0,6806.25
1772561160,6806.25,6812.25,6806.0,6811.5
1772561340,6811.25,6812.0,6805.25,6807.25
1772561520,6807.0,6809.25,6799.25,6803.75
1772561700,6804.0,6811.5,6803.5,6810.75
1772561880,6810.75,6818.25,6807.25,6815.0
1772562060,6815.0,6823.75,6814.0,6823.25
1772562240,6823.0,6825.5,6820.0,6825.0
1772562420,6824.75,6827.75,6820.75,6821.5
1772562600,6821.5,6827.25,6820.0,6826.0
1772562780,6826.25,6832.0,6825.75,6830.5
1772562960,6830.25,6836.75,6826.5,6835.25
1772563140,6835.25,6842.25,6834.5,6839.0
1772563320,6839.25,6841.0,6832.0,6834.25
1772563500,6834.5,6834.75,6827.75,6830.25
1772563680,6830.5,6840.75,6828.75,6840.75
1772563860,6840.5,6842.75,6837.0,6837.5
1772564040,6837.5,6840.75,6832.75,6837.0
1772564220,6837.25,6839.5,6834.5,6836.25
1772564400,6836.25,6838.25,6831.25,6832.0
1772564580,6831.75,6838.25,6831.75,6834.5
1772564760,6834.75,6834.75,6826.75,6827.5
1772564940,6827.25,6827.75,6820.0,6826.75
1772565120,6826.75,6830.25,6822.75,6829.25
1772565300,6829.25,6835.25,6828.0,6832.0
1772565480,6832.0,6838.5,6830.75,6837.0
1772565660,6837.0,6838.75,6833.5,6836.5
1772565840,6836.5,6837.0,6830.75,6831.25
1772566020,6831.5,6832.75,6827.5,6828.5
1772566200,6828.5,6830.75,6825.25,6825.75
1772566380,6826.0,6827.0,6816.0,6817.75
1772566560,6817.75,6842.0,6817.75,6835.0
1772566740,6835.0,6841.25,6831.0,6839.25
1772566920,6839.0,6844.25,6835.75,6843.25
1772567100,6843.0,6849.75,6842.0,6848.5
1772567280,6848.25,6849.75,6841.0,6846.0
1772567460,6846.25,6847.75,6833.0,6833.25
1772567640,6833.25,6839.0,6830.25,6832.5
1772567820,6832.5,6837.75,6832.0,6836.0
1772568000,6836.0,6843.25,6832.0,6836.5
1772568180,6836.5,6838.0,6831.0,6833.75
1772568360,6833.75,6839.5,6830.75,6837.5
1772568540,6837.75,6841.25,6835.5,6839.0
1772568720,6839.0,6839.75,6830.5,6831.0
1772568900,6830.75,6834.25,6825.5,6825.75
1772569080,6826.0,6833.0,6825.0,6832.5
1772569260,6832.5,6833.5,6826.5,6828.25
1772569440,6828.0,6831.5,6824.75,6829.75
1772569620,6829.75,6836.5,6829.5,6833.75
1772569800,6833.75,6836.5,6832.0,6833.5
1772569980,6833.5,6838.25,6831.0,6838.25
1772570160,6838.25,6838.5,6828.25,6830.75
1772570340,6831.0,6832.0,6825.5,6825.75
1772570520,6826.0,6830.0,6825.25,6828.0
1772570700,6827.75,6831.25,6823.25,6827.25
1772570880,6827.25,6829.75,6822.5,6824.0
1772571060,6823.75,6824.75,6815.25,6821.0
1772571240,6820.75,6826.5,6819.25,6821.75
1772571420,6822.0,6827.75,6820.75,6825.75
1772571600,6825.75,6826.5,6819.75,6820.25
1772571780,6820.0,6822.0,6818.75,6819.75
1772571960,6819.5,6820.25,6818.25,6818.25
1772572140,6818.25,6820.75,6817.5,6820.25
1772572320,6820.0,6821.5,6818.0,6821.25
1772572500,6821.0,6822.75,6819.25,6822.25
1772572680,6822.25,6822.5,6819.0,6821.0
1772572860,6820.75,6822.0,6819.75,6820.5
1772573040,6820.75,6820.75,6817.75,6817.75
1772573220,6818.0,6818.0,6815.75,6816.75
1772573400,6817.0,6817.25,6810.75,6811.5
1772573580,6811.5,6813.0,6809.75,6811.75
1772573760,6812.0,6813.75,6810.0,6813.0
1772573940,6813.0,6816.0,6812.75,6815.5
1772574120,6815.75,6818.25,6814.75,6815.75
1772574300,6815.75,6815.75,6814.0,6814.25
1772574480,6814.5,6816.25,6814.0,6815.75
1772574660,6815.75,6817.0,6814.75,6816.0
1772574840,6816.25,6816.75,6813.75,6814.0
1772575020,6814.0,6814.25,6812.75,6814.0
1772578800,6813.25,6814.5,6809.75,6811.0
1772578980,6811.25,6811.75,6806.5,6807.0
1772579160,6807.25,6813.75,6805.5,6813.25
1772579340,6813.0,6819.0,6812.5,6817.5
1772579520,6817.25,6822.0,6816.5,6821.25
1772579700,6821.0,6824.75,6818.25,6820.75
1772579880,6820.75,6822.5,6818.25,6818.5
1772580060,6818.5,6821.0,6816.25,6817.0
1772580240,6817.25,6817.25,6813.0,6813.25
1772580420,6813.25,6813.5,6811.0,6811.75
1772580600,6811.75,6813.75,6811.5,6812.0
1772580780,6811.75,6813.5,6811.25,6813.5
1772580960,6813.5,6815.5,6812.5,6813.25
1772581140,6813.5,6817.75,6812.75,6817.0
1772581320,6816.75,6817.25,6814.5,6814.75
1772581500,6815.0,6818.25,6813.5,6816.0
1772581680,6815.75,6819.0,6815.0,6818.25
1772581860,6818.0,6818.0,6814.0,6815.5
1772582040,6815.5,6816.0,6813.75,6814.75
1772582220,6814.75,6815.25,6809.75,6810.5
1772582400,6811.0,6813.75,6806.75,6807.25
1772582580,6807.5,6811.25,6806.25,6809.25
1772582760,6809.5,6810.5,6806.25,6807.0
1772582940,6807.25,6815.5,6806.0,6812.25
1772583120,6812.5,6821.0,6812.5,6819.25
1772583300,6819.25,6824.5,6818.25,6824.5
1772583480,6824.5,6832.0,6823.75,6829.25
1772583660,6829.5,6833.0,6827.5,6827.75
1772583840,6827.5,6828.75,6825.25,6827.0
1772584020,6826.5,6828.0,6824.25,6824.5
1772584200,6824.5,6825.0,6817.0,6817.5
1772584380,6817.5,6817.75,6812.25,6813.75
1772584560,6814.0,6814.75,6810.0,6810.5
1772584740,6810.5,6812.75,6808.5,6810.0
1772584920,6810.25,6811.5,6808.0,6810.25
1772585100,6810.25,6820.5,6810.25,6819.75
1772585280,6819.5,6822.75,6817.75,6822.0
1772585460,6821.75,6824.0,6820.75,6822.5
1772585640,6822.75,6823.5,6819.0,6819.5
1772585820,6819.5,6824.75,6818.75,6821.0
1772586000,6821.0,6826.0,6818.25,6826.0
1772586180,6825.75,6826.25,6820.75,6821.25
1772586360,6820.75,6821.75,6812.75,6814.0
1772586540,6814.0,6816.0,6811.5,6812.25
1772586720,6812.25,6815.0,6809.5,6811.0
1772586900,6811.25,6814.5,6809.75,6810.25
1772587080,6810.5,6812.25,6806.75,6808.0
1772587260,6808.0,6808.0,6796.75,6798.25
1772587440,6798.25,6803.25,6796.25,6801.0
1772587620,6801.25,6803.75,6798.5,6799.5
1772587800,6799.25,6801.75,6795.25,6799.25
1772587980,6799.5,6803.75,6796.75,6802.75
1772588160,6802.75,6810.5,6801.25,6808.5
1772588340,6808.75,6810.5,6805.25,6807.75
1772588520,6808.0,6814.0,6807.25,6811.25
1772588700,6811.25,6812.25,6803.25,6804.0
1772588880,6804.25,6806.25,6797.5,6802.0
1772589060,6802.0,6806.25,6798.5,6799.75
1772589240,6799.75,6808.0,6799.0,6806.5
1772589420,6806.5,6807.75,6805.25,6806.75
1772589600,6807.0,6812.5,6799.75,6800.25
1772589780,6800.25,6804.0,6798.75,6801.0
1772589960,6801.0,6804.25,6797.0,6801.5
1772590140,6801.5,6803.0,6796.75,6801.25
1772590320,6802.0,6806.75,6798.5,6799.25
1772590500,6799.5,6799.5,6794.0,6797.0
1772590680,6797.0,6804.25,6796.5,6801.75
1772590860,6802.25,6804.25,6801.0,6802.75
1772591040,6802.5,6802.75,6796.75,6797.5
1772591220,6797.25,6799.25,6795.0,6796.0
1772591400,6796.0,6798.25,6794.75,6797.75
1772591580,6797.75,6798.0,6788.0,6789.5
1772591760,6789.5,6793.25,6787.75,6792.25
1772591940,6792.25,6794.5,6791.5,6792.5
1772592120,6792.5,6796.75,6791.25,6796.5
1772592300,6796.5,6802.25,6796.5,6801.75
1772592480,6802.0,6803.75,6798.25,6803.25
1772592660,6803.25,6805.25,6798.5,6798.5
1772592840,6798.5,6799.75,6796.25,6799.25
1772593020,6799.25,6802.25,6798.25,6799.75
1772593200,6799.75,6800.0,6791.0,6791.5
1772593380,6791.25,6793.25,6789.5,6790.25
1772593560,6790.25,6796.5,6790.25,6794.5
1772593740,6795.0,6798.75,6790.75,6792.25
1772593920,6792.25,6795.0,6790.75,6791.5
1772594100,6791.75,6792.25,6788.25,6790.0
1772594280,6790.0,6792.75,6787.0,6789.25
1772594460,6789.25,6790.0,6783.0,6788.5
1772594640,6788.5,6788.5,6785.5,6786.5
1772594820,6786.25,6787.25,6784.25,6786.5
1772595000,6786.25,6786.75,6780.5,6782.25
1772595180,6782.25,6782.5,6777.5,6781.25
1772595360,6781.5,6787.5,6780.75,6787.0
1772595540,6787.0,6787.5,6781.25,6784.75
1772595720,6785.0,6786.25,6779.5,6785.5
1772595900,6785.5,6791.0,6782.25,6791.0
1772596080,6790.75,6791.25,6787.75,6788.25
1772596260,6788.0,6789.0,6785.75,6787.75
1772596440,6788.0,6788.25,6784.25,6786.5
1772596620,6786.75,6793.75,6785.5,6793.5
1772596800,6793.25,6796.5,6791.75,6792.5
1772596980,6792.5,6799.5,6791.5,6799.5
1772597160,6799.5,6801.75,6797.0,6797.5
1772597340,6797.5,6802.0,6797.5,6800.0
1772597520,6800.5,6801.25,6797.0,6798.75
1772597700,6798.5,6800.75,6793.5,6793.5
1772597880,6794.0,6796.5,6791.25,6796.5
1772598060,6796.25,6797.25,6791.5,6791.5
1772598240,6791.5,6795.25,6790.75,6794.0
1772598420,6794.0,6795.0,6792.75,6792.75
1772598600,6792.5,6793.25,6789.25,6792.25
1772598780,6792.5,6795.0,6789.5,6792.25
1772598960,6792.5,6792.5,6787.5,6789.75
1772599140,6789.75,6790.0,6786.75,6788.0
1772599320,6788.75,6794.5,6788.5,6793.5
1772599500,6793.75,6795.0,6792.0,6793.25
1772599680,6793.25,6795.0,6791.0,6791.75
1772599860,6791.75,6794.0,6788.75,6790.5
1772600040,6790.75,6794.5,6789.0,6794.25
1772600220,6794.25,6795.75,6792.5,6793.5
1772600940,6790.75,6791.5,6788.25,6790.5
1772601120,6790.75,6791.5,6786.5,6787.5
1772601300,6787.75,6793.5,6786.5,6792.5
1772601480,6792.75,6792.75,6788.0,6792.5
1772601660,6792.75,6793.0,6785.0,6785.0
1772601840,6785.25,6785.75,6780.25,6781.0
1772602020,6781.0,6785.5,6780.75,6785.25
1772602200,6785.25,6787.75,6783.25,6786.0
1772602380,6786.0,6787.5,6781.5,6782.25
1772602560,6782.5,6789.25,6781.75,6788.0
1772602740,6788.25,6794.75,6788.25,6794.5
1772602920,6794.5,6798.25,6792.0,6792.75
1772603100,6793.0,6796.0,6791.0,6794.5
1772603280,6794.75,6795.25,6788.75,6791.5
1772603460,6791.5,6792.25,6789.75,6789.75
1772603640,6790.0,6792.0,6789.5,6790.5
1772603820,6790.5,6793.0,6787.25,6788.5
1772604000,6788.5,6788.5,6782.5,6783.0
1772604180,6782.75,6785.5,6781.25,6783.75
1772604360,6784.0,6784.75,6780.75,6782.0
1772604540,6782.0,6783.0,6779.0,6780.5
1772604720,6780.75,6780.75,6776.75,6777.5
1772604900,6777.5,6778.5,6773.5,6775.75
1772605080,6776.0,6777.5,6773.5,6777.25
1772605260,6777.25,6781.5,6774.75,6781.25
1772605440,6781.5,6784.0,6778.75,6783.0
1772605620,6783.25,6785.25,6781.0,6784.75
1772605800,6785.0,6788.75,6784.0,6788.0
1772605980,6788.25,6794.0,6788.0,6792.5
1772606160,6792.75,6795.0,6791.25,6791.5
1772606340,6792.0,6792.5,6790.25,6791.25
1772606520,6791.25,6793.5,6790.5,6791.75
1772606700,6791.5,6792.5,6788.0,6789.25
1772606880,6789.25,6791.5,6787.25,6790.25
1772607060,6790.5,6791.0,6786.25,6789.25
1772607240,6789.5,6789.75,6788.0,6788.75
1772607420,6788.75,6791.25,6787.5,6790.75
1772607600,6790.5,6793.75,6788.5,6790.25
1772607780,6790.5,6793.0,6786.5,6787.0
1772607960,6786.75,6790.75,6786.75,6789.75
1772608140,6789.5,6790.0,6786.0,6787.75
1772608320,6787.75,6787.75,6783.0,6784.0
1772608500,6783.75,6789.75,6782.5,6788.0
1772608680,6788.0,6789.75,6786.0,6789.0
1772608860,6788.75,6797.0,6788.5,6797.0
1772609040,6797.0,6801.25,6797.0,6798.75
1772609220,6798.75,6800.5,6797.25,6797.5
1772609400,6797.5,6800.75,6796.25,6800.25
1772609580,6800.0,6804.5,6799.75,6802.5
1772609760,6802.5,6804.75,6801.5,6803.75
1772609940,6803.5,6809.75,6801.0,6809.0
1772610120,6809.0,6809.75,6806.5,6807.5
1772610300,6807.75,6809.5,6804.25,6806.75
1772610480,6806.75,6809.5,6806.5,6809.5
1772610660,6809.0,6812.25,6808.75,6811.75
1772610840,6811.5,6811.5,6806.75,6808.75
1772611020,6808.75,6811.0,6807.0,6807.25
1772611200,6807.5,6811.5,6802.25,6810.25
1772611380,6810.25,6811.25,6802.5,6807.25
1772611560,6807.25,6810.75,6805.5,6807.75
1772611740,6807.5,6810.5,6803.25,6804.75
1772611920,6804.75,6810.0,6801.75,6809.5
1772612100,6809.75,6811.0,6803.75,6808.75
1772612280,6808.5,6813.0,6803.25,6803.5
1772612460,6803.25,6806.5,6795.75,6805.5
1772612640,6806.0,6807.5,6795.75,6796.5
1772612820,6796.25,6802.0,6795.25,6799.5
1772613000,6799.5,6806.25,6798.0,6804.75
1772613180,6805.0,6806.5,6802.5,6803.0
1772613360,6803.25,6806.5,6801.0,6801.5
1772613540,6801.75,6803.25,6798.5,6800.5
1772613720,6800.5,6810.25,6800.5,6809.0
1772613900,6809.25,6810.25,6804.25,6806.75
1772614080,6807.0,6811.5,6807.0,6808.25
1772614260,6808.0,6809.5,6804.0,6805.75
1772614440,6805.75,6808.25,6800.75,6801.25
1772614620,6801.5,6805.0,6800.75,6803.5
1772614800,6803.75,6806.75,6798.75,6805.5
1772614980,6805.75,6808.25,6801.25,6804.0
1772615160,6803.5,6804.25,6797.0,6800.5
1772615340,6800.5,6808.75,6800.5,6808.25
1772615520,6808.0,6814.5,6806.5,6811.5
1772615700,6811.25,6815.0,6809.75,6814.25
1772615880,6814.25,6816.25,6810.0,6813.75
1772616060,6813.75,6815.75,6810.25,6810.75
1772616240,6810.75,6815.0,6810.5,6811.75
1772616420,6811.75,6814.5,6811.25,6813.75
1772616600,6814.0,6815.75,6811.25,6812.0
1772616780,6812.0,6818.0,6811.0,6817.75
1772616960,6817.75,6819.0,6814.25,6816.5
1772617140,6816.5,6817.5,6810.75,6817.0
1772617320,6816.75,6821.0,6816.5,6818.0
1772617500,6818.0,6820.75,6816.5,6820.25
1772617680,6820.25,6826.25,6820.25,6825.75
1772617860,6825.5,6826.5,6822.75,6823.5
1772618040,6823.5,6824.25,6819.75,6820.75
1772618220,6821.0,6826.0,6820.5,6825.0
1772618400,6825.0,6827.0,6823.5,6825.5
1772618580,6825.25,6825.5,6822.5,6823.0
1772618760,6823.0,6839.75,6821.75,6838.5
1772618940,6838.5,6847.25,6835.0,6846.0
1772619120,6846.0,6847.75,6837.75,6845.75
1772619300,6846.0,6848.5,6841.75,6843.75
1772619480,6843.75,6844.0,6838.5,6840.25
1772619660,6840.25,6845.5,6838.25,6844.0
1772619840,6844.0,6844.25,6832.0,6833.25
1772620020,6833.0,6838.75,6832.25,6834.25
1772620200,6834.25,6839.75,6834.0,6839.0
1772620380,6839.0,6841.75,6835.75,6840.5
1772620560,6840.75,6843.0,6837.5,6840.0
1772620740,6840.25,6842.5,6836.75,6841.25
1772620920,6841.0,6844.0,6840.75,6842.5
1772621100,6842.5,6844.5,6840.75,6841.75
1772621280,6841.75,6845.0,6838.75,6843.5
1772621460,6843.5,6846.25,6837.0,6840.25
1772621640,6840.0,6841.5,6838.75,6839.25
1772621820,6839.25,6843.25,6839.25,6842.75
1772622000,6843.0,6849.25,6842.25,6848.75
1772622180,6848.75,6851.0,6845.5,6848.5
1772622360,6848.25,6849.25,6843.25,6844.5
1772622540,6844.25,6846.25,6842.5,6844.25
1772622720,6844.25,6848.25,6842.75,6847.25
1772622900,6847.25,6852.0,6846.25,6850.5
1772623080,6850.75,6855.0,6848.75,6854.25
1772623260,6854.0,6854.25,6849.75,6850.5
1772623440,6850.5,6851.75,6849.0,6850.0
1772623620,6850.25,6852.5,6846.5,6847.25
1772623800,6847.5,6849.0,6845.75,6846.0
1772623980,6846.0,6846.5,6839.75,6841.0
1772624160,6841.25,6841.5,6836.75,6839.25
1772624340,6839.5,6841.5,6837.25,6837.5
1772624520,6837.75,6839.5,6834.75,6834.75
1772624700,6834.75,6838.75,6833.25,6838.75
1772624880,6838.5,6838.5,6833.25,6835.0
1772625060,6835.0,6838.75,6833.5,6836.25
1772625240,6836.0,6837.75,6832.5,6832.75
1772625420,6832.75,6835.5,6832.25,6832.5
1772625600,6832.75,6838.25,6832.5,6838.25
1772625780,6838.0,6842.75,6834.25,6836.75
1772625960,6836.5,6840.25,6836.0,6839.25
1772626140,6839.0,6843.0,6834.0,6836.0
1772626320,6836.0,6839.0,6834.25,6838.75
1772626500,6839.0,6839.0,6827.75,6828.25
1772626680,6828.0,6829.0,6823.25,6824.75
1772626860,6825.0,6828.0,6821.75,6823.25
1772627040,6823.25,6824.75,6818.0,6821.5
1772627220,6821.5,6823.5,6813.75,6814.75
1772627400,6815.0,6818.5,6813.0,6815.25
1772627580,6815.5,6820.0,6814.25,6816.25
1772627760,6816.25,6822.25,6815.5,6821.5
1772627940,6821.5,6826.75,6821.0,6823.25
1772628120,6823.75,6828.5,6822.25,6826.0
1772628300,6825.75,6825.75,6820.25,6821.0
1772628480,6821.0,6822.5,6819.75,6821.0
1772628660,6820.75,6822.0,6816.75,6819.0
1772628840,6818.75,6822.5,6818.0,6821.5
1772629020,6821.25,6828.25,6821.25,6827.75
1772629200,6827.75,6834.25,6827.0,6833.0
1772629380,6833.0,6839.25,6833.0,6839.0
1772629560,6839.25,6847.0,6838.75,6845.75
1772629740,6845.75,6856.75,6844.25,6850.75
1772629920,6850.75,6854.25,6849.0,6852.5
1772630100,6852.5,6855.0,6846.25,6847.5
1772630280,6847.5,6848.75,6842.5,6843.75
1772630460,6843.75,6849.25,6842.75,6843.25
1772630640,6843.25,6847.0,6842.5,6844.25
1772630820,6844.25,6850.0,6844.0,6847.0
1772631000,6847.0,6850.0,6841.25,6849.5
1772631180,6849.5,6850.25,6844.0,6844.0
1772631360,6844.0,6848.75,6842.25,6847.25
1772631540,6847.25,6852.0,6845.0,6850.25
1772631720,6850.0,6855.0,6847.5,6849.5
1772631900,6849.5,6853.5,6848.75,6850.0
1772632080,6850.0,6854.0,6849.0,6852.75
1772632260,6852.75,6854.0,6846.75,6850.25
1772632440,6850.5,6854.75,6845.5,6851.5
1772632620,6852.0,6853.0,6846.75,6848.25
1772632800,6847.75,6850.75,6846.0,6847.5
1772632980,6847.5,6849.75,6845.5,6848.25
1772633160,6848.5,6852.5,6843.5,6844.25
1772633340,6844.25,6848.25,6844.25,6846.75
1772633520,6847.0,6851.0,6846.75,6850.5
1772633700,6850.5,6853.25,6847.5,6848.25
1772633880,6848.0,6856.0,6848.0,6856.0
1772634060,6855.75,6856.0,6849.5,6850.5
1772634240,6850.25,6850.75,6841.5,6842.0
1772634420,6841.75,6845.25,6838.0,6838.5
1772634600,6838.5,6857.75,6836.5,6846.5
1772634780,6846.5,6852.0,6833.5,6836.75
1772634960,6837.0,6839.5,6829.5,6832.25
1772635140,6832.25,6837.5,6822.75,6825.0
1772635320,6825.0,6828.5,6822.75,6824.25
1772635500,6824.25,6836.25,6817.75,6827.5
1772635680,6827.5,6840.0,6824.75,6825.75
1772635860,6825.5,6839.75,6825.5,6837.25
1772636040,6837.0,6839.75,6830.0,6832.25
1772636220,6832.25,6836.25,6829.75,6836.25
1772636400,6836.25,6849.25,6836.25,6842.75
1772636580,6843.0,6844.0,6831.0,6839.75
1772636760,6839.75,6854.0,6836.0,6853.0
1772636940,6853.25,6856.0,6847.25,6853.5
1772637120,6853.25,6860.25,6850.75,6854.75
1772637300,6854.75,6862.75,6853.75,6861.25
1772637480,6861.25,6871.25,6861.0,6871.0
1772637660,6871.25,6877.5,6871.0,6876.25
1772637840,6876.25,6882.25,6873.25,6882.0
1772638020,6882.0,6886.25,6881.25,6884.5
1772638200,6884.25,6886.0,6880.25,6881.75
1772638380,6882.0,6882.25,6873.0,6875.25
1772638560,6875.0,6878.25,6872.0,6873.0
1772638740,6873.25,6873.25,6866.25,6868.5
1772638920,6868.5,6870.75,6866.25,6867.5
1772639100,6867.5,6868.25,6861.25,6866.75
1772639280,6866.75,6872.25,6863.75,6871.5
1772639460,6871.5,6873.5,6863.0,6868.5
1772639640,6868.5,6877.5,6868.25,6876.0
1772639820,6876.0,6881.75,6875.5,6881.0
1772640000,6881.25,6889.0,6881.0,6886.0
1772640180,6886.0,6889.75,6879.25,6881.5
1772640360,6881.75,6884.75,6878.75,6880.25
1772640540,6880.25,6881.0,6872.5,6872.75
1772640720,6873.0,6873.0,6865.75,6868.25
1772640900,6868.0,6874.25,6867.25,6872.75
1772641080,6872.75,6873.0,6865.25,6870.0
1772641260,6870.0,6872.5,6864.25,6867.0
1772641440,6866.75,6874.5,6864.25,6873.5
1772641620,6873.5,6877.25,6871.75,6874.5
1772641800,6874.5,6878.5,6873.25,6877.5
1772641980,6877.75,6881.25,6876.25,6878.0
1772642160,6878.0,6881.0,6871.0,6877.5
1772642340,6877.25,6882.5,6873.0,6882.5
1772642520,6882.5,6886.0,6881.5,6884.25
1772642700,6884.25,6887.0,6883.0,6883.75
1772642880,6884.0,6885.25,6878.75,6879.5
1772643060,6879.75,6886.0,6878.5,6885.0
1772643240,6885.0,6885.75,6881.5,6882.25
1772643420,6882.5,6882.75,6879.5,6880.5
1772643600,6880.75,6884.25,6878.0,6884.0
1772643780,6884.0,6886.5,6883.25,6885.0
1772643960,6885.25,6885.75,6881.25,6883.25
1772644140,6883.25,6886.0,6881.5,6885.25
1772644320,6885.25,6885.5,6882.5,6883.0
1772644500,6883.25,6884.25,6880.75,6883.5
1772644680,6883.5,6884.25,6880.5,6881.0
1772644860,6881.0,6881.75,6876.75,6877.75
1772645040,6878.0,6883.75,6877.5,6882.5
1772645220,6882.25,6882.25,6875.75,6876.25
1772645400,6876.0,6877.25,6868.5,6869.5
1772645580,6869.75,6881.0,6868.5,6878.75
1772645760,6878.75,6881.25,6875.75,6879.5
1772645940,6879.5,6885.25,6879.25,6883.0
1772646120,6882.75,6883.0,6878.25,6881.0
1772646300,6880.75,6884.25,6880.5,6883.5
1772646480,6883.75,6883.75,6881.75,6882.75
1772646660,6882.75,6886.75,6880.75,6886.5
1772646840,6886.25,6887.25,6882.0,6883.25
1772647020,6883.25,6887.25,6881.75,6885.0
1772647200,6885.0,6888.25,6884.0,6885.25
1772647380,6885.25,6886.0,6880.5,6883.5
1772647560,6883.5,6887.0,6881.25,6886.0
1772647740,6886.0,6886.75,6883.5,6884.25
1772647920,6884.25,6886.5,6881.25,6882.25
1772648100,6882.25,6882.75,6879.5,6881.0
1772648280,6881.25,6881.75,6876.5,6878.25
1772648460,6878.0,6881.25,6877.25,6881.25
1772648640,6881.5,6882.5,6878.25,6881.75
1772648820,6881.75,6884.5,6881.25,6884.0
1772649000,6884.0,6890.0,6884.0,6888.75
1772649180,6889.0,6889.25,6885.75,6888.75
1772649360,6888.75,6889.75,6886.75,6888.75
1772649540,6888.75,6889.25,6886.75,6888.25
1772649720,6888.5,6891.0,6888.25,6888.5
1772649900,6888.5,6890.75,6886.25,6888.0
1772650080,6888.0,6891.5,6885.75,6891.25
1772650260,6891.25,6891.75,6889.5,6890.75
1772650440,6890.75,6891.0,6886.25,6886.5
1772650620,6886.5,6888.75,6884.75,6888.5
1772650800,6888.5,6891.25,6886.75,6890.5
1772650980,6890.5,6892.0,6889.5,6890.0
1772651160,6890.0,6891.75,6889.0,6890.75
1772651340,6890.75,6891.75,6889.5,6890.5
1772651520,6890.75,6892.75,6890.0,6891.5
1772651700,6891.5,6892.5,6890.25,6892.0
1772651880,6892.0,6892.5,6889.75,6890.5
1772652060,6890.5,6891.25,6889.0,6890.0
1772652240,6890.25,6892.25,6887.5,6888.0
1772652420,6887.75,6890.0,6887.5,6888.75
1772652600,6889.0,6891.25,6888.75,6889.25
1772652780,6889.25,6890.75,6887.25,6890.0
1772652960,6890.0,6890.75,6888.25,6889.5
1772653140,6889.5,6892.25,6889.25,6891.25
1772653320,6891.25,6892.0,6888.25,6889.75
1772653500,6890.0,6891.5,6887.75,6889.25
1772653680,6889.25,6894.0,6889.0,6892.75
1772653860,6892.75,6894.0,6891.5,6893.75
1772654040,6893.5,6893.75,6890.25,6891.0
1772654220,6891.0,6892.25,6890.5,6891.25
1772654400,6891.0,6893.0,6889.5,6892.0
1772654580,6892.25,6893.0,6890.5,6891.0
1772654760,6891.0,6891.25,6886.25,6887.0
1772654940,6887.0,6888.5,6883.75,6885.0
1772655120,6885.0,6885.75,6883.5,6884.75
1772655300,6884.75,6885.5,6882.0,6884.0
1772655480,6884.0,6884.0,6881.25,6881.75
1772655660,6881.75,6882.0,6877.25,6879.25
1772655840,6879.25,6883.25,6879.25,6882.5
1772656020,6882.5,6885.5,6881.25,6885.0
1772656200,6884.75,6886.5,6881.75,6882.5
1772656380,6882.5,6884.5,6881.75,6883.25
1772656560,6883.25,6886.25,6882.75,6885.5
1772656740,6885.5,6886.75,6883.0,6885.75
1772656920,6885.75,6889.0,6885.25,6887.75
1772657100,6887.5,6888.75,6885.5,6886.25
1772657280,6886.0,6887.25,6876.0,6877.5
1772657460,6877.5,6881.0,6877.25,6880.0
1772657640,6879.75,6884.25,6879.5,6880.5
1772657820,6880.5,6880.75,6873.5,6873.5
1772658000,6873.5,6876.25,6866.0,6869.0
1772658180,6869.25,6874.0,6868.0,6873.5
1772658360,6873.75,6878.0,6872.75,6877.75
1772658540,6877.75,6878.0,6876.25,6876.75
1772658720,6876.75,6879.75,6876.5,6878.5
1772658900,6878.5,6881.75,6872.5,6878.75
1772659080,6878.75,6878.75,6876.0,6876.25
1772659260,6876.25,6876.75,6873.0,6873.5
1772659440,6873.5,6877.25,6873.25,6877.25
1772659620,6877.25,6878.25,6877.0,6877.75
1772659800,6877.75,6879.0,6877.5,6878.25
1772659980,6878.0,6878.5,6877.25,6878.0
1772660160,6878.0,6879.25,6878.0,6878.5
1772660340,6878.25,6879.25,6877.0,6877.5
1772660520,6877.5,6878.25,6877.25,6877.75
1772660700,6877.75,6879.5,6877.25,6878.25
1772660880,6878.25,6879.75,6878.0,6879.0
1772661060,6879.25,6882.25,6879.25,6881.5
1772661240,6881.5,6881.75,6877.5,6878.0
1772661420,6877.75,6880.75,6875.75,6879.0
1772665200,6883.25,6883.75,6878.25,6880.25
1772665380,6880.5,6884.0,6880.5,6883.5
1772665560,6883.5,6886.5,6883.0,6886.25
1772665740,6886.5,6888.0,6885.75,6887.75
1772665920,6887.5,6887.5,6885.75,6886.0
1772666100,6886.0,6886.5,6884.75,6885.0
1772666280,6885.0,6885.25,6880.75,6881.75
1772666460,6881.25,6884.0,6881.25,6883.25
1772666640,6883.25,6884.0,6882.0,6882.75
1772666820,6882.75,6883.5,6881.25,6882.25
1772667000,6882.0,6884.0,6881.75,6882.5
1772667180,6882.5,6883.0,6881.25,6881.25
1772667360,6881.5,6884.0,6881.5,6882.0
1772667540,6882.25,6884.75,6882.25,6884.5
1772667720,6884.25,6888.25,6884.25,6887.5
1772667900,6887.25,6889.25,6886.75,6888.0
1772668080,6888.0,6888.25,6885.75,6886.25
1772668260,6886.0,6887.25,6885.25,6885.75
1772668440,6885.5,6885.75,6884.25,6884.75
1772668620,6884.75,6886.75,6884.75,6885.5
1772668800,6885.25,6885.75,6883.75,6883.75
1772668980,6884.0,6888.5,6883.75,6887.75
1772669160,6887.5,6890.0,6887.25,6889.25
1772669340,6889.5,6889.75,6887.5,6888.25
1772669520,6888.0,6893.0,6887.75,6892.25
1772669700,6892.5,6900.0,6892.5,6898.5
1772669880,6898.75,6900.75,6896.5,6897.5
1772670060,6897.25,6897.75,6895.5,6896.0
1772670240,6896.0,6896.0,6892.5,6893.25
1772670420,6893.0,6895.25,6892.5,6894.25
1772670600,6894.5,6894.75,6892.75,6894.5
1772670780,6894.5,6896.5,6893.0,6893.5
1772670960,6893.25,6896.0,6893.0,6895.25
1772671140,6895.0,6898.25,6894.75,6898.0
1772671320,6898.0,6898.5,6893.75,6894.75
1772671500,6894.75,6896.0,6893.5,6893.75
1772671680,6893.75,6895.5,6893.75,6895.0
1772671860,6895.0,6895.75,6892.75,6893.0
1772672040,6893.25,6893.25,6890.75,6892.25
1772672220,6892.0,6893.25,6892.0,6892.5
1772672400,6892.5,6893.25,6888.5,6890.0
1772672580,6890.0,6891.5,6889.25,6890.75
1772672760,6891.0,6892.75,6890.25,6890.5
1772672940,6890.75,6891.25,6885.75,6888.0
1772673120,6888.25,6889.5,6887.5,6888.25
1772673300,6888.0,6888.25,6879.0,6879.5
1772673480,6879.5,6881.5,6876.5,6877.75
1772673660,6877.75,6879.75,6874.0,6879.5
1772673840,6879.5,6882.75,6877.5,6880.0
1772674020,6880.5,6880.5,6876.75,6876.75
1772674200,6876.5,6879.5,6875.75,6877.5
1772674380,6877.5,6877.75,6876.25,6877.25
1772674560,6877.0,6880.75,6876.25,6879.0
1772674740,6878.75,6882.0,6875.5,6875.75
1772674920,6876.0,6876.25,6863.5,6866.75
1772675100,6866.75,6872.0,6865.0,6870.5
1772675280,6870.75,6872.5,6866.0,6866.5
1772675460,6866.75,6867.25,6861.75,6862.75
1772675640,6862.75,6863.75,6858.0,6858.75
1772675820,6859.0,6865.0,6857.25,6863.5
1772676000,6863.5,6867.0,6861.25,6866.0
1772676180,6866.25,6866.5,6864.25,6866.0
1772676360,6866.0,6866.25,6863.5,6865.25
1772676540,6865.0,6867.0,6864.0,6865.0
1772676720,6865.0,6867.5,6863.25,6865.25
1772676900,6865.0,6867.0,6864.25,6865.25
1772677080,6865.25,6867.25,6863.25,6863.75
1772677260,6863.5,6865.0,6861.0,6861.25
1772677440,6861.5,6863.0,6860.25,6863.0
1772677620,6862.75,6862.75,6858.75,6861.25
1772677800,6861.5,6861.75,6857.25,6859.0
1772677980,6859.0,6863.0,6858.75,6862.0
1772678160,6861.5,6865.5,6861.5,6864.5
1772678340,6864.25,6866.0,6863.5,6864.5
1772678520,6864.75,6866.5,6863.75,6865.0
1772678700,6865.0,6869.0,6864.0,6868.25
1772678880,6868.25,6873.0,6865.5,6870.75
1772679060,6870.75,6871.75,6867.25,6868.0
1772679240,6868.0,6868.25,6864.0,6864.75
1772679420,6864.75,6866.0,6863.75,6865.5
1772679600,6865.5,6868.25,6864.25,6864.25
1772679780,6864.0,6866.5,6862.5,6866.0
1772679960,6865.75,6867.25,6864.75,6866.75
1772680140,6866.75,6867.0,6863.0,6863.75
1772680320,6864.0,6866.0,6861.75,6862.25
1772680500,6862.5,6863.5,6861.25,6861.5
1772680680,6861.75,6862.25,6858.25,6859.5
1772680860,6859.25,6860.25,6857.25,6858.0
1772681040,6857.75,6860.0,6857.75,6859.75
1772681220,6860.0,6861.0,6853.25,6855.5
1772681400,6855.75,6856.0,6850.25,6854.0
1772681580,6854.25,6855.25,6852.5,6852.75
1772681760,6852.5,6856.25,6851.5,6854.25
1772681940,6854.25,6858.5,6852.25,6858.25
1772682120,6858.25,6858.5,6854.5,6855.5
1772682300,6855.5,6856.0,6853.75,6854.75
1772682480,6854.5,6855.5,6854.0,6854.75
1772682660,6854.75,6855.75,6852.75,6855.75
1772682840,6855.75,6860.75,6855.5,6859.25
1772683020,6859.0,6859.0,6855.0,6856.75
1772683200,6856.25,6857.25,6853.25,6854.25
1772683380,6854.5,6860.75,6854.5,6860.0
1772683560,6859.75,6863.25,6859.5,6863.0
1772683740,6863.0,6865.0,6861.25,6863.5
1772683920,6863.5,6865.0,6862.0,6863.5
1772684100,6863.75,6864.0,6862.0,6862.5
1772684280,6863.0,6864.75,6862.0,6864.75
1772684460,6864.75,6866.25,6864.5,6865.75
1772684640,6865.75,6866.25,6864.0,6865.25
1772684820,6865.25,6866.75,6864.75,6866.75
1772685000,6867.0,6867.25,6865.25,6866.25
1772685180,6866.25,6866.25,6862.25,6864.75
1772685360,6865.0,6867.5,6864.5,6866.0
1772685540,6866.25,6867.25,6865.5,6866.0
1772685720,6866.25,6866.25,6864.25,6864.75
1772685900,6864.75,6867.25,6864.75,6866.25
1772686080,6866.5,6869.5,6866.25,6867.5
1772686260,6867.75,6868.0,6865.0,6866.25
1772686440,6866.5,6867.75,6865.75,6867.5
1772686620,6867.75,6868.5,6866.75,6867.5
1772687340,6867.75,6869.0,6866.0,6867.0
1772687520,6867.25,6867.25,6865.75,6866.5
1772687700,6866.5,6866.5,6863.0,6863.5
1772687880,6863.5,6864.25,6862.0,6863.0
1772688060,6862.75,6863.25,6862.0,6862.75
1772688240,6862.5,6866.75,6862.5,6865.0
1772688420,6865.0,6865.5,6863.75,6863.75
1772688600,6864.0,6864.5,6862.0,6864.25
1772688780,6864.0,6865.0,6862.75,6864.5
1772688960,6864.25,6864.5,6860.75,6860.75
1772689140,6860.75,6862.5,6859.25,6859.75
1772689320,6859.5,6860.75,6859.0,6859.5
1772689500,6859.5,6860.25,6858.5,6860.25
1772689680,6860.25,6861.0,6859.25,6859.75
1772689860,6859.75,6859.75,6858.5,6859.0
1772690040,6858.75,6859.0,6856.25,6857.25
1772690220,6857.5,6857.5,6854.0,6854.5
1772690400,6854.5,6855.5,6851.25,6853.25
1772690580,6852.75,6855.5,6852.5,6853.25
1772690760,6853.25,6853.25,6846.5,6847.75
1772690940,6847.75,6848.25,6845.25,6847.0
1772691120,6847.0,6849.25,6846.25,6846.5
1772691300,6846.5,6849.25,6845.25,6847.25
1772691480,6847.25,6853.0,6847.25,6850.5
1772691660,6850.5,6853.25,6850.5,6852.75
1772691840,6852.75,6853.0,6850.0,6850.0
1772692020,6850.0,6850.25,6848.0,6849.75
1772692200,6849.5,6850.0,6844.5,6845.75
1772692380,6846.25,6847.75,6845.5,6846.5
1772692560,6846.5,6849.25,6846.0,6849.0
1772692740,6849.0,6849.0,6845.75,6847.0
1772692920,6847.25,6850.0,6847.25,6849.25
1772693100,6849.5,6850.25,6848.5,6850.0
1772693280,6850.0,6861.25,6848.0,6860.5
1772693460,6860.5,6863.75,6858.25,6861.0
1772693640,6861.25,6863.75,6858.75,6863.5
1772693820,6863.25,6867.0,6863.25,6866.75
1772694000,6866.75,6868.25,6862.5,6864.0
1772694180,6864.0,6866.25,6860.25,6860.5
1772694360,6860.25,6863.75,6859.25,6863.25
1772694540,6863.0,6866.0,6862.25,6865.75
1772694720,6866.0,6866.5,6862.0,6862.5
1772694900,6862.5,6863.25,6859.5,6860.0
1772695080,6860.0,6863.0,6859.5,6860.0
1772695260,6859.25,6865.75,6858.25,6865.25
1772695440,6865.5,6868.25,6864.75,6867.0
1772695620,6867.25,6867.25,6865.0,6867.0
1772695800,6866.75,6867.25,6862.75,6863.0
1772695980,6863.0,6863.75,6859.25,6861.0
1772696160,6860.75,6862.25,6860.0,6861.0
1772696340,6861.0,6862.75,6860.25,6861.75
1772696520,6861.75,6864.5,6861.5,6862.0
1772696700,6861.75,6862.5,6859.5,6860.0
1772696880,6860.0,6861.5,6858.5,6859.0
1772697060,6859.25,6860.75,6858.25,6860.5
1772697240,6860.5,6860.5,6855.5,6856.0
1772697420,6856.5,6863.5,6856.5,6863.25
1772697600,6863.25,6864.25,6858.25,6860.0
1772697780,6860.5,6860.5,6848.5,6848.75
1772697960,6848.25,6851.0,6845.0,6847.25
1772698140,6847.25,6850.0,6844.75,6848.75
1772698320,6848.5,6849.75,6846.25,6846.5
1772698500,6846.0,6855.75,6846.0,6855.75
1772698680,6855.25,6856.25,6848.5,6851.5
1772698860,6851.75,6853.5,6848.5,6853.0
1772699040,6853.5,6854.5,6849.5,6850.5
1772699220,6850.5,6851.0,6845.5,6845.75
1772699400,6845.75,6849.75,6840.5,6848.75
1772699580,6849.0,6850.5,6843.5,6847.25
1772699760,6847.75,6850.75,6846.75,6848.5
1772699940,6849.25,6850.0,6842.5,6845.5
1772700120,6845.25,6847.5,6842.5,6846.75
1772700300,6846.75,6853.75,6846.0,6850.5
1772700480,6850.0,6852.25,6845.25,6848.0
1772700660,6847.75,6853.75,6847.5,6850.25
1772700840,6850.5,6856.75,6848.75,6856.0
1772701020,6855.5,6858.25,6855.25,6858.0
1772701200,6857.75,6862.0,6856.25,6861.75
1772701380,6861.75,6878.0,6861.75,6874.0
1772701560,6874.25,6885.5,6872.75,6884.0
1772701740,6884.25,6894.0,6880.5,6891.75
1772701920,6892.0,6893.0,6885.75,6887.5
1772702100,6887.5,6889.0,6878.75,6879.0
1772702280,6878.75,6881.5,6875.75,6881.0
1772702460,6881.0,6890.5,6880.25,6886.0
1772702640,6885.75,6886.5,6876.25,6876.75
1772702820,6876.75,6877.0,6873.0,6874.75
1772703000,6874.25,6876.0,6872.5,6872.75
1772703180,6872.75,6877.5,6871.0,6877.25
1772703360,6877.0,6878.25,6869.25,6869.25
1772703540,6869.5,6870.0,6864.0,6866.75
1772703720,6866.75,6870.25,6865.75,6865.75
1772703900,6866.0,6870.0,6864.75,6869.25
1772704080,6869.25,6871.5,6866.5,6871.25
1772704260,6870.75,6870.75,6864.0,6867.75
1772704440,6868.0,6869.25,6863.0,6869.0
1772704620,6869.25,6873.5,6869.0,6871.5
1772704800,6871.75,6874.0,6869.5,6871.0
1772704980,6870.75,6875.5,6865.0,6875.25
1772705160,6875.0,6875.75,6871.25,6873.0
1772705340,6873.0,6875.5,6872.25,6874.75
1772705520,6875.25,6877.25,6873.5,6873.5
1772705700,6873.75,6875.75,6873.25,6875.25
1772705880,6875.75,6877.75,6872.5,6872.5
1772706060,6872.25,6878.0,6871.75,6877.0
1772706240,6876.75,6877.25,6872.0,6876.75
1772706420,6877.0,6877.0,6873.0,6876.5
1772706600,6876.5,6878.0,6874.75,6876.0
1772706780,6876.25,6877.0,6873.5,6875.5
1772706960,6875.75,6877.5,6874.0,6876.25
1772707140,6876.25,6876.5,6868.25,6868.5
1772707320,6868.5,6871.5,6868.25,6870.0
1772707500,6869.75,6872.25,6868.25,6870.0
1772707680,6870.25,6871.75,6867.5,6867.5
1772707860,6867.75,6872.5,6867.25,6872.25
1772708040,6872.0,6874.0,6869.75,6871.25
1772708220,6871.0,6871.0,6869.0,6869.75
1772708400,6870.0,6872.5,6865.5,6870.75
1772708580,6870.75,6873.25,6869.5,6871.75
1772708760,6872.0,6875.5,6871.25,6875.25
1772708940,6875.25,6875.25,6871.25,6873.75
1772709120,6873.5,6877.5,6873.0,6877.25
1772709300,6877.25,6879.0,6876.5,6878.25
1772709480,6878.25,6880.5,6877.25,6880.0
1772709660,6879.75,6880.0,6877.5,6877.75
1772709840,6877.5,6878.5,6875.25,6878.5
1772710020,6878.5,6879.5,6876.5,6876.75
1772710200,6876.5,6880.0,6874.75,6879.0
1772710380,6879.0,6879.0,6871.25,6871.25
1772710560,6871.5,6874.0,6870.75,6871.0
1772710740,6870.75,6872.5,6868.25,6870.75
1772710920,6870.75,6873.25,6869.0,6873.25
1772711100,6873.25,6876.75,6872.75,6876.5
1772711280,6876.75,6877.25,6872.25,6875.25
1772711460,6875.25,6875.5,6870.25,6872.5
1772711640,6872.5,6872.75,6869.0,6871.5
1772711820,6871.5,6871.75,6866.25,6867.0
1772712000,6867.25,6869.0,6863.75,6864.75
1772712180,6864.75,6867.25,6863.25,6865.5
1772712360,6865.75,6870.25,6865.25,6868.75
1772712540,6868.75,6870.75,6866.25,6867.75
1772712720,6867.5,6867.5,6863.75,6867.0
1772712900,6867.0,6867.25,6864.0,6865.0
1772713080,6865.25,6877.5,6865.0,6877.25
1772713260,6877.25,6880.75,6873.5,6876.5
1772713440,6876.5,6876.5,6872.75,6875.5
1772713620,6875.5,6876.25,6870.75,6872.5
1772713800,6872.5,6874.5,6870.5,6871.75
1772713980,6872.0,6872.5,6867.5,6869.25
1772714160,6869.25,6870.0,6866.25,6869.75
1772714340,6869.75,6871.75,6868.25,6871.75
1772714520,6871.25,6871.25,6864.0,6866.25
1772714700,6866.0,6871.75,6865.25,6868.75
1772714880,6868.5,6869.25,6863.25,6863.25
1772715060,6863.0,6864.25,6856.5,6857.5
1772715240,6857.25,6861.75,6856.5,6860.25
1772715420,6860.5,6863.5,6860.25,6862.75
1772715600,6863.0,6864.25,6860.0,6861.5
1772715780,6861.75,6862.5,6853.5,6855.0
1772715960,6855.0,6859.25,6855.0,6856.25
1772716140,6856.0,6857.75,6853.5,6857.25
1772716320,6857.25,6859.0,6854.25,6857.25
1772716500,6857.5,6860.75,6856.5,6857.25
1772716680,6857.0,6860.5,6854.75,6857.25
1772716860,6857.25,6858.5,6854.75,6855.0
1772717040,6855.25,6857.75,6853.0,6857.5
1772717220,6857.5,6861.25,6856.5,6860.0
1772717400,6860.25,6864.5,6851.75,6857.0
1772717580,6856.75,6859.25,6851.0,6851.5
1772717760,6851.25,6852.5,6846.5,6851.25
1772717940,6851.0,6853.5,6848.5,6851.5
1772718120,6851.5,6854.75,6851.5,6852.75
1772718300,6852.75,6855.5,6851.5,6852.25
1772718480,6852.5,6855.75,6852.5,6855.0
1772718660,6855.25,6857.75,6854.0,6854.75
1772718840,6854.5,6854.75,6847.75,6849.5
1772719020,6849.5,6849.75,6842.75,6844.5
1772719200,6844.75,6847.75,6843.0,6845.25
1772719380,6845.0,6848.25,6841.0,6844.0
1772719560,6844.25,6846.75,6840.25,6842.75
1772719740,6843.0,6846.25,6841.5,6844.25
1772719920,6844.25,6845.0,6838.75,6840.5
1772720100,6840.25,6842.5,6835.75,6836.25
1772720280,6836.25,6841.5,6836.0,6839.25
1772720460,6839.0,6843.0,6837.75,6839.0
1772720640,6839.0,6845.25,6837.0,6843.75
1772720820,6844.0,6845.0,6839.5,6842.0
1772721000,6842.25,6856.75,6840.0,6855.25
1772721180,6855.5,6866.25,6852.75,6863.0
1772721360,6863.0,6866.25,6859.25,6861.5
1772721540,6861.5,6861.5,6849.75,6853.5
1772721720,6853.75,6859.0,6845.75,6848.75
1772721900,6848.75,6855.25,6843.0,6854.5
1772722080,6854.5,6859.5,6847.5,6855.25
1772722260,6855.25,6860.5,6852.0,6858.25
1772722440,6858.0,6862.0,6856.75,6860.25
1772722620,6860.25,6873.0,6860.25,6872.75
1772722800,6872.5,6877.5,6869.0,6872.0
1772722980,6872.0,6872.25,6860.75,6862.5
1772723160,6862.5,6864.25,6850.75,6850.75
1772723340,6850.75,6863.0,6850.5,6852.5
1772723520,6852.5,6865.75,6852.0,6864.5
1772723700,6864.5,6865.25,6853.0,6854.75
1772723880,6855.0,6855.5,6845.75,6847.75
1772724060,6847.75,6849.25,6838.0,6839.25
1772724240,6839.25,6839.25,6830.5,6831.25
1772724420,6831.25,6834.5,6824.5,6829.5
1772724600,6829.75,6830.25,6814.25,6818.75
1772724780,6818.5,6824.75,6817.5,6821.25
1772724960,6821.25,6830.75,6821.25,6830.5
1772725140,6830.75,6839.75,6828.25,6837.5
1772725320,6837.5,6839.0,6830.25,6833.75
1772725500,6833.5,6839.5,6832.75,6839.0
1772725680,6838.75,6843.75,6833.0,6843.25
1772725860,6843.25,6847.25,6841.0,6845.0
1772726040,6845.25,6847.5,6834.25,6835.5
1772726220,6835.75,6843.0,6835.25,6842.75
1772726400,6842.75,6845.25,6835.5,6836.75
1772726580,6836.5,6839.0,6829.5,6830.25
1772726760,6830.5,6831.0,6822.75,6824.0
1772726940,6823.75,6825.25,6812.25,6815.5
1772727120,6815.25,6825.25,6813.75,6819.5
1772727300,6819.25,6823.25,6812.5,6813.5
1772727480,6813.5,6819.5,6811.0,6814.75
1772727660,6814.75,6824.5,6813.25,6815.75
1772727840,6815.5,6822.75,6814.75,6819.0
1772728020,6818.75,6823.25,6815.75,6816.5
1772728200,6816.5,6827.75,6816.0,6826.75
1772728380,6827.0,6829.25,6819.25,6822.5
1772728560,6822.5,6829.25,6822.5,6826.75
1772728740,6827.0,6831.75,6822.5,6823.5
1772728920,6823.25,6825.5,6819.75,6823.25
1772729100,6823.75,6833.5,6823.5,6831.5
1772729280,6831.75,6832.75,6825.5,6830.0
1772729460,6830.0,6830.0,6823.75,6826.5
1772729640,6826.75,6834.5,6826.5,6832.5
1772729820,6832.75,6834.75,6830.25,6831.75
1772730000,6832.0,6836.25,6829.75,6834.75
1772730180,6834.5,6845.75,6834.0,6843.75
1772730360,6843.75,6845.75,6831.75,6836.5
1772730540,6836.5,6836.75,6823.0,6827.0
1772730720,6827.0,6832.75,6824.5,6826.75
1772730900,6826.75,6827.0,6817.0,6818.25
1772731080,6818.25,6818.75,6812.75,6814.0
1772731260,6813.75,6815.5,6810.5,6814.25
1772731440,6814.5,6818.0,6807.5,6813.5
1772731620,6813.5,6817.75,6806.25,6806.5
1772731800,6806.25,6809.25,6794.0,6795.75
1772731980,6795.75,6798.5,6793.25,6794.0
1772732160,6794.0,6807.5,6791.75,6801.25
1772732340,6801.25,6805.5,6794.0,6794.25
1772732520,6794.25,6799.5,6790.5,6793.5
1772732700,6793.5,6794.0,6789.5,6791.5
1772732880,6791.25,6793.5,6782.0,6783.25
1772733060,6783.25,6794.75,6782.5,6790.0
1772733240,6790.0,6790.0,6781.0,6785.75
1772733420,6785.75,6789.0,6784.5,6785.75
1772733600,6785.5,6791.0,6784.25,6786.5
1772733780,6786.25,6795.0,6786.25,6793.5
1772733960,6793.5,6800.25,6790.75,6798.0
1772734140,6797.75,6801.0,6795.25,6795.25
1772734320,6795.25,6803.75,6794.0,6801.5
1772734500,6801.25,6803.5,6795.5,6795.5
1772734680,6795.5,6798.25,6784.0,6786.25
1772734860,6786.25,6794.75,6784.5,6791.25
1772735040,6791.25,6791.75,6781.75,6782.0
1772735220,6782.0,6786.25,6780.0,6784.0
1772735400,6783.75,6791.5,6781.25,6782.0
1772735580,6782.0,6790.0,6779.25,6787.75
1772735760,6787.75,6790.75,6783.25,6790.0
1772735940,6790.25,6795.5,6788.0,6793.25
1772736120,6793.0,6800.75,6793.0,6799.0
1772736300,6799.0,6799.75,6788.25,6794.75
1772736480,6794.75,6795.5,6785.5,6785.75
1772736660,6786.0,6787.75,6780.75,6784.0
1772736840,6784.0,6786.75,6780.25,6783.75
1772737020,6784.0,6791.25,6783.75,6787.25
1772737200,6787.25,6792.25,6784.75,6790.75
1772737380,6790.75,6793.5,6786.25,6792.25
1772737560,6792.0,6794.5,6788.25,6790.25
1772737740,6790.5,6792.0,6788.25,6788.5
1772737920,6788.75,6796.0,6787.0,6794.5
1772738100,6794.75,6794.75,6787.5,6790.25
1772738280,6790.25,6799.25,6790.0,6793.75
1772738460,6794.0,6796.5,6789.75,6793.25
1772738640,6793.5,6795.25,6783.75,6786.25
1772738820,6786.5,6789.25,6784.0,6787.75
1772739000,6788.0,6788.0,6777.0,6779.75
1772739180,6779.75,6783.25,6777.75,6780.25
1772739360,6780.25,6784.75,6777.75,6783.75
1772739540,6783.5,6790.25,6781.5,6789.0
1772739720,6789.0,6791.75,6786.75,6791.25
1772739900,6791.0,6793.75,6786.5,6792.0
1772740080,6792.0,6798.5,6792.0,6796.0
1772740260,6796.0,6796.5,6790.0,6794.0
1772740440,6794.0,6795.0,6785.5,6789.75
1772740620,6789.75,6793.75,6789.75,6791.75
1772740800,6791.75,6793.75,6789.5,6791.25
1772740980,6791.25,6803.0,6784.75,6794.25
1772741160,6794.25,6805.0,6788.75,6804.75
1772741340,6804.75,6812.25,6801.0,6807.75
1772741520,6807.75,6812.0,6805.0,6809.5
1772741700,6809.75,6813.0,6805.0,6808.5
1772741880,6808.5,6816.25,6808.5,6811.0
1772742060,6811.0,6820.0,6810.5,6819.5
1772742240,6819.5,6826.25,6817.0,6824.75
1772742420,6824.5,6825.5,6815.5,6816.25
1772742600,6816.25,6823.25,6813.25,6823.0
1772742780,6822.75,6824.25,6817.5,6823.5
1772742960,6823.5,6826.5,6821.5,6825.75
1772743140,6825.75,6826.0,6819.0,6820.5
1772743320,6820.5,6823.0,6817.25,6821.5
1772743500,6821.5,6823.75,6815.5,6818.0
1772743680,6818.0,6833.5,6817.5,6828.75
1772743860,6828.5,6832.75,6824.5,6831.5
1772744040,6831.25,6835.75,6829.25,6834.0
1772744220,6833.75,6839.0,6832.25,6835.0
1772744400,6835.0,6835.5,6828.5,6831.0
1772744580,6831.25,6834.0,6828.5,6830.5
1772744760,6830.5,6831.25,6828.0,6828.0
1772744940,6828.0,6832.0,6827.5,6827.5
1772745120,6827.5,6829.75,6826.75,6828.5
1772745300,6828.5,6831.75,6827.75,6830.5
1772745480,6830.75,6830.75,6827.75,6828.0
1772745660,6828.0,6828.0,6825.0,6826.0
1772745840,6826.0,6826.0,6823.75,6824.5
1772746020,6824.5,6828.25,6822.75,6828.0
1772746200,6828.0,6828.25,6825.0,6825.5
1772746380,6825.75,6825.75,6822.75,6824.0
1772746560,6824.0,6827.25,6823.25,6824.5
1772746740,6824.75,6826.25,6824.5,6826.0
1772746920,6825.75,6826.75,6821.75,6825.0
1772747100,6825.25,6825.5,6821.5,6821.75
1772747280,6821.5,6824.25,6821.5,6824.25
1772747460,6824.25,6826.5,6824.25,6825.0
1772747640,6825.0,6826.5,6824.5,6824.75
1772747820,6825.0,6825.75,6823.25,6824.75
1772751600,6826.0,6827.0,6822.25,6825.0
1772751780,6824.75,6829.25,6824.75,6827.25
1772751960,6827.5,6831.5,6827.25,6830.5
1772752140,6830.5,6832.0,6829.25,6831.75
1772752320,6832.0,6833.25,6830.0,6831.25
1772752500,6831.25,6832.75,6830.0,6832.25
1772752680,6832.25,6833.75,6831.5,6832.75
1772752860,6833.0,6833.5,6832.5,6833.25
1772753040,6833.5,6834.0,6831.5,6832.25
1772753220,6832.25,6837.75,6831.0,6835.25
1772753400,6835.0,6836.0,6834.25,6835.25
1772753580,6835.25,6835.75,6834.25,6834.75
1772753760,6835.0,6837.0,6834.5,6836.5
1772753940,6836.75,6839.75,6836.5,6839.25
1772754120,6839.25,6840.75,6839.0,6839.5
1772754300,6839.5,6842.75,6838.25,6841.25
1772754480,6841.0,6842.25,6837.75,6839.75
1772754660,6839.75,6842.5,6839.5,6841.75
1772754840,6841.5,6843.0,6840.0,6842.5
1772755020,6842.25,6842.75,6840.5,6841.0
1772755200,6841.0,6844.75,6841.0,6843.5
1772755380,6843.25,6846.0,6843.0,6845.5
1772755560,6845.5,6848.5,6845.5,6847.75
1772755740,6847.75,6850.25,6847.75,6849.5
1772755920,6849.75,6850.25,6848.5,6849.0
1772756100,6848.75,6849.5,6845.75,6846.5
1772756280,6846.5,6847.5,6845.5,6846.25
1772756460,6846.0,6847.25,6844.0,6845.0
1772756640,6844.75,6845.5,6841.75,6843.75
1772756820,6844.0,6845.5,6843.0,6843.25
1772757000,6843.5,6844.5,6841.25,6841.75
1772757180,6842.0,6842.75,6841.25,6842.25
1772757360,6842.25,6844.75,6842.0,6843.0
1772757540,6843.0,6844.0,6842.0,6843.75
1772757720,6843.75,6844.25,6842.75,6844.0
1772757900,6844.0,6845.5,6843.5,6845.0
1772758080,6845.0,6845.75,6843.5,6843.5
1772758260,6843.0,6844.0,6840.75,6842.0
1772758440,6842.25,6843.75,6841.25,6841.75
1772758620,6841.75,6843.25,6841.0,6842.75
1772758800,6842.25,6844.75,6841.0,6844.5
1772758980,6844.75,6845.75,6842.75,6845.25
1772759160,6845.25,6845.75,6840.75,6841.5
1772759340,6841.5,6844.25,6841.25,6843.0
1772759520,6842.75,6844.75,6842.25,6842.75
1772759700,6842.75,6845.25,6842.5,6844.0
1772759880,6844.25,6844.25,6841.25,6841.5
1772760060,6841.5,6841.75,6837.75,6839.75
1772760240,6840.0,6840.5,6836.5,6837.5
1772760420,6837.75,6837.75,6833.25,6836.5
1772760600,6836.75,6839.0,6836.0,6837.75
1772760780,6837.5,6843.5,6837.0,6842.0
1772760960,6842.0,6843.25,6839.5,6840.5
1772761140,6840.75,6841.0,6838.25,6839.25
1772761320,6839.25,6840.0,6836.25,6836.5
1772761500,6836.25,6837.0,6833.75,6834.5
1772761680,6834.5,6838.0,6834.25,6837.75
1772761860,6838.0,6839.5,6837.5,6838.75
1772762040,6838.75,6842.75,6837.75,6841.5
1772762220,6841.5,6842.5,6838.0,6839.0
1772762400,6839.0,6840.5,6837.25,6840.0
1772762580,6839.75,6842.0,6839.5,6840.5
1772762760,6840.5,6842.5,6840.0,6841.0
1772762940,6841.0,6843.0,6840.0,6842.5
1772763120,6842.5,6845.5,6842.25,6845.5
1772763300,6845.25,6847.5,6844.0,6845.0
1772763480,6845.0,6846.5,6843.75,6845.5
1772763660,6845.5,6847.5,6845.0,6845.5
1772763840,6845.75,6846.75,6844.5,6846.0
1772764020,6846.0,6846.5,6845.5,6846.0
1772764200,6846.0,6846.25,6844.5,6845.5
1772764380,6845.5,6845.5,6842.0,6842.0
1772764560,6842.5,6843.75,6841.25,6842.0
1772764740,6842.0,6843.0,6840.75,6841.75
1772764920,6841.5,6842.5,6841.0,6842.0
1772765100,6842.25,6842.25,6840.5,6841.25
1772765280,6841.5,6842.5,6840.5,6841.0
1772765460,6841.0,6841.25,6838.5,6839.0
1772765640,6838.75,6839.25,6836.5,6837.75
1772765820,6838.0,6838.75,6836.75,6836.75
1772766000,6836.75,6841.0,6836.75,6841.0
1772766180,6840.5,6843.0,6840.25,6842.0
1772766360,6842.0,6843.0,6841.25,6841.5
1772766540,6841.75,6842.25,6840.75,6842.25
1772766720,6842.25,6842.25,6839.5,6840.0
1772766900,6840.0,6840.25,6838.25,6839.5
1772767080,6839.5,6841.5,6838.0,6841.25
1772767260,6841.5,6842.5,6840.25,6842.0
1772767440,6842.25,6842.5,6840.0,6841.0
1772767620,6841.0,6841.25,6838.75,6839.75
1772767800,6840.0,6841.25,6838.5,6839.0
1772767980,6839.0,6840.0,6838.5,6840.0
1772768160,6840.25,6841.75,6839.5,6840.75
1772768340,6840.75,6843.25,6840.75,6842.75
1772768520,6842.75,6844.75,6842.75,6844.25
1772768700,6844.25,6845.75,6844.0,6845.75
1772768880,6845.5,6846.0,6844.5,6845.75
1772769060,6845.75,6846.0,6844.0,6845.0
1772769240,6845.25,6845.75,6844.75,6845.5
1772769420,6845.5,6848.0,6844.75,6847.25
1772769600,6847.25,6847.5,6846.0,6847.25
1772769780,6847.25,6848.0,6846.5,6846.5
1772769960,6846.5,6847.5,6846.0,6847.25
1772770140,6847.25,6847.5,6846.0,6846.75
1772770320,6846.75,6847.25,6846.25,6846.5
1772770500,6846.5,6847.25,6846.0,6846.25
1772770680,6846.25,6846.5,6845.5,6845.5
1772770860,6845.5,6846.0,6844.75,6845.0
1772771040,6844.75,6845.25,6844.25,6844.25
1772771220,6844.25,6844.5,6843.5,6844.0
1772771400,6844.0,6845.5,6843.75,6845.5
1772771580,6845.75,6848.75,6845.75,6848.25
1772771760,6848.5,6849.0,6848.0,6848.5
1772771940,6848.5,6850.25,6848.0,6850.25
1772772120,6850.25,6853.0,6850.25,6851.0
1772772300,6850.75,6852.75,6850.75,6852.25
1772772480,6852.25,6852.75,6851.75,6852.0
1772772660,6851.75,6851.75,6849.75,6850.25
1772772840,6850.0,6850.25,6848.0,6848.25
1772773020,6848.25,6848.25,6846.5,6846.5
1772773740,6848.75,6851.0,6848.5,6850.0
1772773920,6850.0,6851.0,6849.25,6850.5
1772774100,6850.5,6850.75,6849.25,6849.75
1772774280,6850.0,6850.5,6848.75,6849.75
1772774460,6849.75,6849.75,6847.0,6847.5
1772774640,6847.5,6848.5,6847.0,6847.5
1772774820,6847.5,6849.75,6847.25,6849.25
1772775000,6849.25,6850.25,6848.5,6849.5
1772775180,6849.75,6850.5,6849.75,6850.0
1772775360,6850.0,6854.0,6850.0,6852.75
1772775540,6852.75,6852.75,6850.25,6850.5
1772775720,6850.75,6851.25,6849.5,6850.75
1772775900,6850.75,6851.0,6847.75,6847.75
1772776080,6847.75,6848.25,6845.5,6847.5
1772776260,6847.5,6848.0,6846.5,6847.75
1772776440,6847.5,6849.25,6847.5,6848.0
1772776620,6848.0,6848.25,6846.25,6847.25
1772776800,6847.5,6850.5,6847.25,6850.0
1772776980,6850.25,6850.25,6849.0,6849.25
1772777160,6849.5,6850.75,6848.75,6849.75
1772777340,6849.75,6850.25,6849.0,6849.75
1772777520,6849.75,6850.0,6846.75,6847.75
1772777700,6847.75,6848.0,6846.0,6846.75
1772777880,6847.0,6847.0,6845.0,6846.25
1772778060,6846.25,6847.75,6844.25,6847.5
1772778240,6847.75,6848.0,6845.25,6845.25
1772778420,6845.25,6845.75,6844.0,6844.75
1772778600,6844.75,6845.5,6843.25,6843.25
1772778780,6843.5,6844.5,6842.75,6843.5
1772778960,6843.25,6845.5,6843.25,6844.75
1772779140,6844.5,6846.0,6844.0,6846.0
1772779320,6846.0,6847.0,6844.75,6846.75
1772779500,6846.5,6846.5,6844.75,6845.0
1772779680,6845.0,6845.25,6843.75,6844.0
1772779860,6843.75,6845.5,6843.5,6844.75
1772780040,6844.5,6844.5,6843.0,6843.75
1772780220,6843.5,6843.75,6842.25,6843.75
1772780400,6843.75,6846.25,6843.5,6844.5
1772780580,6844.25,6845.5,6843.25,6844.0
1772780760,6844.25,6844.75,6841.25,6841.5
1772780940,6841.75,6843.0,6840.25,6841.0
1772781120,6840.75,6842.0,6840.25,6841.5
1772781300,6841.5,6844.5,6841.5,6844.5
1772781480,6844.5,6844.5,6842.0,6844.0
1772781660,6844.0,6848.0,6844.0,6847.25
1772781840,6847.5,6849.5,6846.5,6849.25
1772782020,6849.5,6850.0,6848.0,6848.0
1772782200,6847.75,6848.5,6846.25,6846.25
1772782380,6846.25,6849.0,6846.25,6847.75
1772782560,6847.75,6848.5,6847.75,6847.75
1772782740,6847.5,6849.5,6847.25,6849.0
1772782920,6849.5,6850.5,6848.5,6849.25
1772783100,6849.25,6849.5,6846.25,6846.5
1772783280,6846.5,6846.5,6844.75,6846.0
1772783460,6846.0,6846.5,6845.25,6846.25
1772783640,6846.0,6849.0,6846.0,6848.5
1772783820,6848.5,6849.0,6847.0,6847.5
1772784000,6847.5,6848.0,6842.5,6843.75
1772784180,6843.75,6844.25,6839.5,6841.5
1772784360,6841.5,6844.75,6840.75,6842.5
1772784540,6842.5,6842.5,6839.25,6841.25
1772784720,6841.25,6843.0,6838.75,6839.75
1772784900,6839.5,6844.5,6838.5,6841.0
1772785080,6841.0,6842.75,6837.25,6842.75
1772785260,6843.0,6843.5,6837.75,6838.5
1772785440,6839.0,6839.5,6833.25,6833.25
1772785620,6833.25,6833.75,6829.25,6829.75
1772785800,6829.75,6838.5,6829.25,6837.75
1772785980,6837.75,6838.0,6833.25,6835.0
1772786160,6834.75,6837.5,6832.0,6837.5
1772786340,6837.75,6841.0,6837.25,6839.25
1772786520,6839.0,6842.0,6837.0,6841.75
1772786700,6842.0,6846.5,6840.75,6845.5
1772786880,6845.5,6845.5,6841.5,6845.0
1772787060,6845.0,6845.25,6843.5,6844.75
1772787240,6844.75,6845.25,6839.25,6840.0
1772787420,6839.75,6840.5,6836.5,6837.75
1772787600,6838.0,6840.25,6834.5,6835.25
1772787780,6835.5,6837.25,6831.25,6833.25
1772787960,6833.5,6836.75,6830.25,6830.25
1772788140,6830.25,6830.25,6825.0,6828.0
1772788320,6827.75,6830.5,6826.0,6828.25
1772788500,6827.75,6828.25,6818.5,6820.75
1772788680,6821.0,6822.5,6819.0,6820.25
1772788860,6820.5,6822.0,6818.5,6820.25
1772789040,6820.25,6821.75,6814.5,6814.5
1772789220,6814.5,6816.75,6813.0,6813.5
1772789400,6813.75,6817.75,6812.5,6813.75
1772789580,6814.0,6815.25,6808.75,6809.0
1772789760,6808.75,6810.0,6805.25,6807.25
1772789940,6807.0,6808.25,6802.5,6806.0
1772790120,6806.0,6808.5,6802.75,6807.75
1772790300,6807.5,6809.25,6798.5,6804.0
1772790480,6804.0,6806.75,6800.0,6800.5
1772790660,6800.25,6806.25,6798.75,6804.25
1772790840,6804.25,6808.0,6803.5,6807.25
1772791020,6807.5,6809.0,6803.0,6805.5
1772791200,6805.75,6809.75,6805.0,6808.5
1772791380,6808.25,6815.25,6808.0,6815.25
1772791560,6815.5,6816.5,6811.25,6812.75
1772791740,6812.75,6817.75,6812.75,6817.5
1772791920,6817.5,6818.0,6811.0,6812.0
1772792100,6812.25,6818.0,6811.5,6817.75
1772792280,6818.0,6819.0,6814.0,6814.0
1772792460,6813.75,6818.5,6813.75,6817.75
1772792640,6817.75,6818.25,6814.75,6815.75
1772792820,6815.75,6822.25,6812.0,6820.5
1772793000,6820.25,6820.75,6814.5,6814.75
1772793180,6814.75,6818.5,6813.25,6814.0
1772793360,6814.0,6819.0,6813.5,6815.25
1772793540,6815.25,6818.75,6813.75,6818.75
1772793720,6819.0,6819.0,6812.0,6813.0
1772793900,6813.0,6814.25,6810.5,6814.0
1772794080,6813.75,6814.25,6810.75,6811.25
1772794260,6811.5,6816.5,6811.0,6814.5
1772794440,6814.75,6818.25,6813.75,6817.75
1772794620,6817.75,6818.25,6814.75,6814.75
1772794800,6814.75,6816.0,6809.5,6810.0
1772794980,6810.0,6810.0,6803.0,6803.75
1772795160,6803.75,6805.75,6800.25,6802.25
1772795340,6801.75,6811.5,6801.5,6809.25
1772795520,6809.75,6815.75,6809.75,6814.5
1772795700,6814.5,6814.5,6810.75,6813.25
1772795880,6813.0,6815.5,6810.0,6815.5
1772796060,6815.5,6817.5,6814.5,6816.0
1772796240,6815.5,6817.0,6813.25,6815.5
1772796420,6815.75,6817.75,6814.0,6815.5
1772796600,6815.75,6816.0,6811.5,6811.75
1772796780,6811.75,6812.0,6807.5,6808.0
1772796960,6808.0,6808.5,6805.0,6806.25
1772797140,6806.0,6806.5,6797.5,6799.25
1772797320,6798.75,6801.75,6793.0,6797.5
1772797500,6797.25,6803.0,6794.0,6800.75
1772797680,6801.25,6801.75,6798.0,6799.75
1772797860,6800.0,6801.25,6794.5,6796.25
1772798040,6796.25,6797.75,6789.25,6791.75
1772798220,6791.75,6795.5,6790.75,6793.75
1772798400,6793.75,6797.75,6791.75,6794.25
1772798580,6794.25,6797.0,6792.0,6795.75
1772798760,6795.75,6797.5,6790.75,6794.25
1772798940,6794.25,6796.5,6792.75,6795.5
1772799120,6795.25,6799.0,6793.75,6798.25
1772799300,6798.25,6801.5,6795.75,6798.5
1772799480,6798.25,6802.25,6797.0,6801.75
1772799660,6801.5,6801.75,6795.5,6796.75
1772799840,6796.5,6798.0,6795.25,6797.25
1772800020,6797.25,6799.0,6795.0,6796.0
1772800200,6796.0,6796.0,6788.0,6793.0
1772800380,6793.0,6797.5,6789.25,6791.0
1772800560,6791.0,6791.5,6786.25,6790.5
1772800740,6791.0,6794.0,6789.0,6793.25
1772800920,6793.5,6795.5,6790.0,6792.25
1772801100,6792.0,6793.75,6784.5,6785.0
1772801280,6785.25,6788.5,6783.75,6788.0
1772801460,6788.0,6791.0,6787.0,6788.5
1772801640,6788.5,6789.75,6785.25,6788.25
1772801820,6788.5,6789.75,6786.0,6789.75
1772802000,6789.5,6795.75,6788.5,6793.0
1772802180,6792.75,6794.5,6789.75,6790.75
1772802360,6791.25,6796.5,6791.0,6793.0
1772802540,6793.5,6797.75,6793.25,6797.25
1772802720,6797.0,6797.75,6794.5,6795.0
1772802900,6795.0,6796.0,6791.75,6792.0
1772803080,6792.25,6796.0,6792.25,6794.25
1772803260,6794.5,6794.75,6791.5,6793.5
1772803440,6793.25,6797.75,6793.25,6796.0
1772803620,6796.0,6804.25,6796.0,6798.75
1772803800,6799.0,6805.5,6765.25,6785.75
1772803980,6785.75,6792.75,6777.25,6788.0
1772804160,6787.75,6789.5,6776.75,6778.25
1772804340,6778.5,6778.75,6768.5,6768.75
1772804520,6768.5,6772.25,6766.25,6768.0
1772804700,6768.25,6768.25,6751.5,6752.25
1772804880,6752.25,6761.75,6750.0,6751.0
1772805060,6751.0,6757.25,6745.0,6750.0
1772805240,6750.0,6750.5,6738.25,6743.25
1772805420,6743.5,6751.0,6743.25,6745.0
1772805600,6745.0,6749.75,6741.0,6746.25
1772805780,6745.75,6749.75,6742.25,6747.5
1772805960,6747.75,6747.75,6741.25,6742.0
1772806140,6741.75,6745.25,6737.25,6744.0
1772806320,6744.0,6747.75,6740.5,6743.25
1772806500,6743.25,6745.75,6742.0,6742.75
1772806680,6742.5,6745.25,6740.0,6744.75
1772806860,6744.5,6750.0,6743.0,6744.75
1772807040,6744.75,6748.75,6742.5,6746.25
1772807220,6746.5,6752.75,6744.0,6752.5
1772807400,6752.25,6759.25,6738.5,6745.75
1772807580,6745.5,6749.25,6725.0,6728.25
1772807760,6728.5,6736.75,6722.25,6734.5
1772807940,6734.25,6736.5,6726.5,6733.0
1772808120,6733.0,6740.25,6725.5,6728.0
1772808300,6728.0,6736.75,6717.75,6723.75
1772808480,6723.75,6730.5,6721.5,6729.25
1772808660,6729.0,6739.75,6725.0,6726.25
1772808840,6726.0,6730.5,6720.0,6723.0
1772809020,6723.0,6730.0,6715.75,6727.0
1772809200,6727.25,6749.75,6726.5,6746.75
1772809380,6746.5,6748.75,6734.25,6739.5
1772809560,6739.75,6746.75,6734.25,6737.25
1772809740,6737.0,6738.5,6726.0,6738.25
1772809920,6738.25,6751.5,6737.0,6750.5
1772810100,6750.25,6753.75,6744.25,6750.25
1772810280,6750.5,6756.25,6750.0,6751.75
1772810460,6751.75,6762.0,6749.75,6757.5
1772810640,6757.75,6761.75,6755.0,6756.75
1772810820,6757.0,6761.0,6753.75,6760.0
1772811000,6759.75,6769.0,6759.75,6767.5
1772811180,6767.5,6772.0,6762.5,6771.0
1772811360,6771.25,6778.0,6770.0,6777.25
1772811540,6777.25,6777.5,6764.75,6766.75
1772811720,6766.5,6767.75,6760.25,6765.5
1772811900,6765.75,6767.75,6757.75,6759.75
1772812080,6759.75,6760.25,6747.75,6747.75
1772812260,6747.75,6750.0,6743.0,6748.5
1772812440,6748.25,6771.75,6746.75,6771.25
1772812620,6771.25,6773.0,6765.75,6768.0
1772812800,6768.0,6774.5,6765.5,6772.0
1772812980,6772.0,6778.75,6771.5,6775.75
1772813160,6776.0,6777.5,6767.25,6767.75
1772813340,6767.75,6771.75,6761.5,6763.25
1772813520,6763.5,6764.5,6759.25,6760.25
1772813700,6760.5,6769.5,6758.25,6760.25
1772813880,6760.5,6769.25,6760.25,6762.0
1772814060,6761.75,6764.0,6753.0,6754.75
1772814240,6755.0,6765.25,6753.25,6759.25
1772814420,6759.5,6763.5,6756.5,6763.0
1772814600,6763.25,6764.75,6756.25,6763.75
1772814780,6764.0,6764.5,6752.75,6758.5
1772814960,6758.75,6770.25,6758.0,6767.75
1772815140,6767.5,6771.25,6763.75,6766.25
1772815320,6766.5,6771.0,6762.5,6763.75
1772815500,6763.75,6775.75,6763.25,6770.0
1772815680,6770.25,6776.25,6767.75,6774.5
1772815860,6774.5,6779.0,6772.0,6773.75
1772816040,6773.5,6774.25,6760.25,6763.5
1772816220,6763.25,6774.0,6761.75,6768.5
1772816400,6768.75,6769.75,6764.5,6765.5
1772816580,6765.5,6777.5,6764.5,6769.25
1772816760,6769.0,6769.5,6756.0,6756.25
1772816940,6756.25,6762.5,6755.0,6759.5
1772817120,6759.5,6762.25,6755.5,6758.5
1772817300,6758.25,6760.25,6753.0,6757.0
1772817480,6757.0,6765.25,6756.5,6760.5
1772817660,6760.75,6770.5,6759.5,6766.5
1772817840,6766.5,6766.75,6752.25,6753.25
1772818020,6753.25,6762.0,6752.25,6757.0
1772818200,6757.0,6759.25,6754.5,6756.5
1772818380,6756.5,6760.5,6753.5,6753.75
1772818560,6753.5,6755.5,6746.0,6748.25
1772818740,6748.25,6750.0,6743.0,6744.0
1772818920,6744.0,6746.0,6739.0,6745.0
1772819100,6745.0,6749.5,6744.75,6747.25
1772819280,6747.25,6758.5,6747.25,6757.75
1772819460,6758.0,6758.0,6749.0,6752.0
1772819640,6752.0,6756.75,6748.0,6754.5
1772819820,6754.5,6757.0,6749.0,6749.5
1772820000,6749.75,6761.75,6748.25,6759.75
1772820180,6759.75,6760.25,6751.5,6759.0
1772820360,6758.75,6761.75,6756.5,6760.0
1772820540,6760.0,6767.0,6758.0,6765.25
1772820720,6765.5,6780.5,6764.5,6777.25
1772820900,6777.5,6780.25,6771.0,6776.0
1772821080,6775.75,6779.75,6775.25,6777.25
1772821260,6777.0,6778.0,6768.75,6772.75
1772821440,6772.75,6773.25,6766.75,6769.0
1772821620,6768.75,6768.75,6761.25,6765.25
1772821800,6765.5,6772.0,6763.5,6767.25
1772821980,6767.0,6769.5,6763.75,6765.75
1772822160,6765.75,6767.75,6758.5,6762.5
1772822340,6762.75,6765.75,6760.75,6763.75
1772822520,6763.75,6767.5,6762.75,6765.0
1772822700,6765.0,6766.0,6761.25,6762.5
1772822880,6762.5,6766.75,6758.5,6759.0
1772823060,6759.25,6763.75,6755.5,6761.0
1772823240,6761.25,6761.25,6755.5,6759.0
1772823420,6759.0,6763.0,6758.5,6759.0
1772823600,6759.25,6762.75,6758.5,6760.75
1772823780,6761.0,6762.5,6756.5,6760.5
1772823960,6760.25,6766.0,6759.0,6762.5
1772824140,6762.75,6770.5,6761.75,6770.0
1772824320,6769.75,6773.0,6767.25,6770.75
1772824500,6770.5,6772.0,6767.75,6769.0
1772824680,6768.75,6770.75,6762.75,6769.25
1772824860,6769.5,6769.75,6760.0,6766.25
1772825040,6766.0,6766.25,6758.0,6764.25
1772825220,6764.25,6769.75,6764.25,6767.75
1772825400,6767.75,6772.75,6766.25,6767.75
1772825580,6767.75,6772.5,6767.75,6770.0
1772825760,6770.0,6770.25,6761.0,6764.25
1772825940,6764.0,6775.0,6763.25,6774.25
1772826120,6773.75,6775.25,6765.0,6765.25
1772826300,6765.0,6767.0,6761.25,6761.25
1772826480,6761.5,6765.75,6760.25,6764.25
1772826660,6764.5,6768.0,6761.0,6765.5
1772826840,6765.5,6770.0,6765.0,6769.25
1772827020,6769.0,6770.0,6766.0,6768.75
1772827200,6768.5,6778.75,6768.25,6774.25
1772827380,6774.25,6777.0,6772.25,6774.0
1772827560,6773.75,6776.75,6767.75,6769.5
1772827740,6769.25,6770.0,6754.5,6756.75
1772827920,6756.5,6759.5,6753.0,6758.0
1772828100,6758.0,6762.75,6753.25,6760.25
1772828280,6760.0,6762.25,6754.75,6755.5
1772828460,6755.5,6755.75,6748.0,6749.25
1772828640,6749.25,6751.25,6740.25,6742.75
1772828820,6742.5,6743.5,6738.0,6740.75
1772829000,6740.5,6744.25,6736.5,6737.75
1772829180,6737.5,6740.5,6733.5,6735.5
1772829360,6735.5,6738.25,6729.25,6732.5
1772829540,6732.25,6752.5,6732.25,6749.5
1772829720,6749.75,6751.5,6742.25,6743.5
1772829900,6743.5,6748.75,6742.5,6746.75
1772830080,6746.75,6749.25,6736.25,6736.5
1772830260,6736.75,6743.75,6736.5,6739.75
1772830440,6739.5,6745.75,6739.25,6744.25
1772830620,6744.0,6751.25,6741.5,6742.5
1772830800,6742.5,6745.25,6734.25,6736.25
1772830980,6736.0,6737.75,6730.0,6733.25
1772831160,6733.0,6735.75,6731.0,6734.75
1772831340,6734.75,6737.5,6733.5,6737.0
1772831520,6737.0,6742.25,6736.25,6740.5
1772831700,6740.5,6740.5,6737.0,6738.25
1772831880,6738.0,6738.5,6735.0,6738.0
1772832060,6738.0,6738.0,6735.5,6737.0
1772832240,6737.0,6737.25,6734.25,6735.75
1772832420,6735.75,6737.75,6733.75,6734.25
1772832600,6734.5,6735.25,6733.75,6734.5
1772832780,6734.75,6738.0,6734.25,6737.5
1772832960,6737.25,6739.5,6736.5,6738.75
1772833140,6738.75,6740.5,6738.0,6738.75
1772833320,6738.75,6739.5,6737.25,6738.75
1772833500,6738.75,6741.25,6738.0,6740.5
1772833680,6740.25,6743.0,6739.25,6742.25
1772833860,6742.0,6744.0,6741.5,6741.5
1772834040,6741.75,6745.0,6741.5,6743.25
1772834220,6743.0,6743.75,6741.25,6743.75
1773007740,6617.75,6635.5,6617.75,6629.5
1773007920,6629.25,6632.5,6622.0,6625.5
1773008100,6625.25,6636.25,6624.5,6635.25
1773008280,6634.75,6639.0,6632.25,6636.75
1773008460,6636.25,6638.5,6628.5,6628.75
1773008640,6628.75,6631.5,6625.25,6626.5
1773008820,6626.5,6632.0,6622.0,6631.75
1773009000,6631.5,6635.75,6631.5,6635.25
1773009180,6635.25,6640.0,6635.25,6639.0
1773009360,6638.5,6641.5,6635.5,6635.5
1773009540,6635.75,6639.75,6635.0,6636.5
1773009720,6636.75,6637.5,6632.5,6634.25
1773009900,6634.5,6642.0,6634.5,6638.5
1773010080,6638.75,6641.75,6637.5,6638.25
1773010260,6638.5,6641.0,6636.0,6637.75
1773010440,6638.0,6641.75,6637.0,6638.75
1773010620,6638.75,6641.0,6631.5,6641.0
1773010800,6641.0,6646.75,6639.0,6639.5
1773010980,6639.25,6644.75,6639.0,6642.25
1773011160,6642.0,6642.75,6631.5,6632.5
1773011340,6633.0,6635.0,6627.25,6632.25
1773011520,6631.75,6632.25,6629.5,6632.0
1773011700,6632.0,6636.0,6630.0,6636.0
1773011880,6636.25,6638.0,6635.75,6636.75
1773012060,6636.5,6638.75,6636.5,6638.0
1773012240,6638.5,6638.75,6632.5,6634.75
1773012420,6634.75,6636.75,6632.5,6636.5
1773012600,6636.5,6638.0,6631.75,6633.0
1773012780,6633.0,6635.75,6629.25,6632.75
1773012960,6633.0,6633.75,6627.5,6628.0
1773013140,6628.0,6630.75,6625.5,6630.75
1773013320,6630.5,6632.75,6629.75,6631.0
1773013500,6631.0,6631.25,6623.25,6625.5
1773013680,6626.0,6631.75,6621.75,6630.25
1773013860,6630.0,6630.5,6623.75,6625.75
1773014040,6625.75,6629.75,6623.25,6628.75
1773014220,6628.75,6629.0,6620.25,6628.25
1773014400,6628.5,6630.75,6625.75,6626.75
1773014580,6626.75,6637.25,6626.25,6636.5
1773014760,6636.75,6637.75,6630.0,6634.5
1773014940,6634.25,6637.25,6633.25,6634.0
1773015120,6633.75,6634.75,6628.75,6632.0
1773015300,6632.0,6633.25,6628.0,6630.5
1773015480,6630.5,6631.75,6620.5,6625.25
1773015660,6625.5,6627.5,6619.5,6621.0
1773015840,6621.0,6622.25,6617.25,6621.25
1773016020,6621.0,6625.75,6618.75,6625.5
1773016200,6625.5,6628.5,6621.5,6628.0
1773016380,6627.75,6635.5,6626.0,6634.5
1773016560,6634.5,6635.25,6629.75,6630.25
1773016740,6630.0,6630.5,6622.25,6624.25
1773016920,6624.25,6624.5,6619.5,6620.25
1773017100,6620.25,6620.5,6616.0,6616.5
1773017280,6616.5,6621.75,6615.0,6619.5
1773017460,6619.25,6620.25,6616.75,6617.0
1773017640,6617.5,6618.0,6613.0,6616.5
1773017820,6616.5,6619.75,6615.0,6619.0
1773018000,6619.5,6623.0,6615.0,6621.0
1773018180,6621.0,6622.0,6613.25,6616.75
1773018360,6617.0,6618.75,6612.75,6613.75
1773018540,6613.75,6615.25,6606.5,6611.5
1773018720,6611.75,6614.75,6609.75,6613.25
1773018900,6613.25,6614.5,6611.5,6613.0
1773019080,6612.75,6613.75,6605.75,6606.0
1773019260,6606.0,6610.75,6605.25,6607.5
1773019440,6607.5,6613.75,6606.5,6611.0
1773019620,6611.0,6611.0,6605.5,6606.0
1773019800,6605.75,6610.75,6603.75,6610.25
1773019980,6610.25,6617.25,6610.0,6616.5
1773020160,6616.5,6617.5,6607.75,6608.25
1773020340,6608.25,6608.75,6603.75,6604.0
1773020520,6604.0,6607.25,6602.5,6604.25
1773020700,6604.0,6605.5,6597.75,6601.0
1773020880,6600.75,6601.0,6593.25,6594.25
1773021060,6594.5,6597.75,6590.25,6596.0
1773021240,6596.0,6601.0,6593.75,6596.25
1773021420,6596.5,6596.5,6589.75,6590.75
1773021600,6591.0,6599.25,6590.0,6596.25
1773021780,6596.5,6597.75,6589.75,6596.25
1773021960,6596.5,6597.5,6592.0,6596.25
1773022140,6596.25,6600.0,6592.5,6597.0
1773022320,6597.0,6598.25,6590.75,6593.0
1773022500,6592.75,6593.0,6586.25,6587.0
1773022680,6586.75,6587.75,6584.5,6586.0
1773022860,6586.0,6596.75,6584.75,6596.5
1773023040,6596.25,6597.25,6592.25,6594.75
1773023220,6595.0,6599.5,6593.75,6595.5
1773023400,6595.25,6595.75,6588.25,6592.0
1773023580,6591.5,6595.0,6590.0,6594.75
1773023760,6594.5,6601.5,6593.75,6599.5
1773023940,6599.25,6604.0,6598.5,6603.0
1773024120,6602.75,6604.0,6600.5,6603.5
1773024300,6603.5,6605.0,6599.75,6600.5
1773024480,6600.75,6604.5,6599.75,6603.5
1773024660,6603.75,6605.75,6600.0,6604.25
1773024840,6604.5,6608.75,6603.75,6608.0
1773025020,6607.75,6608.0,6603.0,6603.5
1773025200,6603.5,6609.75,6602.75,6608.0
1773025380,6608.0,6608.25,6605.0,6607.25
1773025560,6607.25,6609.5,6605.25,6609.0
1773025740,6609.25,6610.25,6605.5,6607.75
1773025920,6607.75,6609.75,6606.5,6609.75
1773026100,6609.75,6612.25,6608.25,6610.25
1773026280,6610.5,6611.75,6607.5,6608.0
1773026460,6608.0,6612.25,6605.75,6607.5
1773026640,6607.75,6608.75,6605.75,6607.25
1773026820,6607.25,6607.25,6604.25,6605.75
1773027000,6606.0,6610.5,6603.75,6609.25
1773027180,6609.5,6614.5,6609.5,6611.75
1773027360,6611.75,6613.75,6609.0,6611.75
1773027540,6611.5,6612.25,6606.0,6606.0
1773027720,6605.75,6607.25,6603.0,6604.5
1773027900,6604.75,6607.75,6604.0,6604.75
1773028080,6604.75,6608.0,6604.0,6608.0
1773028260,6608.0,6612.25,6606.5,6607.75
1773028440,6607.75,6609.5,6604.5,6608.0
1773028620,6608.0,6611.0,6608.0,6610.0
