time,open,high,low,close
1770872700,6982.0,6982.5,6981.75,6982.25
1770873000,6982.5,6982.75,6981.5,6982.5
1770873300,6982.75,6984.25,6982.25,6983.25
1770873600,6983.25,6984.25,6982.25,6982.5
1770873900,6982.25,6982.75,6981.75,6982.0
1770874200,6981.75,6982.0,6981.0,6981.0
1770874500,6981.25,6981.5,6980.5,6980.75
1770874800,6980.75,6983.5,6980.75,6981.75
1770875100,6981.75,6982.75,6981.75,6982.5
1770875400,6982.5,6982.75,6981.0,6982.0
1770875700,6981.75,6982.75,6980.75,6982.25
1770876000,6982.25,6982.75,6979.0,6979.25
1770876300,6979.5,6980.0,6978.75,6979.5
1770876600,6979.5,6983.0,6979.5,6981.25
1770876900,6981.5,6982.75,6978.75,6979.0
1770877200,6979.0,6979.0,6977.0,6977.75
1770877500,6978.0,6979.75,6977.75,6978.75
1770877800,6978.75,6981.0,6974.75,6975.0
1770878100,6975.25,6975.75,6973.25,6974.75
1770878400,6974.75,6974.75,6972.5,6973.5
1770878700,6973.25,6975.25,6972.75,6975.25
1770879000,6975.25,6976.25,6974.5,6975.5
1770879300,6975.5,6977.0,6975.0,6976.5
1770879600,6976.5,6979.5,6975.5,6979.0
1770879900,6979.25,6979.75,6976.75,6977.25
1770880200,6977.25,6979.0,6977.0,6978.25
1770880500,6978.5,6979.5,6977.75,6979.0
1770880800,6979.0,6981.5,6978.0,6981.5
1770881100,6981.75,6982.75,6980.75,6981.25
1770881400,6981.5,6982.25,6980.75,6981.5
1770881700,6981.5,6983.0,6981.5,6982.0
1770882000,6982.0,6982.75,6980.5,6980.75
1770882300,6980.75,6981.5,6979.5,6981.5
1770882600,6981.5,6981.5,6980.0,6980.75
1770882900,6980.5,6982.25,6980.25,6981.75
1770883200,6981.75,6984.75,6981.75,6983.25
1770883500,6983.0,6985.0,6981.0,6983.5
1770883800,6983.5,6984.5,6979.0,6981.25
1770884100,6981.0,6983.25,6980.75,6982.0
1770884400,6982.0,6982.5,6979.25,6979.25
1770884700,6979.25,6981.25,6978.0,6979.0
1770885000,6979.0,6980.25,6975.5,6976.25
1770885300,6976.25,6977.5,6974.75,6975.25
1770885600,6975.25,6977.75,6975.0,6976.75
1770885900,6976.5,6978.75,6976.0,6977.5
1770886200,6977.25,6980.5,6977.0,6979.75
1770886500,6979.75,6983.5,6979.75,6981.75
1770886800,6981.5,6983.5,6980.5,6982.5
1770887100,6982.75,6983.0,6981.0,6982.5
1770887400,6983.0,6985.0,6982.5,6983.5
1770887700,6983.75,6985.75,6982.25,6982.75
1770888000,6982.75,6983.75,6981.75,6982.75
1770888300,6982.75,6984.0,6982.0,6982.25
1770888600,6982.25,6983.75,6980.75,6983.25
1770888900,6983.0,6985.0,6982.5,6982.75
1770889200,6983.0,6983.25,6981.75,6981.75
1770889500,6981.75,6982.25,6979.0,6980.75
1770889800,6980.75,6983.25,6980.75,6983.0
1770890100,6982.75,6984.0,6981.75,6983.5
1770890400,6983.5,6986.25,6982.25,6985.25
1770890700,6985.25,6985.5,6983.25,6983.25
1770891000,6983.5,6983.5,6978.5,6979.0
1770891300,6978.75,6980.5,6978.0,6979.75
1770891600,6979.5,6979.5,6976.25,6976.25
1770891900,6976.25,6978.5,6976.25,6977.75
1770892200,6977.75,6979.5,6977.75,6979.0
1770892500,6979.25,6979.25,6977.5,6978.75
1770892800,6978.75,6980.25,6978.25,6978.25
1770893100,6978.75,6979.25,6977.5,6978.0
1770893400,6978.0,6979.25,6977.75,6978.5
1770893700,6978.5,6979.5,6978.5,6979.5
1770894000,6979.5,6981.25,6978.75,6979.5
1770894300,6979.5,6981.25,6979.0,6981.25
1770894600,6981.25,6983.0,6980.5,6982.0
1770894900,6982.0,6983.25,6981.5,6982.75
1770895200,6982.5,6983.25,6980.75,6981.75
1770895500,6981.75,6984.25,6981.5,6983.75
1770895800,6983.5,6984.0,6982.0,6982.25
1770896100,6982.0,6982.0,6979.75,6980.0
1770896400,6980.25,6980.25,6979.0,6979.5
1770896700,6979.5,6981.5,6979.25,6981.5
1770897000,6981.5,6983.0,6981.25,6982.5
1770897300,6982.5,6984.0,6981.75,6983.5
1770897600,6983.25,6983.5,6980.0,6980.5
1770897900,6980.25,6981.75,6979.5,6981.0
1770898200,6981.0,6982.0,6978.75,6981.5
1770898500,6981.5,6982.0,6980.25,6981.75
1770898800,6982.0,6983.0,6981.5,6982.5
1770899100,6982.5,6983.25,6981.0,6983.0
1770899400,6983.0,6985.0,6982.5,6984.25
1770899700,6984.0,6985.0,6983.25,6984.5
1770900000,6984.5,6986.75,6982.75,6983.25
1770900300,6983.25,6983.5,6981.75,6983.5
1770900600,6983.25,6984.25,6979.5,6980.75
1770900900,6980.5,6981.75,6979.5,6980.0
1770901200,6980.0,6980.25,6976.75,6976.75
1770901500,6976.75,6978.25,6975.5,6978.0
1770901800,6977.75,6978.25,6974.5,6974.5
1770902100,6974.5,6975.75,6973.5,6975.5
1770902400,6975.25,6975.75,6974.0,6975.0
1770902700,6975.25,6978.0,6974.25,6977.75
1770903000,6978.0,6983.25,6976.0,6982.75
1770903300,6983.0,6986.75,6981.75,6985.75
1770903600,6985.75,6991.5,6985.5,6988.75
1770903900,6989.0,6989.25,6985.5,6987.0
1770904200,6986.75,6987.0,6983.75,6985.5
1770904500,6985.5,6988.5,6985.5,6986.5
1770904800,6986.5,6986.75,6982.25,6983.0
1770905100,6983.25,6985.0,6982.5,6984.75
1770905400,6984.75,6985.25,6981.0,6981.25
1770905700,6981.25,6982.5,6980.25,6981.5
1770906000,6981.5,6982.75,6980.0,6980.75
1770906300,6981.0,6982.5,6979.5,6981.5
1770906600,6981.25,6989.25,6979.75,6988.75
1770906900,6988.75,6990.0,6982.5,6987.25
1770907200,6987.25,6992.75,6978.75,6979.25
1770907500,6979.25,6982.75,6970.0,6972.25
1770907800,6972.0,6979.0,6969.5,6976.5
1770908100,6976.25,6976.5,6962.0,6967.25
1770908400,6967.0,6975.25,6962.25,6965.25
1770908700,6965.25,6971.25,6960.25,6963.0
1770909000,6962.75,6973.0,6961.0,6972.5
1770909300,6972.5,6975.0,6966.75,6967.0
1770909600,6966.75,6976.0,6964.0,6969.25
1770909900,6969.25,6972.5,6965.75,6969.5
1770910200,6969.75,6974.0,6958.0,6958.25
1770910500,6958.25,6960.25,6948.25,6950.25
1770910800,6950.25,6952.0,6941.75,6942.5
1770911100,6942.25,6947.75,6940.75,6943.75
1770911400,6943.75,6946.75,6933.5,6933.5
1770911700,6933.75,6935.0,6924.25,6925.0
1770912000,6925.0,6926.25,6917.75,6919.75
1770912300,6919.75,6921.0,6906.5,6908.5
1770912600,6908.5,6909.75,6898.5,6901.5
1770912900,6901.25,6903.0,6889.25,6893.25
1770913200,6893.25,6894.75,6881.75,6888.0
1770913500,6888.0,6889.0,6873.5,6874.0
1770913800,6874.0,6888.75,6873.0,6883.25
1770914100,6883.25,6896.25,6882.0,6893.75
1770914400,6893.75,6896.5,6885.25,6887.25
1770914700,6887.25,6891.5,6878.5,6883.25
1770915000,6883.25,6887.25,6876.75,6880.25
1770915300,6880.0,6885.5,6879.5,6884.5
1770915600,6884.5,6884.75,6871.75,6882.25
1770915900,6882.25,6889.25,6874.0,6886.5
1770916200,6886.5,6886.5,6874.25,6876.25
1770916500,6876.25,6879.5,6872.75,6873.25
1770916800,6873.25,6888.25,6873.25,6886.75
1770917100,6886.75,6890.75,6876.75,6879.25
1770917400,6879.5,6886.25,6876.75,6885.0
1770917700,6885.0,6894.0,6884.75,6886.5
1770918000,6886.5,6892.0,6883.25,6889.25
1770918300,6889.25,6892.0,6879.0,6882.5
1770918600,6882.5,6887.25,6873.25,6875.25
1770918900,6875.25,6878.0,6867.0,6867.75
1770919200,6867.75,6874.25,6862.25,6869.25
1770919500,6869.25,6879.25,6868.75,6871.5
1770919800,6871.75,6873.75,6868.5,6871.0
1770920100,6871.0,6871.25,6862.25,6864.25
1770920400,6864.0,6875.75,6864.0,6873.75
1770920700,6873.5,6875.5,6860.0,6869.5
1770921000,6869.75,6873.75,6865.75,6871.5
1770921300,6871.75,6880.5,6870.0,6880.5
1770921600,6880.5,6887.5,6876.75,6886.5
1770921900,6886.75,6888.75,6883.25,6884.0
1770922200,6884.0,6891.5,6881.75,6888.5
1770922500,6888.5,6890.75,6881.0,6885.0
1770922800,6885.25,6889.5,6881.25,6883.0
1770923100,6882.75,6887.5,6882.5,6882.75
1770923400,6882.75,6884.5,6874.0,6879.5
1770923700,6879.5,6889.75,6879.5,6888.5
1770924000,6888.75,6892.25,6887.0,6890.0
1770924300,6890.0,6891.0,6878.25,6879.75
1770924600,6879.5,6889.0,6879.5,6886.25
1770924900,6886.5,6891.75,6885.25,6891.25
1770925200,6891.25,6893.75,6886.0,6888.25
1770925500,6888.5,6896.0,6888.5,6895.75
1770925800,6895.25,6898.0,6891.0,6891.75
1770926100,6891.75,6896.25,6886.0,6889.75
1770926400,6890.0,6893.0,6887.75,6892.25
1770926700,6892.25,6893.75,6884.5,6885.5
1770927000,6885.5,6887.25,6880.0,6886.5
1770927300,6886.5,6886.75,6878.5,6879.5
1770927600,6879.25,6879.5,6873.5,6875.5
1770927900,6875.5,6876.0,6869.0,6870.25
1770928200,6870.0,6872.0,6863.25,6867.25
1770928500,6867.5,6869.75,6865.25,6867.25
1770928800,6867.25,6871.75,6862.25,6864.75
1770929100,6865.0,6865.75,6854.0,6856.75
1770929400,6856.75,6856.75,6842.0,6855.5
1770929700,6855.5,6856.5,6847.5,6850.75
1770930000,6850.75,6852.0,6846.75,6850.75
1770930300,6851.0,6855.75,6849.0,6854.75
1770930600,6854.5,6857.0,6853.5,6856.0
1770930900,6856.0,6857.5,6854.0,6857.0
1770931200,6856.75,6858.5,6856.25,6857.75
1770931500,6858.0,6859.75,6856.5,6859.5
1770931800,6859.5,6863.0,6859.0,6862.25
1770932100,6862.25,6864.0,6862.0,6862.0
1770932400,6862.0,6863.0,6860.75,6861.75
1770932700,6862.0,6863.25,6860.25,6863.25
1770933000,6863.25,6865.0,6863.0,6863.5
1770933300,6863.5,6863.5,6860.75,6861.75
1770937200,6865.5,6865.5,6856.5,6858.5
1770937500,6858.25,6864.0,6855.0,6863.5
1770937800,6863.75,6865.5,6862.25,6862.5
1770938100,6862.5,6867.0,6861.75,6862.5
1770938400,6862.5,6863.5,6860.25,6861.75
1770938700,6861.75,6864.25,6861.5,6864.0
1770939000,6864.25,6865.75,6852.25,6856.75
1770939300,6856.75,6859.0,6847.25,6849.5
1770939600,6849.75,6854.0,6847.25,6853.0
1770939900,6853.25,6858.25,6851.5,6857.5
1770940200,6857.5,6862.0,6857.5,6861.5
1770940500,6861.25,6863.25,6859.75,6860.75
1770940800,6860.5,6868.5,6856.5,6866.5
1770941100,6866.0,6868.75,6864.5,6865.75
1770941400,6866.0,6867.5,6862.75,6864.0
1770941700,6863.75,6864.75,6860.75,6861.75
1770942000,6861.5,6864.0,6854.25,6855.5
1770942300,6855.5,6856.0,6849.5,6852.5
1770942600,6852.25,6854.75,6851.0,6851.5
1770942900,6851.75,6853.0,6849.5,6852.25
1770943200,6852.25,6853.75,6845.25,6846.0
1770943500,6846.0,6847.5,6840.25,6843.75
1770943800,6843.5,6846.0,6840.75,6842.25
1770944100,6842.5,6847.0,6842.25,6844.75
1770944400,6844.75,6852.75,6844.75,6852.5
1770944700,6852.5,6859.25,6851.25,6858.0
1770945000,6857.75,6859.25,6856.5,6858.5
1770945300,6858.25,6860.75,6857.0,6859.25
1770945600,6859.0,6859.75,6853.75,6853.75
1770945900,6853.75,6858.25,6853.0,6856.75
1770946200,6856.5,6858.5,6854.25,6857.75
1770946500,6857.5,6859.5,6855.5,6858.5
1770946800,6858.5,6859.5,6856.25,6857.25
1770947100,6856.75,6859.75,6856.0,6858.75
1770947400,6859.0,6861.5,6855.5,6855.5
1770947700,6855.5,6856.0,6851.0,6854.5
1770948000,6854.5,6862.5,6854.5,6859.75
1770948300,6859.25,6861.75,6858.0,6861.25
1770948600,6861.5,6862.25,6860.5,6861.0
1770948900,6861.0,6861.25,6857.5,6858.0
1770949200,6858.25,6859.5,6856.25,6858.0
1770949500,6858.0,6859.5,6855.75,6859.25
1770949800,6859.25,6862.25,6859.25,6861.0
1770950100,6861.0,6862.25,6860.5,6861.75
1770950400,6861.5,6861.75,6856.5,6858.25
1770950700,6858.0,6859.25,6856.25,6858.0
1770951000,6858.0,6859.25,6857.5,6858.0
1770951300,6858.0,6859.0,6857.0,6857.5
1770951600,6857.75,6861.0,6857.5,6860.0
1770951900,6860.0,6860.0,6857.25,6857.5
1770952200,6857.75,6858.75,6857.0,6857.25
1770952500,6857.25,6858.5,6855.75,6856.0
1770952800,6856.0,6856.25,6851.75,6852.25
1770953100,6852.25,6853.75,6851.5,6853.0
1770953400,6852.75,6857.0,6852.5,6855.25
1770953700,6855.5,6856.0,6854.25,6855.5
1770954000,6855.5,6855.5,6852.75,6854.25
1770954300,6854.25,6855.0,6851.5,6852.0
1770954600,6852.0,6853.0,6847.75,6848.5
1770954900,6848.25,6848.75,6846.5,6847.0
1770955200,6847.25,6848.0,6845.75,6847.25
1770955500,6847.5,6849.25,6847.0,6848.0
1770955800,6848.25,6851.25,6847.75,6851.0
1770956100,6851.0,6858.0,6851.0,6854.25
1770956400,6854.5,6855.5,6852.25,6853.75
1770956700,6853.75,6855.25,6853.75,6854.75
1770957000,6854.5,6855.0,6851.25,6851.25
1770957300,6851.5,6852.25,6848.75,6849.5
1770957600,6849.5,6851.75,6849.0,6849.5
1770957900,6849.75,6851.0,6848.0,6849.5
1770958200,6849.5,6850.75,6847.75,6848.75
1770958500,6848.75,6850.75,6848.5,6849.75
1770959100,6848.25,6850.0,6848.25,6849.5
1770959400,6849.5,6849.5,6846.5,6846.5
1770959700,6846.5,6847.0,6843.0,6844.0
1770960000,6844.0,6844.25,6839.5,6839.75
1770960300,6839.75,6840.75,6836.0,6836.75
1770960600,6836.75,6839.25,6835.0,6838.0
1770960900,6838.25,6841.5,6836.25,6836.5
1770961200,6836.75,6840.5,6835.0,6838.5
1770961500,6838.25,6842.25,6838.25,6841.0
1770961800,6841.0,6841.0,6836.0,6836.0
1770962100,6836.0,6840.75,6836.0,6838.0
1770962400,6838.0,6841.5,6836.5,6837.5
1770962700,6837.5,6841.0,6837.5,6839.5
1770963000,6840.0,6841.5,6837.75,6838.75
1770963300,6839.0,6841.75,6837.5,6840.75
1770963600,6841.0,6841.0,6835.0,6836.25
1770963900,6836.25,6836.25,6830.5,6832.5
1770964200,6832.5,6833.0,6827.5,6830.5
1770964500,6830.5,6830.75,6824.25,6827.75
1770964800,6827.5,6829.75,6826.75,6828.75
1770965100,6829.25,6833.25,6828.0,6833.0
1770965400,6833.0,6837.5,6833.0,6837.0
1770965700,6837.25,6839.75,6837.0,6838.0
1770966000,6838.0,6843.5,6838.0,6840.0
1770966300,6840.0,6843.75,6838.5,6842.75
1770966600,6843.0,6845.0,6841.75,6842.75
1770966900,6843.0,6846.5,6842.75,6845.25
1770967200,6845.25,6847.0,6844.0,6846.75
1770967500,6846.75,6847.5,6842.75,6843.0
1770967800,6843.0,6844.0,6841.0,6843.75
1770968100,6843.5,6843.75,6838.25,6839.5
1770968400,6839.5,6841.0,6838.75,6839.5
1770968700,6839.75,6840.25,6838.75,6839.25
1770969000,6839.25,6841.5,6836.75,6841.5
1770969300,6841.25,6843.75,6839.5,6843.25
1770969600,6843.5,6846.0,6838.5,6845.5
1770969900,6845.75,6849.75,6845.25,6847.5
1770970200,6847.5,6848.0,6839.25,6840.0
1770970500,6839.75,6840.75,6827.5,6828.75
1770970800,6829.0,6838.25,6828.0,6838.0
1770971100,6838.0,6843.5,6838.0,6842.25
1770971400,6842.0,6845.5,6838.75,6844.25
1770971700,6844.25,6845.25,6837.25,6838.5
1770972000,6838.5,6844.25,6838.0,6843.75
1770972300,6844.0,6849.5,6844.0,6846.75
1770972600,6846.75,6849.5,6845.25,6847.0
1770972900,6847.0,6847.25,6843.75,6845.75
1770973200,6845.75,6846.75,6837.0,6837.75
1770973500,6837.5,6845.5,6837.25,6844.0
1770973800,6844.25,6847.0,6842.75,6843.0
1770974100,6842.75,6850.0,6842.5,6849.5
1770974400,6849.5,6853.75,6849.25,6852.0
1770974700,6851.75,6854.5,6851.25,6851.5
1770975000,6851.5,6853.0,6849.75,6851.75
1770975300,6852.0,6852.5,6850.25,6851.0
1770975600,6851.0,6853.75,6849.75,6850.0
1770975900,6850.25,6854.25,6850.0,6852.75
1770976200,6852.75,6854.5,6847.75,6848.25
1770976500,6848.25,6848.5,6845.25,6846.75
1770976800,6846.5,6850.0,6846.0,6848.75
1770977100,6848.75,6849.75,6844.5,6844.75
1770977400,6844.75,6850.5,6844.75,6850.0
1770977700,6850.25,6851.0,6848.5,6851.0
1770978000,6851.25,6853.5,6850.75,6852.75
1770978300,6852.75,6853.75,6850.0,6850.75
1770978600,6851.0,6851.75,6847.25,6847.5
1770978900,6847.0,6848.0,6844.5,6845.0
1770979200,6845.25,6848.75,6844.25,6845.5
1770979500,6845.5,6847.0,6843.0,6843.75
1770979800,6843.75,6843.75,6838.25,6842.25
1770980100,6842.25,6842.5,6837.75,6838.0
1770980400,6838.25,6839.75,6833.0,6833.25
1770980700,6833.0,6835.5,6829.5,6830.25
1770981000,6830.25,6831.75,6828.0,6828.5
1770981300,6828.25,6833.25,6825.0,6833.0
1770981600,6832.5,6832.75,6824.25,6825.75
1770981900,6825.75,6831.25,6824.25,6827.75
1770982200,6827.5,6831.5,6820.0,6831.0
1770982500,6830.75,6835.75,6830.0,6831.5
1770982800,6831.75,6833.75,6827.25,6827.5
1770983100,6827.75,6830.0,6824.5,6828.0
1770983400,6827.75,6833.75,6826.0,6833.75
1770983700,6833.75,6837.5,6833.75,6837.0
1770984000,6837.0,6842.75,6833.75,6834.5
1770984300,6834.75,6834.75,6830.5,6831.25
1770984600,6831.0,6834.25,6828.5,6830.25
1770984900,6830.0,6834.5,6827.75,6832.5
1770985200,6832.5,6837.75,6831.5,6836.0
1770985500,6836.0,6838.75,6834.75,6835.75
1770985800,6835.75,6841.0,6834.75,6838.25
1770986100,6838.25,6839.5,6835.75,6837.25
1770986400,6837.25,6839.5,6836.75,6838.5
1770986700,6838.5,6838.75,6833.5,6834.25
1770987000,6834.25,6841.0,6834.0,6840.25
1770987300,6840.5,6843.5,6829.25,6835.5
1770987600,6835.25,6840.5,6833.75,6839.75
1770987900,6839.5,6840.25,6825.5,6826.0
1770988200,6825.5,6828.75,6822.25,6823.25
1770988500,6823.25,6832.75,6821.25,6831.5
1770988800,6831.75,6839.0,6828.0,6835.75
1770989100,6835.75,6846.5,6835.75,6839.0
1770989400,6838.5,6865.0,6838.0,6856.0
1770989700,6856.0,6856.25,6846.0,6852.5
1770990000,6852.25,6858.25,6849.25,6852.75
1770990300,6852.5,6855.0,6842.5,6854.75
1770990600,6854.75,6856.5,6851.5,6856.0
1770990900,6856.0,6860.5,6850.5,6855.0
1770991200,6854.75,6862.25,6854.5,6856.25
1770991500,6856.25,6856.75,6845.5,6845.5
1770991800,6845.75,6851.75,6844.75,6849.25
1770992100,6849.25,6851.75,6845.5,6847.25
1770992400,6847.0,6848.75,6845.5,6846.75
1770992700,6846.75,6854.5,6846.25,6851.25
1770993000,6851.25,6859.75,6843.0,6846.5
1770993300,6846.5,6847.25,6832.0,6832.75
1770993600,6832.75,6839.75,6808.75,6839.0
1770993900,6839.0,6862.75,6838.5,6848.5
1770994200,6848.75,6849.75,6831.75,6839.25
1770994500,6839.0,6855.25,6830.0,6833.5
1770994800,6833.25,6851.0,6832.75,6844.25
1770995100,6844.25,6859.75,6834.75,6859.0
1770995400,6859.25,6864.0,6847.0,6847.75
1770995700,6847.75,6857.75,6839.5,6844.75
1770996000,6844.75,6856.5,6839.0,6847.0
1770996300,6847.0,6869.0,6846.25,6864.25
1770996600,6864.25,6880.0,6863.5,6875.75
1770996900,6876.0,6880.75,6862.5,6863.75
1770997200,6863.25,6866.5,6850.0,6851.25
1770997500,6851.25,6857.75,6842.5,6846.5
1770997800,6846.75,6863.0,6845.75,6860.75
1770998100,6861.0,6867.0,6857.25,6860.0
1770998400,6860.25,6869.5,6859.5,6869.25
1770998700,6869.0,6877.0,6868.0,6874.75
1770999000,6874.75,6875.0,6861.5,6869.0
1770999300,6869.25,6876.5,6865.5,6866.0
1770999600,6866.25,6869.25,6852.75,6858.5
1770999900,6858.25,6874.75,6856.75,6873.0
1771000200,6873.0,6877.25,6863.25,6873.5
1771000500,6873.5,6879.75,6867.75,6879.5
1771000800,6879.25,6881.25,6874.25,6880.5
1771001100,6880.5,6885.25,6877.75,6879.0
1771001400,6879.25,6885.0,6877.0,6885.0
1771001700,6885.0,6890.25,6882.25,6882.5
1771002000,6882.5,6889.5,6879.75,6887.75
1771002300,6888.0,6891.75,6885.25,6886.75
1771002600,6887.0,6895.25,6886.75,6894.5
1771002900,6894.5,6895.25,6883.0,6885.5
1771003200,6885.5,6895.0,6884.75,6892.5
1771003500,6892.75,6893.25,6887.5,6888.75
1771003800,6888.5,6895.75,6887.75,6893.25
1771004100,6893.5,6895.75,6890.75,6894.75
1771004400,6894.75,6897.75,6892.0,6892.0
1771004700,6891.75,6895.75,6889.5,6895.0
1771005000,6894.75,6895.0,6888.25,6890.25
1771005300,6890.25,6891.5,6883.75,6886.25
1771005600,6886.25,6888.75,6878.5,6879.5
1771005900,6879.5,6884.5,6875.5,6882.25
1771006200,6882.25,6889.75,6882.0,6887.75
1771006500,6887.5,6893.25,6884.75,6888.5
1771006800,6888.25,6897.75,6888.25,6894.25
1771007100,6894.25,6896.75,6884.5,6889.0
1771007400,6889.0,6894.25,6886.0,6893.25
1771007700,6893.0,6895.75,6887.75,6892.75
1771008000,6892.75,6893.5,6883.5,6885.0
1771008300,6885.0,6892.0,6884.75,6886.75
1771008600,6886.75,6887.0,6879.0,6883.5
1771008900,6883.5,6885.25,6878.5,6881.25
1771009200,6881.75,6885.25,6879.0,6880.0
1771009500,6880.0,6886.75,6879.5,6885.5
1771009800,6885.5,6888.25,6881.5,6884.75
1771010100,6884.75,6886.25,6880.0,6885.0
1771010400,6885.0,6888.5,6882.75,6887.25
1771010700,6887.5,6888.0,6876.0,6878.5
1771011000,6878.25,6884.25,6877.25,6881.75
1771011300,6881.75,6882.75,6872.5,6875.75
1771011600,6875.5,6877.5,6867.75,6871.25
1771011900,6871.5,6877.25,6869.25,6872.75
1771012200,6873.0,6874.5,6865.75,6867.75
1771012500,6867.5,6870.5,6856.75,6858.75
1771012800,6858.75,6867.75,6858.5,6866.0
1771013100,6866.0,6867.5,6861.5,6866.0
1771013400,6866.0,6866.25,6855.75,6856.0
1771013700,6856.0,6861.5,6853.0,6860.75
1771014000,6860.5,6860.75,6851.5,6851.5
1771014300,6851.5,6853.25,6838.25,6841.0
1771014600,6841.0,6847.25,6836.5,6837.0
1771014900,6837.25,6841.5,6835.0,6838.5
1771015200,6838.5,6843.25,6832.75,6836.5
1771015500,6836.75,6848.75,6835.75,6847.0
1771015800,6847.0,6851.0,6838.25,6849.25
1771016100,6849.25,6852.75,6842.75,6850.25
1771016400,6850.25,6856.5,6847.75,6848.5
1771016700,6848.25,6849.5,6845.25,6847.25
1771017000,6847.5,6853.0,6846.0,6852.5
1771017300,6852.75,6853.0,6849.75,6850.25
1771017600,6850.0,6850.25,6845.75,6846.5
1771017900,6846.5,6849.25,6845.75,6848.25
1771018200,6848.25,6849.75,6847.5,6848.0
1771018500,6848.0,6850.0,6847.25,6848.75
1771018800,6848.75,6848.75,6847.0,6847.25
1771019100,6847.5,6848.25,6846.25,6846.75
1771019400,6846.5,6847.75,6845.75,6847.75
1771019700,6847.5,6851.0,6845.25,6850.5
1771197900,6850.5,6857.5,6850.5,6856.75
1771198200,6856.75,6859.25,6853.75,6854.25
1771198500,6854.25,6857.0,6852.0,6853.25
1771198800,6853.5,6857.25,6853.5,6856.75
1771199100,6856.5,6857.0,6854.25,6855.0
1771199400,6855.0,6856.5,6851.0,6853.75
1771199700,6854.0,6861.5,6852.0,6860.5
1771200000,6860.5,6861.75,6855.75,6857.25
1771200300,6857.25,6863.25,6856.25,6862.5
1771200600,6862.25,6863.75,6861.25,6862.25
1771200900,6862.25,6863.5,6861.5,6861.75
1771201200,6861.75,6862.5,6861.0,6861.5
1771201500,6861.5,6864.25,6861.0,6863.0
1771201800,6863.0,6864.0,6862.0,6863.25
1771202100,6863.25,6864.5,6861.75,6863.0
1771202400,6863.0,6863.75,6861.75,6861.75
1771202700,6861.75,6864.5,6861.75,6862.75
1771203000,6862.75,6865.0,6862.5,6864.25
1771203300,6864.25,6864.75,6861.5,6862.75
1771203600,6862.75,6863.75,6861.25,6863.25
1771203900,6863.25,6865.5,6863.25,6864.0
1771204200,6864.0,6864.75,6862.5,6862.5
1771204500,6862.5,6863.25,6862.0,6863.0
1771204800,6863.0,6863.25,6862.25,6863.25
1771205100,6863.5,6864.0,6862.25,6862.75
1771205400,6862.75,6863.5,6862.25,6863.0
1771205700,6863.0,6863.0,6861.75,6862.5
1771206000,6862.25,6864.5,6861.5,6863.75
1771206300,6863.75,6866.5,6863.0,6865.75
1771206600,6865.75,6868.0,6864.5,6867.75
1771206900,6867.75,6870.75,6867.5,6869.0
1771207200,6869.0,6871.0,6868.0,6870.75
1771207500,6870.75,6871.5,6865.5,6865.75
1771207800,6865.5,6865.5,6863.5,6865.0
1771208100,6865.0,6866.5,6864.5,6865.5
1771208400,6865.25,6867.0,6865.0,6866.5
1771208700,6866.5,6866.75,6864.25,6864.75
1771209000,6864.75,6865.75,6864.0,6864.25
1771209300,6864.25,6865.75,6864.0,6864.75
1771209600,6864.75,6865.5,6863.75,6864.75
1771209900,6864.5,6865.25,6863.75,6864.0
1771210200,6864.0,6864.0,6862.5,6862.5
1771210500,6862.5,6863.5,6862.0,6863.0
1771210800,6863.0,6863.75,6862.0,6862.25
1771211100,6862.25,6863.25,6862.0,6863.0
1771211400,6862.75,6863.5,6862.25,6862.25
1771211700,6862.25,6863.5,6862.25,6862.5
1771212000,6862.5,6864.25,6862.25,6863.25
1771212300,6863.25,6863.25,6859.25,6859.75
1771212600,6859.75,6860.5,6859.0,6860.0
1771212900,6860.0,6860.75,6859.5,6860.25
1771213200,6860.0,6860.0,6858.25,6859.75
1771213500,6859.75,6859.75,6858.75,6859.75
1771213800,6859.5,6862.0,6859.25,6861.25
1771214100,6861.25,6862.25,6861.25,6862.0
1771214400,6862.0,6865.25,6861.75,6865.0
1771214700,6864.75,6865.0,6861.75,6861.75
1771215000,6861.5,6863.25,6861.5,6862.75
1771215300,6862.75,6862.75,6861.5,6862.5
1771215600,6862.25,6862.25,6860.75,6862.0
1771215900,6861.75,6864.25,6861.5,6863.75
1771216200,6863.5,6864.5,6863.25,6863.5
1771216500,6863.25,6863.75,6862.25,6862.75
1771216800,6862.5,6863.25,6861.5,6862.0
1771217100,6861.75,6861.75,6860.75,6861.75
1771217400,6861.5,6863.5,6861.25,6863.0
1771217700,6862.75,6863.25,6861.75,6861.75
1771304700,6819.5,6820.75,6819.5,6820.75
1771305000,6820.5,6822.0,6818.75,6818.75
1771305300,6819.0,6819.5,6815.5,6815.75
1771305600,6815.75,6820.5,6812.25,6817.5
1771305900,6817.25,6819.25,6816.5,6818.5
1771306200,6818.5,6819.0,6813.5,6814.0
1771306500,6813.75,6814.25,6810.0,6813.25
1771306800,6813.25,6817.5,6812.0,6816.75
1771307100,6816.75,6819.75,6816.25,6819.0
1771307400,6819.25,6819.5,6812.25,6812.75
1771307700,6812.5,6816.0,6811.5,6813.5
1771308000,6813.5,6817.5,6813.25,6816.75
1771308300,6816.75,6822.25,6816.25,6821.75
1771308600,6821.75,6824.25,6820.5,6821.5
1771308900,6821.75,6823.25,6820.75,6822.0
1771309200,6822.0,6822.0,6820.0,6820.75
1771309500,6820.75,6821.5,6820.0,6820.75
1771309800,6820.75,6821.25,6818.75,6819.75
1771310100,6820.0,6822.0,6820.0,6821.75
1771310400,6821.75,6825.75,6821.75,6823.75
1771310700,6823.75,6825.75,6822.75,6823.75
1771311000,6823.5,6824.75,6823.0,6824.75
1771311300,6824.75,6825.25,6823.75,6824.25
1771311600,6824.25,6824.75,6819.75,6821.0
1771311900,6821.25,6821.25,6817.75,6818.25
1771312200,6818.25,6820.25,6818.0,6818.25
1771312500,6818.0,6819.5,6817.0,6818.5
1771312800,6818.5,6819.5,6817.75,6819.0
1771313100,6819.25,6819.75,6814.0,6816.0
1771313400,6816.5,6818.0,6814.25,6815.5
1771313700,6815.5,6824.0,6815.5,6823.75
1771314000,6823.75,6824.75,6822.25,6823.25
1771314300,6823.0,6827.25,6822.5,6825.0
1771314600,6825.25,6830.0,6825.25,6829.5
1771314900,6829.25,6831.5,6828.75,6830.75
1771315200,6830.75,6843.5,6829.25,6840.0
1771315500,6840.0,6842.75,6838.25,6842.25
1771315800,6842.25,6848.0,6840.75,6843.0
1771316100,6842.75,6843.25,6836.5,6838.25
1771316400,6838.0,6842.0,6836.25,6839.0
1771316700,6839.0,6839.75,6836.5,6839.5
1771317000,6839.25,6840.75,6834.5,6834.75
1771317300,6835.0,6837.0,6832.75,6833.0
1771317600,6832.75,6833.75,6830.0,6831.25
1771317900,6831.75,6835.25,6830.25,6833.5
1771318200,6833.75,6834.0,6829.25,6832.0
1771318500,6832.0,6834.0,6829.5,6832.5
1771318800,6832.5,6838.0,6832.25,6837.25
1771319100,6837.5,6837.5,6832.75,6833.75
1771319400,6833.75,6834.0,6830.5,6831.0
1771319700,6830.75,6834.75,6830.25,6834.5
1771320000,6835.25,6836.25,6832.0,6836.25
1771320300,6836.25,6837.25,6834.75,6836.5
1771320600,6836.75,6839.75,6835.25,6837.0
1771320900,6837.0,6842.0,6836.75,6840.5
1771321200,6840.25,6840.75,6839.0,6840.5
1771321500,6840.5,6841.75,6838.5,6840.5
1771321800,6840.25,6841.5,6838.75,6841.5
1771322100,6841.75,6843.0,6840.25,6841.25
1771322400,6841.0,6843.75,6841.0,6841.0
1771322700,6841.25,6841.75,6838.25,6839.5
1771323000,6839.25,6839.25,6835.5,6836.25
1771323300,6836.5,6837.25,6834.0,6837.0
1771323600,6837.25,6837.75,6836.0,6836.75
1771323900,6836.5,6837.25,6835.75,6836.25
1771324200,6836.0,6836.25,6831.75,6833.25
1771324500,6833.25,6833.75,6831.0,6831.25
1771324800,6831.0,6831.25,6825.75,6826.5
1771325100,6826.5,6830.25,6825.75,6827.75
1771325400,6827.25,6827.5,6823.75,6826.75
1771325700,6827.0,6827.75,6824.75,6825.75
1771326000,6825.75,6828.75,6825.5,6827.0
1771326300,6827.0,6827.0,6822.5,6824.25
1771326600,6824.25,6827.0,6822.75,6825.75
1771326900,6825.5,6826.0,6823.75,6824.0
1771327200,6823.5,6826.25,6821.75,6823.25
1771327500,6823.5,6830.5,6821.0,6830.25
1771327800,6830.25,6832.5,6829.25,6829.25
1771328100,6829.0,6831.5,6827.25,6831.0
1771328400,6831.0,6832.75,6828.5,6829.5
1771328700,6829.25,6831.5,6828.5,6831.5
1771329000,6831.25,6833.5,6830.5,6832.5
1771329300,6832.5,6835.25,6831.5,6832.25
1771329600,6832.25,6833.75,6829.75,6832.0
1771329900,6831.75,6838.75,6831.25,6838.25
1771330200,6838.25,6838.75,6834.75,6836.25
1771330500,6836.5,6837.25,6833.25,6833.5
1771330800,6833.25,6833.25,6827.5,6829.5
1771331100,6829.5,6833.0,6827.0,6827.5
1771331400,6827.75,6828.0,6822.75,6826.75
1771331700,6826.5,6827.5,6823.75,6824.25
1771332000,6824.0,6825.75,6822.75,6825.5
1771332300,6825.75,6826.5,6819.25,6820.5
1771332600,6820.5,6823.25,6818.0,6822.75
1771332900,6822.75,6824.5,6818.75,6819.5
1771333200,6819.5,6820.75,6815.0,6815.5
1771333500,6815.25,6816.25,6811.25,6813.0
1771333800,6812.75,6813.75,6805.75,6811.75
1771334100,6811.75,6815.25,6809.5,6813.75
1771334400,6813.5,6825.0,6813.25,6825.0
1771334700,6824.75,6827.75,6823.25,6824.5
1771335000,6824.5,6825.25,6819.75,6820.75
1771335300,6820.75,6823.25,6820.0,6821.5
1771335600,6821.5,6824.25,6821.0,6823.25
1771335900,6823.25,6824.75,6819.75,6820.0
1771336200,6820.0,6844.5,6819.75,6836.75
1771336500,6836.75,6837.25,6825.25,6826.0
1771336800,6825.75,6835.5,6825.75,6833.75
1771337100,6833.75,6836.25,6831.5,6834.0
1771337400,6834.25,6836.0,6830.75,6831.75
1771337700,6831.75,6835.25,6830.0,6834.25
1771338000,6834.25,6836.25,6830.25,6830.5
1771338300,6830.75,6835.0,6829.25,6835.0
1771338600,6835.0,6853.75,6834.0,6851.25
1771338900,6851.25,6861.5,6848.25,6858.75
1771339200,6859.0,6862.0,6838.25,6841.25
1771339500,6841.0,6847.0,6830.5,6836.5
1771339800,6836.5,6840.25,6809.75,6811.75
1771340100,6811.75,6812.5,6797.75,6799.75
1771340400,6799.75,6816.0,6796.25,6814.5
1771340700,6814.5,6819.0,6806.75,6807.0
1771341000,6807.25,6813.5,6800.0,6802.5
1771341300,6802.25,6831.25,6801.25,6829.75
1771341600,6830.0,6830.5,6810.25,6812.25
1771341900,6812.0,6815.75,6801.5,6806.75
1771342200,6806.5,6810.0,6791.25,6794.25
1771342500,6794.5,6803.25,6791.25,6791.75
1771342800,6791.75,6801.0,6791.0,6800.0
1771343100,6800.25,6815.5,6798.5,6810.25
1771343400,6810.25,6816.5,6803.5,6813.0
1771343700,6812.75,6820.0,6809.75,6819.75
1771344000,6819.5,6834.5,6818.0,6828.75
1771344300,6829.0,6846.0,6827.75,6844.5
1771344600,6844.5,6860.25,6844.25,6857.5
1771344900,6857.5,6863.75,6853.75,6861.75
1771345200,6861.5,6866.75,6856.25,6864.5
1771345500,6864.5,6865.5,6849.25,6850.5
1771345800,6850.25,6853.25,6842.25,6851.5
1771346100,6851.75,6862.75,6849.25,6858.5
1771346400,6858.5,6860.0,6851.5,6852.25
1771346700,6852.25,6856.25,6849.5,6850.75
1771347000,6851.0,6858.75,6851.0,6858.25
1771347300,6858.5,6864.75,6853.5,6858.75
1771347600,6858.5,6859.75,6849.5,6854.25
1771347900,6854.0,6858.25,6850.75,6851.25
1771348200,6851.0,6853.25,6842.75,6846.75
1771348500,6846.5,6850.25,6844.0,6847.25
1771348800,6847.5,6849.0,6838.0,6845.25
1771349100,6845.25,6856.25,6843.75,6856.25
1771349400,6856.25,6857.5,6843.75,6851.75
1771349700,6851.5,6855.0,6847.5,6850.25
1771350000,6850.25,6850.25,6834.0,6834.25
1771350300,6834.0,6840.5,6829.25,6836.5
1771350600,6836.5,6840.5,6825.25,6828.5
1771350900,6828.25,6845.75,6826.5,6844.25
1771351200,6844.25,6845.75,6837.25,6841.75
1771351500,6841.75,6842.75,6834.75,6837.25
1771351800,6837.5,6842.25,6832.25,6837.0
1771352100,6837.0,6840.25,6832.75,6836.75
1771352400,6836.5,6859.5,6835.25,6854.5
1771352700,6854.5,6859.75,6848.5,6858.0
1771353000,6858.25,6864.25,6854.5,6861.0
1771353300,6861.0,6868.25,6857.0,6868.0
1771353600,6867.75,6875.75,6867.0,6870.0
1771353900,6870.0,6873.5,6868.75,6872.75
1771354200,6872.75,6878.25,6870.5,6877.5
1771354500,6877.75,6881.5,6873.0,6875.25
1771354800,6875.25,6879.0,6872.5,6877.75
1771355100,6877.75,6879.5,6872.5,6874.25
1771355400,6874.0,6876.75,6870.25,6876.25
1771355700,6876.25,6876.75,6872.25,6874.0
1771356000,6873.75,6880.5,6872.5,6879.5
1771356300,6879.5,6879.75,6872.75,6874.25
1771356600,6874.25,6880.75,6872.25,6880.75
1771356900,6880.5,6883.25,6877.0,6880.0
1771357200,6880.0,6883.75,6878.5,6881.5
1771357500,6881.75,6881.75,6877.25,6878.25
1771357800,6878.5,6878.75,6870.25,6873.75
1771358100,6873.75,6874.75,6868.5,6870.0
1771358400,6870.0,6875.5,6868.75,6872.0
1771358700,6872.0,6873.0,6867.25,6868.0
1771359000,6868.25,6869.5,6865.75,6869.25
1771359300,6869.25,6871.5,6864.75,6865.25
1771359600,6865.25,6868.0,6861.25,6862.75
1771359900,6862.5,6865.75,6861.25,6863.25
1771360200,6863.0,6863.75,6855.25,6857.75
1771360500,6857.5,6859.75,6854.25,6855.75
1771360800,6855.75,6867.25,6855.25,6864.0
1771361100,6864.0,6865.0,6859.75,6861.75
1771361400,6861.75,6866.5,6855.25,6858.5
1771361700,6858.5,6864.0,6853.5,6862.25
1771362000,6862.25,6865.25,6857.75,6860.25
1771362300,6860.25,6862.0,6858.75,6860.0
1771362600,6859.75,6862.25,6858.75,6861.75
1771362900,6861.75,6869.75,6861.5,6866.5
1771363200,6866.75,6868.25,6864.75,6865.5
1771363500,6865.25,6867.0,6864.25,6865.0
1771363800,6865.0,6865.0,6860.0,6861.0
1771364100,6860.75,6862.5,6859.25,6861.75
1771364400,6861.5,6863.25,6860.25,6862.0
1771364700,6862.25,6863.5,6861.0,6862.75
1771365000,6862.75,6863.0,6860.5,6860.5
1771365300,6860.75,6863.75,6860.25,6862.25
1771369200,6862.75,6864.75,6856.75,6859.25
1771369500,6858.75,6861.25,6854.5,6855.75
1771369800,6855.5,6857.0,6853.75,6855.75
1771370100,6856.0,6860.0,6853.5,6859.0
1771370400,6858.75,6860.25,6857.75,6858.5
1771370700,6858.75,6859.5,6856.5,6857.25
1771371000,6857.5,6859.0,6853.5,6854.0
1771371300,6854.0,6854.75,6852.0,6853.0
1771371600,6853.0,6855.25,6853.0,6853.75
1771371900,6853.5,6853.5,6848.75,6850.25
1771372200,6850.25,6852.75,6850.0,6851.5
1771372500,6851.25,6853.5,6849.5,6850.25
1771372800,6850.25,6854.5,6849.75,6853.25
1771373100,6853.5,6855.25,6852.0,6854.75
1771373400,6855.0,6858.5,6854.25,6857.75
1771373700,6857.5,6859.5,6855.25,6856.5
1771374000,6856.75,6857.75,6853.5,6853.75
1771374300,6853.75,6855.0,6851.0,6855.0
1771374600,6855.25,6857.0,6853.75,6856.25
1771374900,6856.5,6857.5,6855.75,6857.25
1771375200,6857.25,6858.0,6854.25,6854.25
1771375500,6854.5,6854.75,6851.25,6852.75
1771375800,6852.5,6852.5,6850.25,6851.25
1771376100,6851.25,6852.75,6850.25,6852.5
1771376400,6852.25,6853.25,6850.5,6850.75
1771376700,6851.0,6853.0,6849.5,6850.5
1771377000,6850.5,6852.0,6849.5,6851.5
1771377300,6851.25,6853.75,6851.25,6853.5
1771377600,6853.75,6856.0,6852.75,6852.75
1771377900,6853.0,6853.5,6850.25,6851.5
1771378200,6851.5,6853.0,6850.0,6851.5
1771378500,6851.5,6853.25,6850.25,6853.0
1771378800,6853.25,6854.5,6852.75,6854.0
1771379100,6854.25,6854.5,6852.25,6853.25
1771379400,6853.25,6854.25,6852.0,6852.75
1771379700,6852.5,6857.25,6852.25,6857.0
1771380000,6857.0,6859.0,6856.75,6858.0
1771380300,6857.75,6860.0,6857.0,6859.75
1771380600,6859.75,6861.0,6858.0,6859.75
1771380900,6859.75,6860.0,6857.5,6857.5
1771381200,6857.25,6857.5,6855.75,6855.75
1771381500,6855.75,6857.5,6855.0,6857.0
1771381800,6857.0,6860.0,6857.0,6859.0
1771382100,6859.0,6861.0,6859.0,6860.25
1771382400,6860.5,6861.25,6860.0,6860.5
1771382700,6860.75,6861.75,6860.5,6860.75
1771383000,6860.75,6860.75,6859.25,6860.0
1771383300,6859.75,6860.0,6858.5,6859.0
1771383600,6859.0,6861.0,6858.75,6861.0
1771383900,6861.25,6861.75,6858.75,6859.0
1771384200,6858.75,6858.75,6856.5,6857.0
1771384500,6857.0,6857.25,6854.75,6856.25
1771384800,6856.25,6856.75,6855.0,6856.5
1771385100,6856.5,6857.75,6855.75,6857.25
1771385400,6857.25,6860.5,6857.25,6860.5
1771385700,6860.75,6862.0,6860.0,6860.5
1771386000,6860.5,6861.5,6860.5,6861.25
1771386300,6861.0,6863.5,6860.75,6863.25
1771386600,6863.25,6865.5,6863.25,6865.25
1771386900,6865.0,6867.5,6864.5,6866.25
1771387200,6866.25,6867.0,6864.75,6866.0
1771387500,6865.75,6869.5,6865.5,6869.25
1771387800,6869.0,6869.5,6867.0,6867.5
1771388100,6867.75,6868.25,6866.25,6868.25
1771388400,6868.25,6869.5,6867.75,6868.5
1771388700,6868.5,6870.5,6868.5,6869.75
1771389000,6869.75,6873.0,6869.25,6872.5
1771389300,6872.5,6873.75,6871.75,6873.5
1771389600,6873.5,6875.0,6872.75,6874.75
1771389900,6874.75,6875.0,6872.5,6874.25
1771390200,6874.25,6874.75,6873.25,6873.25
1771390500,6873.25,6874.75,6873.25,6874.75
1771391100,6873.5,6874.25,6873.25,6874.0
1771391400,6874.25,6874.75,6873.25,6874.75
1771391700,6874.75,6875.75,6873.75,6875.25
1771392000,6875.0,6875.5,6874.5,6875.25
1771392300,6875.25,6875.25,6874.0,6874.25
1771392600,6874.25,6875.25,6873.75,6874.5
1771392900,6874.75,6877.0,6874.5,6876.75
1771393200,6876.75,6877.25,6874.0,6874.25
1771393500,6874.25,6875.0,6873.75,6874.25
1771393800,6874.25,6874.5,6873.25,6873.25
1771394100,6873.25,6874.0,6872.5,6873.5
1771394400,6873.5,6874.0,6872.5,6873.25
1771394700,6873.25,6874.0,6872.5,6872.5
1771395000,6872.5,6873.25,6870.5,6872.0
1771395300,6871.75,6874.25,6871.25,6872.5
1771395600,6872.25,6874.5,6872.25,6873.0
1771395900,6873.0,6875.25,6872.25,6874.0
1771396200,6874.0,6875.0,6871.25,6872.75
1771396500,6872.75,6876.75,6872.5,6875.25
1771396800,6875.25,6876.25,6874.5,6876.25
1771397100,6876.25,6876.75,6875.0,6876.25
1771397400,6876.0,6878.5,6876.0,6877.25
1771397700,6877.5,6877.75,6874.0,6874.0
1771398000,6873.75,6875.5,6873.25,6874.25
1771398300,6874.5,6875.0,6871.5,6872.75
1771398600,6872.5,6873.25,6870.5,6872.0
1771398900,6872.0,6872.75,6871.25,6872.25
1771399200,6872.25,6872.75,6870.25,6870.25
1771399500,6870.25,6874.5,6870.25,6874.5
1771399800,6874.25,6875.5,6873.5,6875.5
1771400100,6875.5,6877.25,6875.0,6876.75
1771400400,6876.5,6878.25,6875.5,6878.0
1771400700,6878.0,6878.75,6876.5,6876.5
1771401000,6876.25,6878.25,6876.0,6877.0
1771401300,6877.25,6877.75,6876.75,6877.25
1771401600,6877.25,6884.0,6877.25,6883.75
1771401900,6884.0,6885.25,6882.0,6885.25
1771402200,6885.25,6886.75,6881.75,6883.75
1771402500,6884.0,6893.5,6883.75,6890.5
1771402800,6890.5,6892.5,6888.0,6891.75
1771403100,6891.5,6892.5,6887.5,6889.25
1771403400,6889.5,6891.75,6889.0,6891.25
1771403700,6891.25,6894.75,6890.75,6892.75
1771404000,6893.0,6895.75,6892.0,6892.25
1771404300,6892.5,6894.75,6890.5,6891.25
1771404600,6891.25,6891.75,6890.0,6891.25
1771404900,6891.25,6895.0,6891.25,6894.25
1771405200,6894.25,6897.25,6894.25,6895.75
1771405500,6895.5,6897.0,6894.25,6896.75
1771405800,6896.75,6898.75,6895.75,6897.25
1771406100,6897.25,6898.75,6894.75,6895.5
1771406400,6895.5,6897.25,6893.75,6897.0
1771406700,6897.0,6899.5,6896.0,6898.25
1771407000,6898.25,6901.75,6897.75,6901.0
1771407300,6900.75,6903.0,6900.25,6902.5
1771407600,6902.5,6904.0,6902.0,6903.0
1771407900,6903.0,6903.25,6899.5,6899.75
1771408200,6899.75,6901.25,6898.75,6899.5
1771408500,6899.5,6899.75,6895.75,6896.0
1771408800,6896.0,6900.25,6895.25,6900.25
1771409100,6900.25,6900.5,6897.5,6898.25
1771409400,6898.5,6901.5,6898.0,6900.0
1771409700,6900.25,6902.0,6899.0,6899.5
1771410000,6899.5,6901.0,6899.25,6900.0
1771410300,6900.25,6902.75,6899.75,6902.0
1771410600,6902.0,6902.25,6899.75,6901.0
1771410900,6900.75,6902.75,6899.5,6900.5
1771411200,6900.5,6900.5,6897.25,6899.25
1771411500,6899.25,6900.25,6898.0,6899.25
1771411800,6899.25,6899.25,6896.5,6898.5
1771412100,6898.5,6898.75,6895.75,6898.25
1771412400,6898.25,6899.25,6896.25,6896.75
1771412700,6897.0,6897.5,6894.5,6894.75
1771413000,6894.75,6895.0,6892.5,6893.75
1771413300,6893.75,6894.75,6893.0,6893.75
1771413600,6894.0,6897.75,6894.0,6896.5
1771413900,6896.5,6897.0,6893.0,6893.5
1771414200,6893.5,6894.75,6890.0,6890.25
1771414500,6890.25,6891.0,6889.0,6890.25
1771414800,6890.0,6890.75,6888.5,6890.0
1771415100,6890.0,6891.25,6889.75,6891.0
1771415400,6890.75,6891.5,6888.5,6889.75
1771415700,6889.75,6890.0,6888.5,6889.5
1771416000,6889.5,6896.0,6889.0,6895.0
1771416300,6895.0,6899.0,6892.0,6894.25
1771416600,6894.0,6899.0,6893.75,6898.5
1771416900,6898.5,6899.5,6896.0,6896.5
1771417200,6896.5,6896.75,6892.0,6892.75
1771417500,6892.75,6893.0,6886.5,6886.75
1771417800,6887.0,6887.0,6874.75,6875.5
1771418100,6875.5,6881.25,6875.25,6881.0
1771418400,6881.0,6884.75,6879.25,6884.0
1771418700,6883.75,6885.25,6880.5,6883.25
1771419000,6883.25,6885.5,6882.75,6883.25
1771419300,6883.0,6886.5,6882.0,6885.75
1771419600,6885.75,6887.5,6883.25,6883.25
1771419900,6883.25,6887.25,6882.5,6886.0
1771420200,6886.25,6888.75,6886.25,6886.75
1771420500,6886.75,6888.25,6884.0,6884.5
1771420800,6884.75,6886.5,6883.0,6885.25
1771421100,6885.25,6889.25,6885.0,6888.75
1771421400,6889.0,6894.0,6886.25,6887.25
1771421700,6887.25,6889.5,6884.75,6884.75
1771422000,6885.0,6885.25,6877.75,6880.0
1771422300,6880.25,6881.0,6874.25,6874.25
1771422600,6874.25,6876.5,6872.25,6872.5
1771422900,6872.75,6874.75,6871.0,6873.75
1771423200,6873.75,6875.75,6870.0,6875.5
1771423500,6875.5,6877.25,6875.0,6876.5
1771423800,6876.25,6877.0,6873.5,6875.25
1771424100,6875.25,6879.25,6873.75,6876.5
1771424400,6876.25,6877.5,6876.0,6876.25
1771424700,6876.5,6877.25,6872.75,6873.75
1771425000,6873.75,6877.25,6861.5,6868.5
1771425300,6868.5,6880.0,6865.75,6875.75
1771425600,6876.0,6888.75,6872.5,6883.5
1771425900,6883.75,6886.5,6869.0,6871.0
1771426200,6871.0,6887.75,6869.5,6886.25
1771426500,6886.25,6897.75,6885.25,6895.5
1771426800,6895.5,6910.25,6894.75,6910.25
1771427100,6910.0,6915.5,6905.75,6908.0
1771427400,6907.75,6913.0,6904.0,6912.25
1771427700,6912.25,6919.0,6910.5,6913.25
1771428000,6913.25,6915.75,6910.25,6910.5
1771428300,6910.5,6915.0,6909.0,6912.75
1771428600,6912.75,6913.5,6907.25,6907.75
1771428900,6907.75,6915.5,6907.0,6915.0
1771429200,6915.0,6919.5,6913.75,6917.0
1771429500,6917.25,6920.75,6914.5,6917.5
1771429800,6917.75,6919.5,6914.0,6918.75
1771430100,6918.75,6921.5,6917.75,6919.5
1771430400,6919.25,6920.0,6916.5,6919.5
1771430700,6919.75,6923.75,6917.0,6917.5
1771431000,6917.75,6920.25,6916.75,6918.25
1771431300,6918.5,6921.0,6915.5,6916.0
1771431600,6916.0,6918.0,6914.25,6917.5
1771431900,6917.25,6918.5,6914.5,6916.5
1771432200,6916.25,6921.75,6915.5,6919.0
1771432500,6918.75,6919.75,6917.0,6919.25
1771432800,6919.25,6920.5,6916.75,6917.25
1771433100,6917.25,6919.0,6914.5,6914.5
1771433400,6914.75,6916.5,6909.75,6911.25
1771433700,6911.5,6913.5,6908.75,6909.0
1771434000,6909.25,6915.75,6907.5,6915.5
1771434300,6915.5,6923.0,6915.0,6919.0
1771434600,6919.0,6920.25,6914.0,6916.25
1771434900,6916.25,6920.5,6915.0,6920.0
1771435200,6920.0,6920.75,6918.5,6918.5
1771435500,6918.5,6918.5,6915.5,6916.25
1771435800,6916.25,6918.25,6913.0,6913.5
1771436100,6913.75,6917.0,6913.25,6916.0
1771436400,6916.0,6916.0,6912.75,6914.25
1771436700,6914.5,6917.75,6913.25,6915.75
1771437000,6915.75,6921.0,6915.5,6920.75
1771437300,6920.75,6922.25,6917.5,6919.25
1771437600,6919.0,6925.75,6918.75,6921.5
1771437900,6921.5,6922.25,6918.25,6919.5
1771438200,6919.5,6920.5,6918.0,6919.0
1771438500,6919.0,6922.0,6918.5,6918.75
1771438800,6919.0,6919.5,6914.75,6915.0
1771439100,6915.0,6916.25,6908.5,6911.75
1771439400,6912.0,6913.5,6908.25,6911.25
1771439700,6911.25,6914.0,6910.0,6910.25
1771440000,6910.0,6910.75,6900.0,6904.25
1771440300,6904.25,6909.75,6903.0,6905.5
1771440600,6905.5,6905.75,6894.25,6902.75
1771440900,6902.5,6905.0,6900.25,6903.5
1771441200,6903.25,6907.5,6899.0,6907.0
1771441500,6907.0,6907.5,6900.0,6900.5
1771441800,6900.5,6904.5,6897.5,6897.75
1771442100,6898.0,6898.75,6894.25,6895.75
1771442400,6895.5,6902.5,6895.25,6900.25
1771442700,6900.5,6902.5,6896.0,6897.75
1771443000,6898.0,6900.0,6890.5,6892.25
1771443300,6892.25,6892.75,6882.0,6885.75
1771443600,6885.5,6890.5,6883.5,6885.0
1771443900,6885.25,6891.75,6884.0,6886.5
1771444200,6886.5,6887.25,6881.0,6882.0
1771444500,6882.0,6883.0,6873.75,6879.25
1771444800,6879.5,6887.0,6878.5,6883.25
1771445100,6883.25,6884.0,6877.75,6878.75
1771445400,6879.0,6880.5,6874.5,6877.5
1771445700,6877.25,6880.0,6872.5,6876.5
1771446000,6876.75,6877.25,6872.75,6876.75
1771446300,6876.75,6877.75,6873.75,6875.25
1771446600,6875.25,6885.25,6874.5,6884.25
1771446900,6884.25,6889.5,6883.0,6888.75
1771447200,6888.75,6892.25,6886.5,6889.75
1771447500,6890.25,6898.75,6888.25,6897.5
1771447800,6897.5,6905.75,6896.25,6903.75
1771448100,6904.0,6904.75,6892.25,6895.25
1771448400,6895.25,6897.0,6892.5,6894.0
1771448700,6893.75,6894.25,6891.0,6891.5
1771449000,6891.5,6893.75,6891.0,6893.25
1771449300,6893.25,6893.5,6890.5,6890.75
1771449600,6890.75,6891.5,6889.75,6891.0
1771449900,6890.75,6891.75,6889.5,6891.75
1771450200,6891.5,6892.0,6891.0,6891.75
1771450500,6892.0,6893.25,6891.75,6893.0
1771450800,6893.0,6893.25,6892.25,6892.25
1771451100,6892.5,6893.5,6891.75,6891.75
1771451400,6891.5,6891.75,6889.5,6889.75
1771451700,6889.75,6893.0,6889.75,6892.0
1771455600,6891.75,6898.5,6890.5,6897.25
1771455900,6897.5,6900.0,6897.25,6900.0
1771456200,6899.75,6902.25,6899.75,6901.75
1771456500,6901.5,6901.75,6897.0,6897.25
1771456800,6897.25,6898.0,6896.75,6897.0
1771457100,6897.0,6899.0,6896.25,6898.75
1771457400,6898.75,6900.0,6897.75,6897.75
1771457700,6897.75,6898.5,6896.5,6897.5
1771458000,6897.25,6897.5,6896.5,6897.0
1771458300,6896.75,6899.25,6895.75,6896.5
1771458600,6896.5,6897.25,6895.0,6896.5
1771458900,6896.75,6897.0,6894.0,6894.75
1771459200,6894.75,6896.25,6892.5,6894.5
1771459500,6894.25,6895.0,6893.0,6893.25
1771459800,6893.25,6894.25,6890.5,6892.75
1771460100,6892.75,6894.0,6891.5,6892.0
1771460400,6891.75,6893.0,6888.25,6889.25
1771460700,6889.25,6890.25,6886.75,6888.5
1771461000,6888.75,6893.5,6887.5,6892.5
1771461300,6892.75,6893.0,6891.0,6891.5
1771461600,6891.25,6892.5,6889.75,6889.75
1771461900,6889.5,6892.0,6889.0,6890.25
1771462200,6890.5,6891.75,6889.5,6891.0
1771462500,6890.75,6892.25,6890.5,6891.75
1771462800,6891.5,6898.5,6890.5,6897.5
1771463100,6897.5,6899.25,6897.5,6899.0
1771463400,6899.0,6901.75,6898.75,6901.0
1771463700,6900.75,6901.5,6899.25,6899.25
1771464000,6899.25,6899.5,6896.0,6896.0
1771464300,6896.0,6897.25,6894.75,6895.5
1771464600,6895.5,6897.25,6895.25,6897.25
1771464900,6897.25,6897.25,6890.25,6891.25
1771465200,6891.25,6894.25,6891.25,6893.25
1771465500,6893.0,6893.5,6891.5,6892.75
1771465800,6892.5,6894.25,6890.5,6894.25
1771466100,6894.5,6897.0,6894.0,6897.0
1771466400,6896.75,6897.5,6893.5,6894.5
1771466700,6894.5,6896.25,6893.25,6896.0
1771467000,6896.0,6898.5,6895.75,6896.75
1771467300,6897.0,6898.0,6896.0,6897.5
1771467600,6897.5,6898.5,6897.25,6897.5
1771467900,6897.5,6899.5,6896.5,6899.25
1771468200,6899.25,6900.0,6898.25,6898.75
1771468500,6898.75,6898.75,6896.5,6897.5
1771468800,6897.75,6899.0,6897.25,6898.25
1771469100,6898.25,6899.75,6898.25,6898.75
1771469400,6898.75,6898.75,6896.25,6896.5
1771469700,6896.25,6897.75,6896.25,6897.75
1771470000,6897.75,6899.25,6896.75,6899.0
1771470300,6899.0,6900.0,6898.0,6898.25
1771470600,6898.25,6899.5,6898.25,6898.5
1771470900,6898.5,6899.75,6897.5,6898.25
1771471200,6898.5,6899.5,6897.75,6899.0
1771471500,6899.25,6900.5,6899.0,6900.25
1771471800,6900.25,6901.25,6898.75,6899.5
1771472100,6899.25,6899.25,6897.0,6897.0
1771472400,6896.75,6897.25,6895.5,6897.0
1771472700,6897.0,6897.0,6895.0,6895.5
1771473000,6895.25,6896.0,6894.5,6895.75
1771473300,6895.75,6899.0,6895.75,6898.0
1771473600,6898.0,6899.75,6897.75,6898.75
1771473900,6899.0,6899.25,6897.75,6898.25
1771474200,6898.5,6899.25,6898.0,6899.0
1771474500,6898.75,6899.75,6898.25,6899.5
1771474800,6899.5,6900.5,6897.25,6897.25
1771475100,6897.25,6897.75,6896.25,6896.5
1771475400,6896.5,6897.5,6896.25,6897.0
1771475700,6897.0,6898.5,6896.5,6898.0
1771476000,6897.75,6898.0,6896.0,6896.75
1771476300,6896.75,6897.25,6894.5,6895.25
1771476600,6895.25,6895.5,6893.0,6894.5
1771476900,6894.75,6895.0,6893.5,6893.75
1771477500,6891.5,6891.75,6890.75,6891.5
1771477800,6891.25,6893.75,6891.0,6893.25
1771478100,6893.5,6896.25,6893.25,6895.5
1771478400,6895.25,6895.75,6893.5,6894.75
1771478700,6895.0,6898.0,6893.75,6897.25
1771479000,6897.25,6899.5,6897.25,6899.25
1771479300,6899.25,6900.0,6898.25,6899.0
1771479600,6899.0,6899.75,6898.75,6899.0
1771479900,6899.0,6903.75,6899.0,6901.25
1771480200,6901.25,6902.75,6901.25,6902.0
1771480500,6902.0,6902.5,6901.25,6902.0
1771480800,6902.0,6902.75,6901.75,6902.5
1771481100,6902.5,6903.75,6900.0,6901.0
1771481400,6901.25,6902.5,6900.5,6901.25
1771481700,6901.5,6902.25,6900.25,6901.5
1771482000,6901.5,6902.0,6901.0,6901.0
1771482300,6901.25,6902.5,6901.25,6902.25
1771482600,6902.25,6906.25,6902.25,6904.0
1771482900,6904.25,6905.0,6902.5,6903.0
1771483200,6903.25,6904.75,6903.25,6903.5
1771483500,6903.5,6903.75,6902.5,6903.75
1771483800,6903.75,6905.25,6903.0,6904.75
1771484100,6904.75,6906.5,6904.0,6906.25
1771484400,6906.25,6908.75,6904.75,6905.5
1771484700,6905.25,6905.75,6903.75,6905.75
1771485000,6905.5,6908.0,6905.5,6907.75
1771485300,6907.75,6908.25,6906.25,6907.25
1771485600,6907.0,6909.5,6906.75,6909.5
1771485900,6909.25,6910.5,6909.25,6909.5
1771486200,6909.75,6910.5,6908.75,6910.25
1771486500,6910.25,6911.5,6909.75,6910.25
1771486800,6910.25,6910.25,6907.25,6908.5
1771487100,6908.5,6909.75,6908.25,6908.75
1771487400,6908.75,6909.75,6907.0,6907.75
1771487700,6907.5,6908.0,6905.0,6905.5
1771488000,6905.5,6906.25,6903.5,6905.0
1771488300,6905.0,6908.5,6904.0,6908.5
1771488600,6908.5,6910.0,6905.0,6907.75
1771488900,6907.75,6910.75,6907.75,6910.25
1771489200,6910.25,6912.5,6909.75,6910.25
1771489500,6910.0,6911.75,6908.75,6910.0
1771489800,6910.0,6912.0,6906.25,6907.0
1771490100,6906.75,6907.75,6904.5,6905.75
1771490400,6905.5,6906.0,6902.25,6903.25
1771490700,6903.0,6903.25,6897.5,6898.75
1771491000,6898.5,6898.75,6890.0,6895.0
1771491300,6895.0,6895.25,6889.5,6891.75
1771491600,6891.75,6895.5,6889.25,6889.5
1771491900,6889.75,6893.25,6888.5,6893.25
1771492200,6893.5,6894.5,6891.5,6893.5
1771492500,6893.25,6893.25,6888.25,6889.75
1771492800,6889.75,6894.5,6889.75,6893.75
1771493100,6893.5,6893.5,6886.5,6887.75
1771493400,6887.75,6891.0,6886.25,6889.5
1771493700,6889.5,6889.75,6881.75,6883.0
1771494000,6883.0,6884.0,6880.5,6881.25
1771494300,6881.25,6881.5,6872.25,6873.0
1771494600,6873.5,6880.75,6873.5,6880.5
1771494900,6880.5,6882.5,6879.5,6881.25
1771495200,6881.25,6882.25,6873.5,6874.75
1771495500,6874.75,6877.75,6872.75,6874.25
1771495800,6874.25,6874.25,6867.25,6868.0
1771496100,6867.75,6874.75,6867.5,6874.25
1771496400,6874.25,6874.25,6868.0,6870.75
1771496700,6870.75,6873.25,6868.75,6869.0
1771497000,6869.0,6872.5,6866.5,6872.5
1771497300,6872.5,6873.25,6866.25,6870.5
1771497600,6870.5,6875.5,6870.5,6874.25
1771497900,6874.25,6876.5,6872.5,6873.25
1771498200,6873.25,6873.75,6869.75,6871.75
1771498500,6871.75,6873.0,6870.25,6873.0
1771498800,6873.0,6873.5,6869.0,6871.75
1771499100,6871.75,6875.25,6871.0,6875.25
1771499400,6875.0,6878.0,6875.0,6876.5
1771499700,6876.5,6877.0,6873.5,6874.75
1771500000,6874.75,6877.0,6874.5,6877.0
1771500300,6877.25,6878.75,6876.5,6877.0
1771500600,6877.0,6879.75,6877.0,6878.5
1771500900,6878.25,6878.25,6874.75,6875.75
1771501200,6875.75,6878.25,6875.75,6876.5
1771501500,6876.25,6878.25,6875.5,6877.0
1771501800,6877.0,6877.5,6871.25,6876.75
1771502100,6876.75,6879.5,6874.75,6878.75
1771502400,6878.5,6879.75,6868.0,6872.5
1771502700,6872.75,6876.75,6872.5,6876.75
1771503000,6876.75,6878.75,6876.0,6878.0
1771503300,6878.0,6879.5,6876.5,6878.0
1771503600,6878.25,6881.25,6877.5,6881.0
1771503900,6880.75,6886.25,6880.75,6882.75
1771504200,6882.75,6883.0,6880.0,6881.5
1771504500,6881.5,6883.0,6878.75,6882.75
1771504800,6882.75,6885.75,6882.25,6884.5
1771505100,6884.5,6885.5,6882.25,6884.5
1771505400,6884.5,6884.75,6880.25,6880.75
1771505700,6880.75,6881.0,6879.25,6879.75
1771506000,6879.75,6881.5,6876.75,6878.0
1771506300,6877.75,6878.5,6874.75,6875.5
1771506600,6875.75,6876.75,6874.25,6875.25
1771506900,6875.5,6876.5,6872.25,6874.0
1771507200,6874.0,6875.0,6868.75,6868.75
1771507500,6868.75,6871.25,6867.75,6870.75
1771507800,6870.75,6873.25,6862.0,6872.0
1771508100,6872.0,6880.25,6871.5,6875.5
1771508400,6875.5,6877.0,6871.25,6871.25
1771508700,6871.25,6873.75,6868.75,6873.0
1771509000,6872.75,6877.0,6872.25,6875.5
1771509300,6875.5,6876.25,6871.0,6872.0
1771509600,6871.75,6874.25,6868.25,6869.0
1771509900,6869.0,6870.25,6866.5,6867.0
1771510200,6867.0,6870.0,6865.5,6869.5
1771510500,6869.5,6874.0,6868.0,6873.5
1771510800,6873.25,6874.5,6872.0,6873.75
1771511100,6873.5,6875.0,6868.0,6870.75
1771511400,6870.75,6877.5,6867.5,6871.75
1771511700,6871.75,6872.5,6857.0,6868.75
1771512000,6868.75,6880.0,6862.0,6878.25
1771512300,6878.5,6879.5,6864.75,6873.25
1771512600,6873.0,6885.25,6872.5,6881.0
1771512900,6881.0,6890.75,6879.75,6882.5
1771513200,6882.75,6894.5,6876.0,6887.75
1771513500,6887.75,6888.75,6875.25,6876.75
1771513800,6876.75,6881.25,6872.25,6874.25
1771514100,6874.0,6885.5,6873.75,6880.5
1771514400,6880.75,6886.0,6874.25,6885.5
1771514700,6885.5,6885.5,6870.75,6871.5
1771515000,6871.5,6890.25,6869.75,6889.75
1771515300,6889.75,6891.25,6884.75,6887.5
1771515600,6887.25,6891.5,6885.5,6887.75
1771515900,6888.0,6891.0,6884.25,6887.5
1771516200,6887.75,6887.75,6875.0,6876.25
1771516500,6876.0,6887.75,6876.0,6886.0
1771516800,6886.0,6888.75,6878.25,6879.0
1771517100,6879.0,6880.75,6871.5,6879.75
1771517400,6879.75,6882.5,6875.25,6881.75
1771517700,6881.75,6890.5,6880.75,6888.75
1771518000,6888.5,6891.0,6885.75,6888.0
1771518300,6888.0,6889.25,6873.5,6874.0
1771518600,6874.0,6885.5,6873.75,6884.75
1771518900,6884.5,6885.0,6876.5,6878.75
1771519200,6878.75,6879.75,6868.0,6869.0
1771519500,6868.75,6873.0,6862.5,6864.75
1771519800,6864.75,6873.75,6859.5,6873.0
1771520100,6873.0,6873.5,6866.5,6867.75
1771520400,6867.75,6869.75,6860.5,6862.25
1771520700,6862.25,6867.75,6859.25,6862.5
1771521000,6862.5,6869.0,6861.75,6868.0
1771521300,6867.75,6875.0,6864.75,6873.5
1771521600,6873.5,6880.5,6871.5,6877.5
1771521900,6877.25,6878.0,6869.5,6872.0
1771522200,6871.75,6873.75,6869.75,6871.0
1771522500,6871.0,6873.75,6867.0,6870.25
1771522800,6870.25,6875.0,6869.5,6870.25
1771523100,6870.0,6870.75,6856.0,6859.25
1771523400,6859.25,6865.0,6854.75,6859.0
1771523700,6859.0,6863.5,6853.5,6856.5
1771524000,6856.5,6858.0,6852.75,6852.75
1771524300,6852.75,6859.25,6852.75,6858.5
1771524600,6858.25,6866.5,6856.0,6865.0
1771524900,6864.75,6865.25,6852.25,6852.75
1771525200,6852.75,6856.75,6847.75,6855.75
1771525500,6855.75,6859.75,6852.0,6856.0
1771525800,6856.0,6860.0,6852.25,6853.75
1771526100,6854.0,6858.0,6852.25,6857.0
1771526400,6857.0,6860.25,6854.25,6859.0
1771526700,6859.0,6866.75,6859.0,6865.75
1771527000,6865.75,6867.75,6861.75,6865.0
1771527300,6865.0,6871.0,6863.25,6869.75
1771527600,6869.75,6870.75,6866.0,6868.0
1771527900,6868.0,6872.75,6867.0,6872.0
1771528200,6872.25,6872.5,6866.75,6869.25
1771528500,6869.25,6872.25,6868.25,6871.75
1771528800,6872.0,6873.0,6868.75,6871.75
1771529100,6871.75,6872.5,6862.5,6865.0
1771529400,6865.0,6868.0,6863.75,6865.75
1771529700,6866.0,6866.5,6852.25,6852.5
1771530000,6852.5,6858.0,6851.0,6856.75
1771530300,6856.75,6859.0,6853.25,6856.75
1771530600,6856.75,6861.25,6854.75,6856.75
1771530900,6857.0,6860.25,6856.5,6857.75
1771531200,6857.5,6867.5,6857.5,6865.5
1771531500,6865.25,6865.5,6861.75,6862.75
1771531800,6863.0,6865.5,6860.75,6864.25
1771532100,6864.25,6865.0,6859.0,6865.0
1771532400,6865.0,6866.25,6860.75,6862.0
1771532700,6861.75,6862.75,6860.25,6861.5
1771533000,6861.25,6868.5,6860.5,6865.75
1771533300,6865.75,6867.25,6863.0,6864.75
1771533600,6864.5,6866.75,6861.5,6866.0
1771533900,6866.0,6872.5,6865.0,6871.0
1771534200,6871.0,6873.25,6867.75,6872.0
1771534500,6872.0,6878.75,6869.75,6878.25
1771534800,6878.25,6880.5,6875.75,6879.5
1771535100,6879.5,6880.75,6878.5,6879.0
1771535400,6879.25,6879.5,6877.5,6878.25
1771535700,6878.0,6879.5,6877.75,6878.5
1771536000,6878.25,6883.5,6874.0,6878.0
1771536300,6878.25,6880.5,6877.75,6878.75
1771536600,6878.75,6878.75,6875.25,6875.75
1771536900,6876.0,6876.5,6875.5,6875.75
1771537200,6875.75,6876.25,6872.5,6872.5
1771537500,6872.75,6873.25,6871.75,6872.75
1771537800,6872.75,6873.5,6872.0,6872.5
1771538100,6872.75,6873.5,6871.25,6872.25
1771542000,6874.25,6876.0,6871.25,6874.75
1771542300,6874.75,6877.25,6874.75,6875.75
1771542600,6875.75,6876.0,6872.0,6874.5
1771542900,6874.75,6877.5,6874.75,6876.5
1771543200,6876.5,6877.0,6876.25,6877.0
1771543500,6876.75,6879.0,6876.75,6877.5
1771543800,6877.5,6881.0,6877.5,6880.5
1771544100,6880.5,6882.5,6879.75,6880.25
1771544400,6880.5,6880.75,6879.75,6880.0
1771544700,6879.75,6881.75,6879.5,6881.0
1771545000,6880.75,6881.25,6877.75,6878.75
1771545300,6879.0,6880.5,6878.75,6880.0
1771545600,6880.25,6881.5,6876.0,6880.25
1771545900,6880.5,6881.75,6879.25,6880.0
1771546200,6879.75,6883.5,6879.75,6882.75
1771546500,6882.75,6883.5,6879.0,6879.5
1771546800,6879.25,6879.5,6876.25,6878.0
1771547100,6878.25,6883.75,6878.0,6882.5
1771547400,6882.75,6887.0,6882.75,6886.25
1771547700,6886.25,6886.25,6883.5,6885.25
1771548000,6885.0,6886.0,6884.5,6885.75
1771548300,6885.75,6887.5,6885.75,6886.25
1771548600,6886.5,6887.0,6886.0,6886.75
1771548900,6887.0,6887.5,6885.75,6886.5
1771549200,6886.75,6888.25,6886.0,6887.25
1771549500,6887.25,6889.5,6887.0,6888.25
1771549800,6888.0,6892.75,6887.75,6892.5
1771550100,6892.25,6892.5,6888.5,6889.75
1771550400,6889.75,6891.5,6889.5,6890.75
1771550700,6890.75,6891.0,6889.0,6890.75
1771551000,6890.75,6891.0,6889.25,6890.0
1771551300,6890.25,6890.5,6889.0,6889.5
1771551600,6889.25,6889.5,6886.75,6887.75
1771551900,6887.5,6888.0,6886.25,6886.5
1771552200,6886.5,6889.25,6886.0,6888.5
1771552500,6888.25,6890.25,6888.0,6888.5
1771552800,6888.5,6893.0,6888.25,6892.75
1771553100,6893.0,6893.5,6890.75,6891.0
1771553400,6891.0,6891.0,6886.25,6886.75
1771553700,6886.75,6887.25,6885.0,6886.5
1771554000,6886.25,6887.0,6884.75,6886.5
1771554300,6886.5,6886.5,6884.5,6885.25
1771554600,6885.25,6887.75,6885.0,6887.0
1771554900,6887.0,6889.0,6886.5,6888.0
1771555200,6888.25,6888.5,6885.75,6885.75
1771555500,6886.0,6886.5,6883.75,6886.0
1771555800,6886.0,6887.5,6885.5,6887.0
1771556100,6887.0,6888.5,6887.0,6888.0
1771556400,6887.75,6889.75,6887.5,6889.0
1771556700,6889.0,6889.0,6887.25,6888.5
1771557000,6888.5,6889.5,6888.5,6889.0
1771557300,6889.25,6889.5,6888.5,6889.5
1771557600,6889.25,6890.0,6889.0,6889.75
1771557900,6890.0,6890.0,6888.5,6889.0
1771558200,6888.75,6889.5,6888.25,6889.0
1771558500,6889.0,6889.25,6887.75,6888.0
1771558800,6888.0,6888.0,6886.25,6886.75
1771559100,6886.75,6888.5,6886.5,6888.5
1771559400,6888.25,6888.75,6887.5,6887.5
1771559700,6887.75,6887.75,6886.25,6886.5
1771560000,6886.5,6887.5,6885.5,6887.0
1771560300,6887.0,6890.5,6887.0,6889.75
1771560600,6889.75,6890.75,6889.0,6890.5
1771560900,6890.75,6891.25,6888.25,6888.5
1771561200,6888.25,6888.75,6887.75,6888.75
1771561500,6888.5,6889.5,6888.5,6889.25
1771561800,6889.5,6889.5,6888.75,6889.0
1771562100,6889.0,6889.0,6887.75,6888.0
1771562400,6887.75,6889.0,6887.75,6889.0
1771562700,6889.25,6889.75,6888.5,6888.75
1771563000,6888.75,6889.25,6888.25,6888.75
1771563300,6888.75,6889.25,6888.25,6888.75
1771563900,6890.5,6891.75,6890.5,6891.75
1771564200,6891.75,6892.0,6890.5,6890.5
1771564500,6890.75,6891.0,6890.5,6891.0
1771564800,6891.0,6894.5,6891.0,6893.75
1771565100,6894.0,6894.75,6894.0,6894.75
1771565400,6894.75,6897.5,6894.5,6897.25
1771565700,6897.5,6898.25,6895.25,6895.25
1771566000,6895.25,6896.0,6894.0,6895.75
1771566300,6895.75,6896.5,6895.0,6896.25
1771566600,6896.25,6897.25,6896.25,6896.75
1771566900,6896.75,6898.0,6896.25,6897.5
1771567200,6897.5,6898.25,6896.5,6897.5
1771567500,6897.5,6898.5,6897.0,6898.25
1771567800,6898.5,6899.5,6897.75,6899.5
1771568100,6899.25,6900.0,6898.75,6899.5
1771568400,6899.5,6899.5,6898.0,6898.5
1771568700,6898.5,6899.0,6898.0,6898.25
1771569000,6898.0,6898.0,6895.25,6895.5
1771569300,6895.5,6897.5,6894.75,6896.25
1771569600,6896.25,6896.5,6895.75,6896.5
1771569900,6896.25,6896.75,6895.75,6895.75
1771570200,6895.5,6897.0,6895.0,6896.75
1771570500,6896.75,6897.25,6896.25,6897.0
1771570800,6896.75,6898.0,6896.0,6896.75
1771571100,6896.75,6899.0,6896.5,6898.0
1771571400,6898.25,6898.5,6896.75,6898.0
1771571700,6898.0,6898.25,6897.0,6897.0
1771572000,6897.0,6898.0,6895.75,6898.0
1771572300,6897.75,6898.25,6895.75,6896.0
1771572600,6895.75,6897.5,6894.75,6897.25
1771572900,6897.25,6897.25,6894.75,6895.0
1771573200,6895.0,6896.25,6893.0,6896.0
1771573500,6896.0,6896.25,6892.75,6893.0
1771573800,6892.75,6894.0,6890.75,6890.75
1771574100,6890.75,6893.25,6890.25,6893.0
1771574400,6893.0,6895.75,6892.25,6894.0
1771574700,6894.0,6895.5,6889.5,6889.5
1771575000,6889.75,6892.0,6889.75,6890.75
1771575300,6891.0,6892.5,6890.25,6892.25
1771575600,6892.25,6892.5,6887.25,6890.0
1771575900,6890.0,6894.25,6890.0,6893.75
1771576200,6894.0,6894.5,6888.25,6888.25
1771576500,6888.25,6891.75,6887.25,6891.5
1771576800,6891.5,6892.75,6890.5,6892.5
1771577100,6892.5,6894.75,6891.75,6894.75
1771577400,6894.75,6896.75,6894.5,6896.5
1771577700,6896.25,6896.75,6895.25,6895.75
1771578000,6895.5,6897.75,6895.25,6897.0
1771578300,6897.0,6900.25,6896.25,6898.5
1771578600,6898.5,6899.75,6896.75,6899.75
1771578900,6899.75,6904.75,6899.5,6903.25
1771579200,6903.25,6903.75,6902.0,6903.25
1771579500,6903.25,6903.5,6900.75,6902.0
1771579800,6901.75,6902.25,6899.0,6900.75
1771580100,6900.75,6901.0,6897.0,6897.0
1771580400,6897.25,6898.0,6896.25,6897.5
1771580700,6897.75,6898.25,6893.75,6894.0
1771581000,6894.25,6895.25,6892.75,6894.0
1771581300,6893.75,6894.0,6891.5,6892.5
1771581600,6892.75,6893.25,6890.0,6891.5
1771581900,6891.5,6894.25,6890.75,6893.5
1771582200,6893.5,6894.25,6892.25,6893.25
1771582500,6893.5,6894.25,6892.5,6893.5
1771582800,6893.5,6893.5,6889.0,6890.0
1771583100,6890.25,6891.25,6889.25,6890.0
1771583400,6890.25,6891.0,6888.5,6888.5
1771583700,6888.5,6891.75,6888.25,6890.75
1771584000,6890.75,6890.75,6887.5,6889.0
1771584300,6889.25,6891.25,6888.25,6890.25
1771584600,6890.5,6890.5,6887.25,6888.0
1771584900,6888.0,6888.75,6882.75,6882.75
1771585200,6883.0,6883.0,6870.0,6871.75
1771585500,6871.75,6876.5,6871.25,6876.25
1771585800,6876.25,6877.75,6875.5,6875.5
1771586100,6875.5,6878.25,6874.5,6874.5
1771586400,6874.25,6876.25,6873.0,6875.75
1771586700,6875.75,6879.75,6875.75,6878.25
1771587000,6878.25,6879.75,6877.25,6879.0
1771587300,6879.25,6880.5,6876.0,6876.0
1771587600,6876.25,6876.75,6872.75,6875.75
1771587900,6876.0,6876.0,6871.0,6871.25
1771588200,6871.0,6872.75,6869.5,6871.25
1771588500,6870.75,6871.0,6866.0,6869.0
1771588800,6868.75,6870.0,6863.75,6868.75
1771589100,6869.0,6869.75,6867.25,6869.0
1771589400,6868.75,6871.75,6868.0,6871.0
1771589700,6871.0,6873.25,6864.75,6865.5
1771590000,6865.5,6867.5,6862.5,6866.75
1771590300,6866.5,6867.75,6865.0,6865.0
1771590600,6865.0,6866.5,6861.75,6863.75
1771590900,6864.0,6867.75,6862.75,6864.0
1771591200,6863.75,6865.0,6861.75,6863.5
1771591500,6863.25,6864.75,6860.5,6863.75
1771591800,6863.75,6874.25,6863.0,6866.0
1771592100,6866.0,6870.0,6865.5,6869.75
1771592400,6869.75,6871.0,6867.75,6870.0
1771592700,6869.75,6870.5,6868.0,6870.0
1771593000,6870.0,6870.5,6868.5,6870.0
1771593300,6870.0,6875.75,6870.0,6875.25
1771593600,6875.25,6875.75,6871.0,6871.25
1771593900,6871.25,6877.5,6870.5,6876.0
1771594200,6876.25,6877.0,6856.25,6860.5
1771594500,6860.5,6864.25,6857.75,6860.0
1771594800,6860.0,6860.0,6852.75,6856.25
1771595100,6856.25,6859.0,6851.25,6852.75
1771595400,6853.0,6858.5,6852.75,6857.0
1771595700,6857.0,6862.25,6856.25,6861.5
1771596000,6861.5,6864.5,6859.75,6861.75
1771596300,6861.75,6863.0,6858.75,6858.75
1771596600,6858.75,6859.25,6853.75,6855.75
1771596900,6855.5,6856.25,6849.75,6850.0
1771597200,6850.25,6853.0,6847.75,6850.0
1771597500,6850.25,6854.75,6849.75,6852.75
1771597800,6852.75,6864.75,6847.25,6863.25
1771598100,6863.25,6876.0,6859.75,6869.0
1771598400,6869.25,6884.0,6865.75,6878.5
1771598700,6878.25,6882.0,6870.25,6871.5
1771599000,6871.5,6874.75,6864.75,6871.5
1771599300,6871.75,6880.75,6868.25,6878.75
1771599600,6880.0,6925.0,6877.75,6900.25
1771599900,6900.0,6902.75,6875.75,6901.75
1771600200,6902.0,6910.75,6884.0,6884.75
1771600500,6885.0,6903.5,6872.25,6896.5
1771600800,6896.5,6910.75,6895.0,6904.5
1771601100,6904.75,6911.5,6893.5,6898.75
1771601400,6899.0,6904.25,6885.5,6891.25
1771601700,6891.25,6905.5,6887.0,6903.0
1771602000,6903.25,6912.75,6890.5,6911.25
1771602300,6911.5,6918.25,6904.0,6912.5
1771602600,6912.5,6921.75,6906.75,6919.5
1771602900,6919.25,6922.5,6915.75,6919.0
1771603200,6919.0,6923.25,6914.0,6919.75
1771603500,6920.0,6920.0,6913.75,6914.25
1771603800,6914.5,6919.0,6910.25,6911.25
1771604100,6911.5,6913.5,6900.5,6907.5
1771604400,6907.5,6907.5,6897.5,6900.5
1771604700,6900.25,6901.0,6891.25,6891.75
1771605000,6891.5,6905.5,6889.25,6903.5
1771605300,6903.5,6912.0,6898.0,6911.75
1771605600,6911.75,6920.0,6909.0,6915.5
1771605900,6915.25,6922.0,6914.75,6920.75
1771606200,6920.75,6922.5,6915.5,6920.0
1771606500,6920.0,6921.75,6914.5,6916.75
1771606800,6916.5,6919.75,6909.25,6909.5
1771607100,6909.75,6910.25,6901.0,6901.75
1771607400,6901.75,6902.0,6891.25,6891.5
1771607700,6891.5,6891.5,6878.75,6881.0
1771608000,6880.75,6883.5,6872.0,6872.75
1771608300,6872.5,6882.75,6871.0,6882.5
1771608600,6882.5,6891.5,6881.0,6888.0
1771608900,6888.0,6891.5,6880.0,6889.5
1771609200,6889.75,6892.5,6883.25,6890.5
1771609500,6890.5,6900.0,6888.0,6898.75
1771609800,6899.0,6907.5,6894.25,6904.5
1771610100,6904.5,6908.0,6891.5,6905.25
1771610400,6905.0,6908.75,6900.75,6901.0
1771610700,6901.0,6908.75,6899.75,6903.25
1771611000,6903.5,6903.75,6897.25,6901.75
1771611300,6901.75,6901.75,6894.25,6897.75
1771611600,6898.0,6902.5,6887.75,6900.0
1771611900,6900.25,6901.5,6890.75,6895.5
1771612200,6896.0,6919.0,6888.25,6909.25
1771612500,6909.25,6916.0,6894.25,6908.5
1771612800,6908.5,6921.0,6908.0,6918.0
1771613100,6918.0,6931.5,6917.5,6922.0
1771613400,6922.0,6926.25,6913.75,6925.0
1771613700,6925.0,6926.75,6920.5,6924.0
1771614000,6924.25,6929.0,6923.0,6925.75
1771614300,6925.75,6926.0,6919.0,6922.25
1771614600,6922.25,6922.75,6915.25,6916.25
1771614900,6916.25,6917.25,6913.25,6915.25
1771615200,6915.0,6921.25,6914.0,6918.25
1771615500,6918.25,6919.0,6913.5,6917.0
1771615800,6916.75,6922.25,6916.75,6918.75
1771616100,6918.75,6919.75,6914.75,6915.5
1771616400,6915.5,6917.75,6910.5,6911.25
1771616700,6911.5,6913.25,6908.75,6911.5
1771617000,6911.5,6917.5,6910.5,6912.0
1771617300,6912.25,6915.0,6909.75,6911.25
1771617600,6911.5,6919.25,6911.0,6917.25
1771617900,6917.0,6924.25,6917.0,6921.5
1771618200,6921.5,6923.0,6918.75,6922.25
1771618500,6922.25,6922.75,6915.75,6917.0
1771618800,6917.0,6917.75,6913.75,6915.75
1771619100,6915.5,6916.5,6912.0,6914.5
1771619400,6914.5,6918.25,6914.0,6915.5
1771619700,6915.25,6918.25,6913.25,6917.75
1771620000,6917.75,6921.75,6916.5,6921.75
1771620300,6921.5,6922.25,6917.75,6918.0
1771620600,6918.0,6920.75,6914.25,6919.25
1771620900,6919.0,6926.25,6917.0,6924.75
1771621200,6924.75,6928.5,6922.5,6927.25
1771621500,6927.0,6929.0,6925.75,6927.0
1771621800,6927.0,6928.25,6925.5,6928.0
1771622100,6928.0,6928.0,6924.5,6925.0
1771622400,6925.25,6925.75,6923.5,6924.75
1771622700,6924.5,6924.75,6923.75,6924.0
1771623000,6924.0,6925.5,6923.5,6924.5
1771623300,6924.75,6925.5,6924.5,6925.5
1771623600,6925.25,6926.0,6924.5,6924.75
1771623900,6924.75,6925.25,6924.25,6924.5
1771624200,6924.5,6925.0,6923.5,6924.5
1771624500,6924.5,6926.0,6923.0,6923.25
1771801500,6916.5,6916.5,6916.5,6916.5
1771801800,6916.0,6920.25,6916.0,6919.75
1771802100,6919.5,6920.75,6916.0,6916.5
1771802400,6916.25,6916.75,6910.5,6911.0
1771802700,6911.0,6911.0,6904.0,6906.75
1771803000,6906.75,6909.0,6903.75,6907.0
1771803300,6906.75,6909.0,6903.0,6904.0
1771803600,6903.75,6904.5,6900.25,6901.25
1771803900,6901.25,6906.75,6900.25,6905.75
1771804200,6906.0,6907.0,6903.25,6904.25
1771804500,6904.25,6907.5,6903.5,6906.25
1771804800,6906.0,6906.0,6900.5,6900.75
1771805100,6900.75,6901.75,6898.25,6898.75
1771805400,6899.0,6900.25,6897.5,6898.5
1771805700,6898.75,6901.25,6896.25,6896.75
1771806000,6896.5,6896.5,6891.25,6892.0
1771806300,6892.0,6892.25,6886.25,6890.75
1771806600,6890.5,6891.25,6885.0,6887.75
1771806900,6887.5,6889.25,6885.25,6886.5
1771807200,6886.5,6890.0,6885.75,6886.5
1771807500,6886.25,6889.5,6884.75,6886.25
1771807800,6886.0,6888.0,6885.0,6886.25
1771808100,6886.25,6887.5,6878.25,6879.25
1771808400,6879.25,6881.75,6876.5,6880.75
1771808700,6880.5,6882.25,6878.5,6881.25
1771809000,6881.5,6881.75,6878.0,6879.75
1771809300,6879.5,6882.75,6878.25,6882.5
1771809600,6882.25,6885.25,6881.0,6882.0
1771809900,6881.75,6883.5,6879.5,6881.25
1771810200,6881.0,6882.5,6878.0,6880.0
1771810500,6880.0,6881.75,6878.5,6880.0
1771810800,6880.0,6882.25,6878.75,6881.75
1771811100,6881.75,6883.75,6877.0,6880.5
1771811400,6880.25,6881.5,6874.75,6876.5
1771811700,6876.75,6879.5,6875.25,6875.5
1771812000,6875.25,6878.5,6874.5,6876.25
1771812300,6876.5,6878.0,6875.0,6875.5
1771812600,6875.25,6875.25,6870.25,6871.0
1771812900,6871.0,6873.0,6870.25,6871.75
1771813200,6872.0,6874.5,6872.0,6873.0
1771813500,6873.25,6876.25,6873.25,6874.5
1771813800,6874.5,6876.5,6873.75,6875.5
1771814100,6875.5,6875.75,6873.5,6874.5
1771814400,6874.5,6875.75,6874.0,6875.25
1771814700,6875.0,6875.75,6873.75,6874.5
1771815000,6874.5,6875.0,6873.5,6874.0
1771815300,6873.75,6875.0,6873.25,6874.5
1771815600,6874.5,6877.25,6874.25,6875.75
1771815900,6875.5,6878.0,6875.25,6876.25
1771816200,6876.0,6876.25,6874.0,6875.25
1771816500,6875.0,6875.0,6871.75,6872.25
1771816800,6872.25,6874.0,6870.25,6870.25
1771817100,6870.5,6872.75,6869.25,6872.75
1771817400,6872.75,6873.5,6869.5,6870.75
1771817700,6870.75,6871.75,6869.0,6870.0
1771818000,6870.0,6873.25,6870.0,6873.25
1771818300,6873.0,6873.25,6871.5,6872.25
1771818600,6872.0,6872.75,6871.0,6872.25
1771818900,6872.25,6873.25,6871.75,6872.75
1771819200,6873.0,6873.25,6871.0,6871.25
1771819500,6871.5,6874.5,6871.0,6874.0
1771819800,6873.75,6875.25,6873.0,6873.0
1771820100,6873.0,6874.0,6871.25,6873.0
1771820400,6873.25,6873.25,6871.0,6871.5
1771820700,6871.25,6872.0,6870.0,6871.75
1771821000,6871.75,6873.5,6870.75,6871.0
1771821300,6871.0,6871.25,6870.25,6870.25
1771821600,6870.25,6871.25,6867.5,6870.5
1771821900,6870.5,6870.75,6869.25,6870.5
1771822200,6870.5,6871.75,6870.0,6870.5
1771822500,6870.75,6871.25,6870.0,6870.75
1771822800,6871.5,6871.75,6870.0,6870.75
1771823100,6870.5,6871.0,6869.0,6869.25
1771823400,6869.5,6870.25,6868.5,6869.5
1771823700,6869.5,6869.75,6867.75,6868.0
1771824000,6868.0,6870.0,6867.5,6868.75
1771824300,6868.75,6871.0,6868.5,6870.5
1771824600,6870.75,6872.5,6870.25,6871.75
1771824900,6871.75,6874.0,6871.25,6873.5
1771825200,6873.5,6874.5,6873.0,6873.0
1771825500,6873.25,6873.75,6872.25,6872.75
1771825800,6872.75,6874.5,6872.0,6874.25
1771826100,6874.25,6875.0,6873.75,6874.0
1771826400,6874.25,6874.5,6873.0,6874.5
1771826700,6874.25,6874.5,6873.5,6873.5
1771827000,6873.5,6876.5,6873.25,6876.5
1771827300,6876.25,6876.5,6874.5,6875.75
1771827600,6875.75,6876.0,6874.5,6874.75
1771827900,6874.5,6875.75,6874.5,6874.5
1771828200,6874.5,6876.75,6873.75,6876.5
1771828500,6876.5,6878.5,6876.25,6877.25
1771828800,6877.5,6878.0,6876.5,6877.25
1771829100,6877.25,6878.25,6876.25,6877.5
1771829400,6877.75,6879.75,6877.25,6879.5
1771829700,6879.25,6879.5,6877.75,6879.25
1771830000,6879.25,6884.75,6878.5,6883.25
1771830300,6883.25,6884.75,6882.5,6884.0
1771830600,6884.0,6887.75,6883.75,6887.0
1771830900,6887.0,6887.25,6885.0,6885.75
1771831200,6885.5,6886.25,6884.0,6885.25
1771831500,6885.0,6885.5,6883.75,6885.0
1771831800,6885.0,6885.75,6883.0,6885.0
1771832100,6885.0,6886.5,6884.5,6886.0
1771832400,6886.25,6887.0,6885.5,6886.0
1771832700,6886.0,6887.5,6885.75,6887.0
1771833000,6887.0,6887.25,6885.75,6885.75
1771833300,6885.75,6886.75,6885.0,6885.5
1771833600,6885.75,6888.5,6884.25,6884.5
1771833900,6884.5,6885.5,6882.75,6883.75
1771834200,6883.75,6888.25,6883.0,6887.0
1771834500,6887.25,6887.25,6885.25,6885.75
1771834800,6885.5,6887.5,6884.25,6885.5
1771835100,6885.5,6886.75,6883.75,6886.5
1771835400,6886.5,6888.0,6885.75,6886.0
1771835700,6886.5,6886.5,6884.75,6886.5
1771836000,6886.25,6886.25,6881.75,6882.75
1771836300,6882.75,6888.75,6882.75,6888.75
1771836600,6888.75,6891.5,6888.25,6891.0
1771836900,6891.0,6891.75,6890.25,6891.0
1771837200,6891.25,6897.75,6891.25,6897.25
1771837500,6897.5,6898.75,6897.0,6898.75
1771837800,6898.75,6904.5,6898.75,6903.75
1771838100,6904.0,6904.25,6901.25,6902.5
1771838400,6902.5,6903.25,6900.75,6902.25
1771838700,6902.5,6905.0,6902.25,6904.5
1771839000,6904.5,6905.5,6902.25,6903.75
1771839300,6903.75,6908.5,6903.25,6907.5
1771839600,6907.75,6909.5,6907.75,6908.5
1771839900,6908.5,6910.0,6907.5,6908.25
1771840200,6908.0,6909.5,6907.0,6907.5
1771840500,6907.75,6909.0,6907.0,6907.5
1771840800,6908.0,6909.5,6907.0,6907.25
1771841100,6907.5,6909.5,6907.5,6909.0
1771841400,6909.25,6913.25,6909.0,6910.0
1771841700,6910.0,6910.0,6908.25,6909.5
1771842000,6909.25,6909.25,6907.25,6908.75
1771842300,6908.5,6908.5,6899.75,6906.0
1771842600,6905.5,6907.25,6904.5,6906.5
1771842900,6906.75,6907.5,6905.5,6907.5
1771843200,6907.5,6909.5,6907.5,6908.0
1771843500,6908.0,6908.0,6905.75,6906.25
1771843800,6906.25,6907.0,6905.5,6906.0
1771844100,6906.0,6906.5,6904.5,6906.5
1771844400,6906.75,6907.75,6905.0,6906.0
1771844700,6906.25,6906.75,6905.25,6906.0
1771845000,6906.0,6909.5,6905.75,6909.25
1771845300,6909.25,6911.25,6909.0,6909.75
1771845600,6909.75,6909.75,6906.0,6906.0
1771845900,6905.75,6906.25,6905.0,6905.75
1771846200,6906.0,6906.25,6904.0,6904.75
1771846500,6904.5,6904.75,6902.25,6903.0
1771846800,6903.0,6903.25,6901.75,6902.0
1771847100,6902.25,6902.75,6897.25,6897.75
1771847400,6897.25,6897.5,6895.5,6896.0
1771847700,6896.0,6897.75,6892.75,6897.5
1771848000,6897.25,6900.75,6895.25,6898.25
1771848300,6898.25,6900.25,6897.5,6898.25
1771848600,6898.25,6898.25,6895.75,6896.75
1771848900,6892.25,6893.0,6890.5,6892.0
1771849200,6892.0,6893.25,6891.0,6892.0
1771849500,6892.0,6892.0,6890.25,6891.5
1771849800,6891.75,6892.25,6887.0,6888.75
1771850100,6888.5,6892.5,6887.25,6891.25
1771850400,6891.0,6893.5,6889.0,6893.25
1771850700,6893.25,6894.5,6889.5,6889.75
1771851000,6890.0,6891.5,6889.25,6890.75
1771851300,6890.5,6890.75,6886.25,6889.5
1771851600,6889.5,6891.5,6886.0,6890.75
1771851900,6890.5,6895.75,6889.75,6894.5
1771852200,6894.5,6895.5,6891.75,6891.75
1771852500,6891.75,6894.5,6891.25,6892.0
1771852800,6892.0,6896.5,6891.75,6894.5
1771853100,6894.75,6896.75,6894.0,6895.5
1771853400,6895.5,6898.0,6893.25,6893.5
1771853700,6893.5,6898.25,6892.5,6897.75
1771854000,6898.0,6901.25,6898.0,6901.0
1771854300,6901.0,6902.0,6899.5,6900.75
1771854600,6900.75,6903.5,6899.25,6902.25
1771854900,6902.0,6902.0,6897.75,6899.75
1771855200,6899.75,6902.0,6899.5,6901.0
1771855500,6901.0,6903.0,6900.5,6900.75
1771855800,6900.75,6905.75,6899.5,6905.75
1771856100,6905.75,6905.75,6902.5,6902.5
1771856400,6902.75,6903.75,6901.5,6903.25
1771856700,6903.25,6908.75,6903.0,6908.25
1771857000,6908.0,6927.75,6906.75,6924.0
1771857300,6923.75,6930.25,6918.75,6925.5
1771857600,6926.0,6926.0,6904.25,6905.25
1771857900,6905.5,6908.75,6897.25,6898.75
1771858200,6898.5,6911.25,6898.25,6900.75
1771858500,6900.5,6902.25,6892.5,6895.0
1771858800,6894.75,6902.0,6881.5,6882.5
1771859100,6882.25,6886.75,6876.0,6878.5
1771859400,6878.75,6886.25,6874.5,6877.25
1771859700,6877.0,6880.0,6874.75,6879.25
1771860000,6879.0,6885.0,6873.5,6877.75
1771860300,6877.5,6878.0,6872.25,6874.5
1771860600,6874.5,6879.5,6869.0,6869.5
1771860900,6869.5,6874.5,6865.5,6870.5
1771861200,6870.25,6872.0,6863.5,6866.0
1771861500,6866.0,6868.75,6862.75,6865.0
1771861800,6865.0,6868.25,6855.75,6857.25
1771862100,6857.5,6858.5,6851.0,6852.0
1771862400,6851.75,6854.5,6837.5,6842.5
1771862700,6842.25,6843.25,6836.25,6838.5
1771863000,6838.75,6843.5,6835.0,6836.0
1771863300,6836.25,6845.5,6832.75,6844.75
1771863600,6844.75,6850.75,6843.75,6847.25
1771863900,6847.0,6858.75,6846.75,6858.25
1771864200,6858.25,6860.25,6854.5,6855.75
1771864500,6855.75,6859.25,6853.25,6854.25
1771864800,6854.0,6857.0,6851.5,6853.25
1771865100,6853.25,6855.25,6847.25,6850.75
1771865400,6850.5,6855.5,6849.0,6851.25
1771865700,6851.25,6852.5,6847.25,6849.0
1771866000,6849.0,6854.0,6847.25,6850.0
1771866300,6850.0,6854.25,6848.75,6850.0
1771866600,6850.0,6852.0,6845.25,6847.0
1771866900,6847.25,6852.25,6846.5,6847.5
1771867200,6847.5,6851.75,6847.0,6847.75
1771867500,6847.75,6850.0,6846.0,6846.25
1771867800,6846.5,6846.75,6841.75,6843.0
1771868100,6842.75,6843.0,6835.25,6835.25
1771868400,6835.25,6846.25,6835.0,6840.75
1771868700,6840.75,6844.75,6839.0,6840.25
1771869000,6840.25,6851.25,6840.0,6848.75
1771869300,6848.75,6852.75,6847.0,6850.0
1771869600,6849.75,6854.5,6848.75,6853.75
1771869900,6853.5,6858.5,6853.0,6858.25
1771870200,6858.25,6861.5,6856.0,6860.5
1771870500,6860.5,6863.5,6859.5,6861.0
1771870800,6861.25,6867.5,6860.25,6867.25
1771871100,6867.0,6869.25,6865.25,6867.75
1771871400,6867.75,6867.75,6863.75,6866.5
1771871700,6866.75,6868.75,6863.25,6863.5
1771872000,6863.75,6865.25,6857.75,6860.0
1771872300,6860.0,6863.5,6857.5,6861.5
1771872600,6861.75,6862.25,6854.25,6854.75
1771872900,6854.75,6855.5,6847.75,6849.5
1771873200,6849.5,6852.25,6846.75,6847.75
1771873500,6847.5,6851.0,6846.75,6848.75
1771873800,6848.75,6851.25,6846.25,6848.25
1771874100,6848.0,6850.5,6845.5,6847.0
1771874400,6847.0,6848.5,6845.0,6846.75
1771874700,6846.75,6848.5,6841.0,6842.25
1771875000,6842.0,6846.25,6841.5,6842.75
1771875300,6842.5,6842.5,6839.0,6841.0
1771875600,6840.75,6841.0,6834.75,6838.0
1771875900,6838.0,6844.75,6837.0,6843.0
1771876200,6843.0,6844.25,6840.25,6841.0
1771876500,6841.0,6844.75,6838.75,6840.0
1771876800,6840.0,6843.75,6839.25,6841.5
1771877100,6841.5,6842.75,6837.25,6838.25
1771877400,6838.25,6839.75,6835.75,6836.5
1771877700,6836.5,6841.25,6836.5,6839.0
1771878000,6839.0,6840.5,6837.0,6840.25
1771878300,6840.25,6845.0,6840.0,6843.0
1771878600,6843.0,6852.0,6842.5,6850.25
1771878900,6850.5,6850.5,6844.25,6845.75
1771879200,6845.75,6847.5,6841.0,6846.0
1771879500,6846.25,6849.5,6843.25,6849.0
1771879800,6849.0,6852.25,6838.75,6840.0
1771880100,6840.0,6854.5,6838.25,6854.25
1771880400,6854.0,6856.5,6851.0,6854.75
1771880700,6854.75,6857.0,6854.25,6857.0
1771881000,6856.75,6858.75,6856.25,6858.0
1771881300,6858.0,6858.0,6855.25,6856.25
1771881600,6856.25,6858.25,6856.25,6857.0
1771881900,6857.25,6857.25,6856.5,6857.0
1771882200,6857.0,6859.0,6856.0,6857.25
1771882500,6857.5,6857.5,6856.5,6856.5
1771882800,6856.5,6857.25,6856.5,6857.25
1771883100,6857.25,6857.25,6856.25,6856.75
1771883400,6856.75,6857.75,6855.75,6857.75
1771883700,6857.75,6858.75,6857.0,6858.25
1771887600,6858.25,6861.25,6855.75,6857.25
1771887900,6856.75,6862.75,6854.75,6861.5
1771888200,6861.5,6862.75,6858.75,6859.25
1771888500,6859.25,6860.0,6856.25,6857.0
1771888800,6857.25,6858.5,6855.75,6858.0
1771889100,6857.75,6860.75,6857.25,6860.25
1771889400,6860.5,6864.0,6860.0,6863.25
1771889700,6863.0,6863.75,6861.5,6862.5
1771890000,6862.75,6863.25,6859.5,6861.5
1771890300,6861.25,6862.0,6858.75,6859.25
1771890600,6859.0,6860.75,6857.5,6859.75
1771890900,6859.75,6860.0,6856.75,6857.25
1771891200,6857.25,6861.0,6856.0,6859.0
1771891500,6858.75,6859.75,6854.5,6855.5
1771891800,6855.75,6858.75,6855.75,6858.5
1771892100,6858.5,6861.25,6858.25,6861.0
1771892400,6861.0,6862.0,6855.0,6856.0
1771892700,6856.25,6856.25,6853.0,6855.0
1771893000,6855.0,6856.5,6854.0,6854.75
1771893300,6854.75,6858.5,6854.5,6858.0
1771893600,6858.0,6860.5,6858.0,6859.75
1771893900,6859.75,6862.75,6858.75,6862.75
1771894200,6862.5,6863.25,6861.0,6861.0
1771894500,6861.0,6862.0,6858.75,6861.25
1771894800,6861.25,6861.75,6856.75,6859.0
1771895100,6859.0,6860.0,6857.25,6859.5
1771895400,6859.25,6860.0,6858.5,6859.25
1771895700,6859.25,6860.5,6857.0,6859.5
1771896000,6859.5,6863.5,6859.25,6861.0
1771896300,6860.75,6862.75,6859.75,6861.5
1771896600,6861.5,6861.5,6857.25,6861.5
1771896900,6861.5,6862.25,6860.25,6861.0
1771897200,6861.0,6863.75,6858.75,6862.5
1771897500,6862.25,6862.75,6859.75,6862.0
1771897800,6862.25,6862.25,6860.25,6860.75
1771898100,6860.75,6862.5,6859.75,6862.0
1771898400,6862.0,6863.25,6861.0,6861.25
1771898700,6861.5,6862.75,6860.5,6862.75
1771899000,6862.5,6865.5,6862.25,6864.5
1771899300,6864.5,6866.0,6863.75,6865.75
1771899600,6865.75,6869.5,6865.5,6869.5
1771899900,6869.5,6870.75,6869.0,6870.0
1771900200,6869.75,6871.75,6869.0,6871.0
1771900500,6871.0,6872.25,6870.25,6871.0
1771900800,6871.0,6871.5,6869.0,6869.5
1771901100,6869.25,6870.25,6868.25,6870.0
1771901400,6869.75,6870.0,6868.75,6869.5
1771901700,6869.5,6871.0,6869.5,6870.25
1771902000,6870.25,6871.5,6870.0,6871.0
1771902300,6871.0,6871.25,6870.0,6870.5
1771902600,6870.75,6871.0,6869.5,6870.75
1771902900,6870.5,6871.5,6870.0,6871.25
1771903200,6871.0,6872.5,6871.0,6871.75
1771903500,6872.0,6872.5,6871.0,6871.5
1771903800,6871.75,6871.75,6870.5,6870.75
1771904100,6871.0,6871.5,6870.0,6871.25
1771904400,6871.5,6872.5,6871.0,6871.0
1771904700,6870.75,6871.25,6870.0,6870.5
1771905000,6870.75,6871.0,6869.75,6870.5
1771905300,6870.75,6870.75,6870.0,6870.5
1771905600,6870.25,6870.75,6869.75,6870.5
1771905900,6870.75,6871.75,6870.0,6871.5
1771906200,6871.25,6871.75,6870.5,6870.75
1771906500,6870.75,6871.25,6868.75,6871.0
1771906800,6871.0,6872.0,6870.75,6871.75
1771907100,6871.75,6872.5,6871.25,6871.75
1771907400,6872.0,6873.0,6870.5,6870.75
1771907700,6870.75,6871.0,6869.25,6870.5
1771908000,6870.25,6871.75,6870.25,6870.75
1771908300,6870.75,6872.25,6870.5,6872.0
1771908600,6872.0,6873.0,6871.5,6872.25
1771908900,6872.5,6873.0,6871.75,6872.5
1771909500,6874.25,6874.5,6874.25,6874.5
1771909800,6874.75,6875.0,6874.25,6874.25
1771910100,6874.0,6874.25,6869.5,6869.5
1771910400,6869.25,6870.5,6868.75,6869.75
1771910700,6869.75,6871.0,6868.75,6870.0
1771911000,6870.0,6870.0,6866.75,6867.5
1771911300,6867.5,6868.25,6866.0,6867.75
1771911600,6867.75,6868.5,6866.5,6868.25
1771911900,6868.25,6868.25,6864.0,6864.25
1771912200,6864.0,6866.0,6862.75,6865.5
1771912500,6865.25,6865.5,6864.25,6865.25
1771912800,6865.25,6865.75,6864.5,6865.0
1771913100,6865.0,6867.5,6865.0,6867.5
1771913400,6867.25,6867.75,6864.25,6864.75
1771913700,6864.75,6867.0,6864.0,6866.5
1771914000,6866.5,6866.5,6862.25,6862.75
1771914300,6863.0,6864.5,6861.75,6864.0
1771914600,6864.0,6865.0,6862.0,6864.25
1771914900,6864.25,6865.5,6862.5,6865.5
1771915200,6865.5,6866.75,6864.5,6866.0
1771915500,6866.0,6867.0,6865.25,6867.0
1771915800,6867.0,6867.0,6865.5,6865.5
1771916100,6865.25,6867.5,6864.75,6866.75
1771916400,6866.5,6869.75,6866.0,6868.0
1771916700,6868.0,6872.5,6868.0,6871.25
1771917000,6871.5,6871.75,6870.25,6871.5
1771917300,6871.5,6871.75,6869.5,6870.25
1771917600,6870.25,6870.5,6868.75,6869.75
1771917900,6869.5,6872.0,6869.25,6871.5
1771918200,6871.5,6873.0,6870.75,6870.75
1771918500,6870.75,6870.75,6869.0,6869.25
1771918800,6869.25,6869.75,6866.5,6867.25
1771919100,6867.5,6868.0,6866.25,6867.0
1771919400,6867.0,6868.75,6866.75,6867.75
1771919700,6867.5,6868.0,6865.5,6866.25
1771920000,6866.25,6866.5,6855.75,6859.75
1771920300,6859.5,6861.0,6855.5,6858.5
1771920600,6858.75,6860.25,6854.5,6856.75
1771920900,6856.75,6859.75,6853.5,6856.25
1771921200,6856.25,6862.75,6854.5,6862.0
1771921500,6862.0,6862.75,6858.25,6860.25
1771921800,6860.75,6863.25,6857.5,6858.25
1771922100,6858.25,6858.25,6854.75,6858.0
1771922400,6858.25,6858.25,6853.75,6855.75
1771922700,6855.75,6856.25,6850.5,6850.75
1771923000,6850.5,6852.5,6850.25,6851.75
1771923300,6852.0,6857.0,6852.0,6855.75
1771923600,6855.75,6861.0,6855.5,6858.75
1771923900,6858.75,6862.25,6857.5,6862.0
1771924200,6861.75,6867.25,6861.0,6866.25
1771924500,6866.25,6867.5,6864.0,6864.25
1771924800,6864.25,6865.0,6862.75,6863.25
1771925100,6863.0,6865.0,6862.5,6863.5
1771925400,6863.25,6863.75,6859.25,6859.25
1771925700,6859.5,6863.5,6857.75,6863.5
1771926000,6863.5,6864.75,6863.0,6864.5
1771926300,6864.5,6867.5,6863.75,6867.0
1771926600,6867.25,6868.25,6866.5,6867.0
1771926900,6867.0,6868.25,6867.0,6868.0
1771927200,6868.0,6871.25,6867.5,6871.25
1771927500,6871.25,6871.25,6867.5,6868.25
1771927800,6868.25,6868.75,6866.75,6866.75
1771928100,6866.75,6867.75,6865.25,6867.5
1771928400,6867.5,6867.75,6866.0,6866.25
1771928700,6866.0,6866.75,6865.25,6866.25
1771929000,6866.25,6866.75,6864.0,6865.0
1771929300,6864.75,6867.25,6864.25,6864.25
1771929600,6864.25,6867.0,6863.25,6867.0
1771929900,6866.75,6866.75,6862.75,6863.5
1771930200,6863.5,6866.0,6862.5,6865.75
1771930500,6866.0,6866.5,6865.25,6866.0
1771930800,6866.25,6869.25,6865.5,6868.0
1771931100,6868.0,6869.25,6866.0,6866.0
1771931400,6866.0,6867.0,6864.25,6864.25
1771931700,6864.5,6865.75,6863.75,6863.75
1771932000,6864.0,6864.25,6861.5,6862.0
1771932300,6862.0,6863.75,6861.75,6862.75
1771932600,6863.0,6864.25,6862.5,6862.5
1771932900,6862.5,6863.0,6860.25,6860.5
1771933200,6860.25,6862.25,6859.75,6861.75
1771933500,6861.75,6864.0,6860.75,6861.0
1771933800,6861.0,6862.75,6860.75,6861.25
1771934100,6861.5,6865.0,6861.0,6864.5
1771934400,6864.5,6868.5,6863.25,6867.0
1771934700,6867.25,6871.5,6866.0,6866.75
1771935000,6866.75,6868.5,6864.0,6866.25
1771935300,6866.25,6866.75,6861.0,6861.75
1771935600,6861.75,6862.5,6858.25,6860.0
1771935900,6860.25,6862.25,6858.75,6859.0
1771936200,6859.0,6859.25,6854.75,6855.25
1771936500,6855.5,6855.5,6851.25,6851.5
1771936800,6851.5,6851.5,6847.0,6850.0
1771937100,6850.0,6850.5,6845.75,6846.5
1771937400,6846.75,6852.25,6846.25,6851.75
1771937700,6851.5,6851.75,6848.75,6850.0
1771938000,6850.25,6854.0,6849.75,6853.0
1771938300,6852.75,6853.25,6849.25,6852.25
1771938600,6852.25,6853.25,6849.5,6850.75
1771938900,6850.5,6855.0,6850.0,6853.5
1771939200,6853.5,6854.25,6851.25,6854.0
1771939500,6854.0,6857.75,6854.0,6857.5
1771939800,6857.5,6860.5,6856.0,6857.25
1771940100,6857.25,6857.75,6854.5,6854.75
1771940400,6854.75,6861.75,6853.75,6860.75
1771940700,6860.75,6864.5,6860.5,6862.5
1771941000,6862.5,6864.5,6861.5,6864.0
1771941300,6864.0,6866.25,6863.0,6863.25
1771941600,6863.25,6863.25,6859.0,6859.5
1771941900,6859.5,6859.75,6856.75,6857.25
1771942200,6857.0,6858.5,6854.0,6856.75
1771942500,6856.75,6857.0,6852.5,6853.0
1771942800,6853.25,6853.5,6849.75,6850.25
1771943100,6850.25,6851.75,6845.0,6847.25
1771943400,6847.5,6850.75,6834.25,6836.25
1771943700,6836.25,6855.0,6828.5,6851.5
1771944000,6851.5,6873.0,6850.75,6872.25
1771944300,6872.25,6883.75,6869.25,6877.75
1771944600,6877.75,6878.75,6868.0,6870.25
1771944900,6870.0,6870.25,6856.75,6861.0
1771945200,6861.0,6862.0,6848.75,6855.75
1771945500,6855.5,6869.5,6855.0,6867.5
1771945800,6867.75,6871.25,6858.5,6861.25
1771946100,6861.0,6872.75,6859.5,6870.75
1771946400,6870.75,6881.25,6869.5,6880.75
1771946700,6881.0,6893.25,6878.5,6892.5
1771947000,6892.5,6894.5,6888.5,6890.75
1771947300,6890.75,6891.0,6885.5,6888.25
1771947600,6888.25,6895.0,6887.0,6892.25
1771947900,6892.25,6892.5,6887.25,6889.75
1771948200,6889.75,6889.75,6883.75,6885.5
1771948500,6885.5,6887.5,6880.75,6883.0
1771948800,6882.75,6890.75,6882.25,6890.0
1771949100,6890.0,6892.75,6887.5,6890.75
1771949400,6890.75,6898.25,6888.5,6895.5
1771949700,6895.25,6897.0,6889.25,6891.25
1771950000,6891.25,6891.5,6887.0,6889.0
1771950300,6889.25,6891.5,6888.25,6890.25
1771950600,6890.5,6890.5,6880.75,6882.0
1771950900,6881.75,6887.75,6881.25,6886.75
1771951200,6886.5,6890.75,6883.75,6885.0
1771951500,6884.75,6889.75,6884.25,6887.75
1771951800,6887.75,6894.5,6886.0,6893.5
1771952100,6893.25,6896.25,6892.0,6894.0
1771952400,6893.75,6897.75,6893.25,6895.0
1771952700,6895.25,6899.75,6895.0,6899.75
1771953000,6899.75,6904.75,6899.5,6902.0
1771953300,6901.75,6905.5,6901.0,6902.75
1771953600,6902.75,6905.25,6902.5,6904.25
1771953900,6904.0,6907.5,6903.75,6905.0
1771954200,6904.75,6906.0,6903.0,6904.0
1771954500,6904.0,6904.5,6902.25,6903.75
1771954800,6903.75,6904.5,6900.5,6900.75
1771955100,6901.0,6905.5,6898.75,6904.5
1771955400,6904.5,6906.0,6902.5,6903.25
1771955700,6903.25,6904.5,6901.75,6903.25
1771956000,6903.25,6910.5,6902.5,6909.25
1771956300,6909.25,6909.25,6904.75,6905.0
1771956600,6905.25,6906.25,6903.25,6904.25
1771956900,6904.0,6904.5,6901.75,6902.5
1771957200,6902.25,6903.25,6900.0,6900.5
1771957500,6900.25,6901.5,6898.5,6899.75
1771957800,6899.75,6902.75,6898.0,6901.5
1771958100,6901.25,6907.0,6900.0,6906.25
1771958400,6906.25,6907.75,6904.5,6906.5
1771958700,6906.75,6908.25,6904.0,6905.75
1771959000,6906.0,6907.75,6905.75,6906.75
1771959300,6906.75,6907.5,6903.75,6903.75
1771959600,6903.75,6905.5,6903.0,6903.25
1771959900,6903.5,6904.25,6900.75,6901.75
1771960200,6902.0,6902.75,6899.5,6901.25
1771960500,6901.0,6901.25,6895.75,6898.0
1771960800,6898.0,6899.0,6895.75,6897.0
1771961100,6897.0,6900.0,6896.0,6898.0
1771961400,6898.25,6900.5,6897.25,6897.75
1771961700,6897.75,6899.75,6897.0,6899.25
1771962000,6899.25,6902.75,6898.75,6901.0
1771962300,6901.25,6902.75,6899.25,6901.0
1771962600,6901.0,6906.0,6901.0,6901.25
1771962900,6901.25,6902.5,6900.0,6900.75
1771963200,6900.5,6902.75,6898.75,6899.75
1771963500,6899.75,6900.75,6896.75,6898.0
1771963800,6897.75,6898.25,6895.0,6896.0
1771964100,6896.25,6898.25,6894.0,6898.0
1771964400,6898.0,6900.5,6896.75,6897.5
1771964700,6897.5,6899.25,6894.25,6894.5
1771965000,6894.5,6900.5,6894.25,6899.25
1771965300,6899.0,6900.25,6896.75,6897.25
1771965600,6897.25,6902.0,6896.75,6901.5
1771965900,6901.5,6905.75,6901.0,6904.5
1771966200,6904.25,6912.75,6903.25,6908.0
1771966500,6907.75,6908.0,6901.75,6903.0
1771966800,6903.25,6905.0,6900.5,6901.5
1771967100,6901.5,6901.5,6899.0,6900.0
1771967400,6900.0,6902.25,6899.75,6901.75
1771967700,6901.75,6902.0,6900.0,6900.5
1771968000,6900.5,6902.0,6900.5,6901.25
1771968300,6901.25,6901.25,6900.25,6900.75
1771968600,6900.75,6901.75,6900.25,6900.25
1771968900,6900.25,6901.75,6900.25,6900.75
1771969200,6900.75,6901.0,6900.0,6900.0
1771969500,6900.25,6901.25,6899.5,6900.75
1771969800,6900.5,6900.75,6899.5,6899.5
1771970100,6899.5,6900.25,6899.25,6900.0
1771974000,6900.25,6902.0,6897.25,6897.25
1771974300,6897.5,6898.0,6895.75,6897.75
1771974600,6897.75,6901.75,6897.5,6901.25
1771974900,6901.25,6902.25,6899.75,6900.25
1771975200,6900.0,6900.75,6899.0,6900.5
1771975500,6900.5,6901.75,6900.25,6901.25
1771975800,6901.25,6903.5,6900.0,6903.25
1771976100,6903.0,6903.5,6901.5,6903.5
1771976400,6903.5,6904.0,6902.5,6903.0
1771976700,6903.0,6903.25,6902.0,6902.75
1771977000,6902.5,6903.25,6902.0,6902.75
1771977300,6902.75,6906.0,6902.5,6904.25
1771977600,6904.25,6904.25,6901.25,6902.25
1771977900,6902.0,6903.75,6901.25,6903.0
1771978200,6903.0,6903.5,6901.0,6901.5
1771978500,6901.5,6903.0,6901.0,6902.5
1771978800,6902.5,6904.0,6902.5,6903.25
1771979100,6903.25,6903.25,6900.25,6901.0
1771979400,6901.25,6902.0,6899.25,6901.25
1771979700,6901.25,6904.5,6900.5,6903.75
1771980000,6904.0,6907.25,6903.75,6907.0
1771980300,6907.0,6908.75,6904.75,6908.0
1771980600,6907.75,6909.75,6907.75,6908.25
1771980900,6908.25,6908.5,6907.25,6908.5
1771981200,6908.5,6911.5,6907.0,6909.25
1771981500,6909.5,6910.25,6908.25,6908.75
1771981800,6908.5,6912.0,6908.5,6911.5
1771982100,6911.5,6914.75,6910.0,6912.75
1771982400,6912.75,6913.25,6908.75,6909.5
1771982700,6909.75,6911.25,6909.25,6910.5
1771983000,6910.5,6911.5,6909.0,6911.0
1771983300,6911.25,6913.0,6911.25,6912.75
1771983600,6912.5,6914.0,6912.25,6912.75
1771983900,6913.0,6916.0,6913.0,6915.25
1771984200,6915.5,6916.25,6914.75,6915.5
1771984500,6915.5,6915.75,6914.25,6914.5
1771984800,6914.5,6916.25,6912.25,6913.0
1771985100,6913.0,6914.25,6912.5,6913.0
1771985400,6913.25,6914.75,6913.0,6914.5
1771985700,6914.5,6914.5,6912.25,6914.25
1771986000,6914.25,6916.5,6913.5,6914.5
1771986300,6914.25,6915.5,6914.0,6915.25
1771986600,6915.25,6917.5,6915.25,6916.25
1771986900,6916.0,6917.5,6915.5,6915.75
1771987200,6915.5,6916.25,6914.5,6914.75
1771987500,6915.0,6916.25,6914.5,6915.75
1771987800,6915.75,6916.25,6913.75,6915.5
1771988100,6915.75,6916.75,6915.0,6916.75
1771988400,6916.75,6916.75,6914.5,6914.75
1771988700,6914.75,6915.0,6911.0,6911.75
1771989000,6911.75,6912.75,6910.5,6911.25
1771989300,6911.25,6911.5,6907.75,6909.25
1771989600,6909.0,6909.25,6906.0,6907.25
1771989900,6907.0,6909.25,6906.5,6908.25
1771990200,6908.25,6910.0,6892.25,6902.5
1771990500,6902.75,6905.25,6900.75,6903.5
1771990800,6903.5,6908.0,6903.5,6906.5
1771991100,6906.5,6909.25,6905.75,6908.25
1771991400,6908.25,6911.0,6908.0,6911.0
1771991700,6911.0,6912.5,6909.75,6910.0
1771992000,6910.0,6910.25,6905.75,6907.5
1771992300,6907.5,6907.75,6906.0,6906.75
1771992600,6906.75,6906.75,6903.25,6904.75
1771992900,6904.75,6905.75,6903.5,6904.25
1771993200,6904.5,6905.75,6904.25,6904.75
1771993500,6905.0,6907.75,6904.5,6907.5
1771993800,6907.75,6909.5,6907.75,6908.5
1771994100,6908.5,6909.5,6907.75,6908.5
1771994400,6908.75,6908.75,6907.75,6908.0
1771994700,6908.25,6909.0,6907.5,6908.5
1771995000,6908.5,6908.75,6907.5,6907.5
1771995300,6907.5,6907.75,6905.5,6906.0
1771995900,6908.25,6909.75,6908.0,6909.75
1771996200,6909.75,6910.25,6906.5,6907.0
1771996500,6907.0,6907.25,6905.75,6906.25
1771996800,6906.25,6906.25,6903.5,6904.0
1771997100,6904.0,6905.5,6903.75,6904.5
1771997400,6904.75,6905.75,6903.25,6903.5
1771997700,6903.5,6905.25,6902.75,6905.0
1771998000,6905.25,6905.25,6903.5,6904.5
1771998300,6904.75,6907.75,6904.5,6907.0
1771998600,6907.25,6907.5,6905.0,6905.0
1771998900,6905.0,6905.25,6903.25,6904.25
1771999200,6904.0,6904.5,6902.5,6903.5
1771999500,6903.5,6905.25,6903.5,6904.5
1771999800,6904.75,6906.0,6904.25,6906.0
1772000100,6906.0,6906.5,6904.75,6906.25
1772000400,6906.25,6908.75,6905.75,6907.25
1772000700,6907.5,6909.5,6905.75,6906.0
1772001000,6905.75,6908.0,6905.0,6907.5
1772001300,6907.5,6909.25,6907.25,6908.25
1772001600,6908.5,6908.5,6906.5,6907.0
1772001900,6906.75,6907.0,6904.75,6906.25
1772002200,6906.25,6906.5,6905.5,6905.75
1772002500,6905.75,6906.0,6905.25,6905.5
1772002800,6905.75,6907.75,6904.5,6906.5
1772003100,6906.5,6907.0,6905.0,6907.0
1772003400,6907.5,6908.25,6905.5,6905.5
1772003700,6905.5,6906.75,6904.0,6904.5
1772004000,6904.75,6906.25,6904.25,6905.25
1772004300,6905.0,6905.75,6904.0,6905.5
1772004600,6905.5,6905.5,6902.75,6903.0
1772004900,6903.0,6903.25,6901.0,6903.0
1772005200,6903.25,6904.25,6902.5,6903.0
1772005500,6903.0,6904.5,6903.0,6903.75
1772005800,6904.25,6905.75,6904.0,6905.0
1772006100,6905.25,6905.25,6903.5,6903.75
1772006400,6903.5,6911.0,6903.5,6911.0
1772006700,6911.0,6912.5,6907.25,6908.5
1772007000,6908.5,6909.25,6906.5,6908.25
1772007300,6908.25,6911.0,6906.75,6911.0
1772007600,6911.0,6913.5,6911.0,6912.5
1772007900,6912.5,6914.5,6911.75,6912.0
1772008200,6912.0,6912.75,6909.5,6910.0
1772008500,6909.75,6913.25,6909.75,6911.5
1772008800,6911.75,6913.25,6911.5,6912.5
1772009100,6912.75,6914.25,6911.0,6914.0
1772009400,6914.25,6914.25,6910.75,6911.5
1772009700,6911.5,6913.0,6911.0,6912.25
1772010000,6912.0,6913.0,6910.5,6911.25
1772010300,6911.0,6913.25,6909.0,6913.0
1772010600,6913.0,6914.5,6912.75,6914.0
1772010900,6914.0,6914.5,6912.0,6913.0
1772011200,6913.0,6914.25,6912.25,6912.25
1772011500,6912.5,6913.5,6910.75,6912.0
1772011800,6912.0,6913.0,6911.5,6912.75
1772012100,6912.75,6914.0,6911.5,6914.0
1772012400,6913.75,6915.5,6913.25,6915.25
1772012700,6915.25,6915.75,6912.5,6913.5
1772013000,6913.25,6914.5,6912.75,6914.5
1772013300,6914.25,6915.5,6914.25,6914.75
1772013600,6915.0,6915.5,6912.5,6912.75
1772013900,6912.75,6913.0,6911.0,6912.25
1772014200,6912.25,6912.75,6911.5,6912.5
1772014500,6912.5,6913.25,6911.5,6911.75
1772014800,6911.75,6914.75,6911.0,6913.25
1772015100,6913.25,6915.0,6912.75,6914.0
1772015400,6913.75,6914.75,6913.25,6913.75
1772015700,6914.0,6917.5,6914.0,6916.5
1772016000,6916.5,6917.5,6916.0,6916.25
1772016300,6916.25,6916.25,6915.0,6915.5
1772016600,6915.25,6915.5,6912.5,6912.75
1772016900,6912.75,6913.25,6911.0,6912.25
1772017200,6912.25,6913.0,6911.5,6912.0
1772017500,6912.0,6913.25,6911.25,6912.5
1772017800,6912.5,6913.5,6912.5,6913.25
1772018100,6913.5,6914.25,6912.5,6912.75
1772018400,6913.0,6915.25,6912.25,6914.5
1772018700,6914.25,6915.0,6914.25,6914.25
1772019000,6914.5,6918.0,6914.5,6917.5
1772019300,6917.5,6919.25,6917.25,6919.25
1772019600,6919.5,6920.25,6918.5,6920.25
1772019900,6920.25,6922.25,6919.75,6921.25
1772020200,6921.0,6923.5,6921.0,6922.75
1772020500,6923.0,6924.25,6922.75,6924.0
1772020800,6923.75,6924.5,6921.5,6922.25
1772021100,6922.25,6923.25,6921.25,6923.0
1772021400,6922.75,6923.75,6920.0,6921.75
1772021700,6921.75,6926.0,6921.25,6924.75
1772022000,6925.0,6928.75,6925.0,6927.0
1772022300,6927.25,6928.0,6924.5,6925.0
1772022600,6925.0,6927.0,6922.75,6926.0
1772022900,6926.0,6927.5,6925.25,6926.0
1772023200,6926.0,6926.0,6924.0,6925.0
1772023500,6925.0,6927.25,6924.0,6926.0
1772023800,6926.25,6928.5,6925.75,6927.5
1772024100,6927.75,6928.25,6925.0,6926.25
1772024400,6926.25,6927.75,6925.25,6926.5
1772024700,6926.25,6928.5,6926.0,6927.25
1772025000,6927.25,6928.5,6926.75,6928.25
1772025300,6928.5,6928.5,6926.5,6926.75
1772025600,6927.0,6927.0,6923.75,6925.75
1772025900,6925.75,6927.0,6925.5,6926.0
1772026200,6926.25,6926.25,6922.0,6923.25
1772026500,6923.25,6924.75,6922.5,6923.75
1772026800,6923.75,6925.0,6923.0,6923.5
1772027100,6923.5,6925.25,6922.75,6924.75
1772027400,6924.75,6926.0,6924.0,6925.75
1772027700,6925.75,6929.5,6925.75,6927.0
1772028000,6927.25,6930.5,6927.25,6928.25
1772028300,6928.5,6932.75,6927.75,6932.25
1772028600,6932.5,6936.5,6931.75,6931.75
1772028900,6931.75,6932.25,6926.75,6928.75
1772029200,6928.75,6930.25,6928.0,6929.5
1772029500,6929.5,6932.5,6928.25,6930.5
1772029800,6930.5,6941.25,6929.75,6937.0
1772030100,6937.25,6943.0,6936.0,6940.0
1772030400,6940.25,6942.0,6935.0,6938.0
1772030700,6937.75,6947.75,6937.75,6945.75
1772031000,6945.75,6949.0,6941.5,6942.75
1772031300,6942.75,6943.75,6937.0,6942.0
1772031600,6942.0,6944.75,6938.0,6938.25
1772031900,6938.5,6939.5,6932.5,6934.75
1772032200,6934.75,6937.25,6932.0,6933.75
1772032500,6933.75,6936.75,6931.0,6935.0
1772032800,6934.75,6938.0,6931.25,6936.0
1772033100,6935.75,6941.0,6934.5,6940.25
1772033400,6940.0,6942.25,6932.25,6932.75
1772033700,6932.75,6934.0,6930.5,6932.25
1772034000,6932.25,6936.25,6931.75,6934.0
1772034300,6934.25,6937.25,6932.75,6933.75
1772034600,6933.75,6936.5,6932.25,6933.5
1772034900,6933.5,6937.5,6930.25,6937.0
1772035200,6937.0,6940.75,6936.5,6938.25
1772035500,6938.25,6941.75,6936.75,6941.75
1772035800,6941.75,6943.0,6939.5,6940.25
1772036100,6940.25,6940.25,6935.75,6937.0
1772036400,6937.25,6940.5,6935.75,6939.75
1772036700,6939.75,6944.75,6939.5,6943.5
1772037000,6943.75,6947.5,6943.25,6944.0
1772037300,6943.75,6946.0,6942.75,6945.25
1772037600,6945.5,6948.75,6945.0,6948.0
1772037900,6948.0,6953.0,6947.75,6951.25
1772038200,6951.25,6952.5,6949.5,6949.75
1772038500,6950.0,6950.5,6948.5,6949.25
1772038800,6949.5,6952.0,6948.5,6950.75
1772039100,6951.0,6952.0,6947.0,6949.75
1772039400,6950.0,6952.25,6949.5,6951.75
1772039700,6952.0,6952.5,6951.0,6951.75
1772040000,6952.0,6952.25,6950.75,6951.75
1772040300,6951.5,6951.75,6948.25,6948.5
1772040600,6948.5,6950.5,6946.75,6949.25
1772040900,6949.5,6952.0,6949.0,6951.0
1772041200,6951.25,6953.5,6951.0,6952.0
1772041500,6952.25,6954.0,6951.25,6951.75
1772041800,6951.75,6954.75,6951.5,6954.0
1772042100,6954.0,6954.5,6953.25,6954.5
1772042400,6954.5,6956.0,6953.5,6953.75
1772042700,6954.0,6954.5,6953.0,6953.75
1772043000,6954.0,6955.25,6953.25,6953.75
1772043300,6953.75,6953.75,6952.0,6952.75
1772043600,6952.75,6953.0,6951.5,6951.75
1772043900,6951.75,6952.5,6950.75,6952.0
1772044200,6952.0,6953.75,6951.75,6952.0
1772044500,6951.75,6952.0,6951.0,6952.0
1772044800,6951.75,6955.25,6951.75,6954.5
1772045100,6954.25,6954.75,6953.5,6954.5
1772045400,6954.5,6956.0,6954.25,6955.0
1772045700,6955.0,6955.0,6953.25,6953.75
1772046000,6954.0,6957.5,6953.75,6956.5
1772046300,6956.25,6958.75,6955.5,6958.25
1772046600,6958.0,6959.0,6957.25,6957.5
1772046900,6957.25,6959.5,6956.5,6959.0
1772047200,6959.0,6959.75,6957.5,6958.25
1772047500,6958.25,6958.5,6957.25,6957.5
1772047800,6957.5,6961.25,6957.5,6960.75
1772048100,6960.75,6962.0,6960.5,6961.0
1772048400,6961.25,6962.0,6959.5,6959.5
1772048700,6959.75,6961.75,6959.25,6960.75
1772049000,6961.0,6961.25,6960.0,6960.25
1772049300,6960.5,6961.25,6959.25,6959.5
1772049600,6959.5,6962.25,6959.5,6960.0
1772049900,6960.0,6961.0,6959.75,6960.0
1772050200,6960.25,6960.25,6958.5,6959.5
1772050500,6959.75,6960.5,6959.0,6959.75
1772050800,6960.0,6960.0,6956.75,6958.25
1772051100,6958.5,6959.5,6957.75,6957.75
1772051400,6957.75,6958.5,6956.0,6957.0
1772051700,6957.0,6960.5,6956.5,6960.25
1772052000,6960.25,6961.5,6959.0,6959.25
1772052300,6959.25,6962.75,6959.0,6961.0
1772052600,6961.25,6965.75,6958.75,6963.25
1772052900,6963.5,6963.5,6958.25,6959.5
1772053200,6959.5,6962.0,6958.25,6960.75
1772053500,6961.0,6963.5,6960.75,6962.5
1772053800,6962.5,6963.25,6960.75,6961.75
1772054100,6962.0,6962.5,6959.25,6959.75
1772054400,6959.5,6962.5,6959.5,6960.25
1772054700,6960.5,6963.25,6958.5,6961.75
1772055000,6962.0,6983.75,6960.25,6976.75
1772055300,6976.5,6980.75,6972.75,6978.25
1772055600,6978.25,6978.5,6971.5,6973.5
1772055900,6973.5,6974.0,6969.0,6972.25
1772056200,6972.0,6976.5,6970.75,6975.5
1772056500,6975.75,6977.75,6975.0,6975.5
1772060400,6965.0,6969.25,6960.25,6962.0
1772060700,6962.25,6967.75,6959.75,6967.0
1772061000,6967.0,6967.0,6961.75,6962.5
1772061300,6962.5,6964.75,6960.25,6960.75
1772061600,6961.0,6961.25,6959.75,6960.0
1772061900,6960.0,6961.5,6958.25,6961.5
1772062200,6961.25,6961.75,6954.75,6955.5
1772062500,6955.5,6956.25,6951.0,6951.75
1772062800,6951.75,6951.75,6941.75,6948.75
1772063100,6948.5,6953.25,6947.25,6950.25
1772063400,6950.5,6951.5,6946.75,6948.25
1772063700,6948.0,6950.5,6947.75,6948.5
1772064000,6948.5,6952.75,6946.0,6949.0
1772064300,6949.0,6950.75,6947.5,6949.5
1772064600,6949.5,6953.25,6949.25,6952.5
1772064900,6952.5,6953.25,6950.75,6951.25
1772065200,6951.5,6953.0,6950.75,6951.25
1772065500,6951.25,6954.25,6949.5,6953.5
1772065800,6953.75,6954.75,6952.0,6953.5
1772066100,6953.25,6954.0,6950.25,6950.75
1772066400,6951.0,6951.25,6948.0,6949.5
1772066700,6949.75,6950.75,6949.0,6950.25
1772067000,6950.25,6952.0,6949.75,6951.5
1772067300,6951.5,6952.0,6948.75,6950.0
1772067600,6950.0,6950.75,6948.0,6949.25
1772067900,6949.5,6949.5,6945.25,6945.25
1772068200,6945.25,6949.25,6944.75,6948.75
1772068500,6949.0,6949.25,6947.25,6949.25
1772068800,6949.5,6950.25,6946.0,6947.0
1772069100,6947.0,6948.25,6943.0,6943.0
1772069400,6943.0,6946.0,6941.25,6945.5
1772069700,6945.25,6948.25,6945.25,6947.75
1772070000,6948.0,6951.25,6948.0,6950.5
1772070300,6950.5,6951.5,6949.5,6950.75
1772070600,6950.5,6950.75,6949.5,6950.75
1772070900,6950.5,6952.5,6949.75,6951.5
1772071200,6951.5,6952.75,6949.0,6949.75
1772071500,6950.0,6950.0,6946.25,6949.0
1772071800,6949.25,6949.75,6946.25,6947.0
1772072100,6947.25,6949.75,6947.25,6949.25
1772072400,6949.5,6950.5,6948.0,6948.75
1772072700,6948.75,6949.25,6948.0,6948.25
1772073000,6948.5,6949.0,6947.25,6947.25
1772073300,6947.25,6948.5,6946.75,6947.75
1772073600,6947.75,6948.0,6946.5,6947.5
1772073900,6947.75,6948.5,6947.75,6947.75
1772074200,6948.0,6949.75,6948.0,6948.75
1772074500,6948.75,6949.75,6948.5,6949.5
1772074800,6949.5,6950.5,6948.75,6949.0
1772075100,6949.0,6949.0,6947.5,6947.75
1772075400,6948.0,6949.0,6947.75,6948.75
1772075700,6948.5,6950.0,6948.5,6948.5
1772076000,6948.75,6950.0,6948.5,6949.5
1772076300,6949.5,6950.25,6949.5,6949.75
1772076600,6949.75,6950.75,6949.25,6950.5
1772076900,6950.5,6951.5,6950.25,6950.75
1772077200,6950.75,6953.25,6950.75,6951.25
1772077500,6951.0,6952.25,6951.0,6951.5
1772077800,6951.25,6951.25,6950.0,6950.0
1772078100,6950.0,6950.5,6948.5,6949.0
1772078400,6949.0,6950.25,6948.0,6948.75
1772078700,6948.75,6950.5,6948.25,6950.25
1772079000,6950.0,6950.25,6948.25,6948.25
1772079300,6948.5,6949.0,6947.5,6948.75
1772079600,6949.0,6949.25,6948.25,6948.5
1772079900,6948.5,6948.75,6947.75,6948.25
1772080200,6948.25,6948.5,6947.25,6947.5
1772080500,6947.5,6949.75,6947.5,6949.25
1772080800,6949.5,6949.5,6948.5,6948.75
1772081100,6948.5,6948.75,6947.75,6948.75
1772081400,6949.0,6949.75,6948.75,6949.25
1772081700,6949.25,6949.25,6948.5,6948.5
1772082300,6945.25,6946.0,6944.75,6946.0
1772082600,6946.0,6946.5,6944.25,6944.25
1772082900,6944.25,6946.75,6943.75,6946.5
1772083200,6946.75,6947.25,6946.0,6946.25
1772083500,6946.5,6946.75,6945.25,6945.5
1772083800,6945.5,6945.75,6944.75,6945.25
1772084100,6945.25,6945.75,6944.5,6945.0
1772084400,6945.0,6946.25,6945.0,6946.0
1772084700,6946.0,6948.0,6946.0,6947.0
1772085000,6947.0,6947.0,6945.25,6945.5
1772085300,6945.75,6947.5,6945.75,6947.0
1772085600,6947.25,6949.75,6947.0,6947.0
1772085900,6947.0,6950.25,6947.0,6950.0
1772086200,6950.0,6951.25,6949.5,6951.25
1772086500,6951.5,6951.5,6948.25,6949.5
1772086800,6949.5,6950.5,6948.5,6949.5
1772087100,6949.5,6949.5,6947.75,6948.25
1772087400,6948.0,6951.0,6947.0,6950.25
1772087700,6950.0,6951.5,6949.75,6951.25
1772088000,6951.25,6951.5,6950.25,6951.0
1772088300,6951.25,6954.0,6950.75,6952.0
1772088600,6951.75,6952.75,6949.5,6950.0
1772088900,6950.0,6950.75,6949.5,6949.75
1772089200,6949.75,6953.0,6949.5,6952.25
1772089500,6952.0,6953.5,6951.5,6953.5
1772089800,6953.5,6954.0,6951.25,6953.25
1772090100,6953.0,6953.5,6952.0,6952.75
1772090400,6952.75,6954.25,6950.25,6950.5
1772090700,6950.25,6951.5,6949.5,6951.25
1772091000,6951.25,6953.0,6951.0,6951.75
1772091300,6952.0,6952.25,6950.75,6951.5
1772091600,6951.25,6954.75,6951.25,6954.5
1772091900,6954.5,6955.75,6952.75,6954.0
1772092200,6953.75,6954.0,6952.5,6953.75
1772092500,6953.75,6954.0,6951.0,6951.25
1772092800,6951.25,6953.75,6950.5,6952.5
1772093100,6952.25,6953.75,6951.25,6952.0
1772093400,6951.75,6955.5,6951.25,6954.5
1772093700,6954.5,6959.0,6954.5,6958.75
1772094000,6958.25,6960.25,6954.75,6955.75
1772094300,6955.75,6956.75,6954.25,6956.25
1772094600,6956.5,6957.25,6952.0,6953.25
1772094900,6953.5,6955.25,6951.75,6953.25
1772095200,6953.25,6953.5,6951.75,6952.25
1772095500,6952.25,6953.0,6950.75,6951.5
1772095800,6951.75,6953.0,6951.5,6952.0
1772096100,6952.25,6954.5,6952.0,6952.75
1772096400,6952.75,6955.0,6952.25,6952.5
1772096700,6952.5,6954.0,6951.75,6953.0
1772097000,6953.0,6956.25,6952.75,6956.25
1772097300,6956.25,6957.75,6955.5,6955.75
1772097600,6955.75,6957.5,6955.5,6955.5
1772097900,6955.5,6958.25,6955.25,6957.75
1772098200,6957.75,6960.25,6956.75,6958.75
1772098500,6958.75,6961.5,6958.75,6961.5
1772098800,6961.5,6962.25,6961.0,6961.5
1772099100,6961.5,6963.5,6961.5,6963.0
1772099400,6962.75,6962.75,6958.5,6959.0
1772099700,6959.0,6959.25,6958.0,6958.75
1772100000,6958.75,6959.0,6957.25,6958.0
1772100300,6958.25,6959.25,6956.75,6958.5
1772100600,6958.5,6960.75,6958.5,6959.0
1772100900,6959.0,6959.5,6956.75,6957.25
1772101200,6957.5,6957.75,6955.5,6955.75
1772101500,6956.0,6956.75,6954.75,6955.25
1772101800,6955.0,6957.25,6954.75,6955.5
1772102100,6955.5,6955.75,6953.0,6954.75
1772102400,6954.75,6956.25,6954.75,6956.0
1772102700,6955.75,6956.5,6955.0,6955.0
1772103000,6955.0,6955.25,6953.0,6953.25
1772103300,6953.0,6953.75,6951.5,6953.5
1772103600,6953.75,6954.75,6952.25,6954.25
1772103900,6954.25,6955.5,6953.5,6954.25
1772104200,6954.75,6955.75,6953.25,6954.75
1772104500,6954.25,6954.25,6953.5,6954.0
1772104800,6954.0,6955.75,6953.5,6955.5
1772105100,6955.75,6957.5,6955.75,6956.75
1772105400,6956.75,6958.0,6956.25,6957.25
1772105700,6957.5,6958.0,6956.0,6956.75
1772106000,6956.75,6956.75,6954.5,6954.75
1772106300,6954.75,6957.0,6953.5,6957.0
1772106600,6957.0,6957.75,6955.5,6956.5
1772106900,6957.0,6958.75,6956.25,6957.25
1772107200,6957.0,6960.25,6956.75,6960.0
1772107500,6960.0,6961.5,6958.25,6961.0
1772107800,6960.75,6961.0,6958.25,6958.75
1772108100,6958.5,6962.0,6958.25,6959.25
1772108400,6959.25,6962.75,6959.25,6962.75
1772108700,6962.5,6963.75,6961.25,6963.75
1772109000,6963.75,6964.0,6962.0,6963.25
1772109300,6963.25,6963.5,6960.25,6962.0
1772109600,6962.0,6965.25,6962.0,6964.75
1772109900,6964.5,6964.75,6962.5,6963.75
1772110200,6963.5,6964.0,6962.25,6962.75
1772110500,6962.75,6964.0,6961.5,6962.0
1772110800,6962.0,6963.5,6960.75,6961.0
1772111100,6961.0,6964.0,6960.75,6963.5
1772111400,6963.5,6964.75,6962.25,6964.25
1772111700,6964.25,6966.75,6963.5,6965.0
1772112000,6964.75,6966.0,6964.0,6964.5
1772112300,6964.75,6966.75,6964.0,6966.5
1772112600,6966.5,6968.25,6965.5,6968.25
1772112900,6968.25,6968.25,6965.75,6967.25
1772113200,6967.0,6967.75,6965.0,6965.25
1772113500,6965.25,6970.75,6965.25,6969.0
1772113800,6969.0,6969.0,6967.0,6968.0
1772114100,6968.25,6968.75,6965.5,6966.5
1772114400,6966.5,6968.25,6966.25,6966.75
1772114700,6966.5,6967.25,6963.75,6963.75
1772115000,6963.75,6965.5,6962.75,6965.0
1772115300,6965.0,6966.5,6963.75,6966.25
1772115600,6966.0,6966.5,6963.5,6964.75
1772115900,6965.0,6965.0,6959.25,6961.25
1772116200,6961.0,6961.25,6948.0,6950.5
1772116500,6950.75,6953.75,6944.5,6950.0
1772116800,6950.0,6950.25,6937.0,6942.25
1772117100,6942.25,6942.75,6934.75,6938.5
1772117400,6938.25,6943.75,6933.75,6937.5
1772117700,6937.75,6942.0,6931.75,6934.5
1772118000,6934.5,6938.25,6923.25,6931.0
1772118300,6931.0,6934.0,6926.25,6927.5
1772118600,6927.25,6933.25,6913.0,6913.25
1772118900,6913.25,6913.25,6890.75,6892.25
1772119200,6892.25,6897.0,6876.25,6880.5
1772119500,6880.5,6890.75,6874.5,6884.0
1772119800,6884.0,6885.0,6870.75,6873.25
1772120100,6873.0,6893.5,6873.0,6893.0
1772120400,6893.0,6898.25,6890.25,6896.5
1772120700,6896.5,6905.5,6894.0,6903.25
1772121000,6903.25,6907.25,6897.0,6904.5
1772121300,6904.25,6909.5,6900.0,6905.0
1772121600,6904.75,6909.75,6903.0,6908.0
1772121900,6907.75,6910.5,6902.0,6908.5
1772122200,6908.75,6913.5,6905.5,6913.5
1772122500,6913.5,6917.5,6910.0,6910.5
1772122800,6910.5,6915.25,6909.0,6912.0
1772123100,6912.25,6918.75,6912.0,6915.0
1772123400,6915.25,6917.0,6911.5,6912.75
1772123700,6913.0,6913.75,6901.25,6902.75
1772124000,6902.5,6904.25,6895.75,6896.0
1772124300,6896.0,6901.25,6890.25,6900.75
1772124600,6900.5,6902.75,6891.25,6891.5
1772124900,6891.75,6893.25,6887.75,6889.75
1772125200,6889.75,6893.5,6888.0,6892.75
1772125500,6893.0,6896.25,6891.75,6893.0
1772125800,6893.0,6898.0,6889.75,6890.0
1772126100,6890.0,6892.75,6887.75,6890.5
1772126400,6890.5,6892.0,6888.0,6891.0
1772126700,6891.0,6893.0,6888.75,6890.25
1772127000,6890.0,6898.5,6889.0,6895.5
1772127300,6895.5,6895.5,6884.5,6886.75
1772127600,6886.5,6888.5,6883.5,6883.75
1772127900,6883.75,6885.5,6878.75,6879.5
1772128200,6879.5,6886.0,6877.5,6885.5
1772128500,6885.25,6885.25,6880.0,6881.75
1772128800,6882.0,6882.75,6876.75,6878.5
1772129100,6878.5,6881.5,6874.25,6878.0
1772129400,6878.25,6883.0,6877.5,6880.5
1772129700,6880.5,6885.5,6876.5,6884.75
1772130000,6885.0,6886.0,6880.25,6885.0
1772130300,6885.0,6887.0,6883.5,6884.0
1772130600,6884.0,6897.75,6881.5,6897.0
1772130900,6897.0,6904.5,6893.0,6902.0
1772131200,6902.25,6905.5,6900.0,6902.75
1772131500,6903.0,6909.75,6899.0,6902.5
1772131800,6902.75,6903.0,6898.5,6900.75
1772132100,6900.75,6904.25,6899.0,6901.5
1772132400,6901.75,6907.5,6899.25,6906.25
1772132700,6906.5,6912.75,6905.75,6912.0
1772133000,6912.0,6915.75,6910.75,6912.75
1772133300,6913.0,6920.0,6912.75,6917.75
1772133600,6917.5,6921.25,6916.5,6920.0
1772133900,6920.0,6920.0,6912.25,6914.25
1772134200,6914.25,6921.0,6912.5,6920.25
1772134500,6920.25,6921.0,6917.5,6919.0
1772134800,6919.0,6920.5,6917.5,6919.25
1772135100,6919.25,6924.75,6919.25,6924.0
1772135400,6924.0,6924.0,6920.75,6922.75
1772135700,6923.0,6924.5,6918.0,6918.25
1772136000,6918.25,6924.0,6916.25,6923.75
1772136300,6923.5,6926.25,6919.0,6919.5
1772136600,6919.5,6920.5,6917.0,6917.25
1772136900,6917.0,6920.5,6914.75,6919.25
1772137200,6919.25,6919.5,6914.75,6916.5
1772137500,6916.5,6918.5,6914.0,6914.75
1772137800,6914.75,6922.25,6914.0,6922.25
1772138100,6922.25,6923.25,6919.25,6922.0
1772138400,6921.75,6922.25,6918.0,6921.25
1772138700,6921.25,6921.75,6917.25,6919.5
1772139000,6919.25,6921.25,6914.5,6918.0
1772139300,6918.0,6922.0,6916.25,6921.25
1772139600,6921.25,6922.5,6919.5,6921.0
1772139900,6921.25,6922.25,6916.0,6916.75
1772140200,6916.75,6919.25,6916.5,6918.25
1772140500,6918.25,6919.25,6916.5,6916.5
1772140800,6916.75,6918.25,6916.0,6916.75
1772141100,6916.5,6917.5,6916.0,6916.75
1772141400,6917.0,6918.0,6915.25,6915.75
1772141700,6915.5,6916.0,6913.0,6914.25
1772142000,6914.25,6914.5,6910.25,6911.0
1772142300,6911.0,6911.0,6908.0,6908.25
1772142600,6908.25,6910.0,6906.75,6906.75
1772142900,6907.0,6907.75,6902.75,6903.75
1772146800,6899.0,6900.75,6887.5,6889.25
1772147100,6889.5,6890.0,6882.5,6889.75
1772147400,6889.75,6897.0,6888.75,6896.75
1772147700,6896.75,6900.25,6893.75,6899.5
1772148000,6899.25,6900.75,6898.25,6898.25
1772148300,6898.5,6899.5,6896.25,6898.5
1772148600,6898.75,6899.0,6894.75,6896.0
1772148900,6896.0,6896.0,6890.75,6894.25
1772149200,6894.0,6894.5,6890.25,6891.25
1772149500,6891.0,6893.0,6888.25,6888.5
1772149800,6888.75,6892.25,6888.0,6892.25
1772150100,6892.25,6893.5,6890.5,6892.5
1772150400,6892.5,6893.5,6889.75,6890.75
1772150700,6891.0,6895.25,6890.5,6894.75
1772151000,6894.75,6896.75,6894.5,6896.0
1772151300,6895.75,6898.5,6894.75,6898.0
1772151600,6897.75,6899.25,6895.25,6896.0
1772151900,6896.25,6896.25,6892.75,6893.5
1772152200,6893.25,6894.25,6889.5,6891.0
1772152500,6890.75,6892.5,6886.75,6887.75
1772152800,6887.75,6888.75,6884.0,6884.5
1772153100,6884.5,6890.75,6883.0,6890.75
1772153400,6890.75,6893.75,6890.0,6891.0
1772153700,6891.0,6891.5,6889.75,6890.75
1772154000,6891.0,6893.0,6890.5,6892.75
1772154300,6892.75,6893.75,6889.5,6889.75
1772154600,6889.75,6894.25,6889.0,6893.75
1772154900,6894.0,6897.25,6893.5,6894.0
1772155200,6894.0,6895.0,6891.5,6892.5
1772155500,6892.75,6895.0,6891.0,6891.25
1772155800,6891.25,6892.25,6887.75,6892.25
1772156100,6892.75,6894.5,6891.0,6891.75
1772156400,6892.0,6892.0,6889.5,6889.75
1772156700,6890.0,6891.25,6888.5,6889.5
1772157000,6889.5,6892.75,6889.0,6891.75
1772157300,6891.5,6894.25,6890.75,6892.75
1772157600,6893.0,6895.0,6892.75,6894.25
1772157900,6894.25,6897.25,6894.0,6895.5
1772158200,6895.5,6895.75,6893.0,6894.75
1772158500,6894.5,6898.0,6894.5,6897.5
1772158800,6897.75,6897.75,6895.5,6896.5
1772159100,6896.75,6898.5,6896.5,6897.5
1772159400,6897.5,6897.75,6896.0,6896.25
1772159700,6896.25,6896.25,6893.0,6894.5
1772160000,6894.75,6895.0,6893.25,6894.5
1772160300,6894.5,6896.75,6893.75,6896.75
1772160600,6896.5,6898.0,6895.5,6897.25
1772160900,6897.5,6899.75,6896.5,6899.5
1772161200,6899.5,6900.25,6898.75,6900.0
1772161500,6899.75,6900.25,6899.25,6899.75
1772161800,6899.5,6899.75,6898.75,6899.25
1772162100,6899.25,6900.0,6898.0,6898.75
1772162400,6898.75,6898.75,6896.5,6897.5
1772162700,6897.5,6897.5,6895.5,6896.75
1772163000,6896.75,6897.75,6896.25,6896.75
1772163300,6897.0,6897.0,6894.0,6895.75
1772163600,6895.75,6896.5,6895.25,6896.25
1772163900,6896.25,6898.25,6895.0,6897.0
1772164200,6897.0,6898.25,6896.25,6897.25
1772164500,6897.5,6900.0,6897.5,6898.25
1772164800,6898.5,6900.75,6898.25,6900.0
1772165100,6900.25,6900.75,6899.25,6899.75
1772165400,6899.75,6900.25,6898.75,6899.0
1772165700,6899.0,6899.25,6896.25,6897.0
1772166000,6896.75,6899.0,6896.25,6898.75
1772166300,6898.75,6899.25,6898.25,6899.0
1772166600,6899.0,6899.25,6898.0,6898.5
1772166900,6898.5,6900.75,6897.75,6900.0
1772167200,6899.75,6901.5,6899.5,6900.75
1772167500,6900.75,6900.75,6899.75,6900.5
1772167800,6900.5,6901.0,6899.25,6899.25
1772168100,6899.5,6899.5,6898.5,6898.75
1772168700,6902.0,6902.25,6901.5,6901.5
1772169000,6901.5,6904.0,6900.5,6903.75
1772169300,6903.75,6905.0,6903.5,6905.0
1772169600,6905.0,6906.0,6904.25,6904.5
1772169900,6904.5,6906.25,6904.5,6905.75
1772170200,6906.0,6907.0,6905.5,6906.25
1772170500,6906.25,6906.25,6903.75,6904.75
1772170800,6905.0,6905.25,6903.75,6905.0
1772171100,6905.25,6906.25,6904.5,6905.0
1772171400,6904.75,6905.0,6902.5,6903.5
1772171700,6903.75,6904.0,6901.0,6901.25
1772172000,6901.5,6902.5,6901.0,6902.0
1772172300,6901.75,6903.25,6901.0,6902.0
1772172600,6902.0,6902.0,6896.25,6897.0
1772172900,6897.0,6897.75,6894.25,6895.0
1772173200,6894.75,6895.25,6892.5,6893.5
1772173500,6893.5,6896.0,6892.5,6896.0
1772173800,6895.75,6900.0,6895.5,6899.25
1772174100,6899.5,6902.5,6899.5,6900.75
1772174400,6900.75,6901.75,6900.5,6901.0
1772174700,6901.25,6902.25,6901.0,6902.0
1772175000,6902.0,6902.0,6900.25,6900.5
1772175300,6900.5,6901.0,6899.75,6900.5
1772175600,6900.5,6904.25,6900.5,6902.5
1772175900,6902.5,6904.0,6901.75,6903.25
1772176200,6903.25,6904.0,6902.25,6902.75
1772176500,6902.5,6905.0,6902.5,6905.0
1772176800,6904.75,6906.5,6904.25,6906.25
1772177100,6906.0,6908.0,6906.0,6907.75
1772177400,6907.75,6907.75,6906.0,6907.0
1772177700,6907.0,6908.0,6906.5,6907.0
1772178000,6906.75,6907.0,6905.25,6906.75
1772178300,6906.75,6908.0,6906.75,6907.25
1772178600,6907.5,6908.25,6906.5,6907.0
1772178900,6907.0,6907.75,6905.5,6907.0
1772179200,6907.0,6911.25,6905.75,6908.0
1772179500,6908.25,6910.5,6905.25,6906.75
1772179800,6907.0,6907.5,6901.5,6901.75
1772180100,6901.75,6907.0,6899.75,6906.25
1772180400,6906.25,6907.5,6905.0,6905.25
1772180700,6905.0,6908.0,6903.75,6906.0
1772181000,6906.0,6909.5,6903.5,6903.75
1772181300,6903.5,6905.25,6903.0,6905.25
1772181600,6905.25,6905.5,6904.0,6904.5
1772181900,6904.5,6905.5,6903.75,6905.0
1772182200,6905.25,6906.75,6904.75,6905.0
1772182500,6905.0,6907.75,6905.0,6907.5
1772182800,6907.5,6908.5,6905.75,6908.0
1772183100,6908.0,6911.75,6908.0,6908.5
1772183400,6908.5,6914.75,6908.5,6911.75
1772183700,6911.75,6915.0,6911.5,6914.25
1772184000,6914.0,6915.5,6908.5,6909.75
1772184300,6909.5,6911.5,6908.0,6911.0
1772184600,6910.75,6911.25,6908.0,6908.25
1772184900,6908.5,6909.75,6903.0,6905.5
1772185200,6905.5,6906.25,6901.5,6901.5
1772185500,6901.5,6903.0,6900.25,6902.0
1772185800,6902.0,6904.25,6901.5,6902.0
1772186100,6902.25,6903.5,6901.5,6901.5
1772186400,6901.5,6902.25,6892.5,6893.25
1772186700,6893.25,6896.5,6892.75,6895.25
1772187000,6895.0,6895.5,6887.0,6891.0
1772187300,6891.25,6896.75,6891.25,6896.0
1772187600,6896.0,6898.25,6895.5,6898.0
1772187900,6898.0,6898.75,6895.5,6897.5
1772188200,6897.5,6902.5,6896.5,6900.5
1772188500,6900.75,6900.75,6896.75,6897.0
1772188800,6897.0,6901.25,6896.25,6900.75
1772189100,6901.0,6901.0,6895.25,6896.0
1772189400,6896.0,6897.25,6893.0,6894.25
1772189700,6894.0,6895.0,6891.0,6894.5
1772190000,6894.75,6896.5,6893.25,6894.25
1772190300,6894.0,6894.75,6891.0,6891.5
1772190600,6891.25,6892.5,6889.0,6891.75
1772190900,6891.5,6892.0,6889.75,6891.5
1772191200,6891.75,6893.25,6890.5,6892.5
1772191500,6892.75,6894.75,6890.25,6891.5
1772191800,6891.5,6893.75,6889.5,6892.0
1772192100,6892.25,6892.5,6885.0,6886.0
1772192400,6886.0,6886.5,6878.5,6881.25
1772192700,6881.25,6885.0,6881.0,6882.75
1772193000,6883.0,6885.5,6881.75,6882.75
1772193300,6882.5,6886.25,6880.5,6885.0
1772193600,6885.0,6886.75,6879.0,6881.75
1772193900,6881.75,6886.25,6879.0,6882.5
1772194200,6882.75,6890.5,6882.0,6890.0
1772194500,6890.0,6891.25,6889.0,6890.0
1772194800,6890.0,6893.75,6890.0,6893.25
1772195100,6893.25,6893.5,6890.0,6890.25
1772195400,6890.25,6892.75,6889.5,6890.5
1772195700,6890.5,6890.75,6883.0,6885.25
1772196000,6885.0,6885.5,6879.25,6880.0
1772196300,6879.75,6881.75,6876.25,6876.5
1772196600,6876.75,6881.5,6876.25,6879.0
1772196900,6879.0,6879.25,6873.75,6877.75
1772197200,6877.75,6881.75,6876.5,6881.5
1772197500,6881.5,6882.5,6876.75,6877.5
1772197800,6877.5,6881.75,6874.0,6875.5
1772198100,6875.5,6876.25,6870.0,6873.0
1772198400,6872.5,6878.0,6871.0,6871.25
1772198700,6871.25,6871.5,6865.25,6865.75
1772199000,6867.5,6868.5,6851.0,6857.0
1772199300,6857.25,6859.5,6852.0,6856.0
1772199600,6856.0,6859.75,6851.5,6858.25
1772199900,6858.25,6865.75,6858.25,6864.75
1772200200,6864.5,6867.0,6861.0,6862.25
1772200500,6862.5,6867.25,6860.25,6865.5
1772200800,6865.75,6866.5,6860.5,6861.5
1772201100,6861.5,6863.0,6859.0,6861.75
1772201400,6861.5,6864.75,6860.0,6862.5
1772201700,6862.25,6862.25,6856.75,6857.5
1772202000,6857.5,6860.0,6856.0,6856.5
1772202300,6856.5,6859.5,6852.25,6856.0
1772202600,6855.75,6866.75,6853.25,6863.25
1772202900,6863.25,6867.5,6853.75,6865.75
1772203200,6865.5,6866.25,6841.5,6851.25
1772203500,6851.25,6863.75,6847.0,6860.75
1772203800,6860.75,6862.0,6852.25,6855.75
1772204100,6856.0,6859.0,6851.0,6853.5
1772204400,6853.5,6869.25,6851.5,6864.0
1772204700,6864.0,6879.0,6863.25,6872.25
1772205000,6872.25,6880.0,6870.25,6871.0
1772205300,6870.75,6874.0,6861.0,6866.25
1772205600,6866.25,6875.0,6865.0,6872.0
1772205900,6872.0,6873.25,6865.75,6870.25
1772206200,6870.25,6871.75,6862.25,6869.25
1772206500,6869.5,6880.0,6869.25,6875.75
1772206800,6875.75,6882.75,6872.5,6881.75
1772207100,6882.0,6885.75,6875.25,6876.25
1772207400,6876.25,6876.75,6868.0,6870.5
1772207700,6870.25,6878.75,6867.5,6877.25
1772208000,6877.5,6884.5,6875.75,6882.0
1772208300,6882.0,6883.0,6871.5,6873.0
1772208600,6873.25,6881.75,6873.0,6880.25
1772208900,6880.25,6886.0,6877.5,6881.5
1772209200,6881.25,6884.0,6876.75,6883.5
1772209500,6883.25,6885.25,6878.25,6879.25
1772209800,6879.0,6888.0,6878.5,6887.25
1772210100,6887.25,6888.25,6879.75,6880.5
1772210400,6880.25,6880.25,6871.75,6872.5
1772210700,6872.25,6876.0,6870.75,6871.5
1772211000,6871.25,6882.0,6871.25,6881.0
1772211300,6881.0,6884.5,6873.0,6873.75
1772211600,6873.75,6883.25,6873.75,6881.25
1772211900,6881.25,6888.25,6880.25,6886.5
1772212200,6886.75,6887.0,6873.25,6874.0
1772212500,6874.0,6874.5,6866.75,6867.75
1772212800,6867.75,6868.5,6858.0,6865.75
1772213100,6865.5,6870.25,6864.25,6866.75
1772213400,6866.5,6875.25,6862.5,6874.0
1772213700,6873.75,6876.75,6867.75,6868.25
1772214000,6868.25,6869.5,6861.5,6864.5
1772214300,6864.5,6865.0,6859.75,6863.5
1772214600,6863.5,6868.0,6861.0,6865.5
1772214900,6865.5,6870.0,6865.5,6869.25
1772215200,6869.0,6872.25,6865.75,6867.0
1772215500,6866.75,6870.0,6864.75,6865.0
1772215800,6865.0,6868.0,6863.25,6864.0
1772216100,6864.0,6865.25,6860.25,6861.0
1772216400,6861.0,6862.75,6857.0,6860.25
1772216700,6860.25,6864.25,6855.75,6863.25
1772217000,6863.25,6864.75,6860.0,6861.5
1772217300,6861.5,6863.5,6858.25,6862.0
1772217600,6862.0,6867.75,6862.0,6863.5
1772217900,6863.75,6865.75,6860.5,6862.25
1772218200,6862.25,6866.0,6860.0,6863.5
1772218500,6863.75,6866.0,6860.5,6865.0
1772218800,6864.75,6872.5,6864.25,6871.75
1772219100,6872.0,6875.25,6862.25,6864.25
1772219400,6864.25,6867.5,6861.25,6864.25
1772219700,6864.0,6866.5,6862.75,6864.25
1772220000,6864.5,6865.75,6861.25,6862.0
1772220300,6862.0,6865.5,6859.75,6861.0
1772220600,6861.25,6861.5,6856.75,6859.5
1772220900,6859.5,6865.75,6859.25,6863.75
1772221200,6863.5,6864.5,6855.0,6858.75
1772221500,6858.75,6861.5,6856.75,6857.5
1772221800,6857.5,6860.0,6856.25,6857.5
1772222100,6857.5,6861.5,6857.25,6858.5
1772222400,6858.5,6864.5,6858.5,6861.75
1772222700,6861.75,6866.5,6861.0,6864.5
1772223000,6864.75,6877.5,6864.5,6877.25
1772223300,6877.5,6882.25,6876.25,6881.25
1772223600,6881.25,6886.25,6877.0,6883.75
1772223900,6883.75,6885.0,6880.75,6881.5
1772224200,6881.25,6883.75,6878.5,6879.25
1772224500,6879.25,6879.5,6870.25,6872.0
1772224800,6871.75,6880.25,6871.25,6876.0
1772225100,6875.75,6881.25,6874.75,6880.0
1772225400,6880.0,6887.0,6876.0,6881.25
1772225700,6881.25,6894.0,6878.25,6888.0
1772226000,6888.0,6889.0,6880.75,6886.5
1772226300,6886.75,6887.75,6882.0,6883.75
1772226600,6883.75,6886.5,6883.0,6885.25
1772226900,6885.25,6885.25,6882.25,6882.5
1772227200,6882.25,6882.75,6877.75,6878.0
1772227500,6878.25,6880.5,6876.75,6878.75
1772227800,6879.0,6881.25,6878.75,6879.25
1772228100,6879.0,6880.5,6877.5,6878.25
1772228400,6878.0,6879.5,6878.0,6878.25
1772228700,6878.25,6878.25,6873.0,6875.0
1772229000,6874.75,6876.0,6873.5,6875.0
1772229300,6875.0,6889.0,6873.5,6889.0
1772406600,6830.25,6838.5,6827.25,6829.0
1772406900,6829.25,6831.0,6822.25,6826.0
1772407200,6826.25,6831.0,6824.0,6826.0
1772407500,6825.75,6828.25,6820.0,6823.5
1772407800,6823.25,6825.25,6818.75,6819.25
1772408100,6819.5,6822.25,6815.0,6822.0
1772408400,6822.25,6825.5,6820.0,6824.25
1772408700,6824.25,6827.0,6820.25,6822.25
1772409000,6822.0,6823.0,6816.0,6816.0
1772409300,6816.25,6818.0,6814.5,6816.75
1772409600,6817.0,6821.75,6811.5,6816.25
1772409900,6816.25,6822.5,6814.25,6820.5
1772410200,6820.75,6825.0,6819.25,6819.5
1772410500,6819.25,6819.75,6812.0,6815.0
1772410800,6815.0,6819.75,6813.0,6818.5
1772411100,6818.75,6819.25,6809.25,6814.0
1772411400,6814.25,6816.0,6809.25,6813.0
1772411700,6812.75,6816.25,6810.75,6814.75
1772412000,6814.75,6820.75,6814.75,6819.75
1772412300,6819.75,6824.0,6819.75,6822.75
1772412600,6823.0,6827.0,6823.0,6826.75
1772412900,6826.5,6831.5,6825.5,6829.75
1772413200,6829.5,6834.75,6829.0,6833.5
1772413500,6833.25,6846.25,6833.0,6845.0
1772413800,6845.25,6857.0,6845.25,6851.75
1772414100,6851.75,6852.75,6848.75,6850.25
1772414400,6850.5,6851.0,6845.5,6847.0
1772414700,6846.75,6851.0,6845.25,6850.0
1772415000,6850.0,6856.0,6848.25,6853.75
1772415300,6854.0,6857.0,6851.5,6855.25
1772415600,6855.25,6856.75,6852.0,6852.25
1772415900,6852.5,6853.5,6848.25,6849.0
1772416200,6849.0,6851.5,6848.25,6849.25
1772416500,6849.0,6851.25,6847.75,6849.75
1772416800,6849.75,6852.0,6847.75,6851.5
1772417100,6851.25,6853.0,6843.75,6844.25
1772417400,6844.25,6846.0,6841.75,6844.25
1772417700,6844.25,6846.0,6842.25,6842.75
1772418000,6842.75,6844.0,6838.75,6839.5
1772418300,6839.75,6842.25,6838.0,6838.75
1772418600,6838.75,6845.0,6837.5,6843.75
1772418900,6843.75,6846.0,6843.0,6845.25
1772419200,6845.25,6847.0,6842.5,6845.0
1772419500,6845.0,6845.75,6841.25,6841.25
1772419800,6841.25,6841.25,6835.0,6837.75
1772420100,6838.25,6842.0,6837.25,6840.0
1772420400,6840.25,6842.0,6837.25,6837.5
1772420700,6837.75,6840.25,6836.5,6838.75
1772421000,6838.5,6841.0,6838.5,6840.0
1772421300,6839.75,6842.25,6837.25,6842.25
1772421600,6842.25,6843.25,6837.25,6841.5
1772421900,6841.25,6842.5,6839.0,6841.25
1772422200,6841.5,6842.0,6835.75,6835.75
1772422500,6835.75,6838.0,6835.0,6836.75
1772422800,6836.75,6838.5,6835.75,6836.75
1772423100,6836.75,6838.0,6835.25,6838.0
1772423400,6838.25,6840.5,6837.5,6837.5
1772423700,6837.75,6837.75,6836.0,6836.75
1772424000,6837.0,6839.0,6836.5,6837.75
1772424300,6837.75,6839.0,6837.5,6838.5
1772424600,6838.25,6838.75,6835.5,6838.0
1772424900,6838.0,6840.25,6831.5,6832.25
1772425200,6832.25,6836.25,6827.25,6834.5
1772425500,6834.75,6839.75,6833.75,6839.25
1772425800,6839.5,6841.5,6837.75,6840.0
1772426100,6839.75,6842.75,6839.5,6842.0
1772426400,6842.25,6844.25,6839.75,6840.0
1772426700,6840.0,6840.5,6836.75,6837.5
1772427000,6837.25,6837.25,6833.25,6834.25
1772427300,6834.0,6834.0,6829.25,6831.0
1772427600,6830.5,6833.0,6828.0,6829.0
1772427900,6828.75,6830.0,6825.5,6826.75
1772428200,6826.75,6830.0,6826.5,6828.0
1772428500,6828.0,6831.25,6827.75,6829.75
1772428800,6830.0,6830.5,6824.0,6825.0
1772429100,6824.75,6827.75,6824.25,6826.5
1772429400,6826.75,6828.25,6826.0,6827.0
1772429700,6827.25,6830.25,6825.75,6826.5
1772430000,6826.75,6828.25,6826.0,6827.25
1772430300,6827.25,6827.5,6825.0,6825.75
1772430600,6825.75,6826.0,6822.5,6823.25
1772430900,6823.0,6823.5,6814.5,6815.25
1772431200,6815.25,6818.75,6814.75,6818.0
1772431500,6818.0,6819.5,6815.75,6818.25
1772431800,6818.5,6820.25,6816.25,6818.5
1772432100,6818.5,6820.25,6811.75,6812.25
1772432400,6812.0,6814.25,6806.25,6808.75
1772432700,6809.0,6817.0,6808.75,6815.5
1772433000,6815.75,6816.75,6812.5,6814.5
1772433300,6814.75,6814.75,6807.25,6807.5
1772433600,6807.5,6808.5,6803.5,6804.75
1772433900,6804.75,6805.0,6794.25,6795.0
1772434200,6795.25,6796.25,6787.0,6795.75
1772434500,6795.5,6799.25,6794.75,6798.5
1772434800,6798.5,6801.75,6795.0,6797.5
1772435100,6797.5,6799.0,6783.0,6784.75
1772435400,6785.0,6793.25,6783.5,6786.5
1772435700,6786.75,6796.25,6786.5,6788.5
1772436000,6788.5,6799.5,6786.5,6795.75
1772436300,6796.0,6799.0,6793.5,6794.5
1772436600,6794.25,6799.25,6791.0,6792.0
1772436900,6792.25,6794.0,6788.5,6791.5
1772437200,6791.75,6795.75,6789.75,6794.75
1772437500,6794.5,6794.75,6788.0,6788.25
1772437800,6788.5,6790.75,6784.25,6785.0
1772438100,6785.0,6788.75,6782.25,6784.5
1772438400,6784.75,6790.0,6778.5,6783.0
1772438700,6783.25,6788.75,6779.75,6780.5
1772439000,6780.25,6785.5,6772.25,6784.0
1772439300,6783.75,6785.75,6770.25,6777.0
1772439600,6777.25,6780.5,6770.0,6773.0
1772439900,6772.75,6779.25,6768.5,6771.25
1772440200,6771.25,6782.25,6770.5,6778.25
1772440500,6778.25,6787.25,6777.25,6787.0
1772440800,6787.0,6793.5,6786.5,6790.0
1772441100,6790.0,6796.25,6787.0,6794.5
1772441400,6794.5,6800.25,6794.5,6796.25
1772441700,6796.0,6796.5,6791.0,6792.25
1772442000,6792.0,6800.75,6789.25,6795.25
1772442300,6795.25,6806.25,6795.0,6806.25
1772442600,6806.25,6811.75,6805.75,6809.0
1772442900,6809.0,6815.75,6809.0,6812.25
1772443200,6812.25,6817.5,6810.25,6813.0
1772443500,6813.0,6816.0,6810.75,6813.5
1772443800,6813.5,6817.75,6812.25,6814.0
1772444100,6814.0,6816.0,6810.75,6811.0
1772444400,6811.0,6814.75,6807.5,6813.75
1772444700,6813.75,6814.25,6810.75,6812.75
1772445000,6812.5,6814.0,6809.75,6811.25
1772445300,6811.0,6814.75,6810.75,6812.5
1772445600,6812.25,6823.0,6812.0,6820.75
1772445900,6820.75,6826.5,6818.25,6822.25
1772446200,6822.5,6822.75,6815.75,6817.0
1772446500,6817.0,6819.5,6813.75,6818.25
1772446800,6818.25,6823.25,6817.0,6817.5
1772447100,6817.5,6820.25,6814.5,6820.25
1772447400,6820.25,6824.5,6820.25,6823.25
1772447700,6823.25,6826.25,6822.0,6825.75
1772448000,6825.5,6825.5,6819.25,6824.75
1772448300,6825.0,6825.75,6819.75,6820.25
1772448600,6820.0,6823.25,6818.25,6820.75
1772448900,6820.5,6820.75,6815.5,6818.75
1772449200,6819.0,6821.0,6818.0,6821.0
1772449500,6821.0,6821.25,6813.75,6813.75
1772449800,6814.0,6817.75,6813.75,6815.0
1772450100,6815.25,6818.0,6812.5,6818.0
1772450400,6818.25,6821.0,6815.0,6817.5
1772450700,6818.0,6820.75,6816.5,6816.75
1772451000,6816.75,6824.75,6816.75,6822.25
1772451300,6822.5,6824.5,6819.0,6819.25
1772451600,6819.25,6822.5,6818.25,6821.75
1772451900,6822.0,6831.5,6820.5,6829.5
1772452200,6829.75,6830.5,6820.75,6820.75
1772452500,6821.0,6821.25,6816.75,6820.0
1772452800,6819.5,6824.25,6817.5,6819.25
1772453100,6819.25,6820.5,6811.5,6813.25
1772453400,6813.25,6815.5,6809.5,6815.25
1772453700,6815.0,6815.0,6809.75,6809.75
1772454000,6809.75,6813.0,6808.75,6811.5
1772454300,6811.5,6814.25,6809.25,6810.25
1772454600,6810.5,6815.75,6809.75,6815.0
1772454900,6814.75,6815.75,6807.25,6808.25
1772455200,6808.25,6812.75,6808.0,6810.5
1772455500,6810.75,6816.75,6810.75,6815.0
1772455800,6815.0,6815.25,6808.5,6808.75
1772456100,6808.5,6813.0,6805.0,6811.25
1772456400,6811.25,6817.0,6807.75,6810.25
1772456700,6810.0,6816.75,6809.5,6813.75
1772457000,6813.75,6819.0,6812.25,6813.5
1772457300,6813.75,6821.0,6813.0,6818.0
1772457600,6818.25,6830.0,6817.5,6829.25
1772457900,6829.0,6833.25,6821.0,6822.5
1772458200,6822.75,6824.75,6815.5,6821.5
1772458500,6821.75,6822.0,6816.25,6818.0
1772458800,6818.0,6819.5,6812.5,6813.5
1772459100,6813.5,6818.0,6813.5,6815.5
1772459400,6815.75,6817.25,6809.75,6814.0
1772459700,6814.25,6814.25,6804.25,6807.5
1772460000,6807.75,6809.0,6804.25,6805.75
1772460300,6806.0,6813.5,6806.0,6811.25
1772460600,6811.25,6811.5,6807.0,6808.75
1772460900,6808.5,6809.0,6803.75,6806.0
1772461200,6806.0,6809.25,6804.0,6809.25
1772461500,6809.25,6812.0,6802.25,6810.75
1772461800,6811.0,6839.25,6804.5,6836.25
1772462100,6836.0,6849.0,6832.25,6834.25
1772462400,6834.25,6847.5,6834.0,6845.25
1772462700,6845.0,6858.0,6841.5,6856.5
1772463000,6856.75,6857.5,6843.0,6849.75
1772463300,6849.75,6855.5,6843.75,6853.75
1772463600,6853.75,6869.25,6843.75,6867.0
1772463900,6867.0,6873.75,6863.5,6866.25
1772464200,6866.25,6877.5,6866.25,6873.25
1772464500,6873.5,6877.75,6867.5,6870.5
1772464800,6870.5,6872.5,6859.0,6865.5
1772465100,6865.75,6868.75,6854.75,6858.5
1772465400,6858.5,6863.0,6849.5,6854.0
1772465700,6854.0,6864.0,6848.25,6863.5
1772466000,6863.5,6867.75,6858.5,6867.25
1772466300,6867.25,6872.5,6861.5,6865.5
1772466600,6865.5,6869.25,6856.5,6857.75
1772466900,6857.75,6867.25,6855.5,6866.0
1772467200,6866.0,6871.25,6860.25,6871.0
1772467500,6870.75,6879.75,6868.25,6879.5
1772467800,6879.5,6880.75,6875.75,6877.5
1772468100,6877.25,6877.75,6870.75,6871.5
1772468400,6871.25,6873.5,6868.25,6870.75
1772468700,6870.75,6871.75,6853.5,6856.5
1772469000,6856.25,6864.0,6853.25,6862.75
1772469300,6862.75,6876.0,6859.25,6876.0
1772469600,6876.0,6889.75,6875.5,6889.0
1772469900,6889.0,6894.5,6887.75,6889.25
1772470200,6889.5,6890.25,6884.25,6885.75
1772470500,6885.75,6890.25,6883.5,6887.0
1772470800,6887.0,6888.5,6883.0,6887.5
1772471100,6887.5,6890.75,6883.0,6885.5
1772471400,6885.5,6888.75,6881.5,6888.25
1772471700,6888.5,6895.5,6887.5,6895.0
1772472000,6895.0,6896.5,6891.5,6895.0
1772472300,6895.0,6895.0,6888.75,6889.5
1772472600,6889.25,6892.0,6885.25,6885.75
1772472900,6885.5,6891.5,6885.25,6887.25
1772473200,6887.25,6893.25,6886.0,6891.5
1772473500,6891.5,6894.5,6890.25,6892.75
1772473800,6892.75,6897.75,6891.0,6896.0
1772474100,6896.0,6897.75,6891.5,6896.75
1772474400,6896.75,6898.75,6895.25,6896.75
1772474700,6897.0,6898.5,6894.0,6894.0
1772475000,6893.75,6895.5,6892.75,6894.5
1772475300,6894.75,6894.75,6889.75,6890.25
1772475600,6890.0,6890.5,6885.5,6888.75
1772475900,6888.75,6893.25,6886.75,6891.75
1772476200,6891.75,6893.0,6888.75,6890.0
1772476500,6890.0,6890.0,6884.75,6886.25
1772476800,6886.25,6887.75,6882.25,6886.5
1772477100,6886.75,6886.75,6877.25,6882.5
1772477400,6882.5,6884.5,6879.5,6881.5
1772477700,6881.5,6882.0,6876.25,6877.0
1772478000,6876.75,6881.75,6876.0,6881.0
1772478300,6880.75,6889.25,6879.5,6889.0
1772478600,6889.0,6894.25,6888.25,6893.75
1772478900,6893.5,6902.5,6893.5,6901.5
1772479200,6901.25,6906.75,6900.75,6901.5
1772479500,6901.5,6907.5,6899.5,6906.5
1772479800,6906.75,6910.25,6906.0,6908.25
1772480100,6908.25,6911.25,6906.75,6907.25
1772480400,6907.0,6909.25,6904.25,6905.25
1772480700,6905.25,6908.75,6905.0,6907.0
1772481000,6907.25,6909.75,6905.5,6909.5
1772481300,6909.25,6909.75,6905.75,6906.5
1772481600,6906.75,6908.0,6903.25,6904.75
1772481900,6905.0,6906.25,6884.0,6886.25
1772482200,6886.25,6886.5,6875.0,6876.75
1772482500,6876.5,6890.25,6872.75,6884.75
1772482800,6884.75,6887.5,6878.5,6880.5
1772483100,6880.5,6885.0,6876.5,6877.5
1772483400,6877.5,6885.25,6876.25,6884.5
1772483700,6884.5,6888.75,6880.5,6885.25
1772484000,6885.25,6887.25,6879.75,6886.5
1772484300,6886.5,6891.25,6884.0,6887.5
1772484600,6887.5,6892.0,6884.0,6891.75
1772484900,6891.75,6897.25,6886.5,6887.0
1772485200,6887.25,6888.25,6883.25,6885.5
1772485500,6885.75,6886.0,6879.5,6880.0
1772485800,6880.25,6883.75,6878.5,6883.0
1772486100,6882.75,6883.25,6879.0,6880.0
1772486400,6880.0,6882.0,6879.0,6881.25
1772486700,6881.5,6882.5,6880.75,6882.25
1772487000,6882.0,6884.5,6881.5,6883.75
1772487300,6883.5,6884.25,6883.0,6884.0
1772487600,6884.25,6885.5,6883.75,6884.5
1772487900,6884.5,6884.75,6878.5,6882.5
1772488200,6882.5,6885.0,6882.25,6883.5
1772488500,6883.5,6885.5,6883.0,6884.5
1772492400,6883.5,6886.0,6878.75,6883.0
1772492700,6883.0,6884.0,6879.25,6880.75
1772493000,6880.5,6880.5,6876.25,6877.75
1772493300,6877.75,6878.25,6876.25,6877.25
1772493600,6877.25,6877.25,6871.25,6872.75
1772493900,6872.5,6875.75,6870.75,6874.0
1772494200,6874.5,6876.75,6873.25,6873.25
1772494500,6873.5,6873.5,6871.5,6872.0
1772494800,6872.0,6873.75,6871.5,6871.75
1772495100,6871.75,6874.75,6871.5,6873.25
1772495400,6873.25,6877.0,6873.0,6876.0
1772495700,6876.25,6878.25,6874.5,6877.0
1772496000,6877.0,6879.75,6873.75,6877.5
1772496300,6877.25,6879.75,6874.75,6876.0
1772496600,6876.0,6877.75,6870.5,6871.75
1772496900,6872.0,6873.5,6868.75,6869.0
1772497200,6869.0,6871.0,6867.75,6870.5
1772497500,6870.75,6872.0,6867.75,6870.25
1772497800,6870.75,6871.25,6868.25,6870.5
1772498100,6871.25,6871.25,6867.75,6869.25
1772498400,6869.5,6871.25,6869.0,6871.25
1772498700,6871.25,6871.5,6869.75,6870.75
1772499000,6871.25,6871.25,6868.0,6869.0
1772499300,6869.0,6869.0,6866.0,6867.25
1772499600,6867.25,6868.0,6861.5,6867.0
1772499900,6867.25,6868.75,6865.5,6868.25
1772500200,6868.25,6872.75,6868.25,6870.75
1772500500,6870.5,6874.0,6870.0,6872.0
1772500800,6872.0,6875.25,6870.0,6874.75
1772501100,6875.0,6875.5,6866.0,6866.25
1772501400,6866.5,6869.0,6864.0,6865.75
1772501700,6865.5,6866.25,6861.0,6862.0
1772502000,6862.25,6866.5,6861.25,6863.5
1772502300,6863.75,6864.0,6861.25,6862.5
1772502600,6862.75,6862.75,6858.5,6859.5
1772502900,6859.25,6859.75,6853.25,6854.25
1772503200,6854.25,6855.75,6846.75,6848.75
1772503500,6848.75,6850.75,6845.5,6847.5
1772503800,6847.0,6849.75,6846.0,6848.75
1772504100,6849.0,6850.0,6840.0,6841.75
1772504400,6841.75,6845.0,6840.0,6842.5
1772504700,6842.75,6846.25,6840.25,6845.75
1772505000,6845.75,6849.0,6844.75,6847.75
1772505300,6847.75,6850.5,6845.75,6849.25
1772505600,6849.25,6855.75,6849.0,6852.25
1772505900,6852.25,6855.5,6850.75,6854.75
1772506200,6854.75,6855.0,6850.0,6851.25
1772506500,6851.25,6852.0,6848.75,6850.5
1772506800,6850.5,6855.75,6850.5,6851.5
1772507100,6851.5,6851.75,6848.0,6848.5
1772507400,6848.75,6850.5,6846.75,6850.5
1772507700,6850.5,6852.0,6847.25,6848.5
1772508000,6848.5,6848.75,6845.5,6846.0
1772508300,6846.25,6847.0,6843.25,6844.5
1772508600,6844.5,6846.75,6841.75,6845.5
1772508900,6845.75,6853.75,6845.5,6853.25
1772509200,6853.5,6854.25,6850.5,6852.5
1772509500,6852.75,6855.5,6850.5,6851.5
1772509800,6851.75,6852.25,6847.25,6848.5
1772510100,6848.5,6850.25,6847.0,6848.75
1772510400,6848.75,6852.0,6845.75,6845.75
1772510700,6846.0,6847.5,6845.0,6845.25
1772511000,6845.25,6848.5,6844.0,6846.0
1772511300,6846.0,6847.25,6842.25,6846.0
1772511600,6846.0,6847.5,6843.5,6845.75
1772511900,6845.75,6846.25,6837.5,6841.0
1772512200,6841.25,6843.75,6838.5,6839.75
1772512500,6840.0,6840.75,6835.75,6837.75
1772512800,6837.5,6841.25,6837.0,6840.5
1772513100,6840.75,6842.0,6836.25,6837.5
1772513400,6837.25,6839.25,6835.75,6837.25
1772513700,6837.25,6837.75,6834.5,6836.25
1772514300,6840.0,6841.75,6839.75,6840.5
1772514600,6841.0,6841.5,6835.75,6837.5
1772514900,6837.75,6841.25,6837.0,6839.5
1772515200,6839.75,6840.25,6836.75,6839.5
1772515500,6839.75,6841.0,6838.0,6839.75
1772515800,6839.75,6840.0,6835.5,6836.25
1772516100,6836.25,6837.0,6831.25,6832.5
1772516400,6832.25,6835.25,6831.0,6831.75
1772516700,6831.75,6833.5,6828.75,6830.0
1772517000,6830.25,6831.5,6828.75,6831.0
1772517300,6831.0,6831.75,6828.75,6831.0
1772517600,6831.25,6836.5,6831.25,6832.75
1772517900,6832.75,6834.25,6827.25,6832.5
1772518200,6832.75,6834.25,6830.5,6832.5
1772518500,6832.5,6832.5,6826.25,6826.75
1772518800,6826.5,6830.5,6826.0,6829.5
1772519100,6829.75,6836.5,6828.5,6836.25
1772519400,6836.0,6836.75,6833.25,6833.25
1772519700,6833.25,6834.25,6830.75,6833.0
1772520000,6833.0,6833.75,6827.5,6828.25
1772520300,6828.0,6828.0,6824.5,6825.0
1772520600,6825.0,6828.25,6824.5,6827.75
1772520900,6828.0,6830.25,6827.0,6827.75
1772521200,6827.75,6829.0,6824.5,6829.0
1772521500,6828.75,6830.75,6822.75,6825.75
1772521800,6825.75,6826.5,6824.25,6825.5
1772522100,6825.5,6829.0,6823.75,6827.0
1772522400,6827.25,6828.0,6816.25,6821.0
1772522700,6821.0,6822.75,6813.25,6817.0
1772523000,6817.0,6818.75,6814.25,6814.5
1772523300,6814.75,6815.75,6812.5,6814.25
1772523600,6814.25,6819.0,6814.0,6817.5
1772523900,6817.5,6820.75,6813.5,6814.0
1772524200,6814.0,6816.25,6812.5,6815.75
1772524500,6815.5,6816.25,6812.25,6814.0
1772524800,6813.75,6815.5,6807.25,6812.5
1772525100,6812.5,6816.0,6808.25,6815.5
1772525400,6815.5,6816.25,6802.5,6803.0
1772525700,6803.25,6807.25,6800.5,6807.0
1772526000,6807.0,6808.75,6801.0,6801.25
1772526300,6801.25,6803.5,6792.0,6792.0
1772526600,6791.75,6795.0,6788.0,6794.25
1772526900,6794.5,6797.0,6783.5,6786.5
1772527200,6786.25,6789.0,6778.0,6783.25
1772527500,6783.25,6785.0,6778.25,6782.75
1772527800,6783.25,6785.75,6777.0,6777.5
1772528100,6777.5,6781.25,6775.75,6777.75
1772528400,6777.75,6788.5,6777.5,6785.75
1772528700,6785.5,6794.5,6783.25,6792.5
1772529000,6792.25,6793.5,6785.5,6790.0
1772529300,6789.75,6790.0,6783.25,6786.25
1772529600,6786.25,6790.75,6783.5,6789.75
1772529900,6789.75,6791.0,6781.0,6783.25
1772530200,6783.25,6785.75,6780.0,6780.25
1772530500,6780.25,6788.25,6778.5,6785.25
1772530800,6785.25,6787.0,6776.75,6777.75
1772531100,6777.75,6778.5,6771.5,6773.0
1772531400,6773.25,6775.0,6766.75,6769.75
1772531700,6770.0,6774.5,6766.25,6767.75
1772532000,6767.75,6771.75,6762.5,6770.0
1772532300,6769.75,6771.5,6760.0,6761.75
1772532600,6761.75,6765.5,6758.75,6763.0
1772532900,6763.25,6769.0,6760.25,6764.0
1772533200,6764.25,6771.75,6764.25,6765.75
1772533500,6765.5,6767.25,6760.75,6761.25
1772533800,6761.0,6763.5,6752.25,6753.75
1772534100,6754.25,6756.75,6751.0,6754.25
1772534400,6754.25,6770.0,6754.25,6770.0
1772534700,6769.75,6773.75,6767.25,6767.25
1772535000,6767.25,6772.25,6764.25,6764.25
1772535300,6764.25,6765.25,6751.5,6764.25
1772535600,6763.75,6771.5,6758.5,6769.25
1772535900,6769.0,6769.25,6760.25,6764.5
1772536200,6764.25,6766.0,6760.5,6761.5
1772536500,6761.5,6764.75,6750.5,6753.75
1772536800,6754.0,6765.0,6742.75,6764.75
1772537100,6764.5,6770.25,6762.5,6764.75
1772537400,6764.5,6770.75,6764.5,6768.5
1772537700,6768.75,6777.5,6766.5,6773.0
1772538000,6772.75,6776.25,6770.0,6775.75
1772538300,6775.5,6780.0,6771.5,6772.25
1772538600,6772.5,6778.5,6769.75,6777.75
1772538900,6777.5,6778.5,6769.75,6773.75
1772539200,6773.75,6779.0,6771.5,6778.75
1772539500,6778.75,6786.25,6775.5,6785.75
1772539800,6785.5,6793.0,6783.25,6787.25
1772540100,6787.25,6791.5,6784.0,6790.75
1772540400,6790.75,6801.0,6788.0,6792.5
1772540700,6792.5,6796.75,6791.0,6792.25
1772541000,6792.25,6792.75,6786.5,6791.5
1772541300,6791.75,6794.75,6787.25,6790.5
1772541600,6790.5,6794.75,6787.75,6794.0
1772541900,6794.25,6799.75,6792.75,6797.5
1772542200,6797.25,6798.25,6786.75,6791.5
1772542500,6791.5,6796.5,6791.0,6793.0
1772542800,6793.5,6795.25,6786.75,6788.75
1772543100,6788.5,6791.0,6785.0,6785.5
1772543400,6785.5,6790.75,6783.0,6789.0
1772543700,6789.0,6793.5,6786.75,6790.25
1772544000,6790.0,6795.5,6783.5,6787.25
1772544300,6787.5,6787.5,6779.5,6782.5
1772544600,6782.5,6783.25,6769.25,6776.25
1772544900,6776.25,6778.25,6767.25,6772.0
1772545200,6772.25,6776.0,6767.0,6770.25
1772545500,6770.25,6771.25,6764.0,6766.25
1772545800,6766.5,6772.25,6759.25,6768.25
1772546100,6768.0,6770.0,6764.25,6768.75
1772546400,6768.75,6770.75,6762.25,6765.5
1772546700,6765.5,6770.75,6764.0,6768.75
1772547000,6768.75,6768.75,6759.25,6763.0
1772547300,6763.0,6769.25,6759.5,6766.25
1772547600,6766.0,6775.75,6765.75,6770.75
1772547900,6770.5,6774.25,6769.0,6772.5
1772548200,6772.5,6787.25,6766.75,6768.25
1772548500,6768.25,6794.0,6763.75,6780.5
1772548800,6780.5,6783.0,6754.25,6757.0
1772549100,6756.75,6770.75,6747.0,6747.25
1772549400,6747.25,6762.0,6744.75,6755.5
1772549700,6755.5,6757.5,6741.5,6746.25
1772550000,6746.25,6762.0,6740.0,6744.25
1772550300,6744.0,6755.0,6738.5,6746.0
1772550600,6746.25,6758.5,6739.0,6748.75
1772550900,6748.5,6752.0,6731.0,6732.75
1772551200,6732.75,6733.5,6721.0,6727.0
1772551500,6726.75,6728.5,6718.75,6720.75
1772551800,6720.75,6741.25,6720.0,6732.75
1772552100,6733.0,6745.0,6730.5,6739.5
1772552400,6739.25,6747.5,6732.0,6734.75
1772552700,6735.0,6744.25,6729.25,6735.25
1772553000,6735.0,6738.5,6725.75,6728.5
1772553300,6728.5,6743.75,6727.75,6741.75
1772553600,6742.0,6758.25,6739.75,6757.0
1772553900,6757.25,6771.75,6756.75,6768.25
1772554200,6768.25,6775.5,6765.0,6773.0
1772554500,6773.0,6784.75,6772.75,6775.5
1772554800,6775.5,6787.0,6772.5,6786.5
1772555100,6786.5,6788.75,6780.75,6783.0
1772555400,6783.0,6783.75,6769.0,6780.75
1772555700,6780.5,6788.75,6778.25,6783.5
1772556000,6783.5,6791.75,6775.25,6789.75
1772556300,6789.75,6807.75,6789.25,6799.0
1772556600,6799.0,6803.0,6795.25,6802.25
1772556900,6802.5,6806.25,6796.5,6798.75
1772557200,6798.75,6802.5,6791.0,6797.25
1772557500,6797.25,6801.25,6788.75,6790.5
1772557800,6790.5,6794.5,6786.5,6794.0
1772558100,6794.0,6799.75,6789.25,6798.75
1772558400,6798.75,6806.0,6792.0,6805.75
1772558700,6806.0,6808.0,6800.5,6806.0
1772559000,6806.25,6806.75,6786.25,6788.0
1772559300,6788.0,6794.0,6783.75,6790.75
1772559600,6790.5,6807.25,6790.25,6806.0
1772559900,6806.0,6807.75,6800.0,6805.75
1772560200,6805.75,6806.25,6792.0,6793.75
1772560500,6793.5,6800.75,6791.75,6797.25
1772560800,6797.0,6811.0,6797.0,6807.5
1772561100,6807.25,6812.25,6804.75,6811.5
1772561400,6811.25,6812.0,6799.25,6803.75
1772561700,6804.0,6811.5,6803.5,6809.5
1772562000,6809.75,6824.0,6809.25,6823.75
1772562300,6823.5,6827.75,6820.0,6821.5
1772562600,6821.5,6831.25,6820.0,6829.0
1772562900,6829.25,6837.0,6825.75,6836.75
1772563200,6837.0,6842.25,6832.0,6834.25
1772563500,6834.5,6838.5,6827.75,6837.75
1772563800,6837.5,6842.75,6835.75,6837.5
1772564100,6837.5,6839.5,6832.75,6836.25
1772564400,6836.25,6838.25,6831.25,6835.75
1772564700,6835.75,6836.75,6823.0,6824.25
1772565000,6824.25,6830.25,6820.0,6829.25
1772565300,6829.25,6835.25,6828.0,6833.25
1772565600,6833.5,6838.75,6832.75,6833.5
1772565900,6833.0,6834.25,6827.5,6828.5
1772566200,6828.5,6830.75,6817.75,6820.25
1772566500,6820.0,6842.0,6816.0,6833.5
1772566800,6833.5,6844.25,6831.5,6843.25
1772567100,6843.0,6849.75,6842.0,6844.0
1772567400,6844.0,6847.75,6832.0,6837.5
1772567700,6837.75,6838.75,6830.25,6836.0
1772568000,6836.0,6843.25,6832.0,6835.5
1772568300,6835.25,6839.5,6830.75,6838.25
1772568600,6838.0,6841.25,6830.5,6831.0
1772568900,6830.75,6834.25,6825.0,6828.25
1772569200,6828.25,6833.5,6826.5,6830.5
1772569500,6830.5,6836.5,6824.75,6833.75
1772569800,6833.75,6836.5,6831.0,6831.25
1772570100,6831.5,6838.5,6825.75,6829.25
1772570400,6829.25,6832.0,6825.25,6828.0
1772570700,6827.75,6831.25,6823.25,6828.0
1772571000,6827.75,6829.75,6815.25,6824.25
1772571300,6824.0,6827.75,6820.75,6825.75
1772571600,6825.75,6826.5,6818.75,6821.0
1772571900,6821.0,6821.75,6817.5,6818.5
1772572200,6818.5,6821.5,6817.75,6821.25
1772572500,6821.0,6822.75,6819.0,6821.0
1772572800,6821.25,6822.0,6819.75,6820.25
1772573100,6820.5,6820.5,6815.75,6816.75
1772573400,6817.0,6817.25,6809.75,6811.0
1772573700,6811.0,6814.75,6810.0,6813.25
1772574000,6813.25,6818.25,6813.25,6815.75
1772574300,6815.75,6816.25,6814.0,6814.75
1772574600,6814.75,6817.0,6813.75,6813.75
1772574900,6814.0,6815.5,6812.75,6814.0
1772578800,6813.25,6814.5,6806.75,6809.25
1772579100,6809.0,6816.5,6805.5,6815.25
1772579400,6815.25,6822.0,6815.0,6821.25
1772579700,6821.0,6824.75,6818.25,6820.0
1772580000,6819.75,6821.0,6814.75,6815.75
1772580300,6815.5,6817.25,6811.0,6811.75
1772580600,6811.75,6813.75,6811.25,6813.25
1772580900,6813.25,6815.5,6812.5,6813.0
1772581200,6812.75,6817.75,6812.75,6814.75
1772581500,6815.0,6818.25,6813.5,6817.25
1772581800,6817.5,6819.0,6813.75,6814.25
1772582100,6814.25,6815.75,6809.75,6810.5
1772582400,6811.0,6813.75,6806.75,6808.25
1772582700,6808.25,6815.5,6806.0,6814.5
1772583000,6814.25,6821.0,6810.5,6819.25
1772583300,6819.25,6831.25,6818.25,6830.75
1772583600,6830.5,6833.0,6825.25,6825.5
1772583900,6826.0,6828.0,6824.25,6824.5
1772584200,6824.5,6825.0,6814.5,6814.5
1772584500,6814.5,6815.5,6809.75,6811.0
1772584800,6811.25,6812.75,6808.0,6810.25
1772585100,6810.25,6820.75,6810.25,6819.25
1772585400,6819.25,6824.0,6819.25,6823.5
1772585700,6823.0,6824.75,6818.75,6821.0
1772586000,6821.0,6826.25,6818.25,6824.25
1772586300,6824.25,6824.5,6812.75,6814.5
1772586600,6814.25,6816.0,6809.5,6811.0
1772586900,6811.25,6814.5,6808.5,6809.75
1772587200,6809.75,6810.0,6796.25,6799.5
1772587500,6799.5,6803.75,6797.5,6799.5
1772587800,6799.25,6803.0,6795.25,6798.25
1772588100,6798.5,6810.5,6798.5,6807.25
1772588400,6807.0,6814.0,6805.25,6811.25
1772588700,6811.25,6812.25,6798.5,6800.0
1772589000,6800.25,6806.25,6797.5,6803.5
1772589300,6803.75,6808.0,6803.5,6806.75
1772589600,6807.0,6812.5,6798.75,6801.75
1772589900,6801.5,6804.25,6797.0,6799.25
1772590200,6799.25,6806.75,6796.75,6799.25
1772590500,6799.5,6803.75,6794.0,6803.75
1772590800,6803.75,6804.25,6800.0,6800.75
1772591100,6800.5,6800.5,6795.0,6796.0
1772591400,6796.0,6798.25,6790.75,6791.25
1772591700,6791.5,6793.25,6787.75,6792.75
1772592000,6792.5,6796.75,6791.25,6796.5
1772592300,6796.5,6802.25,6796.5,6800.75
1772592600,6801.0,6805.25,6797.5,6798.75
1772592900,6798.5,6802.25,6796.25,6799.75
1772593200,6799.75,6800.0,6789.5,6791.0
1772593500,6791.0,6798.25,6789.75,6797.75
1772593800,6797.5,6798.75,6790.75,6791.5
1772594100,6791.75,6792.25,6788.25,6791.75
1772594400,6791.75,6792.75,6783.0,6786.75
1772594700,6786.75,6788.0,6784.25,6786.5
1772595000,6786.25,6786.75,6777.5,6777.75
1772595300,6778.0,6787.5,6777.5,6785.0
1772595600,6785.25,6787.5,6779.5,6785.5
1772595900,6785.5,6791.25,6782.25,6788.0
1772596200,6788.25,6790.25,6784.25,6784.75
1772596500,6784.75,6793.75,6784.25,6793.5
1772596800,6793.25,6796.5,6791.5,6792.75
1772597100,6793.5,6801.75,6793.25,6800.0
1772597400,6800.25,6802.0,6797.0,6798.75
1772597700,6798.5,6800.75,6791.25,6792.5
1772598000,6792.5,6797.25,6790.75,6793.0
1772598300,6792.75,6795.25,6792.5,6792.75
1772598600,6792.5,6793.75,6789.25,6793.25
1772598900,6793.5,6795.0,6787.5,6790.0
1772599200,6790.0,6794.5,6786.75,6793.5
1772599500,6793.75,6795.0,6791.0,6794.5
1772599800,6794.5,6795.0,6788.75,6789.75
1772600100,6789.75,6795.75,6789.0,6793.5
1772600700,6790.75,6790.75,6788.75,6790.25
1772601000,6790.5,6791.5,6786.5,6787.5
1772601300,6787.75,6793.5,6786.5,6790.5
1772601600,6790.25,6793.0,6782.5,6783.25
1772601900,6783.75,6785.5,6780.25,6785.25
1772602200,6785.25,6787.75,6782.75,6783.0
1772602500,6783.5,6791.5,6781.5,6789.5
1772602800,6789.75,6798.25,6789.75,6792.75
1772603100,6793.0,6796.0,6788.75,6789.5
1772603400,6789.25,6792.25,6788.75,6791.25
1772603700,6791.5,6793.0,6787.25,6788.5
1772604000,6788.5,6788.5,6781.25,6782.5
1772604300,6782.5,6785.5,6780.75,6781.0
1772604600,6781.0,6781.5,6776.75,6777.5
1772604900,6777.5,6778.5,6773.5,6774.5
1772605200,6774.5,6782.5,6773.5,6780.25
1772605500,6780.0,6785.25,6779.25,6784.75
1772605800,6785.0,6793.0,6784.0,6792.5
1772606100,6792.25,6795.0,6790.75,6791.75
1772606400,6792.25,6793.5,6790.25,6791.75
1772606700,6791.5,6792.5,6787.25,6788.25
1772607000,6787.75,6791.5,6786.25,6788.25
1772607300,6788.25,6791.25,6787.5,6790.75
1772607600,6790.5,6793.75,6788.5,6789.75
1772607900,6789.75,6790.75,6786.5,6788.75
1772608200,6788.5,6789.25,6783.0,6784.0
1772608500,6783.75,6789.75,6782.5,6787.5
1772608800,6787.25,6799.75,6787.25,6798.75
1772609100,6798.75,6801.25,6797.0,6797.5
1772609400,6797.5,6803.5,6796.25,6802.75
1772609700,6802.25,6804.75,6801.0,6803.25
1772610000,6803.25,6809.75,6803.25,6807.5
1772610300,6807.75,6809.5,6804.25,6807.0
1772610600,6807.25,6812.25,6806.5,6809.0
1772610900,6809.25,6811.0,6806.75,6807.25
1772611200,6807.5,6811.5,6802.25,6805.25
1772611500,6805.0,6810.75,6802.5,6807.25
1772611800,6807.0,6810.0,6801.75,6809.5
1772612100,6809.75,6813.0,6803.75,6808.5
1772612400,6808.25,6808.5,6795.75,6800.75
1772612700,6800.75,6802.0,6795.25,6799.5
1772613000,6799.5,6806.5,6798.0,6805.25
1772613300,6805.0,6806.5,6799.25,6800.0
1772613600,6800.0,6810.25,6798.5,6809.0
1772613900,6809.25,6811.0,6804.25,6810.5
1772614200,6810.75,6811.5,6804.0,6807.5
1772614500,6807.25,6808.25,6800.75,6803.5
1772614800,6803.75,6808.25,6798.75,6804.0
1772615100,6804.0,6805.5,6797.0,6803.25
1772615400,6803.25,6814.5,6802.25,6811.5
1772615700,6811.25,6816.25,6809.75,6811.25
1772616000,6811.5,6815.75,6810.25,6814.75
1772616300,6815.0,6815.0,6811.25,6813.75
1772616600,6814.0,6815.75,6811.0,6814.5
1772616900,6814.5,6819.0,6811.5,6812.75
1772617200,6812.5,6821.0,6810.75,6818.0
1772617500,6818.0,6825.25,6816.5,6824.75
1772617800,6824.5,6826.5,6821.25,6823.25
1772618100,6823.25,6826.0,6819.75,6825.0
1772618400,6825.0,6827.0,6823.5,6824.75
1772618700,6824.5,6845.75,6821.75,6842.0
1772619000,6842.0,6847.75,6837.75,6845.75
1772619300,6846.0,6848.5,6838.5,6841.0
1772619600,6841.0,6845.5,6838.25,6841.25
1772619900,6841.25,6841.25,6832.0,6834.25
1772620200,6834.25,6841.75,6834.0,6839.25
1772620500,6839.25,6843.0,6837.5,6839.0
1772620800,6838.75,6844.0,6836.75,6842.5
1772621100,6842.5,6844.5,6838.75,6843.25
1772621400,6843.0,6846.25,6837.0,6840.75
1772621700,6840.5,6843.25,6838.75,6842.75
1772622000,6843.0,6851.0,6842.25,6846.5
1772622300,6846.5,6849.25,6842.75,6844.25
1772622600,6844.25,6848.25,6842.5,6847.25
1772622900,6847.25,6855.0,6846.25,6854.75
1772623200,6854.5,6855.0,6849.5,6851.25
1772623500,6851.25,6852.5,6846.5,6847.25
1772623800,6847.5,6849.0,6839.75,6842.0
1772624100,6842.25,6843.0,6836.75,6839.5
1772624400,6839.75,6841.5,6834.75,6834.75
1772624700,6834.75,6838.75,6833.25,6835.5
1772625000,6836.0,6838.75,6833.25,6836.25
1772625300,6836.0,6837.75,6832.25,6832.5
1772625600,6832.75,6842.75,6832.5,6838.25
1772625900,6838.0,6843.0,6834.0,6834.75
1772626200,6834.75,6839.0,6834.0,6838.75
1772626500,6839.0,6839.0,6824.75,6827.5
1772626800,6827.25,6828.0,6821.25,6822.5
1772627100,6822.5,6823.5,6813.75,6814.75
1772627400,6815.0,6820.0,6813.0,6818.0
1772627700,6817.75,6825.25,6814.75,6825.0
1772628000,6824.75,6828.5,6821.75,6826.0
1772628300,6825.75,6825.75,6819.75,6821.0
1772628600,6821.0,6822.5,6816.75,6819.0
1772628900,6819.0,6828.25,6818.0,6827.75
1772629200,6827.75,6837.25,6827.0,6836.75
1772629500,6836.5,6848.5,6834.75,6847.75
1772629800,6848.0,6856.75,6847.75,6852.5
1772630100,6852.5,6855.0,6843.5,6846.0
1772630400,6845.5,6849.25,6842.5,6843.75
1772630700,6843.5,6850.0,6843.5,6847.0
1772631000,6847.0,6850.25,6841.25,6846.75
1772631300,6846.75,6848.75,6842.25,6847.5
1772631600,6848.0,6855.0,6845.0,6849.5
1772631900,6849.5,6854.0,6848.75,6852.5
1772632200,6852.5,6854.0,6846.75,6849.5
1772632500,6849.5,6854.75,6845.5,6848.25
1772632800,6847.75,6850.75,6845.5,6849.0
1772633100,6848.75,6852.5,6843.5,6845.25
1772633400,6845.25,6851.0,6844.5,6850.5
1772633700,6850.5,6853.75,6847.5,6853.5
1772634000,6853.25,6856.0,6848.25,6848.25
1772634300,6848.0,6848.0,6838.0,6838.5
1772634600,6838.5,6857.75,6836.5,6850.5
1772634900,6850.5,6851.5,6829.5,6832.5
1772635200,6832.75,6833.5,6822.75,6824.25
1772635500,6824.25,6840.0,6817.75,6831.0
1772635800,6831.0,6839.75,6824.75,6837.25
1772636100,6837.25,6838.25,6829.75,6836.25
1772636400,6836.25,6849.25,6831.0,6838.0
1772636700,6838.25,6855.5,6836.0,6853.75
1772637000,6853.75,6860.25,6847.25,6854.75
1772637300,6854.75,6868.0,6853.75,6867.25
1772637600,6867.5,6878.75,6865.5,6878.5
1772637900,6878.25,6886.25,6874.0,6884.5
1772638200,6884.25,6886.0,6876.25,6876.5
1772638500,6876.5,6878.25,6867.75,6869.0
1772638800,6868.75,6871.75,6866.25,6867.5
1772639100,6867.5,6869.75,6861.25,6868.25
1772639400,6868.5,6873.5,6863.0,6872.5
1772639700,6872.5,6881.75,6871.75,6881.0
1772640000,6881.25,6889.75,6881.0,6885.25
1772640300,6885.5,6886.25,6877.75,6879.5
1772640600,6879.5,6880.0,6865.75,6868.25
1772640900,6868.0,6874.25,6865.5,6868.0
1772641200,6868.0,6872.5,6864.25,6867.5
1772641500,6867.25,6877.25,6865.75,6874.5
1772641800,6874.5,6881.25,6873.25,6878.0
1772642100,6878.0,6881.0,6871.0,6873.5
1772642400,6873.5,6886.0,6873.0,6884.25
1772642700,6884.25,6887.0,6881.5,6884.0
1772643000,6884.25,6886.0,6878.5,6883.5
1772643300,6883.75,6885.75,6879.5,6880.5
1772643600,6880.75,6886.25,6878.0,6885.75
1772643900,6885.75,6886.5,6881.25,6883.75
1772644200,6884.0,6886.0,6882.5,6883.0
1772644500,6883.25,6884.25,6880.75,6882.0
1772644800,6882.0,6884.25,6876.75,6880.75
1772645100,6880.75,6883.75,6875.75,6876.25
1772645400,6876.0,6878.0,6868.5,6877.25
1772645700,6877.25,6883.75,6875.75,6883.5
1772646000,6883.25,6885.25,6878.25,6881.0
1772646300,6880.75,6884.25,6880.5,6882.25
1772646600,6882.5,6887.25,6880.75,6886.0
1772646900,6886.25,6887.25,6881.75,6885.0
1772647200,6885.0,6888.25,6882.25,6882.75
1772647500,6883.0,6887.0,6880.5,6885.25
1772647800,6885.25,6886.5,6881.25,6882.25
1772648100,6882.25,6882.75,6878.75,6879.0
1772648400,6878.75,6882.5,6876.5,6879.0
1772648700,6879.0,6884.5,6878.25,6884.0
1772649000,6884.0,6890.0,6884.0,6886.5
1772649300,6886.5,6889.75,6886.25,6887.0
1772649600,6887.0,6891.0,6886.75,6888.5
1772649900,6888.5,6890.75,6885.75,6890.5
1772650200,6890.5,6891.75,6888.75,6889.0
1772650500,6889.25,6889.25,6884.75,6888.5
1772650800,6888.5,6892.0,6886.75,6891.25
1772651100,6891.5,6891.75,6889.0,6890.25
1772651400,6890.25,6892.75,6889.5,6891.5
1772651700,6891.5,6892.5,6890.25,6891.0
1772652000,6890.75,6892.25,6889.0,6891.5
1772652300,6891.5,6891.5,6887.5,6888.75
1772652600,6889.0,6891.25,6887.25,6888.25
1772652900,6888.0,6892.0,6888.0,6891.75
1772653200,6891.75,6892.25,6888.25,6889.75
1772653500,6890.0,6891.5,6887.75,6891.25
1772653800,6891.25,6894.0,6890.75,6893.0
1772654100,6893.0,6893.0,6890.25,6891.25
1772654400,6891.0,6893.0,6889.5,6892.25
1772654700,6892.25,6893.0,6886.25,6887.75
1772655000,6887.75,6887.75,6883.5,6884.75
1772655300,6884.75,6885.5,6881.75,6882.0
1772655600,6882.0,6883.5,6877.25,6880.0
1772655900,6880.0,6885.5,6880.0,6885.0
1772656200,6884.75,6886.5,6881.75,6882.25
1772656500,6882.25,6886.25,6881.75,6884.25
1772656800,6884.25,6889.0,6883.0,6887.75
1772657100,6887.5,6888.75,6885.25,6885.5
1772657400,6885.5,6885.75,6876.0,6882.0
1772657700,6882.0,6884.25,6873.5,6873.5
1772658000,6873.5,6876.25,6866.0,6870.75
1772658300,6870.5,6878.0,6870.5,6876.75
1772658600,6876.75,6879.75,6876.25,6878.5
1772658900,6878.5,6881.75,6872.5,6878.0
1772659200,6878.0,6878.75,6873.0,6875.75
1772659500,6876.0,6878.25,6875.5,6877.75
1772659800,6877.75,6879.0,6877.25,6877.25
1772660100,6877.25,6879.25,6877.25,6878.0
1772660400,6877.75,6878.25,6877.0,6877.75
1772660700,6877.75,6879.75,6877.25,6878.5
1772661000,6878.5,6882.25,6878.0,6880.25
1772661300,6880.25,6880.75,6875.75,6879.0
1772665200,6883.25,6883.75,6878.25,6881.0
1772665500,6880.75,6886.5,6880.75,6886.25
1772665800,6886.5,6888.0,6885.75,6886.0
1772666100,6886.0,6886.5,6882.0,6882.25
1772666400,6882.25,6884.0,6880.75,6883.0
1772666700,6882.75,6884.0,6881.25,6882.25
1772667000,6882.0,6884.0,6881.5,6881.75
1772667300,6881.75,6884.0,6881.25,6882.75
1772667600,6882.75,6888.25,6882.5,6887.5
1772667900,6887.25,6889.25,6886.75,6887.25
1772668200,6887.25,6887.25,6885.0,6885.25
1772668500,6885.25,6886.75,6884.25,6885.5
1772668800,6885.25,6887.0,6883.75,6886.5
1772669100,6886.75,6890.0,6886.5,6889.0
1772669400,6889.0,6893.0,6887.5,6892.25
1772669700,6892.5,6900.75,6892.5,6897.25
1772670000,6897.25,6897.75,6894.5,6895.0
1772670300,6894.75,6895.25,6892.5,6894.25
1772670600,6894.5,6896.5,6892.75,6893.5
1772670900,6893.5,6896.25,6893.0,6896.25
1772671200,6896.5,6898.5,6893.75,6894.75
1772671500,6894.75,6896.0,6893.5,6894.5
1772671800,6894.25,6895.75,6890.75,6891.75
1772672100,6891.75,6893.25,6891.0,6892.5
1772672400,6892.5,6893.25,6888.5,6890.0
1772672700,6890.25,6892.75,6889.0,6889.25
1772673000,6889.5,6890.25,6885.75,6888.25
1772673300,6888.0,6888.25,6877.5,6878.25
1772673600,6878.0,6880.75,6874.0,6879.75
1772673900,6879.75,6882.75,6876.75,6876.75
1772674200,6876.5,6879.5,6875.75,6876.75
1772674500,6876.5,6881.5,6876.25,6880.5
1772674800,6880.5,6882.0,6863.5,6866.75
1772675100,6866.75,6872.5,6865.0,6868.25
1772675400,6868.75,6868.75,6861.75,6862.75
1772675700,6862.75,6865.0,6857.25,6863.5
1772676000,6863.5,6867.0,6861.25,6865.0
1772676300,6865.25,6866.25,6863.5,6865.0
1772676600,6865.0,6867.5,6863.25,6865.25
1772676900,6865.0,6867.25,6864.25,6864.5
1772677200,6864.75,6865.0,6860.25,6861.0
1772677500,6861.0,6863.0,6858.75,6861.25
1772677800,6861.5,6861.75,6857.25,6859.5
1772678100,6859.5,6865.5,6859.25,6865.25
1772678400,6865.5,6866.5,6863.5,6865.0
1772678700,6865.0,6869.0,6864.0,6868.5
1772679000,6868.75,6873.0,6866.5,6866.5
1772679300,6866.75,6867.5,6863.75,6865.5
1772679600,6865.5,6868.25,6862.5,6864.75
1772679900,6864.75,6867.25,6864.25,6866.5
1772680200,6866.25,6866.25,6861.75,6862.25
1772680500,6862.5,6863.5,6859.5,6859.75
1772680800,6860.0,6860.25,6857.25,6858.25
1772681100,6858.25,6861.0,6853.25,6855.5
1772681400,6855.75,6856.0,6850.25,6854.0
1772681700,6853.75,6856.25,6851.5,6855.75
1772682000,6856.0,6858.5,6854.5,6855.5
1772682300,6855.5,6856.0,6853.75,6855.0
1772682600,6855.0,6859.0,6852.75,6858.75
1772682900,6858.75,6860.75,6855.0,6856.75
1772683200,6856.25,6857.25,6853.25,6856.75
1772683500,6856.5,6863.25,6856.0,6862.5
1772683800,6862.75,6865.0,6861.75,6863.5
1772684100,6863.75,6864.75,6862.0,6864.75
1772684400,6864.75,6866.25,6863.5,6865.75
1772684700,6865.75,6866.75,6864.0,6866.75
1772685000,6867.0,6867.25,6862.25,6863.25
1772685300,6863.0,6867.5,6862.75,6866.25
1772685600,6866.25,6866.5,6864.25,6864.75
1772685900,6864.75,6869.0,6864.75,6868.0
1772686200,6868.0,6869.5,6865.0,6866.75
1772686500,6866.5,6868.5,6865.75,6867.5
1772687100,6867.75,6868.25,6867.0,6868.25
1772687400,6868.25,6869.0,6865.75,6866.5
1772687700,6866.5,6866.5,6862.5,6862.5
1772688000,6862.75,6864.25,6862.0,6864.0
1772688300,6864.5,6866.75,6863.75,6863.75
1772688600,6864.0,6865.0,6862.0,6864.25
1772688900,6864.25,6864.75,6860.0,6861.25
1772689200,6861.5,6862.5,6859.0,6859.5
1772689500,6859.5,6861.0,6858.5,6859.75
1772689800,6860.0,6860.0,6857.5,6857.75
1772690100,6857.75,6858.0,6854.0,6854.5
1772690400,6854.5,6855.5,6851.25,6855.0
1772690700,6855.0,6855.0,6845.5,6846.75
1772691000,6846.5,6849.25,6845.25,6846.5
1772691300,6846.5,6853.0,6845.25,6851.5
1772691600,6851.25,6853.25,6850.25,6852.25
1772691900,6852.0,6852.5,6848.0,6849.75
1772692200,6849.5,6850.0,6844.5,6846.75
1772692500,6846.75,6849.25,6846.0,6848.25
1772692800,6848.0,6850.0,6845.75,6849.25
1772693100,6849.5,6853.25,6848.0,6853.25
1772693400,6853.25,6863.75,6852.5,6860.25
1772693700,6860.5,6867.0,6860.0,6866.75
1772694000,6866.75,6868.25,6861.5,6861.5
1772694300,6861.5,6863.75,6859.25,6862.75
1772694600,6863.0,6866.5,6862.0,6862.5
1772694900,6862.5,6863.25,6859.5,6862.25
1772695200,6862.5,6867.0,6858.25,6867.0
1772695500,6867.0,6868.25,6865.0,6867.0
1772695800,6866.75,6867.25,6859.25,6861.25
1772696100,6861.25,6862.75,6860.0,6862.25
1772696400,6861.75,6864.5,6861.25,6862.0
1772696700,6861.75,6862.5,6859.5,6861.5
1772697000,6861.25,6861.25,6856.25,6857.75
1772697300,6857.5,6863.5,6855.5,6863.25
1772697600,6863.25,6864.25,6851.25,6852.0
1772697900,6852.0,6852.25,6844.75,6846.75
1772698200,6846.75,6850.0,6845.5,6846.5
1772698500,6846.0,6856.25,6846.0,6849.25
1772698800,6849.25,6854.5,6848.5,6853.25
1772699100,6853.25,6854.5,6845.5,6845.75
1772699400,6845.75,6850.5,6840.5,6846.0
1772699700,6846.25,6850.75,6845.75,6847.75
1772700000,6847.75,6848.5,6842.5,6846.75
1772700300,6846.75,6853.75,6846.0,6848.0
1772700600,6848.25,6853.75,6845.25,6850.0
1772700900,6850.0,6858.25,6850.0,6858.0
1772701200,6857.75,6870.5,6856.25,6870.25
1772701500,6870.5,6886.25,6869.75,6884.5
1772701800,6884.5,6894.0,6883.5,6887.5
1772702100,6887.5,6889.0,6875.75,6880.75
1772702400,6880.5,6890.5,6878.5,6882.25
1772702700,6882.5,6883.75,6873.0,6874.75
1772703000,6874.25,6876.0,6871.0,6876.0
1772703300,6876.0,6878.25,6865.5,6865.75
1772703600,6865.75,6870.25,6864.0,6865.75
1772703900,6866.0,6870.5,6864.75,6870.5
1772704200,6870.25,6871.5,6863.0,6863.0
1772704500,6863.25,6873.5,6863.25,6871.5
1772704800,6871.75,6874.0,6865.0,6870.5
1772705100,6870.5,6875.75,6869.75,6872.5
1772705400,6872.5,6877.25,6872.25,6873.5
1772705700,6873.75,6877.75,6873.25,6875.0
1772706000,6874.75,6878.0,6871.75,6874.25
1772706300,6874.25,6877.0,6872.0,6876.5
1772706600,6876.5,6878.0,6873.5,6876.25
1772706900,6876.0,6877.5,6872.25,6872.75
1772707200,6872.75,6873.0,6868.25,6870.0
1772707500,6869.75,6872.25,6867.75,6868.5
1772707800,6868.75,6874.0,6867.25,6873.5
1772708100,6873.5,6873.5,6869.0,6869.75
1772708400,6870.0,6872.5,6865.5,6871.5
1772708700,6871.75,6875.5,6869.75,6874.0
1772709000,6874.0,6877.5,6871.25,6877.25
1772709300,6877.25,6880.5,6876.5,6877.5
1772709600,6878.0,6880.25,6875.5,6875.5
1772709900,6875.25,6879.5,6875.25,6876.75
1772710200,6876.5,6880.0,6872.0,6873.75
1772710500,6873.75,6874.0,6869.0,6869.5
1772710800,6869.5,6873.25,6868.25,6873.25
1772711100,6873.25,6877.25,6872.25,6873.5
1772711400,6873.5,6875.5,6870.25,6870.25
1772711700,6870.25,6871.75,6866.25,6867.0
1772712000,6867.25,6869.0,6863.25,6866.5
1772712300,6866.5,6870.75,6865.25,6870.0
1772712600,6869.75,6870.0,6863.75,6867.0
1772712900,6867.0,6871.25,6864.0,6871.0
1772713200,6871.25,6880.75,6871.25,6874.0
1772713500,6873.75,6876.25,6870.75,6872.5
1772713800,6872.5,6874.5,6867.5,6870.25
1772714100,6870.75,6872.0,6866.25,6869.0
1772714400,6868.75,6871.75,6864.0,6866.25
1772714700,6866.0,6871.75,6863.5,6866.0
1772715000,6866.0,6866.25,6856.5,6860.0
1772715300,6860.25,6863.5,6859.25,6862.75
1772715600,6863.0,6864.25,6857.5,6858.25
1772715900,6858.0,6859.25,6853.5,6855.0
1772716200,6855.0,6859.0,6853.5,6857.25
1772716500,6857.5,6860.75,6854.75,6858.0
1772716800,6857.75,6860.5,6854.0,6854.5
1772717100,6854.5,6861.25,6853.0,6860.0
1772717400,6860.25,6864.5,6851.75,6854.5
1772717700,6854.75,6856.25,6846.5,6849.75
1772718000,6850.0,6854.75,6848.5,6852.75
1772718300,6852.75,6855.5,6851.5,6854.25
1772718600,6854.25,6857.75,6852.0,6852.0
1772718900,6851.75,6852.25,6842.75,6844.5
1772719200,6844.75,6848.25,6841.0,6843.0
1772719500,6843.0,6846.75,6840.25,6844.0
1772719800,6844.25,6846.25,6838.75,6840.5
1772720100,6840.25,6842.5,6835.75,6837.5
1772720400,6837.25,6843.0,6836.25,6837.5
1772720700,6837.5,6845.25,6837.5,6842.0
1772721000,6842.25,6863.25,6840.0,6863.0
1772721300,6863.0,6866.25,6852.25,6858.0
1772721600,6858.25,6859.0,6845.75,6848.75
1772721900,6848.75,6859.5,6843.0,6849.75
1772722200,6849.75,6861.0,6847.5,6860.25
1772722500,6860.25,6873.0,6857.25,6872.75
1772722800,6872.5,6877.5,6863.5,6864.0
1772723100,6864.25,6865.0,6850.5,6857.0
1772723400,6857.0,6865.75,6852.0,6864.5
1772723700,6864.5,6865.25,6848.75,6850.0
1772724000,6850.0,6850.25,6831.75,6831.75
1772724300,6831.75,6836.25,6824.5,6829.5
1772724600,6829.75,6830.25,6814.25,6823.25
1772724900,6823.25,6833.25,6819.5,6832.5
1772725200,6832.5,6839.75,6830.25,6833.75
1772725500,6833.5,6842.25,6832.75,6834.25
1772725800,6834.25,6847.5,6833.25,6842.75
1772726100,6842.5,6844.25,6834.25,6842.75
1772726400,6842.75,6845.25,6829.5,6829.75
1772726700,6829.5,6833.0,6822.0,6822.25
1772727000,6822.5,6825.25,6812.25,6819.5
1772727300,6819.25,6823.25,6811.0,6812.75
1772727600,6812.75,6824.5,6812.25,6818.25
1772727900,6818.25,6823.25,6815.25,6816.5
1772728200,6816.5,6829.25,6816.0,6822.25
1772728500,6822.5,6831.0,6820.5,6827.0
1772728800,6827.0,6831.75,6819.75,6823.25
1772729100,6823.75,6833.5,6823.5,6828.25
1772729400,6828.0,6831.5,6823.75,6830.25
1772729700,6830.25,6834.75,6829.5,6831.75
1772730000,6832.0,6845.25,6829.75,6844.5
1772730300,6844.75,6845.75,6831.0,6831.25
1772730600,6831.25,6832.75,6823.0,6826.75
1772730900,6826.75,6827.0,6812.75,6814.25
1772731200,6814.25,6818.0,6810.5,6815.0
1772731500,6815.25,6817.75,6806.25,6806.5
1772731800,6806.25,6809.25,6793.25,6794.25
1772732100,6794.5,6807.5,6791.75,6801.5
1772732400,6801.25,6805.5,6790.5,6793.5
1772732700,6793.5,6794.0,6783.75,6785.75
1772733000,6785.5,6794.75,6782.0,6785.75
1772733300,6785.5,6789.0,6781.0,6785.75
1772733600,6785.5,6793.0,6784.25,6791.75
1772733900,6791.75,6800.25,6789.0,6799.25
1772734200,6799.0,6803.75,6794.0,6801.5
1772734500,6801.25,6803.5,6784.0,6784.75
1772734800,6785.0,6794.75,6784.5,6790.25
1772735100,6790.25,6791.0,6780.0,6784.0
1772735400,6783.75,6791.5,6779.25,6784.5
1772735700,6784.5,6791.5,6783.25,6788.0
1772736000,6788.25,6800.75,6788.0,6799.0
1772736300,6799.0,6799.75,6787.75,6790.0
1772736600,6790.0,6790.25,6780.25,6782.0
1772736900,6781.75,6791.25,6781.75,6787.25
1772737200,6787.25,6792.25,6784.75,6788.5
1772737500,6788.5,6794.5,6788.25,6790.5
1772737800,6790.75,6796.0,6787.0,6794.5
1772738100,6794.75,6795.25,6787.5,6794.25
1772738400,6794.5,6799.25,6789.75,6793.25
1772738700,6793.25,6795.25,6783.75,6787.75
1772739000,6788.0,6788.0,6777.0,6781.0
1772739300,6781.0,6784.75,6777.75,6784.25
1772739600,6784.5,6791.75,6784.0,6791.25
1772739900,6791.0,6796.0,6786.5,6794.0
1772740200,6794.0,6798.5,6788.25,6788.5
1772740500,6788.25,6793.75,6785.5,6791.75
1772740800,6791.75,6803.0,6784.75,6800.75
1772741100,6800.75,6806.0,6788.75,6803.75
1772741400,6803.75,6812.25,6802.5,6809.5
1772741700,6809.75,6816.25,6805.0,6812.75
1772742000,6812.5,6820.0,6810.0,6819.75
1772742300,6819.75,6826.25,6815.5,6816.25
1772742600,6816.25,6823.25,6813.25,6822.0
1772742900,6822.0,6826.5,6820.0,6821.75
1772743200,6822.0,6823.25,6817.25,6821.5
1772743500,6821.5,6827.25,6815.5,6826.75
1772743800,6826.5,6835.75,6824.5,6834.75
1772744100,6834.5,6839.0,6830.75,6835.0
1772744400,6835.0,6835.5,6828.5,6832.25
1772744700,6832.25,6834.0,6827.5,6831.25
1772745000,6831.5,6831.5,6826.75,6828.5
1772745300,6828.5,6831.75,6827.75,6828.25
1772745600,6828.5,6829.75,6824.0,6824.5
1772745900,6824.5,6828.25,6822.75,6828.0
1772746200,6828.0,6828.25,6822.75,6824.25
1772746500,6824.25,6827.25,6823.0,6825.5
1772746800,6825.5,6826.75,6821.75,6825.0
1772747100,6825.25,6825.5,6821.5,6822.75
1772747400,6822.75,6826.5,6822.25,6824.75
1772747700,6825.0,6826.5,6823.25,6824.75
1772751600,6826.0,6829.0,6822.25,6828.0
1772751900,6828.25,6831.5,6827.0,6830.0
1772752200,6830.0,6833.25,6829.75,6831.25
1772752500,6831.25,6832.75,6830.0,6832.25
1772752800,6832.5,6834.0,6831.75,6832.75
1772753100,6833.0,6837.75,6831.0,6835.25
1772753400,6835.0,6836.0,6834.25,6835.0
1772753700,6835.0,6837.5,6834.25,6837.25
1772754000,6837.0,6840.75,6837.0,6839.5
1772754300,6839.5,6842.75,6838.25,6839.0
1772754600,6838.75,6842.5,6837.75,6840.5
1772754900,6840.75,6843.0,6840.0,6841.0
1772755200,6841.0,6845.75,6841.0,6845.25
1772755500,6845.25,6848.5,6844.75,6847.75
1772755800,6848.0,6850.25,6847.75,6849.0
1772756100,6848.75,6849.5,6845.5,6846.0
1772756400,6846.0,6847.25,6844.0,6844.5
1772756700,6844.5,6845.5,6841.75,6843.25
1772757000,6843.5,6844.5,6841.25,6842.75
1772757300,6842.5,6844.75,6842.0,6842.5
1772757600,6842.25,6844.25,6842.0,6844.0
1772757900,6844.0,6845.75,6843.5,6844.75
1772758200,6844.5,6844.75,6840.75,6842.5
1772758500,6842.5,6843.25,6841.0,6842.75
1772758800,6842.25,6844.75,6841.0,6844.0
1772759100,6844.0,6845.75,6840.75,6841.75
1772759400,6842.0,6844.75,6841.5,6842.75
1772759700,6842.75,6845.25,6841.75,6841.75
1772760000,6842.0,6842.75,6837.75,6838.5
1772760300,6838.75,6839.0,6833.25,6836.5
1772760600,6836.75,6841.5,6836.0,6841.5
1772760900,6841.5,6843.5,6838.25,6838.5
1772761200,6838.25,6840.5,6836.25,6836.5
1772761500,6836.25,6837.5,6833.75,6837.5
1772761800,6837.25,6839.5,6836.0,6838.25
1772762100,6838.25,6842.75,6838.0,6839.0
1772762400,6839.0,6842.0,6837.25,6840.5
1772762700,6840.5,6842.5,6840.0,6840.5
1772763000,6840.5,6845.5,6840.5,6845.5
1772763300,6845.25,6847.5,6843.75,6845.25
1772763600,6845.0,6847.5,6845.0,6845.25
1772763900,6845.25,6846.75,6844.5,6846.0
1772764200,6846.0,6846.25,6843.75,6844.25
1772764500,6844.0,6844.0,6841.25,6842.0
1772764800,6842.0,6843.0,6840.75,6842.0
1772765100,6842.25,6842.5,6840.5,6841.5
1772765400,6841.5,6841.75,6836.5,6837.0
1772765700,6836.75,6838.75,6836.75,6836.75
1772766000,6836.75,6843.0,6836.75,6843.0
1772766300,6842.75,6843.0,6840.75,6841.25
1772766600,6841.0,6842.25,6839.5,6840.0
1772766900,6840.0,6840.5,6838.0,6840.25
1772767200,6840.5,6842.5,6839.75,6841.25
1772767500,6841.25,6841.5,6838.75,6839.75
1772767800,6840.0,6841.25,6838.5,6839.25
1772768100,6839.0,6842.25,6838.5,6842.0
1772768400,6842.25,6844.75,6842.0,6844.25
1772768700,6844.25,6845.75,6844.0,6844.75
1772769000,6844.75,6846.0,6844.0,6844.75
1772769300,6845.0,6848.0,6844.75,6847.25
1772769600,6847.25,6848.0,6846.0,6847.25
1772769900,6847.0,6847.5,6846.0,6847.5
1772770200,6847.5,6847.5,6846.0,6846.5
1772770500,6846.5,6847.25,6845.5,6845.75
1772770800,6845.75,6846.0,6844.75,6845.0
1772771100,6844.75,6845.25,6843.5,6844.0
1772771400,6844.0,6848.75,6843.75,6848.5
1772771700,6848.5,6849.0,6847.75,6848.25
1772772000,6848.0,6853.0,6848.0,6851.0
1772772300,6850.75,6852.75,6850.75,6852.0
1772772600,6852.0,6852.25,6849.25,6849.5
1772772900,6849.25,6849.25,6846.5,6846.5
1772773500,6848.75,6850.0,6848.5,6849.5
1772773800,6849.75,6851.0,6849.25,6850.5
1772774100,6850.5,6850.75,6849.25,6850.25
1772774400,6850.0,6850.5,6847.0,6848.0
1772774700,6848.0,6849.75,6847.0,6849.25
1772775000,6849.25,6850.5,6848.5,6850.25
1772775300,6850.0,6854.0,6849.75,6851.75
1772775600,6852.0,6852.5,6849.5,6850.75
1772775900,6850.75,6851.0,6846.25,6846.5
1772776200,6846.5,6848.5,6845.5,6848.5
1772776500,6848.75,6849.25,6846.25,6847.25
1772776800,6847.5,6850.5,6847.25,6849.5
1772777100,6849.75,6850.75,6848.75,6849.5
1772777400,6849.25,6850.25,6846.75,6847.75
1772777700,6847.75,6848.0,6846.0,6846.75
1772778000,6846.75,6848.0,6844.25,6847.5
1772778300,6847.25,6847.25,6844.0,6844.75
1772778600,6844.75,6845.5,6842.75,6844.0
1772778900,6843.75,6845.5,6843.0,6844.5
1772779200,6844.5,6847.0,6844.0,6846.75
1772779500,6846.5,6846.5,6843.75,6843.75
1772779800,6844.25,6845.5,6843.5,6844.25
1772780100,6844.5,6844.5,6842.25,6843.75
1772780400,6843.75,6846.25,6843.5,6844.25
1772780700,6844.0,6845.0,6841.25,6842.0
1772781000,6841.75,6842.0,6840.25,6841.5
1772781300,6841.5,6844.5,6841.5,6842.25
1772781600,6842.5,6848.0,6842.5,6847.0
1772781900,6847.0,6850.0,6846.75,6848.0
1772782200,6847.75,6849.0,6846.25,6849.0
1772782500,6848.5,6848.5,6847.25,6848.25
1772782800,6848.25,6850.5,6847.75,6849.25
1772783100,6849.25,6849.5,6845.0,6846.25
1772783400,6846.25,6847.25,6844.75,6846.5
1772783700,6846.5,6849.0,6846.25,6847.5
1772784000,6847.5,6848.0,6839.5,6840.5
1772784300,6840.75,6844.75,6839.75,6839.75
1772784600,6839.75,6843.0,6838.75,6839.75
1772784900,6839.5,6844.5,6837.25,6842.0
1772785200,6842.0,6843.5,6837.75,6838.25
1772785500,6838.25,6838.25,6829.25,6829.75
1772785800,6829.75,6838.5,6829.25,6835.25
1772786100,6835.5,6839.0,6832.0,6838.75
1772786400,6839.0,6842.0,6837.0,6841.75
1772786700,6842.0,6846.5,6840.75,6842.25
1772787000,6842.25,6845.25,6841.5,6843.75
1772787300,6843.75,6844.0,6836.5,6837.75
1772787600,6838.0,6840.25,6831.75,6831.75
1772787900,6831.75,6836.75,6826.5,6826.75
1772788200,6826.75,6830.5,6825.0,6828.25
1772788500,6827.75,6828.25,6818.5,6821.75
1772788800,6821.75,6822.5,6818.25,6819.0
1772789100,6819.0,6821.25,6813.0,6813.5
1772789400,6813.75,6817.75,6810.0,6810.25
1772789700,6810.25,6812.25,6804.75,6805.0
1772790000,6805.0,6808.5,6802.5,6807.75
1772790300,6807.5,6809.25,6798.5,6803.5
1772790600,6803.25,6806.25,6798.75,6804.75
1772790900,6804.75,6809.0,6803.0,6805.5
1772791200,6805.75,6813.25,6805.0,6812.5
1772791500,6812.5,6816.5,6811.25,6815.75
1772791800,6815.5,6818.0,6811.0,6812.0
1772792100,6812.25,6819.0,6811.5,6815.75
1772792400,6816.0,6818.5,6813.75,6817.0
1772792700,6817.25,6822.25,6812.0,6820.5
1772793000,6820.25,6820.75,6814.0,6814.5
1772793300,6814.5,6819.0,6813.25,6815.0
1772793600,6815.25,6819.0,6812.0,6813.0
1772793900,6813.0,6814.25,6810.5,6811.0
1772794200,6811.25,6816.5,6810.75,6816.25
1772794500,6816.5,6818.25,6814.75,6814.75
1772794800,6814.75,6816.0,6806.75,6807.75
1772795100,6807.5,6811.5,6800.25,6806.25
1772795400,6806.5,6815.75,6802.75,6814.5
1772795700,6814.5,6814.5,6810.0,6812.5
1772796000,6812.5,6817.5,6810.0,6816.25
1772796300,6816.5,6817.75,6813.25,6815.5
1772796600,6815.75,6816.0,6807.75,6808.25
1772796900,6808.25,6809.0,6804.5,6806.0
1772797200,6806.0,6806.0,6793.0,6797.5
1772797500,6797.25,6803.0,6794.0,6799.25
1772797800,6800.0,6801.5,6794.5,6794.5
1772798100,6794.25,6795.5,6789.25,6793.75
1772798400,6793.75,6797.75,6791.75,6793.25
1772798700,6793.0,6797.5,6790.75,6795.0
1772799000,6795.25,6799.0,6792.75,6798.25
1772799300,6798.25,6801.5,6795.75,6799.75
1772799600,6799.5,6802.25,6795.25,6796.5
1772799900,6796.75,6799.0,6795.0,6796.0
1772800200,6796.0,6797.5,6788.0,6793.5
1772800500,6793.5,6794.5,6786.25,6790.75
1772800800,6790.75,6795.5,6789.25,6792.25
1772801100,6792.0,6793.75,6783.75,6785.5
1772801400,6785.5,6791.0,6785.5,6785.75
1772801700,6785.5,6789.75,6785.25,6789.75
1772802000,6789.5,6795.75,6788.5,6792.0
1772802300,6791.75,6797.75,6789.75,6795.25
1772802600,6795.5,6797.75,6793.75,6795.0
1772802900,6795.0,6796.0,6791.75,6794.75
1772803200,6794.5,6795.75,6791.5,6795.0
1772803500,6794.5,6804.25,6794.0,6798.75
1772803800,6799.0,6805.5,6765.25,6787.25
1772804100,6787.25,6792.75,6771.75,6773.5
1772804400,6773.5,6776.0,6766.25,6768.0
1772804700,6768.25,6768.25,6750.5,6757.25
1772805000,6757.75,6761.0,6743.25,6745.0
1772805300,6745.0,6751.0,6738.25,6745.0
1772805600,6745.0,6749.75,6741.0,6747.0
1772805900,6746.75,6749.75,6737.25,6739.5
1772806200,6739.5,6747.75,6738.25,6743.25
1772806500,6743.25,6745.75,6740.0,6743.0
1772806800,6742.75,6750.0,6740.5,6744.5
1772807100,6744.25,6752.75,6743.5,6752.5
1772807400,6752.25,6759.25,6738.5,6742.25
1772807700,6742.5,6744.25,6722.25,6729.25
1772808000,6729.5,6740.25,6725.5,6728.0
1772808300,6728.0,6736.75,6717.75,6725.5
1772808600,6725.25,6739.75,6722.5,6725.5
1772808900,6725.5,6730.0,6715.75,6727.0
1772809200,6727.25,6749.75,6726.5,6746.5
1772809500,6746.25,6748.75,6726.75,6728.0
1772809800,6727.75,6751.5,6726.0,6750.5
1772810100,6750.25,6753.75,6744.25,6752.25
1772810400,6752.25,6762.0,6749.75,6758.5
1772810700,6758.5,6761.0,6753.75,6760.0
1772811000,6759.75,6769.0,6759.75,6767.5
1772811300,6767.5,6778.0,6767.0,6774.5
1772811600,6774.5,6774.75,6760.25,6765.5
1772811900,6765.75,6767.75,6753.75,6756.5
1772812200,6756.5,6757.25,6743.0,6752.75
1772812500,6752.5,6773.0,6752.5,6768.0
1772812800,6768.0,6778.75,6765.5,6777.5
1772813100,6777.5,6778.75,6766.5,6767.5
1772813400,6767.75,6768.75,6759.25,6760.25
1772813700,6760.5,6769.5,6758.25,6767.75
1772814000,6767.5,6769.25,6753.0,6763.0
1772814300,6763.0,6765.25,6756.5,6763.0
1772814600,6763.25,6764.75,6752.75,6755.5
1772814900,6755.5,6770.5,6754.25,6768.0
1772815200,6768.25,6771.25,6762.5,6763.75
1772815500,6763.75,6775.75,6763.25,6772.5
1772815800,6772.5,6779.0,6763.75,6765.0
1772816100,6765.0,6774.0,6760.25,6768.5
1772816400,6768.75,6777.5,6764.5,6771.5
1772816700,6771.25,6772.0,6755.0,6758.75
1772817000,6758.75,6762.5,6755.5,6758.5
1772817300,6758.25,6763.75,6753.0,6763.25
1772817600,6763.0,6770.5,6759.5,6763.75
1772817900,6763.75,6764.5,6752.25,6757.0
1772818200,6757.0,6760.5,6754.5,6760.0
1772818500,6759.75,6760.0,6744.5,6747.75
1772818800,6747.75,6750.0,6739.0,6745.0
1772819100,6745.0,6754.0,6744.75,6752.0
1772819400,6752.0,6758.5,6749.0,6751.0
1772819700,6750.75,6757.0,6748.0,6749.5
1772820000,6749.75,6761.75,6748.25,6754.25
1772820300,6754.25,6763.5,6752.75,6760.25
1772820600,6760.5,6780.5,6758.0,6777.25
1772820900,6777.5,6780.25,6771.0,6777.75
1772821200,6777.75,6779.5,6768.75,6772.0
1772821500,6772.25,6772.75,6761.25,6765.25
1772821800,6765.5,6772.0,6763.5,6768.0
1772822100,6767.75,6768.5,6758.5,6762.75
1772822400,6762.5,6767.5,6760.75,6765.0
1772822700,6765.0,6766.5,6760.75,6766.25
1772823000,6766.25,6766.75,6755.5,6757.75
1772823300,6757.75,6763.0,6755.75,6759.0
1772823600,6759.25,6762.75,6757.25,6757.5
1772823900,6757.5,6766.0,6756.5,6764.25
1772824200,6764.25,6773.0,6763.5,6770.75
1772824500,6770.5,6772.0,6762.75,6769.25
1772824800,6769.0,6770.5,6760.0,6761.5
1772825100,6761.5,6769.75,6758.0,6767.75
1772825400,6767.75,6772.75,6766.25,6769.25
1772825700,6769.5,6771.5,6761.0,6766.25
1772826000,6766.5,6775.25,6765.0,6765.25
1772826300,6765.0,6767.0,6760.25,6764.25
1772826600,6764.0,6769.0,6761.0,6767.75
1772826900,6768.0,6770.0,6766.0,6768.75
1772827200,6768.5,6778.75,6768.25,6776.25
1772827500,6776.0,6776.75,6767.75,6768.0
1772827800,6768.25,6769.75,6753.0,6758.0
1772828100,6758.0,6762.75,6753.25,6757.25
1772828400,6757.25,6757.75,6746.75,6747.5
1772828700,6747.75,6748.25,6738.0,6740.75
1772829000,6740.5,6744.25,6735.25,6737.5
1772829300,6737.5,6742.0,6729.25,6740.75
1772829600,6740.5,6752.5,6736.5,6743.5
1772829900,6743.5,6748.75,6742.5,6747.0
1772830200,6747.0,6749.25,6736.25,6744.75
1772830500,6744.5,6751.25,6739.5,6742.5
1772830800,6742.5,6745.25,6733.5,6734.0
1772831100,6734.0,6735.75,6730.0,6734.0
1772831400,6734.25,6742.25,6734.0,6740.5
1772831700,6740.5,6740.5,6735.0,6737.5
1772832000,6737.5,6738.5,6735.5,6736.75
1772832300,6736.75,6737.75,6733.75,6734.25
1772832600,6734.5,6736.5,6733.75,6735.5
1772832900,6735.5,6739.5,6735.5,6738.5
1772833200,6738.5,6740.5,6737.25,6738.75
1772833500,6738.75,6741.25,6738.0,6740.25
1772833800,6740.5,6744.0,6740.25,6743.5
1772834100,6743.25,6745.0,6741.25,6743.75
1773007500,6617.75,6617.75,6617.75,6617.75
1773007800,6617.75,6635.5,6617.75,6625.5
1773008100,6625.25,6636.25,6624.5,6635.25
1773008400,6635.0,6639.0,6626.5,6630.0
1773008700,6630.0,6632.0,6622.0,6631.75
1773009000,6631.5,6639.0,6631.5,6637.5
1773009300,6637.25,6641.5,6635.0,6636.25
1773009600,6636.0,6638.75,6632.5,6634.25
1773009900,6634.5,6642.0,6634.5,6639.5
1773010200,6639.25,6641.0,6636.0,6639.0
1773010500,6639.0,6641.75,6631.5,6641.0
1773010800,6641.0,6646.75,6639.0,6642.0
1773011100,6641.75,6642.75,6629.75,6630.75
1773011400,6631.0,6633.5,6627.25,6632.0
1773011700,6632.0,6637.75,6630.0,6637.5
1773012000,6637.5,6638.75,6635.75,6636.5
1773012300,6636.25,6636.75,6632.5,6636.5
1773012600,6636.5,6638.0,6629.25,6633.25
1773012900,6633.25,6635.75,6625.5,6627.75
1773013200,6628.0,6632.75,6627.0,6631.0
1773013500,6631.0,6631.25,6621.75,6628.0
1773013800,6628.0,6631.75,6623.75,6625.25
1773014100,6625.0,6629.75,6620.25,6628.25
1773014400,6628.5,6633.25,6625.75,6632.5
1773014700,6632.0,6637.75,6630.0,6634.5
1773015000,6634.5,6637.25,6628.75,6632.0
1773015300,6632.0,6633.25,6622.5,6623.25
1773015600,6623.0,6627.5,6617.25,6619.0
1773015900,6618.75,6625.75,6617.25,6625.5
1773016200,6625.5,6632.5,6621.5,6632.5
1773016500,6632.25,6635.5,6626.75,6627.5
1773016800,6627.5,6627.5,6619.5,6620.25
1773017100,6620.25,6620.75,6615.0,6620.25
1773017400,6620.0,6621.75,6615.0,6615.5
1773017700,6615.25,6619.75,6613.0,6619.0
1773018000,6619.5,6623.0,6615.0,6616.0
1773018300,6615.75,6618.75,6612.75,6613.5
1773018600,6613.25,6614.75,6606.5,6613.25
1773018900,6613.25,6614.5,6608.75,6609.0
1773019200,6609.0,6612.0,6605.25,6611.5
1773019500,6611.5,6613.75,6605.5,6606.0
1773019800,6605.75,6614.0,6603.75,6613.0
1773020100,6613.0,6617.5,6606.5,6606.75
1773020400,6606.5,6608.5,6602.5,6604.25
1773020700,6604.0,6605.5,6596.0,6596.5
1773021000,6596.5,6598.5,6590.25,6594.25
1773021300,6594.25,6601.0,6589.75,6590.75
1773021600,6591.0,6599.25,6590.0,6592.5
1773021900,6592.25,6597.5,6589.75,6594.0
1773022200,6594.0,6600.0,6590.75,6593.0
1773022500,6592.75,6593.0,6584.5,6586.0
1773022800,6586.0,6597.25,6584.75,6595.75
1773023100,6595.75,6599.5,6592.25,6595.5
1773023400,6595.25,6595.75,6588.25,6594.25
1773023700,6594.25,6601.5,6592.0,6600.5
1773024000,6600.5,6604.0,6599.75,6603.5
1773024300,6603.5,6605.0,6599.75,6603.5
1773024600,6603.25,6605.75,6600.0,6604.5
1773024900,6604.75,6608.75,6603.0,6603.5
1773025200,6603.5,6609.75,6602.75,6606.0
1773025500,6605.75,6610.25,6605.0,6607.5
1773025800,6607.25,6609.75,6605.5,6609.75
1773026100,6609.75,6612.25,6607.5,6608.0
1773026400,6608.0,6612.25,6605.75,6607.0
1773026700,6607.0,6607.75,6604.25,6605.75
1773027000,6606.0,6613.25,6603.75,6613.0
1773027300,6613.0,6614.5,6608.75,6608.75
1773027600,6608.75,6609.0,6603.0,6604.5
1773027900,6604.75,6607.75,6604.0,6605.25
1773028200,6605.25,6612.25,6604.5,6605.75
1773028500,6605.5,6611.0,6604.75,6610.0
