time,open,high,low,close
1756805400,6469.75,6477.25,6465.78,6472.59
1756805700,6479.49,6490.7,6478.2,6485.01
1756806000,6481.94,6495.54,6477.65,6477.86
1756806300,6498.04,6500.34,6491.89,6498.72
1756806600,6493.55,6504.23,6487.09,6495.18
1756806900,6503.5,6508.67,6493.95,6506.28
1756807200,6501.93,6509.68,6490.62,6501.52
1756807500,6492.87,6495.82,6491.33,6492.49
1756807800,6494.82,6497.65,6489.1,6490.26
1756808100,6503.5,6515.91,6498.51,6507.01
1756808400,6503.5,6504.42,6494.56,6495.37
1756808700,6503.5,6509.59,6496.04,6507.01
1756809000,6503.5,6506.28,6502.76,6502.97
1756809300,6502.22,6507.8,6496.99,6498.08
1756809600,6501.35,6505.82,6490.63,6499.13
1756809900,6503.5,6507.57,6500.92,6506.37
1756810200,6488.74,6493.12,6471.09,6483.72
1756810500,6487.6,6499.78,6473.11,6473.95
1756810800,6478.55,6482.21,6474.26,6474.31
1756811100,6473.85,6480.22,6461.92,6468.27
1756811400,6473.99,6476.71,6467.52,6474.3
1756811700,6483.13,6485.34,6474.19,6480.65
1756812000,6486.54,6493.48,6477.63,6478.47
1756812300,6501.97,6503.69,6496.58,6502.15
1756812600,6487.57,6498.02,6482.25,6491.33
1756812900,6477.08,6481.54,6468.4,6478.06
1756813200,6485.66,6505.94,6473.87,6484.7
1756813500,6487.3,6492.67,6472.55,6482.65
1756813800,6503.48,6513.72,6495.05,6504.07
1756814100,6493.58,6499.21,6491.43,6497.56
1756814400,6499.52,6502.01,6493.38,6500.77
1756814700,6481.36,6486.69,6478.14,6478.92
1756815000,6463.86,6476.99,6461.55,6468.69
1756815300,6460.88,6470.81,6450.38,6459.32
1756815600,6463.92,6468.75,6456.85,6467.66
1756815900,6464.74,6476.08,6458.07,6472.47
1756816200,6439.93,6447.37,6437.21,6446.67
1756816500,6447.35,6458.15,6443.19,6456.52
1756816800,6444.2,6451.86,6441.21,6441.98
1756817100,6442.45,6444.07,6439.01,6440.43
1756817400,6447.52,6461.96,6442.69,6447.03
1756817700,6451.15,6452.28,6438.86,6444.25
1756818000,6458.8,6470.37,6444.71,6466.97
1756818300,6462.1,6474.09,6457.77,6460.34
1756818600,6476.75,6486.59,6465.37,6474.09
1756818900,6467.5,6473.3,6456.45,6460.36
1756819200,6482.01,6509.49,6474.3,6493.26
1756819500,6484.82,6487.11,6483.42,6486.18
1756819800,6484.94,6498.14,6473.58,6493.22
1756820100,6474.93,6484.75,6456.64,6478.76
1756820400,6451.62,6452.87,6442.89,6451.92
1756820700,6446.39,6451.94,6443.2,6447.01
1756821000,6436.75,6440.17,6434.48,6435.9
1756821300,6424.59,6433.12,6422.5,6428.3
1756821600,6430.01,6434.6,6419.95,6425.13
1756821900,6424.0,6432.32,6423.39,6425.2
1756822200,6421.14,6428.75,6416.59,6421.96
1756822500,6424.91,6425.91,6420.83,6423.45
1756822800,6442.25,6450.81,6426.37,6432.27
1756823100,6424.01,6432.65,6416.94,6430.46
1756823400,6428.75,6439.39,6423.56,6426.82
1756823700,6444.31,6461.55,6436.77,6454.44
1756824000,6475.72,6479.72,6460.98,6468.41
1756824300,6475.03,6476.93,6465.62,6468.21
1756824600,6477.52,6478.05,6466.46,6476.75
1756824900,6468.44,6475.68,6458.96,6464.56
1756825200,6476.42,6481.68,6476.23,6476.72
1756825500,6471.48,6473.54,6470.64,6470.83
1756825800,6484.4,6488.77,6479.96,6487.87
1756826100,6469.36,6469.53,6466.43,6467.73
1756826400,6466.36,6473.24,6459.96,6470.74
1756826700,6460.58,6470.22,6451.97,6464.39
1756827000,6448.12,6463.66,6439.37,6456.45
1756827300,6454.65,6465.18,6451.94,6459.92
1756827600,6444.02,6446.53,6439.44,6441.86
1756827900,6445.11,6453.78,6432.78,6448.32
1756828200,6434.54,6435.37,6421.44,6422.18
1756828500,6433.43,6439.56,6425.97,6428.48
1756828800,6440.69,6449.92,6431.49,6443.61
1756891800,6449.24,6453.31,6449.03,6450.67
1756892100,6452.3,6454.56,6451.19,6451.88
1756892400,6454.92,6455.89,6450.37,6454.28
1756892700,6444.05,6445.92,6442.92,6443.37
1756893000,6443.93,6450.77,6438.25,6446.76
1756893300,6448.23,6449.17,6442.58,6446.07
1756893600,6444.86,6444.88,6441.76,6442.14
1756893900,6438.32,6442.17,6437.14,6441.55
1756894200,6434.09,6434.58,6430.31,6432.72
1756894500,6431.96,6435.19,6430.73,6431.79
1756894800,6435.1,6435.62,6434.48,6434.87
1756895100,6436.32,6437.95,6431.57,6437.06
1756895400,6442.4,6444.66,6438.36,6441.71
1756895700,6447.56,6448.17,6445.9,6447.77
1756896000,6450.62,6453.0,6448.0,6448.43
1756896300,6454.8,6455.42,6451.74,6454.31
1756896600,6461.1,6462.76,6459.72,6460.34
1756896900,6461.56,6466.91,6460.15,6466.44
1756897200,6457.76,6460.75,6455.67,6457.06
1756897500,6456.32,6458.78,6456.09,6457.45
1756897800,6458.78,6463.55,6454.76,6460.88
1756898100,6452.97,6456.7,6450.48,6453.26
1756898400,6447.87,6448.95,6447.85,6448.28
1756898700,6446.8,6450.46,6445.35,6448.93
1756899000,6448.13,6450.78,6444.78,6449.58
1756899300,6452.25,6456.36,6450.19,6456.28
1756899600,6455.1,6462.32,6453.95,6459.25
1756899900,6457.33,6457.54,6452.48,6454.67
1756900200,6456.82,6457.75,6456.41,6456.49
1756900500,6453.8,6455.16,6451.06,6455.09
1756900800,6452.44,6455.67,6452.0,6452.46
1756901100,6450.67,6453.79,6448.84,6452.99
1756901400,6449.33,6451.5,6446.81,6448.44
1756901700,6445.75,6447.89,6445.45,6446.59
1756902000,6444.35,6448.07,6438.87,6442.82
1756902300,6445.53,6448.26,6441.38,6446.38
1756902600,6452.7,6456.26,6452.11,6452.74
1756902900,6454.28,6454.93,6449.77,6451.37
1756903200,6455.74,6456.39,6452.57,6455.87
1756903500,6454.93,6461.11,6450.64,6457.9
1756903800,6458.05,6459.55,6453.99,6455.61
1756904100,6463.94,6464.06,6458.28,6462.92
1756904400,6463.7,6465.11,6460.86,6463.56
1756904700,6465.24,6467.97,6464.48,6465.04
1756905000,6466.58,6468.24,6465.3,6465.51
1756905300,6467.32,6468.7,6463.38,6465.6
1756905600,6468.4,6474.07,6465.03,6472.02
1756905900,6464.7,6465.82,6464.13,6464.48
1756906200,6461.16,6463.5,6459.66,6461.91
1756906500,6452.68,6455.5,6451.8,6451.97
1756906800,6445.3,6450.49,6443.36,6448.75
1756907100,6442.76,6444.09,6441.52,6443.11
1756907400,6445.32,6449.71,6442.68,6448.03
1756907700,6445.86,6446.72,6444.18,6446.44
1756908000,6446.56,6446.56,6445.19,6446.28
1756908300,6444.96,6446.0,6443.31,6444.84
1756908600,6451.24,6454.07,6449.44,6453.46
1756908900,6448.17,6450.18,6446.34,6447.93
1756909200,6454.17,6456.96,6451.1,6452.74
1756909500,6458.61,6460.77,6457.42,6459.34
1756909800,6459.04,6461.67,6452.96,6459.51
1756910100,6461.06,6466.1,6459.79,6464.11
1756910400,6455.16,6457.11,6454.12,6455.78
1756910700,6454.44,6456.35,6452.96,6453.09
1756911000,6445.55,6446.35,6441.01,6444.03
1756911300,6444.47,6445.14,6437.49,6440.83
1756911600,6440.06,6440.94,6438.54,6438.96
1756911900,6437.55,6443.78,6433.39,6437.87
1756912200,6440.61,6443.06,6437.18,6441.52
1756912500,6440.5,6441.34,6439.66,6439.98
1756912800,6436.67,6437.47,6430.42,6434.98
1756913100,6438.66,6442.2,6438.64,6438.99
1756913400,6441.98,6444.49,6440.08,6442.34
1756913700,6445.79,6446.31,6443.83,6443.86
1756914000,6450.14,6452.93,6447.47,6449.15
1756914300,6441.68,6442.17,6437.97,6438.62
1756914600,6440.79,6441.94,6440.6,6441.41
1756914900,6441.89,6443.09,6439.98,6440.76
1756915200,6440.64,6442.23,6440.02,6441.36
1756978200,6448.28,6452.18,6445.31,6446.57
1756978500,6448.53,6455.82,6445.29,6449.35
1756978800,6448.28,6449.03,6444.88,6447.85
1756979100,6448.28,6452.56,6447.67,6452.05
1756979400,6454.47,6455.32,6453.31,6455.2
1756979700,6459.99,6463.78,6456.49,6463.07
1756980000,6448.28,6453.88,6446.91,6448.72
1756980300,6459.59,6461.0,6459.57,6460.45
1756980600,6473.2,6476.41,6470.07,6474.71
1756980900,6473.93,6476.85,6473.7,6475.25
1756981200,6474.48,6481.07,6470.75,6478.13
1756981500,6481.33,6484.75,6473.41,6480.41
1756981800,6485.18,6485.9,6477.41,6479.25
1756982100,6481.14,6489.86,6477.54,6477.82
1756982400,6477.92,6482.76,6471.25,6474.43
1756982700,6471.37,6480.49,6462.0,6470.86
1756983000,6473.12,6480.4,6466.06,6470.44
1756983300,6476.83,6480.82,6474.09,6475.35
1756983600,6480.06,6485.63,6478.28,6481.17
1756983900,6491.3,6493.87,6486.6,6490.19
1756984200,6485.23,6490.59,6483.24,6488.71
1756984500,6462.92,6466.37,6454.86,6457.2
1756984800,6452.31,6457.28,6450.96,6454.02
1756985100,6462.11,6464.71,6459.06,6461.56
1756985400,6465.99,6472.84,6459.21,6468.54
1756985700,6466.59,6470.29,6464.32,6465.69
1756986000,6470.96,6476.29,6470.25,6470.6
1756986300,6466.91,6479.6,6463.52,6477.08
1756986600,6473.66,6476.56,6462.0,6468.96
1756986900,6469.5,6474.44,6464.36,6469.38
1756987200,6481.56,6483.91,6479.91,6483.47
1756987500,6479.75,6486.88,6478.56,6481.27
1756987800,6475.07,6479.82,6473.75,6477.41
1756988100,6470.77,6472.89,6468.98,6472.08
1756988400,6477.73,6488.45,6476.28,6482.11
1756988700,6468.97,6474.01,6465.99,6469.34
1756989000,6473.38,6474.37,6468.26,6469.31
1756989300,6476.59,6479.68,6471.78,6475.78
1756989600,6474.56,6478.97,6472.24,6476.12
1756989900,6473.78,6479.01,6472.72,6476.94
1756990200,6476.18,6477.61,6472.63,6476.18
1756990500,6487.83,6492.84,6484.8,6488.21
1756990800,6489.34,6490.02,6485.69,6488.93
1756991100,6493.57,6493.97,6490.56,6492.46
1756991400,6493.48,6496.54,6487.4,6489.3
1756991700,6492.61,6492.85,6485.97,6488.53
1756992000,6486.94,6489.67,6481.53,6483.98
1756992300,6489.3,6490.72,6478.83,6480.77
1756992600,6489.13,6491.08,6486.19,6489.58
1756992900,6489.39,6495.01,6485.5,6488.2
1756993200,6480.78,6481.79,6480.48,6480.6
1756993500,6480.21,6485.93,6475.75,6477.16
1756993800,6496.36,6496.89,6494.36,6494.8
1756994100,6500.79,6505.03,6500.76,6504.71
1756994400,6513.17,6516.1,6508.42,6509.5
1756994700,6507.33,6510.67,6505.54,6508.88
1756995000,6500.53,6505.76,6496.89,6504.43
1756995300,6504.09,6509.24,6501.97,6508.84
1756995600,6495.11,6497.49,6485.23,6491.22
1756995900,6498.52,6501.22,6495.13,6500.3
1756996200,6489.27,6500.4,6480.62,6495.99
1756996500,6493.65,6501.41,6492.48,6493.2
1756996800,6505.09,6505.18,6503.81,6504.93
1756997100,6500.27,6502.16,6497.3,6498.02
1756997400,6512.82,6513.42,6501.3,6504.61
1756997700,6512.45,6519.35,6507.77,6515.27
1756998000,6517.09,6523.26,6512.6,6516.59
1756998300,6518.43,6518.74,6513.75,6515.04
1756998600,6508.38,6508.41,6507.54,6507.76
1756998900,6505.25,6508.46,6502.78,6506.81
1756999200,6504.98,6507.69,6504.71,6506.7
1756999500,6503.9,6506.68,6502.57,6505.56
1756999800,6495.97,6499.8,6494.01,6497.16
1757000100,6493.24,6500.84,6489.14,6498.74
1757000400,6495.8,6498.92,6492.64,6497.06
1757000700,6505.6,6507.94,6501.37,6503.44
1757001000,6508.61,6512.68,6507.05,6510.68
1757001300,6503.46,6505.87,6498.89,6502.78
1757001600,6501.87,6502.62,6495.32,6495.51
1757064600,6507.14,6509.4,6500.07,6506.68
1757064900,6516.23,6518.23,6507.1,6509.52
1757065200,6523.5,6527.35,6515.26,6519.89
1757065500,6514.87,6516.51,6501.41,6509.1
1757065800,6504.45,6510.53,6496.9,6504.23
1757066100,6496.57,6512.39,6494.24,6500.56
1757066400,6499.52,6518.36,6488.78,6509.5
1757066700,6501.77,6509.63,6492.41,6492.81
1757067000,6511.09,6520.18,6505.75,6520.05
1757067300,6511.25,6517.96,6508.07,6514.55
1757067600,6511.75,6512.15,6510.2,6512.02
1757067900,6490.92,6498.22,6486.98,6497.28
1757068200,6488.3,6491.21,6483.84,6485.14
1757068500,6494.01,6496.31,6485.84,6492.89
1757068800,6486.5,6488.97,6482.91,6487.5
1757069100,6498.02,6508.99,6491.69,6503.4
1757069400,6492.01,6497.84,6489.81,6490.56
1757069700,6504.16,6509.66,6499.48,6502.94
1757070000,6514.59,6521.41,6512.23,6520.31
1757070300,6500.16,6502.55,6493.4,6494.78
1757070600,6501.69,6508.26,6489.3,6495.39
1757070900,6490.12,6491.85,6484.05,6490.18
1757071200,6493.06,6499.99,6492.87,6493.66
1757071500,6488.28,6498.54,6483.83,6494.12
1757071800,6482.81,6492.83,6482.67,6486.62
1757072100,6503.79,6508.36,6495.71,6504.83
1757072400,6493.13,6499.09,6489.37,6492.44
1757072700,6499.44,6502.37,6491.65,6492.76
1757073000,6504.15,6505.56,6497.98,6500.14
1757073300,6490.82,6499.13,6478.05,6497.88
1757073600,6479.46,6489.43,6473.25,6485.4
1757073900,6494.93,6504.65,6494.0,6499.62
1757074200,6499.22,6505.3,6498.82,6504.11
1757074500,6476.97,6485.0,6473.09,6481.7
1757074800,6480.92,6485.51,6479.31,6483.44
1757075100,6475.4,6483.11,6474.98,6475.44
1757075400,6485.15,6488.12,6474.25,6478.34
1757075700,6498.39,6507.44,6493.88,6499.67
1757076000,6503.23,6506.27,6496.88,6497.04
1757076300,6481.94,6482.61,6480.8,6481.58
1757076600,6471.01,6473.64,6460.78,6463.06
1757076900,6462.23,6462.38,6457.83,6458.29
1757077200,6465.28,6469.26,6464.92,6467.54
1757077500,6455.98,6461.22,6454.74,6456.49
1757077800,6476.46,6485.39,6470.6,6479.6
1757078100,6482.48,6485.56,6481.68,6482.08
1757078400,6481.01,6485.91,6465.34,6473.46
1757078700,6488.07,6488.8,6475.59,6485.54
1757079000,6480.34,6486.83,6473.18,6481.36
1757079300,6486.97,6502.14,6484.4,6492.72
1757079600,6491.41,6496.76,6490.36,6495.01
1757079900,6482.94,6492.96,6480.68,6481.77
1757080200,6481.86,6489.51,6479.47,6487.35
1757080500,6477.21,6480.38,6475.78,6479.09
1757080800,6476.66,6485.51,6470.06,6484.13
1757081100,6453.3,6464.22,6452.88,6459.7
1757081400,6468.27,6470.31,6460.92,6469.82
1757081700,6461.7,6462.58,6449.93,6453.67
1757082000,6469.87,6473.17,6463.04,6467.6
1757082300,6465.95,6467.65,6450.68,6461.37
1757082600,6457.52,6462.05,6450.63,6454.47
1757082900,6471.69,6475.3,6465.02,6466.39
1757083200,6475.16,6478.56,6473.8,6474.27
1757083500,6460.83,6461.54,6455.8,6456.98
1757083800,6456.47,6458.46,6438.9,6445.31
1757084100,6460.91,6462.25,6447.85,6449.47
1757084400,6469.73,6471.97,6465.51,6466.35
1757084700,6480.62,6485.74,6479.39,6480.11
1757085000,6468.75,6469.0,6454.65,6458.12
1757085300,6458.02,6472.39,6455.3,6459.16
1757085600,6465.01,6468.1,6458.18,6461.83
1757085900,6459.14,6465.92,6457.21,6460.4
1757086200,6447.72,6453.89,6439.02,6444.02
1757086500,6446.36,6448.4,6432.86,6439.56
1757086800,6451.71,6460.67,6450.25,6456.65
1757087100,6448.68,6459.6,6446.96,6450.65
1757087400,6470.51,6474.96,6470.45,6472.33
1757087700,6494.37,6494.61,6489.1,6490.42
1757088000,6484.79,6487.85,6479.08,6483.73
1757323800,6485.25,6486.1,6481.75,6484.6
1757324100,6484.43,6484.53,6480.32,6480.45
1757324400,6487.67,6491.3,6486.37,6489.94
1757324700,6486.66,6490.34,6486.18,6486.24
1757325000,6489.56,6490.18,6488.4,6488.57
1757325300,6488.08,6489.42,6487.56,6487.75
1757325600,6483.7,6484.82,6481.8,6483.15
1757325900,6486.07,6491.58,6483.61,6485.67
1757326200,6477.51,6479.79,6477.48,6479.47
1757326500,6480.45,6482.35,6479.35,6480.89
1757326800,6482.25,6482.96,6477.36,6480.76
1757327100,6482.23,6484.88,6478.02,6482.38
1757327400,6481.91,6482.22,6479.35,6480.84
1757327700,6478.46,6486.43,6478.16,6483.15
1757328000,6478.47,6479.13,6477.84,6478.74
1757328300,6476.35,6477.66,6474.91,6475.3
1757328600,6477.88,6478.74,6473.8,6475.43
1757328900,6478.8,6479.69,6476.22,6476.78
1757329200,6483.38,6486.28,6479.77,6482.28
1757329500,6483.89,6488.55,6483.39,6485.02
1757329800,6481.66,6485.96,6478.51,6484.25
1757330100,6483.8,6484.46,6482.78,6483.81
1757330400,6483.57,6491.58,6480.76,6485.89
1757330700,6485.15,6488.46,6482.06,6486.22
1757331000,6481.81,6486.2,6480.23,6480.36
1757331300,6481.59,6483.26,6479.46,6481.79
1757331600,6489.49,6490.66,6487.35,6488.37
1757331900,6494.09,6496.71,6488.65,6491.08
1757332200,6493.52,6496.65,6492.05,6493.0
1757332500,6490.84,6492.94,6490.83,6491.91
1757332800,6486.36,6489.23,6483.35,6485.23
1757333100,6485.58,6485.9,6483.48,6483.87
1757333400,6492.6,6493.73,6491.24,6492.83
1757333700,6495.06,6495.84,6491.91,6494.67
1757334000,6494.16,6494.41,6492.98,6493.19
1757334300,6497.88,6498.59,6496.9,6497.46
1757334600,6495.71,6496.4,6494.52,6496.19
1757334900,6497.34,6499.94,6496.45,6498.95
1757335200,6492.52,6492.66,6490.73,6491.74
1757335500,6495.29,6496.07,6491.2,6493.19
1757335800,6500.11,6501.56,6498.57,6500.59
1757336100,6498.48,6501.95,6497.99,6501.66
1757336400,6495.81,6497.41,6494.13,6494.62
1757336700,6489.81,6493.77,6489.31,6490.0
1757337000,6482.01,6483.99,6478.88,6483.47
1757337300,6478.23,6479.63,6476.59,6477.05
1757337600,6481.78,6482.42,6480.38,6481.66
1757337900,6484.75,6485.83,6482.75,6484.67
1757338200,6480.13,6482.28,6475.9,6478.87
1757338500,6479.52,6480.79,6475.25,6477.02
1757338800,6480.04,6481.5,6477.84,6479.85
1757339100,6481.76,6486.29,6480.6,6483.52
1757339400,6480.11,6481.06,6478.08,6479.33
1757339700,6480.9,6481.27,6476.46,6479.17
1757340000,6484.28,6487.9,6483.67,6487.13
1757340300,6481.89,6484.24,6477.63,6478.85
1757340600,6487.36,6491.29,6486.48,6489.2
1757340900,6488.13,6489.94,6485.98,6487.25
1757341200,6491.64,6492.81,6490.11,6492.75
1757341500,6492.64,6495.89,6492.24,6494.85
1757341800,6493.65,6495.37,6489.99,6493.41
1757342100,6494.75,6495.69,6493.65,6493.99
1757342400,6495.47,6498.08,6492.77,6495.91
1757342700,6498.37,6502.9,6497.09,6500.42
1757343000,6495.96,6499.81,6493.47,6497.32
1757343300,6496.14,6496.9,6492.88,6494.89
1757343600,6501.96,6503.95,6500.19,6501.18
1757343900,6511.91,6514.78,6504.02,6507.13
1757344200,6516.65,6517.57,6515.79,6516.26
1757344500,6517.61,6519.15,6514.62,6515.72
1757344800,6519.73,6523.9,6518.69,6522.33
1757345100,6518.46,6523.2,6515.5,6520.53
1757345400,6515.66,6517.84,6514.44,6516.28
1757345700,6517.63,6519.63,6516.99,6519.53
1757346000,6520.15,6523.47,6513.67,6517.26
1757346300,6519.33,6520.22,6518.28,6518.5
1757346600,6518.25,6518.4,6516.84,6517.14
1757346900,6517.21,6518.32,6516.84,6518.16
1757347200,6520.15,6522.38,6519.27,6521.95
1757410200,6514.36,6516.87,6511.59,6513.54
1757410500,6512.22,6514.81,6511.38,6514.02
1757410800,6520.96,6525.31,6517.26,6522.42
1757411100,6522.04,6526.46,6518.57,6518.75
1757411400,6525.03,6528.49,6521.56,6522.01
1757411700,6520.97,6524.86,6519.93,6520.43
1757412000,6514.65,6520.66,6512.56,6513.98
1757412300,6517.01,6521.4,6512.51,6516.65
1757412600,6520.48,6521.66,6515.0,6516.27
1757412900,6514.37,6517.03,6511.56,6511.69
1757413200,6507.03,6511.25,6505.3,6510.04
1757413500,6511.61,6513.23,6507.78,6508.47
1757413800,6509.05,6509.07,6507.48,6508.94
1757414100,6513.25,6514.75,6510.43,6512.33
1757414400,6510.75,6512.69,6506.54,6507.72
1757414700,6511.63,6519.3,6511.18,6516.06
1757415000,6511.23,6517.35,6509.21,6514.14
1757415300,6509.48,6510.96,6508.22,6510.49
1757415600,6508.9,6509.93,6505.28,6508.07
1757415900,6507.85,6507.97,6502.38,6506.36
1757416200,6508.88,6509.11,6506.14,6507.63
1757416500,6511.4,6513.0,6507.56,6508.36
1757416800,6513.35,6518.28,6512.54,6517.49
1757417100,6517.29,6522.05,6512.48,6515.76
1757417400,6514.88,6520.0,6514.34,6516.06
1757417700,6504.43,6504.88,6502.31,6502.85
1757418000,6503.63,6504.63,6499.96,6502.34
1757418300,6507.45,6512.78,6505.79,6511.79
1757418600,6511.78,6515.86,6503.25,6509.56
1757418900,6508.56,6511.24,6506.57,6510.81
1757419200,6516.62,6523.79,6512.66,6521.93
1757419500,6517.16,6518.61,6516.45,6516.52
1757419800,6516.51,6520.67,6512.12,6514.18
1757420100,6521.01,6524.7,6517.68,6519.19
1757420400,6515.55,6522.14,6514.03,6517.64
1757420700,6520.54,6523.61,6517.61,6522.78
1757421000,6528.41,6533.29,6527.99,6529.62
1757421300,6529.64,6531.42,6528.62,6528.75
1757421600,6524.15,6525.7,6519.4,6524.05
1757421900,6517.76,6521.31,6516.59,6520.06
1757422200,6523.83,6525.93,6518.18,6521.49
1757422500,6525.56,6529.1,6524.71,6525.01
1757422800,6520.63,6523.01,6515.82,6517.55
1757423100,6516.81,6524.66,6510.54,6523.04
1757423400,6508.16,6508.82,6503.73,6506.82
1757423700,6494.11,6494.83,6492.5,6493.24
1757424000,6497.76,6501.25,6486.98,6490.87
1757424300,6501.99,6503.82,6501.86,6502.98
1757424600,6499.63,6504.64,6498.54,6501.0
1757424900,6508.26,6509.67,6506.08,6509.54
1757425200,6504.39,6506.2,6504.28,6506.05
1757425500,6506.24,6507.41,6505.12,6507.22
1757425800,6509.3,6511.21,6504.12,6505.07
1757426100,6504.15,6510.58,6502.76,6503.61
1757426400,6506.44,6509.69,6503.87,6509.45
1757426700,6508.16,6512.43,6507.07,6510.49
1757427000,6510.01,6511.66,6507.81,6511.49
1757427300,6508.33,6511.46,6500.53,6504.97
1757427600,6513.46,6514.59,6510.27,6511.94
1757427900,6518.03,6522.22,6517.55,6521.18
1757428200,6519.24,6519.71,6517.87,6518.7
1757428500,6518.3,6518.99,6513.29,6514.02
1757428800,6511.51,6516.93,6505.31,6507.7
1757429100,6510.23,6510.35,6502.45,6504.72
1757429400,6498.5,6499.72,6497.93,6498.81
1757429700,6505.39,6509.73,6504.82,6507.88
1757430000,6498.42,6501.25,6497.36,6500.94
1757430300,6495.95,6497.92,6495.63,6497.74
1757430600,6496.6,6498.8,6495.93,6498.6
1757430900,6488.32,6489.08,6485.99,6488.12
1757431200,6490.02,6493.46,6486.0,6486.29
1757431500,6490.22,6494.91,6484.35,6486.26
1757431800,6492.58,6494.28,6490.77,6493.42
1757432100,6490.56,6492.45,6489.85,6492.4
1757432400,6494.84,6496.37,6491.94,6494.64
1757432700,6497.97,6499.36,6496.36,6498.03
1757433000,6506.78,6510.54,6506.57,6507.73
1757433300,6510.57,6513.48,6504.33,6506.92
1757433600,6518.3,6520.66,6517.05,6518.72
1757496600,6521.12,6523.55,6519.58,6523.07
1757496900,6526.01,6529.2,6521.17,6523.66
1757497200,6523.13,6524.76,6519.92,6524.48
1757497500,6521.75,6523.84,6516.43,6518.61
1757497800,6518.25,6518.28,6514.79,6517.68
1757498100,6523.94,6525.48,6522.46,6524.84
1757498400,6525.98,6527.63,6523.58,6526.3
1757498700,6524.94,6527.86,6523.4,6523.6
1757499000,6521.69,6522.91,6520.34,6522.79
1757499300,6527.92,6531.22,6524.64,6524.71
1757499600,6523.68,6524.94,6520.1,6522.86
1757499900,6518.25,6519.16,6515.41,6516.98
1757500200,6518.35,6519.6,6515.72,6516.19
1757500500,6518.25,6518.71,6515.43,6517.58
1757500800,6523.88,6527.9,6518.02,6522.13
1757501100,6521.32,6521.66,6515.7,6519.2
1757501400,6525.28,6530.19,6524.73,6527.81
1757501700,6521.02,6521.76,6517.9,6520.96
1757502000,6522.58,6524.19,6519.7,6522.19
1757502300,6522.31,6524.12,6521.2,6522.84
1757502600,6523.46,6524.2,6520.12,6521.63
1757502900,6519.7,6519.74,6514.47,6516.82
1757503200,6518.25,6521.68,6516.13,6517.61
1757503500,6518.25,6518.44,6512.96,6516.27
1757503800,6518.25,6519.73,6515.83,6518.78
1757504100,6518.25,6521.53,6516.82,6520.99
1757504400,6521.75,6524.71,6519.29,6523.56
1757504700,6526.17,6530.16,6524.82,6530.06
1757505000,6527.35,6530.32,6522.4,6527.07
1757505300,6531.72,6533.38,6531.42,6531.96
1757505600,6539.25,6542.47,6535.33,6537.16
1757505900,6531.34,6532.3,6530.01,6530.42
1757506200,6527.01,6527.11,6524.71,6525.91
1757506500,6524.01,6526.2,6522.95,6524.66
1757506800,6523.5,6527.45,6522.24,6526.63
1757507100,6526.86,6527.23,6524.84,6525.87
1757507400,6530.01,6531.97,6526.86,6530.33
1757507700,6529.74,6529.8,6525.58,6527.27
1757508000,6529.74,6530.95,6527.61,6529.39
1757508300,6535.58,6536.38,6530.41,6533.57
1757508600,6529.41,6529.79,6528.64,6529.77
1757508900,6529.91,6536.75,6525.16,6532.33
1757509200,6534.92,6543.24,6532.25,6538.22
1757509500,6536.78,6541.08,6529.46,6533.51
1757509800,6531.47,6532.71,6527.94,6528.62
1757510100,6532.0,6532.48,6528.06,6532.28
1757510400,6528.58,6529.57,6525.8,6527.64
1757510700,6525.1,6527.79,6524.59,6527.59
1757511000,6527.46,6529.42,6526.28,6528.92
1757511300,6533.76,6536.14,6530.43,6531.5
1757511600,6530.07,6531.57,6526.88,6529.7
1757511900,6530.97,6531.05,6527.01,6529.04
1757512200,6534.35,6535.69,6531.34,6535.03
1757512500,6530.62,6532.57,6530.45,6531.62
1757512800,6528.27,6529.87,6525.77,6529.45
1757513100,6532.49,6536.21,6531.35,6532.51
1757513400,6542.12,6545.5,6541.72,6543.77
1757513700,6542.76,6545.1,6541.29,6545.09
1757514000,6543.22,6545.22,6539.92,6543.42
1757514300,6541.63,6541.82,6537.93,6538.4
1757514600,6544.96,6548.72,6541.45,6547.14
1757514900,6546.59,6550.77,6544.5,6548.24
1757515200,6541.53,6544.88,6534.59,6536.83
1757515500,6546.05,6547.74,6544.3,6544.51
1757515800,6546.9,6550.23,6545.44,6549.11
1757516100,6544.0,6544.17,6543.76,6544.05
1757516400,6543.26,6545.2,6538.59,6544.53
1757516700,6539.14,6539.36,6537.24,6537.38
1757517000,6540.06,6541.46,6537.94,6541.42
1757517300,6539.13,6541.12,6538.11,6538.38
1757517600,6538.01,6538.52,6536.44,6538.43
1757517900,6539.72,6542.05,6536.43,6537.31
1757518200,6543.12,6548.45,6540.53,6545.95
1757518500,6541.58,6543.62,6540.14,6542.09
1757518800,6542.57,6543.45,6540.05,6542.01
1757519100,6541.26,6544.12,6538.88,6541.46
1757519400,6542.18,6548.5,6541.14,6545.02
1757519700,6539.62,6541.26,6539.28,6539.36
1757520000,6542.42,6544.82,6541.18,6543.98
1757583000,6543.02,6543.86,6540.22,6542.97
1757583300,6541.1,6544.6,6540.16,6542.71
1757583600,6540.3,6543.24,6534.98,6535.62
1757583900,6543.0,6545.56,6541.19,6543.61
1757584200,6541.95,6544.89,6540.48,6541.93
1757584500,6540.38,6543.6,6540.1,6543.08
1757584800,6532.57,6539.4,6531.78,6536.64
1757585100,6539.08,6542.0,6538.65,6539.92
1757585400,6530.2,6531.77,6521.91,6524.36
1757585700,6529.23,6532.12,6527.09,6527.88
1757586000,6528.78,6537.54,6528.29,6532.45
1757586300,6531.86,6532.33,6530.64,6531.89
1757586600,6528.78,6528.95,6516.52,6518.24
1757586900,6528.78,6533.33,6527.78,6532.97
1757587200,6528.78,6530.92,6524.17,6529.55
1757587500,6533.73,6534.69,6528.08,6531.74
1757587800,6536.67,6542.58,6535.86,6540.45
1757588100,6535.9,6542.07,6532.1,6533.14
1757588400,6535.25,6541.13,6528.79,6534.13
1757588700,6534.22,6535.11,6524.37,6530.53
1757589000,6539.75,6543.51,6537.18,6537.28
1757589300,6547.64,6548.02,6539.42,6541.82
1757589600,6548.42,6551.34,6548.03,6550.66
1757589900,6545.96,6547.28,6542.61,6544.68
1757590200,6547.11,6553.16,6541.41,6544.84
1757590500,6556.84,6558.5,6555.13,6558.49
1757590800,6562.86,6571.41,6559.73,6569.08
1757591100,6562.03,6566.57,6557.44,6565.67
1757591400,6563.34,6571.13,6559.63,6561.63
1757591700,6566.52,6573.2,6565.11,6571.55
1757592000,6565.0,6567.09,6561.25,6562.85
1757592300,6566.91,6576.36,6564.65,6571.19
1757592600,6562.64,6564.52,6559.95,6561.35
1757592900,6558.91,6560.23,6556.38,6558.56
1757593200,6558.65,6561.78,6554.14,6554.77
1757593500,6566.68,6569.36,6564.6,6564.62
1757593800,6569.77,6575.47,6565.0,6571.6
1757594100,6563.34,6563.97,6556.79,6559.52
1757594400,6557.05,6561.3,6552.38,6554.64
1757594700,6541.36,6541.97,6537.26,6539.31
1757595000,6543.87,6551.2,6539.11,6546.43
1757595300,6543.44,6543.77,6537.26,6539.87
1757595600,6556.18,6559.46,6549.99,6551.82
1757595900,6569.58,6571.0,6569.22,6569.91
1757596200,6571.29,6578.41,6564.76,6570.2
1757596500,6581.56,6585.79,6578.72,6580.24
1757596800,6573.76,6574.26,6570.9,6573.75
1757597100,6582.96,6585.37,6576.56,6581.4
1757597400,6580.96,6587.9,6580.34,6587.04
1757597700,6576.77,6577.61,6571.9,6576.89
1757598000,6576.93,6580.21,6565.26,6570.36
1757598300,6573.6,6578.76,6570.02,6573.67
1757598600,6564.85,6568.84,6556.66,6559.19
1757598900,6561.27,6564.73,6557.56,6558.68
1757599200,6562.32,6565.2,6558.22,6563.79
1757599500,6554.52,6558.16,6550.52,6556.01
1757599800,6560.2,6560.41,6554.94,6557.51
1757600100,6570.27,6576.78,6565.72,6573.71
1757600400,6573.76,6573.93,6566.52,6567.23
1757600700,6569.95,6571.82,6568.26,6571.76
1757601000,6572.54,6573.78,6566.5,6569.94
1757601300,6573.04,6578.01,6568.73,6575.88
1757601600,6574.99,6577.63,6570.96,6575.37
1757601900,6575.76,6578.0,6572.53,6577.25
1757602200,6581.71,6582.21,6574.66,6580.86
1757602500,6584.18,6586.1,6582.61,6582.7
1757602800,6578.32,6581.05,6566.13,6572.36
1757603100,6577.14,6581.71,6571.76,6575.26
1757603400,6579.38,6581.86,6576.26,6576.5
1757603700,6579.25,6582.89,6573.89,6582.84
1757604000,6583.76,6586.4,6578.35,6582.92
1757604300,6583.57,6587.55,6579.45,6581.7
1757604600,6578.12,6578.13,6572.58,6576.05
1757604900,6578.26,6579.3,6573.16,6576.42
1757605200,6585.22,6589.06,6579.74,6581.43
1757605500,6591.92,6592.22,6588.14,6591.4
1757605800,6590.04,6591.78,6586.54,6587.92
1757606100,6583.34,6587.9,6573.86,6578.44
1757606400,6584.44,6585.23,6581.41,6583.13
1757669400,6595.49,6596.15,6592.94,6595.48
1757669700,6595.22,6598.01,6593.66,6594.29
1757670000,6599.08,6599.31,6594.98,6596.33
1757670300,6598.08,6600.62,6595.79,6597.89
1757670600,6600.08,6601.65,6598.44,6599.19
1757670900,6606.94,6607.51,6603.85,6604.73
1757671200,6601.51,6602.51,6598.19,6601.15
1757671500,6604.24,6604.62,6603.17,6603.71
1757671800,6598.59,6600.16,6597.84,6599.76
1757672100,6595.9,6596.34,6592.37,6594.36
1757672400,6594.47,6596.37,6592.73,6593.89
1757672700,6591.88,6595.45,6587.55,6590.53
1757673000,6590.4,6591.8,6589.33,6591.73
1757673300,6596.51,6596.6,6595.2,6596.21
1757673600,6594.53,6596.82,6592.01,6593.68
1757673900,6595.7,6599.36,6595.24,6597.27
1757674200,6590.6,6592.67,6587.09,6591.55
1757674500,6589.08,6593.1,6589.07,6591.45
1757674800,6588.6,6591.56,6588.01,6590.39
1757675100,6586.35,6586.48,6585.59,6586.05
1757675400,6584.48,6585.2,6581.43,6583.25
1757675700,6589.95,6593.44,6589.81,6592.0
1757676000,6593.07,6594.98,6591.93,6593.95
1757676300,6593.52,6593.61,6591.39,6592.73
1757676600,6598.48,6599.62,6597.8,6598.97
1757676900,6596.95,6597.8,6595.37,6595.6
1757677200,6598.76,6601.38,6598.0,6599.57
1757677500,6591.7,6592.3,6589.32,6589.98
1757677800,6591.16,6593.9,6586.37,6589.47
1757678100,6593.03,6595.48,6589.67,6595.0
1757678400,6590.37,6592.06,6587.85,6589.14
1757678700,6592.7,6594.95,6589.14,6589.99
1757679000,6595.19,6596.91,6594.84,6596.39
1757679300,6595.7,6596.28,6594.35,6594.94
1757679600,6596.51,6598.2,6596.34,6598.07
1757679900,6602.63,6604.34,6601.39,6601.45
1757680200,6602.46,6606.42,6601.25,6603.42
1757680500,6600.52,6602.28,6599.4,6599.65
1757680800,6602.35,6603.32,6599.38,6601.09
1757681100,6601.85,6603.82,6600.75,6603.07
1757681400,6600.25,6603.87,6598.95,6601.79
1757681700,6599.89,6601.82,6598.18,6600.96
1757682000,6601.07,6603.29,6600.81,6602.22
1757682300,6597.96,6598.51,6594.25,6596.59
1757682600,6593.04,6595.21,6592.68,6594.44
1757682900,6592.72,6593.74,6591.89,6593.51
1757683200,6590.55,6592.0,6588.13,6588.29
1757683500,6589.69,6590.17,6587.51,6587.93
1757683800,6590.25,6592.04,6587.91,6588.48
1757684100,6587.48,6587.51,6583.84,6584.58
1757684400,6589.59,6590.32,6587.56,6588.53
1757684700,6593.38,6598.37,6588.12,6595.34
1757685000,6595.99,6598.51,6594.35,6598.08
1757685300,6595.2,6596.25,6593.64,6593.88
1757685600,6596.28,6597.1,6593.87,6595.23
1757685900,6601.23,6601.79,6601.01,6601.22
1757686200,6600.11,6602.4,6598.59,6601.09
1757686500,6599.84,6603.9,6598.79,6602.7
1757686800,6600.58,6601.52,6597.83,6598.26
1757687100,6606.28,6610.22,6605.68,6606.36
1757687400,6602.22,6606.06,6601.96,6604.02
1757687700,6598.08,6603.89,6597.8,6601.67
1757688000,6601.73,6604.45,6600.9,6603.92
1757688300,6594.24,6599.47,6593.07,6597.09
1757688600,6594.25,6594.67,6590.8,6592.42
1757688900,6587.33,6588.7,6584.32,6585.22
1757689200,6585.26,6589.23,6582.19,6587.17
1757689500,6586.35,6587.61,6584.61,6585.1
1757689800,6587.95,6588.5,6585.48,6587.39
1757690100,6588.64,6592.62,6588.12,6591.36
1757690400,6587.78,6590.13,6586.76,6589.9
1757690700,6586.21,6587.72,6584.4,6584.83
1757691000,6583.88,6586.33,6580.34,6586.16
1757691300,6583.51,6586.64,6582.82,6585.39
1757691600,6585.38,6586.89,6581.71,6582.77
1757691900,6586.82,6587.08,6585.64,6586.29
1757692200,6590.42,6591.11,6589.78,6590.51
1757692500,6590.88,6595.73,6590.35,6591.89
1757692800,6590.28,6592.78,6589.81,6590.18
1757928600,6589.26,6589.27,6585.03,6587.79
1757928900,6589.43,6589.67,6587.62,6589.09
1757929200,6591.28,6593.53,6590.53,6592.35
1757929500,6587.86,6588.6,6585.02,6585.56
1757929800,6587.38,6590.98,6586.02,6588.21
1757930100,6583.31,6583.73,6583.18,6583.4
1757930400,6582.32,6583.92,6581.93,6583.58
1757930700,6581.4,6582.77,6580.38,6581.92
1757931000,6581.4,6586.64,6580.89,6583.42
1757931300,6586.17,6588.31,6583.91,6587.59
1757931600,6590.09,6591.45,6586.32,6586.67
1757931900,6585.04,6586.35,6582.8,6583.82
1757932200,6581.4,6585.55,6580.66,6584.58
1757932500,6585.99,6587.31,6583.84,6586.45
1757932800,6588.17,6589.47,6585.51,6585.93
1757933100,6586.34,6586.95,6583.72,6585.04
1757933400,6584.1,6587.7,6581.61,6584.87
1757933700,6583.63,6587.14,6582.17,6583.93
1757934000,6581.4,6586.83,6578.31,6579.05
1757934300,6581.4,6584.13,6581.29,6582.2
1757934600,6586.78,6590.38,6584.28,6588.76
1757934900,6591.88,6593.11,6587.69,6588.76
1757935200,6590.93,6591.37,6588.14,6589.07
1757935500,6593.98,6595.72,6592.03,6593.59
1757935800,6587.19,6587.71,6580.99,6586.2
1757936100,6584.39,6585.52,6580.42,6581.91
1757936400,6588.42,6592.02,6586.23,6590.94
1757936700,6586.9,6589.17,6585.56,6588.68
1757937000,6582.1,6583.39,6581.69,6582.97
1757937300,6582.05,6585.02,6580.47,6583.06
1757937600,6582.85,6583.9,6580.37,6582.61
1757937900,6584.39,6586.84,6582.87,6586.78
1757938200,6594.0,6598.62,6593.2,6595.37
1757938500,6589.26,6594.7,6588.85,6592.24
1757938800,6594.35,6595.59,6594.34,6594.91
1757939100,6597.35,6599.28,6596.45,6597.87
1757939400,6593.96,6594.3,6592.92,6594.2
1757939700,6593.99,6594.46,6589.29,6590.49
1757940000,6594.49,6597.71,6590.86,6595.93
1757940300,6597.68,6601.85,6593.81,6598.28
1757940600,6594.31,6597.89,6593.59,6594.15
1757940900,6592.67,6592.82,6589.23,6589.58
1757941200,6592.44,6594.7,6588.03,6590.45
1757941500,6593.6,6595.41,6590.62,6592.0
1757941800,6594.8,6595.93,6590.56,6593.2
1757942100,6592.08,6595.26,6591.69,6594.85
1757942400,6589.24,6592.53,6589.12,6590.98
1757942700,6594.01,6595.04,6593.58,6594.62
1757943000,6600.09,6602.94,6595.39,6599.19
1757943300,6605.56,6605.68,6602.55,6604.55
1757943600,6607.96,6611.59,6604.2,6609.77
1757943900,6614.89,6615.22,6613.81,6614.95
1757944200,6619.4,6620.21,6616.59,6619.07
1757944500,6618.63,6618.97,6617.0,6617.47
1757944800,6617.79,6618.35,6615.86,6617.76
1757945100,6620.26,6623.83,6619.6,6620.33
1757945400,6621.06,6626.1,6617.35,6623.28
1757945700,6612.47,6613.68,6609.53,6611.07
1757946000,6617.22,6617.28,6612.47,6614.07
1757946300,6621.55,6625.02,6621.43,6623.22
1757946600,6622.38,6624.54,6619.85,6623.23
1757946900,6626.15,6626.56,6623.97,6626.37
1757947200,6625.76,6626.05,6623.68,6624.37
1757947500,6627.6,6629.49,6626.59,6627.84
1757947800,6625.99,6626.44,6625.8,6625.82
1757948100,6627.6,6629.98,6624.72,6627.97
1757948400,6617.26,6617.59,6613.76,6617.12
1757948700,6611.86,6613.67,6610.05,6612.88
1757949000,6611.97,6613.37,6607.32,6609.6
1757949300,6615.56,6615.99,6614.26,6615.84
1757949600,6619.09,6620.53,6615.64,6615.74
1757949900,6619.4,6622.72,6618.13,6619.25
1757950200,6618.44,6621.64,6617.63,6621.51
1757950500,6627.42,6633.26,6626.25,6628.35
1757950800,6615.37,6619.87,6615.07,6619.34
1757951100,6618.78,6619.05,6616.95,6618.56
1757951400,6618.93,6620.46,6617.6,6619.54
1757951700,6614.05,6615.9,6611.09,6614.75
1757952000,6612.91,6618.28,6612.1,6615.95
1758015000,6617.89,6619.34,6615.17,6617.28
1758015300,6617.47,6620.69,6617.13,6618.71
1758015600,6613.62,6615.24,6613.19,6614.32
1758015900,6612.91,6613.63,6610.21,6611.53
1758016200,6619.05,6625.73,6618.71,6622.27
1758016500,6623.49,6629.98,6621.53,6625.41
1758016800,6619.07,6621.24,6618.46,6620.28
1758017100,6617.96,6618.44,6614.99,6616.17
1758017400,6622.68,6627.08,6620.24,6625.3
1758017700,6618.83,6619.88,6617.56,6618.03
1758018000,6622.05,6624.74,6615.37,6617.64
1758018300,6623.86,6624.47,6621.8,6622.37
1758018600,6619.63,6624.31,6618.18,6621.65
1758018900,6621.36,6621.7,6616.79,6619.72
1758019200,6617.98,6619.14,6615.74,6617.09
1758019500,6613.6,6617.7,6609.6,6611.61
1758019800,6611.97,6613.5,6609.3,6610.27
1758020100,6613.29,6616.07,6612.06,6614.5
1758020400,6611.6,6613.05,6609.79,6610.78
1758020700,6617.45,6618.42,6612.55,6615.26
1758021000,6614.79,6618.15,6610.69,6616.17
1758021300,6613.12,6614.5,6609.26,6609.27
1758021600,6606.39,6609.97,6605.2,6605.23
1758021900,6605.94,6607.26,6605.12,6605.74
1758022200,6605.52,6607.66,6603.95,6605.2
1758022500,6611.59,6614.33,6607.04,6612.78
1758022800,6614.63,6615.78,6614.36,6615.6
1758023100,6618.61,6620.91,6618.39,6619.56
1758023400,6619.63,6619.9,6616.91,6617.9
1758023700,6619.65,6621.32,6618.64,6619.58
1758024000,6619.69,6620.88,6617.68,6619.12
1758024300,6618.73,6619.35,6615.35,6617.29
1758024600,6623.27,6624.38,6623.14,6623.43
1758024900,6619.48,6619.67,6618.02,6618.24
1758025200,6618.15,6619.62,6613.69,6618.38
1758025500,6613.71,6614.03,6608.94,6611.54
1758025800,6617.23,6621.0,6617.01,6619.78
1758026100,6615.51,6617.65,6614.5,6616.9
1758026400,6614.2,6620.29,6611.17,6617.17
1758026700,6614.59,6617.74,6614.57,6615.37
1758027000,6615.59,6615.75,6614.24,6615.54
1758027300,6611.89,6616.01,6609.99,6614.4
1758027600,6612.68,6613.21,6607.83,6610.11
1758027900,6613.44,6613.57,6611.69,6613.45
1758028200,6609.74,6609.88,6607.73,6608.93
1758028500,6610.78,6613.06,6606.99,6610.39
1758028800,6608.64,6611.05,6608.54,6610.1
1758029100,6612.27,6617.05,6611.18,6615.23
1758029400,6613.94,6618.55,6613.51,6616.63
1758029700,6618.21,6622.4,6616.81,6620.58
1758030000,6618.78,6619.43,6616.84,6617.57
1758030300,6613.81,6615.55,6611.64,6612.15
1758030600,6614.59,6615.14,6610.01,6611.57
1758030900,6618.85,6619.16,6613.14,6615.83
1758031200,6616.09,6616.86,6615.31,6616.75
1758031500,6614.72,6616.44,6611.61,6613.6
1758031800,6617.69,6620.77,6613.88,6619.69
1758032100,6616.14,6617.97,6614.51,6615.9
1758032400,6612.02,6614.02,6610.97,6611.08
1758032700,6611.51,6613.11,6606.66,6611.11
1758033000,6612.15,6612.99,6609.95,6610.59
1758033300,6609.86,6612.15,6607.04,6609.38
1758033600,6609.07,6611.88,6608.33,6610.17
1758033900,6607.46,6608.46,6602.96,6604.03
1758034200,6610.4,6613.39,6608.36,6609.71
1758034500,6613.9,6616.96,6612.98,6616.24
1758034800,6617.89,6623.45,6616.89,6621.19
1758035100,6618.61,6621.28,6617.72,6619.13
1758035400,6627.02,6629.62,6626.12,6628.81
1758035700,6622.99,6623.6,6622.43,6622.76
1758036000,6624.57,6625.17,6623.72,6624.91
1758036300,6626.76,6627.4,6624.08,6625.97
1758036600,6628.97,6630.94,6627.01,6627.5
1758036900,6624.08,6624.13,6621.95,6622.66
1758037200,6622.34,6626.27,6620.09,6624.96
1758037500,6616.39,6617.83,6615.19,6617.34
1758037800,6614.3,6615.45,6611.94,6613.02
1758038100,6609.3,6610.95,6606.35,6608.2
1758038400,6609.75,6610.01,6607.63,6608.89
1758101400,6610.05,6615.27,6606.59,6610.61
1758101700,6617.92,6618.2,6615.58,6616.84
1758102000,6623.46,6632.5,6621.12,6628.05
1758102300,6631.4,6641.73,6629.91,6635.17
1758102600,6629.55,6634.02,6627.83,6632.39
1758102900,6624.45,6635.37,6619.74,6630.55
1758103200,6625.02,6626.14,6622.84,6623.7
1758103500,6621.05,6622.88,6619.39,6622.3
1758103800,6623.39,6629.17,6615.69,6625.8
1758104100,6625.44,6626.95,6619.38,6622.06
1758104400,6626.91,6642.82,6626.18,6635.05
1758104700,6615.51,6622.85,6613.05,6618.99
1758105000,6626.9,6632.3,6626.86,6629.69
1758105300,6636.78,6640.34,6634.55,6639.29
1758105600,6629.6,6643.66,6626.95,6641.46
1758105900,6619.33,6624.18,6618.3,6620.14
1758106200,6618.15,6622.93,6617.48,6622.17
1758106500,6611.91,6612.41,6600.31,6604.48
1758106800,6608.86,6614.28,6603.33,6606.36
1758107100,6618.55,6618.64,6610.83,6614.01
1758107400,6608.79,6611.82,6598.24,6602.04
1758107700,6615.23,6619.4,6614.12,6615.51
1758108000,6610.79,6618.25,6608.61,6617.35
1758108300,6620.41,6622.97,6615.43,6615.97
1758108600,6617.61,6620.36,6615.45,6618.02
1758108900,6620.92,6624.36,6618.94,6620.34
1758109200,6624.16,6626.74,6620.62,6621.26
1758109500,6626.59,6631.1,6623.06,6630.8
1758109800,6622.13,6631.32,6619.37,6630.06
1758110100,6617.48,6620.91,6607.17,6608.68
1758110400,6628.3,6628.99,6628.02,6628.11
1758110700,6636.78,6637.14,6632.51,6635.96
1758111000,6630.73,6636.29,6626.55,6635.38
1758111300,6629.29,6630.84,6622.23,6622.75
1758111600,6622.93,6630.8,6620.93,6629.02
1758111900,6626.93,6634.01,6616.13,6620.44
1758112200,6617.98,6618.41,6610.61,6617.46
1758112500,6617.52,6617.78,6614.5,6615.67
1758112800,6606.76,6606.8,6593.84,6597.45
1758113100,6604.56,6607.56,6600.84,6601.48
1758113400,6595.58,6608.05,6593.34,6599.94
1758113700,6594.7,6603.24,6593.57,6595.1
1758114000,6602.24,6606.48,6598.92,6601.02
1758114300,6611.58,6616.52,6605.05,6613.1
1758114600,6610.28,6610.64,6602.06,6605.21
1758114900,6604.33,6609.93,6598.86,6609.44
1758115200,6606.17,6606.94,6602.97,6603.1
1758115500,6603.81,6607.44,6603.09,6604.69
1758115800,6599.99,6609.8,6595.57,6608.34
1758116100,6607.97,6614.08,6603.24,6606.6
1758116400,6631.58,6638.75,6614.41,6625.38
1758116700,6636.78,6639.68,6633.05,6635.8
1758117000,6628.92,6630.39,6624.6,6630.04
1758117300,6615.36,6623.12,6614.38,6615.15
1758117600,6616.74,6618.26,6609.11,6612.03
1758117900,6603.65,6604.29,6597.67,6603.98
1758118200,6607.73,6610.1,6604.1,6607.4
1758118500,6601.89,6606.27,6598.6,6606.17
1758118800,6600.39,6601.79,6600.13,6601.68
1758119100,6603.65,6604.55,6598.25,6601.88
1758119400,6596.21,6603.39,6594.87,6595.31
1758119700,6596.12,6604.66,6588.12,6592.06
1758120000,6592.17,6594.28,6587.73,6588.95
1758120300,6578.15,6582.55,6569.43,6570.4
1758120600,6571.35,6576.73,6569.26,6575.18
1758120900,6580.62,6581.63,6575.73,6579.06
1758121200,6584.13,6586.3,6582.15,6583.75
1758121500,6572.04,6574.61,6567.74,6568.94
1758121800,6564.5,6570.56,6560.19,6570.33
1758122100,6568.16,6578.33,6565.87,6571.32
1758122400,6574.58,6580.19,6573.27,6577.88
1758122700,6578.65,6581.44,6576.48,6578.69
1758123000,6582.32,6591.61,6578.65,6587.31
1758123300,6577.47,6582.84,6575.83,6578.68
1758123600,6573.89,6576.1,6572.12,6573.11
1758123900,6572.56,6576.3,6568.49,6570.83
1758124200,6580.12,6580.64,6578.88,6580.51
1758124500,6592.27,6593.45,6586.14,6588.9
1758124800,6593.35,6605.73,6592.88,6598.77
1758187800,6611.15,6613.75,6606.79,6608.51
1758188100,6603.95,6605.24,6598.02,6599.75
1758188400,6600.61,6606.76,6600.12,6603.06
1758188700,6606.23,6607.14,6602.59,6605.74
1758189000,6602.6,6605.38,6594.6,6605.26
1758189300,6612.13,6613.19,6610.09,6610.77
1758189600,6617.36,6618.17,6612.97,6614.7
1758189900,6612.62,6617.95,6610.7,6613.66
1758190200,6613.14,6613.64,6610.17,6612.89
1758190500,6604.93,6611.69,6600.98,6607.07
1758190800,6603.8,6612.74,6599.54,6599.95
1758191100,6605.56,6611.64,6603.48,6604.66
1758191400,6609.19,6614.15,6606.62,6611.92
1758191700,6608.04,6609.77,6607.06,6607.78
1758192000,6618.05,6620.03,6616.96,6617.23
1758192300,6623.79,6630.9,6622.58,6627.75
1758192600,6632.18,6634.1,6631.68,6633.34
1758192900,6630.28,6630.92,6626.42,6627.14
1758193200,6633.92,6635.39,6630.09,6632.88
1758193500,6630.19,6639.97,6628.15,6633.68
1758193800,6616.86,6623.5,6616.07,6618.55
1758194100,6604.8,6613.54,6603.58,6612.25
1758194400,6606.98,6609.8,6603.71,6605.56
1758194700,6617.15,6622.17,6615.92,6619.81
1758195000,6615.78,6620.59,6613.77,6617.72
1758195300,6608.81,6610.28,6605.78,6606.71
1758195600,6600.96,6601.23,6594.93,6595.67
1758195900,6600.4,6604.21,6594.83,6597.92
1758196200,6604.83,6605.72,6602.52,6604.58
1758196500,6600.48,6600.81,6595.95,6598.44
1758196800,6609.26,6614.06,6607.05,6607.6
1758197100,6612.88,6615.28,6610.4,6615.01
1758197400,6606.15,6609.55,6604.24,6604.74
1758197700,6604.34,6609.0,6602.05,6606.97
1758198000,6608.4,6616.64,6607.36,6614.9
1758198300,6600.4,6602.18,6597.34,6599.23
1758198600,6607.17,6608.65,6602.66,6602.73
1758198900,6606.76,6609.35,6605.36,6607.76
1758199200,6612.32,6615.96,6602.74,6603.87
1758199500,6617.19,6621.01,6613.15,6619.71
1758199800,6625.91,6627.52,6620.79,6621.45
1758200100,6621.04,6624.98,6615.87,6616.51
1758200400,6618.75,6619.47,6613.53,6616.74
1758200700,6622.19,6628.33,6619.27,6624.11
1758201000,6625.14,6629.45,6619.92,6627.44
1758201300,6618.02,6625.28,6613.81,6622.05
1758201600,6600.89,6602.85,6594.54,6597.42
1758201900,6610.8,6614.86,6608.24,6612.12
1758202200,6604.46,6605.04,6595.64,6599.6
1758202500,6603.14,6606.47,6602.89,6603.15
1758202800,6610.85,6613.28,6604.38,6605.76
1758203100,6612.81,6616.08,6612.29,6616.07
1758203400,6611.64,6613.29,6608.37,6609.84
1758203700,6612.93,6616.12,6609.83,6614.06
1758204000,6615.6,6620.53,6609.06,6613.04
1758204300,6618.83,6621.6,6617.38,6621.54
1758204600,6619.61,6624.02,6617.76,6621.85
1758204900,6629.62,6630.67,6623.59,6626.19
1758205200,6631.14,6631.97,6627.03,6630.73
1758205500,6629.92,6637.92,6628.31,6632.81
1758205800,6630.32,6633.49,6621.06,6623.82
1758206100,6635.06,6637.47,6632.71,6634.7
1758206400,6634.04,6636.7,6632.58,6634.19
1758206700,6630.31,6634.94,6628.05,6630.43
1758207000,6628.61,6631.02,6623.52,6625.32
1758207300,6638.46,6641.74,6636.35,6639.75
1758207600,6639.02,6639.67,6633.85,6637.58
1758207900,6640.44,6641.8,6633.26,6638.6
1758208200,6647.49,6647.53,6639.49,6645.7
1758208500,6649.48,6649.65,6644.68,6647.47
1758208800,6643.74,6648.6,6640.83,6641.79
1758209100,6644.09,6645.95,6643.51,6644.23
1758209400,6643.99,6647.24,6643.64,6644.39
1758209700,6643.0,6643.41,6640.99,6643.14
1758210000,6636.29,6643.64,6629.15,6629.76
1758210300,6639.46,6642.54,6634.79,6635.81
1758210600,6635.85,6641.28,6628.31,6638.71
1758210900,6628.68,6632.45,6622.49,6625.0
1758211200,6638.33,6649.63,6633.85,6643.96
1758274200,6647.05,6648.03,6646.73,6647.57
1758274500,6648.57,6649.66,6647.6,6649.38
1758274800,6646.69,6648.3,6643.17,6644.77
1758275100,6642.03,6643.57,6639.43,6641.03
1758275400,6642.09,6645.26,6642.06,6643.46
1758275700,6642.08,6642.32,6641.1,6642.01
1758276000,6639.05,6639.71,6637.95,6639.08
1758276300,6640.67,6641.77,6638.54,6640.54
1758276600,6638.94,6642.6,6634.6,6636.42
1758276900,6644.98,6647.7,6643.13,6644.16
1758277200,6646.49,6649.02,6645.27,6645.92
1758277500,6645.44,6646.45,6643.88,6645.67
1758277800,6642.56,6645.27,6641.26,6643.45
1758278100,6642.69,6646.2,6639.8,6641.9
1758278400,6643.49,6645.25,6638.76,6639.3
1758278700,6645.85,6648.44,6644.16,6646.35
1758279000,6649.97,6653.91,6648.93,6653.2
1758279300,6652.97,6653.57,6651.99,6652.8
1758279600,6649.73,6651.61,6649.64,6650.58
1758279900,6644.98,6646.35,6642.06,6645.51
1758280200,6645.96,6647.19,6644.04,6645.92
1758280500,6640.95,6645.64,6637.1,6637.45
1758280800,6635.5,6636.87,6632.81,6636.46
1758281100,6634.29,6634.96,6630.87,6632.47
1758281400,6638.66,6639.07,6634.85,6636.73
1758281700,6631.59,6634.13,6631.12,6632.92
1758282000,6633.64,6636.06,6633.11,6634.87
1758282300,6637.23,6638.9,6636.42,6637.2
1758282600,6638.12,6640.23,6637.63,6639.08
1758282900,6637.09,6638.58,6633.56,6636.79
1758283200,6633.5,6633.84,6631.4,6632.24
1758283500,6631.53,6632.65,6629.12,6629.73
1758283800,6632.92,6634.9,6632.5,6634.67
1758284100,6640.0,6640.13,6635.89,6637.82
1758284400,6639.8,6643.38,6639.6,6643.21
1758284700,6638.76,6640.4,6634.17,6635.04
1758285000,6637.42,6638.65,6634.02,6636.12
1758285300,6636.27,6639.51,6635.48,6636.84
1758285600,6639.12,6640.46,6638.06,6638.45
1758285900,6642.61,6647.82,6641.67,6644.55
1758286200,6644.57,6651.32,6642.98,6649.33
1758286500,6645.83,6648.74,6643.91,6644.17
1758286800,6647.64,6648.69,6647.41,6647.46
1758287100,6646.68,6648.63,6646.43,6647.71
1758287400,6649.52,6654.9,6647.51,6651.16
1758287700,6652.63,6656.8,6649.8,6656.39
1758288000,6649.09,6654.09,6647.56,6653.92
1758288300,6650.76,6656.58,6649.15,6655.41
1758288600,6646.9,6646.94,6644.54,6644.61
1758288900,6650.26,6650.69,6646.86,6647.16
1758289200,6652.97,6654.53,6651.45,6652.66
1758289500,6650.04,6650.24,6649.92,6650.22
1758289800,6646.58,6648.96,6640.99,6643.83
1758290100,6648.61,6649.65,6645.74,6647.31
1758290400,6650.77,6656.75,6648.78,6654.78
1758290700,6653.21,6656.24,6653.14,6656.12
1758291000,6653.13,6654.37,6650.75,6652.3
1758291300,6645.75,6646.19,6642.41,6643.27
1758291600,6653.57,6658.29,6651.79,6653.61
1758291900,6650.45,6653.05,6648.71,6651.86
1758292200,6653.33,6660.63,6652.85,6657.84
1758292500,6658.86,6660.63,6658.19,6658.44
1758292800,6657.9,6660.45,6655.1,6655.43
1758293100,6658.27,6658.51,6653.75,6655.63
1758293400,6658.53,6660.38,6655.19,6656.08
1758293700,6659.05,6660.51,6657.54,6660.02
1758294000,6658.56,6660.94,6657.7,6658.53
1758294300,6663.48,6664.82,6659.79,6660.28
1758294600,6656.64,6657.72,6650.82,6653.95
1758294900,6658.17,6658.48,6654.22,6657.49
1758295200,6659.66,6661.55,6658.09,6659.25
1758295500,6657.6,6659.23,6655.75,6658.05
1758295800,6653.71,6654.45,6650.52,6652.77
1758296100,6656.08,6658.65,6654.4,6657.81
1758296400,6659.07,6665.8,6657.28,6660.61
1758296700,6657.83,6663.15,6652.92,6661.57
1758297000,6663.48,6663.83,6660.06,6663.55
1758297300,6658.32,6659.65,6655.89,6657.31
1758297600,6663.29,6665.66,6660.56,6662.08
1758533400,6726.61,6730.6,6725.18,6727.01
1758533700,6719.18,6722.55,6717.94,6721.6
1758534000,6715.2,6720.19,6713.6,6716.83
1758534300,6710.15,6714.95,6702.88,6708.45
1758534600,6712.17,6717.14,6706.76,6707.82
1758534900,6709.5,6710.14,6706.36,6706.41
1758535200,6708.61,6710.96,6700.75,6703.46
1758535500,6713.78,6719.42,6712.47,6716.76
1758535800,6709.39,6713.98,6707.32,6707.9
1758536100,6711.09,6713.17,6708.41,6711.94
1758536400,6712.28,6715.53,6709.31,6711.37
1758536700,6715.11,6720.54,6715.11,6717.88
1758537000,6710.08,6710.37,6704.36,6707.14
1758537300,6702.68,6707.54,6698.23,6706.5
1758537600,6703.54,6705.84,6698.33,6699.83
1758537900,6710.8,6716.58,6709.42,6714.76
1758538200,6712.13,6717.36,6711.25,6712.43
1758538500,6720.73,6726.95,6716.05,6717.43
1758538800,6722.05,6726.4,6718.01,6722.36
1758539100,6725.57,6726.85,6721.52,6724.86
1758539400,6731.54,6741.36,6728.75,6736.38
1758539700,6729.69,6737.71,6726.65,6733.18
1758540000,6735.38,6738.46,6729.25,6734.57
1758540300,6727.46,6735.78,6727.32,6730.47
1758540600,6720.07,6720.31,6717.93,6718.19
1758540900,6719.0,6721.48,6709.66,6716.39
1758541200,6729.45,6736.89,6723.97,6731.95
1758541500,6734.26,6738.08,6728.03,6730.25
1758541800,6742.02,6746.77,6740.06,6743.26
1758542100,6736.84,6739.73,6730.9,6733.01
1758542400,6745.14,6747.02,6738.24,6741.0
1758542700,6746.11,6746.63,6742.84,6745.52
1758543000,6751.14,6753.85,6748.77,6750.33
1758543300,6744.75,6744.86,6742.94,6743.35
1758543600,6745.2,6748.18,6741.27,6741.31
1758543900,6743.48,6744.74,6742.16,6744.71
1758544200,6734.3,6735.88,6732.38,6732.66
1758544500,6724.96,6727.32,6721.44,6722.78
1758544800,6716.27,6723.07,6712.89,6721.12
1758545100,6711.03,6712.4,6708.82,6710.54
1758545400,6705.4,6707.42,6703.76,6704.43
1758545700,6704.64,6710.31,6702.39,6706.52
1758546000,6695.77,6701.23,6695.72,6699.84
1758546300,6713.1,6717.71,6705.68,6709.52
1758546600,6714.67,6715.8,6709.84,6711.81
1758546900,6714.59,6716.75,6712.85,6716.26
1758547200,6708.01,6712.51,6705.66,6711.5
1758547500,6710.0,6710.5,6707.17,6708.03
1758547800,6713.98,6716.04,6712.76,6715.38
1758548100,6721.0,6730.82,6717.96,6722.51
1758548400,6721.59,6726.05,6718.9,6722.62
1758548700,6733.07,6737.16,6721.7,6727.77
1758549000,6732.57,6737.39,6727.34,6727.93
1758549300,6733.09,6736.14,6727.4,6727.96
1758549600,6732.74,6741.57,6730.76,6732.13
1758549900,6732.16,6733.4,6728.09,6731.69
1758550200,6732.5,6736.86,6724.9,6728.11
1758550500,6740.56,6746.16,6727.92,6736.16
1758550800,6752.39,6761.95,6751.91,6756.26
1758551100,6754.05,6766.1,6752.06,6763.29
1758551400,6756.79,6759.82,6753.48,6755.8
1758551700,6749.34,6754.96,6745.67,6752.4
1758552000,6754.79,6755.88,6752.24,6755.48
1758552300,6746.21,6747.19,6740.91,6745.3
1758552600,6753.09,6754.57,6751.25,6754.54
1758552900,6755.07,6757.73,6753.36,6757.55
1758553200,6756.84,6758.55,6751.51,6753.7
1758553500,6762.92,6772.74,6762.23,6769.06
1758553800,6762.92,6765.94,6758.97,6764.0
1758554100,6762.92,6767.99,6760.26,6765.98
1758554400,6758.75,6761.44,6755.92,6759.34
1758554700,6756.45,6764.43,6756.23,6760.88
1758555000,6751.94,6762.07,6750.7,6756.74
1758555300,6745.39,6757.36,6742.47,6750.88
1758555600,6743.38,6752.51,6742.44,6745.24
1758555900,6760.79,6762.3,6757.18,6761.59
1758556200,6759.01,6759.11,6756.25,6757.41
1758556500,6762.92,6767.3,6752.07,6756.07
1758556800,6762.92,6770.76,6761.45,6767.39
1758619800,6750.88,6756.66,6748.32,6751.78
1758620100,6758.07,6761.83,6752.94,6755.54
1758620400,6755.4,6756.1,6753.38,6753.6
1758620700,6758.86,6759.71,6756.53,6758.69
1758621000,6755.57,6760.76,6754.98,6759.15
1758621300,6755.57,6758.55,6751.26,6756.64
1758621600,6757.21,6762.17,6755.7,6756.29
1758621900,6762.0,6767.04,6756.04,6759.88
1758622200,6762.0,6765.08,6757.93,6759.93
1758622500,6762.0,6768.59,6756.35,6763.79
1758622800,6762.0,6764.96,6758.12,6759.08
1758623100,6762.0,6764.12,6761.63,6763.14
1758623400,6752.46,6753.06,6743.95,6748.88
1758623700,6759.5,6764.42,6755.54,6760.15
1758624000,6756.53,6762.58,6755.39,6761.22
1758624300,6753.09,6754.71,6747.02,6753.37
1758624600,6747.76,6753.78,6743.77,6749.05
1758624900,6745.98,6749.42,6742.75,6747.0
1758625200,6746.21,6756.08,6743.03,6750.47
1758625500,6749.49,6756.05,6745.74,6748.22
1758625800,6749.74,6751.58,6742.87,6749.15
1758626100,6747.43,6750.38,6745.13,6749.46
1758626400,6750.47,6759.06,6747.2,6757.1
1758626700,6754.77,6766.15,6753.37,6761.17
1758627000,6761.68,6765.46,6761.38,6764.66
1758627300,6760.25,6763.34,6749.91,6755.24
1758627600,6752.09,6754.04,6751.02,6753.61
1758627900,6755.04,6755.99,6749.79,6754.72
1758628200,6751.01,6752.33,6750.76,6751.32
1758628500,6745.36,6747.07,6741.21,6746.7
1758628800,6738.28,6738.85,6735.02,6736.97
1758629100,6738.15,6739.73,6736.35,6737.55
1758629400,6734.28,6738.21,6732.01,6736.39
1758629700,6737.83,6738.69,6736.93,6737.65
1758630000,6736.32,6737.94,6733.79,6734.11
1758630300,6741.79,6744.33,6735.62,6740.41
1758630600,6728.16,6731.62,6721.11,6725.63
1758630900,6735.15,6736.39,6735.05,6735.68
1758631200,6729.17,6733.75,6727.78,6728.36
1758631500,6732.49,6740.03,6730.26,6736.31
1758631800,6732.1,6735.64,6732.04,6732.87
1758632100,6726.63,6729.3,6723.37,6723.85
1758632400,6724.27,6725.74,6719.55,6724.52
1758632700,6726.95,6727.55,6726.17,6726.78
1758633000,6729.51,6735.78,6729.08,6731.66
1758633300,6727.25,6731.28,6722.95,6729.19
1758633600,6719.09,6720.96,6718.22,6719.24
1758633900,6729.4,6733.91,6726.62,6732.42
1758634200,6731.85,6738.02,6731.29,6735.3
1758634500,6724.98,6731.78,6723.36,6729.77
1758634800,6721.13,6724.6,6721.02,6722.37
1758635100,6715.68,6717.03,6714.58,6714.59
1758635400,6724.32,6727.74,6723.25,6727.52
1758635700,6727.9,6732.11,6726.92,6729.96
1758636000,6738.25,6740.22,6735.67,6736.36
1758636300,6735.39,6737.81,6730.16,6731.61
1758636600,6731.54,6734.15,6726.86,6729.92
1758636900,6732.82,6735.02,6727.97,6729.97
1758637200,6737.37,6740.51,6731.11,6732.66
1758637500,6731.25,6732.43,6729.75,6730.77
1758637800,6733.76,6741.28,6732.51,6737.27
1758638100,6738.5,6739.95,6737.32,6738.24
1758638400,6745.17,6748.18,6741.31,6742.07
1758638700,6742.48,6742.88,6738.59,6742.4
1758639000,6737.21,6740.27,6731.71,6738.98
1758639300,6735.63,6736.51,6735.15,6735.37
1758639600,6737.74,6739.29,6730.07,6738.46
1758639900,6738.05,6739.0,6735.54,6736.47
1758640200,6735.84,6738.21,6733.62,6737.17
1758640500,6732.22,6735.36,6731.73,6735.27
1758640800,6724.21,6729.04,6722.92,6728.44
1758641100,6717.19,6718.57,6712.53,6715.11
1758641400,6722.87,6723.93,6719.81,6723.19
1758641700,6729.6,6736.63,6728.66,6733.07
1758642000,6717.84,6725.51,6717.67,6721.57
1758642300,6716.19,6717.32,6710.21,6713.0
1758642600,6715.04,6717.72,6713.82,6717.21
1758642900,6709.08,6711.78,6705.69,6708.24
1758643200,6705.43,6707.4,6702.39,6707.26
1758706200,6720.72,6722.48,6714.76,6718.02
1758706500,6723.72,6727.61,6720.99,6724.31
1758706800,6717.11,6718.97,6713.06,6715.15
1758707100,6710.41,6719.01,6707.24,6710.4
1758707400,6704.56,6707.44,6703.16,6703.32
1758707700,6713.38,6718.25,6710.54,6713.0
1758708000,6711.61,6712.74,6707.92,6709.59
1758708300,6717.35,6719.36,6716.19,6718.65
1758708600,6715.32,6716.4,6711.85,6714.91
1758708900,6714.94,6718.12,6714.07,6714.68
1758709200,6707.73,6708.1,6706.16,6707.69
1758709500,6706.03,6707.01,6704.3,6706.15
1758709800,6713.78,6714.86,6709.96,6710.87
1758710100,6710.24,6713.78,6710.06,6710.22
1758710400,6712.22,6717.17,6706.67,6715.74
1758710700,6706.58,6710.56,6703.94,6707.64
1758711000,6708.22,6710.95,6705.57,6707.71
1758711300,6713.02,6715.27,6707.28,6710.51
1758711600,6718.26,6719.36,6717.67,6718.0
1758711900,6720.66,6722.7,6717.5,6720.81
1758712200,6716.07,6723.17,6710.49,6714.11
1758712500,6728.86,6730.8,6728.32,6728.53
1758712800,6731.26,6731.83,6728.81,6729.5
1758713100,6724.91,6728.91,6722.23,6727.15
1758713400,6723.95,6725.2,6721.27,6723.35
1758713700,6726.37,6731.88,6725.52,6728.81
1758714000,6718.38,6719.47,6716.95,6718.96
1758714300,6714.03,6714.14,6711.37,6712.03
1758714600,6709.66,6713.22,6705.42,6706.17
1758714900,6712.07,6714.95,6711.66,6713.4
1758715200,6709.28,6711.21,6707.57,6709.71
1758715500,6707.58,6710.68,6703.96,6704.83
1758715800,6703.05,6706.39,6698.93,6700.11
1758716100,6705.1,6707.54,6703.2,6704.74
1758716400,6695.53,6702.18,6690.85,6698.65
1758716700,6699.33,6700.04,6694.92,6696.19
1758717000,6692.47,6694.49,6691.0,6694.17
1758717300,6694.99,6697.85,6692.19,6697.62
1758717600,6701.87,6703.68,6697.67,6699.1
1758717900,6699.7,6701.8,6698.31,6698.65
1758718200,6695.68,6696.3,6692.39,6694.44
1758718500,6702.81,6704.89,6699.65,6701.55
1758718800,6710.61,6710.85,6709.36,6710.5
1758719100,6715.97,6716.48,6713.88,6714.72
1758719400,6712.02,6712.62,6707.06,6710.6
1758719700,6701.31,6701.98,6698.83,6698.94
1758720000,6703.05,6705.13,6696.31,6697.41
1758720300,6699.86,6702.99,6693.87,6693.89
1758720600,6704.1,6706.84,6698.47,6699.84
1758720900,6705.49,6709.09,6702.67,6704.53
1758721200,6710.68,6714.23,6707.41,6710.12
1758721500,6706.49,6711.53,6705.2,6708.18
1758721800,6714.68,6717.54,6712.36,6717.41
1758722100,6709.84,6710.2,6707.96,6708.71
1758722400,6720.91,6724.91,6720.13,6720.25
1758722700,6728.31,6732.35,6727.11,6730.59
1758723000,6733.55,6734.86,6728.66,6733.57
1758723300,6730.5,6735.01,6729.44,6732.62
1758723600,6723.95,6730.02,6723.68,6726.73
1758723900,6721.6,6725.79,6720.83,6723.2
1758724200,6714.79,6721.53,6714.12,6718.81
1758724500,6721.69,6724.29,6721.5,6721.77
1758724800,6717.76,6722.32,6716.84,6718.87
1758725100,6717.6,6726.31,6716.77,6723.33
1758725400,6722.28,6724.62,6721.63,6723.09
1758725700,6716.58,6718.63,6715.43,6718.2
1758726000,6720.15,6723.18,6719.67,6720.16
1758726300,6715.86,6717.44,6712.89,6714.99
1758726600,6717.28,6721.32,6714.07,6718.02
1758726900,6712.52,6718.74,6712.35,6713.88
1758727200,6710.7,6712.67,6709.08,6709.1
1758727500,6715.05,6721.3,6713.67,6719.19
1758727800,6718.08,6718.71,6713.93,6715.82
1758728100,6713.01,6713.21,6710.34,6712.58
1758728400,6711.33,6714.09,6709.46,6711.5
1758728700,6711.42,6711.78,6707.51,6709.98
1758729000,6714.79,6716.04,6712.75,6713.25
1758729300,6709.46,6710.73,6706.89,6709.9
1758729600,6705.09,6705.45,6700.35,6702.19
1758792600,6697.49,6701.91,6690.5,6691.77
1758792900,6685.64,6685.67,6680.41,6682.99
1758793200,6701.97,6706.89,6701.53,6702.78
1758793500,6685.6,6691.37,6678.31,6682.85
1758793800,6693.2,6697.0,6687.97,6689.03
1758794100,6671.16,6674.99,6661.58,6668.6
1758794400,6694.01,6697.72,6687.7,6691.58
1758794700,6699.47,6704.43,6692.94,6699.56
1758795000,6710.62,6714.39,6708.4,6709.97
1758795300,6713.62,6727.11,6711.87,6718.15
1758795600,6713.62,6729.97,6710.59,6716.23
1758795900,6713.62,6715.71,6706.71,6711.52
1758796200,6704.58,6705.5,6703.61,6704.95
1758796500,6686.45,6688.44,6674.16,6681.96
1758796800,6686.05,6689.26,6676.6,6687.74
1758797100,6693.51,6694.72,6687.56,6690.48
1758797400,6681.27,6683.55,6678.29,6680.57
1758797700,6702.65,6714.47,6699.48,6708.76
1758798000,6707.21,6711.25,6701.06,6707.49
1758798300,6708.15,6709.61,6698.64,6701.13
1758798600,6703.62,6708.11,6699.98,6703.32
1758798900,6702.8,6704.82,6699.8,6702.15
1758799200,6713.62,6720.0,6709.23,6717.09
1758799500,6706.72,6708.04,6697.26,6699.73
1758799800,6686.17,6689.71,6678.21,6683.65
1758800100,6677.96,6680.94,6668.13,6668.75
1758800400,6690.01,6693.0,6687.85,6689.27
1758800700,6692.32,6695.95,6689.31,6695.66
1758801000,6696.63,6700.44,6695.04,6698.9
1758801300,6685.95,6690.23,6671.12,6679.57
1758801600,6694.66,6706.39,6692.01,6700.76
1758801900,6695.9,6697.4,6688.21,6691.58
1758802200,6690.89,6697.72,6690.86,6694.97
1758802500,6679.02,6680.05,6673.07,6679.15
1758802800,6676.81,6682.14,6670.31,6674.17
1758803100,6674.25,6687.24,6667.66,6683.0
1758803400,6678.73,6697.57,6669.86,6689.53
1758803700,6678.14,6679.5,6672.38,6675.28
1758804000,6685.47,6691.73,6684.69,6690.25
1758804300,6676.28,6679.43,6675.15,6676.16
1758804600,6659.17,6659.8,6654.41,6656.05
1758804900,6660.15,6660.43,6659.06,6659.49
1758805200,6653.12,6653.82,6648.68,6650.3
1758805500,6660.72,6666.58,6652.1,6655.01
1758805800,6655.62,6661.47,6652.01,6661.29
1758806100,6658.69,6664.81,6658.02,6661.79
1758806400,6672.73,6684.34,6668.7,6672.42
1758806700,6683.37,6684.4,6676.3,6682.42
1758807000,6685.01,6688.7,6671.57,6675.22
1758807300,6685.82,6690.7,6681.02,6683.27
1758807600,6673.93,6680.44,6663.98,6667.37
1758807900,6668.82,6677.02,6664.14,6665.12
1758808200,6654.21,6659.93,6653.88,6655.05
1758808500,6668.58,6676.68,6666.22,6674.4
1758808800,6670.95,6680.44,6665.4,6673.02
1758809100,6671.99,6674.97,6666.86,6670.61
1758809400,6674.72,6678.39,6669.48,6674.5
1758809700,6684.5,6686.71,6675.52,6680.35
1758810000,6667.45,6677.29,6666.87,6672.86
1758810300,6675.58,6684.25,6667.9,6682.66
1758810600,6675.87,6676.99,6668.09,6668.92
1758810900,6683.95,6689.46,6672.19,6689.13
1758811200,6699.59,6702.84,6699.48,6699.71
1758811500,6702.91,6706.58,6695.75,6701.24
1758811800,6698.1,6705.56,6695.11,6702.42
1758812100,6697.73,6701.45,6692.04,6696.6
1758812400,6703.62,6704.67,6692.1,6699.14
1758812700,6706.21,6709.64,6689.9,6698.22
1758813000,6703.48,6708.66,6702.02,6707.28
1758813300,6691.2,6698.82,6682.62,6694.56
1758813600,6677.72,6680.76,6670.97,6673.06
1758813900,6669.61,6670.69,6666.23,6667.4
1758814200,6652.16,6659.41,6647.44,6653.96
1758814500,6648.52,6654.53,6645.7,6647.98
1758814800,6647.88,6652.63,6644.44,6652.06
1758815100,6645.8,6648.5,6631.67,6637.0
1758815400,6643.83,6650.34,6642.67,6644.25
1758815700,6656.5,6659.3,6652.19,6658.66
1758816000,6651.05,6655.38,6648.34,6649.29
1758879000,6659.24,6661.4,6658.9,6660.21
1758879300,6657.81,6659.78,6651.44,6656.97
1758879600,6656.96,6659.18,6651.29,6657.93
1758879900,6662.67,6662.95,6661.37,6661.56
1758880200,6655.34,6655.74,6643.86,6651.45
1758880500,6658.7,6664.76,6657.79,6664.46
1758880800,6672.41,6673.36,6667.09,6672.33
1758881100,6674.98,6678.08,6674.59,6675.19
1758881400,6670.82,6672.03,6666.26,6666.51
1758881700,6670.11,6671.87,6668.38,6669.33
1758882000,6670.35,6671.6,6666.4,6668.35
1758882300,6675.25,6676.42,6675.0,6675.36
1758882600,6661.71,6664.36,6658.79,6660.33
1758882900,6667.43,6669.47,6663.38,6668.73
1758883200,6678.56,6682.68,6677.69,6680.46
1758883500,6668.67,6673.12,6665.38,6670.91
1758883800,6657.8,6659.49,6649.91,6654.57
1758884100,6656.34,6659.42,6653.27,6658.65
1758884400,6654.57,6655.56,6650.33,6652.99
1758884700,6655.42,6658.07,6652.16,6657.94
1758885000,6650.85,6651.54,6647.94,6648.93
1758885300,6653.83,6656.59,6650.22,6652.63
1758885600,6664.35,6668.82,6662.75,6665.24
1758885900,6669.69,6673.88,6666.5,6673.02
1758886200,6673.05,6678.25,6671.78,6674.12
1758886500,6676.31,6678.66,6673.08,6673.37
1758886800,6673.64,6676.92,6670.24,6674.32
1758887100,6671.78,6675.22,6670.47,6673.23
1758887400,6667.28,6669.0,6666.28,6666.32
1758887700,6664.64,6667.06,6663.3,6665.05
1758888000,6666.26,6671.93,6665.37,6667.24
1758888300,6664.1,6665.74,6658.23,6662.88
1758888600,6662.13,6668.37,6656.51,6664.7
1758888900,6669.54,6670.6,6667.57,6667.93
1758889200,6676.59,6680.14,6676.01,6676.17
1758889500,6673.17,6678.92,6670.11,6673.66
1758889800,6674.96,6677.96,6673.73,6674.0
1758890100,6674.51,6679.32,6673.05,6675.64
1758890400,6679.99,6681.06,6673.96,6677.71
1758890700,6683.83,6687.9,6680.73,6684.4
1758891000,6674.84,6676.75,6673.08,6675.2
1758891300,6679.48,6682.58,6675.54,6680.98
1758891600,6674.13,6674.63,6673.89,6674.47
1758891900,6664.26,6665.95,6661.69,6663.53
1758892200,6668.31,6669.6,6666.6,6669.08
1758892500,6665.87,6669.2,6665.48,6666.52
1758892800,6674.55,6679.04,6672.61,6676.92
1758893100,6679.36,6682.19,6675.6,6676.37
1758893400,6688.56,6690.91,6686.53,6687.77
1758893700,6689.68,6695.74,6683.76,6693.49
1758894000,6688.81,6693.94,6687.25,6692.67
1758894300,6691.24,6693.57,6687.88,6691.89
1758894600,6683.96,6689.09,6682.34,6688.09
1758894900,6683.21,6686.32,6682.18,6684.27
1758895200,6681.32,6684.34,6679.63,6681.93
1758895500,6683.96,6688.41,6682.6,6685.7
1758895800,6686.56,6688.88,6682.01,6683.29
1758896100,6684.8,6687.7,6683.72,6687.43
1758896400,6680.56,6684.73,6676.03,6679.4
1758896700,6688.69,6689.49,6685.86,6689.13
1758897000,6689.01,6695.33,6684.87,6693.49
1758897300,6695.33,6697.57,6694.79,6695.99
1758897600,6693.35,6694.39,6692.82,6693.4
1758897900,6689.38,6694.35,6686.42,6687.68
1758898200,6689.33,6699.66,6687.25,6694.06
1758898500,6687.17,6688.14,6686.16,6686.97
1758898800,6681.61,6681.92,6680.72,6680.91
1758899100,6691.91,6696.98,6689.79,6695.46
1758899400,6690.59,6690.77,6686.15,6688.11
1758899700,6685.32,6689.55,6682.75,6684.6
1758900000,6688.23,6694.2,6686.63,6692.32
1758900300,6687.52,6689.88,6684.72,6686.54
1758900600,6688.48,6693.25,6685.49,6686.25
1758900900,6687.71,6694.17,6684.87,6692.65
1758901200,6694.43,6699.2,6693.28,6694.9
1758901500,6693.46,6693.74,6685.4,6689.9
1758901800,6695.2,6699.14,6690.58,6694.6
1758902100,6686.08,6689.59,6683.93,6688.65
1758902400,6690.99,6695.83,6690.7,6695.35
1759138200,6700.68,6701.27,6699.62,6700.75
1759138500,6701.61,6704.75,6701.45,6702.6
1759138800,6702.17,6705.95,6698.43,6700.13
1759139100,6702.32,6705.42,6702.05,6705.2
1759139400,6700.79,6704.77,6698.9,6702.16
1759139700,6700.04,6705.12,6699.02,6701.39
1759140000,6692.25,6693.36,6689.95,6692.53
1759140300,6692.76,6693.51,6690.95,6693.49
1759140600,6692.25,6695.9,6689.98,6690.54
1759140900,6695.04,6697.28,6694.6,6696.28
1759141200,6693.68,6695.06,6692.06,6694.58
1759141500,6697.34,6698.07,6695.41,6696.14
1759141800,6694.52,6696.29,6691.47,6696.0
1759142100,6700.43,6701.4,6698.58,6701.08
1759142400,6695.27,6700.53,6693.11,6698.6
1759142700,6692.25,6695.39,6691.22,6694.2
1759143000,6692.25,6695.2,6692.23,6692.46
1759143300,6696.89,6697.48,6695.31,6696.77
1759143600,6700.45,6703.79,6700.14,6701.84
1759143900,6698.47,6704.3,6697.25,6702.28
1759144200,6701.65,6703.31,6700.88,6703.05
1759144500,6698.11,6702.68,6694.87,6700.48
1759144800,6702.03,6704.93,6700.97,6703.27
1759145100,6704.59,6707.17,6702.77,6704.46
1759145400,6709.09,6710.67,6703.15,6707.47
1759145700,6710.42,6713.3,6708.94,6712.34
1759146000,6701.14,6701.84,6698.47,6700.33
1759146300,6707.69,6708.8,6704.95,6708.04
1759146600,6699.77,6702.14,6696.14,6698.17
1759146900,6708.84,6709.48,6705.73,6707.81
1759147200,6711.37,6712.63,6709.35,6711.81
1759147500,6707.91,6709.81,6705.69,6706.6
1759147800,6699.34,6699.97,6696.92,6697.88
1759148100,6699.87,6702.67,6699.28,6700.82
1759148400,6695.83,6697.42,6692.27,6694.54
1759148700,6698.53,6701.92,6696.44,6700.99
1759149000,6699.79,6700.88,6693.06,6696.72
1759149300,6702.29,6703.12,6696.08,6697.42
1759149600,6704.49,6704.57,6699.66,6702.14
1759149900,6702.65,6704.47,6701.22,6702.74
1759150200,6704.65,6705.1,6701.57,6702.0
1759150500,6700.63,6702.63,6698.4,6699.28
1759150800,6704.99,6705.77,6701.02,6703.64
1759151100,6708.69,6711.12,6705.27,6709.73
1759151400,6706.67,6707.76,6703.87,6703.93
1759151700,6710.14,6711.83,6708.05,6708.9
1759152000,6713.74,6721.98,6711.64,6719.84
1759152300,6721.13,6725.07,6719.92,6724.84
1759152600,6718.08,6723.1,6717.8,6721.87
1759152900,6712.14,6715.57,6711.13,6712.86
1759153200,6710.5,6713.94,6709.92,6713.41
1759153500,6714.05,6714.93,6712.63,6713.12
1759153800,6710.39,6711.02,6709.27,6709.89
1759154100,6713.22,6713.28,6710.71,6712.26
1759154400,6708.67,6710.67,6707.57,6709.72
1759154700,6707.58,6711.32,6706.29,6706.91
1759155000,6718.92,6722.77,6718.48,6719.4
1759155300,6715.41,6716.5,6712.46,6713.19
1759155600,6709.7,6713.38,6706.79,6713.18
1759155900,6711.83,6713.63,6709.36,6712.27
1759156200,6704.99,6705.4,6703.0,6704.49
1759156500,6700.88,6706.66,6697.99,6703.64
1759156800,6697.35,6698.39,6696.66,6697.71
1759157100,6700.11,6702.25,6699.33,6701.03
1759157400,6704.35,6706.07,6703.51,6705.31
1759157700,6700.99,6701.12,6699.76,6699.81
1759158000,6701.64,6704.99,6701.0,6702.07
1759158300,6703.06,6704.97,6697.3,6701.12
1759158600,6706.66,6710.72,6704.78,6709.29
1759158900,6702.08,6702.49,6700.45,6701.78
1759159200,6702.8,6707.32,6700.85,6704.16
1759159500,6703.29,6708.53,6701.2,6703.78
1759159800,6707.66,6707.94,6703.42,6707.07
1759160100,6711.76,6712.2,6708.55,6712.06
1759160400,6714.46,6715.47,6707.14,6711.26
1759160700,6713.54,6714.22,6711.82,6713.37
1759161000,6714.64,6715.36,6713.43,6714.71
1759161300,6719.81,6721.95,6717.14,6721.62
1759161600,6716.46,6716.82,6714.21,6715.16
1759224600,6712.15,6714.75,6711.81,6712.8
1759224900,6711.07,6713.92,6709.91,6713.4
1759225200,6711.83,6714.77,6709.22,6710.8
1759225500,6720.22,6724.85,6716.02,6716.83
1759225800,6734.51,6735.17,6733.63,6734.77
1759226100,6737.28,6738.35,6729.79,6735.65
1759226400,6731.34,6733.83,6730.15,6730.62
1759226700,6731.39,6734.93,6730.51,6732.38
1759227000,6729.62,6734.27,6728.05,6731.64
1759227300,6725.94,6726.72,6721.66,6725.31
1759227600,6723.45,6727.89,6721.3,6721.57
1759227900,6710.96,6711.52,6708.03,6709.5
1759228200,6718.06,6720.23,6716.58,6717.62
1759228500,6716.09,6716.1,6709.81,6713.82
1759228800,6714.57,6718.71,6712.39,6712.97
1759229100,6718.43,6723.32,6713.67,6719.55
1759229400,6720.78,6722.12,6717.49,6718.13
1759229700,6726.99,6728.99,6725.33,6726.96
1759230000,6737.48,6740.13,6736.94,6739.79
1759230300,6735.97,6740.0,6735.32,6738.78
1759230600,6731.69,6733.34,6728.94,6732.38
1759230900,6733.15,6734.64,6730.77,6732.95
1759231200,6727.8,6728.62,6721.06,6722.1
1759231500,6725.02,6725.53,6723.03,6723.14
1759231800,6729.18,6732.25,6725.64,6730.91
1759232100,6727.08,6731.52,6718.89,6723.35
1759232400,6736.52,6737.74,6733.51,6734.14
1759232700,6728.69,6729.16,6727.51,6727.98
1759233000,6721.28,6725.76,6718.86,6719.24
1759233300,6719.14,6723.3,6715.07,6719.35
1759233600,6714.38,6714.7,6709.6,6712.0
1759233900,6712.1,6712.98,6707.27,6710.54
1759234200,6714.48,6716.07,6712.72,6714.29
1759234500,6715.21,6715.5,6712.19,6713.15
1759234800,6710.81,6715.66,6704.49,6706.69
1759235100,6705.62,6705.79,6702.13,6704.16
1759235400,6702.4,6705.81,6699.4,6705.04
1759235700,6712.98,6714.8,6709.83,6713.69
1759236000,6714.38,6715.14,6710.87,6712.28
1759236300,6717.2,6722.28,6713.71,6717.59
1759236600,6719.75,6723.02,6716.27,6716.46
1759236900,6719.11,6719.5,6717.8,6717.85
1759237200,6719.55,6722.45,6718.79,6720.33
1759237500,6721.06,6723.83,6714.66,6717.0
1759237800,6725.74,6727.14,6721.94,6723.88
1759238100,6729.55,6733.54,6728.02,6728.66
1759238400,6738.16,6739.6,6729.52,6735.25
1759238700,6736.28,6741.75,6730.99,6733.75
1759239000,6741.09,6742.41,6738.81,6740.74
1759239300,6724.51,6728.23,6720.06,6725.61
1759239600,6725.81,6730.71,6724.9,6729.22
1759239900,6723.36,6727.52,6718.08,6722.8
1759240200,6722.06,6723.47,6718.76,6723.45
1759240500,6723.0,6725.77,6719.92,6724.22
1759240800,6721.89,6727.17,6721.36,6723.62
1759241100,6721.92,6725.08,6720.27,6724.3
1759241400,6717.37,6719.85,6715.54,6715.84
1759241700,6728.99,6733.37,6724.9,6731.49
1759242000,6725.09,6727.38,6719.08,6719.87
1759242300,6729.55,6737.52,6729.44,6733.54
1759242600,6732.28,6733.31,6728.17,6729.09
1759242900,6734.8,6743.5,6727.12,6739.18
1759243200,6740.22,6741.95,6738.12,6740.91
1759243500,6733.82,6736.0,6730.3,6733.69
1759243800,6736.33,6741.07,6735.06,6737.7
1759244100,6734.99,6737.66,6733.71,6736.02
1759244400,6732.71,6734.77,6731.68,6733.91
1759244700,6728.26,6728.72,6724.48,6727.7
1759245000,6729.42,6732.9,6723.53,6728.67
1759245300,6721.88,6725.3,6720.28,6724.77
1759245600,6723.17,6727.37,6722.36,6726.05
1759245900,6729.14,6737.88,6729.13,6733.6
1759246200,6728.23,6730.69,6726.18,6728.16
1759246500,6724.51,6728.04,6721.45,6721.72
1759246800,6719.92,6721.58,6710.85,6715.68
1759247100,6722.9,6726.64,6722.89,6723.02
1759247400,6733.88,6739.81,6731.61,6737.27
1759247700,6733.27,6736.99,6726.44,6726.5
1759248000,6726.43,6729.44,6720.2,6721.89
1759311000,6727.09,6736.96,6718.69,6732.02
1759311300,6720.85,6721.59,6719.42,6721.28
1759311600,6714.92,6729.79,6713.26,6722.67
1759311900,6718.63,6729.31,6716.62,6719.25
1759312200,6717.18,6723.47,6715.92,6718.15
1759312500,6717.47,6733.94,6711.93,6722.84
1759312800,6735.51,6740.53,6733.61,6736.02
1759313100,6730.11,6736.61,6727.21,6731.35
1759313400,6736.49,6749.41,6727.55,6747.08
1759313700,6742.37,6748.99,6738.14,6743.65
1759314000,6738.25,6745.87,6725.67,6730.19
1759314300,6735.55,6741.88,6730.19,6731.15
1759314600,6741.25,6751.39,6739.86,6746.63
1759314900,6746.11,6746.77,6735.15,6740.88
1759315200,6747.2,6752.63,6746.28,6748.5
1759315500,6740.06,6741.77,6739.33,6740.13
1759315800,6733.8,6737.25,6730.84,6733.49
1759316100,6737.46,6745.08,6736.71,6743.1
1759316400,6747.56,6752.41,6747.37,6752.07
1759316700,6764.55,6778.04,6757.5,6772.66
1759317000,6747.46,6750.14,6743.58,6746.24
1759317300,6753.84,6756.97,6746.47,6755.23
1759317600,6765.95,6766.02,6757.92,6762.63
1759317900,6765.2,6773.4,6761.01,6771.5
1759318200,6769.98,6774.96,6763.13,6768.3
1759318500,6749.41,6754.34,6747.71,6752.09
1759318800,6752.11,6756.44,6750.43,6752.16
1759319100,6741.2,6747.79,6737.26,6744.33
1759319400,6733.88,6741.29,6729.66,6738.83
1759319700,6746.23,6753.77,6744.31,6752.49
1759320000,6753.58,6766.09,6749.7,6755.15
1759320300,6757.61,6760.91,6747.81,6752.45
1759320600,6741.36,6747.39,6738.41,6745.98
1759320900,6757.91,6761.83,6754.26,6758.17
1759321200,6737.99,6739.48,6734.34,6739.02
1759321500,6748.98,6755.34,6739.63,6743.36
1759321800,6758.0,6770.02,6750.82,6764.01
1759322100,6758.9,6770.98,6758.2,6762.29
1759322400,6757.05,6764.92,6755.65,6763.89
1759322700,6750.39,6754.41,6747.88,6752.79
1759323000,6741.9,6754.69,6740.31,6751.33
1759323300,6746.68,6749.63,6737.8,6739.07
1759323600,6764.18,6765.71,6758.55,6760.06
1759323900,6751.27,6758.1,6744.49,6757.8
1759324200,6737.65,6746.68,6732.33,6741.02
1759324500,6744.23,6746.91,6741.6,6742.65
1759324800,6740.42,6741.58,6727.94,6729.52
1759325100,6726.98,6731.82,6724.29,6726.53
1759325400,6726.67,6732.92,6726.48,6728.31
1759325700,6735.18,6739.74,6730.35,6733.64
1759326000,6732.57,6737.91,6723.05,6726.25
1759326300,6734.92,6737.31,6732.64,6735.91
1759326600,6728.12,6728.44,6717.98,6718.59
1759326900,6727.3,6737.04,6723.36,6732.75
1759327200,6718.67,6722.1,6715.86,6720.92
1759327500,6724.82,6725.53,6718.11,6724.47
1759327800,6733.97,6736.19,6729.2,6731.9
1759328100,6728.72,6733.98,6725.51,6732.4
1759328400,6720.7,6725.13,6711.9,6713.91
1759328700,6741.02,6744.62,6734.26,6738.38
1759329000,6740.94,6745.34,6739.83,6743.36
1759329300,6725.33,6726.23,6718.15,6719.92
1759329600,6725.54,6739.62,6723.84,6736.13
1759329900,6723.67,6731.58,6714.38,6723.64
1759330200,6730.16,6743.07,6714.84,6741.07
1759330500,6719.28,6722.37,6714.55,6718.07
1759330800,6713.51,6717.93,6711.43,6717.65
1759331100,6737.32,6739.34,6729.33,6734.02
1759331400,6737.89,6743.81,6729.81,6735.6
1759331700,6741.25,6748.2,6738.56,6739.47
1759332000,6750.7,6764.6,6737.52,6757.88
1759332300,6744.03,6750.8,6742.54,6743.83
1759332600,6733.84,6735.16,6729.67,6730.29
1759332900,6734.2,6737.65,6727.4,6733.65
1759333200,6733.24,6738.81,6730.64,6735.41
1759333500,6724.17,6729.08,6723.71,6728.18
1759333800,6740.12,6740.18,6733.87,6735.63
1759334100,6755.01,6761.38,6749.85,6755.67
1759334400,6746.97,6747.2,6739.82,6744.0
1759397400,6760.74,6764.69,6759.91,6762.68
1759397700,6754.55,6757.6,6749.67,6756.49
1759398000,6753.51,6756.55,6751.91,6755.68
1759398300,6752.5,6754.61,6750.88,6752.64
1759398600,6753.08,6756.5,6748.86,6754.79
1759398900,6755.96,6758.07,6753.18,6758.04
1759399200,6759.88,6763.2,6755.71,6759.72
1759399500,6760.95,6763.27,6760.4,6762.35
1759399800,6759.86,6759.89,6755.22,6755.71
1759400100,6760.02,6760.85,6756.42,6760.52
1759400400,6763.28,6763.77,6762.27,6762.83
1759400700,6764.68,6767.96,6762.03,6763.23
1759401000,6769.23,6770.61,6764.48,6764.83
1759401300,6768.35,6770.71,6767.2,6767.26
1759401600,6764.44,6766.06,6762.37,6765.26
1759401900,6760.74,6768.0,6759.05,6763.99
1759402200,6763.46,6766.44,6762.71,6765.91
1759402500,6767.29,6770.89,6766.42,6770.48
1759402800,6765.75,6767.92,6761.1,6763.53
1759403100,6763.45,6766.18,6756.52,6760.36
1759403400,6758.23,6761.52,6755.38,6758.42
1759403700,6755.79,6757.05,6754.55,6755.93
1759404000,6752.57,6753.22,6751.09,6752.75
1759404300,6757.96,6760.92,6756.83,6759.66
1759404600,6757.95,6762.78,6756.64,6756.78
1759404900,6754.88,6756.13,6749.3,6752.59
1759405200,6747.27,6750.78,6745.66,6748.68
1759405500,6749.31,6751.19,6742.3,6747.85
1759405800,6745.22,6747.02,6742.8,6744.02
1759406100,6750.84,6753.16,6748.46,6751.68
1759406400,6753.65,6759.68,6749.33,6758.67
1759406700,6749.89,6754.52,6745.35,6753.69
1759407000,6747.2,6750.68,6744.22,6747.23
1759407300,6743.75,6747.14,6742.57,6743.34
1759407600,6751.89,6752.26,6749.07,6749.69
1759407900,6751.72,6752.54,6749.41,6749.49
1759408200,6756.3,6758.61,6754.28,6757.76
1759408500,6758.49,6759.19,6756.33,6757.01
1759408800,6757.52,6759.69,6757.36,6758.59
1759409100,6756.48,6759.91,6754.84,6758.37
1759409400,6752.14,6756.5,6748.23,6751.06
1759409700,6761.57,6764.73,6757.06,6762.88
1759410000,6768.87,6774.19,6766.34,6768.21
1759410300,6768.87,6771.24,6767.25,6767.34
1759410600,6766.03,6767.13,6763.21,6765.94
1759410900,6764.5,6767.63,6762.04,6766.25
1759411200,6765.48,6766.98,6761.99,6764.28
1759411500,6764.48,6768.09,6761.55,6766.97
1759411800,6768.67,6772.0,6764.99,6765.96
1759412100,6768.17,6772.01,6762.93,6768.56
1759412400,6756.78,6758.19,6753.36,6756.94
1759412700,6748.22,6749.24,6746.35,6746.39
1759413000,6752.89,6754.42,6751.55,6752.29
1759413300,6751.03,6754.48,6748.86,6752.19
1759413600,6762.75,6764.64,6759.26,6762.54
1759413900,6772.5,6774.44,6772.36,6773.85
1759414200,6770.89,6774.2,6770.04,6771.37
1759414500,6771.71,6773.04,6769.05,6770.3
1759414800,6766.39,6766.44,6761.2,6764.37
1759415100,6765.4,6768.96,6763.76,6764.71
1759415400,6768.61,6770.12,6766.99,6768.3
1759415700,6779.3,6782.33,6776.77,6777.18
1759416000,6777.65,6778.27,6773.75,6773.93
1759416300,6778.08,6781.56,6776.82,6777.25
1759416600,6783.57,6784.26,6781.5,6781.67
1759416900,6773.48,6775.09,6771.59,6772.37
1759417200,6774.28,6775.59,6767.94,6770.64
1759417500,6770.38,6771.61,6768.34,6769.84
1759417800,6771.34,6775.3,6769.83,6772.81
1759418100,6769.79,6775.4,6768.33,6770.67
1759418400,6766.72,6769.85,6761.74,6762.71
1759418700,6766.54,6769.72,6765.81,6768.33
1759419000,6766.42,6767.5,6765.99,6766.17
1759419300,6764.72,6764.99,6760.78,6763.21
1759419600,6771.73,6771.74,6768.23,6769.05
1759419900,6773.9,6777.44,6772.16,6774.5
1759420200,6768.25,6769.12,6765.62,6766.27
1759420500,6766.34,6771.26,6764.51,6766.68
1759420800,6770.09,6771.31,6763.69,6765.19
1759483800,6763.68,6765.76,6762.31,6763.35
1759484100,6763.27,6765.94,6762.63,6763.82
1759484400,6764.72,6765.75,6759.08,6762.16
1759484700,6765.94,6767.42,6762.92,6763.82
1759485000,6767.58,6772.62,6766.71,6772.54
1759485300,6774.34,6775.73,6767.57,6771.5
1759485600,6776.38,6777.14,6771.02,6772.53
1759485900,6774.81,6778.98,6774.1,6774.25
1759486200,6772.02,6773.28,6767.34,6772.74
1759486500,6764.92,6766.38,6763.23,6766.37
1759486800,6771.37,6772.59,6769.32,6771.44
1759487100,6768.77,6771.17,6763.44,6768.62
1759487400,6770.91,6772.25,6769.51,6771.87
1759487700,6769.52,6774.68,6767.23,6769.13
1759488000,6768.33,6775.36,6768.08,6769.7
1759488300,6761.99,6764.5,6755.54,6757.64
1759488600,6766.37,6769.55,6761.25,6765.35
1759488900,6760.36,6760.94,6758.26,6759.35
1759489200,6768.57,6769.38,6765.39,6766.52
1759489500,6769.69,6771.19,6764.33,6767.52
1759489800,6770.94,6773.6,6769.45,6770.05
1759490100,6770.03,6771.28,6765.59,6766.5
1759490400,6774.72,6778.89,6771.34,6774.72
1759490700,6776.41,6777.08,6774.49,6775.41
1759491000,6780.79,6785.12,6780.31,6780.71
1759491300,6770.43,6771.37,6760.72,6763.41
1759491600,6770.39,6773.09,6767.48,6769.81
1759491900,6774.51,6775.52,6770.76,6773.3
1759492200,6770.85,6774.0,6770.84,6773.67
1759492500,6768.23,6768.6,6763.64,6764.6
1759492800,6763.11,6764.32,6761.54,6761.93
1759493100,6761.43,6761.49,6758.69,6759.04
1759493400,6765.11,6768.39,6762.64,6764.14
1759493700,6771.07,6772.12,6768.86,6768.91
1759494000,6773.17,6775.23,6771.1,6771.51
1759494300,6770.44,6772.81,6768.56,6770.57
1759494600,6778.23,6780.86,6777.8,6779.1
1759494900,6783.86,6784.89,6775.77,6780.04
1759495200,6779.94,6783.52,6778.58,6782.16
1759495500,6774.9,6776.98,6772.22,6772.37
1759495800,6776.96,6779.5,6776.1,6778.68
1759496100,6771.27,6774.86,6766.95,6767.35
1759496400,6773.17,6773.76,6771.45,6772.08
1759496700,6767.29,6768.97,6761.75,6763.81
1759497000,6764.49,6765.83,6761.83,6765.01
1759497300,6763.57,6764.18,6758.41,6762.38
1759497600,6761.76,6761.91,6756.93,6758.83
1759497900,6765.87,6771.05,6765.43,6767.16
1759498200,6774.7,6775.25,6770.1,6771.85
1759498500,6772.07,6773.66,6765.11,6769.2
1759498800,6772.79,6775.32,6769.94,6774.61
1759499100,6776.07,6780.01,6773.11,6779.72
1759499400,6778.66,6779.13,6776.2,6777.79
1759499700,6775.87,6777.31,6772.37,6777.1
1759500000,6779.08,6784.83,6776.88,6781.12
1759500300,6780.41,6782.8,6774.74,6777.44
1759500600,6782.26,6785.15,6780.14,6780.62
1759500900,6782.05,6782.47,6777.07,6778.03
1759501200,6781.01,6782.7,6780.68,6782.01
1759501500,6785.53,6793.94,6784.05,6790.74
1759501800,6785.69,6786.31,6785.43,6785.81
1759502100,6777.8,6784.41,6775.43,6777.93
1759502400,6768.9,6775.28,6763.39,6771.62
1759502700,6766.62,6767.86,6763.38,6765.1
1759503000,6756.95,6761.2,6753.68,6758.13
1759503300,6758.59,6760.9,6756.09,6757.55
1759503600,6753.81,6753.9,6750.52,6753.5
1759503900,6757.63,6760.65,6749.56,6752.44
1759504200,6751.73,6753.89,6748.82,6749.98
1759504500,6753.27,6755.27,6747.85,6748.0
1759504800,6754.27,6755.14,6753.4,6754.23
1759505100,6761.53,6763.6,6758.65,6760.02
1759505400,6765.08,6767.75,6762.73,6763.07
1759505700,6770.17,6774.51,6768.75,6771.98
1759506000,6768.96,6773.34,6766.9,6770.97
1759506300,6765.4,6768.04,6765.31,6766.76
1759506600,6764.34,6765.59,6759.29,6760.75
1759506900,6763.42,6764.27,6760.74,6762.85
1759507200,6762.69,6764.9,6761.93,6764.82
1759743000,6774.4,6775.6,6772.48,6774.34
1759743300,6775.55,6777.35,6775.19,6776.48
1759743600,6774.43,6777.09,6773.38,6776.42
1759743900,6775.8,6776.02,6774.02,6775.42
1759744200,6779.5,6780.34,6776.25,6778.83
1759744500,6776.47,6778.86,6774.89,6776.15
1759744800,6770.44,6773.51,6769.23,6771.74
1759745100,6766.06,6766.99,6758.72,6761.25
1759745400,6763.38,6766.55,6762.23,6764.84
1759745700,6764.98,6766.19,6760.09,6763.11
1759746000,6767.02,6768.48,6765.55,6766.72
1759746300,6763.12,6765.44,6761.77,6764.67
1759746600,6763.12,6763.53,6760.07,6761.76
1759746900,6764.83,6766.99,6760.65,6762.35
1759747200,6767.1,6767.35,6765.71,6766.08
1759747500,6764.6,6765.59,6761.43,6763.67
1759747800,6764.05,6764.66,6762.09,6762.25
1759748100,6766.14,6768.92,6764.59,6767.69
1759748400,6769.06,6770.06,6765.18,6766.62
1759748700,6771.87,6773.59,6771.52,6772.17
1759749000,6772.61,6773.78,6770.56,6771.08
1759749300,6767.68,6771.12,6765.05,6768.24
1759749600,6763.17,6764.56,6760.07,6760.31
1759749900,6763.12,6763.45,6759.64,6761.28
1759750200,6764.9,6766.15,6761.99,6762.79
1759750500,6767.8,6771.31,6766.34,6770.5
1759750800,6764.9,6768.14,6764.63,6766.64
1759751100,6763.12,6765.02,6762.29,6763.71
1759751400,6764.31,6764.92,6762.45,6763.66
1759751700,6763.12,6765.17,6761.56,6761.78
1759752000,6766.3,6770.71,6764.75,6768.02
1759752300,6763.12,6764.61,6759.22,6761.72
1759752600,6764.3,6764.9,6761.43,6762.71
1759752900,6766.01,6767.1,6765.59,6766.37
1759753200,6766.41,6767.77,6765.85,6767.46
1759753500,6771.71,6774.59,6769.32,6771.94
1759753800,6769.21,6769.75,6766.04,6767.42
1759754100,6769.1,6771.07,6768.07,6768.57
1759754400,6765.54,6765.67,6762.45,6763.15
1759754700,6764.8,6765.83,6762.25,6765.1
1759755000,6764.06,6767.12,6761.92,6765.84
1759755300,6767.1,6772.76,6767.08,6768.58
1759755600,6767.47,6768.48,6765.84,6766.64
1759755900,6763.12,6766.03,6761.45,6763.47
1759756200,6768.52,6770.02,6766.37,6768.79
1759756500,6774.95,6775.36,6771.75,6773.41
1759756800,6774.58,6776.65,6772.8,6774.08
1759757100,6778.06,6779.87,6774.57,6779.3
1759757400,6781.93,6783.24,6781.07,6782.84
1759757700,6780.02,6781.57,6777.34,6778.15
1759758000,6784.84,6785.74,6781.48,6783.22
1759758300,6786.35,6788.97,6786.02,6787.19
1759758600,6786.95,6788.69,6786.76,6787.52
1759758900,6782.04,6782.07,6780.56,6780.56
1759759200,6786.42,6788.51,6782.72,6786.85
1759759500,6795.96,6798.55,6794.63,6798.18
1759759800,6793.26,6794.25,6790.71,6793.79
1759760100,6789.36,6789.79,6787.12,6789.61
1759760400,6791.62,6792.28,6790.59,6792.17
1759760700,6796.19,6799.97,6795.08,6797.09
1759761000,6797.08,6798.76,6795.86,6798.61
1759761300,6794.75,6797.88,6794.13,6795.15
1759761600,6797.71,6799.45,6796.65,6797.78
1759761900,6799.31,6800.28,6797.79,6799.01
1759762200,6799.03,6800.59,6798.6,6798.75
1759762500,6792.72,6794.37,6790.12,6793.38
1759762800,6785.11,6785.41,6780.42,6783.06
1759763100,6786.23,6787.61,6784.4,6785.5
1759763400,6779.51,6780.24,6778.23,6779.29
1759763700,6783.09,6785.75,6780.83,6785.55
1759764000,6777.66,6779.08,6775.34,6776.67
1759764300,6778.46,6781.38,6778.45,6781.04
1759764600,6776.18,6778.71,6773.39,6777.54
1759764900,6774.18,6776.05,6772.71,6775.0
1759765200,6775.33,6777.55,6771.27,6777.26
1759765500,6776.0,6779.29,6774.45,6778.41
1759765800,6780.46,6782.06,6778.53,6781.57
1759766100,6781.14,6781.97,6779.71,6781.28
1759766400,6780.28,6782.58,6779.9,6780.63
1759829400,6787.56,6793.39,6785.34,6789.8
1759829700,6783.05,6787.97,6781.91,6787.91
1759830000,6773.32,6776.55,6770.35,6774.01
1759830300,6781.28,6781.35,6777.71,6778.31
1759830600,6776.1,6776.75,6772.64,6774.08
1759830900,6775.24,6776.34,6767.83,6769.68
1759831200,6777.09,6785.09,6772.65,6773.95
1759831500,6771.24,6771.86,6768.17,6768.95
1759831800,6770.43,6772.08,6765.63,6771.56
1759832100,6767.92,6770.11,6754.29,6764.76
1759832400,6772.51,6774.64,6766.73,6772.46
1759832700,6771.75,6772.55,6764.79,6772.09
1759833000,6770.5,6771.33,6766.22,6769.08
1759833300,6759.0,6763.54,6754.11,6760.9
1759833600,6752.9,6755.52,6751.36,6752.5
1759833900,6751.3,6755.89,6749.08,6751.53
1759834200,6758.49,6762.57,6754.52,6755.97
1759834500,6766.35,6773.35,6765.18,6767.69
1759834800,6767.21,6767.73,6766.65,6766.72
1759835100,6768.94,6770.63,6766.79,6767.48
1759835400,6764.28,6767.86,6764.17,6766.3
1759835700,6773.63,6777.2,6769.39,6775.64
1759836000,6779.09,6783.95,6775.5,6780.34
1759836300,6779.94,6782.71,6774.64,6776.74
1759836600,6774.26,6775.49,6772.81,6775.34
1759836900,6767.3,6768.31,6760.52,6763.38
1759837200,6774.8,6777.13,6768.03,6769.13
1759837500,6773.17,6780.13,6770.97,6776.81
1759837800,6773.36,6775.26,6768.51,6770.19
1759838100,6776.56,6778.08,6776.36,6777.68
1759838400,6770.98,6775.61,6767.87,6773.78
1759838700,6774.77,6781.04,6773.62,6778.41
1759839000,6776.09,6778.94,6773.47,6775.11
1759839300,6784.53,6793.57,6783.38,6790.61
1759839600,6776.12,6776.31,6774.78,6775.78
1759839900,6776.19,6777.89,6773.27,6774.6
1759840200,6781.23,6793.19,6780.89,6787.92
1759840500,6780.16,6780.73,6775.01,6777.4
1759840800,6789.85,6791.21,6788.04,6788.38
1759841100,6787.96,6792.45,6784.58,6786.83
1759841400,6793.38,6795.29,6790.81,6794.07
1759841700,6793.94,6795.91,6792.7,6795.42
1759842000,6777.53,6778.32,6773.33,6773.46
1759842300,6773.07,6780.16,6773.07,6775.17
1759842600,6760.66,6761.39,6757.93,6758.93
1759842900,6770.05,6772.78,6769.7,6772.06
1759843200,6772.24,6773.95,6768.89,6772.63
1759843500,6771.81,6782.08,6769.27,6776.34
1759843800,6780.43,6782.44,6777.32,6777.38
1759844100,6777.37,6782.9,6777.25,6781.61
1759844400,6770.73,6772.13,6766.46,6766.92
1759844700,6771.44,6772.1,6765.0,6766.82
1759845000,6770.41,6775.24,6767.14,6771.74
1759845300,6768.83,6774.16,6763.97,6764.6
1759845600,6763.75,6766.85,6758.39,6758.57
1759845900,6773.26,6774.66,6772.84,6773.28
1759846200,6760.55,6761.95,6756.85,6756.93
1759846500,6767.16,6770.37,6766.37,6767.31
1759846800,6763.36,6766.15,6762.75,6765.51
1759847100,6764.82,6767.11,6758.96,6761.51
1759847400,6776.5,6779.28,6774.81,6774.9
1759847700,6779.74,6783.43,6775.08,6782.55
1759848000,6770.55,6775.74,6767.2,6767.47
1759848300,6769.06,6771.84,6767.3,6770.55
1759848600,6768.04,6768.28,6761.99,6762.25
1759848900,6767.33,6769.11,6764.41,6764.57
1759849200,6771.04,6771.27,6769.75,6771.26
1759849500,6768.61,6772.76,6763.87,6770.96
1759849800,6764.97,6765.05,6763.18,6764.5
1759850100,6772.2,6779.39,6768.64,6773.33
1759850400,6768.54,6774.5,6768.46,6771.92
1759850700,6753.47,6754.87,6753.09,6753.38
1759851000,6760.76,6766.71,6759.68,6766.19
1759851300,6761.23,6764.3,6753.73,6759.11
1759851600,6764.03,6764.46,6756.3,6763.46
1759851900,6751.93,6755.44,6750.97,6754.72
1759852200,6751.35,6756.66,6751.05,6751.11
1759852500,6742.84,6744.09,6735.65,6738.39
1759852800,6743.19,6749.98,6738.51,6738.95
1759915800,6766.02,6768.42,6763.25,6766.67
1759916100,6775.45,6777.82,6770.3,6773.02
1759916400,6776.14,6778.19,6774.48,6775.53
1759916700,6774.33,6778.06,6770.73,6775.96
1759917000,6774.24,6774.97,6771.93,6773.4
1759917300,6774.12,6776.32,6772.89,6775.59
1759917600,6779.91,6786.08,6779.35,6781.38
1759917900,6770.9,6772.35,6769.79,6771.74
1759918200,6785.08,6785.92,6784.52,6785.64
1759918500,6790.7,6792.25,6787.7,6791.9
1759918800,6784.16,6785.21,6783.02,6783.86
1759919100,6786.29,6792.28,6782.91,6788.4
1759919400,6789.38,6792.24,6786.28,6787.98
1759919700,6785.25,6789.74,6783.58,6786.08
1759920000,6784.17,6785.01,6781.56,6783.15
1759920300,6779.61,6779.94,6775.09,6777.14
1759920600,6775.93,6778.52,6773.23,6776.14
1759920900,6774.76,6781.67,6773.6,6778.2
1759921200,6774.16,6776.31,6773.36,6774.82
1759921500,6772.55,6774.8,6770.37,6774.07
1759921800,6773.33,6774.71,6767.86,6768.41
1759922100,6766.79,6769.13,6765.09,6767.69
1759922400,6766.04,6768.53,6764.85,6767.82
1759922700,6764.93,6768.63,6763.43,6767.94
1759923000,6769.54,6774.32,6766.1,6770.5
1759923300,6761.88,6766.0,6758.24,6759.62
1759923600,6753.02,6756.0,6751.57,6753.3
1759923900,6753.06,6757.12,6751.25,6753.98
1759924200,6763.1,6765.01,6757.44,6761.04
1759924500,6763.15,6763.78,6759.57,6763.74
1759924800,6762.71,6765.8,6759.06,6761.29
1759925100,6761.44,6764.37,6757.49,6761.9
1759925400,6760.77,6762.89,6756.68,6757.27
1759925700,6764.87,6765.35,6762.87,6764.18
1759926000,6768.18,6770.12,6768.15,6768.71
1759926300,6767.11,6770.01,6763.64,6768.91
1759926600,6763.11,6763.64,6759.84,6760.6
1759926900,6760.19,6760.19,6756.66,6756.98
1759927200,6768.01,6771.85,6763.73,6764.52
1759927500,6771.64,6772.26,6764.93,6768.04
1759927800,6770.5,6774.93,6770.13,6772.88
1759928100,6779.93,6781.61,6779.31,6780.11
1759928400,6776.29,6776.78,6772.47,6772.69
1759928700,6781.37,6790.66,6780.27,6786.42
1759929000,6779.18,6779.26,6774.93,6779.17
1759929300,6779.14,6779.19,6769.33,6775.2
1759929600,6778.37,6779.57,6775.1,6777.17
1759929900,6773.79,6775.83,6771.16,6771.69
1759930200,6770.15,6773.71,6765.77,6769.5
1759930500,6767.09,6771.0,6759.88,6763.34
1759930800,6763.93,6766.8,6757.52,6760.74
1759931100,6775.34,6781.87,6774.72,6780.22
1759931400,6776.34,6778.12,6773.77,6777.03
1759931700,6780.15,6782.92,6775.14,6781.81
1759932000,6777.92,6780.03,6776.11,6778.27
1759932300,6779.69,6787.69,6777.89,6782.48
1759932600,6783.65,6785.96,6780.47,6782.27
1759932900,6789.13,6793.6,6784.21,6786.16
1759933200,6788.73,6792.6,6788.62,6790.48
1759933500,6787.44,6789.55,6783.23,6783.8
1759933800,6785.75,6787.73,6782.58,6783.79
1759934100,6795.98,6798.63,6794.88,6797.5
1759934400,6793.42,6797.43,6792.93,6795.33
1759934700,6792.97,6797.69,6790.29,6793.96
1759935000,6793.57,6801.78,6793.54,6799.34
1759935300,6792.08,6796.84,6784.48,6787.83
1759935600,6787.83,6791.91,6784.52,6790.55
1759935900,6780.44,6788.16,6779.99,6785.29
1759936200,6783.16,6784.39,6779.31,6780.75
1759936500,6782.92,6784.04,6777.44,6780.5
1759936800,6779.76,6781.21,6777.2,6780.24
1759937100,6781.53,6784.86,6778.49,6781.22
1759937400,6788.47,6796.97,6786.21,6795.82
1759937700,6787.56,6795.03,6784.95,6791.95
1759938000,6784.23,6784.63,6779.32,6779.94
1759938300,6781.64,6783.66,6777.77,6783.29
1759938600,6792.64,6796.61,6788.12,6788.35
1759938900,6796.34,6799.66,6794.64,6798.18
1759939200,6803.92,6808.02,6800.36,6807.28
1760002200,6806.62,6807.74,6803.54,6804.66
1760002500,6795.94,6796.49,6793.39,6795.29
1760002800,6788.73,6793.75,6782.37,6784.97
1760003100,6789.36,6790.16,6783.56,6785.02
1760003400,6791.23,6797.74,6789.51,6793.41
1760003700,6797.14,6803.49,6796.07,6801.95
1760004000,6797.65,6798.93,6792.46,6798.37
1760004300,6803.89,6804.46,6803.3,6803.88
1760004600,6805.66,6807.84,6803.35,6805.63
1760004900,6808.04,6808.11,6801.66,6806.35
1760005200,6810.58,6816.3,6809.03,6812.01
1760005500,6808.89,6810.81,6803.71,6804.43
1760005800,6807.03,6809.67,6806.15,6808.51
1760006100,6803.09,6805.03,6798.14,6801.47
1760006400,6804.34,6804.58,6799.37,6802.47
1760006700,6801.82,6801.98,6800.03,6801.94
1760007000,6801.81,6805.62,6801.3,6804.3
1760007300,6790.15,6797.74,6788.62,6795.79
1760007600,6788.0,6790.64,6784.15,6784.58
1760007900,6796.12,6798.4,6791.6,6792.37
1760008200,6791.8,6793.35,6789.24,6791.61
1760008500,6796.41,6798.51,6794.98,6797.32
1760008800,6798.63,6799.49,6792.44,6795.8
1760009100,6797.58,6799.64,6792.68,6795.92
1760009400,6799.28,6800.79,6797.77,6800.19
1760009700,6802.14,6803.63,6795.23,6798.51
1760010000,6804.67,6809.46,6802.79,6807.65
1760010300,6792.65,6793.53,6791.57,6792.44
1760010600,6801.22,6803.8,6798.21,6801.24
1760010900,6808.9,6809.28,6806.07,6806.68
1760011200,6805.87,6807.38,6804.93,6807.12
1760011500,6791.41,6797.86,6790.37,6796.03
1760011800,6788.32,6789.96,6787.61,6787.91
1760012100,6788.65,6790.48,6786.81,6789.58
1760012400,6788.84,6790.99,6788.33,6788.89
1760012700,6790.58,6796.88,6785.0,6792.55
1760013000,6796.47,6803.11,6795.25,6801.17
1760013300,6796.68,6799.49,6793.97,6797.42
1760013600,6787.83,6789.47,6787.74,6787.97
1760013900,6787.06,6790.52,6784.71,6787.75
1760014200,6771.85,6776.71,6769.49,6775.31
1760014500,6769.84,6773.14,6766.3,6766.75
1760014800,6776.56,6781.33,6768.15,6781.18
1760015100,6774.57,6775.63,6773.19,6775.27
1760015400,6779.77,6780.31,6776.44,6779.56
1760015700,6780.68,6783.11,6773.75,6777.11
1760016000,6779.1,6779.72,6773.87,6774.59
1760016300,6781.99,6784.9,6778.68,6779.96
1760016600,6785.06,6790.66,6778.94,6788.07
1760016900,6782.33,6786.36,6781.63,6781.92
1760017200,6784.9,6794.46,6780.29,6789.61
1760017500,6792.11,6794.46,6789.81,6792.3
1760017800,6783.03,6783.56,6780.77,6783.5
1760018100,6769.8,6775.69,6767.45,6774.15
1760018400,6772.26,6778.13,6767.75,6776.02
1760018700,6763.88,6767.11,6762.44,6763.22
1760019000,6770.62,6772.01,6768.21,6769.53
1760019300,6772.39,6773.5,6770.84,6771.21
1760019600,6773.91,6774.66,6773.47,6773.87
1760019900,6775.86,6778.61,6770.16,6774.38
1760020200,6779.77,6788.07,6778.43,6785.98
1760020500,6779.71,6780.21,6779.12,6779.43
1760020800,6788.54,6792.42,6785.07,6787.47
1760021100,6790.47,6793.17,6787.98,6789.1
1760021400,6800.11,6804.34,6798.92,6799.75
1760021700,6799.19,6801.8,6796.35,6797.63
1760022000,6791.74,6792.35,6785.93,6790.72
1760022300,6787.2,6791.25,6785.34,6787.59
1760022600,6791.21,6798.12,6789.96,6792.22
1760022900,6786.43,6790.44,6784.64,6788.79
1760023200,6791.82,6795.17,6788.19,6792.79
1760023500,6791.07,6794.24,6787.93,6788.96
1760023800,6780.7,6787.23,6779.21,6786.1
1760024100,6787.42,6792.24,6781.22,6786.1
1760024400,6783.45,6785.68,6780.57,6784.9
1760024700,6783.63,6784.87,6782.01,6782.63
1760025000,6789.41,6790.7,6788.93,6789.61
1760025300,6792.76,6793.16,6789.17,6789.76
1760025600,6788.02,6789.53,6781.74,6785.73
1760088600,6780.3,6783.8,6751.87,6772.59
1760088900,6728.23,6754.63,6717.83,6740.79
1760089200,6734.25,6737.73,6705.47,6727.28
1760089500,6700.35,6713.87,6668.83,6673.97
1760089800,6657.58,6671.72,6650.79,6671.23
1760090100,6658.59,6669.17,6649.85,6664.37
1760090400,6699.8,6702.92,6687.72,6695.88
1760090700,6695.1,6716.6,6671.62,6681.59
1760091000,6744.2,6752.39,6724.96,6736.93
1760091300,6759.48,6764.03,6745.41,6761.42
1760091600,6791.32,6794.45,6783.73,6793.99
1760091900,6755.45,6777.9,6736.11,6755.51
1760092200,6721.8,6728.22,6709.38,6712.28
1760092500,6689.85,6708.49,6660.93,6661.72
1760092800,6685.55,6711.95,6667.31,6698.4
1760093100,6696.98,6709.71,6668.11,6669.29
1760093400,6731.85,6762.4,6711.95,6755.27
1760093700,6743.01,6754.36,6712.58,6731.83
1760094000,6819.77,6840.73,6797.29,6805.01
1760094300,6804.32,6832.44,6803.75,6804.22
1760094600,6807.06,6809.25,6765.32,6797.58
1760094900,6790.38,6801.78,6774.5,6774.67
1760095200,6803.19,6808.78,6789.75,6792.08
1760095500,6815.43,6827.68,6810.56,6819.09
1760095800,6813.78,6845.34,6802.19,6807.48
1760096100,6784.94,6787.47,6747.96,6773.17
1760096400,6772.88,6777.64,6762.06,6777.23
1760096700,6778.22,6805.12,6767.51,6793.5
1760097000,6776.87,6787.81,6755.3,6784.23
1760097300,6736.61,6746.88,6727.72,6744.6
1760097600,6719.43,6755.71,6699.56,6728.71
1760097900,6768.95,6785.36,6762.48,6764.94
1760098200,6779.59,6782.4,6746.32,6773.31
1760098500,6766.1,6776.6,6764.72,6765.72
1760098800,6762.54,6764.48,6742.15,6751.87
1760099100,6789.44,6828.43,6786.27,6796.46
1760099400,6756.74,6773.47,6718.98,6729.21
1760099700,6752.91,6756.69,6743.42,6745.69
1760100000,6769.59,6780.52,6756.82,6773.23
1760100300,6759.81,6762.4,6733.12,6751.95
1760100600,6741.47,6744.35,6732.64,6740.73
1760100900,6716.45,6737.11,6682.92,6730.08
1760101200,6748.51,6771.8,6716.83,6746.59
1760101500,6725.3,6748.85,6711.74,6721.23
1760101800,6713.12,6734.7,6709.69,6715.41
1760102100,6731.57,6771.08,6725.09,6732.57
1760102400,6688.97,6691.25,6675.88,6685.32
1760102700,6708.11,6729.0,6677.62,6695.76
1760103000,6658.1,6679.76,6632.62,6652.71
1760103300,6647.75,6667.38,6632.86,6659.51
1760103600,6658.99,6664.44,6646.7,6651.54
1760103900,6636.41,6656.85,6635.78,6648.32
1760104200,6632.92,6658.11,6624.66,6651.08
1760104500,6649.48,6653.65,6633.96,6641.38
1760104800,6643.85,6651.73,6602.42,6630.16
1760105100,6650.39,6675.04,6631.18,6664.97
1760105400,6693.93,6714.93,6692.49,6711.75
1760105700,6681.06,6686.75,6666.57,6678.05
1760106000,6681.03,6688.57,6668.5,6686.6
1760106300,6698.47,6706.72,6671.19,6699.32
1760106600,6673.58,6693.58,6662.68,6677.32
1760106900,6680.74,6683.17,6640.76,6659.63
1760107200,6662.91,6666.72,6643.7,6653.35
1760107500,6652.62,6676.61,6638.09,6655.04
1760107800,6652.34,6664.16,6633.72,6660.1
1760108100,6647.65,6655.73,6635.11,6645.71
1760108400,6607.86,6627.76,6607.68,6621.23
1760108700,6599.85,6628.17,6576.35,6616.55
1760109000,6625.03,6636.09,6615.48,6633.78
1760109300,6723.15,6734.49,6706.55,6718.03
1760109600,6713.95,6730.76,6703.88,6726.24
1760109900,6692.4,6708.44,6683.85,6695.21
1760110200,6706.69,6708.19,6689.6,6690.55
1760110500,6738.44,6747.29,6716.8,6743.39
1760110800,6709.03,6728.76,6697.06,6697.87
1760111100,6722.51,6747.07,6699.91,6707.93
1760111400,6705.01,6715.12,6692.93,6713.08
1760111700,6716.05,6734.61,6706.14,6727.56
1760112000,6691.1,6704.95,6665.75,6675.12
1760347800,6638.53,6645.75,6634.88,6639.72
1760348100,6639.0,6642.75,6631.61,6635.7
1760348400,6636.18,6639.88,6634.6,6639.71
1760348700,6627.42,6645.36,6625.6,6638.13
1760349000,6621.85,6624.96,6618.96,6620.9
1760349300,6624.76,6628.07,6615.85,6618.93
1760349600,6621.85,6624.25,6616.74,6623.42
1760349900,6621.85,6629.07,6618.53,6628.78
1760350200,6638.66,6645.0,6628.83,6633.84
1760350500,6663.67,6669.42,6652.83,6653.4
1760350800,6663.2,6664.6,6657.96,6658.6
1760351100,6667.68,6670.38,6664.96,6668.64
1760351400,6667.32,6680.9,6665.54,6675.6
1760351700,6671.38,6683.71,6667.96,6679.37
1760352000,6678.2,6685.69,6677.34,6680.33
1760352300,6677.65,6683.24,6673.53,6673.94
1760352600,6669.37,6672.47,6665.97,6668.41
1760352900,6664.12,6664.16,6657.39,6658.21
1760353200,6655.8,6657.55,6646.34,6656.05
1760353500,6641.74,6657.33,6640.33,6651.19
1760353800,6644.65,6645.05,6641.16,6641.3
1760354100,6650.85,6653.21,6646.77,6648.88
1760354400,6663.44,6676.19,6655.58,6670.9
1760354700,6669.99,6675.86,6663.41,6663.77
1760355000,6674.18,6674.23,6667.98,6670.15
1760355300,6688.27,6688.28,6673.24,6679.37
1760355600,6695.8,6701.47,6690.27,6698.17
1760355900,6698.78,6702.98,6690.59,6696.27
1760356200,6690.18,6692.39,6686.42,6687.63
1760356500,6680.2,6686.48,6679.31,6682.58
1760356800,6676.22,6677.88,6670.23,6672.85
1760357100,6686.62,6687.06,6676.82,6679.48
1760357400,6698.33,6714.22,6696.8,6705.63
1760357700,6687.19,6691.97,6679.64,6681.22
1760358000,6678.65,6687.17,6672.6,6675.56
1760358300,6679.94,6682.43,6667.57,6672.43
1760358600,6672.62,6679.19,6666.75,6674.63
1760358900,6684.42,6688.81,6679.12,6679.73
1760359200,6683.29,6685.37,6679.16,6681.74
1760359500,6677.98,6680.44,6666.89,6671.44
1760359800,6678.6,6684.18,6671.24,6673.61
1760360100,6685.39,6693.32,6680.17,6689.22
1760360400,6687.29,6695.5,6684.0,6689.09
1760360700,6686.66,6694.4,6683.12,6689.34
1760361000,6681.03,6685.56,6680.06,6685.47
1760361300,6677.53,6684.9,6672.89,6680.61
1760361600,6674.82,6679.28,6668.6,6672.39
1760361900,6665.46,6667.04,6659.31,6661.95
1760362200,6667.43,6675.23,6659.83,6662.23
1760362500,6665.04,6673.63,6660.97,6670.47
1760362800,6663.38,6666.71,6662.31,6663.29
1760363100,6664.3,6665.41,6662.51,6663.32
1760363400,6651.74,6653.95,6649.57,6652.77
1760363700,6672.24,6678.02,6669.91,6673.31
1760364000,6663.17,6672.98,6663.04,6669.7
1760364300,6657.3,6662.52,6652.11,6655.96
1760364600,6646.87,6650.2,6642.2,6649.69
1760364900,6652.75,6659.03,6649.12,6651.26
1760365200,6651.8,6653.13,6643.83,6646.66
1760365500,6653.35,6656.14,6652.28,6652.92
1760365800,6670.75,6675.59,6669.42,6670.06
1760366100,6668.94,6669.26,6665.9,6666.48
1760366400,6662.09,6670.78,6655.65,6668.55
1760366700,6657.73,6666.45,6656.81,6663.92
1760367000,6651.58,6659.96,6650.69,6658.92
1760367300,6665.81,6666.16,6665.41,6665.71
1760367600,6675.73,6681.34,6670.31,6671.85
1760367900,6682.53,6685.1,6671.09,6674.95
1760368200,6670.42,6676.87,6660.36,6670.13
1760368500,6667.01,6673.88,6664.05,6665.55
1760368800,6652.51,6667.08,6650.64,6655.0
1760369100,6654.5,6657.26,6645.8,6653.29
1760369400,6661.26,6661.5,6656.14,6659.71
1760369700,6661.15,6662.82,6658.3,6661.14
1760370000,6674.9,6676.15,6670.93,6671.03
1760370300,6664.03,6669.35,6661.53,6662.8
1760370600,6676.19,6683.86,6672.63,6674.7
1760370900,6675.24,6676.49,6671.45,6674.41
1760371200,6688.43,6692.88,6683.63,6690.77
1760434200,6674.55,6680.29,6667.85,6678.86
1760434500,6678.36,6685.33,6671.96,6677.14
1760434800,6689.2,6690.91,6679.27,6683.8
1760435100,6681.05,6682.22,6678.73,6681.38
1760435400,6698.38,6707.53,6692.09,6694.96
1760435700,6698.56,6702.82,6690.65,6700.24
1760436000,6717.68,6720.81,6703.37,6709.03
1760436300,6734.1,6734.52,6726.24,6729.03
1760436600,6735.68,6742.49,6734.72,6734.87
1760436900,6733.06,6744.3,6732.36,6744.22
1760437200,6730.16,6739.88,6723.49,6728.66
1760437500,6725.05,6729.77,6718.45,6728.52
1760437800,6724.05,6727.16,6711.76,6721.65
1760438100,6728.43,6743.56,6719.82,6740.94
1760438400,6735.68,6746.58,6735.36,6739.33
1760438700,6735.68,6748.28,6727.51,6741.6
1760439000,6714.0,6721.97,6706.75,6713.6
1760439300,6711.57,6734.8,6706.55,6725.55
1760439600,6692.88,6697.27,6677.21,6683.23
1760439900,6685.32,6686.62,6665.3,6679.33
1760440200,6684.28,6690.42,6678.97,6689.46
1760440500,6675.96,6680.67,6663.54,6672.66
1760440800,6654.08,6671.27,6649.2,6666.87
1760441100,6653.89,6658.5,6648.96,6650.4
1760441400,6642.39,6644.22,6628.11,6634.03
1760441700,6620.36,6637.66,6608.03,6612.36
1760442000,6651.71,6658.67,6643.85,6653.47
1760442300,6639.58,6643.75,6637.73,6639.23
1760442600,6646.4,6663.69,6641.71,6650.51
1760442900,6650.45,6657.27,6644.98,6649.8
1760443200,6676.63,6682.41,6665.73,6672.98
1760443500,6663.42,6667.53,6650.82,6655.49
1760443800,6668.17,6683.71,6666.79,6676.75
1760444100,6662.69,6676.03,6662.11,6673.1
1760444400,6645.92,6651.49,6639.72,6645.59
1760444700,6636.81,6640.76,6631.22,6631.28
1760445000,6646.04,6655.0,6640.65,6650.78
1760445300,6649.57,6651.11,6640.36,6645.16
1760445600,6631.83,6646.84,6630.14,6635.51
1760445900,6630.04,6636.22,6626.4,6631.37
1760446200,6635.02,6638.73,6622.46,6628.76
1760446500,6637.82,6644.54,6633.92,6640.03
1760446800,6650.13,6656.24,6647.97,6655.04
1760447100,6664.61,6673.97,6657.51,6671.07
1760447400,6661.93,6662.58,6661.76,6662.26
1760447700,6667.32,6684.32,6652.69,6672.29
1760448000,6664.11,6666.55,6658.36,6663.22
1760448300,6680.19,6704.34,6664.46,6696.06
1760448600,6694.12,6712.68,6692.72,6702.76
1760448900,6705.35,6705.36,6690.17,6699.19
1760449200,6727.48,6738.91,6712.2,6735.26
1760449500,6727.51,6731.65,6722.11,6722.32
1760449800,6704.68,6710.68,6684.87,6695.49
1760450100,6723.79,6729.55,6708.8,6726.43
1760450400,6729.51,6731.77,6720.97,6730.22
1760450700,6723.92,6736.63,6719.42,6728.89
1760451000,6726.08,6736.44,6724.7,6729.44
1760451300,6724.03,6731.62,6707.92,6719.77
1760451600,6706.92,6715.06,6696.59,6697.35
1760451900,6686.39,6686.53,6683.56,6686.0
1760452200,6678.02,6683.13,6668.23,6678.03
1760452500,6669.04,6675.46,6666.16,6668.75
1760452800,6657.99,6659.45,6644.37,6656.27
1760453100,6661.55,6671.99,6659.34,6666.81
1760453400,6651.45,6652.35,6647.69,6649.57
1760453700,6673.78,6691.19,6666.05,6681.46
1760454000,6675.04,6692.25,6665.67,6670.11
1760454300,6671.18,6674.02,6668.36,6672.03
1760454600,6680.24,6689.36,6678.91,6683.88
1760454900,6674.82,6693.34,6673.64,6684.64
1760455200,6656.52,6657.33,6646.68,6649.95
1760455500,6652.95,6660.02,6642.78,6654.0
1760455800,6654.15,6669.14,6652.36,6661.41
1760456100,6643.57,6646.18,6636.14,6642.02
1760456400,6641.59,6642.01,6630.92,6631.89
1760456700,6642.57,6652.32,6642.4,6644.28
1760457000,6654.66,6667.49,6645.49,6661.53
1760457300,6675.6,6682.75,6670.49,6680.98
1760457600,6684.22,6690.58,6666.35,6678.92
1760520600,6710.23,6718.1,6706.61,6712.92
1760520900,6696.32,6696.57,6687.84,6690.39
1760521200,6711.26,6717.02,6706.51,6706.62
1760521500,6720.6,6722.34,6708.17,6715.71
1760521800,6713.73,6719.63,6707.8,6715.6
1760522100,6706.99,6710.39,6702.64,6703.66
1760522400,6701.06,6705.89,6692.53,6693.66
1760522700,6706.49,6715.23,6695.47,6696.98
1760523000,6704.55,6708.94,6695.98,6700.79
1760523300,6717.18,6719.32,6709.02,6714.73
1760523600,6708.52,6713.92,6701.51,6705.02
1760523900,6692.43,6693.59,6692.29,6692.79
1760524200,6691.95,6700.3,6685.29,6685.62
1760524500,6693.09,6702.57,6689.26,6694.23
1760524800,6703.68,6704.0,6698.1,6702.83
1760525100,6705.61,6709.04,6705.47,6705.79
1760525400,6717.12,6720.89,6709.17,6717.55
1760525700,6730.98,6740.57,6729.91,6738.64
1760526000,6725.12,6727.0,6721.61,6723.5
1760526300,6723.3,6729.82,6718.3,6725.92
1760526600,6725.21,6733.98,6715.44,6715.82
1760526900,6715.34,6715.73,6712.61,6713.04
1760527200,6726.72,6727.98,6718.97,6723.74
1760527500,6722.31,6727.57,6714.81,6718.42
1760527800,6722.21,6738.44,6716.68,6727.32
1760528100,6702.24,6706.31,6700.56,6703.77
1760528400,6707.56,6708.49,6704.09,6704.56
1760528700,6715.61,6719.3,6715.32,6717.2
1760529000,6716.08,6718.79,6706.62,6711.91
1760529300,6714.38,6731.46,6710.09,6711.0
1760529600,6704.9,6714.54,6702.09,6707.57
1760529900,6704.34,6712.07,6703.37,6711.65
1760530200,6699.85,6707.12,6696.22,6704.72
1760530500,6691.93,6698.93,6688.33,6692.06
1760530800,6715.25,6718.96,6704.63,6708.71
1760531100,6703.83,6709.58,6702.29,6708.54
1760531400,6725.06,6728.67,6719.18,6727.16
1760531700,6705.44,6712.41,6688.76,6694.59
1760532000,6722.16,6733.24,6709.07,6726.5
1760532300,6727.48,6727.49,6720.82,6726.79
1760532600,6724.95,6737.0,6720.7,6731.72
1760532900,6740.58,6746.74,6735.07,6745.65
1760533200,6751.61,6754.09,6750.71,6752.6
1760533500,6728.91,6737.93,6728.66,6729.7
1760533800,6720.18,6726.83,6717.85,6724.1
1760534100,6702.19,6706.35,6700.2,6702.62
1760534400,6705.74,6710.51,6687.2,6690.21
1760534700,6697.25,6708.93,6695.25,6701.86
1760535000,6698.7,6710.93,6690.31,6706.24
1760535300,6694.2,6713.11,6693.05,6701.27
1760535600,6705.55,6707.38,6694.95,6701.94
1760535900,6705.91,6711.87,6705.77,6706.68
1760536200,6697.29,6699.85,6692.96,6693.72
1760536500,6708.55,6708.93,6700.6,6705.36
1760536800,6688.96,6691.57,6676.89,6678.61
1760537100,6672.49,6685.33,6665.71,6678.32
1760537400,6689.77,6702.14,6682.76,6693.1
1760537700,6678.33,6681.05,6663.08,6673.58
1760538000,6667.67,6673.5,6661.0,6668.74
1760538300,6671.96,6674.06,6662.67,6665.47
1760538600,6677.86,6694.91,6669.14,6682.98
1760538900,6664.06,6666.91,6651.97,6660.21
1760539200,6663.86,6666.53,6658.8,6663.32
1760539500,6661.01,6663.58,6660.83,6662.3
1760539800,6672.95,6679.39,6670.0,6677.15
1760540100,6666.92,6675.08,6666.24,6671.53
1760540400,6670.28,6674.95,6664.09,6673.69
1760540700,6667.55,6672.09,6657.77,6668.92
1760541000,6662.52,6671.61,6653.33,6670.24
1760541300,6691.15,6703.78,6688.42,6696.06
1760541600,6701.13,6702.89,6698.77,6699.18
1760541900,6710.3,6732.27,6701.66,6719.8
1760542200,6721.81,6730.89,6714.39,6730.78
1760542500,6743.45,6747.3,6739.24,6740.28
1760542800,6748.28,6757.14,6742.62,6752.17
1760543100,6728.85,6737.0,6724.12,6726.97
1760543400,6721.9,6732.78,6717.4,6732.43
1760543700,6709.41,6715.91,6704.9,6704.95
1760544000,6716.21,6716.48,6713.28,6714.03
1760607000,6718.56,6738.86,6715.59,6730.29
1760607300,6710.31,6713.65,6705.68,6707.07
1760607600,6711.29,6714.38,6705.64,6709.17
1760607900,6717.8,6734.48,6709.05,6724.99
1760608200,6702.07,6710.38,6699.25,6702.66
1760608500,6699.73,6710.82,6690.12,6702.49
1760608800,6719.47,6720.31,6716.49,6719.17
1760609100,6727.42,6739.04,6722.8,6732.9
1760609400,6719.7,6724.06,6708.62,6714.64
1760609700,6721.88,6725.52,6717.78,6724.49
1760610000,6702.43,6710.46,6702.22,6710.31
1760610300,6701.53,6713.13,6696.23,6706.47
1760610600,6708.74,6721.81,6705.35,6715.43
1760610900,6704.84,6711.77,6701.91,6708.63
1760611200,6677.35,6678.81,6669.94,6677.03
1760611500,6697.79,6705.57,6696.06,6698.16
1760611800,6713.84,6718.3,6705.97,6711.97
1760612100,6717.93,6734.81,6707.12,6711.73
1760612400,6712.01,6717.6,6701.89,6701.9
1760612700,6705.78,6713.43,6690.29,6697.06
1760613000,6699.05,6707.38,6692.2,6702.73
1760613300,6713.59,6714.36,6705.73,6711.85
1760613600,6704.61,6708.94,6693.79,6707.36
1760613900,6693.48,6701.9,6690.02,6696.14
1760614200,6683.95,6693.33,6681.28,6684.88
1760614500,6687.19,6701.79,6675.83,6697.09
1760614800,6683.55,6690.77,6674.79,6680.08
1760615100,6667.48,6674.06,6656.37,6658.92
1760615400,6649.24,6652.04,6638.38,6646.44
1760615700,6647.49,6648.74,6646.5,6647.84
1760616000,6657.99,6665.9,6650.03,6653.02
1760616300,6669.49,6673.06,6661.82,6664.96
1760616600,6665.25,6679.29,6656.9,6671.75
1760616900,6677.09,6680.58,6674.47,6679.56
1760617200,6666.28,6674.2,6664.07,6665.9
1760617500,6675.63,6676.72,6668.88,6676.51
1760617800,6684.23,6689.74,6680.5,6685.0
1760618100,6706.45,6707.13,6694.11,6702.88
1760618400,6699.42,6702.15,6691.81,6701.97
1760618700,6698.91,6707.05,6697.92,6703.01
1760619000,6714.49,6718.24,6710.36,6717.67
1760619300,6698.74,6704.06,6696.6,6702.81
1760619600,6688.52,6690.7,6673.09,6685.66
1760619900,6679.08,6682.06,6676.96,6678.08
1760620200,6687.55,6688.48,6683.35,6687.99
1760620500,6689.83,6697.1,6687.26,6693.44
1760620800,6684.98,6690.03,6682.63,6689.65
1760621100,6692.01,6699.92,6674.19,6679.44
1760621400,6697.72,6708.18,6683.59,6691.05
1760621700,6682.38,6685.62,6677.44,6679.4
1760622000,6692.94,6703.61,6687.19,6693.5
1760622300,6699.52,6714.03,6691.03,6712.23
1760622600,6686.26,6690.31,6682.21,6687.88
1760622900,6692.34,6712.59,6683.07,6708.16
1760623200,6711.34,6715.71,6704.74,6711.96
1760623500,6707.93,6708.44,6702.12,6707.6
1760623800,6694.05,6706.93,6691.44,6692.63
1760624100,6696.99,6700.14,6683.57,6691.13
1760624400,6691.43,6700.34,6681.27,6699.1
1760624700,6679.13,6684.96,6667.48,6681.18
1760625000,6691.36,6696.86,6686.76,6694.64
1760625300,6698.65,6703.14,6693.07,6700.19
1760625600,6699.91,6699.99,6693.86,6694.77
1760625900,6690.61,6697.23,6683.51,6693.63
1760626200,6698.25,6708.01,6696.48,6704.66
1760626500,6697.56,6700.85,6694.45,6699.2
1760626800,6697.92,6704.44,6691.44,6691.74
1760627100,6707.77,6722.38,6701.02,6717.58
1760627400,6721.23,6724.12,6720.92,6724.04
1760627700,6699.79,6704.35,6695.56,6699.23
1760628000,6702.7,6709.69,6699.98,6703.01
1760628300,6686.01,6690.66,6677.06,6681.01
1760628600,6672.55,6679.49,6660.7,6676.47
1760628900,6650.99,6657.66,6646.86,6653.77
1760629200,6669.85,6685.26,6659.09,6679.09
1760629500,6653.83,6658.36,6641.46,6646.22
1760629800,6668.05,6683.47,6662.32,6680.56
1760630100,6669.91,6670.85,6660.1,6662.66
1760630400,6665.84,6672.48,6656.49,6669.99
1760693400,6651.88,6658.63,6646.86,6656.97
1760693700,6667.45,6670.47,6663.83,6669.63
1760694000,6664.78,6669.04,6641.12,6667.89
1760694300,6684.74,6693.25,6672.23,6677.22
1760694600,6678.8,6681.26,6671.52,6681.13
1760694900,6646.41,6647.91,6629.91,6645.18
1760695200,6651.73,6655.03,6640.29,6641.77
1760695500,6636.44,6647.11,6629.94,6639.49
1760695800,6618.33,6639.53,6603.23,6632.84
1760696100,6626.45,6626.49,6611.67,6613.56
1760696400,6633.9,6639.2,6632.13,6633.2
1760696700,6624.09,6634.25,6610.04,6614.71
1760697000,6639.64,6644.44,6630.58,6642.5
1760697300,6640.28,6645.87,6626.44,6629.0
1760697600,6654.14,6663.43,6642.87,6654.9
1760697900,6667.89,6679.48,6635.95,6660.73
1760698200,6642.44,6650.1,6626.76,6633.17
1760698500,6655.04,6675.13,6647.14,6674.85
1760698800,6645.3,6648.84,6633.72,6636.3
1760699100,6640.69,6660.75,6637.98,6647.48
1760699400,6637.53,6643.48,6625.86,6634.17
1760699700,6651.27,6662.34,6625.5,6636.66
1760700000,6669.03,6679.89,6661.63,6675.41
1760700300,6661.79,6679.15,6655.32,6667.13
1760700600,6640.3,6655.37,6632.57,6638.03
1760700900,6666.44,6666.94,6657.55,6665.67
1760701200,6653.68,6675.75,6652.4,6666.02
1760701500,6628.24,6631.58,6616.65,6622.48
1760701800,6629.39,6638.54,6623.83,6636.66
1760702100,6652.27,6661.25,6647.52,6656.45
1760702400,6659.8,6671.1,6652.79,6658.83
1760702700,6645.16,6646.31,6635.63,6635.65
1760703000,6665.98,6673.33,6654.36,6658.47
1760703300,6646.97,6666.58,6641.78,6655.92
1760703600,6648.75,6656.76,6630.31,6633.9
1760703900,6638.45,6643.46,6635.76,6640.01
1760704200,6645.53,6656.85,6644.58,6651.26
1760704500,6644.79,6652.71,6632.91,6633.23
1760704800,6644.75,6655.87,6639.7,6654.62
1760705100,6623.59,6629.64,6623.0,6628.16
1760705400,6637.17,6658.79,6625.92,6638.58
1760705700,6627.64,6632.75,6610.48,6620.17
1760706000,6635.59,6641.42,6622.52,6631.88
1760706300,6658.38,6673.25,6656.32,6658.75
1760706600,6686.68,6705.42,6686.31,6695.85
1760706900,6674.27,6675.81,6663.74,6668.63
1760707200,6665.9,6677.0,6656.07,6657.56
1760707500,6643.57,6659.1,6631.95,6649.74
1760707800,6662.88,6667.94,6649.85,6666.91
1760708100,6688.72,6695.75,6675.81,6693.75
1760708400,6678.75,6688.92,6655.77,6685.64
1760708700,6673.51,6680.38,6645.95,6669.26
1760709000,6673.85,6675.52,6664.34,6673.21
1760709300,6669.01,6670.72,6654.1,6656.58
1760709600,6657.52,6657.89,6657.41,6657.54
1760709900,6655.01,6673.27,6650.62,6664.42
1760710200,6640.74,6647.35,6633.93,6635.34
1760710500,6638.27,6641.68,6614.39,6630.6
1760710800,6628.8,6642.59,6621.42,6637.5
1760711100,6626.28,6641.46,6622.06,6633.64
1760711400,6655.18,6659.07,6645.38,6652.17
1760711700,6653.76,6666.66,6643.23,6655.03
1760712000,6668.67,6673.97,6665.57,6672.58
1760712300,6697.04,6704.62,6686.47,6695.15
1760712600,6682.6,6693.27,6677.66,6689.06
1760712900,6686.14,6704.04,6683.13,6694.78
1760713200,6676.7,6678.78,6667.41,6667.95
1760713500,6671.37,6677.44,6655.86,6661.85
1760713800,6653.87,6661.84,6637.53,6657.02
1760714100,6675.26,6675.52,6673.59,6673.61
1760714400,6670.38,6679.03,6669.22,6676.62
1760714700,6676.63,6678.32,6670.23,6675.54
1760715000,6702.33,6704.68,6693.0,6699.17
1760715300,6701.17,6708.79,6696.68,6699.31
1760715600,6685.05,6687.85,6681.55,6687.24
1760715900,6697.57,6709.39,6680.24,6693.75
1760716200,6703.31,6709.73,6692.8,6696.22
1760716500,6717.44,6722.2,6703.82,6707.56
1760716800,6708.85,6715.16,6700.53,6704.48
1760952600,6717.73,6719.1,6708.7,6711.85
1760952900,6713.3,6717.67,6709.03,6710.82
1760953200,6704.75,6717.04,6701.15,6716.3
1760953500,6704.55,6708.84,6702.14,6708.19
1760953800,6703.28,6709.45,6695.77,6699.86
1760954100,6706.73,6711.45,6703.73,6710.77
1760954400,6700.75,6708.72,6699.08,6704.32
1760954700,6710.6,6723.86,6706.31,6714.82
1760955000,6719.01,6732.17,6710.57,6722.89
1760955300,6720.42,6721.85,6708.94,6710.7
1760955600,6712.03,6722.04,6707.05,6717.51
1760955900,6720.22,6726.11,6720.18,6723.95
1760956200,6727.68,6729.46,6722.85,6724.76
1760956500,6733.41,6743.27,6727.42,6736.4
1760956800,6742.45,6747.5,6729.27,6743.46
1760957100,6737.89,6751.68,6733.03,6745.82
1760957400,6725.48,6737.9,6717.28,6733.47
1760957700,6732.0,6734.12,6726.47,6727.48
1760958000,6735.9,6738.95,6726.79,6729.09
1760958300,6739.52,6740.07,6735.95,6738.58
1760958600,6732.64,6734.98,6729.02,6733.91
1760958900,6729.18,6737.36,6724.95,6732.98
1760959200,6715.98,6725.1,6706.89,6711.63
1760959500,6712.61,6713.27,6708.86,6710.8
1760959800,6710.81,6712.18,6706.0,6708.13
1760960100,6721.66,6721.76,6719.47,6720.39
1760960400,6712.46,6722.44,6710.07,6711.83
1760960700,6700.99,6703.57,6678.12,6684.45
1760961000,6695.98,6710.95,6695.29,6699.11
1760961300,6695.73,6700.53,6678.86,6686.24
1760961600,6691.48,6694.0,6680.45,6689.29
1760961900,6684.8,6689.94,6680.72,6684.93
1760962200,6684.8,6689.49,6684.05,6688.09
1760962500,6684.8,6694.24,6684.59,6688.92
1760962800,6690.37,6696.4,6679.11,6686.82
1760963100,6693.23,6704.2,6683.55,6685.14
1760963400,6696.04,6702.48,6690.04,6698.83
1760963700,6693.55,6700.17,6692.17,6697.09
1760964000,6684.8,6689.11,6675.6,6679.7
1760964300,6684.8,6685.0,6671.78,6679.83
1760964600,6684.8,6695.48,6682.9,6691.36
1760964900,6692.47,6692.5,6685.57,6688.15
1760965200,6698.06,6703.08,6692.21,6702.58
1760965500,6711.95,6717.26,6702.66,6709.61
1760965800,6712.48,6712.67,6702.45,6707.13
1760966100,6713.82,6718.4,6709.78,6716.91
1760966400,6711.43,6712.2,6707.62,6708.47
1760966700,6715.85,6718.46,6712.51,6713.34
1760967000,6712.43,6724.2,6709.61,6717.78
1760967300,6710.94,6714.34,6703.36,6713.49
1760967600,6715.99,6716.87,6706.0,6712.18
1760967900,6721.03,6724.93,6710.74,6715.05
1760968200,6711.58,6719.25,6707.92,6708.8
1760968500,6730.78,6737.34,6729.42,6736.82
1760968800,6738.38,6740.69,6731.54,6733.46
1760969100,6738.55,6745.13,6733.32,6743.35
1760969400,6742.22,6750.37,6738.89,6740.68
1760969700,6718.74,6727.46,6707.73,6710.91
1760970000,6739.13,6743.78,6738.66,6743.07
1760970300,6747.35,6754.74,6739.88,6750.56
1760970600,6748.9,6756.75,6745.17,6750.39
1760970900,6736.72,6739.19,6730.45,6733.42
1760971200,6739.79,6744.87,6731.08,6734.41
1760971500,6738.18,6739.5,6724.58,6732.22
1760971800,6727.15,6731.95,6721.42,6728.79
1760972100,6727.41,6741.87,6718.08,6732.95
1760972400,6743.89,6756.91,6734.63,6747.33
1760972700,6752.26,6761.73,6736.01,6745.12
1760973000,6750.67,6760.17,6742.99,6754.41
1760973300,6759.06,6759.32,6753.27,6758.66
1760973600,6760.87,6764.19,6754.24,6760.13
1760973900,6741.07,6744.47,6730.33,6740.68
1760974200,6725.0,6738.24,6721.56,6736.52
1760974500,6729.64,6733.09,6728.63,6728.71
1760974800,6737.22,6739.91,6736.55,6738.44
1760975100,6753.02,6754.04,6744.34,6747.67
1760975400,6759.48,6774.63,6750.17,6764.96
1760975700,6775.99,6778.72,6772.84,6774.85
1760976000,6770.97,6779.77,6763.55,6767.8
1761039000,6785.14,6786.17,6782.63,6784.12
1761039300,6786.83,6788.58,6782.75,6782.95
1761039600,6782.35,6782.93,6780.02,6781.66
1761039900,6782.67,6785.81,6782.5,6785.46
1761040200,6780.12,6782.04,6779.55,6781.07
1761040500,6777.38,6779.2,6775.89,6778.79
1761040800,6780.82,6782.44,6777.8,6781.28
1761041100,6783.61,6787.79,6780.41,6781.85
1761041400,6781.26,6782.25,6780.1,6780.68
1761041700,6783.1,6783.56,6781.84,6782.12
1761042000,6786.63,6790.38,6786.01,6788.59
1761042300,6784.69,6785.55,6782.8,6783.76
1761042600,6779.54,6780.2,6775.96,6776.66
1761042900,6777.85,6779.63,6776.41,6778.93
1761043200,6777.48,6778.29,6775.91,6777.71
1761043500,6783.75,6784.49,6782.1,6783.58
1761043800,6782.03,6784.46,6780.66,6783.82
1761044100,6781.48,6781.67,6778.73,6780.03
1761044400,6779.74,6780.75,6777.48,6779.8
1761044700,6776.73,6778.43,6775.61,6778.14
1761045000,6778.46,6780.01,6776.82,6778.56
1761045300,6776.94,6780.86,6776.64,6778.79
1761045600,6781.31,6782.67,6779.34,6782.18
1761045900,6784.77,6787.93,6784.18,6786.53
1761046200,6786.73,6787.74,6783.04,6785.89
1761046500,6784.62,6787.19,6782.78,6786.0
1761046800,6783.95,6787.69,6783.9,6785.5
1761047100,6783.96,6785.21,6779.7,6783.26
1761047400,6783.83,6785.23,6783.01,6784.1
1761047700,6784.46,6788.81,6783.33,6785.7
1761048000,6778.99,6779.77,6778.43,6779.35
1761048300,6780.1,6780.95,6775.45,6778.04
1761048600,6777.42,6777.49,6775.7,6777.21
1761048900,6780.61,6781.13,6779.69,6780.26
1761049200,6780.46,6781.34,6778.87,6781.3
1761049500,6782.22,6783.45,6780.61,6781.2
1761049800,6784.97,6786.56,6784.38,6784.78
1761050100,6785.73,6789.86,6784.31,6786.22
1761050400,6782.4,6784.67,6781.55,6783.48
1761050700,6778.68,6781.74,6778.61,6781.32
1761051000,6777.72,6780.12,6776.74,6779.4
1761051300,6778.13,6779.99,6776.67,6779.03
1761051600,6777.12,6779.3,6776.0,6777.89
1761051900,6773.07,6774.04,6772.76,6772.86
1761052200,6771.48,6772.36,6768.56,6772.0
1761052500,6775.71,6777.66,6773.21,6774.64
1761052800,6771.98,6777.01,6770.96,6772.83
1761053100,6774.49,6775.32,6772.07,6775.31
1761053400,6778.65,6778.95,6777.41,6778.46
1761053700,6775.69,6779.62,6772.66,6776.98
1761054000,6777.46,6778.26,6776.13,6777.72
1761054300,6782.72,6783.82,6780.83,6783.45
1761054600,6772.87,6775.46,6772.36,6774.07
1761054900,6768.33,6769.6,6765.45,6767.25
1761055200,6767.96,6772.89,6767.43,6769.85
1761055500,6767.39,6769.56,6766.04,6767.38
1761055800,6771.51,6772.55,6768.39,6770.44
1761056100,6768.41,6771.41,6764.89,6767.21
1761056400,6764.94,6766.25,6760.72,6762.27
1761056700,6767.41,6768.94,6763.62,6766.61
1761057000,6769.14,6771.1,6763.99,6767.16
1761057300,6767.34,6768.59,6767.3,6768.57
1761057600,6775.03,6777.8,6772.01,6777.37
1761057900,6772.53,6773.1,6770.91,6771.71
1761058200,6773.93,6776.92,6773.7,6775.55
1761058500,6773.35,6776.22,6771.99,6775.48
1761058800,6774.88,6777.44,6773.93,6774.31
1761059100,6776.52,6779.37,6772.67,6774.6
1761059400,6776.54,6777.21,6771.6,6774.08
1761059700,6777.46,6782.45,6775.48,6780.77
1761060000,6775.89,6778.12,6774.79,6776.98
1761060300,6781.67,6783.37,6779.92,6783.11
1761060600,6780.97,6783.99,6778.48,6782.73
1761060900,6776.46,6776.85,6773.6,6775.63
1761061200,6776.59,6777.44,6774.37,6776.09
1761061500,6776.05,6778.39,6772.71,6776.81
1761061800,6777.74,6778.08,6775.68,6777.56
1761062100,6776.84,6779.91,6776.79,6778.69
1761062400,6777.63,6780.28,6775.16,6776.62
1761125400,6764.58,6769.75,6756.97,6761.74
1761125700,6763.57,6767.49,6758.38,6761.48
1761126000,6773.51,6775.07,6771.84,6774.61
1761126300,6778.0,6779.7,6771.55,6771.76
1761126600,6794.75,6804.76,6792.38,6802.92
1761126900,6796.6,6808.2,6794.77,6796.73
1761127200,6768.54,6768.87,6760.5,6767.78
1761127500,6771.36,6779.52,6761.71,6774.88
1761127800,6776.96,6781.46,6776.77,6779.59
1761128100,6787.51,6796.28,6781.91,6793.65
1761128400,6784.49,6795.07,6782.08,6790.9
1761128700,6774.85,6777.92,6772.24,6775.84
1761129000,6786.18,6790.51,6779.89,6784.75
1761129300,6783.84,6797.48,6778.45,6788.18
1761129600,6779.17,6781.98,6774.62,6781.11
1761129900,6779.57,6785.82,6778.82,6779.14
1761130200,6762.7,6773.26,6760.1,6772.65
1761130500,6767.84,6774.06,6766.0,6773.54
1761130800,6778.07,6779.88,6771.38,6774.27
1761131100,6787.63,6800.89,6786.3,6797.81
1761131400,6795.61,6806.96,6790.99,6802.67
1761131700,6798.09,6804.67,6786.51,6792.31
1761132000,6777.18,6783.0,6766.69,6782.25
1761132300,6788.9,6795.28,6783.56,6789.42
1761132600,6777.99,6780.04,6768.24,6771.84
1761132900,6771.18,6775.91,6763.5,6766.81
1761133200,6769.63,6773.72,6765.83,6771.59
1761133500,6778.31,6782.31,6773.11,6778.85
1761133800,6769.64,6773.69,6766.67,6773.62
1761134100,6768.45,6776.3,6764.66,6770.57
1761134400,6763.82,6769.09,6761.37,6765.88
1761134700,6734.83,6742.36,6726.53,6739.68
1761135000,6721.83,6736.83,6720.51,6734.62
1761135300,6730.46,6736.61,6721.66,6723.12
1761135600,6732.57,6740.44,6723.4,6726.35
1761135900,6728.12,6730.46,6723.09,6723.43
1761136200,6744.62,6754.02,6739.87,6752.86
1761136500,6742.68,6755.73,6734.19,6741.6
1761136800,6749.08,6751.87,6736.46,6737.17
1761137100,6754.52,6755.21,6753.06,6754.37
1761137400,6753.7,6759.34,6746.4,6754.26
1761137700,6762.97,6767.77,6759.48,6764.4
1761138000,6755.82,6756.92,6749.86,6751.78
1761138300,6756.54,6757.14,6753.2,6755.87
1761138600,6766.15,6767.48,6760.93,6763.88
1761138900,6768.92,6777.15,6765.55,6771.09
1761139200,6771.61,6775.34,6759.16,6765.63
1761139500,6759.2,6761.36,6753.43,6754.99
1761139800,6754.18,6759.53,6747.52,6756.89
1761140100,6769.54,6776.24,6748.73,6763.81
1761140400,6759.57,6762.82,6754.68,6761.74
1761140700,6755.84,6765.88,6748.63,6759.23
1761141000,6733.46,6739.73,6724.76,6726.27
1761141300,6743.18,6753.18,6738.99,6748.75
1761141600,6750.55,6755.24,6748.84,6750.59
1761141900,6742.32,6743.57,6736.87,6737.6
1761142200,6744.42,6748.8,6737.22,6742.97
1761142500,6743.04,6747.92,6740.85,6746.11
1761142800,6740.75,6748.2,6735.41,6740.04
1761143100,6733.66,6736.56,6728.09,6735.05
1761143400,6735.71,6739.89,6724.86,6739.03
1761143700,6721.64,6721.7,6709.67,6717.93
1761144000,6727.45,6728.11,6724.69,6725.22
1761144300,6726.38,6729.45,6721.37,6721.87
1761144600,6725.34,6730.83,6717.51,6724.83
1761144900,6738.38,6743.66,6735.62,6742.67
1761145200,6728.46,6736.59,6727.47,6728.16
1761145500,6737.31,6744.6,6736.38,6738.33
1761145800,6737.8,6738.76,6724.04,6732.08
1761146100,6741.96,6747.7,6735.9,6744.25
1761146400,6741.53,6745.48,6728.51,6735.19
1761146700,6734.96,6736.13,6733.91,6734.83
1761147000,6740.48,6745.73,6735.34,6744.22
1761147300,6739.33,6741.73,6732.92,6737.25
1761147600,6724.59,6734.63,6718.83,6731.38
1761147900,6743.65,6749.09,6736.16,6746.17
1761148200,6740.66,6743.84,6732.01,6735.07
1761148500,6736.98,6738.84,6727.53,6737.8
1761148800,6746.04,6750.62,6734.65,6749.49
1761211800,6737.28,6739.41,6734.02,6739.41
1761212100,6733.01,6737.91,6732.65,6737.5
1761212400,6729.85,6730.55,6717.09,6719.65
1761212700,6725.46,6729.04,6722.99,6723.67
1761213000,6721.0,6729.09,6714.26,6723.29
1761213300,6719.29,6720.3,6717.49,6718.81
1761213600,6723.46,6731.45,6719.93,6728.46
1761213900,6732.14,6732.81,6730.05,6730.4
1761214200,6741.55,6746.43,6730.75,6735.78
1761214500,6739.71,6741.3,6728.61,6732.87
1761214800,6741.86,6742.75,6734.99,6735.26
1761215100,6750.5,6750.74,6741.7,6745.79
1761215400,6750.85,6751.2,6746.3,6748.17
1761215700,6739.01,6746.7,6730.94,6736.38
1761216000,6750.04,6751.7,6738.83,6745.84
1761216300,6748.1,6752.17,6747.52,6750.85
1761216600,6765.65,6769.48,6757.4,6762.11
1761216900,6758.05,6758.17,6751.1,6755.92
1761217200,6764.25,6767.26,6748.81,6756.71
1761217500,6760.53,6762.29,6751.89,6755.0
1761217800,6756.7,6758.69,6750.78,6751.92
1761218100,6753.29,6759.88,6745.48,6758.81
1761218400,6749.38,6752.78,6748.51,6751.47
1761218700,6751.55,6757.6,6750.7,6754.6
1761219000,6746.29,6749.52,6742.56,6744.6
1761219300,6750.04,6754.33,6748.28,6752.74
1761219600,6757.19,6759.72,6752.09,6756.5
1761219900,6757.89,6758.23,6752.89,6756.26
1761220200,6759.24,6767.18,6758.54,6760.47
1761220500,6748.28,6748.6,6746.17,6748.12
1761220800,6753.57,6754.65,6750.78,6750.93
1761221100,6767.02,6768.23,6755.77,6762.8
1761221400,6762.22,6765.32,6754.61,6760.2
1761221700,6761.0,6762.56,6756.79,6756.95
1761222000,6747.36,6749.51,6744.07,6746.64
1761222300,6751.35,6752.37,6750.26,6751.34
1761222600,6756.97,6760.15,6745.64,6753.27
1761222900,6754.34,6756.03,6750.21,6752.52
1761223200,6753.58,6758.98,6747.83,6756.13
1761223500,6749.21,6750.75,6744.36,6748.81
1761223800,6759.06,6760.03,6755.03,6757.62
1761224100,6753.53,6757.95,6749.48,6752.29
1761224400,6764.23,6764.27,6758.51,6761.59
1761224700,6757.47,6762.26,6754.67,6756.17
1761225000,6751.91,6754.6,6751.26,6753.43
1761225300,6745.37,6748.48,6743.64,6744.51
1761225600,6749.55,6758.88,6748.19,6754.42
1761225900,6746.73,6751.03,6743.61,6745.6
1761226200,6745.12,6749.92,6737.21,6739.92
1761226500,6738.27,6748.24,6732.11,6746.56
1761226800,6754.67,6755.34,6747.86,6751.9
1761227100,6760.33,6760.74,6752.44,6758.68
1761227400,6753.57,6758.98,6749.8,6756.99
1761227700,6754.34,6763.83,6749.1,6758.44
1761228000,6763.05,6770.32,6755.73,6758.67
1761228300,6769.19,6769.39,6757.8,6764.11
1761228600,6777.36,6780.15,6774.01,6779.52
1761228900,6769.27,6776.18,6766.18,6770.49
1761229200,6761.51,6765.12,6755.55,6757.06
1761229500,6754.36,6760.84,6752.85,6756.17
1761229800,6753.81,6753.95,6752.73,6752.85
1761230100,6766.23,6767.05,6761.46,6763.43
1761230400,6760.05,6766.96,6759.55,6759.72
1761230700,6773.26,6774.08,6773.15,6773.77
1761231000,6752.84,6755.81,6747.18,6755.23
1761231300,6756.02,6757.89,6754.36,6754.77
1761231600,6756.89,6757.03,6753.56,6755.59
1761231900,6756.5,6758.47,6753.94,6755.25
1761232200,6765.57,6775.87,6765.44,6770.85
1761232500,6771.03,6771.67,6765.18,6771.39
1761232800,6771.81,6773.62,6770.59,6772.29
1761233100,6777.77,6783.92,6777.58,6778.33
1761233400,6771.95,6773.91,6762.82,6771.96
1761233700,6761.53,6767.64,6759.16,6766.31
1761234000,6758.16,6760.01,6751.87,6753.14
1761234300,6770.49,6773.63,6767.69,6773.05
1761234600,6783.54,6785.86,6775.94,6777.68
1761234900,6780.67,6788.76,6778.39,6779.76
1761235200,6773.41,6777.16,6770.72,6775.98
1761298200,6776.68,6780.61,6770.3,6771.71
1761298500,6779.52,6779.79,6775.19,6779.74
1761298800,6769.98,6778.62,6766.69,6777.05
1761299100,6769.98,6770.73,6766.93,6769.01
1761299400,6771.55,6778.54,6771.44,6773.28
1761299700,6774.75,6782.87,6773.66,6781.06
1761300000,6769.98,6772.25,6762.33,6769.33
1761300300,6769.98,6775.9,6769.86,6773.57
1761300600,6769.98,6774.8,6764.04,6766.24
1761300900,6769.98,6776.49,6767.87,6772.04
1761301200,6775.79,6778.06,6771.42,6776.28
1761301500,6777.46,6778.61,6770.23,6772.43
1761301800,6779.97,6781.18,6779.68,6780.03
1761302100,6780.69,6783.67,6778.02,6779.83
1761302400,6783.95,6786.41,6783.53,6786.36
1761302700,6782.69,6783.4,6780.7,6782.03
1761303000,6778.77,6780.53,6775.36,6775.7
1761303300,6776.51,6782.39,6774.21,6781.77
1761303600,6790.74,6793.93,6779.76,6784.58
1761303900,6777.25,6783.98,6775.8,6780.99
1761304200,6799.73,6803.62,6794.23,6796.41
1761304500,6794.99,6800.06,6787.2,6796.91
1761304800,6790.75,6798.65,6785.83,6796.53
1761305100,6796.67,6798.08,6789.06,6791.75
1761305400,6797.19,6799.06,6789.13,6795.6
1761305700,6780.92,6790.34,6779.24,6785.95
1761306000,6785.16,6789.52,6781.92,6785.41
1761306300,6791.47,6795.97,6784.29,6784.54
1761306600,6786.96,6789.68,6781.93,6783.53
1761306900,6801.74,6803.16,6794.67,6799.62
1761307200,6800.81,6815.44,6798.63,6808.04
1761307500,6796.15,6798.13,6788.59,6791.66
1761307800,6798.19,6799.83,6795.96,6799.81
1761308100,6799.68,6800.0,6798.89,6800.0
1761308400,6811.35,6813.41,6807.78,6808.1
1761308700,6808.34,6812.11,6806.63,6808.81
1761309000,6805.01,6811.14,6804.77,6809.5
1761309300,6807.23,6814.57,6807.21,6809.62
1761309600,6817.69,6819.36,6810.95,6813.14
1761309900,6825.47,6827.81,6818.79,6824.95
1761310200,6829.75,6831.95,6823.06,6827.16
1761310500,6832.62,6835.71,6831.14,6833.52
1761310800,6828.83,6833.25,6824.02,6831.49
1761311100,6830.26,6833.86,6827.93,6831.19
1761311400,6826.14,6827.58,6817.42,6821.85
1761311700,6830.91,6831.17,6825.92,6827.06
1761312000,6835.78,6838.05,6829.94,6834.06
1761312300,6826.98,6831.76,6822.82,6827.47
1761312600,6839.59,6843.88,6834.52,6839.87
1761312900,6829.55,6831.66,6827.11,6828.02
1761313200,6825.55,6829.06,6822.43,6828.13
1761313500,6828.86,6830.7,6823.29,6824.14
1761313800,6821.86,6830.22,6818.28,6828.38
1761314100,6834.53,6839.71,6834.42,6837.3
1761314400,6838.44,6843.35,6836.62,6841.33
1761314700,6839.94,6845.25,6839.06,6843.6
1761315000,6825.73,6834.02,6823.96,6832.91
1761315300,6827.09,6828.05,6824.3,6827.34
1761315600,6823.38,6830.06,6818.15,6823.85
1761315900,6818.07,6819.36,6816.91,6817.46
1761316200,6811.68,6812.95,6802.01,6802.22
1761316500,6818.34,6823.0,6815.75,6818.08
1761316800,6819.94,6820.26,6815.31,6817.57
1761317100,6806.79,6807.67,6802.79,6804.6
1761317400,6809.41,6813.56,6807.9,6812.44
1761317700,6817.34,6823.51,6815.93,6820.72
1761318000,6812.07,6813.68,6806.34,6812.96
1761318300,6821.55,6824.52,6820.1,6822.17
1761318600,6821.8,6829.7,6820.91,6827.93
1761318900,6817.96,6821.1,6816.88,6820.81
1761319200,6822.09,6825.86,6819.29,6820.0
1761319500,6817.1,6819.17,6814.75,6817.87
1761319800,6800.67,6804.76,6793.42,6796.04
1761320100,6805.26,6814.7,6801.74,6812.51
1761320400,6799.89,6803.98,6791.27,6796.09
1761320700,6800.16,6804.99,6790.48,6794.99
1761321000,6803.52,6810.8,6798.29,6807.11
1761321300,6813.37,6814.31,6805.5,6807.66
1761321600,6820.09,6830.41,6819.48,6824.07
1761557400,6873.96,6874.96,6871.12,6874.24
1761557700,6874.2,6877.29,6870.62,6874.22
1761558000,6873.9,6879.21,6872.08,6878.56
1761558300,6868.72,6874.68,6867.38,6869.49
1761558600,6867.73,6870.09,6862.6,6863.49
1761558900,6864.08,6864.99,6860.14,6861.89
1761559200,6861.85,6862.31,6855.15,6860.63
1761559500,6860.68,6860.79,6851.04,6858.02
1761559800,6871.31,6877.5,6868.73,6874.24
1761560100,6871.84,6873.52,6870.94,6873.18
1761560400,6870.2,6871.55,6865.77,6869.47
1761560700,6870.99,6874.52,6865.5,6868.02
1761561000,6873.98,6879.81,6871.94,6876.35
1761561300,6878.65,6881.31,6875.08,6880.95
1761561600,6878.02,6879.06,6872.0,6873.08
1761561900,6887.06,6892.97,6885.3,6889.79
1761562200,6894.23,6902.53,6891.6,6900.58
1761562500,6901.56,6903.27,6894.17,6900.45
1761562800,6899.38,6900.38,6894.41,6899.67
1761563100,6902.55,6904.94,6897.83,6899.76
1761563400,6900.5,6904.82,6898.45,6902.78
1761563700,6900.09,6902.4,6895.8,6896.86
1761564000,6906.02,6907.31,6903.34,6903.92
1761564300,6908.46,6913.34,6903.8,6908.09
1761564600,6904.4,6907.02,6902.72,6902.97
1761564900,6889.75,6890.58,6888.11,6890.44
1761565200,6892.44,6894.76,6890.27,6890.67
1761565500,6888.42,6893.48,6886.81,6890.49
1761565800,6889.46,6891.54,6888.5,6889.67
1761566100,6898.83,6899.52,6898.21,6899.13
1761566400,6894.95,6895.31,6893.1,6895.1
1761566700,6895.74,6897.92,6894.06,6895.36
1761567000,6902.09,6907.79,6900.43,6904.6
1761567300,6898.01,6898.37,6896.47,6898.09
1761567600,6905.03,6907.12,6901.03,6902.99
1761567900,6899.95,6904.08,6898.71,6898.84
1761568200,6900.26,6903.14,6895.78,6900.68
1761568500,6897.05,6899.87,6893.39,6899.18
1761568800,6902.17,6902.86,6896.89,6899.64
1761569100,6904.84,6909.23,6901.56,6904.42
1761569400,6902.6,6908.62,6899.42,6904.77
1761569700,6904.15,6908.98,6903.71,6906.02
1761570000,6892.54,6892.84,6886.25,6889.03
1761570300,6891.52,6893.12,6891.11,6891.46
1761570600,6892.03,6893.86,6884.49,6887.38
1761570900,6894.27,6895.7,6893.49,6895.56
1761571200,6887.09,6889.39,6885.73,6886.49
1761571500,6884.16,6887.09,6881.74,6885.11
1761571800,6888.01,6888.71,6882.74,6886.63
1761572100,6891.57,6892.06,6890.42,6890.54
1761572400,6891.67,6898.69,6889.96,6894.64
1761572700,6896.95,6899.23,6895.72,6899.17
1761573000,6893.46,6895.03,6889.53,6890.93
1761573300,6885.91,6887.91,6881.88,6885.46
1761573600,6879.51,6884.25,6876.07,6882.02
1761573900,6882.13,6884.53,6877.29,6881.21
1761574200,6882.04,6886.2,6879.05,6882.58
1761574500,6881.75,6885.12,6877.55,6881.43
1761574800,6881.65,6883.06,6878.34,6880.94
1761575100,6887.33,6892.13,6887.21,6889.02
1761575400,6892.35,6892.58,6889.58,6891.87
1761575700,6891.33,6891.87,6884.88,6889.57
1761576000,6891.32,6892.68,6888.32,6888.65
1761576300,6894.42,6895.77,6892.7,6895.36
1761576600,6897.1,6899.4,6891.81,6892.68
1761576900,6899.26,6903.03,6887.85,6893.33
1761577200,6895.48,6900.81,6894.65,6895.52
1761577500,6902.5,6907.81,6901.15,6904.81
1761577800,6902.09,6904.03,6896.36,6900.16
1761578100,6898.27,6901.56,6897.61,6898.08
1761578400,6900.74,6905.31,6899.91,6902.32
1761578700,6890.97,6895.96,6890.75,6895.08
1761579000,6885.06,6886.37,6877.67,6881.02
1761579300,6885.95,6890.22,6879.8,6888.74
1761579600,6874.57,6874.75,6869.57,6873.5
1761579900,6887.57,6891.46,6884.33,6889.37
1761580200,6884.36,6886.47,6883.23,6886.3
1761580500,6887.11,6887.71,6882.42,6886.95
1761580800,6893.48,6896.26,6893.38,6895.09
1761643800,6915.26,6917.51,6913.13,6915.39
1761644100,6919.62,6921.61,6916.04,6916.26
1761644400,6922.72,6926.9,6922.11,6923.61
1761644700,6929.47,6934.13,6926.83,6931.48
1761645000,6927.51,6931.44,6926.49,6930.02
1761645300,6924.89,6925.67,6923.72,6924.99
1761645600,6925.95,6930.49,6924.52,6929.49
1761645900,6922.31,6924.73,6921.75,6923.72
1761646200,6928.55,6929.98,6925.34,6926.55
1761646500,6921.31,6928.29,6920.68,6924.72
1761646800,6916.44,6917.33,6915.46,6916.79
1761647100,6914.62,6916.01,6908.61,6914.82
1761647400,6912.75,6916.89,6912.7,6913.48
1761647700,6920.92,6923.27,6918.11,6921.77
1761648000,6923.9,6927.45,6923.16,6924.79
1761648300,6919.67,6922.68,6917.63,6921.91
1761648600,6921.74,6922.64,6920.02,6922.44
1761648900,6921.89,6924.09,6921.41,6923.67
1761649200,6919.89,6923.77,6918.72,6922.23
1761649500,6918.77,6920.82,6917.11,6917.85
1761649800,6920.41,6921.56,6918.72,6921.1
1761650100,6919.93,6923.96,6915.53,6916.73
1761650400,6920.24,6920.99,6913.99,6915.42
1761650700,6929.13,6929.46,6926.78,6929.19
1761651000,6934.76,6937.24,6933.19,6934.59
1761651300,6926.77,6929.58,6925.46,6928.02
1761651600,6926.73,6931.66,6923.73,6931.15
1761651900,6918.78,6922.75,6915.58,6921.94
1761652200,6912.8,6917.24,6912.62,6916.1
1761652500,6920.61,6921.33,6917.54,6920.15
1761652800,6926.59,6928.86,6926.1,6927.26
1761653100,6915.22,6922.03,6911.21,6918.62
1761653400,6914.13,6916.94,6912.8,6915.89
1761653700,6923.64,6926.91,6923.39,6924.91
1761654000,6920.39,6923.32,6918.49,6921.99
1761654300,6911.67,6915.65,6909.34,6913.16
1761654600,6916.44,6918.02,6913.65,6916.16
1761654900,6915.88,6918.51,6912.38,6913.88
1761655200,6920.23,6926.56,6919.16,6922.61
1761655500,6915.08,6917.09,6912.84,6916.26
1761655800,6910.61,6913.92,6909.75,6912.61
1761656100,6912.15,6916.29,6909.13,6914.57
1761656400,6923.89,6925.19,6921.93,6922.77
1761656700,6914.48,6917.94,6914.32,6917.41
1761657000,6910.48,6912.7,6909.36,6910.98
1761657300,6913.02,6914.81,6911.01,6912.23
1761657600,6916.88,6920.34,6914.72,6919.64
1761657900,6921.92,6924.09,6921.91,6923.19
1761658200,6920.62,6927.2,6916.89,6922.98
1761658500,6923.53,6926.45,6921.57,6922.13
1761658800,6924.17,6925.26,6922.44,6924.46
1761659100,6921.4,6922.98,6920.46,6920.86
1761659400,6926.36,6926.7,6924.92,6925.66
1761659700,6931.38,6931.79,6928.67,6930.21
1761660000,6924.8,6931.91,6922.53,6928.85
1761660300,6918.52,6919.88,6917.65,6918.33
1761660600,6918.14,6918.93,6915.2,6916.63
1761660900,6918.98,6922.4,6916.83,6917.14
1761661200,6928.58,6931.48,6926.82,6929.07
1761661500,6927.84,6935.75,6926.23,6930.04
1761661800,6932.05,6939.61,6930.47,6937.74
1761662100,6945.04,6947.61,6945.0,6946.35
1761662400,6938.9,6939.65,6936.1,6938.06
1761662700,6937.58,6944.12,6936.87,6942.05
1761663000,6939.68,6942.18,6939.04,6940.67
1761663300,6944.89,6946.17,6940.19,6942.32
1761663600,6937.42,6942.86,6936.4,6940.32
1761663900,6938.65,6940.22,6934.71,6937.3
1761664200,6939.74,6943.98,6936.0,6939.23
1761664500,6931.99,6934.69,6928.14,6928.4
1761664800,6931.28,6935.29,6930.45,6934.26
1761665100,6930.75,6931.65,6927.49,6928.85
1761665400,6925.63,6926.12,6924.07,6925.31
1761665700,6928.57,6928.65,6924.38,6927.45
1761666000,6925.59,6927.8,6923.12,6925.51
1761666300,6924.99,6926.62,6923.3,6925.63
1761666600,6922.36,6924.75,6921.29,6923.27
1761666900,6916.39,6918.6,6915.4,6916.59
1761667200,6915.48,6916.6,6910.12,6910.91
1761730200,6927.97,6932.18,6921.21,6929.43
1761730500,6928.31,6932.78,6927.64,6932.03
1761730800,6937.93,6945.58,6933.61,6943.23
1761731100,6941.23,6947.54,6940.3,6946.25
1761731400,6939.87,6947.76,6937.58,6945.68
1761731700,6941.01,6944.89,6931.43,6943.49
1761732000,6935.77,6938.28,6934.14,6937.58
1761732300,6931.72,6935.97,6929.29,6933.88
1761732600,6928.5,6934.97,6927.94,6930.15
1761732900,6928.4,6931.27,6927.25,6929.89
1761733200,6931.44,6932.62,6929.58,6931.15
1761733500,6929.6,6940.91,6927.83,6932.88
1761733800,6919.59,6921.1,6911.5,6912.57
1761734100,6933.35,6933.5,6925.38,6925.76
1761734400,6924.6,6926.27,6920.82,6926.14
1761734700,6925.91,6930.45,6923.97,6927.94
1761735000,6926.4,6929.68,6925.03,6927.78
1761735300,6918.35,6921.67,6913.03,6918.1
1761735600,6917.98,6919.74,6916.85,6919.58
1761735900,6924.72,6925.87,6922.69,6923.44
1761736200,6933.45,6940.24,6930.91,6939.36
1761736500,6928.91,6935.75,6920.73,6931.92
1761736800,6945.26,6948.1,6944.46,6946.91
1761737100,6956.05,6958.68,6954.7,6955.8
1761737400,6952.95,6962.65,6944.74,6957.72
1761737700,6944.34,6949.44,6943.73,6947.17
1761738000,6940.61,6953.44,6940.34,6948.8
1761738300,6944.95,6948.89,6939.93,6945.96
1761738600,6945.95,6952.56,6938.87,6940.51
1761738900,6938.73,6941.79,6938.63,6940.58
1761739200,6935.0,6939.29,6933.54,6939.04
1761739500,6926.13,6929.21,6925.26,6928.71
1761739800,6928.6,6930.31,6924.64,6930.29
1761740100,6919.76,6922.13,6912.73,6914.34
1761740400,6921.07,6922.62,6919.23,6920.99
1761740700,6925.69,6930.72,6923.76,6927.86
1761741000,6925.13,6930.42,6920.61,6924.96
1761741300,6930.04,6931.15,6924.27,6926.0
1761741600,6936.67,6942.94,6933.52,6940.67
1761741900,6931.1,6936.27,6926.65,6932.86
1761742200,6924.78,6926.9,6922.5,6922.84
1761742500,6918.5,6926.81,6916.62,6920.87
1761742800,6918.01,6926.96,6914.78,6922.65
1761743100,6919.72,6924.11,6912.99,6915.32
1761743400,6927.26,6930.59,6921.28,6921.38
1761743700,6921.53,6924.79,6918.4,6923.58
1761744000,6918.99,6924.13,6918.83,6921.56
1761744300,6920.6,6924.3,6916.74,6923.82
1761744600,6920.65,6923.41,6917.59,6917.6
1761744900,6916.69,6919.05,6912.54,6916.07
1761745200,6913.09,6913.8,6908.4,6909.37
1761745500,6917.63,6924.74,6911.44,6922.53
1761745800,6919.59,6920.1,6914.38,6917.02
1761746100,6932.09,6934.27,6924.63,6924.76
1761746400,6933.07,6939.84,6932.5,6938.87
1761746700,6938.1,6943.57,6932.53,6940.9
1761747000,6939.63,6953.49,6931.5,6945.48
1761747300,6943.97,6945.99,6941.93,6945.8
1761747600,6934.63,6937.95,6933.49,6937.3
1761747900,6927.87,6928.02,6923.94,6924.15
1761748200,6938.13,6939.56,6931.74,6932.43
1761748500,6935.68,6945.32,6934.61,6939.6
1761748800,6934.57,6940.13,6930.62,6937.55
1761749100,6939.07,6944.33,6938.14,6940.72
1761749400,6938.1,6938.8,6926.79,6934.89
1761749700,6929.41,6935.29,6924.07,6928.72
1761750000,6925.89,6929.03,6922.05,6927.11
1761750300,6917.83,6923.37,6910.94,6916.54
1761750600,6911.53,6913.24,6906.66,6908.6
1761750900,6914.07,6914.28,6910.94,6913.23
1761751200,6911.43,6918.88,6911.0,6914.04
1761751500,6902.55,6907.57,6901.32,6901.68
1761751800,6906.59,6908.65,6903.36,6908.21
1761752100,6892.56,6894.84,6891.14,6894.23
1761752400,6892.05,6894.31,6889.7,6891.03
1761752700,6906.81,6906.87,6897.92,6903.08
1761753000,6911.15,6911.53,6905.41,6907.85
1761753300,6913.88,6914.79,6912.22,6912.84
1761753600,6904.82,6907.44,6895.83,6900.88
1761816600,6910.89,6913.0,6904.14,6912.01
1761816900,6895.26,6899.01,6891.05,6895.52
1761817200,6894.07,6894.34,6875.03,6887.45
1761817500,6903.1,6910.56,6901.14,6903.9
1761817800,6905.2,6912.62,6902.6,6907.82
1761818100,6885.65,6888.41,6879.85,6887.44
1761818400,6888.69,6894.99,6885.94,6886.58
1761818700,6897.07,6908.12,6891.5,6893.41
1761819000,6905.78,6910.37,6899.53,6903.41
1761819300,6893.59,6899.59,6888.02,6893.57
1761819600,6883.39,6887.66,6879.97,6882.66
1761819900,6874.02,6883.32,6867.6,6871.85
1761820200,6859.04,6859.71,6845.22,6849.93
1761820500,6851.37,6855.37,6844.49,6847.78
1761820800,6840.65,6848.76,6838.02,6846.9
1761821100,6861.32,6870.17,6853.63,6863.88
1761821400,6853.1,6859.77,6843.99,6845.81
1761821700,6850.45,6856.81,6843.85,6845.0
1761822000,6856.36,6869.5,6853.72,6859.49
1761822300,6875.58,6878.82,6870.77,6871.32
1761822600,6897.48,6899.95,6884.61,6891.51
1761822900,6881.88,6883.92,6869.91,6878.64
1761823200,6881.34,6887.74,6878.19,6884.62
1761823500,6894.14,6904.23,6892.35,6901.09
1761823800,6902.58,6908.51,6891.87,6896.46
1761824100,6889.51,6893.73,6888.1,6891.07
1761824400,6879.4,6887.19,6873.65,6875.98
1761824700,6889.91,6905.6,6885.25,6898.81
1761825000,6893.94,6896.6,6886.93,6889.66
1761825300,6882.56,6883.47,6880.65,6881.01
1761825600,6861.3,6863.08,6855.45,6858.58
1761825900,6871.85,6873.07,6856.26,6862.67
1761826200,6871.59,6873.06,6871.41,6872.28
1761826500,6856.31,6857.69,6852.42,6854.83
1761826800,6844.79,6850.94,6844.66,6850.21
1761827100,6856.66,6865.4,6853.24,6863.3
1761827400,6847.72,6848.35,6838.64,6844.05
1761827700,6858.8,6868.72,6854.26,6856.2
1761828000,6860.35,6863.57,6847.21,6847.96
1761828300,6858.55,6869.55,6855.84,6861.3
1761828600,6866.88,6874.13,6862.23,6870.38
1761828900,6866.74,6873.0,6862.7,6867.96
1761829200,6875.87,6887.25,6875.36,6882.81
1761829500,6866.51,6869.09,6861.52,6862.95
1761829800,6856.18,6866.08,6840.33,6850.56
1761830100,6840.32,6843.15,6839.72,6840.48
1761830400,6864.23,6869.35,6858.66,6859.08
1761830700,6855.44,6867.53,6850.07,6863.2
1761831000,6864.81,6867.78,6853.0,6853.96
1761831300,6867.34,6875.03,6856.42,6870.6
1761831600,6860.26,6867.0,6853.82,6865.07
1761831900,6859.31,6864.13,6849.87,6850.41
1761832200,6873.15,6878.69,6870.15,6877.87
1761832500,6892.43,6899.95,6884.66,6899.41
1761832800,6896.04,6905.51,6893.62,6899.63
1761833100,6912.05,6923.46,6905.41,6918.36
1761833400,6911.98,6916.54,6907.09,6908.82
1761833700,6908.51,6911.02,6900.88,6905.34
1761834000,6899.65,6912.13,6898.95,6910.75
1761834300,6876.19,6885.32,6870.97,6872.74
1761834600,6873.76,6878.32,6868.37,6877.63
1761834900,6856.69,6858.61,6844.62,6852.04
1761835200,6844.22,6847.68,6836.9,6845.24
1761835500,6851.38,6855.37,6842.89,6852.14
1761835800,6844.74,6850.07,6842.43,6849.09
1761836100,6848.93,6858.66,6846.63,6847.91
1761836400,6852.38,6854.83,6839.32,6847.68
1761836700,6851.03,6853.32,6842.08,6843.13
1761837000,6865.57,6866.02,6863.58,6864.06
1761837300,6881.7,6885.64,6868.98,6875.98
1761837600,6868.11,6872.56,6861.37,6863.82
1761837900,6865.43,6878.96,6858.44,6875.53
1761838200,6860.91,6862.93,6859.29,6860.94
1761838500,6862.82,6863.56,6857.71,6858.83
1761838800,6882.78,6888.8,6875.87,6884.07
1761839100,6876.71,6880.77,6859.21,6870.14
1761839400,6860.19,6863.19,6858.59,6861.49
1761839700,6865.99,6875.62,6859.93,6867.76
1761840000,6861.57,6863.67,6852.4,6862.84
1761903000,6901.7,6907.72,6899.88,6903.83
1761903300,6896.33,6902.72,6895.2,6897.62
1761903600,6894.87,6904.69,6891.24,6898.18
1761903900,6883.81,6888.43,6883.16,6887.39
1761904200,6886.83,6891.21,6881.16,6889.93
1761904500,6894.18,6899.12,6882.97,6889.51
1761904800,6900.69,6912.2,6897.28,6906.84
1761905100,6898.67,6901.38,6892.73,6899.08
1761905400,6903.73,6910.25,6897.68,6898.86
1761905700,6901.27,6904.55,6897.2,6900.74
1761906000,6909.86,6911.96,6904.57,6909.81
1761906300,6908.1,6911.18,6907.43,6908.54
1761906600,6903.26,6909.54,6901.92,6906.78
1761906900,6903.84,6907.13,6891.27,6906.57
1761907200,6902.14,6904.56,6895.89,6902.38
1761907500,6886.64,6890.69,6885.63,6888.77
1761907800,6871.33,6873.47,6869.49,6871.49
1761908100,6885.31,6888.22,6883.38,6887.45
1761908400,6871.17,6874.73,6869.48,6874.18
1761908700,6866.45,6867.63,6863.48,6865.98
1761909000,6872.99,6879.05,6871.07,6873.67
1761909300,6872.31,6873.81,6867.13,6867.45
1761909600,6864.76,6870.57,6862.5,6865.62
1761909900,6855.5,6862.63,6851.08,6860.32
1761910200,6852.02,6858.23,6845.83,6851.47
1761910500,6856.19,6857.3,6848.8,6854.48
1761910800,6854.31,6859.98,6852.42,6856.75
1761911100,6854.39,6857.31,6842.22,6847.51
1761911400,6846.09,6848.26,6839.02,6839.81
1761911700,6845.88,6850.01,6837.57,6839.88
1761912000,6853.38,6858.19,6851.41,6853.06
1761912300,6848.94,6853.9,6846.65,6852.51
1761912600,6854.81,6864.92,6852.77,6860.14
1761912900,6844.17,6849.71,6842.92,6846.47
1761913200,6855.24,6860.37,6854.21,6854.33
1761913500,6860.33,6865.72,6855.53,6858.73
1761913800,6858.39,6860.3,6854.25,6857.15
1761914100,6871.73,6875.11,6864.23,6867.18
1761914400,6862.51,6873.96,6858.49,6871.56
1761914700,6852.4,6853.9,6849.14,6849.7
1761915000,6860.19,6871.52,6854.88,6866.93
1761915300,6871.12,6872.12,6867.67,6868.07
1761915600,6882.21,6888.18,6881.78,6884.93
1761915900,6882.94,6883.98,6882.37,6883.07
1761916200,6882.43,6882.77,6872.96,6878.35
1761916500,6876.68,6883.82,6862.7,6868.74
1761916800,6868.82,6875.94,6866.86,6872.66
1761917100,6870.1,6877.13,6870.07,6872.86
1761917400,6873.05,6885.54,6870.33,6879.44
1761917700,6872.57,6873.54,6870.07,6870.66
1761918000,6871.38,6871.41,6861.88,6867.67
1761918300,6863.91,6867.56,6855.08,6866.66
1761918600,6855.95,6857.94,6847.82,6849.54
1761918900,6865.27,6869.32,6854.11,6860.12
1761919200,6868.59,6870.16,6867.34,6869.6
1761919500,6863.69,6870.88,6861.03,6862.46
1761919800,6870.98,6878.72,6865.92,6873.49
1761920100,6865.19,6868.57,6853.15,6858.05
1761920400,6868.89,6870.81,6863.94,6866.36
1761920700,6872.48,6873.13,6870.88,6871.04
1761921000,6871.67,6878.89,6868.15,6877.2
1761921300,6872.93,6876.0,6868.5,6871.29
1761921600,6877.81,6881.96,6869.67,6875.06
1761921900,6869.25,6878.14,6869.01,6874.59
1761922200,6873.02,6874.57,6872.8,6874.43
1761922500,6880.26,6891.16,6872.12,6885.1
1761922800,6880.21,6890.41,6879.64,6887.14
1761923100,6894.04,6902.57,6891.51,6898.95
1761923400,6898.09,6903.14,6893.08,6900.35
1761923700,6892.54,6893.33,6887.36,6887.41
1761924000,6893.22,6895.47,6892.66,6893.01
1761924300,6897.81,6898.82,6889.26,6892.55
1761924600,6912.64,6913.63,6909.1,6910.23
1761924900,6897.4,6898.34,6882.07,6890.25
1761925200,6885.07,6890.41,6880.98,6888.55
1761925500,6895.01,6898.77,6893.49,6894.16
1761925800,6896.55,6902.79,6894.02,6900.89
1761926100,6902.57,6905.34,6894.1,6898.57
1761926400,6913.77,6920.74,6910.83,6916.24
1762162200,6866.36,6870.22,6865.41,6867.74
1762162500,6867.44,6870.73,6860.87,6866.65
1762162800,6861.39,6864.27,6858.87,6863.74
1762163100,6859.84,6859.91,6856.19,6859.48
1762163400,6858.26,6870.01,6855.74,6864.7
1762163700,6858.99,6859.29,6857.22,6858.1
1762164000,6861.08,6865.02,6856.94,6863.41
1762164300,6864.44,6865.23,6858.87,6861.05
1762164600,6864.93,6866.59,6864.17,6864.24
1762164900,6865.13,6867.39,6854.02,6860.73
1762165200,6868.21,6871.99,6863.75,6864.84
1762165500,6882.54,6883.1,6878.44,6879.43
1762165800,6890.49,6897.62,6884.97,6889.5
1762166100,6896.14,6902.35,6894.35,6895.21
1762166400,6899.93,6900.97,6897.91,6899.44
1762166700,6898.47,6898.95,6893.22,6895.28
1762167000,6894.9,6898.71,6885.56,6889.31
1762167300,6889.6,6892.24,6885.26,6888.18
1762167600,6884.07,6886.36,6879.21,6881.98
1762167900,6882.7,6882.88,6876.02,6878.77
1762168200,6883.53,6892.01,6880.45,6887.64
1762168500,6889.47,6895.37,6889.03,6893.21
1762168800,6889.37,6896.46,6888.2,6891.68
1762169100,6888.85,6895.41,6886.88,6894.57
1762169400,6886.92,6892.4,6885.29,6887.34
1762169700,6875.2,6880.26,6870.7,6877.8
1762170000,6881.73,6884.66,6879.22,6881.51
1762170300,6880.52,6885.98,6875.4,6880.48
1762170600,6871.27,6872.99,6862.07,6862.83
1762170900,6865.72,6868.88,6864.58,6866.94
1762171200,6861.92,6865.27,6859.39,6861.2
1762171500,6866.58,6869.57,6866.39,6868.92
1762171800,6858.08,6863.75,6854.55,6862.06
1762172100,6870.7,6873.94,6864.06,6867.14
1762172400,6884.93,6890.46,6877.52,6879.39
1762172700,6887.33,6887.99,6883.16,6885.58
1762173000,6880.4,6882.0,6869.77,6874.05
1762173300,6883.38,6892.34,6881.91,6882.43
1762173600,6876.6,6878.62,6871.8,6872.41
1762173900,6871.86,6879.03,6870.39,6873.48
1762174200,6878.87,6879.33,6872.76,6874.03
1762174500,6869.2,6874.58,6865.18,6872.66
1762174800,6873.05,6876.82,6863.4,6867.54
1762175100,6868.08,6868.27,6866.17,6867.74
1762175400,6862.31,6863.4,6858.42,6861.15
1762175700,6861.73,6868.37,6861.36,6867.4
1762176000,6859.77,6860.15,6855.11,6859.61
1762176300,6852.9,6853.94,6845.8,6853.91
1762176600,6848.81,6853.35,6845.55,6851.53
1762176900,6861.82,6864.13,6856.79,6858.14
1762177200,6861.55,6862.27,6854.62,6859.05
1762177500,6866.86,6869.92,6859.76,6864.21
1762177800,6867.14,6867.28,6864.83,6865.35
1762178100,6875.03,6881.93,6869.68,6872.08
1762178400,6879.11,6882.55,6875.88,6881.72
1762178700,6882.9,6890.12,6880.1,6880.64
1762179000,6876.3,6881.77,6869.08,6873.2
1762179300,6883.75,6885.77,6880.08,6883.27
1762179600,6885.95,6890.52,6879.71,6890.28
1762179900,6879.79,6882.15,6876.67,6881.63
1762180200,6871.81,6877.75,6870.79,6875.95
1762180500,6872.77,6880.08,6868.12,6875.67
1762180800,6878.53,6879.46,6870.52,6875.18
1762181100,6876.4,6877.59,6869.2,6875.48
1762181400,6871.41,6877.23,6871.05,6874.77
1762181700,6878.12,6879.16,6870.63,6878.72
1762182000,6881.39,6881.42,6877.96,6878.32
1762182300,6885.89,6890.24,6885.25,6890.15
1762182600,6881.55,6883.18,6875.61,6879.81
1762182900,6883.64,6888.59,6880.41,6881.57
1762183200,6885.85,6890.22,6882.37,6882.54
1762183500,6882.14,6887.07,6875.97,6880.26
1762183800,6889.05,6889.98,6883.99,6888.67
1762184100,6891.23,6892.24,6884.27,6884.67
1762184400,6883.99,6885.22,6876.09,6879.25
1762184700,6888.51,6894.37,6885.03,6891.14
1762185000,6895.8,6896.79,6891.85,6894.03
1762185300,6883.7,6887.91,6882.45,6883.41
1762185600,6882.09,6884.09,6878.99,6883.64
1762248600,6894.32,6905.87,6893.08,6899.98
1762248900,6893.65,6904.02,6887.59,6892.07
1762249200,6894.32,6899.76,6887.8,6899.63
1762249500,6885.96,6896.98,6884.43,6888.36
1762249800,6894.32,6897.09,6890.28,6891.1
1762250100,6872.48,6874.86,6871.59,6874.16
1762250400,6878.95,6880.89,6876.19,6878.87
1762250700,6880.96,6886.35,6876.19,6885.97
1762251000,6877.74,6884.83,6871.5,6875.81
1762251300,6894.32,6896.19,6887.63,6891.55
1762251600,6894.32,6896.85,6889.21,6891.54
1762251900,6894.32,6897.45,6879.13,6884.93
1762252200,6894.32,6900.46,6892.45,6896.9
1762252500,6894.32,6898.07,6889.64,6892.18
1762252800,6887.97,6891.72,6880.02,6881.88
1762253100,6868.73,6870.27,6863.83,6864.77
1762253400,6872.22,6883.77,6863.17,6878.24
1762253700,6863.11,6874.61,6856.81,6872.25
1762254000,6861.17,6863.13,6847.72,6859.7
1762254300,6862.98,6881.26,6858.49,6875.44
1762254600,6880.53,6884.55,6876.32,6880.14
1762254900,6894.32,6897.16,6882.47,6887.93
1762255200,6894.32,6896.12,6887.11,6887.69
1762255500,6889.64,6891.89,6882.74,6890.32
1762255800,6894.32,6901.32,6892.32,6897.89
1762256100,6877.78,6882.03,6868.95,6873.83
1762256400,6864.49,6866.12,6864.24,6865.19
1762256700,6871.19,6875.01,6870.49,6872.87
1762257000,6877.21,6880.03,6866.89,6873.87
1762257300,6880.3,6880.53,6861.22,6868.26
1762257600,6874.61,6892.46,6870.12,6881.04
1762257900,6883.62,6887.51,6883.24,6886.96
1762258200,6880.18,6882.39,6872.2,6876.82
1762258500,6880.65,6882.53,6877.39,6881.66
1762258800,6874.52,6884.7,6873.45,6880.91
1762259100,6861.66,6871.64,6854.94,6869.96
1762259400,6855.12,6857.43,6851.48,6852.03
1762259700,6857.63,6863.01,6849.92,6853.17
1762260000,6842.07,6848.46,6835.82,6836.3
1762260300,6842.45,6850.57,6840.4,6850.0
1762260600,6836.98,6855.13,6835.93,6851.45
1762260900,6848.63,6849.35,6833.66,6842.83
1762261200,6851.53,6851.84,6845.08,6845.97
1762261500,6845.12,6849.25,6841.32,6848.12
1762261800,6834.83,6853.37,6832.37,6847.96
1762262100,6847.11,6848.16,6842.18,6845.62
1762262400,6854.84,6867.18,6854.24,6861.32
1762262700,6844.7,6851.78,6844.69,6849.23
1762263000,6824.0,6828.35,6812.06,6819.97
1762263300,6813.07,6815.88,6806.06,6814.57
1762263600,6825.91,6834.27,6821.23,6830.0
1762263900,6826.44,6827.21,6817.37,6825.24
1762264200,6821.58,6829.75,6813.18,6822.34
1762264500,6833.36,6838.97,6823.7,6827.62
1762264800,6836.69,6840.77,6829.04,6831.66
1762265100,6827.11,6829.38,6825.83,6828.66
1762265400,6844.52,6850.19,6839.84,6845.28
1762265700,6847.33,6848.99,6838.55,6843.82
1762266000,6836.22,6843.12,6821.31,6828.82
1762266300,6826.14,6833.29,6822.57,6826.69
1762266600,6825.64,6828.65,6815.45,6821.09
1762266900,6810.02,6827.47,6809.84,6821.52
1762267200,6821.51,6821.81,6806.27,6814.26
1762267500,6821.75,6827.6,6818.1,6821.46
1762267800,6834.14,6845.59,6832.9,6842.62
1762268100,6834.17,6834.27,6825.55,6829.63
1762268400,6830.8,6833.47,6827.39,6832.8
1762268700,6841.64,6856.05,6838.41,6851.14
1762269000,6844.91,6857.24,6841.48,6850.9
1762269300,6834.25,6841.82,6831.66,6836.16
1762269600,6837.12,6837.4,6828.36,6833.38
1762269900,6831.44,6837.5,6824.9,6825.89
1762270200,6835.1,6845.43,6831.11,6840.7
1762270500,6838.8,6844.65,6832.94,6844.21
1762270800,6851.21,6853.53,6839.16,6844.35
1762271100,6842.57,6854.8,6837.62,6848.34
1762271400,6821.11,6821.52,6811.31,6815.68
1762271700,6825.07,6836.18,6819.12,6826.33
1762272000,6833.23,6836.79,6828.7,6835.65
1762335000,6810.18,6816.13,6809.26,6811.19
1762335300,6807.63,6810.53,6798.3,6808.47
1762335600,6823.69,6827.1,6819.99,6821.47
1762335900,6843.75,6847.77,6842.64,6845.2
1762336200,6838.4,6845.09,6825.01,6829.63
1762336500,6842.2,6845.33,6830.0,6837.03
1762336800,6828.8,6833.9,6822.76,6827.03
1762337100,6846.04,6851.92,6841.6,6842.64
1762337400,6841.55,6854.27,6835.03,6848.01
1762337700,6817.75,6822.78,6810.09,6821.55
1762338000,6811.8,6815.72,6807.19,6808.22
1762338300,6817.87,6824.73,6815.92,6819.08
1762338600,6816.76,6820.02,6803.68,6808.02
1762338900,6826.55,6841.98,6826.49,6831.93
1762339200,6842.15,6842.76,6829.83,6837.0
1762339500,6815.84,6826.19,6811.58,6822.35
1762339800,6809.35,6811.46,6804.9,6809.32
1762340100,6801.99,6802.76,6795.76,6802.06
1762340400,6799.7,6821.18,6791.12,6815.95
1762340700,6812.27,6813.19,6800.09,6802.65
1762341000,6811.41,6819.74,6800.5,6801.66
1762341300,6823.79,6829.91,6823.46,6828.18
1762341600,6821.51,6823.46,6815.58,6819.71
1762341900,6835.51,6841.29,6825.0,6841.07
1762342200,6844.59,6847.96,6841.04,6846.11
1762342500,6843.94,6848.69,6835.71,6839.03
1762342800,6835.01,6835.19,6822.53,6830.13
1762343100,6829.45,6833.87,6827.64,6828.47
1762343400,6837.66,6837.7,6831.5,6837.42
1762343700,6843.36,6854.92,6841.53,6850.02
1762344000,6855.68,6865.03,6851.93,6863.27
1762344300,6831.39,6835.65,6828.06,6828.92
1762344600,6853.37,6862.41,6845.76,6856.86
1762344900,6868.4,6871.2,6862.86,6871.08
1762345200,6862.64,6863.58,6847.98,6858.59
1762345500,6851.78,6863.95,6850.05,6856.3
1762345800,6842.41,6845.99,6835.19,6840.34
1762346100,6833.5,6834.25,6827.98,6829.54
1762346400,6840.48,6847.63,6836.29,6840.39
1762346700,6844.78,6852.42,6834.22,6839.08
1762347000,6843.37,6848.59,6833.86,6840.23
1762347300,6859.41,6874.96,6857.69,6866.09
1762347600,6863.55,6869.4,6852.98,6865.16
1762347900,6868.4,6876.41,6861.46,6866.39
1762348200,6859.31,6868.61,6855.81,6867.16
1762348500,6857.69,6862.28,6857.48,6859.96
1762348800,6861.36,6886.82,6849.31,6865.14
1762349100,6868.18,6873.53,6868.05,6870.79
1762349400,6855.16,6867.59,6845.82,6865.27
1762349700,6846.61,6865.95,6844.06,6860.74
1762350000,6859.62,6859.78,6844.82,6852.29
1762350300,6858.69,6863.23,6851.41,6861.84
1762350600,6859.72,6866.74,6853.6,6862.18
1762350900,6847.85,6852.52,6826.77,6838.29
1762351200,6831.45,6835.03,6829.23,6833.73
1762351500,6832.16,6838.31,6830.03,6834.46
1762351800,6815.76,6822.25,6809.01,6815.39
1762352100,6817.85,6834.84,6812.39,6813.92
1762352400,6821.31,6830.23,6816.07,6820.45
1762352700,6822.52,6833.24,6814.86,6827.24
1762353000,6807.85,6814.65,6807.21,6811.96
1762353300,6812.35,6815.74,6807.84,6813.08
1762353600,6804.32,6806.33,6800.6,6803.47
1762353900,6802.86,6807.9,6796.82,6798.72
1762354200,6804.24,6805.77,6797.3,6803.63
1762354500,6793.11,6800.21,6781.87,6782.84
1762354800,6816.6,6829.12,6807.41,6823.35
1762355100,6825.54,6841.05,6819.37,6830.43
1762355400,6824.14,6829.1,6813.61,6818.41
1762355700,6818.52,6821.29,6800.8,6813.7
1762356000,6812.59,6820.34,6807.94,6817.43
1762356300,6827.15,6834.1,6826.29,6828.39
1762356600,6833.5,6845.9,6830.81,6838.25
1762356900,6838.09,6848.58,6832.62,6845.8
1762357200,6840.87,6842.63,6831.24,6839.68
1762357500,6852.69,6857.64,6852.37,6854.99
1762357800,6862.09,6876.44,6858.57,6872.21
1762358100,6848.64,6851.31,6841.38,6842.45
1762358400,6834.04,6840.14,6833.52,6838.84
1762421400,6822.62,6831.59,6816.48,6821.94
1762421700,6827.35,6837.64,6820.89,6834.86
1762422000,6830.52,6839.12,6829.27,6834.54
1762422300,6848.69,6849.24,6840.1,6843.73
1762422600,6854.78,6861.49,6854.71,6855.71
1762422900,6854.78,6855.79,6851.98,6854.73
1762423200,6854.78,6861.77,6850.63,6855.84
1762423500,6841.85,6849.94,6838.3,6841.32
1762423800,6848.65,6853.01,6839.18,6846.74
1762424100,6835.78,6849.47,6834.88,6843.48
1762424400,6830.13,6832.46,6807.26,6825.62
1762424700,6831.61,6834.64,6827.67,6829.58
1762425000,6819.94,6828.14,6813.11,6825.85
1762425300,6817.57,6831.25,6813.61,6824.77
1762425600,6825.29,6833.84,6825.15,6833.61
1762425900,6826.95,6841.41,6825.99,6831.31
1762426200,6845.78,6847.44,6840.78,6843.68
1762426500,6854.78,6858.34,6848.52,6853.43
1762426800,6839.17,6841.99,6820.86,6829.91
1762427100,6827.13,6834.18,6826.33,6827.1
1762427400,6829.64,6831.1,6828.72,6829.29
1762427700,6829.01,6832.45,6815.47,6823.45
1762428000,6828.74,6833.6,6818.84,6825.94
1762428300,6826.53,6831.79,6823.17,6828.02
1762428600,6830.73,6833.33,6821.33,6825.17
1762428900,6841.4,6855.64,6830.71,6846.32
1762429200,6834.31,6835.69,6820.85,6830.07
1762429500,6821.61,6829.68,6813.08,6825.88
1762429800,6807.51,6823.44,6800.31,6811.29
1762430100,6802.99,6810.54,6791.56,6807.11
1762430400,6820.73,6831.95,6816.66,6829.65
1762430700,6796.66,6809.79,6793.8,6801.82
1762431000,6804.19,6812.78,6792.94,6795.68
1762431300,6805.14,6813.11,6802.47,6810.21
1762431600,6817.92,6823.51,6807.91,6812.69
1762431900,6837.34,6853.47,6832.47,6844.64
1762432200,6830.66,6834.51,6821.17,6825.62
1762432500,6828.27,6833.97,6821.15,6829.28
1762432800,6844.42,6847.0,6837.94,6839.1
1762433100,6834.51,6840.66,6833.88,6835.12
1762433400,6815.28,6826.08,6812.17,6813.09
1762433700,6825.72,6835.15,6820.64,6830.17
1762434000,6814.84,6822.74,6811.18,6812.14
1762434300,6826.09,6837.55,6823.09,6827.3
1762434600,6822.32,6835.46,6812.17,6832.28
1762434900,6829.84,6833.18,6824.76,6830.97
1762435200,6821.1,6830.56,6811.68,6814.12
1762435500,6822.82,6827.39,6822.42,6824.32
1762435800,6816.05,6817.02,6797.92,6807.79
1762436100,6808.41,6816.61,6799.57,6812.6
1762436400,6789.36,6800.17,6784.17,6785.91
1762436700,6768.9,6771.41,6763.85,6766.1
1762437000,6768.08,6771.37,6760.75,6763.42
1762437300,6785.06,6795.68,6783.14,6794.94
1762437600,6775.97,6781.81,6772.58,6777.03
1762437900,6769.49,6775.62,6761.13,6770.31
1762438200,6766.45,6772.27,6760.67,6768.15
1762438500,6777.56,6791.33,6775.72,6784.15
1762438800,6789.06,6802.33,6784.78,6798.92
1762439100,6803.03,6811.23,6794.91,6801.58
1762439400,6787.24,6798.52,6781.48,6793.24
1762439700,6778.65,6781.33,6773.7,6774.02
1762440000,6754.7,6762.67,6750.29,6753.97
1762440300,6768.79,6776.7,6766.51,6772.69
1762440600,6761.09,6761.8,6749.32,6758.61
1762440900,6733.02,6743.27,6728.47,6731.13
1762441200,6737.19,6738.8,6726.63,6736.15
1762441500,6736.91,6742.17,6725.83,6731.78
1762441800,6722.48,6722.5,6714.3,6717.31
1762442100,6726.22,6731.55,6716.33,6730.85
1762442400,6743.04,6758.03,6742.18,6751.08
1762442700,6735.45,6736.03,6724.29,6732.26
1762443000,6722.48,6729.37,6705.57,6716.41
1762443300,6745.56,6756.83,6740.48,6751.57
1762443600,6745.43,6746.74,6736.5,6737.54
1762443900,6753.41,6761.89,6745.74,6749.31
1762444200,6766.53,6772.15,6761.28,6765.33
1762444500,6782.2,6794.48,6775.56,6792.23
1762444800,6780.38,6780.96,6771.63,6775.56
1762507800,6755.37,6756.21,6752.27,6753.21
1762508100,6770.26,6771.41,6755.31,6764.11
1762508400,6772.45,6781.73,6761.44,6769.5
1762508700,6768.17,6770.44,6766.23,6766.49
1762509000,6772.13,6778.75,6769.74,6774.91
1762509300,6760.94,6773.98,6752.24,6767.91
1762509600,6759.69,6765.77,6753.06,6755.28
1762509900,6759.94,6767.58,6749.81,6758.5
1762510200,6765.59,6777.97,6763.85,6771.6
1762510500,6755.68,6765.14,6740.6,6756.69
1762510800,6755.28,6768.95,6753.43,6760.61
1762511100,6749.37,6758.05,6747.99,6749.76
1762511400,6746.87,6766.24,6742.71,6745.67
1762511700,6738.47,6744.78,6736.13,6743.98
1762512000,6731.17,6740.36,6730.46,6733.9
1762512300,6733.32,6736.15,6724.78,6732.41
1762512600,6717.65,6723.14,6711.93,6714.41
1762512900,6706.79,6711.21,6694.64,6699.24
1762513200,6723.32,6728.98,6720.69,6722.67
1762513500,6727.01,6740.46,6720.37,6732.8
1762513800,6737.06,6742.57,6726.4,6731.36
1762514100,6739.5,6757.93,6739.29,6745.32
1762514400,6744.47,6750.87,6736.4,6737.95
1762514700,6765.22,6769.84,6758.98,6769.15
1762515000,6754.77,6760.84,6740.27,6754.84
1762515300,6755.43,6760.75,6749.57,6750.62
1762515600,6731.13,6746.2,6729.14,6742.58
1762515900,6711.43,6727.18,6705.49,6720.25
1762516200,6720.75,6721.19,6715.75,6720.21
1762516500,6726.96,6742.37,6721.18,6737.55
1762516800,6725.05,6736.36,6716.63,6722.69
1762517100,6713.06,6716.66,6709.56,6714.61
1762517400,6712.44,6714.71,6709.73,6711.43
1762517700,6713.48,6725.65,6707.35,6719.15
1762518000,6722.71,6723.13,6718.35,6721.02
1762518300,6743.07,6744.12,6742.4,6742.58
1762518600,6749.06,6762.17,6740.68,6757.71
1762518900,6732.61,6740.55,6729.61,6739.7
1762519200,6729.14,6733.22,6716.06,6717.37
1762519500,6726.44,6736.39,6718.69,6721.73
1762519800,6731.37,6741.77,6724.45,6728.56
1762520100,6764.11,6774.77,6759.53,6760.56
1762520400,6756.15,6756.91,6746.67,6749.71
1762520700,6767.98,6768.92,6764.19,6765.65
1762521000,6770.66,6779.36,6768.69,6771.5
1762521300,6757.1,6768.56,6747.44,6768.39
1762521600,6731.58,6732.3,6719.01,6730.99
1762521900,6726.92,6730.27,6720.47,6720.92
1762522200,6727.81,6736.02,6727.61,6728.42
1762522500,6741.26,6746.33,6734.73,6740.51
1762522800,6749.73,6756.19,6745.65,6754.13
1762523100,6751.8,6754.27,6742.39,6748.3
1762523400,6744.81,6749.21,6742.69,6746.89
1762523700,6740.23,6744.37,6736.71,6740.0
1762524000,6753.53,6761.71,6750.04,6760.35
1762524300,6754.54,6783.31,6752.76,6774.57
1762524600,6752.12,6752.48,6743.35,6746.41
1762524900,6760.88,6767.07,6753.27,6763.14
1762525200,6765.42,6767.37,6759.74,6762.31
1762525500,6755.05,6766.36,6746.86,6761.7
1762525800,6778.41,6794.51,6767.23,6776.79
1762526100,6777.92,6779.74,6775.98,6779.02
1762526400,6765.38,6766.73,6757.6,6762.05
1762526700,6761.93,6767.76,6759.88,6767.52
1762527000,6776.19,6784.18,6763.0,6766.52
1762527300,6768.89,6779.77,6765.99,6775.91
1762527600,6766.99,6776.4,6764.71,6771.3
1762527900,6767.84,6769.91,6750.17,6755.76
1762528200,6762.09,6780.51,6755.52,6769.24
1762528500,6773.94,6777.74,6770.19,6775.74
1762528800,6773.85,6775.72,6766.76,6767.19
1762529100,6769.6,6780.17,6767.3,6778.39
1762529400,6754.31,6754.55,6746.73,6748.84
1762529700,6748.29,6763.56,6735.48,6742.87
1762530000,6743.7,6754.2,6730.38,6740.33
1762530300,6744.22,6749.65,6741.01,6746.12
1762530600,6728.61,6729.22,6725.07,6727.31
1762530900,6726.29,6728.48,6717.15,6718.04
1762531200,6728.59,6740.03,6725.8,6727.65
1762767000,6776.28,6788.68,6768.85,6780.99
1762767300,6782.37,6784.35,6780.03,6780.8
1762767600,6791.64,6803.31,6788.73,6799.57
1762767900,6798.98,6804.3,6797.0,6802.78
1762768200,6787.05,6792.07,6782.95,6786.21
1762768500,6774.62,6776.85,6770.69,6774.26
1762768800,6772.02,6773.98,6768.69,6772.03
1762769100,6766.17,6774.21,6759.86,6769.17
1762769400,6768.53,6771.33,6766.81,6768.15
1762769700,6777.2,6777.93,6758.5,6766.68
1762770000,6776.13,6783.36,6768.37,6781.17
1762770300,6781.61,6789.29,6774.07,6785.52
1762770600,6786.51,6793.1,6783.66,6786.77
1762770900,6799.96,6814.74,6799.26,6811.4
1762771200,6800.09,6811.27,6794.41,6803.54
1762771500,6796.95,6800.48,6791.69,6793.16
1762771800,6817.17,6821.02,6815.05,6820.78
1762772100,6815.71,6816.85,6796.5,6808.27
1762772400,6812.35,6820.43,6809.01,6814.99
1762772700,6823.12,6830.03,6820.74,6822.44
1762773000,6816.71,6821.6,6814.34,6820.44
1762773300,6827.31,6829.64,6813.31,6819.83
1762773600,6817.84,6826.76,6811.73,6824.39
1762773900,6793.0,6797.72,6784.71,6794.45
1762774200,6796.96,6805.65,6791.21,6802.03
1762774500,6801.45,6807.73,6799.65,6804.66
1762774800,6820.05,6822.99,6816.36,6822.73
1762775100,6824.51,6827.72,6822.86,6826.83
1762775400,6836.11,6846.96,6832.84,6842.5
1762775700,6830.22,6835.77,6821.24,6827.47
1762776000,6817.13,6827.05,6811.8,6822.34
1762776300,6816.36,6827.96,6807.66,6814.85
1762776600,6830.13,6845.04,6826.03,6835.92
1762776900,6829.03,6834.46,6819.53,6823.21
1762777200,6822.78,6825.44,6813.24,6817.73
1762777500,6805.45,6808.28,6793.47,6801.52
1762777800,6805.64,6806.11,6796.56,6800.67
1762778100,6797.62,6802.95,6789.53,6792.63
1762778400,6805.49,6812.19,6799.22,6807.81
1762778700,6808.36,6812.14,6806.56,6806.88
1762779000,6789.31,6801.83,6788.08,6794.42
1762779300,6794.35,6806.47,6790.04,6798.22
1762779600,6816.04,6827.41,6811.66,6822.85
1762779900,6810.86,6814.1,6800.91,6806.49
1762780200,6813.9,6819.22,6812.77,6816.01
1762780500,6811.69,6813.25,6806.4,6806.65
1762780800,6809.63,6813.81,6804.75,6805.34
1762781100,6806.79,6821.05,6802.68,6816.18
1762781400,6814.67,6818.72,6811.3,6812.58
1762781700,6809.71,6823.98,6799.85,6815.16
1762782000,6790.8,6793.46,6776.43,6783.23
1762782300,6792.77,6800.64,6785.26,6792.31
1762782600,6801.2,6809.74,6792.62,6797.17
1762782900,6800.02,6811.23,6798.86,6801.27
1762783200,6804.92,6811.62,6798.47,6803.13
1762783500,6819.55,6825.6,6813.43,6815.22
1762783800,6820.25,6833.44,6813.92,6825.74
1762784100,6825.29,6831.72,6817.44,6828.59
1762784400,6824.43,6828.3,6817.87,6821.38
1762784700,6826.64,6831.18,6822.63,6829.57
1762785000,6838.14,6847.88,6837.93,6840.0
1762785300,6827.9,6833.75,6824.94,6828.42
1762785600,6834.09,6839.94,6829.02,6837.37
1762785900,6808.53,6812.41,6806.08,6809.31
1762786200,6820.44,6832.52,6813.8,6830.87
1762786500,6827.96,6835.28,6815.24,6830.23
1762786800,6833.18,6835.34,6818.43,6835.21
1762787100,6837.64,6847.98,6835.76,6840.98
1762787400,6841.28,6848.21,6835.3,6841.47
1762787700,6842.71,6844.31,6834.74,6837.23
1762788000,6845.3,6850.43,6840.44,6847.86
1762788300,6834.5,6835.39,6832.58,6834.17
1762788600,6835.88,6836.09,6826.5,6831.37
1762788900,6840.36,6842.47,6831.43,6837.94
1762789200,6840.81,6846.89,6838.84,6845.67
1762789500,6844.16,6848.86,6842.48,6847.28
1762789800,6825.97,6836.12,6805.22,6817.35
1762790100,6820.37,6823.23,6819.31,6822.81
1762790400,6836.54,6846.43,6830.39,6838.36
1762853400,6859.43,6860.12,6852.53,6855.86
1762853700,6856.57,6862.26,6856.36,6859.07
1762854000,6858.56,6861.25,6855.27,6856.67
1762854300,6858.29,6858.98,6856.26,6856.77
1762854600,6855.84,6857.39,6855.24,6856.16
1762854900,6858.79,6861.8,6858.52,6859.08
1762855200,6862.29,6865.13,6861.47,6863.7
1762855500,6861.96,6865.75,6857.62,6859.79
1762855800,6867.6,6869.81,6865.05,6866.57
1762856100,6873.93,6878.38,6871.27,6877.56
1762856400,6872.45,6873.68,6870.89,6871.7
1762856700,6869.39,6871.67,6865.91,6871.66
1762857000,6864.14,6865.76,6862.21,6864.08
1762857300,6857.09,6857.33,6852.5,6853.5
1762857600,6865.71,6869.35,6861.12,6863.35
1762857900,6870.0,6870.17,6865.58,6869.34
1762858200,6861.86,6866.44,6859.76,6863.7
1762858500,6858.31,6861.96,6855.56,6860.47
1762858800,6859.44,6860.96,6854.93,6857.95
1762859100,6857.43,6860.62,6853.74,6858.98
1762859400,6853.72,6854.48,6851.34,6852.39
1762859700,6861.58,6862.83,6860.15,6861.89
1762860000,6855.85,6859.07,6853.62,6856.19
1762860300,6854.51,6857.0,6846.32,6848.79
1762860600,6856.7,6859.15,6852.04,6854.97
1762860900,6858.75,6861.31,6854.85,6859.96
1762861200,6855.28,6856.24,6849.62,6855.23
1762861500,6860.43,6865.6,6856.68,6859.09
1762861800,6872.89,6874.68,6870.51,6872.96
1762862100,6876.18,6879.11,6873.93,6876.85
1762862400,6881.88,6883.44,6878.7,6882.77
1762862700,6883.32,6883.93,6881.24,6883.74
1762863000,6879.92,6880.54,6873.9,6877.09
1762863300,6881.61,6884.58,6879.31,6881.47
1762863600,6878.02,6880.74,6873.48,6876.42
1762863900,6885.28,6889.19,6883.43,6887.73
1762864200,6885.28,6894.95,6884.91,6893.95
1762864500,6878.3,6883.66,6877.54,6881.63
1762864800,6878.17,6880.05,6874.45,6875.23
1762865100,6873.32,6876.98,6872.54,6873.22
1762865400,6866.62,6868.57,6862.35,6862.93
1762865700,6863.72,6871.03,6860.18,6866.29
1762866000,6862.17,6863.25,6856.14,6858.98
1762866300,6859.57,6869.86,6856.57,6865.08
1762866600,6863.34,6863.99,6860.62,6861.59
1762866900,6867.43,6872.57,6865.3,6869.74
1762867200,6865.52,6866.35,6859.69,6865.95
1762867500,6863.77,6867.24,6859.52,6865.79
1762867800,6874.11,6877.38,6866.48,6874.86
1762868100,6874.33,6875.29,6863.01,6870.4
1762868400,6872.42,6875.78,6867.99,6868.26
1762868700,6871.36,6872.36,6866.09,6868.59
1762869000,6875.8,6885.39,6875.75,6883.09
1762869300,6885.28,6886.33,6884.81,6885.08
1762869600,6878.7,6882.44,6874.35,6881.49
1762869900,6875.95,6877.08,6871.84,6874.36
1762870200,6877.22,6879.68,6874.81,6878.58
1762870500,6868.36,6869.93,6865.18,6867.56
1762870800,6858.92,6861.86,6851.18,6860.04
1762871100,6860.89,6864.91,6850.87,6858.93
1762871400,6870.42,6874.88,6865.76,6868.54
1762871700,6871.84,6873.12,6864.48,6869.27
1762872000,6866.63,6868.91,6863.51,6866.68
1762872300,6863.01,6864.27,6863.01,6863.48
1762872600,6867.89,6872.08,6861.56,6868.44
1762872900,6858.1,6858.22,6854.6,6856.6
1762873200,6862.77,6867.51,6860.54,6866.27
1762873500,6850.72,6853.47,6847.7,6852.14
1762873800,6857.7,6860.25,6855.12,6857.34
1762874100,6853.58,6853.68,6848.97,6852.02
1762874400,6861.28,6862.07,6853.53,6857.77
1762874700,6854.78,6855.17,6847.56,6851.71
1762875000,6858.0,6858.66,6850.73,6853.75
1762875300,6862.82,6864.29,6858.44,6861.4
1762875600,6861.83,6866.96,6860.19,6865.91
1762875900,6870.79,6872.74,6869.98,6872.28
1762876200,6875.52,6876.35,6873.93,6874.53
1762876500,6879.22,6881.25,6877.95,6878.31
1762876800,6873.47,6873.93,6872.87,6873.87
1762939800,6870.68,6876.36,6869.54,6875.07
1762940100,6875.62,6878.43,6871.23,6878.33
1762940400,6871.36,6878.64,6871.33,6873.89
1762940700,6873.66,6873.97,6866.98,6869.86
1762941000,6865.46,6876.13,6865.44,6870.18
1762941300,6874.58,6879.55,6871.49,6873.22
1762941600,6875.34,6878.79,6872.56,6872.79
1762941900,6879.41,6882.73,6874.09,6876.93
1762942200,6882.65,6884.51,6882.4,6882.75
1762942500,6880.18,6884.55,6877.39,6882.09
1762942800,6878.82,6883.02,6878.66,6879.14
1762943100,6880.09,6882.37,6875.88,6876.09
1762943400,6871.81,6873.02,6868.44,6870.87
1762943700,6877.38,6880.16,6876.22,6878.53
1762944000,6879.18,6879.4,6878.16,6878.8
1762944300,6879.63,6882.54,6876.41,6877.98
1762944600,6884.4,6885.3,6878.55,6884.39
1762944900,6893.28,6893.45,6883.53,6887.79
1762945200,6885.95,6888.48,6885.63,6887.14
1762945500,6882.3,6884.1,6881.49,6883.7
1762945800,6879.72,6880.87,6873.34,6876.01
1762946100,6875.61,6875.74,6869.84,6874.0
1762946400,6871.59,6873.36,6870.57,6872.87
1762946700,6873.57,6883.43,6871.54,6880.72
1762947000,6869.4,6869.95,6867.04,6867.99
1762947300,6868.3,6868.46,6864.5,6867.11
1762947600,6862.55,6864.6,6857.68,6859.85
1762947900,6854.76,6860.71,6852.16,6857.12
1762948200,6866.02,6873.31,6864.07,6872.89
1762948500,6865.8,6873.98,6861.79,6870.7
1762948800,6860.83,6863.29,6859.18,6861.59
1762949100,6865.78,6867.7,6859.22,6861.86
1762949400,6864.94,6870.32,6864.57,6865.71
1762949700,6867.14,6869.23,6866.85,6866.97
1762950000,6873.31,6879.12,6871.51,6877.77
1762950300,6874.53,6875.48,6870.76,6873.85
1762950600,6881.76,6887.41,6881.7,6883.87
1762950900,6888.09,6893.67,6886.32,6890.58
1762951200,6885.68,6890.95,6880.75,6887.97
1762951500,6884.18,6892.14,6881.13,6888.22
1762951800,6881.01,6884.26,6880.34,6882.74
1762952100,6888.54,6896.78,6887.86,6894.87
1762952400,6887.72,6890.63,6885.65,6889.27
1762952700,6891.24,6895.86,6890.85,6891.73
1762953000,6892.67,6896.39,6891.26,6893.45
1762953300,6890.68,6894.18,6890.19,6891.88
1762953600,6883.93,6887.08,6882.18,6884.72
1762953900,6878.93,6883.44,6875.74,6877.37
1762954200,6877.63,6880.95,6876.51,6879.5
1762954500,6874.07,6874.86,6871.52,6874.03
1762954800,6871.32,6872.34,6870.55,6871.3
1762955100,6868.44,6871.55,6863.47,6867.76
1762955400,6870.76,6874.22,6867.2,6869.06
1762955700,6873.28,6875.67,6870.64,6871.71
1762956000,6874.38,6875.19,6868.57,6871.92
1762956300,6879.45,6879.88,6876.22,6878.13
1762956600,6876.85,6879.46,6876.81,6877.34
1762956900,6868.9,6869.4,6863.84,6865.5
1762957200,6874.51,6878.46,6870.34,6875.25
1762957500,6875.74,6877.16,6869.89,6874.68
1762957800,6874.08,6875.9,6870.61,6874.92
1762958100,6869.5,6870.12,6867.65,6869.14
1762958400,6871.73,6872.9,6865.05,6867.89
1762958700,6865.65,6870.34,6860.41,6864.06
1762959000,6865.36,6868.32,6864.04,6864.36
1762959300,6868.73,6869.09,6863.31,6866.52
1762959600,6871.58,6879.25,6866.25,6875.7
1762959900,6876.51,6883.71,6874.71,6878.93
1762960200,6876.59,6881.29,6876.0,6877.69
1762960500,6878.21,6881.79,6875.83,6879.29
1762960800,6878.32,6883.02,6876.46,6882.02
1762961100,6876.81,6881.38,6872.3,6880.83
1762961400,6876.71,6879.46,6875.18,6879.41
1762961700,6878.34,6881.24,6875.35,6878.75
1762962000,6883.15,6887.12,6882.98,6885.13
1762962300,6874.12,6877.87,6871.55,6873.78
1762962600,6874.16,6877.13,6870.53,6870.95
1762962900,6883.54,6883.89,6878.53,6879.94
1762963200,6888.29,6893.87,6888.11,6890.34
1763026200,6876.2,6880.21,6856.11,6859.03
1763026500,6867.34,6874.32,6862.75,6867.99
1763026800,6885.42,6902.59,6874.02,6891.55
1763027100,6873.29,6883.85,6859.47,6862.11
1763027400,6881.13,6887.46,6873.19,6874.97
1763027700,6894.91,6904.7,6890.94,6894.39
1763028000,6867.84,6875.81,6861.66,6866.88
1763028300,6857.82,6871.3,6850.12,6862.23
1763028600,6850.92,6857.01,6833.48,6852.94
1763028900,6860.65,6861.75,6858.19,6859.15
1763029200,6879.36,6884.7,6875.65,6876.88
1763029500,6867.13,6873.85,6863.29,6864.83
1763029800,6836.15,6855.52,6820.47,6846.29
1763030100,6835.56,6846.05,6822.05,6834.47
1763030400,6820.9,6824.9,6815.43,6822.93
1763030700,6818.36,6824.26,6813.94,6818.66
1763031000,6847.72,6855.98,6833.75,6840.43
1763031300,6849.46,6855.35,6845.4,6845.69
1763031600,6850.88,6871.3,6845.46,6866.97
1763031900,6865.4,6883.1,6858.4,6873.94
1763032200,6846.8,6853.15,6835.93,6846.25
1763032500,6889.52,6898.37,6874.11,6887.52
1763032800,6882.25,6910.84,6874.92,6898.58
1763033100,6893.53,6908.83,6884.59,6902.82
1763033400,6877.76,6880.19,6876.97,6879.85
1763033700,6875.01,6881.06,6865.08,6870.17
1763034000,6847.39,6854.6,6838.1,6842.91
1763034300,6866.05,6881.3,6854.14,6856.94
1763034600,6847.17,6851.73,6839.23,6841.93
1763034900,6822.51,6832.27,6819.59,6828.5
1763035200,6796.27,6801.53,6783.87,6791.25
1763035500,6782.97,6791.51,6781.84,6787.77
1763035800,6783.77,6795.66,6778.61,6790.93
1763036100,6760.98,6763.21,6752.11,6754.65
1763036400,6765.22,6780.56,6764.83,6770.14
1763036700,6768.9,6774.9,6765.4,6765.54
1763037000,6776.49,6787.39,6756.03,6787.12
1763037300,6802.14,6812.22,6781.93,6788.95
1763037600,6806.88,6814.72,6799.32,6807.63
1763037900,6814.99,6816.43,6810.69,6811.96
1763038200,6826.11,6842.7,6822.28,6831.64
1763038500,6823.87,6824.28,6821.07,6821.96
1763038800,6827.51,6838.92,6822.25,6832.05
1763039100,6841.6,6854.92,6838.62,6853.87
1763039400,6819.93,6824.13,6811.79,6821.79
1763039700,6779.21,6796.13,6775.81,6787.92
1763040000,6793.21,6812.75,6785.17,6802.12
1763040300,6760.99,6768.12,6745.62,6756.04
1763040600,6782.3,6789.22,6768.1,6780.38
1763040900,6777.45,6782.67,6773.49,6779.97
1763041200,6774.91,6778.06,6765.19,6772.91
1763041500,6781.52,6791.45,6762.81,6784.99
1763041800,6777.41,6792.42,6776.07,6776.1
1763042100,6775.49,6794.31,6773.74,6782.82
1763042400,6781.88,6783.88,6772.95,6774.69
1763042700,6775.19,6782.31,6771.58,6782.13
1763043000,6792.5,6808.8,6778.53,6803.54
1763043300,6789.48,6807.41,6788.69,6802.19
1763043600,6772.39,6772.51,6769.74,6769.88
1763043900,6785.84,6794.83,6771.96,6779.44
1763044200,6766.66,6777.53,6758.51,6775.03
1763044500,6767.46,6776.0,6759.45,6773.28
1763044800,6795.41,6824.24,6793.5,6810.9
1763045100,6808.78,6816.97,6803.09,6810.47
1763045400,6808.47,6824.79,6803.19,6820.91
1763045700,6827.33,6827.63,6820.21,6821.48
1763046000,6821.82,6826.58,6814.8,6817.61
1763046300,6842.25,6853.8,6829.94,6852.52
1763046600,6828.68,6831.97,6827.68,6828.18
1763046900,6832.26,6841.56,6811.59,6825.15
1763047200,6812.45,6824.11,6811.3,6822.59
1763047500,6802.21,6834.25,6791.83,6820.24
1763047800,6801.62,6822.28,6798.89,6817.18
1763048100,6782.94,6793.63,6773.35,6781.03
1763048400,6793.56,6799.59,6792.11,6792.53
1763048700,6776.39,6779.03,6755.1,6767.66
1763049000,6756.17,6775.02,6746.42,6772.97
1763049300,6749.02,6766.38,6745.11,6761.43
1763049600,6744.79,6765.55,6742.72,6754.77
1763112600,6763.89,6773.47,6763.82,6765.66
1763112900,6792.67,6808.92,6786.62,6803.7
1763113200,6773.6,6781.12,6764.46,6775.46
1763113500,6806.56,6819.05,6802.84,6817.14
1763113800,6808.0,6814.06,6794.64,6812.47
1763114100,6779.86,6780.11,6772.53,6779.15
1763114400,6792.0,6812.89,6785.15,6797.0
1763114700,6789.37,6808.76,6778.21,6801.85
1763115000,6777.53,6791.14,6776.15,6779.83
1763115300,6768.42,6769.42,6759.24,6761.51
1763115600,6768.74,6777.9,6764.59,6771.99
1763115900,6764.95,6773.2,6755.61,6762.73
1763116200,6774.18,6782.28,6768.72,6771.17
1763116500,6778.82,6789.34,6776.27,6776.42
1763116800,6776.3,6779.39,6758.15,6769.09
1763117100,6780.76,6788.22,6776.57,6785.59
1763117400,6763.64,6770.87,6758.94,6765.96
1763117700,6771.19,6782.76,6770.03,6777.41
1763118000,6765.98,6773.28,6757.22,6760.47
1763118300,6766.86,6771.43,6763.5,6771.07
1763118600,6772.56,6774.86,6766.67,6770.68
1763118900,6784.63,6787.96,6782.56,6785.79
1763119200,6796.31,6802.68,6792.92,6800.46
1763119500,6808.0,6812.62,6786.69,6798.16
1763119800,6791.47,6814.51,6779.78,6804.72
1763120100,6765.69,6771.49,6760.95,6761.86
1763120400,6749.39,6752.43,6737.2,6743.2
1763120700,6741.79,6745.78,6731.85,6737.18
1763121000,6749.58,6757.37,6746.34,6751.91
1763121300,6758.39,6769.33,6749.83,6750.78
1763121600,6753.94,6764.61,6744.95,6757.3
1763121900,6755.02,6775.86,6747.88,6765.71
1763122200,6764.76,6773.99,6762.31,6771.23
1763122500,6753.85,6756.31,6744.97,6751.04
1763122800,6741.03,6742.13,6735.17,6740.18
1763123100,6765.94,6777.37,6760.7,6775.51
1763123400,6771.66,6779.76,6762.48,6774.58
1763123700,6742.6,6758.94,6741.4,6752.59
1763124000,6759.12,6761.81,6745.87,6753.2
1763124300,6755.56,6776.29,6747.79,6763.16
1763124600,6774.35,6781.14,6763.82,6773.81
1763124900,6762.91,6769.37,6761.45,6767.52
1763125200,6769.58,6774.59,6766.21,6767.54
1763125500,6769.12,6778.36,6764.52,6776.33
1763125800,6770.77,6781.29,6759.95,6773.69
1763126100,6764.67,6770.33,6757.36,6758.98
1763126400,6752.57,6762.45,6746.11,6754.13
1763126700,6735.5,6744.95,6722.31,6731.94
1763127000,6743.42,6743.5,6732.57,6737.65
1763127300,6741.15,6753.68,6731.17,6746.87
1763127600,6762.38,6780.01,6750.81,6769.47
1763127900,6770.67,6772.61,6759.34,6763.73
1763128200,6763.94,6770.09,6748.67,6752.73
1763128500,6776.65,6787.81,6767.44,6770.19
1763128800,6762.45,6771.19,6760.28,6769.34
1763129100,6735.25,6737.75,6716.09,6729.85
1763129400,6744.35,6754.54,6734.59,6747.32
1763129700,6760.67,6771.74,6754.72,6758.39
1763130000,6786.61,6794.59,6785.37,6792.25
1763130300,6776.2,6779.96,6772.78,6777.21
1763130600,6799.75,6802.13,6792.6,6796.63
1763130900,6808.0,6816.38,6800.82,6811.94
1763131200,6801.01,6801.63,6791.0,6796.25
1763131500,6794.62,6801.74,6777.25,6778.51
1763131800,6797.56,6805.0,6792.04,6792.38
1763132100,6785.45,6785.49,6775.69,6781.12
1763132400,6776.96,6787.76,6767.62,6776.01
1763132700,6760.6,6770.23,6743.13,6749.12
1763133000,6773.52,6773.54,6769.53,6773.22
1763133300,6780.13,6780.67,6777.49,6778.31
1763133600,6795.36,6805.93,6792.84,6801.94
1763133900,6796.31,6800.48,6789.37,6793.55
1763134200,6797.83,6812.64,6797.82,6807.07
1763134500,6785.93,6805.24,6776.2,6794.96
1763134800,6779.76,6786.99,6778.91,6785.5
1763135100,6781.23,6788.12,6774.58,6779.99
1763135400,6768.58,6776.03,6762.2,6768.6
1763135700,6771.55,6780.25,6766.07,6779.5
1763136000,6781.42,6782.3,6768.64,6769.07
1763371800,6750.51,6751.39,6746.98,6749.68
1763372100,6743.73,6756.85,6733.73,6748.56
1763372400,6747.15,6762.79,6725.98,6732.7
1763372700,6742.24,6746.64,6736.62,6740.15
1763373000,6743.26,6757.32,6728.53,6732.62
1763373300,6741.6,6750.55,6738.01,6745.04
1763373600,6703.78,6718.52,6697.38,6703.26
1763373900,6721.47,6723.49,6707.29,6711.83
1763374200,6720.55,6723.48,6708.78,6718.35
1763374500,6719.83,6742.88,6706.97,6737.14
1763374800,6725.28,6732.59,6724.9,6728.82
1763375100,6750.47,6758.75,6749.61,6749.96
1763375400,6758.72,6773.32,6755.96,6761.61
1763375700,6762.75,6769.35,6744.67,6751.16
1763376000,6761.69,6762.69,6749.87,6758.02
1763376300,6759.43,6774.87,6753.57,6765.75
1763376600,6765.27,6766.78,6754.91,6766.1
1763376900,6753.74,6765.83,6752.68,6764.8
1763377200,6747.63,6760.48,6740.88,6756.68
1763377500,6750.17,6755.93,6741.55,6741.65
1763377800,6742.57,6756.28,6728.04,6733.57
1763378100,6735.34,6745.78,6729.32,6734.47
1763378400,6732.62,6738.94,6727.52,6735.11
1763378700,6722.72,6728.91,6705.36,6717.09
1763379000,6728.18,6734.08,6723.02,6729.56
1763379300,6733.89,6735.25,6721.45,6726.97
1763379600,6735.22,6745.39,6724.34,6731.95
1763379900,6743.74,6750.79,6730.08,6747.78
1763380200,6748.32,6758.01,6742.91,6751.97
1763380500,6744.77,6753.01,6744.68,6746.71
1763380800,6769.28,6776.81,6761.5,6763.37
1763381100,6762.2,6772.01,6751.84,6767.61
1763381400,6757.55,6761.21,6746.59,6760.4
1763381700,6761.76,6768.02,6752.4,6764.2
1763382000,6756.76,6776.67,6749.48,6773.4
1763382300,6774.86,6786.94,6772.19,6773.97
1763382600,6782.38,6785.36,6772.38,6776.17
1763382900,6763.4,6769.88,6748.43,6761.25
1763383200,6768.18,6785.65,6762.02,6764.52
1763383500,6768.8,6779.1,6761.03,6770.69
1763383800,6750.92,6754.65,6730.66,6730.75
1763384100,6728.91,6732.83,6724.7,6726.64
1763384400,6734.3,6741.75,6731.09,6737.56
1763384700,6724.56,6733.52,6706.78,6730.91
1763385000,6743.36,6746.3,6731.38,6738.18
1763385300,6761.55,6763.24,6748.53,6752.6
1763385600,6768.3,6775.09,6759.21,6767.9
1763385900,6771.14,6781.19,6756.36,6764.98
1763386200,6746.12,6754.64,6742.82,6751.01
1763386500,6726.44,6738.04,6721.35,6730.2
1763386800,6746.78,6752.03,6730.04,6738.9
1763387100,6725.44,6726.99,6711.08,6711.21
1763387400,6718.79,6724.07,6707.4,6722.87
1763387700,6671.49,6674.26,6653.01,6656.14
1763388000,6674.64,6678.54,6655.07,6664.07
1763388300,6647.88,6655.61,6644.74,6652.18
1763388600,6643.92,6649.64,6641.18,6649.3
1763388900,6643.92,6644.62,6627.78,6640.09
1763389200,6652.61,6666.5,6641.67,6658.28
1763389500,6666.47,6666.61,6660.37,6660.43
1763389800,6660.87,6674.47,6658.12,6664.75
1763390100,6659.75,6659.89,6647.92,6649.67
1763390400,6677.91,6681.19,6670.24,6676.7
1763390700,6677.18,6687.02,6669.09,6674.12
1763391000,6708.97,6710.96,6703.6,6708.49
1763391300,6693.49,6702.62,6683.59,6688.72
1763391600,6705.76,6705.95,6696.62,6697.13
1763391900,6694.59,6697.59,6671.46,6678.75
1763392200,6675.67,6678.31,6670.73,6676.42
1763392500,6672.1,6682.42,6654.21,6666.19
1763392800,6674.15,6690.03,6669.83,6684.09
1763393100,6665.66,6673.01,6661.17,6664.99
1763393400,6660.87,6677.58,6656.63,6660.88
1763393700,6690.1,6693.0,6656.39,6674.91
1763394000,6689.99,6694.66,6689.25,6691.91
1763394300,6703.56,6712.84,6703.32,6706.19
1763394600,6708.76,6717.86,6705.14,6709.65
1763394900,6692.78,6695.61,6677.42,6694.49
1763395200,6683.09,6688.89,6677.6,6685.64
1763458200,6707.01,6716.51,6700.73,6712.85
1763458500,6701.87,6712.88,6697.09,6703.31
1763458800,6695.16,6705.58,6687.98,6691.63
1763459100,6698.56,6700.49,6687.62,6691.28
1763459400,6698.22,6705.14,6693.62,6700.25
1763459700,6712.64,6724.55,6706.98,6708.92
1763460000,6701.0,6712.87,6698.04,6701.43
1763460300,6685.03,6690.83,6682.56,6689.09
1763460600,6706.18,6711.84,6695.76,6704.32
1763460900,6709.03,6717.9,6705.14,6712.47
1763461200,6694.41,6716.91,6689.06,6710.87
1763461500,6700.6,6707.07,6693.95,6698.49
1763461800,6700.41,6711.4,6694.06,6703.29
1763462100,6697.8,6702.9,6696.61,6698.49
1763462400,6689.2,6700.34,6681.09,6684.3
1763462700,6677.99,6686.84,6665.32,6683.04
1763463000,6687.23,6703.28,6684.06,6692.87
1763463300,6710.3,6715.16,6698.26,6705.47
1763463600,6707.78,6708.46,6697.28,6699.33
1763463900,6695.98,6696.28,6683.29,6684.99
1763464200,6690.05,6696.41,6689.12,6693.54
1763464500,6691.35,6700.24,6689.7,6696.06
1763464800,6686.89,6704.37,6680.51,6703.1
1763465100,6663.03,6680.24,6655.22,6671.98
1763465400,6672.24,6674.62,6671.29,6673.48
1763465700,6673.43,6676.21,6663.42,6663.76
1763466000,6681.57,6683.47,6678.25,6678.92
1763466300,6669.96,6674.72,6660.78,6669.82
1763466600,6678.35,6679.68,6671.79,6677.98
1763466900,6669.77,6675.52,6668.72,6673.19
1763467200,6680.06,6681.92,6660.04,6662.0
1763467500,6687.59,6688.3,6678.98,6683.0
1763467800,6671.3,6693.47,6667.66,6687.82
1763468100,6666.09,6668.07,6646.94,6652.9
1763468400,6664.92,6675.22,6655.2,6671.62
1763468700,6681.37,6683.12,6671.76,6673.33
1763469000,6675.89,6692.28,6670.36,6682.87
1763469300,6665.23,6667.23,6658.18,6659.08
1763469600,6655.16,6655.68,6652.16,6653.8
1763469900,6646.05,6647.52,6635.89,6637.6
1763470200,6660.68,6668.42,6656.42,6658.18
1763470500,6662.09,6673.99,6659.61,6669.63
1763470800,6651.32,6654.33,6640.37,6649.88
1763471100,6663.05,6664.43,6656.45,6657.57
1763471400,6665.11,6669.18,6653.65,6655.55
1763471700,6679.85,6688.03,6676.98,6687.87
1763472000,6677.19,6682.17,6674.68,6678.62
1763472300,6667.16,6668.05,6660.68,6663.69
1763472600,6659.25,6666.96,6655.67,6656.5
1763472900,6662.23,6670.26,6653.09,6663.39
1763473200,6648.09,6651.86,6643.63,6647.12
1763473500,6653.03,6657.78,6644.38,6648.54
1763473800,6665.25,6668.24,6646.24,6649.6
1763474100,6662.2,6687.97,6650.02,6674.72
1763474400,6654.79,6659.4,6637.89,6646.65
1763474700,6678.26,6680.47,6669.64,6671.35
1763475000,6698.87,6702.75,6680.1,6689.6
1763475300,6666.1,6669.14,6661.57,6662.12
1763475600,6660.51,6664.39,6647.95,6655.16
1763475900,6664.61,6669.63,6659.34,6668.08
1763476200,6664.62,6679.83,6651.49,6671.17
1763476500,6669.35,6676.62,6669.2,6673.9
1763476800,6661.14,6666.57,6648.3,6654.51
1763477100,6669.72,6670.35,6660.7,6665.35
1763477400,6662.58,6668.11,6662.37,6663.88
1763477700,6642.14,6648.02,6628.63,6632.1
1763478000,6634.07,6637.58,6627.49,6631.13
1763478300,6645.72,6651.15,6643.92,6646.03
1763478600,6634.21,6637.14,6632.95,6637.09
1763478900,6637.84,6638.26,6632.36,6636.45
1763479200,6658.63,6666.63,6657.3,6658.37
1763479500,6637.57,6643.94,6636.44,6641.76
1763479800,6639.25,6651.69,6632.79,6635.64
1763480100,6639.64,6652.41,6633.8,6649.06
1763480400,6666.93,6686.29,6661.34,6677.29
1763480700,6673.72,6680.83,6669.05,6677.93
1763481000,6658.55,6662.63,6654.08,6656.99
1763481300,6667.85,6668.17,6658.77,6665.61
1763481600,6690.77,6693.0,6682.88,6685.16
1763544600,6619.57,6629.71,6615.76,6621.8
1763544900,6615.67,6616.61,6607.58,6613.81
1763545200,6615.18,6622.44,6612.62,6621.98
1763545500,6623.97,6632.31,6622.98,6627.59
1763545800,6619.17,6631.31,6609.81,6629.45
1763546100,6607.56,6609.86,6603.55,6604.48
1763546400,6610.19,6612.25,6605.1,6609.1
1763546700,6603.12,6603.36,6600.42,6601.31
1763547000,6620.89,6624.44,6615.09,6623.18
1763547300,6621.99,6625.33,6615.89,6618.04
1763547600,6615.72,6628.05,6605.64,6621.23
1763547900,6616.02,6625.25,6608.96,6612.27
1763548200,6619.21,6627.68,6609.72,6612.9
1763548500,6624.93,6625.39,6617.96,6623.99
1763548800,6620.11,6627.31,6619.52,6624.62
1763549100,6616.76,6620.41,6614.67,6616.97
1763549400,6625.19,6627.49,6608.45,6612.73
1763549700,6623.13,6623.95,6619.33,6621.14
1763550000,6621.4,6624.38,6615.76,6623.14
1763550300,6622.75,6633.53,6620.22,6628.96
1763550600,6629.97,6633.08,6621.2,6632.4
1763550900,6634.56,6638.1,6630.45,6637.52
1763551200,6640.85,6654.22,6639.39,6646.99
1763551500,6644.71,6651.77,6637.68,6643.29
1763551800,6646.78,6647.49,6645.76,6647.05
1763552100,6644.13,6647.36,6633.47,6637.96
1763552400,6640.96,6651.49,6635.94,6650.84
1763552700,6650.35,6650.43,6634.34,6639.34
1763553000,6673.74,6681.85,6669.67,6676.28
1763553300,6674.41,6681.21,6669.24,6677.71
1763553600,6675.3,6679.77,6668.2,6669.93
1763553900,6656.22,6663.49,6655.33,6657.85
1763554200,6652.03,6655.65,6647.52,6647.84
1763554500,6628.51,6632.82,6619.68,6620.4
1763554800,6621.53,6626.05,6620.2,6620.95
1763555100,6632.49,6636.68,6628.19,6631.96
1763555400,6642.26,6649.34,6640.31,6647.3
1763555700,6632.54,6635.94,6624.89,6630.2
1763556000,6642.85,6644.28,6633.88,6639.11
1763556300,6648.64,6650.18,6645.67,6646.01
1763556600,6632.93,6636.09,6624.51,6630.46
1763556900,6649.65,6652.24,6640.19,6642.42
1763557200,6657.54,6666.14,6657.18,6662.29
1763557500,6655.55,6657.53,6645.58,6648.32
1763557800,6651.73,6660.57,6643.32,6655.51
1763558100,6649.81,6650.46,6643.9,6645.85
1763558400,6676.76,6681.59,6671.2,6674.12
1763558700,6683.54,6688.74,6674.58,6678.21
1763559000,6687.29,6693.47,6680.96,6691.71
1763559300,6688.61,6689.64,6683.65,6688.19
1763559600,6681.5,6683.08,6676.35,6680.33
1763559900,6692.64,6697.51,6686.45,6691.44
1763560200,6687.35,6699.0,6683.66,6686.24
1763560500,6687.93,6692.02,6681.48,6684.09
1763560800,6688.54,6697.3,6683.9,6696.98
1763561100,6673.33,6688.88,6672.51,6680.27
1763561400,6696.25,6701.79,6690.96,6693.73
1763561700,6676.89,6686.01,6674.5,6674.52
1763562000,6692.22,6698.56,6676.55,6682.73
1763562300,6686.73,6689.7,6679.06,6679.99
1763562600,6655.1,6666.37,6648.74,6661.12
1763562900,6665.13,6665.21,6657.7,6660.21
1763563200,6652.18,6656.89,6651.3,6652.34
1763563500,6643.09,6649.32,6640.42,6642.28
1763563800,6631.65,6641.3,6621.2,6630.07
1763564100,6632.26,6639.99,6630.87,6637.82
1763564400,6664.43,6668.32,6662.89,6663.82
1763564700,6654.14,6656.09,6649.9,6655.03
1763565000,6640.6,6641.59,6638.56,6638.68
1763565300,6644.79,6646.11,6628.83,6633.36
1763565600,6652.39,6661.21,6649.24,6650.68
1763565900,6652.38,6652.74,6643.76,6648.57
1763566200,6651.71,6655.11,6649.58,6650.68
1763566500,6654.66,6662.97,6652.14,6660.71
1763566800,6667.03,6671.23,6661.39,6663.92
1763567100,6677.05,6685.05,6676.09,6681.03
1763567400,6687.77,6695.06,6680.04,6685.05
1763567700,6686.79,6691.98,6680.77,6681.18
1763568000,6685.81,6690.45,6680.22,6686.93
1763631000,6726.43,6762.29,6700.44,6741.35
1763631300,6720.83,6758.77,6712.0,6741.96
1763631600,6770.47,6780.65,6758.44,6767.19
1763631900,6758.18,6788.12,6756.87,6776.72
1763632200,6773.01,6779.94,6747.71,6750.68
1763632500,6771.32,6794.47,6767.35,6780.31
1763632800,6750.73,6761.87,6738.61,6754.25
1763633100,6719.65,6742.13,6705.89,6734.46
1763633400,6717.25,6743.8,6708.49,6728.07
1763633700,6746.99,6755.13,6727.9,6727.96
1763634000,6690.26,6716.66,6679.69,6708.64
1763634300,6685.39,6692.44,6668.68,6687.63
1763634600,6708.18,6717.81,6706.83,6708.15
1763634900,6699.82,6711.13,6690.34,6704.52
1763635200,6714.04,6730.86,6703.64,6704.33
1763635500,6736.91,6744.19,6722.12,6728.45
1763635800,6754.6,6773.5,6749.08,6770.85
1763636100,6751.67,6758.17,6738.0,6744.37
1763636400,6733.09,6748.38,6700.64,6719.09
1763636700,6732.58,6739.33,6711.19,6718.39
1763637000,6660.82,6680.84,6647.98,6669.53
1763637300,6652.83,6685.46,6639.7,6664.49
1763637600,6678.45,6707.62,6665.88,6689.93
1763637900,6690.98,6702.74,6670.87,6676.64
1763638200,6723.72,6737.33,6722.89,6727.42
1763638500,6729.8,6743.66,6716.38,6735.88
1763638800,6730.7,6750.19,6725.28,6742.9
1763639100,6734.03,6743.78,6697.43,6732.33
1763639400,6732.04,6748.46,6729.12,6742.48
1763639700,6713.38,6727.62,6710.3,6720.06
1763640000,6700.94,6721.99,6698.79,6709.62
1763640300,6671.75,6684.83,6639.68,6646.9
1763640600,6683.68,6707.21,6680.95,6683.44
1763640900,6690.89,6692.78,6625.0,6655.9
1763641200,6654.73,6671.78,6651.84,6669.5
1763641500,6653.91,6676.93,6639.51,6651.47
1763641800,6689.01,6699.13,6677.73,6679.27
1763642100,6653.74,6661.62,6642.61,6650.03
1763642400,6635.88,6643.62,6619.97,6632.2
1763642700,6610.15,6616.76,6584.36,6604.74
1763643000,6645.89,6668.59,6626.51,6661.09
1763643300,6646.05,6664.44,6620.39,6646.82
1763643600,6581.39,6592.6,6579.22,6581.03
1763643900,6611.59,6613.13,6587.1,6592.9
1763644200,6655.45,6665.7,6643.84,6661.25
1763644500,6662.21,6684.22,6647.01,6651.4
1763644800,6690.84,6696.13,6673.42,6690.31
1763645100,6717.87,6737.49,6705.52,6732.3
1763645400,6686.37,6708.85,6666.96,6672.16
1763645700,6756.08,6777.11,6742.31,6752.26
1763646000,6712.26,6720.97,6690.83,6718.29
1763646300,6691.82,6714.2,6674.98,6694.18
1763646600,6697.53,6719.36,6694.6,6715.03
1763646900,6699.13,6705.47,6674.34,6685.13
1763647200,6682.59,6689.22,6661.28,6685.06
1763647500,6634.77,6644.85,6621.97,6630.41
1763647800,6618.1,6628.56,6605.29,6613.93
1763648100,6629.68,6638.3,6622.06,6625.76
1763648400,6618.74,6619.56,6588.09,6608.36
1763648700,6630.0,6632.87,6623.95,6629.29
1763649000,6648.31,6656.49,6642.41,6650.58
1763649300,6645.77,6665.96,6635.45,6654.28
1763649600,6663.15,6688.72,6646.61,6670.57
1763649900,6663.4,6672.84,6658.54,6666.76
1763650200,6674.89,6685.66,6665.22,6665.65
1763650500,6656.44,6675.22,6628.41,6666.53
1763650800,6680.09,6685.65,6676.88,6682.8
1763651100,6674.06,6696.36,6665.55,6680.51
1763651400,6659.25,6676.0,6640.44,6666.1
1763651700,6638.02,6641.14,6617.79,6621.6
1763652000,6634.49,6658.62,6606.38,6624.24
1763652300,6646.89,6676.0,6645.94,6668.93
1763652600,6640.77,6660.51,6628.08,6654.11
1763652900,6637.55,6642.85,6608.79,6616.46
1763653200,6602.49,6619.98,6584.05,6618.27
1763653500,6634.76,6679.0,6625.09,6645.0
1763653800,6595.01,6600.19,6563.33,6584.84
1763654100,6586.52,6604.63,6568.6,6604.08
1763654400,6573.31,6584.69,6545.68,6555.06
1763717400,6543.73,6565.99,6543.65,6555.62
1763717700,6547.01,6561.78,6545.4,6556.65
1763718000,6523.48,6531.95,6522.68,6526.65
1763718300,6531.31,6549.18,6517.68,6538.08
1763718600,6528.15,6547.37,6522.42,6537.84
1763718900,6519.36,6530.22,6506.17,6524.94
1763719200,6509.64,6518.87,6494.82,6508.69
1763719500,6517.29,6517.7,6501.82,6511.54
1763719800,6542.65,6546.77,6539.27,6541.61
1763720100,6536.83,6540.11,6516.1,6537.1
1763720400,6538.89,6539.55,6528.08,6538.56
1763720700,6532.35,6544.42,6523.19,6540.89
1763721000,6515.49,6521.31,6493.38,6509.15
1763721300,6531.07,6549.96,6525.2,6541.59
1763721600,6545.17,6550.44,6536.46,6539.74
1763721900,6550.54,6558.45,6541.15,6550.57
1763722200,6549.6,6554.09,6521.35,6528.81
1763722500,6572.1,6574.31,6560.95,6563.17
1763722800,6576.24,6577.15,6568.56,6576.44
1763723100,6580.56,6588.63,6575.0,6578.43
1763723400,6583.19,6598.15,6578.94,6594.75
1763723700,6589.17,6599.47,6587.7,6589.45
1763724000,6567.21,6568.2,6564.42,6565.4
1763724300,6562.71,6569.39,6553.2,6568.65
1763724600,6571.34,6581.58,6561.82,6566.22
1763724900,6570.29,6571.75,6562.54,6567.29
1763725200,6568.86,6570.49,6563.65,6563.72
1763725500,6565.59,6570.76,6561.56,6567.66
1763725800,6571.14,6581.89,6570.56,6577.38
1763726100,6543.87,6553.61,6531.68,6551.55
1763726400,6555.86,6578.11,6552.8,6571.73
1763726700,6509.45,6514.47,6490.79,6494.67
1763727000,6516.23,6519.78,6504.7,6518.5
1763727300,6519.69,6530.68,6511.59,6513.53
1763727600,6513.88,6516.24,6510.98,6515.23
1763727900,6553.27,6560.54,6541.01,6551.36
1763728200,6552.1,6552.62,6535.15,6540.37
1763728500,6544.69,6558.89,6541.15,6546.36
1763728800,6566.77,6582.49,6555.31,6577.62
1763729100,6575.9,6581.03,6556.33,6567.06
1763729400,6583.53,6601.98,6576.15,6593.93
1763729700,6582.01,6590.66,6580.22,6586.71
1763730000,6567.98,6575.6,6564.1,6570.97
1763730300,6602.56,6612.9,6598.12,6599.4
1763730600,6602.09,6609.28,6601.95,6608.48
1763730900,6604.18,6613.2,6589.11,6609.56
1763731200,6606.75,6617.83,6603.0,6609.72
1763731500,6622.0,6623.54,6618.76,6623.21
1763731800,6583.89,6591.34,6576.87,6580.22
1763732100,6571.49,6576.28,6552.9,6568.33
1763732400,6597.16,6603.94,6596.04,6598.86
1763732700,6599.11,6601.74,6594.0,6595.86
1763733000,6582.99,6590.45,6573.15,6575.9
1763733300,6572.13,6582.79,6550.26,6554.97
1763733600,6555.98,6556.94,6543.05,6546.99
1763733900,6562.34,6574.77,6559.61,6564.35
1763734200,6563.34,6565.48,6561.07,6563.93
1763734500,6543.38,6544.94,6540.52,6543.21
1763734800,6545.49,6563.54,6542.92,6558.63
1763735100,6523.2,6550.16,6518.35,6543.78
1763735400,6529.77,6538.99,6513.48,6523.86
1763735700,6550.1,6555.84,6541.82,6552.18
1763736000,6568.29,6574.54,6559.66,6574.05
1763736300,6555.88,6560.06,6542.01,6546.8
1763736600,6570.09,6594.58,6566.89,6585.28
1763736900,6563.85,6565.8,6554.25,6557.35
1763737200,6567.43,6584.93,6561.12,6570.71
1763737500,6581.41,6602.58,6571.19,6599.75
1763737800,6588.85,6597.97,6585.68,6587.53
1763738100,6607.48,6622.53,6594.67,6614.37
1763738400,6643.07,6655.28,6622.45,6632.72
1763738700,6628.96,6638.16,6617.25,6633.52
1763739000,6632.16,6635.9,6624.94,6625.47
1763739300,6622.85,6629.34,6618.95,6627.66
1763739600,6633.01,6633.67,6624.73,6626.21
1763739900,6629.25,6633.51,6611.29,6616.47
1763740200,6625.51,6651.06,6622.24,6639.29
1763740500,6629.41,6632.9,6608.6,6619.64
1763740800,6631.34,6631.66,6624.07,6627.04
1763976600,6658.26,6662.11,6656.49,6659.57
1763976900,6660.23,6666.61,6657.26,6661.77
1763977200,6654.59,6660.98,6639.78,6648.93
1763977500,6662.6,6672.95,6662.05,6671.8
1763977800,6677.99,6684.72,6673.69,6684.49
1763978100,6666.4,6673.04,6663.23,6672.54
1763978400,6646.94,6652.69,6639.13,6643.75
1763978700,6647.15,6656.44,6641.37,6649.7
1763979000,6646.17,6652.92,6643.87,6648.89
1763979300,6641.18,6650.43,6633.34,6643.59
1763979600,6646.15,6648.81,6642.46,6643.62
1763979900,6639.99,6642.01,6637.76,6640.36
1763980200,6642.14,6645.83,6637.98,6643.88
1763980500,6637.23,6639.79,6623.64,6629.94
1763980800,6643.09,6643.55,6634.36,6636.58
1763981100,6633.36,6647.9,6627.72,6643.61
1763981400,6629.54,6630.83,6625.88,6630.22
1763981700,6634.37,6637.04,6631.32,6634.97
1763982000,6653.14,6664.21,6648.09,6650.99
1763982300,6668.01,6673.43,6665.17,6666.56
1763982600,6666.06,6679.75,6662.91,6678.4
1763982900,6676.94,6686.83,6669.91,6685.09
1763983200,6682.1,6685.17,6681.08,6681.2
1763983500,6690.8,6696.2,6684.05,6690.26
1763983800,6662.81,6666.79,6659.3,6659.38
1763984100,6654.15,6659.36,6648.3,6651.62
1763984400,6643.93,6658.44,6635.66,6646.96
1763984700,6642.82,6644.74,6633.8,6643.92
1763985000,6631.01,6631.85,6625.49,6626.67
1763985300,6625.91,6629.87,6621.97,6624.47
1763985600,6635.98,6638.87,6626.63,6631.26
1763985900,6651.66,6658.24,6647.27,6652.88
1763986200,6651.4,6654.87,6647.85,6654.41
1763986500,6644.53,6649.16,6638.61,6641.78
1763986800,6651.55,6652.42,6641.54,6649.88
1763987100,6658.0,6660.73,6648.68,6652.49
1763987400,6666.37,6673.7,6659.86,6665.03
1763987700,6668.61,6672.23,6668.23,6670.85
1763988000,6665.51,6673.13,6664.82,6668.01
1763988300,6662.86,6673.0,6662.23,6671.91
1763988600,6656.69,6658.17,6640.37,6645.77
1763988900,6653.83,6656.12,6648.89,6653.04
1763989200,6646.31,6646.72,6631.11,6642.47
1763989500,6641.95,6642.54,6635.55,6636.21
1763989800,6649.52,6657.93,6643.32,6652.54
1763990100,6643.89,6647.43,6640.72,6641.31
1763990400,6653.4,6654.17,6645.26,6650.69
1763990700,6647.14,6656.29,6645.48,6654.12
1763991000,6651.1,6658.79,6641.5,6651.75
1763991300,6662.08,6662.68,6658.02,6659.17
1763991600,6672.26,6681.09,6671.92,6677.37
1763991900,6692.9,6699.44,6691.26,6697.17
1763992200,6672.27,6676.4,6662.08,6668.85
1763992500,6674.47,6685.46,6672.52,6680.36
1763992800,6690.72,6694.02,6672.87,6680.09
1763993100,6661.83,6668.53,6660.81,6665.13
1763993400,6651.5,6664.97,6650.78,6655.7
1763993700,6665.98,6669.98,6661.29,6664.05
1763994000,6660.04,6669.19,6658.37,6660.66
1763994300,6654.56,6655.76,6645.85,6651.01
1763994600,6643.71,6648.84,6641.87,6645.26
1763994900,6645.68,6653.64,6637.01,6641.65
1763995200,6654.57,6663.75,6644.69,6652.37
1763995500,6661.47,6673.1,6652.44,6662.1
1763995800,6678.01,6687.34,6670.48,6682.93
1763996100,6682.67,6695.26,6674.29,6685.45
1763996400,6686.14,6694.43,6673.31,6677.68
1763996700,6690.76,6693.08,6688.63,6690.95
1763997000,6692.86,6702.33,6685.48,6698.22
1763997300,6682.1,6687.37,6681.06,6684.64
1763997600,6689.77,6699.51,6686.98,6692.19
1763997900,6694.09,6701.07,6687.53,6689.14
1763998200,6716.33,6727.72,6710.13,6718.6
1763998500,6716.95,6725.4,6715.08,6715.34
1763998800,6726.58,6730.95,6715.24,6719.36
1763999100,6716.88,6723.12,6715.64,6717.78
1763999400,6721.45,6723.35,6713.44,6718.25
1763999700,6723.88,6735.87,6720.4,6726.75
1764000000,6724.54,6729.98,6723.94,6727.53
1764063000,6742.76,6752.33,6742.55,6749.94
1764063300,6737.6,6744.36,6722.76,6727.88
1764063600,6728.97,6746.1,6722.73,6745.26
1764063900,6735.59,6741.16,6735.23,6739.83
1764064200,6739.19,6743.6,6729.21,6731.67
1764064500,6728.63,6729.99,6726.35,6727.67
1764064800,6714.3,6716.39,6691.48,6703.52
1764065100,6721.11,6724.42,6715.86,6722.03
1764065400,6732.32,6750.44,6730.27,6744.36
1764065700,6740.45,6740.46,6737.2,6740.26
1764066000,6730.02,6737.63,6729.16,6736.57
1764066300,6743.77,6743.97,6739.0,6743.1
1764066600,6736.1,6745.13,6735.08,6744.93
1764066900,6731.27,6733.8,6719.82,6732.13
1764067200,6721.75,6723.56,6717.33,6723.0
1764067500,6715.91,6732.99,6713.36,6714.1
1764067800,6708.89,6719.2,6705.41,6714.33
1764068100,6720.51,6723.04,6715.45,6719.14
1764068400,6732.71,6737.43,6728.39,6730.71
1764068700,6723.79,6724.19,6722.28,6722.78
1764069000,6749.68,6750.88,6744.4,6746.31
1764069300,6742.85,6752.45,6730.04,6746.04
1764069600,6753.62,6766.32,6749.8,6757.4
1764069900,6758.98,6765.69,6753.08,6765.18
1764070200,6771.72,6780.18,6760.99,6773.36
1764070500,6764.76,6778.72,6756.16,6772.0
1764070800,6757.17,6764.4,6751.13,6757.73
1764071100,6742.2,6752.08,6737.26,6752.0
1764071400,6748.83,6755.66,6745.68,6754.39
1764071700,6739.95,6748.27,6735.27,6746.54
1764072000,6728.32,6737.94,6717.56,6722.84
1764072300,6744.24,6749.62,6730.47,6737.76
1764072600,6751.96,6759.95,6748.32,6757.97
1764072900,6744.82,6752.6,6736.79,6751.51
1764073200,6725.61,6726.02,6712.83,6721.97
1764073500,6726.79,6737.27,6725.69,6731.06
1764073800,6719.77,6724.22,6709.61,6717.69
1764074100,6720.89,6726.49,6720.37,6722.09
1764074400,6737.07,6739.1,6734.85,6735.7
1764074700,6739.09,6748.84,6734.09,6744.81
1764075000,6726.52,6733.11,6724.3,6728.11
1764075300,6719.86,6723.95,6704.18,6711.46
1764075600,6736.91,6739.04,6726.46,6737.43
1764075900,6739.22,6740.51,6734.94,6738.7
1764076200,6740.32,6742.03,6730.08,6733.49
1764076500,6735.63,6753.17,6733.53,6738.11
1764076800,6744.05,6758.57,6736.34,6740.17
1764077100,6742.64,6750.67,6739.94,6749.8
1764077400,6753.7,6755.67,6744.93,6747.52
1764077700,6737.94,6748.81,6731.6,6735.7
1764078000,6747.18,6752.69,6743.05,6746.76
1764078300,6757.7,6770.74,6749.91,6769.18
1764078600,6774.77,6789.79,6771.48,6775.84
1764078900,6761.72,6767.36,6752.27,6758.66
1764079200,6765.8,6776.63,6756.82,6775.18
1764079500,6779.31,6787.63,6772.42,6781.18
1764079800,6763.25,6768.31,6756.55,6757.17
1764080100,6768.69,6775.77,6766.83,6771.67
1764080400,6791.77,6794.53,6779.19,6783.74
1764080700,6783.72,6784.3,6775.79,6775.98
1764081000,6778.42,6784.49,6776.74,6779.08
1764081300,6785.98,6796.49,6783.98,6785.0
1764081600,6791.7,6793.01,6785.04,6786.4
1764081900,6804.3,6809.12,6797.52,6797.84
1764082200,6804.3,6825.88,6790.93,6814.39
1764082500,6796.73,6803.29,6787.86,6788.03
1764082800,6783.72,6786.49,6780.53,6783.21
1764083100,6768.63,6773.96,6762.84,6767.74
1764083400,6773.29,6782.52,6766.17,6777.07
1764083700,6762.42,6762.9,6744.96,6754.89
1764084000,6754.11,6759.0,6746.67,6753.32
1764084300,6761.37,6766.08,6757.89,6759.18
1764084600,6788.31,6794.75,6767.68,6780.02
1764084900,6791.34,6805.71,6773.07,6785.6
1764085200,6801.05,6811.69,6796.72,6806.75
1764085500,6804.3,6809.43,6794.03,6801.36
1764085800,6802.78,6816.86,6790.36,6811.5
1764086100,6799.75,6805.72,6776.61,6787.85
1764086400,6804.3,6809.65,6800.19,6805.13
1764149400,6791.98,6794.29,6782.61,6787.72
1764149700,6786.87,6792.39,6786.17,6787.48
1764150000,6783.27,6784.47,6778.95,6781.05
1764150300,6779.36,6784.56,6776.04,6779.66
1764150600,6786.13,6792.68,6782.22,6791.9
1764150900,6778.76,6782.1,6773.3,6780.03
1764151200,6780.07,6783.33,6776.12,6781.45
1764151500,6779.73,6781.95,6775.01,6777.99
1764151800,6785.11,6786.5,6782.82,6783.23
1764152100,6782.86,6788.22,6775.92,6778.41
1764152400,6781.75,6783.84,6779.17,6779.85
1764152700,6780.41,6782.45,6776.93,6781.62
1764153000,6777.45,6780.81,6766.14,6771.31
1764153300,6779.9,6784.38,6779.83,6782.47
1764153600,6774.83,6777.74,6764.5,6770.36
1764153900,6780.38,6781.51,6777.76,6779.17
1764154200,6782.14,6784.73,6773.77,6777.1
1764154500,6773.27,6777.27,6772.29,6775.36
1764154800,6771.15,6773.97,6764.2,6767.96
1764155100,6787.51,6794.67,6787.48,6789.67
1764155400,6791.86,6794.12,6789.33,6789.34
1764155700,6794.97,6797.59,6793.58,6797.54
1764156000,6794.49,6800.07,6793.44,6796.6
1764156300,6806.22,6812.19,6802.02,6807.35
1764156600,6805.77,6821.33,6801.73,6815.19
1764156900,6795.54,6803.75,6791.55,6793.57
1764157200,6789.22,6790.11,6781.07,6789.62
1764157500,6789.09,6794.19,6783.33,6793.78
1764157800,6791.48,6794.45,6790.34,6793.8
1764158100,6787.07,6791.24,6783.79,6788.62
1764158400,6786.47,6790.98,6785.63,6788.81
1764158700,6778.09,6781.69,6774.27,6775.36
1764159000,6784.01,6788.25,6782.39,6784.66
1764159300,6778.99,6779.34,6769.54,6773.49
1764159600,6797.71,6802.8,6792.06,6801.6
1764159900,6796.62,6797.33,6791.44,6793.24
1764160200,6791.11,6794.09,6790.18,6793.18
1764160500,6799.43,6805.76,6798.52,6800.74
1764160800,6786.32,6795.86,6783.32,6788.33
1764161100,6783.43,6789.68,6776.11,6786.08
1764161400,6797.21,6805.12,6796.97,6801.77
1764161700,6799.54,6801.39,6792.83,6797.8
1764162000,6796.11,6802.9,6795.42,6798.44
1764162300,6790.81,6797.75,6790.07,6796.07
1764162600,6793.96,6799.06,6792.28,6797.16
1764162900,6798.08,6806.86,6795.85,6800.24
1764163200,6801.88,6811.38,6801.44,6806.55
1764163500,6804.65,6807.94,6797.45,6803.19
1764163800,6806.81,6808.1,6801.77,6804.38
1764164100,6799.06,6800.17,6796.28,6797.89
1764164400,6802.85,6808.71,6800.36,6803.37
1764164700,6803.79,6808.28,6803.12,6806.68
1764165000,6811.01,6814.54,6810.89,6811.74
1764165300,6810.06,6817.58,6804.81,6814.18
1764165600,6808.03,6810.69,6797.99,6805.73
1764165900,6817.67,6823.74,6811.3,6814.09
1764166200,6799.32,6801.25,6792.63,6797.34
1764166500,6795.77,6804.03,6792.08,6792.14
1764166800,6800.66,6803.25,6798.38,6802.45
1764167100,6797.31,6799.41,6795.18,6798.53
1764167400,6798.66,6810.44,6795.39,6805.67
1764167700,6803.31,6812.73,6801.53,6805.08
1764168000,6807.14,6810.87,6804.07,6810.34
1764168300,6799.19,6805.43,6794.07,6800.77
1764168600,6798.57,6800.53,6792.36,6794.17
1764168900,6800.67,6803.61,6798.05,6803.5
1764169200,6794.71,6795.62,6791.49,6792.87
1764169500,6797.46,6798.32,6790.9,6794.98
1764169800,6797.28,6800.73,6789.78,6794.16
1764170100,6782.86,6786.15,6782.76,6785.04
1764170400,6778.19,6782.07,6773.47,6779.16
1764170700,6787.67,6789.23,6778.2,6785.48
1764171000,6791.96,6802.08,6791.26,6798.18
1764171300,6788.23,6788.51,6783.03,6783.85
1764171600,6800.19,6808.59,6800.15,6803.7
1764171900,6809.87,6812.56,6805.95,6806.14
1764172200,6801.75,6807.73,6790.84,6807.31
1764172500,6803.23,6807.26,6802.14,6805.63
1764172800,6804.97,6811.15,6800.62,6802.54
1764322200,6830.17,6834.94,6828.3,6832.17
1764322500,6827.8,6827.89,6823.16,6825.45
1764322800,6825.56,6828.93,6824.88,6827.38
1764323100,6821.43,6821.97,6818.73,6820.21
1764323400,6828.06,6834.37,6825.09,6831.25
1764323700,6836.98,6837.81,6836.47,6837.59
1764324000,6839.43,6842.41,6836.23,6841.54
1764324300,6842.08,6842.84,6838.96,6841.4
1764324600,6841.96,6842.84,6838.76,6842.05
1764324900,6841.01,6845.2,6838.85,6843.81
1764325200,6836.2,6838.23,6833.15,6837.32
1764325500,6834.74,6836.04,6834.4,6835.1
1764325800,6836.45,6838.0,6831.82,6833.09
1764326100,6837.72,6840.4,6837.64,6839.63
1764326400,6835.67,6836.87,6835.57,6836.23
1764326700,6835.99,6841.77,6833.4,6841.32
1764327000,6836.54,6837.66,6835.64,6836.28
1764327300,6836.9,6840.22,6836.21,6839.71
1764327600,6834.31,6838.1,6832.31,6838.01
1764327900,6837.8,6840.91,6837.61,6840.29
1764328200,6837.02,6838.3,6835.44,6836.62
1764328500,6846.31,6847.81,6841.77,6844.54
1764328800,6846.3,6849.65,6845.07,6848.8
1764329100,6843.12,6844.89,6841.38,6841.8
1764329400,6837.89,6842.37,6835.96,6842.3
1764329700,6842.63,6845.92,6842.34,6844.05
1764330000,6846.64,6847.4,6845.37,6845.83
1764330300,6847.93,6854.42,6847.71,6850.86
1764330600,6847.45,6849.15,6843.18,6848.79
1764330900,6844.57,6854.03,6841.87,6849.87
1764331200,6852.11,6853.32,6849.32,6850.29
1764331500,6847.07,6847.58,6845.3,6846.96
1764331800,6847.53,6847.73,6846.32,6846.63
1764332100,6840.12,6843.16,6833.97,6837.99
1764332400,6837.98,6839.3,6837.67,6838.93
1764332700,6838.0,6842.05,6836.88,6838.78
1764333000,6830.1,6838.29,6829.97,6832.25
1764333300,6835.25,6835.48,6834.33,6835.02
1764333600,6839.39,6843.62,6838.24,6843.12
1764333900,6847.53,6847.63,6845.39,6846.99
1764334200,6847.94,6850.23,6847.6,6848.99
1764334500,6850.3,6852.05,6850.06,6851.21
1764334800,6859.05,6859.22,6857.82,6859.15
1764335100,6856.25,6857.46,6852.84,6852.99
1764335400,6849.72,6850.73,6843.38,6847.08
1764335700,6852.58,6854.46,6851.29,6854.18
1764336000,6848.32,6849.51,6847.32,6849.21
1764336300,6852.6,6857.05,6850.55,6854.63
1764336600,6848.42,6850.2,6844.47,6846.96
1764336900,6844.84,6849.44,6844.64,6846.83
1764337200,6841.56,6842.66,6841.41,6841.78
1764337500,6847.0,6847.66,6836.42,6842.65
1764337800,6845.64,6849.85,6841.77,6843.69
1764338100,6846.27,6846.86,6843.54,6845.02
1764338400,6851.08,6851.47,6846.52,6849.72
1764338700,6853.27,6856.77,6853.26,6854.27
1764339000,6851.0,6851.97,6849.56,6850.89
1764339300,6856.78,6857.8,6854.92,6857.07
1764339600,6854.21,6856.84,6853.17,6855.83
1764339900,6855.03,6855.7,6851.85,6852.37
1764340200,6854.84,6860.64,6853.75,6858.02
1764340500,6853.83,6854.6,6853.36,6853.69
1764340800,6852.23,6854.97,6851.28,6852.11
1764341100,6853.72,6854.75,6851.1,6851.71
1764341400,6856.74,6858.41,6855.98,6857.76
1764341700,6851.57,6854.68,6850.78,6853.44
1764342000,6856.64,6858.75,6856.62,6857.62
1764342300,6850.44,6851.52,6848.88,6849.8
1764342600,6847.14,6847.81,6842.41,6845.12
1764342900,6850.19,6852.45,6849.17,6851.2
1764343200,6854.86,6855.24,6849.33,6851.98
1764343500,6857.24,6858.43,6854.89,6856.24
1764343800,6863.11,6863.91,6859.89,6860.27
1764344100,6867.7,6869.14,6864.98,6868.76
1764344400,6864.78,6868.56,6861.6,6867.12
1764344700,6863.92,6868.61,6863.35,6866.33
1764345000,6860.88,6863.79,6858.54,6860.53
1764345300,6860.55,6861.95,6860.18,6860.86
1764345600,6852.99,6854.39,6852.41,6853.7
1764581400,6860.56,6862.11,6855.49,6856.79
1764581700,6860.12,6864.62,6859.27,6859.31
1764582000,6850.46,6854.87,6849.1,6851.59
1764582300,6848.55,6855.32,6846.02,6847.18
1764582600,6846.67,6850.56,6839.42,6840.07
1764582900,6837.66,6842.78,6835.78,6841.18
1764583200,6831.99,6833.15,6826.34,6830.41
1764583500,6828.86,6830.68,6822.81,6823.42
1764583800,6838.14,6838.93,6833.84,6835.48
1764584100,6842.28,6846.69,6839.26,6841.78
1764584400,6851.12,6853.27,6848.09,6849.47
1764584700,6857.12,6864.2,6853.24,6854.23
1764585000,6859.89,6865.61,6855.04,6862.87
1764585300,6867.24,6872.81,6863.32,6869.72
1764585600,6870.75,6877.0,6862.18,6868.68
1764585900,6870.75,6874.56,6870.3,6873.49
1764586200,6869.11,6876.86,6868.75,6870.88
1764586500,6870.75,6876.6,6868.63,6876.14
1764586800,6866.16,6870.07,6854.6,6860.55
1764587100,6857.18,6861.68,6856.53,6858.54
1764587400,6860.22,6864.82,6854.45,6857.55
1764587700,6854.88,6857.13,6848.49,6854.25
1764588000,6850.05,6855.28,6849.12,6850.3
1764588300,6858.21,6859.89,6857.55,6858.66
1764588600,6869.13,6870.56,6861.73,6865.9
1764588900,6870.75,6878.72,6865.42,6877.84
1764589200,6865.58,6871.09,6861.8,6865.02
1764589500,6866.7,6875.77,6864.97,6872.29
1764589800,6868.05,6874.18,6864.88,6867.12
1764590100,6859.92,6866.82,6858.96,6866.65
1764590400,6853.56,6859.01,6850.36,6854.78
1764590700,6848.36,6852.67,6845.02,6851.46
1764591000,6841.41,6841.62,6831.82,6837.45
1764591300,6834.24,6840.11,6827.33,6830.8
1764591600,6838.47,6838.51,6837.07,6837.83
1764591900,6839.21,6841.37,6836.48,6840.49
1764592200,6844.01,6856.03,6843.02,6847.27
1764592500,6848.37,6857.75,6847.79,6855.07
1764592800,6863.57,6870.17,6855.1,6858.87
1764593100,6865.85,6870.47,6865.57,6866.09
1764593400,6853.02,6856.27,6850.75,6855.24
1764593700,6850.07,6855.35,6845.57,6854.69
1764594000,6846.45,6847.34,6841.35,6842.11
1764594300,6858.5,6865.16,6858.22,6860.25
1764594600,6853.57,6853.6,6852.11,6852.99
1764594900,6863.1,6868.18,6860.59,6863.72
1764595200,6865.46,6866.12,6862.68,6865.73
1764595500,6869.64,6878.76,6866.86,6874.95
1764595800,6868.93,6871.68,6865.26,6870.57
1764596100,6864.56,6868.71,6861.13,6861.55
1764596400,6854.59,6855.93,6849.32,6853.09
1764596700,6851.39,6855.43,6847.29,6853.25
1764597000,6851.42,6851.78,6849.34,6850.84
1764597300,6847.4,6851.84,6842.71,6843.89
1764597600,6845.31,6848.11,6841.75,6847.33
1764597900,6847.01,6851.58,6842.52,6842.93
1764598200,6853.15,6854.48,6852.74,6854.25
1764598500,6862.28,6864.46,6859.35,6862.85
1764598800,6855.73,6858.91,6849.58,6853.42
1764599100,6853.44,6856.56,6852.02,6852.16
1764599400,6845.53,6849.03,6839.7,6845.31
1764599700,6841.5,6844.71,6834.2,6840.45
1764600000,6848.14,6857.07,6843.2,6856.87
1764600300,6848.25,6854.16,6844.49,6852.33
1764600600,6846.35,6851.91,6845.53,6846.79
1764600900,6845.43,6847.57,6838.59,6841.03
1764601200,6847.33,6850.65,6842.9,6849.72
1764601500,6848.79,6855.46,6847.73,6855.23
1764601800,6850.47,6854.6,6843.55,6846.61
1764602100,6843.41,6847.69,6841.85,6845.13
1764602400,6846.94,6849.54,6843.87,6846.41
1764602700,6845.89,6849.13,6843.29,6845.05
1764603000,6844.2,6851.49,6842.6,6845.95
1764603300,6835.18,6840.55,6830.09,6831.28
1764603600,6834.32,6836.24,6834.12,6834.22
1764603900,6840.72,6845.63,6838.33,6842.44
1764604200,6844.8,6854.46,6843.49,6850.28
1764604500,6844.37,6847.23,6844.2,6845.97
1764604800,6845.32,6849.64,6836.17,6839.96
1764667800,6833.91,6835.46,6832.08,6834.73
1764668100,6828.03,6828.57,6826.44,6827.72
1764668400,6833.39,6834.13,6827.35,6828.89
1764668700,6830.13,6830.94,6826.73,6829.59
1764669000,6824.01,6825.95,6821.79,6822.13
1764669300,6833.23,6836.76,6832.83,6834.19
1764669600,6825.41,6831.67,6823.6,6827.68
1764669900,6822.43,6823.95,6818.72,6823.39
1764670200,6823.28,6825.28,6822.26,6824.64
1764670500,6821.02,6821.37,6817.28,6819.64
1764670800,6829.38,6831.05,6826.98,6831.01
1764671100,6825.58,6832.6,6825.22,6829.94
1764671400,6821.22,6825.39,6813.55,6814.28
1764671700,6821.31,6822.51,6816.97,6818.82
1764672000,6823.33,6828.29,6821.98,6827.21
1764672300,6834.88,6838.02,6827.6,6831.57
1764672600,6842.26,6846.27,6839.99,6842.93
1764672900,6840.65,6840.77,6835.48,6835.8
1764673200,6843.07,6845.6,6837.82,6839.12
1764673500,6843.99,6849.05,6838.96,6841.63
1764673800,6847.64,6852.21,6846.5,6850.37
1764674100,6851.95,6855.92,6849.06,6854.48
1764674400,6848.49,6851.98,6846.25,6846.39
1764674700,6843.4,6848.34,6843.08,6845.46
1764675000,6842.75,6848.73,6837.17,6845.38
1764675300,6856.0,6860.29,6855.61,6858.25
1764675600,6851.86,6855.37,6846.15,6853.72
1764675900,6852.06,6854.57,6848.44,6848.71
1764676200,6850.99,6854.71,6848.95,6850.05
1764676500,6845.99,6846.09,6844.91,6845.68
1764676800,6847.88,6851.36,6842.37,6843.8
1764677100,6861.64,6862.51,6856.72,6859.85
1764677400,6860.21,6871.14,6857.7,6864.66
1764677700,6865.62,6871.02,6864.13,6866.03
1764678000,6860.63,6861.29,6856.87,6859.23
1764678300,6851.95,6854.52,6845.6,6851.57
1764678600,6858.41,6859.65,6856.88,6859.33
1764678900,6857.38,6857.62,6855.07,6856.52
1764679200,6846.85,6850.84,6846.46,6848.72
1764679500,6834.46,6838.84,6830.93,6832.27
1764679800,6837.08,6840.54,6827.59,6834.22
1764680100,6844.93,6845.29,6840.06,6840.85
1764680400,6845.61,6847.12,6844.85,6846.43
1764680700,6844.24,6847.88,6842.58,6843.1
1764681000,6842.05,6846.07,6835.62,6837.61
1764681300,6844.93,6850.17,6842.44,6848.13
1764681600,6836.1,6840.97,6833.46,6836.84
1764681900,6841.2,6845.92,6838.37,6838.37
1764682200,6845.61,6846.34,6840.71,6842.85
1764682500,6838.66,6841.58,6837.2,6841.05
1764682800,6836.75,6838.38,6834.7,6836.89
1764683100,6831.24,6831.71,6826.5,6830.55
1764683400,6833.93,6835.93,6829.98,6832.85
1764683700,6828.37,6831.52,6823.7,6829.18
1764684000,6838.94,6842.39,6838.39,6838.89
1764684300,6846.47,6851.81,6843.05,6844.13
1764684600,6853.54,6860.55,6851.34,6856.27
1764684900,6845.51,6848.52,6844.64,6846.32
1764685200,6843.99,6846.77,6839.35,6845.26
1764685500,6845.67,6848.16,6843.23,6846.08
1764685800,6848.09,6848.8,6845.52,6846.4
1764686100,6860.87,6861.23,6859.97,6860.58
1764686400,6863.37,6867.41,6861.44,6866.54
1764686700,6863.23,6867.67,6861.78,6865.03
1764687000,6848.49,6848.69,6843.53,6845.87
1764687300,6847.96,6859.56,6846.94,6852.47
1764687600,6843.82,6843.97,6838.11,6843.09
1764687900,6842.07,6845.62,6837.36,6843.56
1764688200,6845.63,6852.23,6842.86,6848.83
1764688500,6847.75,6852.0,6847.21,6848.95
1764688800,6850.17,6852.99,6849.85,6851.07
1764689100,6841.3,6844.62,6836.06,6840.18
1764689400,6848.67,6853.2,6848.44,6850.79
1764689700,6855.1,6855.49,6851.65,6853.88
1764690000,6867.09,6867.96,6862.27,6867.77
1764690300,6866.53,6868.68,6862.34,6865.92
1764690600,6860.73,6862.45,6860.53,6862.3
1764690900,6851.61,6854.17,6848.7,6851.37
1764691200,6848.49,6852.69,6845.14,6849.06
1764754200,6837.08,6841.72,6832.73,6833.94
1764754500,6830.79,6835.02,6827.26,6828.13
1764754800,6831.62,6833.55,6824.64,6827.96
1764755100,6825.55,6826.05,6823.35,6825.54
1764755400,6819.53,6826.06,6815.01,6820.06
1764755700,6829.82,6833.75,6829.53,6832.78
1764756000,6832.05,6836.34,6826.82,6828.14
1764756300,6835.01,6836.22,6828.78,6833.3
1764756600,6841.09,6845.43,6838.44,6840.15
1764756900,6845.29,6851.13,6845.11,6849.39
1764757200,6839.44,6840.85,6835.51,6838.0
1764757500,6838.5,6838.51,6832.77,6836.62
1764757800,6840.88,6842.24,6839.76,6841.8
1764758100,6849.65,6850.18,6845.65,6846.75
1764758400,6855.03,6860.34,6852.49,6856.89
1764758700,6859.55,6862.36,6859.08,6860.49
1764759000,6848.27,6848.48,6847.32,6848.26
1764759300,6852.64,6856.63,6852.35,6855.43
1764759600,6852.07,6856.59,6850.79,6854.5
1764759900,6858.54,6863.62,6858.41,6861.05
1764760200,6851.19,6855.32,6849.4,6853.3
1764760500,6852.26,6852.53,6847.41,6851.85
1764760800,6855.57,6856.44,6850.53,6854.11
1764761100,6850.4,6851.35,6848.04,6850.25
1764761400,6844.32,6845.17,6843.92,6844.84
1764761700,6854.45,6855.7,6850.95,6851.78
1764762000,6844.51,6844.96,6840.79,6842.48
1764762300,6846.93,6848.77,6843.22,6846.65
1764762600,6842.33,6843.92,6841.07,6841.49
1764762900,6855.8,6856.8,6854.84,6855.87
1764763200,6847.77,6850.0,6846.64,6848.68
1764763500,6846.58,6849.51,6838.94,6841.07
1764763800,6848.71,6851.05,6846.95,6847.68
1764764100,6843.75,6845.79,6836.36,6839.2
1764764400,6852.12,6856.62,6849.99,6852.14
1764764700,6859.17,6863.03,6859.14,6860.42
1764765000,6852.04,6856.43,6843.27,6854.55
1764765300,6860.18,6864.33,6857.57,6859.43
1764765600,6864.91,6865.11,6859.96,6860.96
1764765900,6866.99,6870.79,6864.78,6869.32
1764766200,6875.69,6877.36,6868.64,6872.11
1764766500,6878.82,6880.61,6876.35,6879.73
1764766800,6878.82,6880.24,6874.41,6874.84
1764767100,6878.82,6879.7,6870.22,6871.94
1764767400,6866.17,6871.34,6862.13,6870.73
1764767700,6864.66,6868.32,6858.69,6861.45
1764768000,6865.92,6867.55,6864.52,6866.18
1764768300,6869.28,6873.81,6868.33,6873.24
1764768600,6872.61,6875.29,6871.18,6872.54
1764768900,6868.33,6869.69,6865.04,6866.01
1764769200,6871.96,6875.35,6868.61,6871.19
1764769500,6874.6,6875.1,6872.23,6873.93
1764769800,6873.74,6874.78,6869.66,6872.89
1764770100,6863.68,6869.23,6863.44,6864.5
1764770400,6864.16,6864.42,6861.79,6863.1
1764770700,6864.81,6869.32,6860.58,6865.3
1764771000,6870.24,6873.54,6869.71,6872.2
1764771300,6863.67,6866.12,6862.86,6864.03
1764771600,6857.78,6864.59,6853.9,6861.85
1764771900,6863.68,6869.31,6862.08,6868.15
1764772200,6867.24,6871.94,6866.72,6867.32
1764772500,6863.47,6864.69,6856.96,6861.64
1764772800,6867.82,6871.85,6863.52,6865.12
1764773100,6867.69,6872.84,6865.74,6870.68
1764773400,6869.28,6870.83,6868.95,6869.7
1764773700,6871.3,6872.81,6865.83,6868.66
1764774000,6869.59,6875.35,6865.78,6870.75
1764774300,6867.23,6870.91,6863.05,6867.53
1764774600,6862.03,6872.01,6855.73,6865.66
1764774900,6869.98,6873.78,6869.29,6871.79
1764775200,6863.4,6863.42,6860.61,6862.46
1764775500,6869.92,6870.6,6867.17,6868.25
1764775800,6863.04,6864.43,6860.66,6860.73
1764776100,6862.09,6865.93,6857.05,6863.13
1764776400,6859.58,6863.79,6855.46,6863.03
1764776700,6861.3,6864.05,6858.38,6860.72
1764777000,6867.52,6870.81,6865.63,6869.14
1764777300,6873.99,6876.61,6872.87,6876.05
1764777600,6877.16,6877.46,6868.77,6876.1
1764840600,6868.41,6870.85,6865.67,6866.04
1764840900,6869.82,6872.37,6868.39,6872.1
1764841200,6873.12,6873.95,6871.27,6873.75
1764841500,6881.78,6885.52,6880.27,6884.83
1764841800,6883.42,6889.27,6880.07,6887.05
1764842100,6879.45,6881.16,6874.12,6875.72
1764842400,6879.18,6882.69,6878.64,6880.63
1764842700,6876.19,6877.9,6874.27,6877.6
1764843000,6880.39,6882.32,6878.66,6879.22
1764843300,6870.15,6874.28,6868.8,6872.06
1764843600,6858.71,6859.74,6857.35,6857.41
1764843900,6861.35,6861.63,6858.93,6859.73
1764844200,6867.74,6868.49,6865.78,6868.06
1764844500,6869.06,6875.1,6865.53,6866.56
1764844800,6871.38,6871.94,6870.69,6871.75
1764845100,6872.23,6874.02,6869.48,6873.45
1764845400,6871.4,6872.93,6869.28,6870.01
1764845700,6870.08,6871.84,6867.44,6867.48
1764846000,6866.2,6867.96,6862.18,6867.57
1764846300,6866.6,6873.79,6866.21,6869.63
1764846600,6866.78,6866.82,6862.9,6866.78
1764846900,6867.15,6867.98,6864.15,6866.1
1764847200,6864.81,6867.67,6859.35,6862.37
1764847500,6863.62,6866.32,6862.0,6863.69
1764847800,6862.65,6864.5,6862.11,6862.56
1764848100,6859.18,6862.38,6856.27,6859.22
1764848400,6864.82,6868.8,6861.43,6862.69
1764848700,6861.35,6863.69,6857.02,6858.08
1764849000,6860.31,6864.39,6859.88,6861.68
1764849300,6859.73,6861.27,6857.25,6859.97
1764849600,6858.48,6858.97,6855.52,6857.44
1764849900,6861.38,6862.33,6858.07,6860.28
1764850200,6858.82,6865.24,6857.74,6862.48
1764850500,6866.58,6871.46,6865.82,6869.82
1764850800,6859.45,6862.71,6858.74,6862.29
1764851100,6866.22,6870.18,6864.76,6866.55
1764851400,6871.38,6873.81,6869.14,6871.93
1764851700,6867.53,6871.42,6867.2,6870.72
1764852000,6868.56,6870.06,6866.62,6867.21
1764852300,6865.82,6866.5,6863.12,6864.91
1764852600,6863.42,6864.58,6860.91,6862.04
1764852900,6860.27,6862.97,6858.36,6860.31
1764853200,6859.81,6860.77,6856.81,6858.86
1764853500,6858.36,6858.43,6855.26,6856.75
1764853800,6857.77,6858.13,6857.75,6857.97
1764854100,6860.78,6864.12,6860.23,6861.85
1764854400,6869.03,6871.26,6868.3,6870.83
1764854700,6869.66,6870.9,6869.26,6870.05
1764855000,6862.87,6863.17,6860.12,6862.51
1764855300,6862.23,6862.24,6858.19,6859.9
1764855600,6862.11,6862.68,6859.68,6861.75
1764855900,6867.26,6871.95,6863.51,6871.82
1764856200,6866.64,6868.63,6862.6,6863.18
1764856500,6862.86,6863.11,6858.65,6860.17
1764856800,6862.93,6864.38,6861.32,6862.27
1764857100,6867.28,6869.82,6867.06,6868.04
1764857400,6857.76,6861.97,6857.72,6861.38
1764857700,6857.53,6860.01,6854.91,6855.53
1764858000,6851.08,6853.97,6850.83,6851.07
1764858300,6852.24,6852.89,6849.84,6851.37
1764858600,6856.32,6858.71,6854.98,6857.03
1764858900,6857.66,6860.09,6855.74,6858.84
1764859200,6858.74,6859.39,6857.25,6858.44
1764859500,6869.07,6870.01,6866.4,6866.91
1764859800,6868.15,6871.99,6867.43,6871.15
1764860100,6871.84,6872.91,6866.16,6867.73
1764860400,6875.39,6876.13,6875.32,6875.43
1764860700,6875.78,6879.7,6873.75,6876.01
1764861000,6877.78,6879.66,6877.21,6877.72
1764861300,6874.59,6877.54,6873.23,6873.94
1764861600,6881.55,6882.71,6880.99,6881.35
1764861900,6879.25,6880.5,6875.85,6878.35
1764862200,6879.28,6886.2,6878.93,6883.37
1764862500,6885.2,6888.28,6882.84,6887.83
1764862800,6885.2,6885.32,6881.32,6883.23
1764863100,6883.56,6884.44,6882.72,6883.1
1764863400,6885.2,6887.97,6883.39,6885.36
1764863700,6885.17,6885.47,6883.38,6884.28
1764864000,6884.83,6887.91,6881.87,6882.64
1764927000,6864.84,6869.27,6857.21,6864.77
1764927300,6864.61,6867.92,6860.32,6866.52
1764927600,6868.33,6872.19,6862.39,6864.67
1764927900,6867.49,6869.8,6863.93,6866.44
1764928200,6868.73,6870.35,6864.95,6867.09
1764928500,6868.33,6871.98,6866.31,6868.08
1764928800,6867.39,6868.1,6863.46,6864.84
1764929100,6868.1,6871.91,6865.67,6869.89
1764929400,6875.06,6875.73,6871.94,6873.84
1764929700,6868.74,6872.9,6864.85,6868.81
1764930000,6871.34,6873.44,6867.83,6871.1
1764930300,6878.56,6880.13,6871.07,6873.1
1764930600,6881.81,6882.55,6875.86,6879.97
1764930900,6886.68,6890.9,6882.3,6890.44
1764931200,6889.81,6894.62,6885.67,6888.39
1764931500,6885.49,6886.98,6880.36,6882.35
1764931800,6888.91,6891.41,6885.02,6888.02
1764932100,6893.39,6894.94,6891.98,6892.02
1764932400,6889.39,6894.17,6889.38,6892.5
1764932700,6891.64,6894.78,6886.79,6893.76
1764933000,6892.67,6899.39,6888.64,6897.42
1764933300,6883.3,6883.98,6877.88,6880.16
1764933600,6881.64,6884.57,6881.38,6884.35
1764933900,6888.68,6888.79,6886.13,6887.06
1764934200,6887.66,6889.93,6886.92,6888.24
1764934500,6876.42,6880.16,6875.65,6875.82
1764934800,6872.37,6875.16,6869.24,6872.91
1764935100,6868.6,6871.01,6865.75,6870.79
1764935400,6873.8,6876.08,6872.59,6874.49
1764935700,6874.42,6878.03,6872.34,6875.82
1764936000,6869.32,6870.4,6865.79,6870.3
1764936300,6868.47,6871.72,6867.6,6870.31
1764936600,6871.96,6875.52,6867.49,6874.62
1764936900,6876.34,6880.47,6875.23,6877.41
1764937200,6879.45,6882.3,6875.87,6877.16
1764937500,6879.29,6879.45,6873.21,6875.78
1764937800,6876.71,6878.0,6872.03,6874.62
1764938100,6873.72,6876.09,6871.65,6872.43
1764938400,6875.29,6875.31,6870.74,6874.27
1764938700,6874.27,6882.7,6869.39,6876.17
1764939000,6875.63,6878.38,6875.56,6876.53
1764939300,6875.71,6878.73,6874.31,6878.48
1764939600,6870.03,6871.48,6864.28,6869.41
1764939900,6869.15,6871.3,6867.81,6869.06
1764940200,6866.72,6867.94,6865.39,6866.94
1764940500,6864.73,6867.39,6859.79,6862.85
1764940800,6865.81,6868.06,6860.89,6866.7
1764941100,6859.04,6860.45,6855.72,6856.56
1764941400,6866.29,6869.44,6860.53,6863.16
1764941700,6859.4,6864.45,6858.65,6859.07
1764942000,6862.53,6865.18,6862.51,6863.26
1764942300,6870.63,6875.0,6869.74,6873.75
1764942600,6876.16,6878.2,6874.34,6875.75
1764942900,6877.15,6879.16,6875.64,6879.15
1764943200,6875.72,6875.75,6874.21,6875.68
1764943500,6881.16,6882.78,6878.86,6880.11
1764943800,6873.54,6875.55,6868.4,6869.84
1764944100,6873.21,6874.21,6869.96,6871.53
1764944400,6877.15,6878.88,6871.01,6873.57
1764944700,6878.12,6878.61,6874.04,6874.88
1764945000,6873.24,6877.08,6871.23,6876.63
1764945300,6876.92,6877.1,6876.08,6876.41
1764945600,6873.23,6875.32,6872.21,6872.94
1764945900,6874.91,6875.13,6870.96,6874.51
1764946200,6878.79,6882.11,6877.89,6880.8
1764946500,6869.41,6870.31,6866.5,6866.53
1764946800,6865.85,6866.37,6863.16,6863.16
1764947100,6866.34,6868.27,6862.69,6864.15
1764947400,6871.65,6875.99,6868.91,6873.65
1764947700,6875.34,6881.02,6871.03,6878.08
1764948000,6882.99,6885.75,6881.31,6884.94
1764948300,6884.68,6888.28,6884.01,6884.69
1764948600,6879.21,6881.53,6877.6,6880.3
1764948900,6875.96,6876.5,6872.69,6874.96
1764949200,6871.13,6873.77,6869.33,6870.95
1764949500,6868.63,6871.48,6861.92,6866.15
1764949800,6872.37,6877.32,6871.2,6875.11
1764950100,6867.78,6869.38,6865.52,6866.73
1764950400,6867.56,6871.67,6865.2,6870.02
1765186200,6877.1,6878.39,6866.65,6872.43
1765186500,6873.61,6877.69,6870.9,6873.53
1765186800,6874.69,6875.4,6865.15,6869.88
1765187100,6873.76,6880.2,6868.22,6870.65
1765187400,6878.49,6887.66,6875.74,6877.65
1765187700,6880.22,6884.11,6879.75,6881.75
1765188000,6873.46,6873.9,6864.53,6870.1
1765188300,6883.29,6885.85,6878.46,6880.75
1765188600,6883.16,6885.39,6877.65,6880.33
1765188900,6884.08,6886.69,6880.17,6882.16
1765189200,6885.85,6886.47,6880.12,6884.01
1765189500,6886.85,6893.83,6883.28,6891.42
1765189800,6890.98,6891.16,6884.82,6889.81
1765190100,6892.52,6895.35,6891.01,6893.52
1765190400,6899.88,6904.74,6898.37,6901.98
1765190700,6889.6,6893.25,6882.12,6887.93
1765191000,6888.36,6892.32,6886.16,6888.91
1765191300,6887.5,6889.42,6881.6,6886.42
1765191600,6882.32,6892.4,6881.93,6889.71
1765191900,6892.7,6894.2,6891.72,6892.07
1765192200,6881.41,6883.68,6880.27,6880.91
1765192500,6882.62,6888.16,6875.71,6884.67
1765192800,6894.16,6901.92,6891.0,6893.24
1765193100,6893.67,6895.41,6887.57,6888.2
1765193400,6890.03,6890.4,6879.22,6884.4
1765193700,6884.65,6886.46,6875.85,6877.55
1765194000,6881.99,6886.23,6874.89,6885.62
1765194300,6873.37,6881.8,6869.89,6877.17
1765194600,6869.02,6873.57,6858.17,6863.93
1765194900,6859.96,6862.98,6858.06,6859.38
1765195200,6861.02,6861.86,6861.0,6861.48
1765195500,6866.81,6873.61,6865.6,6871.05
1765195800,6883.13,6888.01,6880.24,6886.13
1765196100,6879.49,6887.3,6878.08,6881.84
1765196400,6882.94,6890.11,6879.83,6887.52
1765196700,6880.11,6885.28,6878.45,6881.86
1765197000,6876.72,6878.12,6869.35,6875.75
1765197300,6879.54,6879.89,6872.77,6873.67
1765197600,6873.29,6879.6,6869.47,6877.77
1765197900,6873.7,6875.61,6870.42,6870.87
1765198200,6869.45,6873.92,6867.51,6872.17
1765198500,6863.31,6864.43,6858.65,6864.11
1765198800,6867.09,6869.88,6865.11,6866.32
1765199100,6859.69,6863.94,6855.68,6863.92
1765199400,6863.39,6866.92,6856.24,6861.03
1765199700,6858.33,6858.54,6857.47,6857.61
1765200000,6850.58,6851.7,6845.43,6846.11
1765200300,6853.57,6858.57,6852.01,6856.44
1765200600,6853.86,6856.72,6850.56,6854.89
1765200900,6851.93,6854.88,6841.87,6849.99
1765201200,6854.64,6858.43,6850.38,6852.07
1765201500,6852.02,6856.51,6848.14,6852.27
1765201800,6853.45,6858.89,6849.82,6850.09
1765202100,6859.25,6861.97,6853.39,6854.96
1765202400,6868.68,6873.78,6863.45,6870.14
1765202700,6859.71,6865.37,6858.83,6862.82
1765203000,6861.22,6865.52,6857.26,6862.2
1765203300,6872.29,6875.74,6872.11,6874.2
1765203600,6883.0,6884.09,6882.93,6883.68
1765203900,6877.02,6877.27,6874.52,6875.0
1765204200,6884.82,6886.72,6881.16,6884.44
1765204500,6884.83,6887.1,6883.63,6883.75
1765204800,6879.19,6883.85,6876.12,6877.39
1765205100,6881.11,6884.43,6877.79,6878.1
1765205400,6880.42,6881.04,6876.21,6880.93
1765205700,6877.98,6879.74,6868.82,6873.1
1765206000,6866.18,6869.35,6861.67,6865.38
1765206300,6868.12,6870.09,6862.87,6869.22
1765206600,6858.57,6866.75,6856.54,6861.98
1765206900,6864.29,6866.63,6862.46,6864.93
1765207200,6866.68,6870.5,6860.89,6869.29
1765207500,6867.35,6870.31,6864.25,6866.26
1765207800,6873.01,6874.94,6868.58,6871.28
1765208100,6866.84,6871.29,6866.16,6867.91
1765208400,6865.11,6867.77,6861.24,6863.55
1765208700,6859.8,6863.27,6857.85,6858.47
1765209000,6871.74,6876.19,6867.69,6872.04
1765209300,6873.42,6881.42,6870.51,6871.35
1765209600,6863.04,6864.17,6858.29,6861.07
1765272600,6862.45,6863.75,6860.96,6862.23
1765272900,6870.59,6873.84,6870.33,6871.44
1765273200,6871.94,6871.98,6868.8,6870.26
1765273500,6866.26,6868.34,6862.61,6865.29
1765273800,6858.83,6859.79,6857.64,6857.69
1765274100,6866.88,6868.31,6865.01,6866.11
1765274400,6861.26,6867.07,6860.41,6862.69
1765274700,6857.74,6862.82,6857.72,6860.39
1765275000,6857.82,6859.07,6855.94,6857.03
1765275300,6857.12,6860.1,6856.21,6858.77
1765275600,6861.22,6861.74,6859.47,6859.59
1765275900,6863.2,6863.71,6858.29,6860.62
1765276200,6863.97,6866.1,6863.64,6863.7
1765276500,6860.47,6864.54,6859.95,6864.25
1765276800,6857.44,6858.72,6856.79,6856.88
1765277100,6856.04,6856.76,6853.3,6855.31
1765277400,6856.42,6857.26,6854.82,6856.09
1765277700,6856.69,6856.83,6852.21,6853.1
1765278000,6851.45,6855.63,6850.31,6853.84
1765278300,6854.67,6856.82,6854.33,6856.5
1765278600,6856.16,6857.2,6855.61,6855.76
1765278900,6856.5,6858.49,6853.3,6854.56
1765279200,6852.57,6854.4,6849.07,6851.18
1765279500,6854.34,6857.47,6853.33,6854.77
1765279800,6860.87,6863.1,6858.48,6859.23
1765280100,6859.92,6864.33,6856.95,6861.61
1765280400,6861.58,6863.43,6860.7,6863.28
1765280700,6861.17,6861.25,6856.67,6858.43
1765281000,6859.16,6861.66,6856.58,6859.7
1765281300,6857.61,6860.63,6857.33,6858.34
1765281600,6860.25,6861.11,6860.23,6860.88
1765281900,6863.94,6865.61,6861.3,6861.73
1765282200,6867.88,6870.0,6866.49,6868.6
1765282500,6863.24,6863.78,6860.77,6863.14
1765282800,6859.64,6861.49,6859.24,6860.73
1765283100,6858.69,6860.19,6857.32,6859.3
1765283400,6858.65,6860.08,6858.2,6858.63
1765283700,6856.63,6857.13,6853.8,6856.1
1765284000,6862.15,6862.81,6859.83,6860.8
1765284300,6866.6,6869.2,6865.62,6866.16
1765284600,6862.12,6864.95,6860.89,6864.9
1765284900,6860.41,6860.84,6856.21,6859.26
1765285200,6860.08,6860.48,6858.91,6859.18
1765285500,6861.92,6864.02,6861.28,6861.39
1765285800,6859.45,6861.47,6859.26,6860.95
1765286100,6861.05,6862.48,6859.13,6861.99
1765286400,6858.11,6859.11,6856.85,6857.72
1765286700,6857.74,6857.92,6854.67,6855.95
1765287000,6856.24,6856.59,6854.47,6854.94
1765287300,6855.92,6858.62,6855.72,6856.01
1765287600,6849.85,6852.02,6847.78,6850.35
1765287900,6851.85,6856.81,6850.54,6855.18
1765288200,6851.91,6854.09,6848.8,6853.22
1765288500,6852.78,6853.95,6851.82,6853.75
1765288800,6855.87,6856.5,6850.41,6852.61
1765289100,6856.84,6857.35,6855.05,6855.99
1765289400,6858.84,6859.41,6856.85,6859.06
1765289700,6865.8,6868.92,6863.99,6867.98
1765290000,6864.24,6867.26,6859.72,6861.12
1765290300,6862.28,6866.49,6862.24,6863.83
1765290600,6864.91,6865.69,6862.79,6864.21
1765290900,6862.81,6865.26,6862.42,6863.98
1765291200,6858.21,6860.39,6856.81,6858.26
1765291500,6854.97,6857.11,6854.46,6856.0
1765291800,6849.79,6850.08,6849.0,6849.42
1765292100,6852.08,6854.73,6850.52,6852.74
1765292400,6847.34,6850.52,6845.92,6849.03
1765292700,6843.42,6845.12,6841.95,6844.05
1765293000,6843.66,6844.87,6843.15,6844.66
1765293300,6848.51,6849.66,6847.88,6848.29
1765293600,6842.69,6844.95,6841.88,6842.15
1765293900,6843.51,6844.29,6843.2,6843.59
1765294200,6845.38,6846.85,6842.57,6844.17
1765294500,6845.6,6847.53,6844.78,6846.41
1765294800,6851.66,6852.28,6849.69,6850.13
1765295100,6850.61,6852.34,6848.62,6849.71
1765295400,6854.58,6855.9,6853.62,6855.22
1765295700,6856.04,6857.34,6853.71,6857.18
1765296000,6858.17,6858.83,6853.11,6856.0
1765359000,6840.09,6845.8,6836.42,6841.7
1765359300,6853.37,6856.83,6841.81,6846.29
1765359600,6843.7,6845.4,6837.16,6840.2
1765359900,6857.07,6865.5,6856.28,6860.33
1765360200,6870.47,6871.74,6862.67,6866.29
1765360500,6879.41,6882.69,6873.86,6880.33
1765360800,6881.13,6885.33,6879.24,6880.63
1765361100,6876.14,6877.32,6871.1,6875.81
1765361400,6871.62,6874.99,6862.6,6867.13
1765361700,6858.05,6862.46,6853.52,6862.42
1765362000,6859.29,6859.56,6853.82,6858.13
1765362300,6851.32,6856.15,6849.76,6850.48
1765362600,6846.22,6857.89,6841.69,6851.79
1765362900,6850.19,6851.24,6847.06,6850.12
1765363200,6852.83,6857.97,6849.93,6857.23
1765363500,6864.12,6871.21,6854.5,6858.59
1765363800,6858.14,6864.41,6856.38,6857.2
1765364100,6867.12,6870.45,6864.12,6864.49
1765364400,6880.14,6885.83,6878.93,6880.69
1765364700,6888.31,6898.75,6885.33,6893.85
1765365000,6897.23,6904.65,6896.55,6902.82
1765365300,6896.61,6906.43,6894.84,6903.45
1765365600,6902.71,6914.92,6899.47,6907.85
1765365900,6898.12,6900.95,6895.3,6896.66
1765366200,6889.63,6899.45,6885.3,6893.73
1765366500,6876.13,6885.7,6872.37,6879.86
1765366800,6867.12,6882.15,6864.31,6875.79
1765367100,6853.08,6854.02,6847.8,6850.87
1765367400,6845.35,6851.44,6843.85,6848.11
1765367700,6862.35,6876.3,6853.79,6871.93
1765368000,6856.4,6862.27,6855.78,6860.8
1765368300,6852.77,6861.19,6850.46,6850.72
1765368600,6860.32,6871.22,6858.65,6860.75
1765368900,6859.24,6868.33,6852.92,6861.44
1765369200,6855.18,6856.08,6849.4,6852.19
1765369500,6859.28,6861.12,6850.27,6855.61
1765369800,6866.99,6872.27,6863.73,6866.62
1765370100,6860.88,6861.33,6855.59,6856.22
1765370400,6856.73,6859.56,6851.18,6858.45
1765370700,6856.22,6862.49,6855.72,6858.45
1765371000,6869.9,6876.04,6863.52,6864.76
1765371300,6871.19,6881.92,6864.9,6879.24
1765371600,6870.73,6873.29,6867.5,6872.69
1765371900,6876.75,6880.35,6872.22,6878.59
1765372200,6888.13,6891.59,6885.39,6886.34
1765372500,6861.83,6865.41,6858.44,6860.98
1765372800,6846.06,6850.03,6844.23,6844.27
1765373100,6852.79,6862.38,6851.0,6853.93
1765373400,6847.04,6853.0,6847.02,6850.25
1765373700,6853.77,6860.81,6847.56,6850.17
1765374000,6850.52,6856.51,6844.05,6853.88
1765374300,6849.36,6851.88,6845.5,6849.15
1765374600,6836.11,6838.29,6829.43,6833.06
1765374900,6847.85,6850.84,6846.31,6848.53
1765375200,6852.36,6855.56,6849.83,6855.16
1765375500,6866.54,6873.98,6864.59,6869.6
1765375800,6859.61,6867.15,6858.06,6865.94
1765376100,6872.11,6875.08,6866.24,6870.12
1765376400,6875.17,6878.3,6870.15,6871.28
1765376700,6881.65,6887.31,6876.45,6876.83
1765377000,6893.66,6897.08,6879.29,6881.06
1765377300,6889.69,6893.53,6884.59,6890.64
1765377600,6889.77,6894.08,6885.66,6886.31
1765377900,6888.7,6890.87,6886.01,6890.5
1765378200,6883.9,6886.29,6870.98,6876.41
1765378500,6892.67,6893.45,6887.47,6889.77
1765378800,6891.44,6893.4,6887.83,6888.36
1765379100,6905.36,6914.16,6903.63,6911.82
1765379400,6901.96,6903.34,6901.65,6901.66
1765379700,6897.85,6902.79,6892.63,6897.46
1765380000,6899.02,6903.63,6891.97,6896.44
1765380300,6898.92,6903.53,6889.21,6894.32
1765380600,6907.15,6917.37,6904.0,6910.41
1765380900,6906.94,6921.47,6906.55,6913.6
1765381200,6900.43,6906.96,6897.18,6902.35
1765381500,6897.84,6899.9,6894.06,6899.22
1765381800,6909.11,6911.86,6905.7,6906.83
1765382100,6896.47,6899.11,6894.79,6895.55
1765382400,6891.23,6891.74,6886.59,6886.71
1765445400,6875.01,6890.57,6869.95,6888.28
1765445700,6874.92,6877.36,6871.35,6874.73
1765446000,6864.04,6874.44,6859.96,6870.91
1765446300,6894.96,6897.24,6879.94,6888.46
1765446600,6914.39,6922.59,6904.35,6919.72
1765446900,6918.16,6930.62,6914.14,6915.9
1765447200,6905.85,6913.35,6893.7,6897.89
1765447500,6885.87,6898.23,6882.27,6896.44
1765447800,6872.87,6877.87,6861.69,6872.33
1765448100,6896.28,6898.36,6892.62,6893.45
1765448400,6904.68,6907.78,6892.42,6904.03
1765448700,6911.74,6913.77,6889.92,6894.73
1765449000,6906.01,6920.67,6902.42,6913.38
1765449300,6904.63,6913.75,6902.98,6906.03
1765449600,6907.88,6921.17,6897.67,6903.5
1765449900,6908.61,6922.2,6907.86,6920.49
1765450200,6915.09,6916.37,6908.21,6912.22
1765450500,6921.06,6921.29,6915.58,6916.34
1765450800,6917.5,6917.71,6896.27,6912.5
1765451100,6925.33,6938.2,6924.28,6931.33
1765451400,6922.55,6929.6,6911.6,6928.49
1765451700,6940.18,6954.27,6937.74,6941.8
1765452000,6935.95,6937.45,6921.79,6935.17
1765452300,6911.01,6918.1,6898.19,6908.23
1765452600,6908.88,6916.26,6908.05,6913.92
1765452900,6887.07,6898.51,6886.29,6889.25
1765453200,6876.12,6883.49,6873.34,6875.71
1765453500,6870.1,6873.12,6859.01,6867.83
1765453800,6859.86,6869.93,6858.3,6865.36
1765454100,6873.39,6878.36,6870.93,6877.09
1765454400,6874.05,6879.23,6859.9,6873.97
1765454700,6879.97,6889.77,6875.59,6884.72
1765455000,6886.03,6886.2,6879.32,6883.17
1765455300,6877.22,6880.49,6869.97,6875.56
1765455600,6888.56,6889.9,6883.81,6884.89
1765455900,6870.88,6874.24,6866.0,6868.94
1765456200,6859.6,6866.96,6844.98,6863.97
1765456500,6845.89,6850.41,6842.27,6849.51
1765456800,6842.57,6845.33,6836.76,6843.52
1765457100,6842.89,6845.47,6824.11,6832.29
1765457400,6835.64,6841.04,6825.97,6831.22
1765457700,6847.25,6854.35,6837.86,6843.22
1765458000,6876.0,6890.81,6875.7,6880.68
1765458300,6895.38,6901.24,6891.9,6894.14
1765458600,6882.5,6890.44,6866.81,6876.53
1765458900,6879.22,6884.18,6872.8,6877.42
1765459200,6882.99,6884.94,6880.74,6884.72
1765459500,6879.56,6880.97,6874.34,6878.13
1765459800,6880.36,6894.78,6876.43,6886.98
1765460100,6904.5,6910.42,6901.63,6906.64
1765460400,6908.23,6911.2,6897.12,6902.59
1765460700,6902.99,6912.07,6899.18,6911.81
1765461000,6883.66,6889.57,6881.75,6885.28
1765461300,6889.17,6891.84,6882.21,6887.38
1765461600,6873.81,6877.24,6860.08,6868.68
1765461900,6870.85,6880.78,6869.78,6874.57
1765462200,6876.77,6882.0,6874.11,6875.91
1765462500,6871.37,6873.16,6868.7,6872.71
1765462800,6889.54,6898.24,6886.46,6886.91
1765463100,6879.3,6880.16,6875.66,6878.48
1765463400,6890.2,6901.79,6883.79,6896.23
1765463700,6899.48,6902.84,6888.87,6897.17
1765464000,6903.85,6919.37,6902.33,6902.35
1765464300,6891.5,6895.82,6889.3,6891.93
1765464600,6903.33,6917.94,6901.63,6912.25
1765464900,6909.25,6915.17,6893.17,6893.4
1765465200,6900.37,6909.4,6891.68,6903.68
1765465500,6907.96,6911.82,6907.73,6910.15
1765465800,6907.73,6907.81,6906.62,6907.27
1765466100,6917.0,6920.64,6916.7,6920.49
1765466400,6911.41,6920.68,6903.6,6910.11
1765466700,6920.62,6923.36,6911.06,6917.55
1765467000,6932.66,6941.74,6925.25,6926.76
1765467300,6935.09,6937.17,6919.18,6926.95
1765467600,6931.37,6941.71,6923.11,6935.28
1765467900,6920.88,6923.2,6909.64,6912.17
1765468200,6940.18,6943.08,6939.11,6940.93
1765468500,6940.18,6948.89,6936.62,6945.65
1765468800,6935.37,6951.04,6929.37,6942.43
1765531800,6926.35,6932.42,6919.31,6923.9
1765532100,6926.82,6927.64,6919.79,6925.52
1765532400,6913.93,6924.92,6905.08,6917.93
1765532700,6919.64,6924.45,6917.66,6920.49
1765533000,6924.28,6929.67,6909.88,6913.28
1765533300,6923.05,6930.81,6916.42,6917.13
1765533600,6926.82,6930.24,6918.47,6921.79
1765533900,6926.82,6935.69,6914.16,6915.68
1765534200,6914.33,6920.79,6900.64,6910.26
1765534500,6906.32,6909.7,6897.67,6902.3
1765534800,6909.08,6913.57,6900.56,6905.94
1765535100,6909.46,6910.86,6891.66,6903.52
1765535400,6909.92,6918.75,6906.6,6912.08
1765535700,6912.02,6929.49,6908.96,6913.36
1765536000,6914.8,6921.8,6912.55,6915.43
1765536300,6908.98,6914.32,6892.47,6898.96
1765536600,6884.09,6899.54,6880.53,6895.62
1765536900,6896.08,6899.94,6881.51,6890.11
1765537200,6894.35,6900.18,6888.51,6898.99
1765537500,6914.71,6918.23,6909.46,6909.74
1765537800,6919.48,6925.32,6907.42,6916.71
1765538100,6915.44,6924.44,6911.1,6914.06
1765538400,6925.2,6930.56,6908.36,6916.52
1765538700,6924.87,6925.25,6914.61,6917.73
1765539000,6924.33,6935.02,6924.23,6927.95
1765539300,6925.59,6927.06,6921.19,6924.3
1765539600,6919.69,6928.99,6918.51,6927.17
1765539900,6919.11,6933.55,6913.98,6932.16
1765540200,6926.82,6929.41,6923.83,6927.7
1765540500,6915.92,6922.38,6909.86,6917.98
1765540800,6903.0,6905.93,6896.36,6900.5
1765541100,6891.22,6893.02,6883.9,6885.23
1765541400,6882.48,6899.37,6875.59,6889.26
1765541700,6902.95,6908.41,6893.61,6903.0
1765542000,6907.3,6915.52,6899.34,6900.5
1765542300,6890.39,6890.65,6884.0,6889.4
1765542600,6888.05,6890.63,6882.52,6885.12
1765542900,6882.11,6885.9,6875.09,6880.17
1765543200,6890.26,6904.12,6879.2,6889.59
1765543500,6886.76,6898.5,6875.35,6887.15
1765543800,6896.79,6901.6,6893.95,6897.49
1765544100,6903.34,6906.68,6902.88,6904.43
1765544400,6889.01,6894.11,6887.1,6890.71
1765544700,6888.86,6895.37,6887.97,6895.01
1765545000,6874.82,6881.63,6864.71,6868.19
1765545300,6867.34,6877.96,6866.47,6871.43
1765545600,6866.79,6885.29,6862.0,6873.62
1765545900,6859.44,6863.27,6849.94,6851.24
1765546200,6875.64,6882.49,6871.53,6881.13
1765546500,6878.92,6892.29,6870.6,6882.56
1765546800,6873.97,6879.85,6862.28,6866.85
1765547100,6867.12,6877.27,6861.97,6864.22
1765547400,6847.77,6854.39,6840.11,6852.03
1765547700,6849.47,6856.98,6847.06,6854.45
1765548000,6874.88,6886.53,6874.18,6882.2
1765548300,6874.3,6890.57,6866.8,6870.37
1765548600,6851.66,6855.67,6848.11,6852.04
1765548900,6856.4,6860.93,6844.14,6851.19
1765549200,6855.61,6868.35,6854.66,6855.87
1765549500,6839.45,6845.0,6829.41,6835.67
1765549800,6832.54,6839.1,6824.71,6833.97
1765550100,6830.31,6832.11,6809.88,6814.22
1765550400,6821.7,6826.13,6809.65,6812.96
1765550700,6831.29,6838.22,6825.77,6836.82
1765551000,6828.49,6838.88,6822.86,6823.82
1765551300,6844.34,6846.46,6841.41,6846.36
1765551600,6845.64,6852.04,6844.27,6846.38
1765551900,6851.03,6853.89,6842.67,6849.88
1765552200,6854.89,6857.33,6851.92,6857.21
1765552500,6868.59,6868.99,6863.27,6866.68
1765552800,6861.37,6863.4,6852.15,6857.13
1765553100,6843.87,6856.87,6841.94,6846.78
1765553400,6835.09,6839.58,6826.85,6834.11
1765553700,6829.7,6830.75,6821.12,6822.27
1765554000,6823.58,6824.71,6820.55,6821.62
1765554300,6819.93,6824.13,6809.58,6811.01
1765554600,6815.14,6815.38,6810.97,6814.01
1765554900,6795.71,6813.04,6792.38,6801.08
1765555200,6811.92,6812.0,6807.86,6811.19
1765791000,6840.24,6840.89,6836.19,6839.84
1765791300,6830.9,6832.99,6829.17,6832.85
1765791600,6827.96,6831.21,6824.23,6826.36
1765791900,6831.23,6837.42,6830.37,6837.11
1765792200,6833.95,6837.67,6832.74,6833.44
1765792500,6831.85,6836.19,6828.43,6831.94
1765792800,6827.34,6830.28,6825.1,6826.17
1765793100,6812.54,6820.31,6808.9,6817.6
1765793400,6819.32,6820.25,6818.12,6819.06
1765793700,6814.95,6819.31,6809.57,6813.3
1765794000,6811.69,6816.61,6806.76,6813.6
1765794300,6808.72,6811.18,6808.44,6810.38
1765794600,6818.24,6822.85,6811.18,6819.19
1765794900,6812.59,6812.62,6805.04,6807.52
1765795200,6815.61,6820.35,6813.7,6814.05
1765795500,6815.43,6818.29,6811.89,6817.94
1765795800,6818.76,6823.41,6810.71,6813.16
1765796100,6817.46,6819.27,6814.23,6818.27
1765796400,6810.72,6818.59,6808.58,6814.77
1765796700,6814.36,6817.14,6808.28,6808.72
1765797000,6821.06,6823.77,6820.12,6822.2
1765797300,6810.88,6816.07,6805.29,6810.18
1765797600,6814.17,6814.67,6804.58,6807.87
1765797900,6815.74,6823.56,6810.29,6811.88
1765798200,6809.12,6810.67,6805.15,6806.4
1765798500,6813.6,6817.37,6810.57,6814.04
1765798800,6833.43,6843.37,6832.17,6835.28
1765799100,6825.73,6829.88,6817.79,6821.9
1765799400,6832.7,6834.08,6829.29,6832.88
1765799700,6826.76,6835.27,6820.44,6824.4
1765800000,6833.65,6838.2,6829.22,6835.81
1765800300,6838.47,6839.67,6832.94,6838.72
1765800600,6837.29,6839.96,6834.18,6834.98
1765800900,6844.32,6845.91,6839.18,6844.48
1765801200,6834.56,6836.64,6833.94,6833.99
1765801500,6832.01,6834.96,6831.11,6831.65
1765801800,6830.32,6835.81,6830.29,6834.12
1765802100,6832.41,6838.4,6827.71,6827.78
1765802400,6841.66,6847.56,6838.06,6845.15
1765802700,6834.97,6836.45,6832.71,6833.15
1765803000,6833.66,6836.28,6827.57,6835.92
1765803300,6832.63,6836.05,6826.12,6835.43
1765803600,6826.31,6829.32,6822.0,6824.09
1765803900,6818.73,6819.42,6813.54,6817.24
1765804200,6817.07,6818.23,6812.78,6816.54
1765804500,6823.09,6827.69,6814.36,6816.32
1765804800,6832.82,6839.37,6831.55,6832.66
1765805100,6839.81,6842.83,6829.99,6834.25
1765805400,6839.77,6841.53,6836.03,6841.11
1765805700,6844.07,6845.65,6838.91,6841.69
1765806000,6832.57,6841.9,6830.11,6836.41
1765806300,6834.65,6835.62,6831.38,6833.48
1765806600,6837.35,6841.46,6832.81,6840.43
1765806900,6834.26,6839.77,6833.87,6836.09
1765807200,6839.75,6843.02,6839.66,6842.5
1765807500,6849.0,6851.94,6848.57,6850.24
1765807800,6839.77,6849.05,6834.96,6847.67
1765808100,6846.66,6853.04,6844.28,6845.43
1765808400,6834.58,6841.02,6834.25,6834.58
1765808700,6829.72,6830.45,6826.8,6829.55
1765809000,6820.63,6822.8,6816.49,6818.09
1765809300,6827.29,6834.11,6826.45,6829.2
1765809600,6833.04,6839.49,6828.7,6835.62
1765809900,6818.72,6822.67,6812.79,6816.32
1765810200,6820.91,6823.44,6815.18,6820.08
1765810500,6800.54,6802.7,6798.48,6802.2
1765810800,6803.62,6811.6,6796.95,6801.48
1765811100,6802.95,6803.34,6801.26,6801.55
1765811400,6806.75,6810.72,6804.51,6808.09
1765811700,6819.5,6819.58,6816.28,6817.36
1765812000,6821.0,6824.55,6819.43,6821.61
1765812300,6829.61,6833.01,6825.58,6832.93
1765812600,6837.15,6842.33,6831.92,6837.4
1765812900,6824.08,6824.79,6821.68,6824.02
1765813200,6823.65,6827.09,6822.78,6824.48
1765813500,6825.93,6828.65,6814.97,6820.44
1765813800,6823.25,6833.8,6819.13,6829.64
1765814100,6815.17,6819.45,6810.63,6811.94
1765814400,6816.0,6818.8,6813.45,6814.5
1765877400,6821.39,6824.6,6820.61,6824.26
1765877700,6811.69,6821.17,6806.9,6816.06
1765878000,6814.08,6818.27,6810.46,6810.65
1765878300,6809.98,6815.29,6800.42,6806.63
1765878600,6806.66,6811.25,6806.41,6810.87
1765878900,6805.79,6808.29,6801.44,6805.79
1765879200,6793.1,6798.79,6787.79,6790.54
1765879500,6799.55,6801.43,6796.99,6801.41
1765879800,6797.37,6801.85,6796.28,6799.27
1765880100,6799.55,6805.79,6799.15,6801.48
1765880400,6797.01,6802.09,6792.45,6797.94
1765880700,6796.7,6802.81,6796.58,6799.26
1765881000,6790.93,6793.13,6789.85,6791.44
1765881300,6796.57,6802.05,6796.19,6798.5
1765881600,6804.34,6807.63,6800.17,6802.49
1765881900,6794.97,6797.38,6792.04,6793.48
1765882200,6806.88,6811.16,6806.78,6807.44
1765882500,6801.99,6810.56,6796.96,6808.7
1765882800,6804.68,6806.8,6801.93,6803.17
1765883100,6796.54,6803.96,6796.31,6801.95
1765883400,6797.18,6799.87,6795.39,6797.1
1765883700,6810.16,6814.2,6805.49,6806.56
1765884000,6815.7,6816.59,6812.74,6814.99
1765884300,6818.91,6821.33,6811.72,6817.55
1765884600,6828.89,6833.12,6827.77,6832.3
1765884900,6841.22,6844.29,6839.67,6839.68
1765885200,6836.64,6844.89,6829.56,6836.17
1765885500,6830.19,6833.4,6823.17,6827.16
1765885800,6830.43,6835.88,6828.57,6830.55
1765886100,6831.97,6835.65,6828.41,6831.5
1765886400,6830.5,6834.38,6828.66,6830.48
1765886700,6841.22,6841.81,6831.15,6835.69
1765887000,6841.15,6841.31,6836.95,6839.61
1765887300,6834.68,6838.85,6830.89,6834.41
1765887600,6821.67,6824.17,6821.28,6824.02
1765887900,6820.92,6825.05,6818.12,6824.94
1765888200,6813.44,6816.49,6812.85,6813.58
1765888500,6812.36,6813.72,6808.76,6811.69
1765888800,6812.72,6819.55,6810.98,6814.73
1765889100,6818.21,6820.08,6814.84,6815.92
1765889400,6803.6,6809.36,6801.98,6803.28
1765889700,6804.43,6806.25,6800.74,6802.47
1765890000,6815.19,6817.97,6811.33,6814.66
1765890300,6798.81,6805.86,6792.21,6802.73
1765890600,6798.37,6802.2,6796.93,6799.8
1765890900,6798.14,6803.77,6794.59,6795.12
1765891200,6792.74,6800.92,6790.03,6796.47
1765891500,6791.13,6804.19,6789.36,6797.09
1765891800,6802.8,6806.83,6799.71,6805.74
1765892100,6806.33,6807.39,6792.79,6798.52
1765892400,6810.78,6813.35,6805.53,6810.68
1765892700,6803.16,6810.77,6795.88,6801.05
1765893000,6815.25,6817.92,6811.34,6814.48
1765893300,6820.1,6821.57,6814.43,6819.09
1765893600,6813.72,6814.5,6812.26,6813.05
1765893900,6823.58,6826.11,6821.19,6824.32
1765894200,6822.69,6831.74,6816.84,6820.39
1765894500,6818.91,6828.7,6816.68,6824.98
1765894800,6807.43,6808.07,6804.84,6805.58
1765895100,6792.74,6796.99,6791.48,6796.43
1765895400,6792.29,6797.55,6789.26,6792.82
1765895700,6794.15,6796.18,6791.11,6795.32
1765896000,6791.59,6792.65,6779.46,6786.61
1765896300,6802.16,6813.89,6799.61,6807.79
1765896600,6813.07,6815.62,6801.62,6808.76
1765896900,6814.51,6822.16,6814.2,6821.12
1765897200,6829.25,6829.3,6822.07,6825.27
1765897500,6812.17,6812.6,6808.68,6811.66
1765897800,6800.16,6801.86,6795.55,6796.8
1765898100,6801.78,6808.24,6800.91,6803.77
1765898400,6802.27,6803.2,6800.08,6800.43
1765898700,6799.71,6805.98,6791.27,6792.66
1765899000,6806.56,6810.3,6799.99,6804.69
1765899300,6804.67,6806.14,6804.64,6805.84
1765899600,6793.1,6794.1,6782.91,6784.08
1765899900,6789.9,6793.62,6783.48,6785.63
1765900200,6793.8,6798.35,6792.14,6795.71
1765900500,6793.16,6796.47,6791.44,6793.56
1765900800,6786.93,6790.35,6773.86,6775.63
1765963800,6805.32,6811.36,6790.36,6793.07
1765964100,6817.14,6826.19,6815.2,6822.26
1765964400,6819.82,6830.39,6814.25,6827.7
1765964700,6809.31,6821.33,6805.13,6809.66
1765965000,6815.22,6817.65,6806.25,6807.37
1765965300,6815.97,6817.0,6810.71,6811.25
1765965600,6821.33,6827.49,6811.86,6814.6
1765965900,6813.25,6813.69,6797.89,6806.91
1765966200,6810.73,6817.4,6799.56,6803.56
1765966500,6817.31,6821.88,6805.04,6812.3
1765966800,6800.71,6807.35,6798.85,6806.45
1765967100,6793.4,6797.4,6787.58,6793.1
1765967400,6777.99,6779.4,6770.39,6775.44
1765967700,6770.42,6774.56,6764.52,6767.64
1765968000,6779.72,6792.76,6773.8,6783.02
1765968300,6783.22,6787.23,6777.69,6783.58
1765968600,6782.3,6783.6,6773.88,6775.48
1765968900,6791.15,6795.58,6785.78,6789.87
1765969200,6782.31,6785.4,6778.58,6782.43
1765969500,6786.77,6796.48,6783.56,6793.81
1765969800,6795.91,6805.21,6789.94,6801.08
1765970100,6785.25,6790.87,6782.42,6784.16
1765970400,6773.33,6777.93,6772.31,6774.61
1765970700,6783.7,6784.82,6767.7,6779.96
1765971000,6779.76,6793.58,6775.13,6785.51
1765971300,6769.3,6783.05,6760.43,6767.47
1765971600,6757.43,6762.74,6755.25,6760.08
1765971900,6751.42,6758.79,6745.71,6758.07
1765972200,6767.5,6779.01,6764.3,6765.22
1765972500,6762.62,6766.36,6754.55,6763.98
1765972800,6734.45,6743.79,6724.3,6735.75
1765973100,6738.86,6743.3,6711.9,6721.97
1765973400,6736.06,6738.5,6728.77,6729.51
1765973700,6758.0,6770.22,6753.14,6765.28
1765974000,6759.69,6771.78,6758.61,6760.73
1765974300,6775.12,6788.21,6771.71,6785.22
1765974600,6769.49,6777.91,6766.23,6770.7
1765974900,6748.39,6752.6,6747.6,6750.38
1765975200,6758.65,6760.02,6758.35,6759.49
1765975500,6747.17,6750.04,6743.8,6746.13
1765975800,6742.31,6744.2,6731.73,6736.55
1765976100,6721.51,6724.74,6707.94,6713.53
1765976400,6729.07,6736.34,6726.89,6733.28
1765976700,6729.76,6737.57,6727.98,6734.6
1765977000,6711.52,6712.6,6694.46,6701.45
1765977300,6721.31,6723.7,6717.65,6722.98
1765977600,6715.84,6717.26,6704.85,6707.72
1765977900,6715.26,6719.82,6713.44,6715.12
1765978200,6716.61,6720.45,6710.87,6719.23
1765978500,6725.09,6726.55,6722.16,6723.85
1765978800,6738.3,6743.9,6722.98,6724.22
1765979100,6731.72,6746.34,6727.47,6738.12
1765979400,6732.28,6735.31,6725.69,6730.57
1765979700,6724.23,6732.53,6715.15,6731.46
1765980000,6749.49,6752.07,6743.15,6746.65
1765980300,6734.44,6740.84,6729.85,6732.81
1765980600,6732.01,6739.72,6725.44,6726.54
1765980900,6737.43,6744.41,6728.29,6732.17
1765981200,6731.18,6733.19,6724.95,6732.84
1765981500,6741.13,6747.39,6739.3,6743.27
1765981800,6741.54,6749.36,6741.33,6742.6
1765982100,6747.97,6754.0,6740.05,6742.58
1765982400,6752.78,6760.47,6742.47,6748.52
1765982700,6764.84,6773.7,6759.07,6760.61
1765983000,6779.52,6780.28,6764.75,6770.36
1765983300,6788.29,6793.14,6775.1,6781.07
1765983600,6784.12,6788.08,6782.13,6783.82
1765983900,6766.53,6772.45,6758.33,6768.53
1765984200,6765.33,6768.88,6750.87,6760.55
1765984500,6771.49,6774.11,6764.21,6766.77
1765984800,6751.0,6752.75,6742.32,6751.63
1765985100,6735.35,6741.02,6731.15,6735.23
1765985400,6756.45,6770.04,6740.06,6765.69
1765985700,6755.25,6761.1,6752.4,6756.68
1765986000,6742.86,6743.63,6730.84,6734.68
1765986300,6745.0,6745.31,6729.83,6733.84
1765986600,6746.32,6759.66,6745.32,6750.83
1765986900,6734.05,6745.76,6731.41,6738.63
1765987200,6760.23,6764.86,6758.15,6760.08
1766050200,6731.07,6732.1,6729.91,6730.34
1766050500,6734.57,6749.43,6733.26,6741.47
1766050800,6721.04,6730.15,6713.8,6725.74
1766051100,6721.36,6722.35,6712.08,6714.81
1766051400,6732.75,6735.32,6730.67,6732.79
1766051700,6725.55,6730.96,6720.36,6726.4
1766052000,6724.43,6724.83,6707.45,6716.94
1766052300,6725.75,6731.01,6720.34,6728.99
1766052600,6731.31,6738.58,6726.15,6727.05
1766052900,6722.67,6728.72,6709.78,6714.89
1766053200,6730.88,6730.97,6730.23,6730.54
1766053500,6738.76,6742.67,6738.16,6738.27
1766053800,6723.35,6731.73,6718.6,6727.16
1766054100,6739.33,6743.67,6725.72,6734.97
1766054400,6751.22,6758.5,6748.22,6748.81
1766054700,6751.38,6756.45,6744.0,6755.77
1766055000,6746.91,6749.42,6734.45,6744.28
1766055300,6733.62,6739.71,6727.01,6734.16
1766055600,6730.99,6743.84,6724.54,6736.79
1766055900,6736.75,6746.66,6734.54,6744.5
1766056200,6743.23,6746.21,6742.39,6744.26
1766056500,6736.65,6740.72,6733.41,6739.63
1766056800,6744.88,6747.45,6731.29,6736.75
1766057100,6753.63,6759.29,6753.28,6755.22
1766057400,6741.42,6748.85,6737.26,6746.96
1766057700,6752.2,6757.23,6738.7,6741.35
1766058000,6765.1,6765.64,6757.03,6763.35
1766058300,6768.18,6775.82,6757.33,6763.33
1766058600,6766.64,6771.08,6758.39,6767.42
1766058900,6746.95,6751.74,6742.55,6742.59
1766059200,6760.11,6768.95,6756.72,6761.31
1766059500,6762.4,6768.96,6761.03,6763.35
1766059800,6746.08,6749.46,6740.49,6740.62
1766060100,6744.52,6749.65,6743.63,6747.42
1766060400,6748.27,6756.12,6745.32,6754.9
1766060700,6754.27,6759.79,6753.73,6759.19
1766061000,6766.65,6773.52,6757.74,6762.63
1766061300,6756.37,6762.18,6755.2,6757.38
1766061600,6743.64,6748.16,6742.48,6747.93
1766061900,6729.78,6735.45,6717.91,6729.92
1766062200,6740.89,6745.72,6735.52,6738.3
1766062500,6745.83,6748.62,6742.11,6745.87
1766062800,6736.27,6737.04,6726.83,6732.32
1766063100,6741.37,6745.2,6735.3,6741.67
1766063400,6738.26,6743.71,6736.79,6741.21
1766063700,6743.23,6746.67,6733.39,6738.49
1766064000,6745.37,6750.41,6737.7,6740.85
1766064300,6747.93,6757.06,6746.89,6753.82
1766064600,6757.75,6765.88,6748.75,6763.4
1766064900,6745.24,6750.51,6737.03,6740.93
1766065200,6743.52,6748.63,6738.81,6741.85
1766065500,6747.02,6747.98,6738.49,6746.51
1766065800,6749.44,6749.96,6740.91,6745.31
1766066100,6751.35,6758.27,6747.54,6755.62
1766066400,6751.45,6756.67,6747.22,6754.13
1766066700,6750.53,6754.01,6733.78,6741.03
1766067000,6753.32,6755.54,6747.62,6753.9
1766067300,6758.92,6759.83,6754.27,6756.64
1766067600,6761.44,6769.54,6758.19,6762.76
1766067900,6745.9,6753.1,6740.31,6748.01
1766068200,6756.74,6767.18,6751.44,6760.52
1766068500,6761.95,6773.97,6761.89,6764.48
1766068800,6770.03,6776.35,6764.84,6776.04
1766069100,6762.37,6772.24,6752.57,6769.38
1766069400,6756.36,6757.82,6747.93,6753.71
1766069700,6758.99,6762.73,6749.22,6758.13
1766070000,6768.53,6770.5,6761.42,6765.03
1766070300,6771.45,6775.02,6769.36,6772.75
1766070600,6777.02,6781.24,6775.63,6776.55
1766070900,6774.27,6792.49,6771.03,6782.67
1766071200,6781.01,6781.66,6770.72,6777.28
1766071500,6779.5,6780.57,6766.56,6771.63
1766071800,6806.89,6814.78,6800.81,6814.57
1766072100,6798.13,6802.32,6794.89,6796.59
1766072400,6789.63,6801.31,6783.63,6793.39
1766072700,6802.67,6808.4,6801.58,6807.18
1766073000,6800.97,6806.1,6787.44,6790.35
1766073300,6801.68,6803.75,6793.93,6798.63
1766073600,6793.28,6807.43,6791.13,6803.49
1766136600,6778.35,6783.45,6776.49,6780.71
1766136900,6774.82,6775.06,6770.86,6772.27
1766137200,6781.83,6783.42,6780.89,6782.0
1766137500,6789.69,6793.22,6787.06,6788.19
1766137800,6782.36,6783.13,6779.18,6781.64
1766138100,6776.11,6777.72,6775.94,6776.55
1766138400,6781.02,6784.41,6777.73,6783.59
1766138700,6779.71,6779.75,6776.07,6776.87
1766139000,6784.06,6786.3,6781.26,6783.27
1766139300,6788.29,6790.48,6788.14,6790.08
1766139600,6782.58,6784.71,6778.75,6780.92
1766139900,6782.62,6782.74,6780.23,6780.94
1766140200,6782.41,6782.65,6782.38,6782.53
1766140500,6777.68,6779.04,6775.04,6777.62
1766140800,6780.5,6782.76,6780.11,6781.15
1766141100,6783.16,6784.23,6780.13,6781.62
1766141400,6782.27,6783.16,6780.71,6781.5
1766141700,6778.65,6779.93,6776.58,6778.0
1766142000,6780.99,6781.73,6780.0,6780.71
1766142300,6781.45,6783.08,6779.64,6780.99
1766142600,6781.14,6781.88,6779.03,6779.52
1766142900,6789.33,6792.01,6788.33,6790.63
1766143200,6789.85,6791.49,6787.75,6790.41
1766143500,6787.12,6787.28,6783.97,6787.27
1766143800,6780.13,6784.29,6778.35,6778.93
1766144100,6775.41,6776.44,6769.08,6772.89
1766144400,6771.44,6773.14,6768.01,6768.9
1766144700,6772.25,6776.88,6771.85,6776.57
1766145000,6781.63,6782.82,6780.05,6781.86
1766145300,6780.93,6781.64,6777.21,6781.56
1766145600,6782.48,6783.74,6779.08,6780.35
1766145900,6781.8,6782.17,6779.66,6779.91
1766146200,6784.34,6786.49,6778.89,6780.78
1766146500,6786.57,6791.08,6784.86,6788.73
1766146800,6782.28,6786.74,6780.03,6786.43
1766147100,6783.45,6788.65,6780.83,6783.36
1766147400,6777.17,6777.36,6771.48,6773.75
1766147700,6784.5,6785.61,6779.81,6782.42
1766148000,6784.55,6784.98,6780.57,6783.43
1766148300,6782.01,6784.57,6778.59,6781.49
1766148600,6781.74,6783.73,6781.57,6782.49
1766148900,6782.48,6788.41,6780.06,6783.44
1766149200,6786.89,6787.69,6782.18,6785.54
1766149500,6782.77,6784.42,6779.83,6781.21
1766149800,6781.63,6785.29,6780.57,6780.88
1766150100,6785.42,6787.08,6784.72,6786.29
1766150400,6781.36,6783.28,6774.89,6778.64
1766150700,6782.06,6784.62,6781.24,6784.3
1766151000,6784.68,6786.35,6784.1,6785.11
1766151300,6785.43,6788.63,6782.79,6787.68
1766151600,6786.42,6787.79,6786.34,6787.72
1766151900,6784.3,6787.0,6779.39,6781.65
1766152200,6786.71,6787.62,6785.31,6787.36
1766152500,6785.42,6787.28,6784.62,6784.84
1766152800,6789.05,6792.43,6787.05,6787.32
1766153100,6783.68,6786.91,6780.76,6785.6
1766153400,6788.63,6789.39,6786.13,6788.86
1766153700,6789.02,6790.01,6786.56,6788.77
1766154000,6791.01,6792.98,6789.89,6792.04
1766154300,6792.18,6796.67,6788.79,6790.84
1766154600,6799.07,6803.42,6793.04,6794.34
1766154900,6795.56,6796.44,6792.67,6794.47
1766155200,6797.77,6802.19,6796.12,6799.27
1766155500,6798.66,6800.24,6797.34,6797.36
1766155800,6795.26,6798.43,6793.9,6796.32
1766156100,6789.41,6795.18,6788.62,6791.54
1766156400,6789.73,6792.84,6783.95,6791.9
1766156700,6787.22,6788.79,6787.0,6788.12
1766157000,6789.3,6791.56,6786.92,6787.23
1766157300,6794.27,6795.01,6791.51,6794.16
1766157600,6791.58,6795.13,6790.36,6790.42
1766157900,6795.36,6799.25,6793.35,6797.79
1766158200,6795.26,6798.26,6793.79,6794.58
1766158500,6791.84,6792.92,6791.36,6791.69
1766158800,6793.38,6793.94,6790.86,6792.14
1766159100,6793.34,6796.38,6790.49,6793.98
1766159400,6796.81,6798.2,6793.46,6797.41
1766159700,6793.13,6795.83,6787.5,6790.53
1766160000,6793.63,6794.95,6793.4,6793.77
1766395800,6906.38,6908.51,6903.98,6907.31
1766396100,6907.35,6907.6,6904.94,6905.56
1766396400,6913.51,6915.71,6910.29,6911.91
1766396700,6915.18,6918.59,6914.1,6914.97
1766397000,6919.96,6920.42,6918.33,6918.5
1766397300,6911.69,6912.45,6905.85,6909.05
1766397600,6911.27,6913.23,6908.26,6911.61
1766397900,6912.48,6916.23,6911.56,6912.56
1766398200,6910.78,6911.4,6907.9,6908.26
1766398500,6903.95,6907.68,6902.03,6906.86
1766398800,6908.53,6912.54,6907.64,6911.05
1766399100,6911.76,6915.21,6910.69,6912.31
1766399400,6916.17,6920.27,6914.78,6916.19
1766399700,6924.15,6924.59,6919.7,6921.7
1766400000,6926.63,6932.2,6923.5,6928.41
1766400300,6926.8,6927.82,6923.97,6924.56
1766400600,6925.61,6926.66,6921.4,6922.65
1766400900,6922.41,6924.51,6917.48,6919.78
1766401200,6918.19,6920.51,6916.85,6919.28
1766401500,6915.66,6917.05,6911.45,6913.39
1766401800,6912.13,6914.04,6911.6,6913.77
1766402100,6911.17,6911.9,6908.76,6910.73
1766402400,6918.47,6919.17,6915.43,6918.98
1766402700,6916.7,6917.9,6914.91,6915.94
1766403000,6915.82,6916.5,6915.5,6916.38
1766403300,6917.03,6919.86,6916.05,6919.17
1766403600,6915.46,6917.06,6911.03,6913.34
1766403900,6914.76,6914.85,6912.06,6912.67
1766404200,6915.4,6916.84,6912.15,6914.81
1766404500,6916.42,6917.03,6914.47,6915.52
1766404800,6916.62,6919.75,6914.88,6918.23
1766405100,6921.96,6925.88,6921.13,6924.97
1766405400,6919.97,6921.59,6915.36,6919.62
1766405700,6920.85,6925.09,6918.7,6921.89
1766406000,6923.45,6925.74,6921.42,6924.45
1766406300,6918.58,6921.16,6916.37,6920.1
1766406600,6920.05,6924.15,6916.89,6922.07
1766406900,6924.18,6925.82,6922.33,6924.17
1766407200,6923.07,6923.12,6919.76,6922.61
1766407500,6927.52,6928.48,6926.35,6926.48
1766407800,6931.32,6934.3,6928.95,6930.35
1766408100,6933.84,6934.66,6933.26,6934.24
1766408400,6931.24,6936.5,6930.61,6932.05
1766408700,6924.76,6924.82,6921.94,6924.53
1766409000,6924.66,6925.16,6921.46,6922.0
1766409300,6924.59,6927.28,6924.42,6925.5
1766409600,6920.49,6922.38,6918.71,6919.96
1766409900,6924.45,6929.47,6922.9,6927.08
1766410200,6922.8,6925.43,6922.64,6923.28
1766410500,6919.67,6922.06,6917.55,6917.56
1766410800,6918.09,6918.33,6916.79,6917.36
1766411100,6916.52,6916.94,6915.63,6916.03
1766411400,6913.72,6916.29,6912.33,6916.21
1766411700,6915.63,6917.47,6913.26,6914.41
1766412000,6913.04,6914.82,6912.88,6913.27
1766412300,6912.03,6913.35,6909.39,6910.49
1766412600,6913.08,6915.64,6911.22,6915.0
1766412900,6912.15,6914.03,6910.91,6911.16
1766413200,6913.8,6915.5,6910.18,6911.59
1766413500,6918.04,6923.77,6917.42,6920.33
1766413800,6916.67,6918.22,6916.38,6917.36
1766414100,6912.57,6919.26,6910.62,6919.24
1766414400,6912.12,6914.93,6911.75,6913.66
1766414700,6907.05,6909.29,6901.7,6907.05
1766415000,6909.44,6911.32,6907.96,6909.03
1766415300,6918.17,6923.17,6918.13,6920.58
1766415600,6922.03,6922.11,6921.08,6921.84
1766415900,6924.48,6924.69,6923.34,6924.54
1766416200,6918.12,6920.29,6916.94,6919.65
1766416500,6918.81,6925.81,6917.4,6921.45
1766416800,6916.25,6919.23,6915.99,6918.15
1766417100,6920.65,6922.42,6917.32,6921.36
1766417400,6923.98,6926.85,6923.71,6924.13
1766417700,6930.39,6930.99,6930.3,6930.31
1766418000,6926.61,6928.19,6923.87,6925.75
1766418300,6922.28,6924.22,6919.17,6923.46
1766418600,6917.06,6917.76,6915.1,6917.58
1766418900,6914.26,6916.79,6913.55,6916.73
1766419200,6914.43,6916.13,6910.62,6913.87
1766482200,6932.96,6934.41,6930.19,6931.79
1766482500,6924.51,6928.75,6922.18,6924.69
1766482800,6925.01,6927.59,6924.18,6926.15
1766483100,6931.79,6932.61,6926.39,6928.54
1766483400,6941.96,6947.52,6941.4,6946.27
1766483700,6940.03,6940.98,6937.15,6939.38
1766484000,6934.54,6936.16,6931.89,6933.49
1766484300,6935.17,6938.83,6933.62,6936.0
1766484600,6931.37,6933.54,6929.57,6931.07
1766484900,6928.85,6934.07,6925.03,6930.6
1766485200,6927.85,6929.48,6926.23,6928.66
1766485500,6923.4,6925.65,6920.57,6923.97
1766485800,6921.76,6927.29,6921.45,6924.35
1766486100,6924.9,6926.7,6920.13,6922.69
1766486400,6918.54,6922.14,6917.15,6920.57
1766486700,6922.63,6926.15,6922.39,6925.87
1766487000,6936.11,6936.85,6930.56,6933.28
1766487300,6933.79,6935.77,6931.33,6932.01
1766487600,6936.12,6938.5,6934.69,6938.39
1766487900,6937.16,6939.95,6933.83,6934.6
1766488200,6933.89,6935.96,6933.45,6934.83
1766488500,6935.8,6936.38,6933.48,6935.39
1766488800,6932.18,6932.45,6923.1,6929.33
1766489100,6939.78,6941.52,6935.93,6938.56
1766489400,6945.61,6946.55,6944.98,6946.07
1766489700,6946.99,6952.59,6946.94,6951.76
1766490000,6945.17,6947.21,6944.58,6946.75
1766490300,6942.03,6950.72,6939.43,6945.97
1766490600,6940.45,6943.31,6936.23,6942.71
1766490900,6939.76,6940.52,6931.95,6935.74
1766491200,6933.4,6940.78,6926.34,6938.21
1766491500,6938.99,6942.27,6938.33,6938.87
1766491800,6943.86,6947.61,6941.58,6947.05
1766492100,6942.85,6944.31,6937.25,6938.04
1766492400,6952.81,6960.44,6951.62,6956.75
1766492700,6957.13,6960.09,6950.91,6953.82
1766493000,6960.68,6961.81,6957.33,6961.05
1766493300,6957.83,6962.79,6954.66,6958.56
1766493600,6958.83,6959.56,6954.06,6955.96
1766493900,6958.38,6962.27,6955.13,6956.36
1766494200,6954.19,6956.21,6952.31,6953.11
1766494500,6949.63,6955.7,6949.42,6952.39
1766494800,6951.31,6954.91,6949.64,6951.67
1766495100,6945.69,6955.08,6939.25,6950.61
1766495400,6944.89,6948.78,6942.75,6948.08
1766495700,6954.79,6957.24,6953.07,6956.98
1766496000,6955.7,6956.94,6953.72,6956.27
1766496300,6951.76,6953.48,6949.77,6951.8
1766496600,6951.81,6956.14,6950.07,6955.88
1766496900,6945.97,6947.26,6936.98,6942.79
1766497200,6948.09,6949.02,6946.1,6948.08
1766497500,6948.47,6949.82,6945.21,6947.29
1766497800,6949.38,6955.43,6946.44,6951.82
1766498100,6952.68,6954.35,6946.86,6947.15
1766498400,6959.22,6959.48,6956.18,6956.78
1766498700,6952.21,6953.73,6950.08,6953.59
1766499000,6956.58,6957.07,6950.88,6952.79
1766499300,6955.17,6955.88,6948.83,6954.54
1766499600,6954.86,6955.95,6952.49,6954.69
1766499900,6944.55,6944.71,6939.07,6941.61
1766500200,6947.83,6952.27,6945.97,6950.2
1766500500,6953.23,6957.43,6951.62,6955.98
1766500800,6957.19,6958.39,6955.16,6955.19
1766501100,6957.76,6962.45,6955.64,6958.04
1766501400,6958.82,6963.46,6958.47,6961.77
1766501700,6962.75,6963.23,6961.23,6962.62
1766502000,6968.8,6968.9,6963.09,6966.55
1766502300,6968.8,6969.4,6963.77,6964.63
1766502600,6957.77,6958.99,6947.5,6954.65
1766502900,6961.22,6966.45,6961.13,6965.04
1766503200,6966.07,6966.85,6961.3,6963.44
1766503500,6962.62,6968.91,6960.84,6966.3
1766503800,6950.68,6955.84,6947.54,6951.76
1766504100,6950.26,6954.19,6947.67,6948.03
1766504400,6947.54,6951.12,6946.91,6950.7
1766504700,6951.26,6952.81,6951.11,6951.94
1766505000,6954.01,6954.52,6945.34,6949.67
1766505300,6952.6,6954.45,6949.95,6951.55
1766505600,6950.96,6957.68,6949.58,6951.44
1766568600,6955.4,6958.84,6954.29,6954.33
1766568900,6955.99,6956.41,6951.29,6953.39
1766569200,6962.13,6964.03,6957.9,6963.17
1766569500,6965.73,6967.71,6965.67,6967.58
1766569800,6963.04,6964.15,6957.11,6959.79
1766570100,6962.74,6963.63,6960.25,6960.95
1766570400,6963.41,6967.78,6961.85,6967.14
1766570700,6965.89,6968.79,6962.66,6963.59
1766571000,6962.55,6966.28,6961.03,6962.66
1766571300,6967.72,6969.27,6965.99,6966.33
1766571600,6962.97,6964.88,6959.84,6963.76
1766571900,6962.75,6965.69,6960.0,6960.53
1766572200,6966.12,6967.81,6963.0,6963.94
1766572500,6961.31,6966.24,6960.06,6964.23
1766572800,6958.67,6960.71,6954.65,6957.62
1766573100,6961.32,6964.94,6959.27,6960.92
1766573400,6959.4,6961.53,6956.8,6961.34
1766573700,6957.2,6960.48,6954.78,6956.48
1766574000,6954.77,6959.82,6953.5,6957.01
1766574300,6958.14,6958.72,6955.12,6956.93
1766574600,6962.34,6963.7,6959.86,6962.25
1766574900,6961.98,6964.21,6954.82,6959.67
1766575200,6960.43,6963.3,6957.08,6958.3
1766575500,6968.27,6969.28,6964.5,6969.16
1766575800,6963.51,6964.35,6962.04,6962.59
1766576100,6961.8,6962.49,6960.5,6962.09
1766576400,6960.33,6960.76,6956.84,6958.64
1766576700,6969.77,6970.77,6967.41,6969.37
1766577000,6970.9,6972.67,6966.14,6972.0
1766577300,6971.72,6973.17,6970.15,6971.42
1766577600,6966.47,6967.53,6966.33,6966.6
1766577900,6969.56,6971.55,6966.2,6971.21
1766578200,6967.9,6971.33,6964.29,6967.31
1766578500,6967.89,6968.96,6965.91,6967.06
1766578800,6965.63,6965.97,6962.3,6963.22
1766579100,6966.78,6968.79,6964.31,6965.79
1766579400,6963.96,6966.95,6960.08,6961.23
1766579700,6968.68,6973.24,6967.13,6972.07
1766580000,6971.71,6971.78,6967.98,6970.0
1766580300,6974.7,6978.27,6972.18,6976.59
1766580600,6975.98,6978.56,6974.01,6975.31
1766580900,6978.42,6979.14,6976.88,6978.69
1766581200,6968.69,6970.49,6966.01,6967.43
1766581500,6967.95,6967.98,6965.06,6966.75
1766581800,6964.59,6965.45,6962.49,6964.49
1766582100,6967.96,6972.29,6967.74,6969.58
1766582400,6967.1,6970.19,6967.0,6967.49
1766582700,6959.83,6963.48,6959.05,6962.7
1766583000,6956.69,6958.66,6952.18,6954.56
1766583300,6955.98,6956.07,6954.27,6954.31
1766583600,6956.04,6957.06,6953.92,6954.02
1766583900,6954.1,6958.44,6953.63,6955.12
1766584200,6954.6,6958.51,6954.23,6957.11
1766584500,6953.23,6953.46,6944.12,6950.18
1766584800,6956.29,6959.85,6954.14,6955.6
1766585100,6966.0,6966.49,6961.23,6963.02
1766585400,6968.65,6971.9,6967.66,6971.26
1766585700,6962.93,6964.7,6958.88,6961.91
1766586000,6967.73,6970.12,6964.27,6964.91
1766586300,6970.98,6972.62,6970.06,6971.5
1766586600,6976.73,6977.31,6975.17,6976.35
1766586900,6972.49,6972.97,6970.68,6972.09
1766587200,6970.31,6973.27,6966.85,6971.19
1766587500,6971.02,6971.05,6968.42,6969.85
1766587800,6973.66,6975.64,6972.43,6974.26
1766588100,6974.19,6977.96,6973.65,6975.84
1766588400,6971.34,6973.67,6969.57,6972.3
1766588700,6972.16,6976.09,6970.75,6973.0
1766589000,6975.17,6977.03,6972.16,6974.27
1766589300,6979.04,6984.01,6978.86,6981.89
1766589600,6979.58,6980.58,6978.27,6978.94
1766589900,6976.26,6979.62,6973.92,6975.35
1766590200,6973.97,6979.57,6970.31,6976.16
1766590500,6973.91,6976.51,6971.77,6972.49
1766590800,6973.31,6975.25,6970.37,6974.94
1766591100,6971.66,6972.73,6970.9,6972.35
1766591400,6978.07,6981.7,6976.98,6977.43
1766591700,6978.73,6979.73,6976.11,6977.93
1766592000,6977.24,6979.8,6974.73,6979.12
1766741400,6982.05,6983.41,6981.92,6982.46
1766741700,6981.89,6983.22,6980.9,6982.63
1766742000,6985.98,6988.62,6984.86,6987.45
1766742300,6989.84,6990.92,6987.22,6987.51
1766742600,6988.72,6992.03,6988.43,6990.11
1766742900,6985.79,6987.04,6984.72,6985.17
1766743200,6985.09,6985.8,6982.81,6983.98
1766743500,6984.31,6987.92,6982.31,6986.49
1766743800,6985.5,6985.6,6982.84,6984.21
1766744100,6984.21,6987.69,6980.05,6985.6
1766744400,6987.48,6988.63,6986.47,6987.36
1766744700,6982.12,6984.62,6979.79,6983.32
1766745000,6982.22,6982.68,6979.11,6979.79
1766745300,6979.42,6981.02,6975.9,6977.22
1766745600,6978.89,6979.85,6978.03,6979.46
1766745900,6979.99,6980.97,6979.77,6980.91
1766746200,6979.48,6980.23,6978.03,6979.03
1766746500,6975.04,6977.37,6973.35,6975.33
1766746800,6981.24,6982.27,6980.01,6980.79
1766747100,6980.33,6981.65,6979.72,6980.85
1766747400,6981.89,6983.1,6980.63,6981.34
1766747700,6982.67,6983.08,6978.53,6981.3
1766748000,6984.67,6985.36,6984.36,6984.91
1766748300,6980.51,6981.5,6980.0,6981.41
1766748600,6977.94,6978.6,6973.93,6974.67
1766748900,6979.56,6981.03,6978.87,6979.85
1766749200,6976.63,6977.8,6975.61,6976.63
1766749500,6975.09,6975.91,6974.57,6975.01
1766749800,6973.77,6975.72,6971.66,6975.3
1766750100,6972.94,6976.73,6972.94,6974.68
1766750400,6969.95,6970.58,6966.92,6967.7
1766750700,6972.01,6972.32,6971.06,6972.29
1766751000,6972.8,6975.93,6972.08,6974.61
1766751300,6977.65,6979.29,6977.43,6979.0
1766751600,6979.76,6980.3,6977.79,6979.3
1766751900,6978.2,6978.89,6975.89,6976.22
1766752200,6979.98,6981.06,6979.61,6980.32
1766752500,6979.38,6979.46,6977.43,6978.79
1766752800,6979.69,6979.99,6979.09,6979.51
1766753100,6981.55,6981.8,6979.05,6979.92
1766753400,6977.96,6978.91,6975.76,6976.75
1766753700,6976.39,6977.99,6975.66,6977.05
1766754000,6974.15,6975.42,6973.62,6973.65
1766754300,6975.76,6976.21,6971.45,6972.9
1766754600,6976.16,6978.61,6974.11,6977.74
1766754900,6979.04,6980.02,6976.73,6977.92
1766755200,6978.96,6980.78,6975.29,6976.03
1766755500,6982.75,6987.8,6982.15,6984.41
1766755800,6982.97,6985.57,6982.68,6984.8
1766756100,6983.75,6985.31,6983.32,6983.8
1766756400,6980.43,6984.27,6980.2,6982.88
1766756700,6983.28,6984.72,6982.58,6984.25
1766757000,6981.42,6982.62,6979.94,6981.55
1766757300,6984.22,6986.55,6982.69,6985.31
1766757600,6985.53,6987.11,6985.37,6986.33
1766757900,6979.33,6979.77,6976.98,6977.36
1766758200,6979.47,6981.56,6978.77,6980.09
1766758500,6979.19,6982.81,6978.58,6981.45
1766758800,6981.92,6982.32,6981.51,6981.61
1766759100,6983.49,6985.57,6982.42,6984.41
1766759400,6983.08,6983.52,6982.18,6982.83
1766759700,6984.04,6988.53,6982.71,6985.85
1766760000,6989.78,6994.01,6989.2,6993.4
1766760300,6988.52,6991.66,6986.07,6991.54
1766760600,6986.84,6987.23,6984.82,6985.48
1766760900,6984.4,6985.86,6983.71,6984.14
1766761200,6985.6,6987.92,6983.89,6986.39
1766761500,6986.13,6988.17,6983.57,6985.05
1766761800,6984.86,6985.25,6984.6,6985.03
1766762100,6985.98,6987.96,6984.75,6987.4
1766762400,6980.62,6980.71,6978.26,6978.69
1766762700,6983.33,6985.86,6980.86,6984.16
1766763000,6983.3,6984.96,6981.32,6981.48
1766763300,6985.83,6987.76,6985.4,6986.48
1766763600,6984.18,6987.3,6981.9,6983.16
1766763900,6983.69,6984.54,6981.74,6982.52
1766764200,6982.48,6984.19,6981.24,6982.48
1766764500,6980.45,6983.16,6979.73,6982.82
1766764800,6981.52,6983.51,6980.1,6982.49
1767000600,6985.79,6987.04,6982.36,6982.47
1767000900,6977.53,6980.84,6975.68,6977.15
1767001200,6977.82,6982.03,6977.44,6980.05
1767001500,6977.15,6978.83,6972.9,6976.11
1767001800,6977.62,6983.71,6975.84,6981.76
1767002100,6979.9,6983.38,6978.07,6978.29
1767002400,6978.77,6983.43,6978.49,6981.71
1767002700,6979.4,6980.09,6974.49,6977.88
1767003000,6974.5,6974.57,6971.83,6972.36
1767003300,6976.44,6982.23,6969.07,6976.53
1767003600,6977.11,6977.75,6971.66,6974.87
1767003900,6978.66,6981.41,6976.44,6977.98
1767004200,6979.75,6982.37,6977.99,6978.77
1767004500,6969.15,6974.17,6964.93,6969.92
1767004800,6972.14,6975.26,6970.26,6972.91
1767005100,6975.39,6978.88,6962.29,6965.69
1767005400,6971.32,6974.74,6970.29,6971.69
1767005700,6980.88,6982.53,6976.07,6980.19
1767006000,6974.11,6978.29,6971.69,6977.93
1767006300,6971.96,6975.23,6971.94,6973.48
1767006600,6974.78,6979.15,6973.31,6975.55
1767006900,6969.82,6972.35,6968.7,6971.67
1767007200,6974.42,6976.74,6974.02,6975.52
1767007500,6973.87,6979.38,6969.64,6974.59
1767007800,6967.15,6969.26,6962.97,6964.09
1767008100,6961.68,6962.55,6958.79,6961.1
1767008400,6955.41,6957.15,6950.78,6951.39
1767008700,6949.65,6950.88,6944.82,6947.47
1767009000,6952.37,6954.38,6947.31,6947.89
1767009300,6961.85,6963.5,6957.06,6957.71
1767009600,6963.14,6965.57,6958.25,6965.12
1767009900,6963.65,6968.24,6959.77,6967.81
1767010200,6962.01,6963.58,6961.13,6961.56
1767010500,6962.47,6965.77,6957.27,6961.68
1767010800,6962.19,6970.56,6960.68,6966.48
1767011100,6964.87,6969.27,6957.67,6961.14
1767011400,6962.13,6965.9,6960.44,6963.66
1767011700,6960.94,6962.59,6958.31,6959.49
1767012000,6959.35,6969.02,6956.62,6964.33
1767012300,6952.72,6954.7,6949.07,6950.38
1767012600,6958.23,6960.77,6956.04,6958.1
1767012900,6963.94,6967.07,6961.11,6966.42
1767013200,6963.68,6967.34,6963.61,6964.18
1767013500,6962.85,6967.43,6960.77,6966.87
1767013800,6962.9,6965.18,6962.28,6963.8
1767014100,6958.64,6963.88,6958.4,6960.73
1767014400,6959.41,6960.48,6954.29,6957.32
1767014700,6966.14,6967.63,6962.32,6966.46
1767015000,6964.08,6964.54,6957.36,6960.85
1767015300,6961.54,6962.43,6958.69,6962.08
1767015600,6965.14,6967.77,6963.16,6965.35
1767015900,6968.36,6970.52,6963.44,6967.21
1767016200,6964.26,6966.47,6960.55,6962.75
1767016500,6961.68,6965.16,6955.9,6961.07
1767016800,6961.1,6964.27,6953.63,6955.32
1767017100,6961.83,6964.73,6959.3,6962.29
1767017400,6963.95,6969.56,6961.8,6963.52
1767017700,6960.71,6963.67,6958.59,6962.92
1767018000,6961.11,6962.7,6955.87,6959.31
1767018300,6953.02,6958.34,6950.14,6956.73
1767018600,6949.28,6949.78,6944.49,6946.45
1767018900,6944.69,6947.23,6937.58,6937.72
1767019200,6944.91,6947.15,6942.98,6946.12
1767019500,6951.07,6953.54,6950.13,6952.67
1767019800,6951.67,6952.78,6950.51,6951.7
1767020100,6959.14,6960.12,6956.0,6956.59
1767020400,6952.02,6954.86,6947.37,6954.19
1767020700,6946.39,6947.12,6944.77,6947.07
1767021000,6950.5,6953.28,6942.63,6946.91
1767021300,6956.21,6958.12,6954.25,6957.81
1767021600,6966.16,6967.36,6962.18,6963.12
1767021900,6966.91,6969.46,6966.06,6968.58
1767022200,6965.7,6971.36,6961.43,6967.77
1767022500,6973.25,6975.43,6968.72,6974.98
1767022800,6972.82,6974.51,6969.24,6973.14
1767023100,6970.79,6973.23,6970.74,6973.0
1767023400,6972.4,6975.35,6967.6,6970.41
1767023700,6966.04,6968.78,6965.09,6965.91
1767024000,6970.09,6972.7,6967.29,6971.9
1767087000,6955.18,6955.38,6954.19,6954.59
1767087300,6953.93,6957.81,6953.64,6956.47
1767087600,6953.6,6954.26,6952.79,6954.19
1767087900,6954.93,6955.61,6951.13,6952.55
1767088200,6952.67,6953.64,6951.72,6953.26
1767088500,6954.99,6955.56,6953.85,6954.29
1767088800,6954.98,6955.01,6952.94,6954.36
1767089100,6953.06,6954.27,6952.53,6952.75
1767089400,6952.01,6954.99,6951.55,6954.21
1767089700,6953.21,6954.39,6951.38,6953.68
1767090000,6956.22,6957.15,6955.91,6956.92
1767090300,6958.63,6960.15,6957.13,6959.01
1767090600,6963.07,6963.73,6961.81,6962.41
1767090900,6963.6,6963.6,6962.76,6962.78
1767091200,6963.6,6966.13,6963.34,6965.27
1767091500,6963.6,6963.63,6963.04,6963.49
1767091800,6963.6,6963.85,6962.63,6962.81
1767092100,6963.5,6964.3,6963.14,6963.73
1767092400,6961.62,6962.41,6960.37,6961.09
1767092700,6962.35,6963.45,6961.25,6961.66
1767093000,6959.0,6959.19,6957.19,6957.64
1767093300,6957.68,6960.5,6956.64,6959.35
1767093600,6955.49,6957.0,6954.7,6955.98
1767093900,6955.98,6958.3,6955.12,6956.78
1767094200,6954.53,6954.54,6953.23,6953.26
1767094500,6958.14,6960.2,6957.91,6959.43
1767094800,6958.81,6959.73,6957.48,6958.22
1767095100,6961.48,6963.64,6960.75,6963.2
1767095400,6960.39,6960.65,6958.65,6960.14
1767095700,6955.58,6959.37,6954.54,6957.75
1767096000,6955.99,6956.38,6953.05,6955.75
1767096300,6956.33,6956.77,6955.77,6956.63
1767096600,6954.31,6954.73,6953.27,6953.71
1767096900,6957.39,6959.37,6955.53,6958.2
1767097200,6962.43,6964.83,6960.8,6962.53
1767097500,6963.6,6964.42,6962.08,6963.57
1767097800,6963.6,6966.8,6963.07,6965.38
1767098100,6962.57,6963.06,6958.76,6960.56
1767098400,6960.66,6960.89,6958.52,6959.04
1767098700,6957.4,6959.73,6957.31,6959.52
1767099000,6956.9,6958.65,6956.84,6957.47
1767099300,6955.86,6957.9,6954.75,6955.26
1767099600,6956.97,6958.39,6956.5,6956.89
1767099900,6957.28,6959.08,6957.17,6957.3
1767100200,6954.49,6955.16,6952.4,6952.89
1767100500,6958.31,6962.28,6957.8,6960.56
1767100800,6960.79,6960.81,6959.85,6960.25
1767101100,6959.36,6959.99,6958.08,6958.8
1767101400,6958.69,6959.76,6956.69,6957.65
1767101700,6957.78,6958.0,6956.61,6957.14
1767102000,6954.73,6955.39,6953.91,6955.09
1767102300,6952.05,6952.73,6951.31,6951.46
1767102600,6951.17,6951.78,6951.15,6951.35
1767102900,6949.04,6949.6,6948.17,6949.13
1767103200,6948.71,6951.44,6947.9,6951.2
1767103500,6950.61,6952.99,6949.71,6952.06
1767103800,6946.92,6948.42,6945.98,6946.3
1767104100,6946.74,6950.32,6945.8,6948.47
1767104400,6944.88,6945.11,6943.63,6943.79
1767104700,6945.81,6947.27,6943.36,6944.47
1767105000,6942.21,6943.34,6940.44,6941.52
1767105300,6947.18,6949.04,6946.12,6948.43
1767105600,6946.0,6947.6,6944.48,6944.79
1767105900,6946.48,6946.73,6945.87,6946.32
1767106200,6943.69,6946.12,6942.32,6944.02
1767106500,6943.68,6944.41,6943.35,6943.46
1767106800,6947.12,6947.27,6945.58,6946.34
1767107100,6950.03,6951.83,6949.84,6950.03
1767107400,6946.82,6949.08,6945.53,6946.38
1767107700,6946.06,6947.85,6945.48,6947.42
1767108000,6951.99,6953.09,6950.44,6951.19
1767108300,6948.3,6948.79,6946.3,6947.33
1767108600,6947.68,6948.19,6946.38,6948.08
1767108900,6943.67,6944.69,6941.38,6944.51
1767109200,6943.0,6943.64,6941.46,6941.79
1767109500,6940.73,6940.83,6938.6,6939.59
1767109800,6944.07,6945.05,6943.22,6943.71
1767110100,6947.82,6948.53,6947.07,6947.91
1767110400,6946.68,6946.82,6944.35,6945.22
1767173400,6936.54,6944.69,6935.85,6940.57
1767173700,6929.47,6935.63,6925.25,6926.62
1767174000,6925.14,6929.55,6924.67,6925.83
1767174300,6919.69,6922.84,6913.28,6915.49
1767174600,6920.08,6924.37,6918.09,6919.43
1767174900,6915.29,6921.13,6908.27,6913.34
1767175200,6915.57,6917.1,6914.25,6914.69
1767175500,6915.31,6922.14,6913.98,6914.22
1767175800,6917.99,6920.2,6913.83,6915.02
1767176100,6913.74,6915.52,6912.57,6914.57
1767176400,6926.04,6932.71,6923.2,6929.64
1767176700,6923.78,6924.65,6918.95,6922.48
1767177000,6924.2,6925.38,6920.28,6922.29
1767177300,6923.25,6925.56,6916.17,6921.98
1767177600,6931.64,6931.87,6924.17,6929.41
1767177900,6933.35,6940.74,6933.15,6936.59
1767178200,6933.09,6936.73,6923.49,6934.36
1767178500,6931.34,6935.72,6931.08,6931.32
1767178800,6919.18,6923.16,6910.97,6917.73
1767179100,6908.31,6913.22,6903.79,6906.75
1767179400,6909.88,6915.5,6909.01,6913.24
1767179700,6910.19,6910.81,6905.99,6907.0
1767180000,6908.63,6915.4,6906.51,6909.25
1767180300,6908.61,6913.02,6902.81,6905.2
1767180600,6918.03,6919.8,6916.52,6918.85
1767180900,6922.76,6929.77,6916.39,6927.54
1767181200,6926.1,6935.58,6923.06,6932.1
1767181500,6927.34,6931.3,6924.48,6925.24
1767181800,6920.04,6924.71,6917.49,6920.05
1767182100,6918.22,6921.92,6916.88,6918.32
1767182400,6916.41,6917.64,6911.22,6915.17
1767182700,6915.04,6918.9,6913.13,6917.03
1767183000,6917.78,6917.88,6910.08,6911.5
1767183300,6924.11,6932.09,6920.51,6922.4
1767183600,6921.06,6921.88,6907.24,6916.02
1767183900,6933.06,6937.87,6932.53,6937.55
1767184200,6932.32,6936.22,6929.35,6933.18
1767184500,6935.34,6937.21,6932.97,6933.95
1767184800,6943.09,6946.69,6939.06,6945.51
1767185100,6951.09,6963.24,6949.87,6955.84
1767185400,6940.09,6943.27,6936.58,6937.05
1767185700,6937.85,6941.19,6933.96,6936.58
1767186000,6933.08,6937.28,6928.22,6935.16
1767186300,6932.92,6936.87,6932.36,6934.76
1767186600,6931.83,6935.0,6927.79,6933.39
1767186900,6930.81,6936.98,6927.27,6932.63
1767187200,6927.35,6931.11,6924.58,6927.08
1767187500,6925.7,6928.8,6924.4,6926.06
1767187800,6930.54,6933.22,6927.04,6929.54
1767188100,6922.84,6926.08,6922.78,6925.39
1767188400,6924.93,6925.98,6920.49,6925.75
1767188700,6922.8,6929.38,6922.6,6923.2
1767189000,6921.79,6924.18,6918.34,6920.25
1767189300,6918.56,6923.18,6916.57,6922.73
1767189600,6914.33,6915.63,6912.05,6913.89
1767189900,6917.93,6922.67,6915.98,6922.15
1767190200,6917.02,6919.85,6913.01,6913.76
1767190500,6912.95,6913.81,6912.07,6913.7
1767190800,6919.55,6921.19,6917.62,6920.77
1767191100,6926.07,6929.71,6918.09,6921.73
1767191400,6925.77,6929.64,6920.97,6928.12
1767191700,6929.77,6932.74,6928.1,6931.05
1767192000,6925.19,6927.94,6923.97,6926.27
1767192300,6932.35,6936.09,6925.21,6927.46
1767192600,6930.51,6932.69,6924.96,6929.8
1767192900,6927.21,6930.02,6924.55,6928.16
1767193200,6923.91,6925.98,6921.57,6924.58
1767193500,6927.03,6931.95,6922.94,6929.51
1767193800,6924.31,6926.68,6917.68,6921.61
1767194100,6922.47,6922.85,6921.1,6922.71
1767194400,6929.55,6933.72,6926.76,6931.45
1767194700,6927.81,6939.47,6927.75,6930.35
1767195000,6932.37,6940.98,6926.12,6936.47
1767195300,6929.32,6929.54,6923.18,6925.23
1767195600,6917.94,6919.56,6917.43,6919.51
1767195900,6914.56,6914.71,6912.05,6914.19
1767196200,6915.67,6922.32,6913.91,6920.1
1767196500,6914.43,6916.46,6913.26,6913.89
1767196800,6916.42,6918.05,6913.28,6914.11
1767346200,6900.49,6905.48,6893.42,6901.06
1767346500,6909.29,6911.11,6907.53,6908.52
1767346800,6907.78,6910.53,6904.55,6906.72
1767347100,6896.81,6903.63,6896.14,6903.31
1767347400,6896.22,6904.62,6895.77,6903.02
1767347700,6897.51,6903.05,6889.7,6890.58
1767348000,6893.52,6897.95,6892.84,6894.72
1767348300,6893.27,6893.89,6881.14,6887.8
1767348600,6894.87,6896.94,6892.2,6895.87
1767348900,6897.1,6906.6,6895.1,6904.17
1767349200,6892.43,6895.15,6885.11,6886.06
1767349500,6885.93,6889.8,6884.24,6885.53
1767349800,6890.91,6893.24,6885.76,6892.82
1767350100,6886.62,6888.64,6881.67,6882.49
1767350400,6879.59,6884.36,6876.72,6877.31
1767350700,6876.11,6883.81,6873.65,6876.86
1767351000,6871.98,6878.48,6868.86,6873.28
1767351300,6876.65,6877.16,6874.28,6876.75
1767351600,6880.56,6882.87,6876.57,6879.29
1767351900,6884.39,6886.61,6879.95,6886.2
1767352200,6877.74,6880.51,6873.98,6875.38
1767352500,6872.5,6885.4,6870.26,6876.03
1767352800,6886.5,6890.44,6881.31,6884.97
1767353100,6898.97,6899.88,6894.71,6895.66
1767353400,6896.17,6900.4,6892.19,6899.78
1767353700,6900.27,6907.56,6896.26,6896.88
1767354000,6900.14,6903.76,6892.16,6894.03
1767354300,6900.95,6902.68,6896.23,6900.99
1767354600,6890.1,6891.55,6883.87,6888.05
1767354900,6896.44,6898.79,6892.8,6897.88
1767355200,6893.73,6895.99,6888.69,6894.99
1767355500,6898.56,6907.5,6896.54,6902.06
1767355800,6888.68,6889.35,6888.0,6889.09
1767356100,6903.46,6910.99,6899.42,6906.22
1767356400,6904.29,6907.38,6903.68,6906.38
1767356700,6898.89,6904.02,6897.84,6900.5
1767357000,6887.97,6891.68,6880.29,6881.81
1767357300,6884.29,6885.02,6872.95,6881.19
1767357600,6895.28,6899.61,6887.0,6899.28
1767357900,6893.99,6895.77,6888.17,6893.41
1767358200,6888.15,6888.15,6882.38,6886.87
1767358500,6881.49,6882.36,6878.9,6880.32
1767358800,6892.92,6893.45,6888.03,6889.84
1767359100,6880.09,6887.69,6873.41,6879.32
1767359400,6875.8,6881.42,6874.12,6878.49
1767359700,6885.39,6889.46,6881.33,6882.94
1767360000,6878.85,6880.26,6876.21,6877.83
1767360300,6876.4,6880.17,6862.85,6871.82
1767360600,6882.09,6891.66,6879.01,6888.58
1767360900,6885.15,6888.43,6880.28,6885.3
1767361200,6882.59,6890.62,6879.17,6887.47
1767361500,6884.85,6885.77,6877.1,6882.49
1767361800,6883.47,6892.24,6880.15,6885.83
1767362100,6878.17,6884.51,6876.79,6877.76
1767362400,6885.6,6891.39,6879.52,6883.36
1767362700,6888.47,6895.98,6883.6,6887.23
1767363000,6879.93,6885.67,6877.99,6878.93
1767363300,6884.82,6886.03,6877.88,6880.89
1767363600,6885.94,6891.32,6881.87,6885.0
1767363900,6874.48,6876.94,6872.04,6873.47
1767364200,6877.54,6879.17,6874.81,6878.25
1767364500,6882.78,6885.02,6876.98,6880.2
1767364800,6865.5,6872.98,6856.9,6871.96
1767365100,6859.18,6863.06,6855.39,6859.89
1767365400,6871.6,6875.08,6864.95,6867.93
1767365700,6883.21,6889.68,6882.88,6885.74
1767366000,6887.57,6888.38,6876.46,6884.34
1767366300,6892.76,6894.37,6887.54,6893.78
1767366600,6887.11,6894.64,6878.83,6882.76
1767366900,6892.51,6896.56,6885.24,6888.48
1767367200,6893.09,6893.11,6885.33,6886.13
1767367500,6893.78,6899.03,6886.8,6896.37
1767367800,6901.99,6902.79,6897.48,6898.92
1767368100,6894.39,6896.25,6891.41,6896.03
1767368400,6884.41,6885.24,6876.73,6878.81
1767368700,6891.08,6899.5,6886.73,6894.7
1767369000,6892.96,6900.98,6890.69,6900.01
1767369300,6901.72,6905.6,6891.67,6899.84
1767369600,6901.59,6903.23,6891.61,6896.96
1767605400,6912.68,6916.13,6909.78,6910.66
1767605700,6914.32,6915.43,6909.77,6914.18
1767606000,6913.81,6915.63,6911.34,6914.77
1767606300,6913.17,6917.65,6908.93,6915.76
1767606600,6915.15,6926.21,6913.48,6919.45
1767606900,6910.99,6921.97,6907.97,6915.66
1767607200,6908.2,6915.51,6902.53,6903.42
1767607500,6905.67,6906.79,6902.8,6906.13
1767607800,6912.13,6917.89,6906.7,6915.97
1767608100,6909.33,6912.42,6909.28,6911.12
1767608400,6919.9,6924.53,6916.37,6922.4
1767608700,6919.74,6924.28,6918.15,6922.7
1767609000,6916.36,6918.77,6915.06,6916.13
1767609300,6906.37,6909.34,6902.54,6906.0
1767609600,6910.21,6911.58,6907.56,6908.74
1767609900,6922.62,6922.9,6915.06,6922.0
1767610200,6917.66,6923.07,6915.53,6921.17
1767610500,6919.23,6921.7,6913.74,6921.27
1767610800,6910.69,6915.28,6908.12,6910.04
1767611100,6909.48,6919.95,6906.2,6911.5
1767611400,6922.31,6927.26,6918.04,6927.19
1767611700,6928.61,6934.67,6924.26,6931.02
1767612000,6928.83,6931.13,6927.57,6929.15
1767612300,6922.07,6932.01,6916.76,6921.23
1767612600,6925.05,6929.94,6923.83,6927.82
1767612900,6927.14,6931.67,6926.72,6931.58
1767613200,6939.08,6939.64,6932.87,6934.84
1767613500,6940.89,6945.24,6935.28,6938.2
1767613800,6937.88,6942.37,6937.31,6937.88
1767614100,6939.43,6947.41,6938.32,6944.91
1767614400,6926.87,6935.41,6919.51,6931.32
1767614700,6926.32,6930.14,6918.9,6925.44
1767615000,6922.2,6923.05,6916.27,6918.17
1767615300,6925.83,6926.09,6923.58,6925.8
1767615600,6929.49,6935.81,6924.64,6935.25
1767615900,6919.96,6925.62,6916.82,6921.57
1767616200,6925.55,6927.46,6918.22,6925.81
1767616500,6927.16,6929.05,6922.67,6926.05
1767616800,6917.86,6924.47,6917.7,6921.46
1767617100,6925.08,6936.77,6920.42,6931.63
1767617400,6911.96,6917.11,6897.07,6906.05
1767617700,6915.39,6917.68,6912.18,6914.88
1767618000,6917.57,6919.78,6913.53,6917.36
1767618300,6911.64,6920.65,6910.49,6914.8
1767618600,6910.54,6915.06,6907.18,6914.59
1767618900,6912.35,6915.54,6905.76,6906.07
1767619200,6907.38,6913.85,6903.58,6907.31
1767619500,6896.92,6900.12,6892.33,6895.27
1767619800,6901.93,6904.21,6893.88,6896.58
1767620100,6904.62,6914.07,6902.42,6904.8
1767620400,6917.88,6925.63,6915.64,6924.36
1767620700,6919.15,6922.44,6914.93,6921.47
1767621000,6925.73,6928.07,6918.67,6926.86
1767621300,6915.62,6919.14,6910.9,6912.85
1767621600,6914.43,6922.0,6911.55,6919.23
1767621900,6909.71,6911.94,6905.15,6906.48
1767622200,6913.99,6915.6,6913.79,6914.18
1767622500,6913.47,6918.22,6911.57,6912.89
1767622800,6923.37,6924.48,6913.09,6914.02
1767623100,6925.53,6925.73,6919.86,6922.3
1767623400,6922.24,6925.32,6919.8,6923.77
1767623700,6931.24,6932.0,6930.19,6931.63
1767624000,6932.49,6937.86,6931.2,6931.29
1767624300,6930.02,6934.19,6926.05,6930.46
1767624600,6919.59,6928.46,6916.91,6922.56
1767624900,6932.69,6936.22,6927.96,6929.51
1767625200,6924.67,6927.51,6914.31,6920.68
1767625500,6939.96,6940.44,6933.86,6939.68
1767625800,6942.66,6951.61,6940.88,6946.47
1767626100,6945.08,6947.59,6944.27,6945.97
1767626400,6945.48,6950.78,6943.86,6950.76
1767626700,6950.39,6953.87,6944.72,6949.14
1767627000,6946.52,6946.91,6944.7,6946.69
1767627300,6959.29,6966.89,6956.9,6959.81
1767627600,6960.55,6963.4,6958.55,6959.66
1767627900,6958.85,6963.75,6951.49,6957.33
1767628200,6963.4,6965.01,6958.16,6960.64
1767628500,6964.1,6972.11,6958.0,6970.77
1767628800,6963.69,6967.09,6961.7,6963.44
1767691800,6947.45,6949.4,6945.66,6946.82
1767692100,6949.92,6957.45,6949.16,6955.85
1767692400,6948.82,6952.71,6948.12,6949.98
1767692700,6950.44,6961.08,6944.91,6952.84
1767693000,6955.43,6960.71,6954.86,6955.2
1767693300,6958.06,6964.79,6955.77,6962.9
1767693600,6963.9,6966.69,6962.62,6964.23
1767693900,6971.55,6977.51,6962.15,6976.45
1767694200,6962.96,6970.14,6962.44,6968.39
1767694500,6957.76,6960.6,6956.02,6958.43
1767694800,6954.44,6955.4,6945.77,6951.76
1767695100,6952.34,6963.23,6948.76,6955.55
1767695400,6940.06,6941.75,6931.89,6936.83
1767695700,6932.46,6937.81,6929.4,6935.26
1767696000,6924.92,6931.71,6922.55,6930.12
1767696300,6931.14,6940.9,6929.11,6937.07
1767696600,6932.72,6936.28,6930.69,6932.78
1767696900,6934.78,6935.1,6927.28,6929.41
1767697200,6937.14,6939.15,6932.23,6933.74
1767697500,6938.01,6943.43,6931.02,6935.2
1767697800,6948.72,6950.8,6945.97,6947.57
1767698100,6954.26,6957.62,6951.4,6954.88
1767698400,6955.82,6959.23,6952.19,6957.48
1767698700,6959.87,6965.58,6959.83,6964.08
1767699000,6948.51,6949.64,6946.4,6948.03
1767699300,6950.43,6953.02,6945.55,6952.15
1767699600,6953.41,6958.53,6953.34,6957.29
1767699900,6951.72,6955.58,6950.98,6955.1
1767700200,6956.27,6962.45,6955.86,6957.78
1767700500,6949.13,6952.51,6947.41,6951.7
1767700800,6948.41,6949.7,6944.3,6948.08
1767701100,6951.05,6957.74,6950.77,6953.96
1767701400,6956.91,6958.31,6955.2,6957.6
1767701700,6950.25,6953.02,6947.05,6950.07
1767702000,6948.18,6950.84,6947.86,6948.69
1767702300,6946.3,6948.32,6940.11,6942.33
1767702600,6945.45,6946.54,6944.1,6944.5
1767702900,6946.22,6952.19,6934.3,6942.87
1767703200,6950.42,6952.43,6947.47,6947.59
1767703500,6944.41,6952.55,6943.93,6948.29
1767703800,6947.63,6951.91,6944.76,6948.3
1767704100,6944.94,6947.72,6943.45,6944.6
1767704400,6949.78,6953.61,6938.17,6945.14
1767704700,6947.69,6952.85,6936.91,6951.57
1767705000,6949.37,6955.66,6946.86,6951.63
1767705300,6956.99,6959.91,6951.2,6952.66
1767705600,6960.53,6968.95,6959.79,6964.61
1767705900,6964.42,6969.96,6962.47,6962.57
1767706200,6970.75,6973.46,6966.82,6970.5
1767706500,6962.77,6965.32,6959.09,6964.62
1767706800,6978.1,6981.92,6972.59,6979.97
1767707100,6977.33,6980.56,6975.93,6979.52
1767707400,6990.69,6998.23,6988.93,6991.92
1767707700,6997.24,7001.01,6996.03,6999.63
1767708000,6991.02,6996.0,6989.25,6989.84
1767708300,6996.24,6999.61,6994.35,6995.28
1767708600,6996.7,6998.8,6996.43,6998.28
1767708900,6997.46,6998.98,6989.61,6993.42
1767709200,6996.87,6999.1,6989.59,6996.79
1767709500,6997.82,7000.54,6994.92,6996.64
1767709800,6997.82,6999.73,6995.03,6995.22
1767710100,6997.82,6999.67,6993.53,6995.69
1767710400,6997.82,6998.05,6993.73,6995.34
1767710700,6988.27,6990.66,6983.33,6985.84
1767711000,6994.49,6996.52,6990.51,6993.88
1767711300,6997.82,7000.7,6995.64,6996.77
1767711600,6989.81,6997.88,6989.76,6995.64
1767711900,6997.82,7001.09,6993.73,6995.65
1767712200,6997.82,7001.8,6993.33,7000.96
1767712500,6997.82,6998.97,6992.95,6994.34
1767712800,6995.62,6996.6,6991.62,6996.43
1767713100,6997.82,7001.47,6996.61,7000.2
1767713400,6988.55,6993.62,6981.85,6988.87
1767713700,6977.46,6985.36,6976.0,6981.29
1767714000,6975.19,6977.23,6972.41,6973.77
1767714300,6976.34,6978.85,6975.47,6978.08
1767714600,6976.11,6978.57,6972.84,6978.52
1767714900,6975.83,6978.99,6971.26,6977.26
1767715200,6975.32,6978.16,6973.92,6974.25
1767778200,6988.58,6995.18,6987.91,6993.69
1767778500,6993.61,6996.46,6992.71,6993.82
1767778800,6993.41,6997.16,6989.97,6995.61
1767779100,6990.63,6992.29,6989.13,6990.81
1767779400,6986.3,6991.45,6984.61,6989.74
1767779700,6981.18,6982.01,6978.3,6980.46
1767780000,6985.2,6987.52,6983.98,6987.23
1767780300,6987.48,6991.5,6985.1,6988.62
1767780600,6991.85,6997.55,6991.27,6993.62
1767780900,6988.36,6999.07,6985.76,6991.29
1767781200,6995.42,7006.17,6992.82,7002.9
1767781500,6997.64,6998.98,6997.0,6998.21
1767781800,6999.34,7001.15,6996.09,7000.19
1767782100,7003.41,7008.34,6999.41,7006.42
1767782400,7001.11,7005.77,6999.0,7003.67
1767782700,6996.67,6999.6,6995.32,6997.11
1767783000,7000.24,7002.0,6994.37,6995.75
1767783300,7000.54,7000.97,6990.06,6996.63
1767783600,6995.85,6998.31,6991.43,6992.98
1767783900,7002.35,7006.59,7000.93,7004.6
1767784200,6999.9,7006.31,6997.33,7001.75
1767784500,6995.01,6998.15,6991.62,6992.26
1767784800,6992.49,6996.26,6991.6,6992.77
1767785100,6996.52,7000.76,6994.69,7000.46
1767785400,6987.88,6990.91,6981.51,6989.39
1767785700,6977.95,6983.77,6975.69,6978.9
1767786000,6977.52,6982.01,6974.49,6978.67
1767786300,6977.26,6978.05,6973.62,6976.9
1767786600,6981.15,6985.84,6978.97,6981.5
1767786900,6983.6,6986.01,6983.55,6984.24
1767787200,6987.38,6989.65,6983.06,6983.7
1767787500,6989.94,6990.84,6987.75,6989.77
1767787800,6986.81,6991.71,6985.57,6986.09
1767788100,6982.16,6982.57,6978.76,6981.1
1767788400,6982.11,6985.63,6980.35,6982.65
1767788700,6983.78,6985.92,6981.77,6984.31
1767789000,6986.37,6987.24,6980.89,6983.24
1767789300,6993.23,6994.97,6987.85,6990.58
1767789600,6996.54,6998.51,6991.99,6995.95
1767789900,7008.24,7010.12,7003.96,7004.41
1767790200,7002.04,7003.46,7000.11,7001.96
1767790500,7006.67,7011.67,7003.38,7011.34
1767790800,7010.63,7019.55,7008.69,7016.15
1767791100,7011.65,7012.15,7008.02,7010.95
1767791400,7009.32,7011.57,7008.84,7009.24
1767791700,7009.33,7014.88,7007.82,7013.34
1767792000,7001.76,7008.18,6997.3,6998.98
1767792300,6996.68,6999.74,6993.96,6996.61
1767792600,6998.09,6998.21,6988.21,6992.8
1767792900,6996.16,6998.13,6994.9,6995.74
1767793200,7000.81,7008.97,6999.53,7001.8
1767793500,6999.98,7003.44,6996.8,6997.72
1767793800,6999.73,7003.26,6995.45,6999.71
1767794100,7003.61,7003.75,6999.17,7000.13
1767794400,7002.34,7004.15,7000.87,7001.33
1767794700,6995.19,6995.72,6992.66,6994.84
1767795000,6987.41,6988.24,6985.55,6986.74
1767795300,6992.53,6993.2,6989.14,6993.2
1767795600,6998.28,6999.38,6994.37,6998.46
1767795900,6995.29,6996.48,6993.5,6995.82
1767796200,6996.4,6998.62,6988.11,6989.55
1767796500,6992.19,6994.38,6990.29,6990.3
1767796800,6986.6,6991.08,6985.41,6989.18
1767797100,6990.73,6994.04,6981.53,6984.35
1767797400,6991.73,6992.27,6987.14,6988.82
1767797700,6994.96,6999.61,6991.0,6997.67
1767798000,6991.98,6997.77,6989.38,6997.56
1767798300,6988.06,6991.17,6986.66,6990.81
1767798600,6980.33,6981.73,6975.34,6978.34
1767798900,6977.46,6980.99,6976.05,6978.52
1767799200,6975.52,6978.3,6973.54,6978.16
1767799500,6979.89,6984.45,6976.73,6979.45
1767799800,6979.85,6982.3,6971.7,6976.12
1767800100,6977.25,6978.16,6973.84,6977.7
1767800400,6982.04,6982.79,6979.98,6980.06
1767800700,6969.69,6972.34,6967.34,6971.54
1767801000,6969.27,6973.07,6967.32,6967.88
1767801300,6965.71,6966.8,6962.58,6966.52
1767801600,6964.56,6966.75,6964.29,6965.26
1767864600,6963.96,6968.19,6963.56,6966.4
1767864900,6969.56,6970.28,6966.5,6967.8
1767865200,6971.06,6976.44,6970.84,6972.49
1767865500,6971.76,6976.68,6967.26,6974.07
1767865800,6963.07,6967.09,6960.4,6964.98
1767866100,6959.65,6964.42,6958.79,6958.95
1767866400,6958.21,6958.65,6957.66,6958.23
1767866700,6956.55,6957.97,6953.41,6954.91
1767867000,6962.18,6967.52,6958.89,6960.05
1767867300,6962.56,6963.69,6959.66,6962.12
1767867600,6966.7,6972.86,6966.34,6969.46
1767867900,6970.34,6974.65,6968.83,6969.23
1767868200,6975.39,6975.96,6971.6,6973.71
1767868500,6971.4,6973.75,6967.49,6969.5
1767868800,6973.7,6974.59,6968.74,6969.55
1767869100,6971.84,6974.91,6968.99,6969.97
1767869400,6972.02,6973.89,6968.16,6973.47
1767869700,6969.03,6971.81,6969.0,6969.66
1767870000,6966.05,6970.16,6964.61,6967.99
1767870300,6959.75,6962.22,6956.06,6956.06
1767870600,6957.87,6964.03,6955.9,6962.51
1767870900,6973.11,6976.5,6969.76,6971.62
1767871200,6974.7,6975.36,6971.11,6975.07
1767871500,6972.88,6973.86,6970.82,6972.82
1767871800,6982.0,6984.44,6979.79,6981.85
1767872100,6982.0,6983.67,6979.38,6980.66
1767872400,6982.0,6987.32,6978.46,6981.59
1767872700,6982.0,6983.06,6981.11,6981.39
1767873000,6982.0,6982.6,6976.19,6980.86
1767873300,6974.3,6975.01,6972.98,6974.52
1767873600,6970.2,6973.01,6968.02,6971.83
1767873900,6965.19,6967.11,6963.79,6964.35
1767874200,6959.69,6959.9,6958.72,6959.45
1767874500,6957.01,6962.48,6956.75,6958.13
1767874800,6956.79,6958.76,6952.45,6953.09
1767875100,6962.72,6967.11,6960.67,6964.01
1767875400,6980.18,6981.13,6978.91,6980.53
1767875700,6980.26,6980.98,6979.36,6979.56
1767876000,6981.24,6981.66,6977.08,6979.41
1767876300,6977.06,6977.64,6974.88,6976.57
1767876600,6978.72,6980.65,6974.66,6976.29
1767876900,6971.01,6973.17,6968.25,6969.7
1767877200,6969.61,6970.36,6968.55,6969.19
1767877500,6971.54,6971.81,6969.73,6971.25
1767877800,6971.1,6971.82,6967.3,6969.51
1767878100,6972.36,6972.51,6968.13,6968.8
1767878400,6977.8,6979.56,6974.28,6978.72
1767878700,6975.6,6980.51,6973.87,6976.7
1767879000,6982.0,6983.67,6975.81,6977.16
1767879300,6982.0,6984.1,6981.71,6983.29
1767879600,6978.69,6979.97,6975.85,6976.14
1767879900,6982.0,6985.43,6981.77,6985.1
1767880200,6980.41,6982.8,6977.01,6982.75
1767880500,6978.26,6978.52,6975.11,6976.85
1767880800,6976.57,6976.95,6969.82,6973.87
1767881100,6976.54,6978.94,6972.7,6972.87
1767881400,6974.3,6974.59,6970.55,6973.78
1767881700,6976.95,6979.57,6968.68,6973.99
1767882000,6977.78,6977.86,6976.71,6977.51
1767882300,6980.48,6984.94,6979.52,6982.79
1767882600,6970.05,6971.22,6969.19,6969.51
1767882900,6969.32,6969.63,6968.01,6968.36
1767883200,6974.49,6979.15,6973.31,6974.32
1767883500,6971.64,6972.5,6967.5,6967.85
1767883800,6970.45,6980.13,6968.99,6973.62
1767884100,6968.95,6975.43,6968.49,6973.66
1767884400,6968.31,6973.78,6967.51,6970.61
1767884700,6974.14,6975.62,6973.92,6974.61
1767885000,6968.68,6970.32,6966.85,6969.52
1767885300,6972.13,6973.94,6970.65,6971.78
1767885600,6978.6,6981.78,6978.31,6979.69
1767885900,6976.29,6978.86,6972.3,6978.4
1767886200,6973.82,6975.92,6971.67,6975.45
1767886500,6963.79,6963.91,6960.92,6962.91
1767886800,6959.31,6961.28,6957.54,6959.16
1767887100,6954.04,6956.23,6951.65,6954.4
1767887400,6950.51,6955.64,6948.69,6955.48
1767887700,6959.63,6959.73,6955.44,6958.32
1767888000,6957.46,6959.32,6953.27,6955.14
1767951000,6971.52,6972.07,6957.41,6966.5
1767951300,6954.36,6955.81,6947.87,6950.02
1767951600,6956.46,6958.37,6950.15,6955.28
1767951900,6947.9,6949.52,6944.6,6948.38
1767952200,6947.9,6948.42,6940.11,6943.79
1767952500,6950.8,6953.46,6948.18,6951.29
1767952800,6963.17,6964.85,6961.74,6961.84
1767953100,6957.89,6965.6,6952.8,6961.37
1767953400,6958.65,6959.63,6949.85,6954.8
1767953700,6952.0,6956.73,6947.95,6950.3
1767954000,6976.5,6980.36,6973.2,6978.32
1767954300,6982.9,6986.17,6977.38,6978.93
1767954600,6983.47,6983.59,6977.0,6982.08
1767954900,6976.83,6982.35,6974.65,6978.89
1767955200,6983.62,6988.83,6978.74,6986.8
1767955500,6977.86,6977.92,6970.85,6971.14
1767955800,6986.49,6993.23,6985.85,6992.55
1767956100,6972.39,6972.48,6966.5,6969.87
1767956400,6973.55,6976.65,6970.91,6972.93
1767956700,6992.05,6997.52,6990.82,6993.28
1767957000,6979.7,6982.21,6973.98,6975.45
1767957300,6981.49,6985.12,6981.45,6982.88
1767957600,6983.87,6986.46,6983.14,6984.75
1767957900,6975.55,6977.15,6973.03,6976.44
1767958200,6971.65,6973.07,6968.85,6969.68
1767958500,6974.51,6975.92,6969.07,6970.31
1767958800,6978.66,6982.0,6975.69,6981.76
1767959100,6979.61,6980.1,6976.42,6978.56
1767959400,6981.96,6983.68,6976.25,6980.65
1767959700,6974.76,6979.18,6969.23,6977.84
1767960000,6970.34,6971.77,6970.0,6970.74
1767960300,6974.45,6982.6,6973.92,6982.21
1767960600,6976.7,6977.84,6972.72,6977.24
1767960900,6975.03,6978.69,6974.1,6975.46
1767961200,6967.82,6972.3,6967.44,6969.22
1767961500,6963.46,6963.64,6957.65,6959.52
1767961800,6964.95,6968.76,6963.18,6965.81
1767962100,6957.82,6962.26,6957.33,6959.49
1767962400,6953.53,6958.64,6950.95,6957.65
1767962700,6971.67,6972.08,6971.11,6971.81
1767963000,6971.22,6972.7,6965.93,6970.0
1767963300,6974.18,6977.01,6974.07,6974.47
1767963600,6968.81,6977.55,6968.17,6973.06
1767963900,6965.17,6966.49,6960.96,6965.84
1767964200,6967.53,6969.52,6964.34,6964.89
1767964500,6967.29,6969.94,6963.59,6966.29
1767964800,6970.38,6978.19,6970.16,6971.99
1767965100,6963.84,6967.26,6961.66,6967.09
1767965400,6972.64,6975.52,6967.02,6970.37
1767965700,6976.29,6978.52,6975.1,6975.69
1767966000,6973.15,6975.27,6972.93,6973.47
1767966300,6976.47,6977.4,6975.89,6976.83
1767966600,6974.84,6982.32,6970.48,6977.1
1767966900,6982.46,6986.33,6980.93,6982.61
1767967200,6973.73,6976.26,6966.79,6970.46
1767967500,6978.62,6985.08,6974.14,6980.56
1767967800,6981.76,6990.77,6979.29,6985.41
1767968100,6978.31,6981.22,6975.46,6980.56
1767968400,6984.62,6989.73,6981.85,6986.47
1767968700,6990.57,6995.98,6988.05,6990.18
1767969000,6999.13,7003.59,6997.31,6998.42
1767969300,6996.01,7003.06,6988.47,7001.56
1767969600,6985.17,6989.39,6984.2,6986.88
1767969900,6992.68,6997.35,6989.72,6991.11
1767970200,6992.1,6995.42,6991.22,6993.18
1767970500,6994.23,7001.19,6993.17,6996.99
1767970800,6993.58,6993.73,6987.85,6988.75
1767971100,6987.11,6996.2,6986.03,6993.42
1767971400,6994.47,7000.36,6992.68,6995.82
1767971700,6983.83,6988.45,6976.5,6981.32
1767972000,6991.35,6991.73,6989.16,6990.44
1767972300,6982.45,6985.76,6980.61,6984.16
1767972600,6992.26,6995.09,6983.64,6987.31
1767972900,6989.87,6990.46,6983.24,6986.75
1767973200,6988.01,6992.42,6986.71,6991.49
1767973500,6995.4,7002.34,6989.77,6999.32
1767973800,6989.91,6997.31,6989.3,6996.21
1767974100,7004.09,7006.47,7002.15,7003.86
1767974400,7002.56,7007.03,6994.53,6996.67
1768210200,7015.87,7024.5,7008.35,7019.36
1768210500,7018.11,7025.3,7012.42,7015.15
1768210800,7013.1,7017.49,7012.69,7016.21
1768211100,7013.35,7016.56,7012.53,7014.91
1768211400,7022.96,7024.07,7018.7,7022.67
1768211700,7023.9,7029.97,7021.45,7027.06
1768212000,7025.11,7026.35,7014.98,7023.6
1768212300,7031.12,7032.93,7028.27,7031.58
1768212600,7024.65,7028.11,7018.31,7020.79
1768212900,7024.49,7025.31,7009.53,7014.66
1768213200,7032.85,7036.32,7027.37,7032.46
1768213500,7030.56,7036.93,7024.72,7029.7
1768213800,7020.12,7024.82,7016.54,7020.21
1768214100,7026.62,7028.46,7019.14,7019.59
1768214400,7032.85,7032.95,7027.35,7027.91
1768214700,7030.61,7032.61,7027.13,7028.54
1768215000,7027.79,7031.24,7021.86,7025.39
1768215300,7023.91,7035.29,7022.1,7026.87
1768215600,7018.97,7021.01,7015.37,7016.47
1768215900,7022.73,7026.05,7015.66,7017.97
1768216200,7016.06,7017.63,7015.08,7016.32
1768216500,7020.05,7023.66,7016.25,7017.36
1768216800,7030.5,7045.71,7027.41,7039.51
1768217100,7032.85,7033.55,7030.91,7033.01
1768217400,7028.07,7032.43,7026.3,7029.07
1768217700,7029.63,7034.09,7025.02,7030.49
1768218000,7031.47,7031.87,7029.46,7030.18
1768218300,7032.85,7037.07,7020.78,7026.26
1768218600,7032.85,7037.95,7029.75,7036.08
1768218900,7029.12,7035.07,7017.4,7022.0
1768219200,7021.07,7030.54,7012.65,7015.28
1768219500,7013.44,7016.26,7012.16,7014.77
1768219800,7028.28,7034.35,7020.74,7031.23
1768220100,7032.85,7033.77,7022.23,7023.22
1768220400,7032.85,7041.04,7031.89,7038.66
1768220700,7032.85,7034.08,7020.39,7028.76
1768221000,7032.85,7040.89,7030.72,7031.81
1768221300,7030.07,7032.3,7015.74,7018.93
1768221600,7032.85,7039.39,7026.15,7038.24
1768221900,7032.85,7033.33,7023.77,7030.89
1768222200,7032.85,7038.18,7029.59,7035.69
1768222500,7028.36,7031.15,7028.26,7030.04
1768222800,7025.98,7031.45,7023.69,7026.8
1768223100,7020.65,7027.4,7013.94,7014.37
1768223400,7008.83,7012.29,7007.71,7009.68
1768223700,7016.16,7021.71,7010.43,7014.61
1768224000,7021.09,7021.36,7015.74,7019.25
1768224300,7006.89,7008.2,7001.41,7004.53
1768224600,7003.44,7005.55,6996.98,7003.19
1768224900,7000.91,7002.52,6996.55,6999.01
1768225200,6997.37,7011.89,6991.11,7004.4
1768225500,7005.93,7012.08,7002.21,7004.27
1768225800,7002.68,7006.86,7001.0,7003.6
1768226100,7012.4,7014.3,7011.93,7012.16
1768226400,7014.88,7023.78,7006.84,7013.87
1768226700,7018.27,7021.45,7003.96,7009.95
1768227000,7013.22,7016.35,7011.75,7014.49
1768227300,7017.14,7019.24,7008.93,7012.23
1768227600,7024.09,7027.54,7019.18,7020.04
1768227900,7019.92,7021.13,7013.22,7017.96
1768228200,7029.18,7033.01,7026.34,7031.6
1768228500,7029.98,7033.87,7027.98,7028.13
1768228800,7022.99,7026.16,7016.9,7020.73
1768229100,7031.03,7033.72,7026.89,7031.52
1768229400,7016.93,7022.67,7014.03,7021.47
1768229700,7013.27,7015.24,7007.7,7009.47
1768230000,7016.89,7020.34,7012.19,7019.37
1768230300,7011.01,7015.6,7001.16,7005.2
1768230600,7011.18,7018.06,7008.49,7017.45
1768230900,7000.79,7003.05,6994.12,6997.42
1768231200,6992.43,6997.77,6989.54,6994.99
1768231500,6987.23,6992.61,6984.61,6984.85
1768231800,6985.0,6988.58,6983.2,6985.73
1768232100,6976.27,6985.62,6971.67,6981.35
1768232400,6973.74,6982.19,6973.54,6976.81
1768232700,6997.73,7001.21,6988.68,6996.09
1768233000,6988.68,6994.22,6983.18,6992.25
1768233300,6981.37,6982.35,6972.58,6979.23
1768233600,6983.54,6988.12,6979.63,6982.69
1768296600,7021.83,7029.56,7020.91,7024.97
1768296900,7025.99,7029.88,7023.1,7026.77
1768297200,7031.45,7037.87,7030.74,7031.49
1768297500,7036.93,7041.32,7032.26,7039.1
1768297800,7042.48,7048.34,7034.63,7038.39
1768298100,7035.81,7035.81,7030.84,7034.12
1768298400,7036.12,7036.73,7031.86,7034.51
1768298700,7035.69,7038.5,7028.66,7029.6
1768299000,7033.73,7040.07,7032.93,7037.43
1768299300,7033.92,7035.77,7026.11,7028.99
1768299600,7042.48,7051.31,7034.33,7042.0
1768299900,7029.6,7041.42,7028.88,7039.2
1768300200,7026.9,7034.47,7022.46,7029.39
1768300500,7026.11,7030.32,7023.44,7025.6
1768300800,7017.95,7024.94,7017.48,7020.61
1768301100,7011.7,7013.12,7009.26,7012.1
1768301400,7006.23,7007.32,7000.52,7002.43
1768301700,7003.53,7003.93,6998.04,6999.58
1768302000,7000.19,7000.79,6995.66,6996.32
1768302300,6996.33,7003.28,6992.47,6999.44
1768302600,7001.1,7002.37,6997.81,7002.27
1768302900,7002.67,7005.13,6996.33,7000.94
1768303200,7005.32,7015.62,7003.3,7009.45
1768303500,7008.38,7011.28,7003.8,7006.78
1768303800,7007.39,7009.6,7006.54,7009.1
1768304100,7004.68,7009.68,7002.27,7002.63
1768304400,6998.18,7002.04,6991.31,6994.8
1768304700,7011.74,7022.89,7010.73,7015.12
1768305000,7008.5,7013.13,7004.74,7007.76
1768305300,7008.76,7010.33,7001.35,7006.56
1768305600,7002.72,7004.53,6993.52,6997.78
1768305900,7012.54,7015.57,7010.16,7015.15
1768306200,7012.47,7013.07,7012.38,7013.04
1768306500,7006.9,7007.85,7006.1,7007.34
1768306800,7005.56,7007.3,6997.11,7002.0
1768307100,7000.61,7002.12,6999.71,7001.28
1768307400,6997.86,7002.68,6994.19,6999.07
1768307700,6995.78,6998.71,6994.2,6998.14
1768308000,7015.19,7017.46,7006.15,7012.01
1768308300,7008.43,7011.65,7003.8,7008.9
1768308600,7013.7,7017.23,7009.81,7016.54
1768308900,7013.86,7021.51,7010.0,7011.21
1768309200,7019.26,7020.52,7018.37,7018.53
1768309500,7015.73,7019.77,7012.03,7019.14
1768309800,7025.61,7028.11,7024.32,7024.51
1768310100,7035.16,7038.28,7032.02,7032.2
1768310400,7023.74,7026.19,7020.44,7024.85
1768310700,7028.98,7030.67,7015.82,7021.54
1768311000,7016.91,7021.81,7014.42,7015.01
1768311300,7011.25,7011.93,7009.02,7011.63
1768311600,7009.69,7017.93,7007.36,7012.87
1768311900,7010.62,7015.44,7002.74,7007.73
1768312200,7013.2,7020.74,7010.01,7011.96
1768312500,7013.99,7021.35,7012.33,7020.19
1768312800,7015.28,7015.6,7013.1,7013.83
1768313100,7006.92,7013.09,7002.98,7011.66
1768313400,6996.35,6996.77,6994.4,6996.7
1768313700,6995.97,6998.13,6993.25,6995.99
1768314000,6999.46,7004.76,6997.96,6998.66
1768314300,7003.41,7009.68,6998.61,7008.58
1768314600,7008.15,7009.09,7005.27,7007.5
1768314900,7012.53,7015.33,7009.37,7009.4
1768315200,7005.41,7008.51,7003.59,7006.63
1768315500,6999.96,7011.12,6997.27,7006.61
1768315800,7006.32,7008.42,6997.12,7000.36
1768316100,7002.75,7005.99,7000.38,7005.97
1768316400,7002.49,7004.79,7001.61,7004.18
1768316700,7008.58,7014.79,7007.91,7010.3
1768317000,6998.8,7002.24,6996.97,6997.59
1768317300,6992.28,6998.97,6992.25,6995.2
1768317600,6993.66,6996.37,6987.05,6990.88
1768317900,6983.86,6986.08,6980.12,6985.82
1768318200,6995.35,6997.74,6993.94,6996.71
1768318500,7000.12,7008.19,6995.18,7004.1
1768318800,6993.44,6994.29,6988.27,6993.2
1768319100,6992.41,6993.22,6989.01,6992.03
1768319400,6998.55,7005.53,6992.97,7002.26
1768319700,7007.92,7010.7,7001.4,7002.24
1768320000,7013.47,7021.13,7011.4,7015.41
1768383000,6998.59,7007.68,6987.07,7003.2
1768383300,6992.8,6994.78,6986.67,6989.69
1768383600,6991.59,6997.06,6989.88,6997.03
1768383900,6992.68,6999.11,6989.34,6995.42
1768384200,6995.36,7004.5,6995.02,6998.13
1768384500,7000.52,7001.85,6996.25,6997.63
1768384800,7005.8,7015.71,6999.01,7009.23
1768385100,7003.29,7015.81,7001.7,7013.18
1768385400,7004.9,7004.98,7001.63,7004.17
1768385700,7000.25,7003.85,6996.2,6998.99
1768386000,6992.85,6996.2,6978.98,6984.51
1768386300,7000.17,7009.83,6999.84,7005.42
1768386600,7006.21,7008.55,6989.85,6996.26
1768386900,6996.95,6999.06,6993.9,6998.02
1768387200,7000.88,7007.57,6995.93,7000.41
1768387500,6998.68,7002.05,6994.18,6996.4
1768387800,6994.8,6999.41,6986.47,6997.28
1768388100,6981.63,6990.85,6975.11,6983.61
1768388400,6972.32,6974.26,6968.62,6972.67
1768388700,6964.39,6968.1,6958.18,6961.3
1768389000,6959.12,6961.92,6954.77,6956.6
1768389300,6974.65,6988.47,6968.26,6980.23
1768389600,6976.16,6982.56,6972.5,6978.71
1768389900,6982.41,6986.19,6980.89,6983.81
1768390200,6984.11,6989.82,6974.35,6978.08
1768390500,6967.94,6973.14,6966.44,6968.35
1768390800,6967.67,6971.88,6960.39,6964.34
1768391100,6961.16,6964.49,6959.03,6959.77
1768391400,6986.95,6991.32,6981.17,6983.89
1768391700,6987.58,7000.49,6985.38,6992.57
1768392000,6983.15,6988.52,6979.45,6981.88
1768392300,6974.51,6980.05,6963.47,6963.58
1768392600,6962.21,6963.31,6954.16,6956.51
1768392900,6957.3,6965.29,6957.26,6958.95
1768393200,6949.92,6957.41,6944.48,6957.03
1768393500,6951.31,6954.55,6943.78,6947.16
1768393800,6960.15,6962.69,6954.56,6957.96
1768394100,6961.52,6962.73,6958.25,6961.6
1768394400,6962.48,6966.45,6957.32,6962.93
1768394700,6970.78,6976.32,6970.63,6972.57
1768395000,6967.56,6974.74,6965.96,6974.03
1768395300,6962.81,6964.47,6961.6,6962.14
1768395600,6958.96,6964.76,6957.59,6964.64
1768395900,6956.56,6960.78,6949.43,6953.85
1768396200,6953.46,6954.53,6945.89,6953.04
1768396500,6951.54,6962.03,6948.71,6952.68
1768396800,6955.65,6961.46,6949.24,6956.46
1768397100,6963.17,6963.89,6952.49,6958.56
1768397400,6973.16,6974.5,6969.59,6970.28
1768397700,6963.54,6974.23,6960.22,6972.73
1768398000,6971.46,6976.58,6965.21,6971.29
1768398300,6972.12,6973.23,6966.16,6968.58
1768398600,6985.74,6986.07,6984.19,6985.36
1768398900,6979.76,6991.26,6974.51,6974.74
1768399200,6975.13,6976.04,6965.71,6973.62
1768399500,6961.51,6962.33,6958.89,6961.87
1768399800,6962.42,6975.44,6955.62,6971.87
1768400100,6969.04,6971.85,6964.91,6966.76
1768400400,6966.03,6968.88,6965.93,6966.6
1768400700,6967.06,6971.76,6964.19,6969.51
1768401000,6969.75,6973.32,6968.09,6970.7
1768401300,6958.95,6965.22,6957.75,6961.85
1768401600,6962.41,6963.23,6950.63,6952.87
1768401900,6966.06,6971.32,6959.96,6966.57
1768402200,6971.68,6979.0,6971.31,6974.43
1768402500,6970.51,6976.43,6970.44,6972.66
1768402800,6969.73,6974.03,6962.16,6971.65
1768403100,6970.38,6977.08,6967.02,6974.12
1768403400,6960.93,6963.1,6953.45,6956.81
1768403700,6963.41,6971.96,6961.82,6967.24
1768404000,6962.19,6962.41,6958.59,6959.82
1768404300,6954.32,6961.31,6951.35,6953.45
1768404600,6948.67,6951.04,6946.14,6950.53
1768404900,6952.0,6955.08,6946.88,6947.72
1768405200,6949.12,6951.18,6946.61,6948.71
1768405500,6947.14,6951.04,6944.01,6948.97
1768405800,6944.71,6951.47,6940.39,6947.6
1768406100,6950.33,6952.91,6941.98,6948.14
1768406400,6950.26,6952.93,6946.74,6948.07
1768469400,6961.95,6963.75,6961.18,6961.84
1768469700,6963.12,6967.78,6961.95,6965.64
1768470000,6959.34,6960.65,6956.61,6959.67
1768470300,6957.21,6957.85,6952.73,6954.0
1768470600,6966.97,6974.3,6966.48,6967.43
1768470900,6966.96,6972.27,6962.87,6971.57
1768471200,6956.75,6959.49,6952.05,6956.43
1768471500,6954.81,6955.09,6953.22,6954.56
1768471800,6963.08,6975.68,6959.93,6967.24
1768472100,6961.69,6962.37,6958.33,6959.83
1768472400,6954.91,6956.77,6946.78,6952.32
1768472700,6966.05,6972.49,6964.26,6970.69
1768473000,6963.21,6969.37,6960.53,6960.96
1768473300,6958.95,6962.65,6957.74,6959.77
1768473600,6954.37,6957.84,6953.31,6957.23
1768473900,6942.72,6950.78,6941.66,6946.77
1768474200,6948.05,6952.6,6944.65,6950.79
1768474500,6948.92,6954.13,6941.75,6950.73
1768474800,6950.63,6951.27,6947.58,6950.79
1768475100,6945.04,6949.86,6939.71,6947.67
1768475400,6963.77,6966.12,6962.49,6963.57
1768475700,6970.09,6971.18,6962.23,6963.18
1768476000,6975.0,6980.54,6972.01,6977.25
1768476300,6976.93,6983.41,6976.55,6979.36
1768476600,6979.77,6989.01,6979.39,6984.59
1768476900,6978.78,6980.21,6973.47,6975.52
1768477200,6977.38,6987.69,6972.18,6981.41
1768477500,6964.14,6969.41,6960.36,6966.39
1768477800,6975.39,6983.16,6971.44,6975.12
1768478100,6968.82,6972.85,6968.41,6972.25
1768478400,6976.56,6978.8,6972.58,6975.35
1768478700,6981.54,6986.0,6974.13,6974.74
1768479000,6980.57,6985.54,6978.29,6980.57
1768479300,6977.85,6980.54,6975.1,6978.24
1768479600,6984.01,6988.57,6976.87,6980.37
1768479900,6976.12,6978.95,6974.67,6978.94
1768480200,6971.39,6981.5,6970.31,6972.89
1768480500,6964.16,6972.0,6961.71,6967.84
1768480800,6958.19,6965.74,6958.08,6963.84
1768481100,6951.72,6954.38,6945.71,6947.99
1768481400,6950.25,6958.34,6947.45,6953.05
1768481700,6957.76,6959.53,6952.56,6955.96
1768482000,6971.97,6981.63,6967.28,6974.93
1768482300,6962.68,6967.08,6957.88,6965.52
1768482600,6954.84,6960.46,6950.22,6959.59
1768482900,6949.96,6950.56,6943.37,6947.15
1768483200,6949.81,6953.29,6946.39,6949.98
1768483500,6942.72,6950.26,6937.94,6943.69
1768483800,6951.24,6956.35,6950.9,6954.2
1768484100,6955.4,6961.14,6945.01,6949.62
1768484400,6963.47,6965.15,6961.53,6964.54
1768484700,6958.93,6960.38,6954.34,6958.27
1768485000,6954.87,6957.56,6949.89,6952.22
1768485300,6965.6,6969.2,6965.48,6968.3
1768485600,6966.85,6970.74,6960.46,6963.31
1768485900,6963.35,6964.72,6958.25,6959.85
1768486200,6964.48,6966.96,6961.78,6962.33
1768486500,6971.46,6972.94,6966.32,6970.38
1768486800,6981.19,6985.22,6978.64,6982.9
1768487100,6977.14,6979.17,6975.18,6975.74
1768487400,6990.79,6994.32,6985.91,6987.33
1768487700,6984.3,6986.09,6981.47,6984.33
1768488000,6972.34,6978.7,6971.86,6974.8
1768488300,6962.66,6962.82,6959.53,6959.81
1768488600,6958.64,6969.6,6954.61,6966.2
1768488900,6958.91,6965.53,6957.69,6963.29
1768489200,6965.41,6967.05,6959.13,6966.48
1768489500,6961.22,6965.68,6957.68,6959.32
1768489800,6957.93,6960.49,6955.7,6957.67
1768490100,6954.84,6956.94,6946.46,6952.32
1768490400,6961.41,6971.79,6958.19,6970.9
1768490700,6972.7,6973.66,6972.57,6973.25
1768491000,6965.62,6966.69,6962.78,6966.53
1768491300,6975.11,6979.02,6971.03,6973.45
1768491600,6990.39,6996.37,6985.88,6993.21
1768491900,6996.3,7007.03,6995.46,7006.16
1768492200,6993.23,7003.74,6989.42,7000.38
1768492500,6995.15,7000.26,6990.51,6996.97
1768492800,6984.03,6986.47,6982.77,6984.45
1768555800,6977.45,6981.91,6974.49,6981.84
1768556100,6973.23,6974.63,6968.47,6971.86
1768556400,6977.3,6983.62,6974.5,6978.72
1768556700,6971.89,6978.66,6971.67,6977.12
1768557000,6973.97,6974.46,6970.02,6974.41
1768557300,6970.47,6971.66,6964.17,6966.87
1768557600,6968.92,6972.74,6966.85,6972.12
1768557900,6974.01,6976.15,6973.12,6975.05
1768558200,6973.93,6976.57,6972.82,6974.45
1768558500,6975.89,6979.06,6972.67,6978.26
1768558800,6973.39,6977.41,6968.89,6971.0
1768559100,6974.99,6978.75,6971.36,6972.8
1768559400,6968.36,6969.39,6967.39,6968.74
1768559700,6977.72,6979.65,6974.98,6977.24
1768560000,6968.29,6971.73,6966.22,6969.89
1768560300,6965.84,6971.6,6962.3,6968.65
1768560600,6971.45,6973.6,6968.88,6970.8
1768560900,6968.42,6970.44,6965.03,6968.15
1768561200,6974.98,6975.04,6968.74,6970.36
1768561500,6972.56,6975.89,6971.52,6974.23
1768561800,6966.28,6967.6,6962.3,6966.69
1768562100,6962.32,6964.77,6960.85,6963.77
1768562400,6972.39,6973.06,6970.4,6972.73
1768562700,6974.9,6977.69,6972.77,6973.0
1768563000,6971.42,6972.62,6970.12,6972.4
1768563300,6965.07,6965.89,6958.06,6958.58
1768563600,6967.47,6971.02,6962.87,6969.93
1768563900,6976.64,6978.3,6973.26,6975.03
1768564200,6973.86,6977.76,6971.07,6973.26
1768564500,6972.06,6977.88,6971.53,6975.39
1768564800,6976.2,6981.46,6972.84,6978.27
1768565100,6974.29,6983.01,6973.05,6978.81
1768565400,6974.68,6977.49,6973.62,6976.34
1768565700,6971.03,6974.25,6967.46,6969.0
1768566000,6977.79,6979.06,6974.59,6977.63
1768566300,6977.12,6978.05,6976.2,6976.37
1768566600,6979.18,6980.09,6979.06,6979.59
1768566900,6978.09,6980.71,6977.69,6979.95
1768567200,6977.82,6981.11,6972.37,6973.44
1768567500,6980.16,6982.61,6975.85,6978.41
1768567800,6986.24,6987.54,6981.22,6981.51
1768568100,6987.53,6991.57,6983.31,6990.84
1768568400,6979.57,6979.65,6978.06,6979.28
1768568700,6982.05,6982.49,6979.59,6980.27
1768569000,6984.96,6986.58,6982.43,6986.32
1768569300,6981.08,6983.31,6978.38,6980.48
1768569600,6982.37,6983.61,6978.01,6979.24
1768569900,6987.47,6991.89,6986.01,6990.82
1768570200,6984.54,6984.87,6983.77,6984.71
1768570500,6990.8,6994.82,6988.72,6988.8
1768570800,6988.89,6993.84,6988.1,6990.26
1768571100,6983.35,6987.51,6983.16,6983.9
1768571400,6980.98,6982.73,6977.81,6981.64
1768571700,6975.91,6978.79,6973.1,6978.27
1768572000,6971.9,6972.79,6969.6,6970.6
1768572300,6973.58,6978.87,6968.8,6977.24
1768572600,6965.35,6969.26,6962.41,6964.38
1768572900,6959.98,6962.16,6955.71,6957.61
1768573200,6960.67,6967.34,6959.64,6963.26
1768573500,6963.66,6970.6,6959.62,6962.8
1768573800,6977.27,6980.74,6974.89,6979.81
1768574100,6975.17,6977.84,6974.38,6976.77
1768574400,6981.89,6985.44,6978.5,6982.8
1768574700,6974.17,6976.05,6973.02,6974.62
1768575000,6981.04,6982.19,6976.97,6979.81
1768575300,6984.43,6988.5,6982.41,6984.67
1768575600,6981.7,6982.48,6980.89,6981.92
1768575900,6978.95,6981.46,6977.84,6978.89
1768576200,6988.74,6991.6,6987.21,6989.09
1768576500,6984.75,6986.07,6980.78,6982.32
1768576800,6990.05,6990.47,6989.08,6989.48
1768577100,6989.06,6990.16,6987.76,6990.06
1768577400,6988.08,6994.07,6985.66,6992.22
1768577700,6984.83,6986.64,6982.61,6983.77
1768578000,6991.23,6993.4,6990.4,6992.05
1768578300,6993.66,6996.2,6992.35,6995.56
1768578600,6990.38,6994.25,6988.44,6989.81
1768578900,6989.89,6997.35,6986.01,6992.81
1768579200,6990.85,6992.04,6988.58,6990.67
1768901400,6930.98,6932.25,6926.23,6929.6
1768901700,6940.32,6948.6,6939.1,6944.44
1768902000,6937.93,6944.79,6933.85,6939.33
1768902300,6952.85,6953.49,6948.77,6950.25
1768902600,6952.85,6953.48,6944.46,6944.64
1768902900,6948.16,6953.93,6933.72,6940.8
1768903200,6923.05,6924.06,6910.1,6919.02
1768903500,6905.85,6912.64,6901.85,6904.68
1768903800,6918.1,6922.13,6910.19,6911.29
1768904100,6926.03,6928.94,6923.04,6924.31
1768904400,6921.22,6921.22,6916.34,6920.17
1768904700,6930.05,6935.13,6917.67,6924.09
1768905000,6942.34,6948.46,6928.26,6946.14
1768905300,6930.05,6933.93,6929.65,6930.02
1768905600,6924.87,6932.29,6922.54,6926.17
1768905900,6931.48,6936.54,6926.98,6934.7
1768906200,6910.02,6916.14,6900.5,6911.96
1768906500,6918.9,6924.48,6908.85,6914.38
1768906800,6900.74,6904.35,6883.13,6893.75
1768907100,6905.56,6906.16,6892.85,6903.34
1768907400,6909.29,6914.07,6901.41,6905.33
1768907700,6896.41,6899.97,6895.37,6896.71
1768908000,6896.43,6900.03,6894.47,6895.72
1768908300,6894.99,6909.63,6893.18,6893.97
1768908600,6899.99,6903.96,6890.35,6890.6
1768908900,6891.28,6897.33,6889.08,6893.36
1768909200,6895.67,6906.25,6892.66,6903.17
1768909500,6902.56,6907.2,6897.35,6904.41
1768909800,6901.47,6908.11,6901.13,6904.09
1768910100,6922.96,6925.76,6901.62,6916.59
1768910400,6912.84,6916.32,6910.66,6914.74
1768910700,6916.99,6930.46,6914.17,6925.92
1768911000,6916.62,6922.05,6914.75,6919.63
1768911300,6900.18,6910.48,6892.53,6903.85
1768911600,6915.68,6932.43,6914.84,6931.76
1768911900,6913.89,6920.78,6901.93,6902.87
1768912200,6883.84,6888.95,6867.97,6871.25
1768912500,6880.49,6886.45,6876.12,6877.48
1768912800,6877.23,6878.39,6869.28,6875.37
1768913100,6885.85,6887.0,6875.39,6881.2
1768913400,6866.67,6870.11,6860.68,6866.04
1768913700,6875.54,6881.35,6872.0,6877.02
1768914000,6881.71,6884.16,6880.54,6882.04
1768914300,6871.86,6874.38,6864.5,6867.92
1768914600,6890.31,6904.63,6887.42,6891.48
1768914900,6896.98,6905.26,6891.97,6897.33
1768915200,6889.47,6900.53,6881.15,6891.88
1768915500,6878.64,6883.68,6868.99,6872.64
1768915800,6865.86,6868.83,6861.1,6864.18
1768916100,6859.72,6861.12,6858.02,6858.78
1768916400,6874.19,6885.52,6873.81,6882.63
1768916700,6869.68,6886.87,6868.12,6882.36
1768917000,6841.56,6843.97,6826.98,6829.7
1768917300,6851.24,6854.87,6848.25,6849.09
1768917600,6851.93,6854.61,6849.09,6850.12
1768917900,6875.98,6879.91,6868.94,6875.81
1768918200,6874.97,6887.56,6872.72,6886.02
1768918500,6871.91,6884.77,6867.33,6877.19
1768918800,6859.12,6872.41,6848.69,6864.39
1768919100,6857.79,6863.2,6849.44,6860.04
1768919400,6846.66,6847.89,6840.38,6840.69
1768919700,6844.67,6860.17,6844.63,6850.23
1768920000,6851.24,6869.07,6844.25,6864.26
1768920300,6877.32,6880.43,6875.28,6880.06
1768920600,6877.86,6888.23,6870.41,6876.83
1768920900,6861.13,6865.51,6847.25,6862.84
1768921200,6868.47,6880.46,6867.21,6873.74
1768921500,6860.39,6869.25,6855.96,6863.03
1768921800,6864.78,6872.01,6864.28,6864.76
1768922100,6861.17,6862.22,6857.1,6860.52
1768922400,6865.76,6865.79,6856.88,6863.26
1768922700,6866.64,6869.57,6847.77,6856.58
1768923000,6848.47,6852.55,6846.13,6848.93
1768923300,6857.22,6858.26,6848.76,6852.54
1768923600,6860.85,6871.87,6857.48,6871.69
1768923900,6861.58,6867.55,6846.27,6858.62
1768924200,6877.92,6880.81,6870.31,6874.31
1768924500,6864.59,6872.42,6861.71,6867.8
1768924800,6866.4,6872.64,6860.23,6869.91
1768987800,6834.31,6840.75,6833.14,6836.64
1768988100,6821.14,6824.31,6816.73,6820.3
1768988400,6801.42,6806.84,6800.23,6803.59
1768988700,6823.03,6827.79,6818.33,6826.76
1768989000,6816.11,6818.09,6814.77,6817.38
1768989300,6802.92,6809.24,6800.09,6805.45
1768989600,6801.42,6815.08,6794.08,6810.4
1768989900,6813.01,6824.8,6809.9,6817.68
1768990200,6808.55,6820.97,6807.32,6810.52
1768990500,6817.09,6828.41,6811.27,6819.22
1768990800,6809.29,6809.92,6794.05,6806.27
1768991100,6806.01,6809.62,6795.44,6801.69
1768991400,6812.44,6812.7,6810.36,6812.2
1768991700,6809.91,6815.15,6808.84,6813.21
1768992000,6801.42,6814.24,6801.17,6806.95
1768992300,6823.4,6843.54,6823.2,6836.89
1768992600,6834.38,6834.7,6833.72,6833.77
1768992900,6831.33,6838.01,6816.01,6820.95
1768993200,6835.51,6838.33,6819.34,6828.3
1768993500,6834.61,6835.58,6821.2,6823.44
1768993800,6855.42,6868.47,6853.42,6858.06
1768994100,6837.97,6838.12,6830.98,6832.67
1768994400,6855.71,6863.15,6844.72,6852.07
1768994700,6856.4,6868.2,6836.45,6852.0
1768995000,6839.51,6843.29,6835.28,6842.46
1768995300,6873.35,6888.1,6869.69,6878.41
1768995600,6867.45,6871.88,6849.02,6864.64
1768995900,6876.21,6890.95,6876.09,6883.24
1768996200,6874.05,6883.52,6857.5,6859.88
1768996500,6871.03,6875.48,6870.51,6875.26
1768996800,6865.08,6881.37,6860.13,6876.68
1768997100,6856.12,6858.12,6850.92,6856.78
1768997400,6862.82,6873.65,6861.32,6868.41
1768997700,6874.03,6875.68,6872.51,6873.17
1768998000,6884.39,6887.6,6867.04,6879.0
1768998300,6904.49,6913.21,6900.51,6906.75
1768998600,6901.46,6905.67,6890.58,6894.48
1768998900,6869.87,6879.34,6869.55,6874.26
1768999200,6863.15,6875.97,6859.92,6875.38
1768999500,6875.78,6878.54,6873.94,6878.11
1768999800,6858.49,6870.18,6849.59,6852.5
1769000100,6860.02,6868.65,6855.73,6863.79
1769000400,6883.5,6887.98,6870.4,6881.52
1769000700,6877.89,6884.66,6875.46,6879.92
1769001000,6874.14,6880.51,6862.74,6873.95
1769001300,6866.69,6871.31,6856.06,6869.06
1769001600,6862.41,6865.11,6861.06,6864.56
1769001900,6851.91,6861.57,6846.49,6848.36
1769002200,6864.05,6866.08,6851.64,6862.44
1769002500,6861.43,6870.18,6851.88,6869.55
1769002800,6851.87,6853.13,6842.04,6842.79
1769003100,6850.77,6855.54,6844.71,6849.59
1769003400,6840.28,6841.69,6827.82,6837.75
1769003700,6839.36,6848.94,6834.04,6847.57
1769004000,6831.18,6832.1,6819.52,6830.56
1769004300,6825.25,6834.41,6817.85,6829.95
1769004600,6843.5,6860.51,6836.5,6855.05
1769004900,6864.33,6873.81,6855.09,6856.12
1769005200,6869.05,6871.48,6860.8,6867.3
1769005500,6887.81,6901.19,6881.85,6885.34
1769005800,6888.91,6899.7,6887.53,6891.23
1769006100,6881.83,6886.25,6876.27,6884.63
1769006400,6878.95,6880.97,6872.43,6880.8
1769006700,6885.02,6900.63,6880.3,6895.75
1769007000,6867.72,6868.76,6861.09,6862.4
1769007300,6860.77,6867.89,6860.3,6861.75
1769007600,6866.99,6874.28,6864.16,6871.2
1769007900,6858.96,6864.48,6854.25,6856.4
1769008200,6852.23,6854.94,6838.18,6846.76
1769008500,6839.51,6852.5,6831.11,6833.53
1769008800,6855.59,6858.27,6851.29,6855.81
1769009100,6861.02,6862.24,6857.76,6857.81
1769009400,6879.98,6884.06,6874.8,6881.22
1769009700,6888.59,6889.94,6869.48,6875.45
1769010000,6876.88,6877.27,6869.89,6876.28
1769010300,6897.53,6910.91,6893.64,6902.59
1769010600,6900.71,6906.85,6899.49,6904.85
1769010900,6874.7,6876.49,6862.51,6871.44
1769011200,6864.2,6871.1,6847.15,6851.29
1769074200,6918.86,6919.61,6913.57,6919.55
1769074500,6926.37,6928.93,6925.92,6928.37
1769074800,6923.74,6926.64,6920.3,6925.89
1769075100,6924.08,6929.98,6916.04,6926.21
1769075400,6932.6,6932.61,6931.28,6932.14
1769075700,6929.07,6929.68,6926.48,6927.21
1769076000,6927.11,6933.66,6921.68,6931.28
1769076300,6928.45,6930.09,6922.72,6927.66
1769076600,6918.82,6919.83,6913.08,6918.35
1769076900,6905.22,6912.16,6904.64,6908.38
1769077200,6906.97,6910.16,6903.66,6907.3
1769077500,6906.91,6909.8,6900.14,6903.55
1769077800,6908.67,6913.5,6905.87,6909.83
1769078100,6918.01,6920.4,6914.56,6918.9
1769078400,6916.95,6917.61,6913.92,6916.98
1769078700,6919.2,6928.73,6915.96,6922.98
1769079000,6924.33,6928.9,6910.35,6914.75
1769079300,6924.0,6926.84,6923.35,6923.62
1769079600,6926.29,6931.09,6923.45,6924.3
1769079900,6932.33,6939.12,6929.43,6938.53
1769080200,6929.21,6932.21,6927.32,6931.77
1769080500,6925.97,6932.45,6925.15,6929.88
1769080800,6923.96,6928.9,6911.83,6917.33
1769081100,6913.71,6914.2,6907.01,6912.66
1769081400,6912.52,6914.21,6906.99,6911.55
1769081700,6908.2,6912.71,6900.82,6911.51
1769082000,6910.25,6913.21,6909.87,6911.64
1769082300,6916.11,6916.61,6906.56,6912.41
1769082600,6923.16,6924.05,6921.1,6923.92
1769082900,6917.91,6920.37,6916.22,6917.45
1769083200,6921.6,6925.02,6918.68,6923.53
1769083500,6927.62,6932.13,6924.58,6925.32
1769083800,6935.5,6937.18,6931.27,6931.7
1769084100,6940.4,6945.53,6939.04,6944.13
1769084400,6947.23,6950.86,6944.67,6948.82
1769084700,6930.96,6932.46,6930.24,6930.33
1769085000,6933.16,6935.08,6930.34,6933.64
1769085300,6939.67,6942.65,6938.69,6941.53
1769085600,6943.72,6950.35,6942.65,6948.32
1769085900,6947.07,6949.75,6941.98,6949.35
1769086200,6939.58,6940.11,6929.93,6932.39
1769086500,6941.47,6945.4,6936.17,6944.31
1769086800,6940.14,6945.72,6939.15,6941.44
1769087100,6944.2,6948.93,6940.37,6947.22
1769087400,6943.06,6949.36,6940.07,6942.29
1769087700,6940.59,6944.47,6939.36,6943.92
1769088000,6942.15,6944.3,6940.22,6940.49
1769088300,6938.54,6939.22,6936.29,6938.6
1769088600,6933.78,6938.49,6932.8,6936.73
1769088900,6937.13,6939.04,6935.89,6936.42
1769089200,6938.76,6945.5,6934.78,6942.65
1769089500,6929.47,6929.98,6927.19,6928.63
1769089800,6926.13,6936.02,6922.89,6927.99
1769090100,6930.26,6932.64,6926.89,6931.13
1769090400,6924.4,6926.77,6916.36,6919.93
1769090700,6928.46,6936.04,6926.86,6933.97
1769091000,6927.76,6931.81,6925.03,6930.37
1769091300,6926.08,6932.27,6924.43,6929.8
1769091600,6930.7,6931.17,6927.35,6927.9
1769091900,6931.15,6931.22,6921.74,6927.17
1769092200,6929.08,6932.77,6918.24,6924.91
1769092500,6936.48,6943.17,6934.23,6939.75
1769092800,6934.65,6935.33,6934.25,6934.3
1769093100,6937.98,6944.56,6932.4,6941.81
1769093400,6944.68,6945.41,6940.57,6942.03
1769093700,6957.92,6969.73,6957.01,6965.09
1769094000,6956.23,6965.75,6954.82,6959.42
1769094300,6958.8,6965.9,6955.56,6962.15
1769094600,6953.23,6955.54,6948.14,6950.76
1769094900,6955.93,6960.41,6952.09,6954.24
1769095200,6950.91,6954.26,6945.58,6952.62
1769095500,6951.48,6963.66,6947.99,6958.69
1769095800,6933.28,6934.75,6932.03,6933.2
1769096100,6937.29,6938.5,6936.48,6937.27
1769096400,6945.16,6948.4,6942.84,6944.12
1769096700,6950.91,6957.76,6946.86,6956.57
1769097000,6966.52,6969.22,6961.7,6968.83
1769097300,6964.38,6968.12,6961.47,6965.93
1769097600,6962.58,6966.58,6956.48,6957.5
1769160600,6940.35,6941.84,6938.89,6941.09
1769160900,6941.62,6944.13,6941.33,6941.63
1769161200,6943.39,6943.88,6943.2,6943.8
1769161500,6941.75,6943.39,6940.33,6940.36
1769161800,6935.05,6938.46,6934.28,6937.0
1769162100,6935.54,6935.77,6934.55,6934.98
1769162400,6937.78,6939.09,6936.86,6937.06
1769162700,6944.55,6944.68,6942.49,6942.74
1769163000,6945.62,6950.06,6942.39,6949.43
1769163300,6946.54,6947.31,6944.36,6946.86
1769163600,6946.48,6946.87,6942.05,6946.66
1769163900,6947.61,6953.34,6946.09,6950.15
1769164200,6950.72,6953.04,6946.86,6949.44
1769164500,6952.83,6955.0,6951.9,6953.38
1769164800,6950.9,6955.61,6949.85,6951.95
1769165100,6944.65,6945.76,6942.59,6943.87
1769165400,6947.25,6951.21,6944.26,6945.5
1769165700,6946.18,6947.77,6941.27,6943.11
1769166000,6939.51,6941.73,6936.34,6938.4
1769166300,6937.05,6938.05,6933.64,6935.35
1769166600,6938.59,6945.23,6938.43,6943.22
1769166900,6942.09,6946.47,6940.43,6944.96
1769167200,6944.22,6946.01,6940.55,6941.86
1769167500,6944.18,6946.02,6942.84,6943.92
1769167800,6937.82,6938.69,6934.32,6937.07
1769168100,6938.18,6944.0,6934.25,6939.08
1769168400,6932.49,6934.29,6926.75,6928.3
1769168700,6936.18,6940.79,6935.85,6939.51
1769169000,6937.03,6937.38,6933.3,6936.77
1769169300,6931.93,6932.66,6928.07,6929.79
1769169600,6930.86,6931.18,6927.11,6928.85
1769169900,6930.33,6931.82,6925.99,6927.7
1769170200,6933.66,6938.48,6930.96,6936.7
1769170500,6932.59,6933.76,6931.06,6932.29
1769170800,6936.52,6938.96,6934.72,6936.58
1769171100,6940.7,6942.15,6934.46,6936.46
1769171400,6951.6,6951.61,6946.99,6948.46
1769171700,6948.48,6949.94,6946.42,6948.34
1769172000,6952.92,6956.43,6952.76,6955.49
1769172300,6945.78,6949.05,6944.94,6948.32
1769172600,6944.39,6948.19,6939.51,6942.51
1769172900,6946.37,6950.39,6943.32,6947.5
1769173200,6942.22,6942.71,6939.65,6942.63
1769173500,6943.81,6947.04,6941.6,6944.5
1769173800,6941.3,6941.64,6937.36,6940.64
1769174100,6941.2,6947.26,6939.05,6944.43
1769174400,6947.32,6950.61,6944.11,6947.46
1769174700,6947.9,6948.08,6941.92,6944.93
1769175000,6947.73,6950.41,6945.81,6947.48
1769175300,6946.73,6947.67,6943.79,6945.78
1769175600,6943.99,6949.31,6942.34,6942.81
1769175900,6947.13,6948.32,6942.09,6944.17
1769176200,6949.15,6952.13,6949.11,6950.46
1769176500,6949.27,6949.34,6947.48,6947.76
1769176800,6948.28,6953.55,6944.42,6949.91
1769177100,6946.66,6949.74,6946.14,6948.55
1769177400,6938.51,6945.34,6936.57,6942.35
1769177700,6934.2,6935.7,6934.13,6934.38
1769178000,6930.39,6934.66,6928.21,6933.1
1769178300,6940.6,6940.62,6937.79,6940.31
1769178600,6938.15,6939.74,6936.39,6937.51
1769178900,6933.84,6935.56,6931.61,6934.25
1769179200,6930.63,6933.71,6926.74,6930.18
1769179500,6932.0,6932.59,6929.1,6930.14
1769179800,6932.23,6933.86,6930.26,6932.98
1769180100,6932.06,6937.19,6931.29,6937.01
1769180400,6935.55,6937.99,6934.8,6936.48
1769180700,6937.62,6938.94,6933.0,6934.95
1769181000,6943.77,6944.5,6942.56,6943.47
1769181300,6943.12,6945.79,6940.77,6944.28
1769181600,6947.0,6948.51,6942.08,6946.63
1769181900,6944.25,6946.01,6943.83,6944.41
1769182200,6942.24,6944.69,6940.03,6943.89
1769182500,6944.91,6945.77,6944.38,6945.08
1769182800,6950.15,6951.4,6947.41,6948.46
1769183100,6950.84,6952.3,6949.33,6949.62
1769183400,6953.59,6954.64,6951.83,6953.94
1769183700,6954.22,6957.55,6948.86,6952.09
1769184000,6946.21,6950.1,6945.57,6947.94
1769419800,6897.29,6900.92,6891.42,6895.32
1769420100,6913.65,6920.51,6907.26,6916.43
1769420400,6881.71,6884.37,6872.4,6874.77
1769420700,6876.37,6878.52,6871.25,6876.98
1769421000,6900.03,6910.49,6894.93,6897.96
1769421300,6912.53,6923.08,6907.71,6917.74
1769421600,6926.51,6937.74,6923.26,6937.0
1769421900,6938.42,6943.86,6932.82,6933.07
1769422200,6941.57,6954.7,6939.94,6951.29
1769422500,6947.9,6951.75,6940.57,6946.69
1769422800,6940.72,6957.09,6931.84,6939.28
1769423100,6940.59,6949.18,6931.4,6936.6
1769423400,6928.23,6934.57,6923.61,6930.43
1769423700,6931.02,6942.37,6928.07,6938.0
1769424000,6926.08,6931.74,6925.48,6931.59
1769424300,6914.55,6920.18,6913.41,6917.49
1769424600,6912.94,6916.24,6907.78,6908.89
1769424900,6925.22,6936.61,6925.12,6930.47
1769425200,6926.19,6928.82,6906.47,6909.47
1769425500,6937.48,6946.46,6928.5,6942.37
1769425800,6959.92,6970.89,6954.24,6965.25
1769426100,6964.79,6975.24,6954.21,6968.38
1769426400,6974.97,6978.2,6967.08,6967.65
1769426700,6973.0,6988.71,6971.05,6979.76
1769427000,6972.01,6987.33,6964.64,6984.68
1769427300,6962.8,6964.89,6954.77,6956.54
1769427600,6955.68,6966.13,6950.16,6955.7
1769427900,6931.71,6944.98,6925.79,6940.07
1769428200,6946.65,6960.87,6944.64,6958.2
1769428500,6947.11,6948.5,6943.99,6944.29
1769428800,6948.36,6953.08,6944.57,6948.9
1769429100,6946.77,6947.72,6937.98,6942.8
1769429400,6961.36,6964.99,6955.98,6962.44
1769429700,6958.39,6963.85,6956.12,6961.75
1769430000,6963.65,6968.88,6949.88,6960.39
1769430300,6957.2,6962.15,6952.77,6954.01
1769430600,6965.97,6978.79,6952.55,6960.39
1769430900,6946.01,6948.13,6943.21,6946.45
1769431200,6946.66,6949.0,6938.9,6942.65
1769431500,6939.79,6947.84,6927.73,6945.99
1769431800,6928.68,6935.58,6922.72,6931.27
1769432100,6941.13,6943.41,6930.59,6939.02
1769432400,6935.04,6943.69,6933.57,6940.71
1769432700,6932.22,6942.17,6926.0,6938.24
1769433000,6925.12,6934.62,6921.94,6934.1
1769433300,6913.6,6915.08,6908.36,6912.41
1769433600,6921.5,6929.1,6911.52,6922.73
1769433900,6933.0,6936.59,6927.8,6933.17
1769434200,6933.02,6947.4,6930.03,6937.59
1769434500,6918.35,6922.98,6901.25,6907.03
1769434800,6904.35,6909.43,6892.67,6908.61
1769435100,6921.98,6932.86,6919.93,6928.43
1769435400,6910.7,6924.26,6903.06,6919.31
1769435700,6925.39,6934.47,6920.76,6922.84
1769436000,6907.49,6913.16,6905.13,6910.99
1769436300,6915.91,6923.22,6911.83,6916.34
1769436600,6901.69,6906.77,6897.9,6903.28
1769436900,6911.56,6920.97,6900.91,6909.51
1769437200,6912.78,6931.05,6912.24,6916.64
1769437500,6907.85,6918.4,6900.25,6907.93
1769437800,6904.14,6914.04,6883.44,6890.07
1769438100,6909.49,6913.44,6901.78,6912.85
1769438400,6932.14,6940.07,6926.45,6934.65
1769438700,6943.52,6947.58,6938.21,6941.01
1769439000,6942.81,6943.47,6935.8,6937.58
1769439300,6935.75,6940.37,6931.6,6933.11
1769439600,6940.63,6956.49,6940.58,6943.3
1769439900,6950.5,6955.33,6946.92,6947.96
1769440200,6926.03,6926.75,6925.99,6926.4
1769440500,6911.87,6918.98,6910.13,6914.81
1769440800,6921.07,6930.73,6905.89,6917.02
1769441100,6919.81,6924.55,6917.04,6922.29
1769441400,6924.66,6938.84,6913.25,6913.62
1769441700,6939.05,6946.1,6937.94,6939.9
1769442000,6954.42,6956.35,6946.33,6948.46
1769442300,6976.23,6983.56,6970.36,6981.6
1769442600,6968.55,6971.32,6950.95,6958.91
1769442900,6966.77,6978.59,6963.92,6971.11
1769443200,6974.75,6978.85,6965.32,6971.26
1769506200,6979.38,6983.84,6979.24,6982.01
1769506500,6973.56,6976.3,6967.09,6975.6
1769506800,6971.73,6972.17,6968.56,6969.39
1769507100,6967.84,6968.85,6965.53,6966.93
1769507400,6973.53,6975.83,6969.43,6970.98
1769507700,6969.56,6976.51,6968.29,6968.63
1769508000,6970.01,6978.53,6969.97,6976.06
1769508300,6974.48,6984.06,6972.46,6979.59
1769508600,6983.63,6988.31,6982.44,6986.12
1769508900,6982.8,6985.55,6980.73,6984.06
1769509200,6985.96,6988.23,6979.99,6983.3
1769509500,6987.32,6987.83,6986.42,6986.9
1769509800,6985.91,6989.62,6984.8,6988.3
1769510100,6988.33,6991.33,6985.71,6990.47
1769510400,6990.15,6993.16,6987.27,6989.45
1769510700,6991.47,6995.76,6989.45,6995.07
1769511000,6986.25,6988.26,6983.36,6983.5
1769511300,6973.96,6974.71,6970.84,6974.68
1769511600,6974.4,6976.74,6973.74,6973.87
1769511900,6974.46,6977.25,6971.73,6972.67
1769512200,6983.99,6988.34,6981.49,6985.31
1769512500,6986.63,6987.8,6984.45,6986.15
1769512800,6991.95,6993.42,6990.32,6990.56
1769513100,6994.55,6997.37,6993.96,6995.45
1769513400,6996.76,7001.85,6996.36,6999.83
1769513700,6993.2,6993.88,6992.63,6993.26
1769514000,6992.16,6992.6,6991.45,6992.04
1769514300,6991.01,6995.25,6986.44,6992.82
1769514600,6983.73,6986.35,6982.32,6985.37
1769514900,6988.99,6989.33,6988.08,6988.23
1769515200,6975.92,6980.77,6967.09,6973.87
1769515500,6975.62,6978.19,6972.73,6975.1
1769515800,6971.6,6973.6,6968.87,6972.91
1769516100,6976.19,6978.79,6975.71,6976.42
1769516400,6975.6,6979.93,6972.44,6978.52
1769516700,6980.83,6981.63,6978.84,6981.45
1769517000,6986.49,6987.05,6985.56,6986.92
1769517300,6980.53,6980.79,6976.65,6979.13
1769517600,6976.69,6982.35,6976.12,6980.3
1769517900,6978.02,6979.5,6977.93,6979.08
1769518200,6980.26,6983.78,6979.32,6980.81
1769518500,6974.83,6976.25,6974.82,6975.76
1769518800,6978.62,6981.82,6976.25,6978.94
1769519100,6991.84,6994.17,6990.59,6992.0
1769519400,7003.14,7004.52,6998.51,7003.68
1769519700,6995.5,6998.75,6994.86,6995.68
1769520000,6999.38,7001.37,6992.75,6996.27
1769520300,6994.4,6999.07,6990.86,6993.66
1769520600,6983.28,6984.4,6981.57,6983.29
1769520900,6983.7,6987.8,6983.42,6984.92
1769521200,6996.81,7000.02,6992.21,6998.66
1769521500,6992.82,6993.27,6990.31,6992.76
1769521800,7001.28,7002.93,6993.79,6998.64
1769522100,7009.5,7010.26,7007.34,7009.77
1769522400,7008.34,7010.87,7003.51,7005.54
1769522700,7005.7,7006.01,7002.25,7002.77
1769523000,7018.53,7022.23,7018.43,7019.17
1769523300,7023.4,7023.76,7022.14,7023.22
1769523600,7023.4,7024.58,7020.53,7023.03
1769523900,7021.15,7022.74,7019.19,7020.05
1769524200,7009.64,7012.25,7006.97,7010.24
1769524500,7008.28,7008.94,7007.47,7008.5
1769524800,6997.73,7001.28,6996.28,6996.53
1769525100,6995.09,6999.1,6992.71,6998.6
1769525400,6995.37,6998.47,6993.21,6996.99
1769525700,6999.35,7000.24,6993.52,6993.99
1769526000,7004.44,7007.5,7001.36,7005.38
1769526300,7009.32,7011.86,7003.66,7007.14
1769526600,7008.67,7012.48,7007.23,7009.74
1769526900,7012.05,7013.23,7009.23,7012.87
1769527200,7015.3,7016.35,7013.93,7015.59
1769527500,7016.36,7019.99,7013.25,7013.65
1769527800,7012.29,7014.32,7008.73,7012.02
1769528100,7018.11,7020.56,7017.48,7019.24
1769528400,7017.3,7018.01,7014.04,7015.33
1769528700,7012.58,7017.67,7010.41,7014.89
1769529000,7016.79,7021.83,7014.66,7020.68
1769529300,7021.5,7026.39,7020.26,7024.61
1769529600,7022.74,7025.89,7021.62,7021.72
1769592600,7003.54,7006.04,7002.54,7003.66
1769592900,7004.63,7006.06,6999.46,7002.49
1769593200,7003.82,7004.17,7001.42,7002.11
1769593500,7003.01,7004.45,6997.97,6999.11
1769593800,7000.89,7009.88,6995.86,7003.61
1769594100,6997.97,7001.87,6996.23,6999.82
1769594400,6995.01,7000.57,6991.54,6997.12
1769594700,7002.61,7004.07,6999.2,6999.83
1769595000,7000.37,7010.39,6996.83,7005.32
1769595300,7003.24,7008.31,7002.83,7004.75
1769595600,6998.8,6999.03,6991.02,6994.34
1769595900,7005.22,7005.7,6996.58,6997.69
1769596200,7002.29,7013.88,6999.05,7011.01
1769596500,7012.32,7015.3,7011.95,7013.39
1769596800,7012.54,7017.02,7011.68,7011.85
1769597100,7009.61,7011.51,7006.14,7008.98
1769597400,7021.45,7030.98,7021.17,7025.75
1769597700,7021.37,7028.83,7018.28,7026.82
1769598000,7022.75,7026.7,7013.49,7017.25
1769598300,7016.62,7021.77,7015.07,7018.59
1769598600,7029.87,7034.35,7029.6,7032.19
1769598900,7018.96,7020.62,7016.73,7019.44
1769599200,7017.73,7018.88,7006.42,7012.07
1769599500,7019.87,7026.34,7018.51,7026.04
1769599800,7026.7,7028.66,7024.74,7025.97
1769600100,7029.66,7030.29,7026.81,7028.72
1769600400,7037.37,7044.04,7036.34,7040.33
1769600700,7030.29,7032.01,7013.89,7018.05
1769601000,7028.28,7032.77,7023.58,7031.73
1769601300,7031.72,7035.28,7030.67,7032.03
1769601600,7032.74,7035.8,7028.29,7030.19
1769601900,7029.53,7032.59,7026.93,7029.91
1769602200,7028.56,7031.9,7026.0,7027.59
1769602500,7024.17,7031.19,7023.35,7029.75
1769602800,7022.71,7028.42,7020.79,7022.74
1769603100,7030.76,7036.03,7029.15,7034.52
1769603400,7029.28,7031.89,7023.48,7023.54
1769603700,7029.1,7033.74,7025.64,7027.87
1769604000,7024.88,7026.74,7022.53,7023.77
1769604300,7016.65,7026.75,7015.7,7021.3
1769604600,7017.47,7023.09,7017.04,7021.62
1769604900,7023.09,7035.18,7019.8,7027.26
1769605200,7025.35,7031.75,7019.49,7023.61
1769605500,7034.16,7036.38,7031.41,7033.14
1769605800,7022.61,7024.44,7018.85,7023.9
1769606100,7026.26,7028.27,7025.87,7027.77
1769606400,7032.17,7039.37,7028.46,7032.01
1769606700,7045.42,7046.25,7042.23,7043.1
1769607000,7043.99,7049.59,7038.92,7049.07
1769607300,7037.54,7039.8,7036.62,7038.36
1769607600,7035.95,7036.41,7032.01,7033.04
1769607900,7036.22,7039.11,7034.47,7038.0
1769608200,7024.33,7027.63,7018.32,7023.54
1769608500,7019.77,7027.15,7017.79,7022.97
1769608800,7026.86,7031.03,7022.93,7030.06
1769609100,7015.63,7019.13,7014.09,7014.72
1769609400,7024.58,7024.61,7022.89,7024.18
1769609700,7022.43,7026.47,7019.31,7023.48
1769610000,7014.87,7020.62,7009.05,7014.91
1769610300,7010.87,7011.6,7010.47,7011.51
1769610600,7012.74,7014.92,7010.14,7010.65
1769610900,7012.57,7015.58,7011.34,7011.93
1769611200,7008.82,7013.55,7005.95,7008.98
1769611500,7009.94,7011.37,7008.03,7008.85
1769611800,7013.86,7020.71,7012.95,7019.73
1769612100,7004.44,7018.05,6998.42,7009.26
1769612400,7002.76,7010.95,6995.71,6998.18
1769612700,7015.05,7016.78,7007.02,7011.47
1769613000,6998.19,7000.94,6996.88,6997.0
1769613300,7002.69,7005.72,6996.99,6998.21
1769613600,7016.88,7019.48,7014.18,7017.97
1769613900,7007.65,7009.41,7004.48,7009.37
1769614200,7008.5,7012.67,7007.83,7011.68
1769614500,7019.17,7022.44,7016.57,7019.57
1769614800,7021.8,7025.32,7012.8,7017.23
1769615100,7016.96,7019.14,7015.54,7017.9
1769615400,7009.98,7010.65,7002.51,7008.97
1769615700,7009.63,7011.8,7006.7,7008.04
1769616000,7012.87,7021.86,7007.51,7015.95
1769679000,7036.45,7040.69,7035.54,7038.78
1769679300,7042.65,7043.44,7036.57,7041.32
1769679600,7042.65,7047.77,7033.14,7034.12
1769679900,7014.77,7026.04,7009.86,7020.43
1769680200,7042.65,7048.57,7033.92,7039.96
1769680500,7023.25,7031.18,7018.93,7022.51
1769680800,7023.59,7029.38,7016.71,7020.72
1769681100,7018.11,7037.29,7015.8,7022.15
1769681400,7020.84,7023.05,7016.73,7021.49
1769681700,7016.04,7023.54,7012.71,7019.74
1769682000,7011.16,7014.07,7002.83,7011.69
1769682300,7006.35,7015.35,7002.9,7015.32
1769682600,7002.24,7006.81,6985.22,6995.52
1769682900,6999.24,7004.38,6975.02,6982.17
1769683200,7006.94,7008.36,6990.07,7005.6
1769683500,6990.3,7013.0,6982.21,7002.33
1769683800,7005.74,7022.17,7002.93,7017.51
1769684100,7006.75,7011.64,6991.17,7002.56
1769684400,6991.34,7000.0,6987.31,6992.03
1769684700,6987.52,7002.57,6985.69,6998.67
1769685000,6990.65,7010.09,6983.83,6999.43
1769685300,6965.09,6979.92,6957.96,6977.77
1769685600,6966.1,6972.39,6954.97,6971.52
1769685900,6958.42,6964.97,6946.0,6952.03
1769686200,6984.29,7005.05,6980.67,6986.88
1769686500,6965.18,6974.3,6957.99,6963.93
1769686800,6969.58,6984.63,6956.1,6966.69
1769687100,6968.16,6968.39,6954.39,6960.23
1769687400,6987.29,6997.36,6979.8,6994.03
1769687700,6998.92,7013.06,6995.26,7010.26
1769688000,6996.98,7001.02,6985.99,6989.6
1769688300,7009.82,7009.98,7004.01,7007.42
1769688600,7015.44,7016.98,7009.02,7014.75
1769688900,7029.29,7034.3,7021.88,7028.43
1769689200,7042.65,7047.06,7031.89,7040.5
1769689500,7042.65,7044.03,7032.5,7033.29
1769689800,7031.53,7039.56,7031.3,7032.51
1769690100,7018.33,7031.65,7010.76,7020.9
1769690400,7010.47,7018.35,7006.39,7014.18
1769690700,7028.53,7031.63,7024.37,7028.15
1769691000,7001.32,7009.45,6985.81,6998.85
1769691300,7007.93,7014.58,6997.3,7010.41
1769691600,6998.36,7011.67,6998.13,7010.33
1769691900,6948.8,6957.88,6945.16,6952.47
1769692200,6972.53,6974.18,6956.79,6960.41
1769692500,6981.38,6996.12,6966.6,6986.6
1769692800,6983.46,6987.29,6980.24,6984.78
1769693100,6994.93,6999.41,6987.67,6996.86
1769693400,7006.87,7008.38,6996.98,7001.47
1769693700,7002.6,7008.31,6996.27,7005.97
1769694000,6998.82,7010.52,6993.84,7007.48
1769694300,7016.91,7030.02,7007.05,7028.14
1769694600,7025.2,7043.68,7021.97,7036.84
1769694900,7013.77,7019.54,7001.09,7010.49
1769695200,7029.7,7031.24,7022.2,7027.59
1769695500,7004.01,7006.61,6997.54,7002.42
1769695800,7009.55,7014.83,7003.9,7008.75
1769696100,7019.37,7023.33,7008.05,7017.4
1769696400,7013.19,7030.59,6999.35,7003.61
1769696700,6999.66,7006.35,6990.67,7005.85
1769697000,7013.37,7030.34,7011.16,7020.69
1769697300,7013.56,7023.66,7011.62,7019.04
1769697600,7000.68,7001.18,6998.48,6998.72
1769697900,6996.69,7008.22,6993.4,6995.08
1769698200,6994.23,7005.89,6985.39,7003.58
1769698500,6999.06,7000.54,6995.18,6997.71
1769698800,6981.65,6988.76,6972.69,6977.0
1769699100,6992.65,6996.45,6987.99,6990.34
1769699400,6996.0,7009.72,6992.55,7001.66
1769699700,6975.59,6981.27,6965.54,6971.2
1769700000,6977.78,6982.93,6972.99,6978.06
1769700300,6958.71,6962.52,6953.71,6961.0
1769700600,6974.66,6976.02,6970.32,6971.89
1769700900,6981.78,6984.45,6971.06,6977.41
1769701200,6992.61,7002.81,6978.81,6989.2
1769701500,6992.1,6994.32,6972.15,6979.08
1769701800,6992.84,7002.82,6982.35,6988.14
1769702100,6971.16,6973.78,6962.76,6963.95
1769702400,6974.24,6981.28,6973.49,6975.63
1769765400,6991.26,6999.16,6990.64,6995.84
1769765700,7000.09,7006.41,6995.89,6995.99
1769766000,6999.33,7002.29,6996.9,6998.29
1769766300,7002.75,7009.73,6998.0,7001.88
1769766600,7000.38,7003.42,6998.77,7002.97
1769766900,6993.15,6999.7,6986.95,6987.01
1769767200,7001.75,7004.02,6996.27,6998.35
1769767500,6989.13,6993.36,6983.7,6986.37
1769767800,7002.75,7013.51,6998.81,7008.52
1769768100,6996.5,6996.79,6987.89,6994.34
1769768400,6982.13,6987.0,6978.39,6982.37
1769768700,6969.52,6972.83,6964.86,6971.91
1769769000,6972.38,6972.91,6966.48,6969.5
1769769300,6973.72,6974.51,6968.54,6971.73
1769769600,6978.83,6983.81,6973.83,6974.59
1769769900,6964.43,6967.53,6961.48,6962.69
1769770200,6968.23,6972.44,6965.49,6969.07
1769770500,6985.89,6987.68,6983.75,6986.71
1769770800,6993.66,6994.83,6984.97,6989.1
1769771100,7002.7,7014.63,7001.69,7009.5
1769771400,6996.09,7003.63,6992.79,6998.52
1769771700,7002.75,7006.14,6999.96,7001.21
1769772000,6991.91,6994.19,6990.25,6991.76
1769772300,6988.62,6989.8,6982.83,6987.46
1769772600,6999.98,7004.7,6995.68,7002.74
1769772900,7002.75,7010.89,7001.65,7005.01
1769773200,6999.69,7000.23,6988.6,6992.94
1769773500,6996.47,7004.72,6996.4,6999.93
1769773800,7002.75,7005.98,6996.37,7005.04
1769774100,7000.86,7002.86,6995.22,6999.17
1769774400,7002.31,7011.87,6998.61,7011.32
1769774700,6996.09,6998.47,6989.09,6995.95
1769775000,7002.47,7008.87,6998.22,7007.56
1769775300,6990.6,6994.11,6989.08,6989.35
1769775600,6982.67,6983.43,6974.65,6982.61
1769775900,6993.13,6999.77,6991.63,6999.51
1769776200,7002.75,7003.4,6998.67,6999.61
1769776500,6998.9,7009.05,6998.26,7003.69
1769776800,6996.83,7010.33,6988.37,7004.26
1769777100,6995.55,7013.8,6995.14,7005.03
1769777400,6985.97,6993.2,6982.51,6987.65
1769777700,6987.63,6997.45,6982.94,6993.42
1769778000,6974.88,6984.04,6964.05,6969.43
1769778300,6970.44,6971.38,6960.54,6964.77
1769778600,6967.68,6971.54,6965.36,6965.39
1769778900,6964.68,6967.67,6959.29,6967.04
1769779200,6971.63,6975.9,6963.72,6973.94
1769779500,6976.75,6976.78,6973.94,6974.96
1769779800,6968.35,6970.6,6956.08,6959.48
1769780100,6966.72,6972.21,6957.73,6961.71
1769780400,6961.15,6967.74,6956.55,6963.81
1769780700,6957.43,6958.42,6954.81,6956.97
1769781000,6978.12,6979.79,6975.66,6975.91
1769781300,6977.77,6985.89,6977.27,6982.97
1769781600,6975.0,6980.86,6965.48,6977.9
1769781900,6980.26,6981.81,6976.33,6978.25
1769782200,6972.12,6983.38,6971.67,6980.1
1769782500,6975.36,6983.65,6972.46,6975.21
1769782800,6966.25,6967.72,6960.94,6961.76
1769783100,6971.31,6974.41,6965.58,6967.72
1769783400,6960.15,6969.53,6958.81,6967.29
1769783700,6945.15,6951.92,6938.69,6949.75
1769784000,6950.43,6957.3,6945.43,6953.2
1769784300,6958.37,6965.87,6953.45,6961.49
1769784600,6952.87,6959.02,6948.35,6955.78
1769784900,6949.0,6956.47,6941.7,6951.38
1769785200,6936.68,6943.75,6932.88,6938.42
1769785500,6941.47,6947.7,6938.9,6944.98
1769785800,6932.61,6937.39,6919.82,6934.33
1769786100,6944.18,6957.4,6937.83,6952.26
1769786400,6952.77,6964.08,6949.53,6960.46
1769786700,6953.73,6955.75,6951.51,6953.91
1769787000,6957.63,6973.14,6956.45,6964.71
1769787300,6955.98,6957.56,6952.68,6956.47
1769787600,6962.74,6970.29,6962.23,6967.38
1769787900,6962.69,6964.32,6960.94,6961.72
1769788200,6958.39,6971.36,6953.22,6965.59
1769788500,6953.72,6961.04,6950.81,6956.75
1769788800,6952.13,6957.71,6951.54,6951.99
1770024600,6964.03,6971.48,6963.92,6965.24
1770024900,6958.86,6963.56,6950.4,6962.01
1770025200,6951.17,6954.31,6939.77,6940.46
1770025500,6932.41,6941.79,6924.77,6932.47
1770025800,6931.52,6940.49,6931.29,6940.03
1770026100,6922.59,6935.15,6917.73,6921.02
1770026400,6888.3,6897.71,6881.48,6890.63
1770026700,6903.79,6907.27,6901.04,6904.06
1770027000,6907.04,6910.79,6892.16,6904.37
1770027300,6919.84,6920.35,6916.02,6917.65
1770027600,6908.68,6915.28,6902.75,6904.78
1770027900,6926.17,6934.71,6923.77,6929.22
1770028200,6931.89,6937.23,6924.39,6927.78
1770028500,6918.92,6921.74,6907.16,6914.2
1770028800,6947.68,6966.58,6938.34,6965.37
1770029100,6941.73,6943.63,6939.48,6940.89
1770029400,6983.09,6985.51,6974.55,6978.33
1770029700,6966.46,6971.87,6955.94,6958.07
1770030000,6953.52,6967.71,6946.3,6956.88
1770030300,6942.05,6942.7,6929.43,6932.46
1770030600,6935.47,6942.79,6923.97,6930.31
1770030900,6962.08,6966.6,6959.19,6963.89
1770031200,6969.9,6983.61,6969.03,6978.56
1770031500,6958.7,6966.05,6945.44,6951.0
1770031800,6976.21,6993.27,6967.92,6987.77
1770032100,6979.52,6993.34,6977.14,6989.96
1770032400,6997.68,7018.73,6991.23,7005.13
1770032700,7003.33,7008.4,6982.92,7001.43
1770033000,7000.37,7022.76,6999.39,7001.28
1770033300,7006.32,7024.15,6995.36,7009.37
1770033600,7007.18,7026.75,6990.78,6995.21
1770033900,6994.68,7010.14,6991.36,6999.94
1770034200,6981.98,7012.41,6969.48,6991.98
1770034500,6971.93,6988.72,6971.08,6978.92
1770034800,6995.6,6997.92,6988.95,6997.06
1770035100,6974.87,6988.12,6974.12,6988.02
1770035400,6957.84,6968.88,6942.0,6963.72
1770035700,6969.42,6986.05,6968.03,6981.34
1770036000,6971.84,6983.13,6955.61,6974.5
1770036300,6970.31,6973.25,6957.51,6960.79
1770036600,6942.92,6944.72,6936.12,6938.77
1770036900,6965.12,6965.83,6929.96,6944.37
1770037200,6964.23,6972.69,6958.3,6968.58
1770037500,6973.11,6979.26,6964.45,6972.43
1770037800,6976.81,6988.75,6969.1,6978.49
1770038100,6976.05,6978.1,6970.71,6973.62
1770038400,6991.81,6998.91,6991.01,6993.0
1770038700,7032.82,7032.93,7011.62,7022.94
1770039000,7019.87,7020.77,7016.57,7019.19
1770039300,7025.44,7035.68,7017.99,7027.99
1770039600,7029.37,7041.62,7028.15,7038.65
1770039900,7021.19,7026.28,7014.95,7015.56
1770040200,7029.47,7039.91,7024.62,7039.77
1770040500,7009.5,7013.11,7001.05,7011.22
1770040800,6987.34,6993.73,6977.23,6991.78
1770041100,7015.34,7027.55,7008.69,7022.87
1770041400,7027.0,7042.27,7023.02,7032.41
1770041700,7023.76,7040.23,7010.65,7011.19
1770042000,6985.12,7003.37,6983.93,6994.56
1770042300,6993.12,7001.85,6974.51,6982.28
1770042600,7003.11,7014.86,7001.28,7006.61
1770042900,6984.2,6993.99,6979.65,6989.96
1770043200,6963.82,6967.4,6946.84,6954.68
1770043500,6957.24,6965.35,6936.8,6946.1
1770043800,6973.38,6982.2,6965.75,6975.74
1770044100,6924.21,6939.67,6917.92,6934.19
1770044400,6922.03,6949.88,6914.98,6934.66
1770044700,6920.63,6933.15,6918.14,6920.65
1770045000,6929.14,6930.86,6924.52,6930.47
1770045300,6947.47,6950.34,6939.72,6941.06
1770045600,6955.7,6955.75,6950.33,6953.96
1770045900,6957.52,6964.46,6948.98,6958.98
1770046200,6977.22,6983.08,6968.95,6972.57
1770046500,7009.34,7017.26,6998.99,7005.74
1770046800,7000.69,7017.76,6993.97,7011.11
1770047100,6993.25,6996.11,6992.72,6993.82
1770047400,7014.2,7037.54,7009.97,7016.86
1770047700,6991.59,6995.12,6977.28,6982.27
1770048000,6969.39,6974.48,6943.12,6955.89
1770111000,6993.87,7008.96,6993.12,7002.58
1770111300,6993.08,6994.12,6989.95,6989.99
1770111600,7000.97,7006.87,6990.09,7006.25
1770111900,7005.74,7014.75,7003.85,7005.78
1770112200,7011.6,7017.15,7009.0,7010.44
1770112500,6997.5,7014.22,6991.0,7008.54
1770112800,7018.64,7032.32,7008.97,7025.2
1770113100,7015.53,7017.21,7003.22,7009.24
1770113400,7022.19,7023.69,7012.98,7015.65
1770113700,7041.35,7048.51,7022.9,7047.41
1770114000,7026.91,7033.72,7016.15,7029.82
1770114300,7041.35,7042.97,7036.8,7036.92
1770114600,7011.72,7014.35,7001.08,7008.69
1770114900,7020.7,7025.03,7013.15,7022.18
1770115200,7019.71,7041.84,7018.12,7027.29
1770115500,6993.59,6999.33,6982.31,6992.91
1770115800,6994.12,7001.49,6983.05,6988.88
1770116100,7018.64,7029.75,7010.97,7019.11
1770116400,7030.36,7034.17,7024.09,7024.37
1770116700,7030.86,7049.51,7020.45,7031.85
1770117000,7015.04,7016.39,6998.24,7005.13
1770117300,7004.31,7007.15,6988.65,6995.28
1770117600,6990.22,6995.54,6973.02,6989.37
1770117900,6989.65,6994.05,6978.42,6988.94
1770118200,6964.14,6969.95,6956.23,6961.98
1770118500,6935.78,6940.41,6933.73,6937.02
1770118800,6952.1,6953.93,6931.89,6942.2
1770119100,6982.16,6982.91,6973.73,6975.19
1770119400,6988.38,6999.16,6980.07,6993.76
1770119700,6992.11,7010.8,6989.48,6998.05
1770120000,6979.22,6999.32,6966.72,6990.48
1770120300,6956.28,6959.21,6955.96,6958.9
1770120600,6967.7,6973.45,6944.41,6958.84
1770120900,6989.14,7002.58,6978.36,6997.7
1770121200,6972.93,6986.54,6972.26,6974.97
1770121500,6990.1,7003.25,6983.41,6991.76
1770121800,6989.9,6990.05,6984.54,6985.41
1770122100,6994.33,6996.33,6976.72,6978.3
1770122400,6973.04,6975.97,6971.24,6975.87
1770122700,6984.88,6988.05,6972.09,6975.88
1770123000,6981.12,6990.7,6975.86,6983.5
1770123300,6996.8,7017.93,6994.58,7015.78
1770123600,6988.83,6999.09,6982.66,6994.28
1770123900,6987.2,7003.53,6982.29,7000.11
1770124200,6951.25,6966.56,6949.56,6956.82
1770124500,6932.24,6938.77,6924.36,6924.97
1770124800,6942.09,6947.65,6936.25,6946.45
1770125100,6952.97,6970.56,6942.55,6944.57
1770125400,6953.57,6964.0,6950.3,6955.39
1770125700,6936.01,6936.67,6932.55,6934.47
1770126000,6945.63,6957.23,6944.23,6954.25
1770126300,6932.53,6936.64,6922.2,6926.29
1770126600,6915.7,6924.85,6891.88,6900.42
1770126900,6921.67,6934.46,6921.03,6926.62
1770127200,6912.82,6914.18,6901.94,6903.36
1770127500,6922.93,6926.45,6906.47,6910.32
1770127800,6924.05,6932.68,6910.23,6910.47
1770128100,6946.95,6958.45,6940.01,6954.53
1770128400,6958.3,6970.52,6952.59,6966.08
1770128700,6942.0,6950.84,6929.36,6929.83
1770129000,6938.66,6943.58,6933.23,6934.55
1770129300,6920.98,6934.94,6918.07,6924.82
1770129600,6946.37,6952.64,6941.66,6947.98
1770129900,6935.01,6938.73,6929.6,6937.47
1770130200,6950.17,6958.32,6940.15,6945.49
1770130500,6959.62,6962.12,6949.11,6955.72
1770130800,6956.7,6969.96,6944.53,6951.23
1770131100,6955.27,6965.57,6943.22,6946.77
1770131400,6923.69,6929.64,6922.48,6927.67
1770131700,6896.65,6905.22,6896.23,6901.88
1770132000,6888.58,6892.08,6876.78,6891.31
1770132300,6889.62,6900.94,6877.38,6881.33
1770132600,6892.67,6897.62,6883.89,6884.0
1770132900,6899.56,6908.13,6894.22,6894.25
1770133200,6916.99,6920.19,6915.44,6918.4
1770133500,6926.02,6929.29,6911.71,6919.64
1770133800,6931.92,6933.77,6920.82,6929.16
1770134100,6905.05,6912.35,6897.45,6909.54
1770134400,6926.47,6935.99,6910.35,6931.63
1770197400,6921.38,6923.61,6909.09,6915.88
1770197700,6911.48,6913.84,6894.7,6908.43
1770198000,6930.6,6932.64,6915.78,6923.63
1770198300,6921.87,6933.61,6913.0,6928.85
1770198600,6942.5,6946.18,6932.67,6935.41
1770198900,6930.16,6932.41,6915.96,6925.27
1770199200,6936.62,6944.98,6932.14,6941.34
1770199500,6931.79,6932.65,6928.47,6929.28
1770199800,6927.31,6928.35,6926.12,6926.33
1770200100,6919.11,6920.31,6912.43,6916.12
1770200400,6929.27,6945.16,6924.16,6935.05
1770200700,6929.12,6937.81,6924.85,6935.98
1770201000,6919.84,6927.79,6913.4,6924.12
1770201300,6915.11,6925.51,6910.4,6918.51
1770201600,6927.57,6934.95,6911.1,6929.96
1770201900,6916.34,6919.09,6911.25,6913.02
1770202200,6928.91,6934.75,6928.25,6930.36
1770202500,6915.67,6916.65,6906.15,6909.12
1770202800,6905.39,6910.29,6901.28,6905.53
1770203100,6902.76,6903.25,6891.49,6901.05
1770203400,6893.77,6894.23,6889.19,6891.52
1770203700,6899.41,6904.91,6896.67,6901.69
1770204000,6905.35,6912.98,6899.58,6899.94
1770204300,6909.44,6918.49,6907.9,6913.85
1770204600,6917.11,6929.12,6916.29,6923.2
1770204900,6906.89,6910.61,6896.62,6907.93
1770205200,6899.41,6900.36,6891.54,6893.56
1770205500,6902.67,6918.02,6897.52,6911.57
1770205800,6910.57,6913.23,6905.63,6906.37
1770206100,6928.95,6935.9,6920.48,6925.75
1770206400,6904.22,6919.82,6901.52,6909.75
1770206700,6898.21,6902.46,6896.26,6897.32
1770207000,6902.46,6921.58,6898.37,6911.8
1770207300,6912.32,6917.12,6912.02,6915.97
1770207600,6897.44,6899.44,6892.14,6895.4
1770207900,6913.09,6920.97,6898.16,6910.69
1770208200,6925.03,6927.41,6917.21,6921.29
1770208500,6922.18,6922.54,6915.69,6915.73
1770208800,6941.82,6948.25,6937.85,6948.19
1770209100,6936.62,6938.72,6927.59,6931.14
1770209400,6936.1,6943.31,6935.97,6936.66
1770209700,6946.39,6954.17,6942.43,6953.62
1770210000,6942.37,6947.78,6940.88,6946.61
1770210300,6941.63,6954.57,6939.72,6952.82
1770210600,6933.22,6939.59,6930.91,6938.62
1770210900,6917.73,6929.8,6915.72,6922.75
1770211200,6904.62,6911.43,6889.17,6893.43
1770211500,6908.05,6914.42,6905.22,6906.63
1770211800,6909.93,6918.7,6909.32,6914.79
1770212100,6917.91,6921.4,6911.1,6917.51
1770212400,6901.04,6906.11,6893.72,6901.19
1770212700,6904.59,6906.85,6887.13,6898.74
1770213000,6903.33,6907.38,6902.45,6906.46
1770213300,6913.67,6920.98,6907.94,6913.08
1770213600,6924.55,6925.72,6916.51,6921.73
1770213900,6919.69,6925.95,6908.07,6921.38
1770214200,6920.75,6925.73,6918.47,6919.85
1770214500,6926.38,6931.65,6923.87,6927.77
1770214800,6921.44,6927.73,6916.14,6921.0
1770215100,6911.71,6911.91,6902.8,6905.1
1770215400,6932.75,6938.27,6924.01,6934.35
1770215700,6943.45,6946.74,6941.32,6944.07
1770216000,6935.07,6944.43,6934.88,6940.17
1770216300,6924.02,6929.35,6922.59,6925.13
1770216600,6906.61,6912.24,6898.57,6903.12
1770216900,6926.96,6927.57,6920.63,6923.65
1770217200,6913.91,6924.66,6909.81,6920.89
1770217500,6913.01,6921.52,6912.8,6916.48
1770217800,6907.91,6909.03,6899.53,6901.52
1770218100,6899.69,6902.03,6890.97,6891.76
1770218400,6910.34,6915.3,6906.23,6910.33
1770218700,6913.93,6919.49,6906.19,6909.15
1770219000,6911.33,6914.4,6906.79,6911.95
1770219300,6913.03,6924.62,6905.76,6915.57
1770219600,6902.75,6907.78,6891.07,6897.13
1770219900,6902.23,6905.67,6899.86,6899.93
1770220200,6887.56,6888.94,6882.92,6886.17
1770220500,6897.1,6902.2,6893.35,6893.6
1770220800,6890.93,6903.16,6879.6,6900.67
1770283800,6917.38,6952.56,6904.58,6935.12
1770284100,6934.1,6946.42,6933.21,6941.49
1770284400,6927.93,6938.92,6926.08,6928.49
1770284700,6950.0,6979.49,6940.92,6962.57
1770285000,6950.0,6951.59,6929.61,6933.81
1770285300,6928.0,6930.1,6914.68,6919.16
1770285600,6944.22,6947.64,6938.83,6939.52
1770285900,6934.59,6936.04,6921.88,6922.4
1770286200,6932.83,6946.76,6928.15,6935.61
1770286500,6938.67,6941.71,6931.52,6934.43
1770286800,6933.99,6952.38,6920.22,6947.78
1770287100,6922.03,6935.86,6914.83,6933.23
1770287400,6927.4,6937.78,6913.39,6927.11
1770287700,6910.21,6923.19,6902.72,6922.96
1770288000,6927.88,6936.12,6925.75,6933.07
1770288300,6914.56,6934.76,6902.87,6924.09
1770288600,6901.8,6906.12,6900.38,6904.4
1770288900,6898.14,6915.68,6879.86,6886.98
1770289200,6917.02,6935.55,6916.13,6933.46
1770289500,6922.82,6925.81,6913.62,6925.46
1770289800,6939.11,6946.79,6923.33,6923.45
1770290100,6946.77,6966.48,6932.7,6951.19
1770290400,6920.61,6931.83,6908.29,6920.72
1770290700,6927.48,6941.34,6924.7,6928.68
1770291000,6929.88,6935.31,6917.79,6919.74
1770291300,6931.49,6935.69,6912.75,6920.28
1770291600,6933.93,6942.93,6925.07,6936.74
1770291900,6926.42,6934.81,6910.73,6917.11
1770292200,6930.11,6933.93,6927.81,6933.12
1770292500,6950.0,6962.75,6938.15,6948.84
1770292800,6950.0,6953.26,6947.36,6949.42
1770293100,6935.83,6944.38,6925.07,6939.43
1770293400,6921.08,6924.0,6902.7,6906.15
1770293700,6950.0,6960.93,6945.95,6952.13
1770294000,6937.61,6938.64,6923.67,6924.36
1770294300,6929.58,6933.75,6929.08,6929.75
1770294600,6929.59,6940.82,6927.68,6936.7
1770294900,6949.24,6956.25,6947.79,6954.03
1770295200,6950.0,6954.14,6939.31,6949.54
1770295500,6929.37,6930.64,6924.72,6930.51
1770295800,6904.97,6913.08,6892.82,6900.14
1770296100,6896.17,6905.9,6890.87,6903.51
1770296400,6885.85,6890.57,6865.73,6872.74
1770296700,6866.84,6871.27,6853.1,6863.68
1770297000,6849.29,6856.75,6833.45,6848.65
1770297300,6864.31,6873.37,6831.54,6847.51
1770297600,6856.59,6858.59,6839.27,6846.33
1770297900,6858.36,6861.01,6847.6,6851.28
1770298200,6849.61,6857.89,6842.88,6854.47
1770298500,6839.73,6846.71,6836.99,6841.9
1770298800,6839.38,6841.06,6835.24,6837.66
1770299100,6857.7,6859.97,6847.87,6853.47
1770299400,6852.62,6854.64,6845.16,6849.63
1770299700,6850.28,6860.34,6843.1,6848.99
1770300000,6841.49,6846.22,6835.07,6836.98
1770300300,6854.98,6865.33,6838.93,6850.23
1770300600,6869.6,6874.93,6868.33,6870.3
1770300900,6856.22,6864.76,6842.57,6861.25
1770301200,6868.48,6881.99,6861.01,6877.43
1770301500,6864.94,6867.42,6861.75,6864.04
1770301800,6850.38,6851.66,6845.06,6846.73
1770302100,6844.27,6847.0,6840.03,6843.19
1770302400,6854.53,6870.23,6848.07,6866.41
1770302700,6859.2,6881.29,6846.39,6870.6
1770303000,6860.8,6873.75,6837.69,6863.28
1770303300,6869.96,6884.26,6853.83,6871.87
1770303600,6899.12,6908.83,6897.83,6907.41
1770303900,6895.14,6896.64,6888.07,6894.73
1770304200,6887.12,6891.76,6879.08,6888.78
1770304500,6873.93,6879.27,6866.88,6878.3
1770304800,6868.81,6879.21,6862.09,6876.27
1770305100,6855.15,6857.67,6850.39,6851.3
1770305400,6848.55,6856.25,6843.55,6844.14
1770305700,6845.57,6854.13,6837.05,6850.04
1770306000,6852.46,6854.67,6843.53,6845.93
1770306300,6840.44,6842.87,6810.77,6829.06
1770306600,6833.7,6837.98,6822.51,6835.36
1770306900,6826.02,6834.57,6819.32,6825.51
1770307200,6815.0,6828.5,6797.13,6819.2
1770370200,6851.65,6868.4,6827.97,6847.12
1770370500,6873.79,6882.96,6850.31,6855.78
1770370800,6878.03,6893.24,6863.25,6868.43
1770371100,6878.33,6902.9,6877.39,6887.77
1770371400,6849.2,6872.81,6846.64,6858.74
1770371700,6842.95,6849.75,6837.01,6841.72
1770372000,6860.94,6883.43,6855.62,6859.64
1770372300,6870.18,6874.09,6856.55,6857.94
1770372600,6870.3,6884.74,6860.11,6881.51
1770372900,6834.01,6835.26,6805.02,6820.74
1770373200,6851.07,6874.49,6833.94,6860.51
1770373500,6894.38,6900.95,6870.85,6874.69
1770373800,6868.9,6875.1,6857.83,6872.36
1770374100,6836.52,6843.25,6823.87,6836.33
1770374400,6834.46,6853.32,6825.38,6851.45
1770374700,6854.65,6858.5,6835.4,6847.37
1770375000,6869.32,6901.82,6861.13,6868.47
1770375300,6879.02,6886.55,6875.92,6879.58
1770375600,6902.9,6912.58,6888.67,6907.91
1770375900,6902.75,6920.82,6902.05,6910.37
1770376200,6876.52,6881.29,6872.14,6878.75
1770376500,6909.28,6922.56,6898.65,6915.75
1770376800,6896.96,6914.51,6894.13,6895.68
1770377100,6896.48,6918.32,6890.01,6908.65
1770377400,6930.08,6933.48,6914.61,6924.78
1770377700,6897.89,6909.92,6877.92,6889.87
1770378000,6902.0,6908.92,6887.28,6894.9
1770378300,6926.65,6949.21,6926.29,6944.24
1770378600,6906.05,6925.0,6905.43,6920.22
1770378900,6869.02,6877.34,6858.35,6869.14
1770379200,6865.8,6879.4,6850.27,6877.07
1770379500,6869.33,6871.77,6852.25,6863.35
1770379800,6839.13,6859.41,6798.15,6803.51
1770380100,6870.65,6874.51,6866.51,6873.28
1770380400,6885.69,6898.95,6865.69,6895.54
1770380700,6960.86,6971.86,6959.05,6967.74
1770381000,6920.77,6933.17,6917.98,6931.94
1770381300,6865.68,6874.75,6857.97,6868.12
1770381600,6887.94,6888.04,6874.91,6880.24
1770381900,6875.84,6901.78,6871.2,6880.95
1770382200,6864.32,6873.23,6859.18,6872.6
1770382500,6856.69,6873.16,6842.03,6871.25
1770382800,6833.1,6859.09,6819.73,6827.7
1770383100,6825.66,6839.87,6812.01,6815.15
1770383400,6760.54,6786.32,6749.31,6773.46
1770383700,6740.02,6760.02,6729.9,6759.63
1770384000,6750.72,6762.53,6740.44,6758.61
1770384300,6735.68,6748.32,6729.68,6742.36
1770384600,6744.77,6760.16,6742.51,6755.32
1770384900,6780.97,6797.35,6773.16,6782.92
1770385200,6797.1,6808.79,6789.91,6808.55
1770385500,6772.27,6788.12,6757.8,6768.64
1770385800,6768.85,6783.42,6744.76,6762.06
1770386100,6768.02,6771.51,6748.61,6760.5
1770386400,6763.61,6775.54,6761.42,6763.0
1770386700,6790.96,6796.21,6774.84,6789.6
1770387000,6809.95,6819.82,6784.22,6789.15
1770387300,6772.11,6796.72,6749.2,6756.32
1770387600,6784.98,6795.99,6769.83,6779.42
1770387900,6780.57,6803.59,6750.61,6753.74
1770388200,6780.68,6796.62,6763.57,6786.17
1770388500,6777.11,6793.58,6772.37,6775.58
1770388800,6821.27,6826.91,6811.37,6815.27
1770389100,6796.99,6810.68,6788.16,6808.87
1770389400,6826.6,6844.09,6806.27,6829.64
1770389700,6822.57,6830.88,6806.52,6819.62
1770390000,6852.0,6859.43,6833.47,6841.96
1770390300,6842.15,6847.15,6828.07,6845.12
1770390600,6887.12,6913.13,6877.6,6909.87
1770390900,6888.02,6905.08,6886.17,6887.58
1770391200,6893.17,6915.29,6883.79,6889.32
1770391500,6915.61,6936.38,6914.74,6924.91
1770391800,6925.38,6942.39,6913.32,6935.74
1770392100,6921.08,6935.92,6896.7,6911.58
1770392400,6890.43,6903.84,6879.38,6885.61
1770392700,6881.7,6902.37,6865.37,6887.37
1770393000,6897.04,6910.58,6891.58,6903.84
1770393300,6904.91,6922.33,6885.56,6921.26
1770393600,6918.17,6933.76,6911.41,6920.96
1770629400,6947.67,6961.23,6947.1,6956.5
1770629700,6942.56,6943.92,6935.1,6939.98
1770630000,6945.96,6953.26,6931.94,6936.82
1770630300,6926.91,6929.63,6925.75,6926.88
1770630600,6939.58,6941.01,6934.5,6937.82
1770630900,6937.29,6940.36,6934.91,6938.93
1770631200,6940.43,6942.36,6937.83,6938.84
1770631500,6933.92,6943.78,6926.0,6929.33
1770631800,6938.87,6949.36,6938.57,6939.4
1770632100,6936.97,6944.67,6934.82,6943.93
1770632400,6951.59,6956.51,6948.45,6951.31
1770632700,6945.48,6946.11,6942.45,6942.65
1770633000,6946.15,6951.43,6939.8,6948.09
1770633300,6946.81,6953.69,6939.92,6946.07
1770633600,6955.62,6959.04,6944.7,6947.33
1770633900,6950.41,6951.85,6939.46,6944.14
1770634200,6951.27,6956.91,6945.12,6953.53
1770634500,6949.95,6957.72,6948.92,6954.99
1770634800,6952.34,6959.03,6944.36,6956.78
1770635100,6950.9,6961.93,6945.32,6957.36
1770635400,6961.9,6963.6,6961.43,6962.97
1770635700,6955.3,6961.62,6951.81,6952.15
1770636000,6966.55,6967.66,6964.83,6967.11
1770636300,6977.36,6978.15,6964.8,6973.6
1770636600,6963.45,6976.64,6959.38,6966.28
1770636900,6952.47,6958.35,6952.11,6956.92
1770637200,6954.27,6960.54,6952.04,6952.24
1770637500,6961.6,6964.61,6958.9,6961.81
1770637800,6969.77,6972.65,6966.84,6969.67
1770638100,6972.34,6975.71,6967.3,6972.24
1770638400,6971.73,6978.49,6968.93,6970.21
1770638700,6962.51,6972.12,6959.52,6962.86
1770639000,6972.37,6976.96,6959.79,6962.41
1770639300,6974.58,6983.61,6970.39,6976.41
1770639600,6984.88,6986.88,6982.61,6986.87
1770639900,6978.33,6982.12,6975.06,6975.21
1770640200,6978.22,6983.85,6968.58,6972.87
1770640500,6966.28,6977.92,6965.91,6974.29
1770640800,6972.99,6976.26,6972.41,6973.69
1770641100,6966.02,6967.75,6960.3,6961.47
1770641400,6963.35,6970.56,6960.53,6967.19
1770641700,6972.68,6975.05,6966.99,6970.06
1770642000,6986.36,6997.54,6984.69,6989.2
1770642300,6988.97,6998.21,6987.86,6996.34
1770642600,6988.86,6995.19,6987.08,6992.83
1770642900,6993.61,7002.83,6993.48,6993.81
1770643200,6986.29,6986.45,6978.29,6984.67
1770643500,6988.13,6998.67,6984.62,6994.0
1770643800,6992.71,6998.39,6988.01,6990.49
1770644100,6979.77,6990.73,6976.98,6985.33
1770644400,6966.42,6971.26,6960.51,6970.29
1770644700,6965.8,6976.63,6953.76,6962.96
1770645000,6963.38,6970.93,6960.57,6961.09
1770645300,6970.91,6974.58,6966.63,6972.89
1770645600,6983.92,6987.99,6981.51,6984.56
1770645900,6982.01,6989.45,6980.11,6983.07
1770646200,6979.01,6979.88,6972.67,6977.35
1770646500,6972.56,6973.0,6968.25,6971.0
1770646800,6979.96,6980.89,6973.68,6977.77
1770647100,6983.06,6984.51,6978.44,6982.97
1770647400,6980.01,6993.9,6979.51,6980.55
1770647700,6979.37,6979.85,6973.97,6979.45
1770648000,6971.69,6972.26,6957.46,6969.87
1770648300,6975.88,6977.8,6973.43,6976.69
1770648600,6968.37,6972.48,6960.95,6965.08
1770648900,6965.28,6971.62,6957.37,6971.5
1770649200,6973.08,6978.37,6968.87,6977.66
1770649500,6961.92,6968.26,6958.93,6963.04
1770649800,6956.87,6959.15,6955.05,6957.5
1770650100,6943.0,6943.8,6940.91,6943.62
1770650400,6942.29,6952.07,6941.53,6948.62
1770650700,6943.49,6947.76,6939.58,6944.33
1770651000,6955.38,6958.95,6947.32,6954.04
1770651300,6954.41,6960.15,6946.54,6948.86
1770651600,6956.41,6957.97,6951.17,6957.01
1770651900,6965.78,6974.96,6959.91,6967.99
1770652200,6974.97,6978.62,6966.64,6969.64
1770652500,6979.87,6980.95,6977.15,6977.95
1770652800,6983.47,6983.78,6978.33,6979.72
1770715800,6983.95,6985.41,6980.91,6983.88
1770716100,6987.92,6989.17,6987.34,6988.32
1770716400,6990.63,6994.17,6988.47,6988.72
1770716700,6987.89,6992.26,6985.29,6990.41
1770717000,6988.75,6990.2,6988.57,6989.62
1770717300,6983.87,6985.39,6983.3,6985.08
1770717600,6981.85,6984.27,6981.43,6981.95
1770717900,6981.85,6985.36,6977.63,6983.15
1770718200,6983.31,6988.19,6982.16,6988.08
1770718500,6979.43,6980.72,6973.03,6979.15
1770718800,6971.97,6975.1,6967.88,6973.7
1770719100,6974.56,6978.43,6973.65,6975.54
1770719400,6974.89,6977.85,6974.27,6975.86
1770719700,6977.82,6987.3,6974.49,6984.25
1770720000,6967.81,6972.75,6965.17,6970.3
1770720300,6965.09,6968.63,6962.97,6963.01
1770720600,6964.85,6969.31,6960.89,6965.18
1770720900,6968.73,6972.13,6966.12,6967.48
1770721200,6972.06,6977.49,6967.04,6969.05
1770721500,6971.09,6971.3,6964.37,6967.41
1770721800,6975.75,6976.09,6971.77,6971.83
1770722100,6969.12,6969.95,6968.96,6969.32
1770722400,6970.16,6971.27,6961.41,6963.62
1770722700,6971.4,6976.42,6969.33,6975.94
1770723000,6970.45,6974.95,6968.78,6969.32
1770723300,6974.53,6975.76,6969.78,6972.94
1770723600,6974.95,6976.6,6972.31,6975.95
1770723900,6972.98,6973.93,6967.76,6969.94
1770724200,6982.56,6982.68,6976.66,6979.0
1770724500,6983.95,6994.48,6981.47,6986.46
1770724800,6975.99,6982.31,6975.05,6979.76
1770725100,6984.9,6990.2,6984.68,6986.62
1770725400,6974.05,6975.42,6973.35,6974.04
1770725700,6987.22,6987.89,6981.91,6986.07
1770726000,6977.05,6977.54,6974.2,6974.76
1770726300,6977.82,6983.41,6974.7,6981.18
1770726600,6972.95,6975.46,6967.82,6974.63
1770726900,6970.11,6972.93,6964.42,6968.69
1770727200,6967.02,6970.78,6966.78,6967.6
1770727500,6969.64,6970.98,6963.16,6970.97
1770727800,6970.22,6973.23,6966.35,6971.02
1770728100,6962.48,6965.13,6960.03,6964.32
1770728400,6962.86,6965.63,6957.53,6962.9
1770728700,6957.79,6958.26,6955.2,6956.86
1770729000,6952.08,6954.45,6948.82,6954.08
1770729300,6952.08,6954.91,6948.08,6949.97
1770729600,6959.19,6960.86,6952.09,6953.61
1770729900,6958.53,6960.08,6958.38,6960.06
1770730200,6966.69,6969.8,6956.82,6958.3
1770730500,6969.21,6969.79,6967.39,6968.41
1770730800,6973.27,6974.33,6970.1,6973.99
1770731100,6961.08,6961.41,6956.87,6960.02
1770731400,6953.76,6956.83,6948.73,6955.73
1770731700,6955.38,6958.38,6950.8,6953.75
1770732000,6953.04,6953.3,6948.6,6951.05
1770732300,6960.89,6963.75,6959.66,6961.86
1770732600,6958.38,6962.1,6957.95,6959.67
1770732900,6955.57,6956.97,6953.61,6956.3
1770733200,6954.04,6956.9,6951.62,6955.51
1770733500,6952.08,6952.89,6949.32,6949.79
1770733800,6962.33,6963.55,6957.83,6961.14
1770734100,6964.5,6967.43,6960.43,6965.31
1770734400,6959.97,6960.79,6957.24,6958.75
1770734700,6954.23,6956.33,6952.41,6953.54
1770735000,6953.99,6955.39,6950.41,6952.28
1770735300,6955.52,6959.46,6953.54,6956.07
1770735600,6957.24,6974.07,6956.23,6963.45
1770735900,6952.08,6953.76,6947.55,6949.1
1770736200,6952.08,6954.11,6946.02,6948.5
1770736500,6953.9,6954.87,6951.33,6953.38
1770736800,6955.74,6959.07,6952.52,6958.96
1770737100,6952.08,6952.38,6949.94,6951.32
1770737400,6952.08,6955.66,6950.0,6953.56
1770737700,6952.08,6952.34,6948.88,6951.49
1770738000,6958.39,6962.53,6955.06,6955.78
1770738300,6966.36,6967.89,6963.14,6964.38
1770738600,6967.14,6968.14,6966.16,6966.36
1770738900,6968.98,6971.38,6968.52,6969.35
1770739200,6968.01,6968.52,6967.61,6967.75
1770802200,6970.36,6971.73,6964.27,6966.18
1770802500,6974.11,6975.39,6971.24,6972.62
1770802800,6983.63,6990.63,6982.47,6987.61
1770803100,6977.95,6981.66,6975.1,6978.27
1770803400,6973.23,6984.77,6971.39,6973.6
1770803700,6983.36,6983.9,6977.25,6982.55
1770804000,6975.66,6983.51,6970.75,6979.22
1770804300,6979.78,6990.21,6977.44,6989.75
1770804600,6983.33,6986.51,6979.58,6982.94
1770804900,6970.21,6972.67,6967.4,6967.94
1770805200,6962.52,6971.18,6956.72,6956.76
1770805500,6952.58,6953.81,6937.84,6946.28
1770805800,6955.69,6963.44,6952.86,6953.52
1770806100,6949.03,6954.38,6938.21,6945.36
1770806400,6963.23,6967.21,6955.12,6963.3
1770806700,6965.75,6968.82,6961.03,6964.62
1770807000,6973.11,6977.25,6969.11,6975.44
1770807300,6972.65,6975.89,6969.76,6973.13
1770807600,6966.32,6967.91,6960.77,6967.08
1770807900,6963.24,6978.22,6960.27,6969.69
1770808200,6966.52,6976.0,6960.29,6965.14
1770808500,6978.18,6988.44,6975.94,6983.9
1770808800,6983.43,6993.29,6980.51,6989.07
1770809100,6970.64,6977.47,6966.15,6970.11
1770809400,6969.74,6973.59,6964.93,6968.02
1770809700,6965.96,6968.85,6964.45,6968.38
1770810000,6966.06,6972.57,6962.62,6963.6
1770810300,6958.95,6960.6,6951.54,6957.64
1770810600,6948.05,6955.09,6935.34,6936.41
1770810900,6932.55,6939.24,6929.08,6938.94
1770811200,6942.89,6945.85,6940.43,6943.8
1770811500,6949.17,6951.96,6939.84,6945.0
1770811800,6931.75,6937.89,6917.99,6923.77
1770812100,6937.66,6942.95,6933.01,6937.62
1770812400,6933.21,6933.22,6925.23,6930.71
1770812700,6925.52,6929.71,6920.1,6928.69
1770813000,6930.25,6939.21,6922.89,6927.61
1770813300,6937.59,6943.97,6930.76,6939.2
1770813600,6932.37,6938.27,6929.7,6935.31
1770813900,6932.28,6936.01,6929.06,6929.6
1770814200,6939.1,6946.08,6934.67,6941.52
1770814500,6951.86,6964.68,6950.01,6957.21
1770814800,6943.33,6952.48,6942.69,6951.01
1770815100,6942.16,6946.5,6935.99,6936.08
1770815400,6947.02,6954.52,6943.22,6943.65
1770815700,6957.48,6967.62,6955.45,6962.61
1770816000,6958.11,6961.8,6952.71,6961.13
1770816300,6956.84,6957.2,6951.86,6953.23
1770816600,6958.29,6963.97,6956.64,6962.18
1770816900,6956.61,6959.34,6952.91,6954.9
1770817200,6946.84,6952.26,6941.21,6948.35
1770817500,6941.5,6945.43,6936.31,6937.32
1770817800,6937.15,6938.51,6932.55,6933.15
1770818100,6942.82,6950.96,6934.95,6939.22
1770818400,6945.31,6949.18,6943.82,6946.28
1770818700,6939.88,6940.24,6939.26,6939.85
1770819000,6947.74,6949.88,6938.88,6942.18
1770819300,6944.98,6950.06,6942.51,6948.92
1770819600,6943.59,6949.82,6941.13,6949.04
1770819900,6945.54,6954.0,6943.12,6952.91
1770820200,6942.18,6942.32,6940.24,6941.88
1770820500,6953.45,6966.1,6953.4,6958.09
1770820800,6951.55,6951.85,6942.52,6947.03
1770821100,6948.28,6948.56,6938.24,6943.7
1770821400,6964.87,6966.98,6953.24,6953.33
1770821700,6964.48,6967.33,6951.45,6961.74
1770822000,6960.93,6962.81,6948.57,6958.2
1770822300,6961.1,6973.21,6956.85,6966.19
1770822600,6952.55,6959.22,6949.97,6956.37
1770822900,6948.26,6950.85,6940.78,6943.02
1770823200,6943.07,6956.06,6935.81,6947.7
1770823500,6949.83,6955.47,6943.16,6952.67
1770823800,6955.45,6956.91,6954.94,6955.54
1770824100,6966.89,6968.46,6965.46,6967.76
1770824400,6966.57,6967.7,6955.4,6961.42
1770824700,6956.28,6965.58,6950.2,6955.15
1770825000,6967.3,6979.92,6961.32,6961.68
1770825300,6970.01,6974.85,6966.12,6971.03
1770825600,6975.52,6977.7,6969.25,6974.42
1770888600,6962.88,6981.88,6955.69,6971.01
1770888900,6973.05,6979.56,6968.45,6972.57
1770889200,7005.5,7009.34,6996.58,6998.73
1770889500,7007.85,7013.72,6998.67,7003.84
1770889800,6999.86,7005.95,6988.44,6992.86
1770890100,7005.32,7009.14,6996.75,6997.66
1770890400,6980.04,6982.33,6972.66,6980.83
1770890700,6961.16,6962.74,6944.15,6950.3
1770891000,6956.88,6957.18,6949.77,6951.7
1770891300,6963.11,6967.84,6954.99,6958.89
1770891600,6975.74,6985.77,6968.6,6979.32
1770891900,6974.36,6982.53,6966.91,6968.98
1770892200,6947.14,6949.22,6934.46,6940.75
1770892500,6957.05,6968.72,6937.6,6939.68
1770892800,6960.44,6964.94,6959.18,6963.93
1770893100,6963.55,6977.46,6959.5,6976.95
1770893400,6971.55,6972.15,6956.38,6963.77
1770893700,6941.22,6948.15,6927.37,6933.15
1770894000,6959.36,7000.84,6946.85,6981.01
1770894300,6953.4,6962.04,6948.31,6961.83
1770894600,7007.85,7028.88,6992.3,7022.99
1770894900,7007.85,7014.55,7005.12,7005.77
1770895200,6996.87,7023.66,6991.43,7008.78
1770895500,7000.0,7000.91,6987.16,6991.43
1770895800,6976.06,6995.4,6974.65,6987.96
1770896100,6989.43,6999.22,6988.56,6991.58
1770896400,7007.85,7009.9,6984.25,6992.99
1770896700,6994.84,7008.15,6990.45,7004.29
1770897000,6982.71,6988.88,6979.29,6986.99
1770897300,6965.27,6983.91,6962.62,6975.58
1770897600,6958.91,6964.41,6939.49,6958.14
1770897900,6949.8,6952.43,6939.83,6943.7
1770898200,6948.53,6961.67,6940.82,6952.75
1770898500,6926.45,6934.57,6925.36,6934.19
1770898800,6929.42,6936.47,6912.81,6919.31
1770899100,6932.96,6937.23,6932.69,6936.47
1770899400,6939.53,6943.29,6937.33,6937.82
1770899700,6959.12,6965.23,6947.24,6960.41
1770900000,6941.63,6951.82,6930.41,6943.17
1770900300,6931.6,6942.98,6924.83,6925.12
1770900600,6947.4,6955.28,6943.73,6953.89
1770900900,6937.66,6944.07,6928.05,6929.38
1770901200,6948.73,6963.58,6945.99,6951.17
1770901500,6940.44,6947.52,6921.61,6931.4
1770901800,6951.41,6952.32,6937.59,6943.25
1770902100,6954.79,6958.49,6952.19,6956.75
1770902400,6928.25,6942.29,6923.71,6935.86
1770902700,6936.5,6946.8,6929.45,6933.1
1770903000,6945.22,6952.8,6937.08,6940.73
1770903300,6920.25,6930.17,6918.02,6929.94
1770903600,6921.2,6930.4,6911.14,6926.04
1770903900,6916.08,6931.33,6911.42,6924.49
1770904200,6909.77,6910.93,6893.8,6902.47
1770904500,6908.6,6909.33,6892.51,6901.98
1770904800,6878.28,6888.7,6863.6,6877.08
1770905100,6868.85,6874.05,6866.13,6869.69
1770905400,6870.82,6873.81,6861.43,6864.29
1770905700,6888.73,6893.15,6876.11,6880.95
1770906000,6885.65,6891.55,6880.57,6891.41
1770906300,6866.43,6889.09,6861.93,6887.07
1770906600,6882.7,6891.42,6877.95,6882.05
1770906900,6870.91,6874.95,6860.9,6866.5
1770907200,6907.65,6910.62,6903.02,6907.17
1770907500,6917.2,6917.48,6899.88,6908.76
1770907800,6937.77,6955.69,6934.86,6944.91
1770908100,6923.42,6931.62,6919.14,6921.74
1770908400,6898.89,6910.2,6885.04,6907.34
1770908700,6894.28,6911.02,6893.53,6898.63
1770909000,6881.9,6891.81,6868.74,6873.05
1770909300,6894.46,6903.2,6877.86,6893.63
1770909600,6866.74,6877.6,6859.42,6869.68
1770909900,6829.39,6830.59,6809.91,6823.92
1770910200,6826.65,6836.43,6820.38,6827.4
1770910500,6826.65,6832.2,6818.56,6822.77
1770910800,6838.26,6840.66,6817.09,6818.55
1770911100,6854.68,6873.58,6853.26,6867.27
1770911400,6873.32,6884.92,6865.6,6880.0
1770911700,6883.89,6891.24,6881.12,6881.15
1770912000,6885.27,6891.39,6877.96,6884.92
1770975000,6861.07,6867.9,6859.67,6859.83
1770975300,6869.45,6872.07,6863.34,6865.04
1770975600,6866.31,6869.03,6858.77,6864.9
1770975900,6865.21,6867.65,6862.49,6864.73
1770976200,6880.64,6890.09,6871.29,6878.66
1770976500,6882.18,6883.33,6869.3,6878.97
1770976800,6873.87,6886.13,6873.51,6874.48
1770977100,6860.34,6864.58,6854.19,6856.2
1770977400,6868.73,6868.97,6862.35,6864.1
1770977700,6874.4,6879.15,6866.12,6875.13
1770978000,6877.97,6878.74,6870.68,6873.13
1770978300,6880.25,6882.18,6872.63,6876.72
1770978600,6866.99,6867.68,6858.96,6863.71
1770978900,6860.44,6861.12,6859.0,6861.09
1770979200,6852.48,6854.85,6846.21,6851.36
1770979500,6861.2,6862.42,6854.62,6859.22
1770979800,6871.26,6875.73,6861.76,6867.9
1770980100,6882.58,6899.66,6881.23,6889.53
1770980400,6871.77,6885.43,6867.6,6880.98
1770980700,6883.53,6886.91,6881.77,6883.25
1770981000,6886.35,6890.89,6882.72,6890.02
1770981300,6889.22,6889.61,6881.17,6885.64
1770981600,6897.34,6899.12,6884.2,6893.22
1770981900,6896.5,6899.26,6893.13,6896.37
1770982200,6889.41,6892.2,6884.08,6889.8
1770982500,6885.84,6891.72,6876.99,6878.48
1770982800,6883.23,6888.21,6879.4,6882.38
1770983100,6871.02,6871.53,6856.71,6864.97
1770983400,6864.01,6873.95,6857.47,6863.09
1770983700,6865.54,6877.66,6862.65,6865.1
1770984000,6881.47,6881.53,6871.83,6876.89
1770984300,6887.08,6889.72,6879.17,6880.97
1770984600,6885.01,6890.44,6881.57,6890.26
1770984900,6885.08,6886.17,6880.21,6885.43
1770985200,6889.5,6898.77,6872.25,6881.1
1770985500,6873.62,6879.71,6868.87,6876.35
1770985800,6886.63,6895.18,6883.71,6884.38
1770986100,6898.17,6900.91,6890.49,6892.99
1770986400,6906.6,6908.85,6901.7,6904.11
1770986700,6906.6,6909.34,6903.99,6904.85
1770987000,6900.86,6903.25,6892.78,6895.51
1770987300,6906.6,6916.89,6903.39,6913.08
1770987600,6901.85,6907.16,6899.69,6902.0
1770987900,6894.86,6902.36,6893.66,6898.03
1770988200,6888.48,6889.78,6883.23,6885.27
1770988500,6875.43,6875.66,6857.04,6867.82
1770988800,6862.89,6865.62,6854.48,6860.49
1770989100,6878.81,6878.84,6870.0,6873.76
1770989400,6885.0,6894.54,6882.86,6883.03
1770989700,6868.84,6876.71,6863.88,6866.12
1770990000,6862.53,6866.15,6846.91,6857.03
1770990300,6867.15,6873.0,6862.73,6866.97
1770990600,6875.03,6877.19,6867.61,6870.69
1770990900,6862.91,6872.51,6860.53,6865.95
1770991200,6870.69,6877.05,6862.49,6870.28
1770991500,6867.91,6882.04,6863.07,6873.94
1770991800,6851.08,6852.38,6843.82,6847.22
1770992100,6846.74,6850.1,6839.14,6848.2
1770992400,6841.81,6844.19,6838.0,6838.57
1770992700,6834.75,6843.48,6834.73,6840.86
1770993000,6835.81,6842.84,6834.23,6842.83
1770993300,6839.46,6846.53,6839.36,6843.57
1770993600,6844.81,6846.19,6841.48,6841.75
1770993900,6849.93,6853.58,6835.22,6838.8
1770994200,6869.27,6871.2,6856.96,6860.18
1770994500,6880.39,6890.91,6872.61,6877.35
1770994800,6878.23,6887.43,6874.63,6877.33
1770995100,6881.53,6884.46,6875.69,6884.18
1770995400,6873.73,6878.54,6860.98,6863.72
1770995700,6859.71,6867.81,6852.8,6853.39
1770996000,6847.56,6849.71,6841.17,6846.61
1770996300,6853.89,6854.22,6847.04,6852.36
1770996600,6857.22,6862.31,6851.63,6853.16
1770996900,6853.82,6859.08,6853.76,6858.26
1770997200,6848.24,6849.77,6840.42,6847.43
1770997500,6854.48,6864.7,6852.44,6863.86
1770997800,6829.19,6833.85,6826.42,6831.78
1770998100,6834.07,6835.91,6831.87,6833.82
1770998400,6822.04,6827.16,6819.18,6821.49
1771320600,6851.67,6859.72,6849.64,6850.77
1771320900,6841.78,6842.61,6836.93,6839.29
1771321200,6829.39,6833.75,6827.02,6828.58
1771321500,6835.22,6846.47,6826.29,6828.76
1771321800,6828.6,6829.51,6821.76,6825.9
1771322100,6838.43,6844.39,6833.33,6842.8
1771322400,6863.89,6867.46,6862.97,6863.97
1771322700,6865.84,6874.4,6863.94,6873.81
1771323000,6868.78,6881.47,6865.3,6877.2
1771323300,6874.65,6874.71,6863.78,6870.39
1771323600,6879.55,6884.88,6863.95,6872.99
1771323900,6884.4,6887.42,6880.31,6886.32
1771324200,6880.43,6888.85,6878.46,6879.02
1771324500,6871.8,6882.35,6869.69,6877.0
1771324800,6858.81,6860.58,6850.22,6855.18
1771325100,6833.59,6834.64,6828.21,6832.77
1771325400,6843.09,6859.39,6839.8,6840.81
1771325700,6836.93,6842.84,6834.64,6838.15
1771326000,6820.56,6821.52,6814.72,6817.36
1771326300,6825.6,6836.19,6817.31,6832.4
1771326600,6842.57,6854.37,6842.26,6846.71
1771326900,6844.95,6857.97,6841.02,6853.17
1771327200,6846.71,6857.27,6838.7,6846.78
1771327500,6842.37,6849.95,6830.93,6845.81
1771327800,6842.97,6843.05,6831.95,6841.71
1771328100,6827.39,6845.82,6826.38,6836.24
1771328400,6828.37,6835.84,6826.8,6831.19
1771328700,6823.51,6829.38,6815.74,6827.82
1771329000,6839.29,6840.44,6824.13,6831.25
1771329300,6830.1,6832.82,6824.66,6826.86
1771329600,6828.17,6831.97,6827.7,6829.88
1771329900,6816.13,6823.31,6809.27,6819.95
1771330200,6820.09,6827.7,6800.72,6810.29
1771330500,6824.13,6826.69,6818.29,6823.59
1771330800,6824.35,6829.74,6816.15,6821.34
1771331100,6838.07,6839.66,6830.17,6833.45
1771331400,6834.54,6834.76,6823.33,6824.36
1771331700,6836.09,6836.12,6829.04,6829.79
1771332000,6849.21,6855.35,6845.41,6850.82
1771332300,6848.6,6863.81,6846.59,6857.06
1771332600,6840.66,6844.01,6837.19,6842.21
1771332900,6849.24,6851.04,6843.58,6848.3
1771333200,6853.04,6859.42,6849.42,6856.23
1771333500,6852.8,6864.62,6848.05,6851.86
1771333800,6837.35,6838.05,6831.9,6834.98
1771334100,6842.81,6848.28,6841.13,6845.76
1771334400,6838.84,6843.85,6829.85,6830.95
1771334700,6843.04,6853.67,6836.02,6851.22
1771335000,6848.62,6857.73,6844.8,6849.28
1771335300,6858.41,6864.06,6855.25,6862.51
1771335600,6851.45,6867.01,6844.92,6862.99
1771335900,6855.99,6858.92,6854.19,6855.94
1771336200,6844.44,6852.85,6839.97,6847.52
1771336500,6827.87,6837.81,6822.9,6832.42
1771336800,6833.46,6840.56,6829.5,6829.98
1771337100,6835.75,6841.71,6834.56,6838.01
1771337400,6834.09,6844.65,6832.19,6843.02
1771337700,6843.84,6850.89,6838.49,6850.68
1771338000,6843.52,6851.65,6841.08,6851.25
1771338300,6850.15,6852.77,6844.99,6849.85
1771338600,6831.05,6840.23,6828.89,6836.32
1771338900,6842.46,6852.94,6828.6,6834.55
1771339200,6850.41,6854.42,6842.33,6844.7
1771339500,6853.79,6856.62,6844.25,6846.51
1771339800,6861.93,6865.43,6855.39,6864.84
1771340100,6872.06,6880.31,6868.51,6871.5
1771340400,6879.98,6897.01,6874.14,6883.83
1771340700,6894.95,6907.18,6886.33,6897.63
1771341000,6894.95,6902.88,6889.81,6898.74
1771341300,6894.95,6897.23,6893.54,6895.29
1771341600,6880.34,6887.13,6877.27,6881.46
1771341900,6882.47,6891.89,6879.56,6884.56
1771342200,6875.24,6883.28,6873.52,6878.62
1771342500,6889.73,6892.35,6883.86,6888.96
1771342800,6869.07,6875.23,6866.61,6874.03
1771343100,6858.89,6866.21,6855.78,6862.13
1771343400,6869.45,6876.1,6855.35,6861.99
1771343700,6874.19,6884.1,6867.84,6871.86
1771344000,6875.88,6878.45,6871.15,6877.42
1771407000,6856.46,6859.91,6850.87,6858.68
1771407300,6848.21,6850.44,6846.59,6848.82
1771407600,6844.85,6848.55,6832.08,6836.18
1771407900,6845.69,6846.91,6840.84,6846.41
1771408200,6847.0,6849.05,6843.96,6846.48
1771408500,6847.67,6858.1,6845.65,6849.04
1771408800,6859.27,6860.88,6854.59,6858.34
1771409100,6861.54,6862.65,6853.9,6854.15
1771409400,6843.93,6845.62,6837.02,6841.78
1771409700,6848.0,6852.58,6847.66,6849.67
1771410000,6847.37,6851.79,6844.67,6850.51
1771410300,6841.32,6841.82,6833.71,6836.84
1771410600,6841.32,6847.67,6834.01,6843.09
1771410900,6841.32,6846.59,6840.4,6843.07
1771411200,6858.92,6860.57,6852.13,6857.31
1771411500,6851.25,6854.74,6850.76,6854.45
1771411800,6858.69,6861.51,6843.33,6850.01
1771412100,6856.65,6859.27,6852.14,6855.81
1771412400,6855.52,6860.12,6848.95,6852.97
1771412700,6849.62,6852.23,6846.21,6848.96
1771413000,6858.36,6860.68,6857.42,6859.99
1771413300,6850.79,6856.22,6846.22,6855.75
1771413600,6846.92,6848.35,6837.76,6841.29
1771413900,6851.04,6855.25,6849.32,6853.4
1771414200,6860.96,6864.31,6855.76,6862.81
1771414500,6862.8,6864.4,6861.58,6864.35
1771414800,6852.26,6853.86,6844.41,6848.49
1771415100,6867.54,6868.11,6864.79,6867.76
1771415400,6866.73,6869.68,6858.8,6866.93
1771415700,6868.46,6879.62,6861.06,6874.86
1771416000,6868.03,6870.52,6863.96,6866.37
1771416300,6871.2,6872.1,6865.38,6870.95
1771416600,6871.74,6874.74,6868.52,6868.79
1771416900,6868.32,6872.75,6867.61,6871.74
1771417200,6862.09,6864.77,6861.56,6862.63
1771417500,6860.41,6871.72,6859.81,6868.43
1771417800,6860.52,6864.6,6859.47,6861.22
1771418100,6864.97,6867.99,6862.03,6865.1
1771418400,6864.08,6870.29,6857.48,6866.08
1771418700,6869.89,6870.39,6866.89,6869.42
1771419000,6871.79,6871.86,6865.56,6865.72
1771419300,6875.26,6880.42,6866.94,6869.34
1771419600,6876.99,6883.98,6869.35,6875.42
1771419900,6878.45,6879.28,6876.33,6879.15
1771420200,6871.19,6871.37,6870.26,6870.71
1771420500,6890.79,6899.34,6882.5,6891.47
1771420800,6896.29,6896.5,6887.32,6894.25
1771421100,6900.43,6904.86,6885.84,6891.9
1771421400,6906.58,6908.15,6902.31,6905.0
1771421700,6909.16,6914.85,6904.04,6904.42
1771422000,6904.3,6910.69,6893.17,6897.37
1771422300,6892.36,6894.59,6888.73,6894.24
1771422600,6883.89,6891.36,6876.61,6886.36
1771422900,6892.67,6900.63,6891.04,6898.74
1771423200,6888.15,6895.65,6886.88,6888.71
1771423500,6895.03,6900.62,6887.29,6890.9
1771423800,6900.83,6904.14,6896.57,6902.96
1771424100,6904.81,6906.13,6902.5,6905.49
1771424400,6887.95,6893.05,6884.52,6884.54
1771424700,6892.41,6894.94,6884.49,6894.75
1771425000,6901.23,6904.91,6898.09,6904.75
1771425300,6907.74,6908.94,6906.34,6908.56
1771425600,6906.2,6908.99,6904.0,6906.15
1771425900,6900.16,6902.29,6897.16,6897.76
1771426200,6903.4,6905.31,6896.08,6899.83
1771426500,6912.24,6917.1,6909.4,6914.08
1771426800,6912.07,6915.32,6903.92,6904.92
1771427100,6912.74,6919.28,6906.61,6914.32
1771427400,6913.39,6918.83,6910.07,6916.13
1771427700,6920.65,6923.33,6919.9,6922.09
1771428000,6905.4,6909.84,6902.94,6903.7
1771428300,6905.76,6913.11,6902.67,6905.44
1771428600,6902.58,6903.31,6894.08,6902.71
1771428900,6891.98,6892.87,6887.12,6889.21
1771429200,6894.78,6904.92,6893.65,6898.18
1771429500,6891.4,6892.28,6877.28,6880.68
1771429800,6895.82,6899.2,6895.5,6897.29
1771430100,6906.7,6912.53,6902.42,6912.49
1771430400,6896.46,6898.12,6891.86,6893.23
1771493400,6900.17,6900.69,6894.97,6899.89
1771493700,6904.61,6910.29,6896.09,6900.96
1771494000,6902.46,6904.64,6897.13,6902.79
1771494300,6902.52,6902.88,6899.21,6899.46
1771494600,6902.43,6905.19,6899.47,6902.42
1771494900,6912.69,6921.73,6907.72,6917.59
1771495200,6912.15,6916.87,6906.23,6907.57
1771495500,6902.42,6907.4,6900.37,6903.37
1771495800,6911.57,6912.4,6907.41,6909.47
1771496100,6903.81,6904.46,6901.64,6904.46
1771496400,6901.44,6905.08,6900.9,6901.23
1771496700,6900.36,6902.98,6891.64,6896.78
1771497000,6904.05,6909.83,6903.55,6907.0
1771497300,6902.1,6905.64,6901.38,6905.27
1771497600,6898.91,6901.72,6897.06,6899.08
1771497900,6889.59,6890.23,6885.72,6890.23
1771498200,6889.98,6893.72,6885.45,6891.56
1771498500,6898.33,6906.48,6893.15,6895.32
1771498800,6902.1,6902.21,6894.58,6901.07
1771499100,6893.53,6897.09,6888.39,6893.84
1771499400,6890.44,6899.43,6889.76,6896.0
1771499700,6905.81,6909.88,6905.04,6908.93
1771500000,6903.89,6906.86,6900.62,6901.35
1771500300,6899.75,6905.24,6893.51,6896.08
1771500600,6907.68,6914.11,6902.27,6910.87
1771500900,6895.72,6899.14,6892.81,6892.89
1771501200,6891.9,6898.51,6890.23,6897.4
1771501500,6891.69,6899.12,6889.49,6893.9
1771501800,6895.85,6903.35,6890.8,6900.76
1771502100,6895.93,6898.92,6891.11,6893.58
1771502400,6886.79,6892.27,6881.67,6889.72
1771502700,6898.55,6905.02,6895.38,6902.61
1771503000,6895.31,6896.73,6893.03,6895.78
1771503300,6891.91,6895.5,6888.98,6890.82
1771503600,6892.0,6896.87,6889.3,6896.74
1771503900,6885.8,6887.76,6881.61,6882.36
1771504200,6891.42,6892.7,6890.6,6890.66
1771504500,6891.29,6896.85,6889.98,6892.54
1771504800,6900.69,6901.01,6896.83,6898.47
1771505100,6892.24,6894.67,6886.29,6889.69
1771505400,6908.3,6909.6,6904.57,6905.06
1771505700,6906.0,6909.85,6893.76,6898.47
1771506000,6914.38,6915.2,6907.72,6910.07
1771506300,6915.1,6915.13,6908.91,6914.94
1771506600,6914.45,6918.12,6908.55,6911.89
1771506900,6912.85,6918.92,6910.99,6916.69
1771507200,6913.3,6914.8,6909.83,6910.89
1771507500,6914.17,6918.29,6906.09,6908.44
1771507800,6918.58,6920.81,6914.54,6920.71
1771508100,6919.0,6920.84,6918.03,6918.86
1771508400,6916.94,6917.47,6910.12,6914.17
1771508700,6919.0,6923.64,6918.26,6922.81
1771509000,6910.12,6910.59,6906.79,6908.06
1771509300,6909.07,6913.9,6905.59,6912.05
1771509600,6903.31,6904.01,6896.61,6900.94
1771509900,6899.17,6900.71,6896.74,6898.96
1771510200,6897.03,6905.7,6894.82,6901.12
1771510500,6901.24,6904.05,6898.53,6903.5
1771510800,6903.71,6905.36,6903.26,6903.83
1771511100,6887.14,6894.77,6886.42,6889.86
1771511400,6878.1,6878.48,6874.63,6877.68
1771511700,6872.25,6880.1,6867.28,6876.51
1771512000,6872.07,6872.44,6868.01,6869.4
1771512300,6865.03,6869.23,6860.59,6867.92
1771512600,6868.83,6873.76,6859.1,6872.54
1771512900,6868.01,6868.11,6863.02,6866.0
1771513200,6873.55,6875.48,6870.98,6873.66
1771513500,6874.27,6880.87,6872.04,6876.73
1771513800,6876.47,6880.48,6875.49,6876.86
1771514100,6885.7,6890.0,6877.17,6885.03
1771514400,6880.09,6884.21,6871.22,6877.2
1771514700,6885.96,6891.34,6882.57,6886.32
1771515000,6901.8,6908.37,6899.09,6905.12
1771515300,6893.65,6896.16,6889.82,6894.66
1771515600,6878.75,6887.75,6877.84,6885.21
1771515900,6880.29,6883.23,6879.92,6881.27
1771516200,6890.77,6892.51,6890.44,6892.35
1771516500,6893.36,6896.21,6886.67,6890.86
1771516800,6900.13,6900.86,6896.35,6896.91
1771579800,6872.08,6876.25,6864.04,6875.93
1771580100,6881.61,6884.22,6879.19,6880.67
1771580400,6884.21,6893.88,6882.27,6884.45
1771580700,6889.81,6894.66,6889.06,6894.56
1771581000,6895.49,6902.01,6887.42,6898.62
1771581300,6893.22,6902.49,6881.69,6896.11
1771581600,6888.19,6893.7,6883.41,6886.32
1771581900,6876.99,6882.22,6875.1,6877.88
1771582200,6870.83,6874.01,6869.15,6869.46
1771582500,6865.33,6865.65,6856.11,6860.37
1771582800,6860.09,6870.25,6855.32,6862.36
1771583100,6870.34,6870.47,6862.63,6864.78
1771583400,6865.07,6874.5,6861.63,6866.73
1771583700,6874.43,6875.21,6871.18,6872.98
1771584000,6877.24,6882.07,6871.08,6873.8
1771584300,6873.61,6883.99,6867.24,6876.79
1771584600,6857.53,6867.59,6855.0,6866.17
1771584900,6862.55,6863.74,6853.65,6858.58
1771585200,6850.57,6859.35,6846.06,6857.74
1771585500,6842.99,6851.5,6841.73,6844.63
1771585800,6851.81,6859.88,6845.54,6854.05
1771586100,6856.42,6865.76,6855.38,6863.04
1771586400,6862.68,6864.19,6855.15,6857.74
1771586700,6867.09,6871.19,6855.67,6870.02
1771587000,6861.09,6867.59,6859.3,6864.28
1771587300,6853.64,6854.76,6847.21,6851.81
1771587600,6852.74,6871.54,6850.92,6858.71
1771587900,6865.12,6867.39,6860.04,6864.38
1771588200,6864.67,6878.06,6860.45,6868.41
1771588500,6863.71,6867.45,6863.16,6865.87
1771588800,6870.91,6873.79,6868.28,6873.74
1771589100,6869.37,6875.32,6864.01,6865.78
1771589400,6875.89,6881.37,6873.0,6875.32
1771589700,6868.3,6869.36,6865.76,6866.58
1771590000,6871.76,6876.89,6867.18,6874.55
1771590300,6876.15,6883.91,6867.85,6874.31
1771590600,6881.86,6884.48,6881.14,6883.33
1771590900,6885.54,6888.67,6876.49,6877.25
1771591200,6883.28,6893.83,6877.84,6888.49
1771591500,6881.91,6890.15,6881.79,6885.29
1771591800,6884.56,6885.9,6876.39,6883.04
1771592100,6879.27,6883.03,6875.51,6877.08
1771592400,6869.58,6871.29,6859.83,6866.49
1771592700,6881.76,6896.95,6875.54,6891.33
1771593000,6893.1,6896.31,6888.89,6890.56
1771593300,6883.37,6887.08,6882.71,6885.55
1771593600,6865.33,6879.73,6865.02,6873.86
1771593900,6878.24,6881.74,6865.19,6868.78
1771594200,6888.38,6890.09,6881.55,6889.38
1771594500,6881.8,6888.99,6874.65,6882.21
1771594800,6874.1,6876.16,6870.37,6874.75
1771595100,6886.89,6897.26,6884.83,6892.98
1771595400,6889.48,6895.19,6887.81,6891.81
1771595700,6890.53,6891.27,6879.49,6887.52
1771596000,6890.96,6894.0,6886.71,6891.54
1771596300,6891.82,6893.03,6881.6,6885.55
1771596600,6900.05,6903.41,6894.9,6898.5
1771596900,6890.48,6893.84,6883.11,6887.46
1771597200,6875.26,6880.68,6873.5,6879.35
1771597500,6880.32,6882.54,6875.2,6876.88
1771597800,6896.83,6899.39,6889.22,6897.97
1771598100,6900.22,6905.07,6890.34,6898.85
1771598400,6894.87,6900.79,6894.39,6900.17
1771598700,6905.69,6909.12,6902.1,6905.26
1771599000,6898.99,6911.73,6894.9,6902.89
1771599300,6908.9,6912.4,6902.98,6904.39
1771599600,6908.43,6918.93,6908.02,6913.7
1771599900,6915.7,6925.9,6905.19,6918.29
1771600200,6913.85,6918.2,6909.69,6915.27
1771600500,6933.28,6938.66,6926.32,6934.07
1771600800,6922.57,6927.41,6917.45,6921.37
1771601100,6928.6,6934.1,6922.63,6928.04
1771601400,6919.44,6926.25,6915.98,6919.28
1771601700,6910.81,6919.99,6905.46,6917.25
1771602000,6914.35,6916.0,6904.36,6904.78
1771602300,6903.09,6906.53,6899.75,6905.77
1771602600,6912.48,6915.86,6908.37,6913.46
1771602900,6909.26,6917.06,6907.8,6912.42
1771603200,6900.46,6905.44,6899.13,6904.87
1771839000,6920.71,6922.26,6914.72,6920.0
1771839300,6914.0,6914.55,6899.93,6905.76
1771839600,6915.23,6928.98,6913.08,6919.68
1771839900,6909.53,6912.03,6903.52,6905.46
1771840200,6916.41,6925.48,6905.94,6915.58
1771840500,6930.92,6934.23,6925.02,6933.05
1771840800,6916.78,6923.57,6915.84,6921.25
1771841100,6930.2,6935.28,6923.93,6934.45
1771841400,6940.25,6940.7,6933.18,6937.95
1771841700,6926.13,6932.82,6919.99,6921.18
1771842000,6923.58,6924.54,6920.85,6922.75
1771842300,6938.94,6943.69,6936.18,6940.37
1771842600,6935.35,6940.27,6933.6,6934.81
1771842900,6927.68,6935.72,6919.5,6933.48
1771843200,6931.68,6935.64,6919.64,6920.1
1771843500,6933.04,6948.28,6929.7,6937.66
1771843800,6940.2,6950.28,6939.54,6949.12
1771844100,6940.25,6942.67,6937.73,6938.35
1771844400,6938.4,6938.73,6932.0,6935.72
1771844700,6940.25,6942.96,6935.54,6940.03
1771845000,6938.82,6940.32,6933.97,6937.35
1771845300,6940.25,6944.75,6938.27,6941.13
1771845600,6933.82,6933.96,6930.0,6930.91
1771845900,6921.95,6924.91,6917.68,6920.64
1771846200,6912.45,6917.11,6905.41,6911.0
1771846500,6907.74,6908.14,6898.31,6901.67
1771846800,6886.76,6896.9,6881.81,6890.03
1771847100,6902.01,6906.25,6890.39,6899.88
1771847400,6890.53,6890.62,6887.45,6887.95
1771847700,6909.27,6917.67,6897.47,6915.32
1771848000,6902.56,6903.79,6894.8,6902.15
1771848300,6896.6,6902.09,6892.33,6899.02
1771848600,6898.18,6900.8,6896.28,6898.55
1771848900,6881.21,6885.39,6873.33,6881.64
1771849200,6881.54,6886.83,6878.02,6879.18
1771849500,6879.51,6882.83,6870.84,6874.54
1771849800,6875.99,6880.87,6870.66,6872.16
1771850100,6874.67,6880.76,6871.46,6875.18
1771850400,6891.19,6894.89,6883.32,6885.32
1771850700,6890.46,6898.3,6877.9,6896.54
1771851000,6886.58,6887.3,6873.86,6879.94
1771851300,6885.58,6890.87,6878.22,6880.66
1771851600,6878.87,6892.78,6873.91,6888.31
1771851900,6867.66,6887.08,6862.57,6873.66
1771852200,6877.79,6884.48,6877.23,6879.86
1771852500,6874.76,6884.09,6872.88,6878.47
1771852800,6885.31,6888.0,6881.42,6883.09
1771853100,6879.04,6891.3,6873.42,6884.45
1771853400,6872.98,6880.06,6871.12,6878.16
1771853700,6882.07,6891.64,6879.39,6883.2
1771854000,6866.28,6878.43,6861.86,6876.04
1771854300,6878.46,6879.53,6866.88,6873.09
1771854600,6877.18,6882.95,6860.94,6882.73
1771854900,6874.38,6879.68,6869.81,6878.01
1771855200,6868.56,6868.61,6854.86,6861.04
1771855500,6865.47,6869.47,6861.06,6862.74
1771855800,6866.17,6873.44,6862.93,6871.65
1771856100,6875.36,6885.24,6873.94,6878.8
1771856400,6896.93,6901.07,6890.54,6892.85
1771856700,6905.36,6908.35,6894.87,6901.89
1771857000,6909.85,6910.86,6906.13,6907.95
1771857300,6909.86,6915.26,6902.61,6908.07
1771857600,6904.02,6910.26,6899.49,6908.88
1771857900,6894.29,6899.6,6886.03,6893.27
1771858200,6880.03,6897.9,6873.64,6892.65
1771858500,6891.23,6891.94,6887.03,6891.83
1771858800,6886.05,6892.64,6876.77,6882.35
1771859100,6898.68,6904.71,6897.56,6903.58
1771859400,6901.99,6915.39,6901.16,6913.43
1771859700,6875.43,6877.09,6865.81,6873.38
1771860000,6873.52,6883.68,6870.46,6873.77
1771860300,6881.96,6890.53,6873.81,6877.57
1771860600,6889.97,6892.18,6874.59,6886.09
1771860900,6885.45,6888.33,6879.68,6880.07
1771861200,6877.09,6879.65,6869.73,6872.69
1771861500,6882.24,6887.16,6881.14,6884.08
1771861800,6886.65,6892.2,6884.68,6884.98
1771862100,6885.8,6893.08,6879.97,6882.96
1771862400,6883.43,6887.54,6880.1,6886.67
1771925400,6839.33,6848.2,6835.24,6843.74
1771925700,6824.83,6827.31,6819.67,6825.92
1771926000,6829.91,6836.76,6829.71,6831.25
1771926300,6827.64,6828.13,6817.73,6822.59
1771926600,6820.08,6830.52,6820.05,6824.54
1771926900,6825.53,6827.09,6816.07,6822.61
1771927200,6827.1,6838.33,6825.45,6834.25
1771927500,6841.55,6846.39,6828.13,6831.63
1771927800,6856.15,6856.5,6850.27,6852.6
1771928100,6841.38,6848.43,6839.65,6846.5
1771928400,6836.25,6842.52,6835.44,6838.86
1771928700,6836.82,6838.94,6835.19,6837.28
1771929000,6834.08,6838.57,6829.61,6831.18
1771929300,6847.04,6857.63,6846.14,6850.95
1771929600,6834.16,6851.12,6833.21,6843.15
1771929900,6844.91,6851.64,6841.23,6847.04
1771930200,6853.17,6854.12,6842.59,6846.63
1771930500,6842.03,6844.34,6836.88,6841.11
1771930800,6855.05,6856.95,6853.99,6854.3
1771931100,6867.14,6869.9,6862.89,6866.13
1771931400,6870.19,6872.52,6867.51,6870.11
1771931700,6851.21,6854.11,6846.16,6853.17
1771932000,6840.08,6844.98,6832.07,6835.16
1771932300,6838.32,6845.86,6837.68,6843.68
1771932600,6853.8,6856.0,6847.01,6855.22
1771932900,6849.5,6855.18,6848.86,6851.16
1771933200,6847.0,6850.26,6842.06,6846.93
1771933500,6846.37,6853.27,6846.3,6852.2
1771933800,6847.41,6853.93,6845.59,6849.84
1771934100,6857.56,6865.47,6856.96,6862.77
1771934400,6848.2,6850.14,6843.6,6847.61
1771934700,6859.44,6864.51,6856.86,6860.89
1771935000,6857.31,6860.43,6850.14,6851.86
1771935300,6868.1,6870.59,6862.25,6864.54
1771935600,6867.78,6872.67,6865.97,6867.99
1771935900,6855.08,6856.64,6842.7,6847.73
1771936200,6851.76,6853.97,6838.41,6844.51
1771936500,6840.17,6842.95,6829.93,6836.65
1771936800,6846.19,6856.8,6843.77,6853.86
1771937100,6848.24,6856.45,6845.95,6854.16
1771937400,6859.7,6864.51,6856.42,6862.81
1771937700,6856.39,6862.5,6854.14,6860.13
1771938000,6861.8,6868.12,6848.17,6849.85
1771938300,6864.66,6864.69,6859.44,6862.65
1771938600,6867.47,6869.04,6864.21,6866.8
1771938900,6857.83,6859.6,6845.91,6851.44
1771939200,6862.57,6867.13,6862.17,6863.39
1771939500,6875.9,6883.15,6871.93,6877.73
1771939800,6870.5,6875.41,6868.13,6874.98
1771940100,6861.01,6872.92,6856.27,6867.12
1771940400,6870.06,6870.63,6864.92,6867.99
1771940700,6876.31,6880.18,6862.85,6871.56
1771941000,6878.81,6881.89,6865.15,6871.31
1771941300,6889.31,6896.62,6887.4,6893.23
1771941600,6900.12,6904.04,6895.97,6901.93
1771941900,6895.24,6899.5,6893.63,6896.87
1771942200,6895.54,6902.4,6882.22,6888.51
1771942500,6890.63,6892.55,6884.78,6885.6
1771942800,6894.34,6900.68,6891.43,6892.29
1771943100,6898.01,6899.11,6893.94,6894.71
1771943400,6906.24,6907.35,6899.8,6902.56
1771943700,6896.63,6901.91,6890.44,6897.3
1771944000,6891.2,6900.97,6887.93,6893.11
1771944300,6888.24,6891.47,6885.37,6890.74
1771944600,6890.03,6900.49,6887.31,6898.34
1771944900,6887.76,6894.07,6887.37,6888.4
1771945200,6884.19,6890.15,6883.29,6884.74
1771945500,6884.2,6889.08,6881.31,6883.41
1771945800,6892.39,6900.72,6892.09,6895.55
1771946100,6909.21,6909.65,6891.49,6901.89
1771946400,6913.55,6913.71,6906.11,6909.34
1771946700,6917.76,6920.37,6912.03,6914.55
1771947000,6915.79,6917.03,6903.21,6908.35
1771947300,6921.18,6922.49,6916.51,6919.49
1771947600,6906.48,6915.42,6896.87,6912.93
1771947900,6921.18,6929.97,6919.09,6928.31
1771948200,6917.11,6918.05,6914.21,6916.97
1771948500,6921.18,6926.28,6916.13,6922.06
1771948800,6919.6,6932.9,6914.78,6915.63
1772011800,6922.91,6928.18,6917.33,6925.19
1772012100,6925.4,6930.05,6922.26,6927.04
1772012400,6924.47,6930.49,6921.72,6928.71
1772012700,6920.71,6927.93,6913.78,6915.59
1772013000,6908.98,6911.6,6900.91,6904.17
1772013300,6916.98,6924.56,6906.32,6912.93
1772013600,6925.91,6931.07,6910.78,6919.77
1772013900,6922.73,6924.02,6919.39,6921.32
1772014200,6924.68,6932.1,6924.34,6930.61
1772014500,6933.51,6942.19,6925.21,6938.64
1772014800,6932.11,6934.48,6919.21,6928.46
1772015100,6941.82,6950.33,6940.86,6944.92
1772015400,6939.18,6947.05,6939.07,6941.84
1772015700,6934.57,6945.97,6927.09,6935.88
1772016000,6942.12,6945.02,6937.19,6940.73
1772016300,6924.84,6936.33,6924.37,6927.41
1772016600,6932.11,6933.42,6915.25,6924.78
1772016900,6930.35,6934.28,6926.2,6933.62
1772017200,6950.17,6957.71,6949.65,6952.28
1772017500,6952.34,6959.77,6949.3,6955.96
1772017800,6961.72,6965.52,6960.19,6962.41
1772018100,6957.65,6965.98,6953.67,6957.61
1772018400,6965.94,6970.25,6956.94,6967.98
1772018700,6975.06,6985.97,6974.86,6976.77
1772019000,6968.57,6970.57,6961.95,6968.85
1772019300,6955.2,6956.68,6944.3,6946.04
1772019600,6940.04,6940.91,6935.32,6936.74
1772019900,6950.62,6952.04,6947.49,6951.05
1772020200,6930.13,6936.44,6921.45,6933.59
1772020500,6945.76,6948.74,6945.48,6947.9
1772020800,6932.56,6936.5,6931.44,6932.19
1772021100,6930.03,6931.82,6920.93,6930.54
1772021400,6916.71,6917.99,6912.11,6914.68
1772021700,6905.09,6914.15,6890.23,6900.16
1772022000,6914.87,6926.13,6910.7,6915.33
1772022300,6913.22,6917.64,6912.81,6914.33
1772022600,6902.54,6904.64,6896.43,6898.55
1772022900,6893.93,6894.7,6881.57,6888.44
1772023200,6897.64,6899.04,6891.53,6894.57
1772023500,6891.32,6901.58,6887.28,6891.9
1772023800,6903.76,6907.84,6892.17,6899.49
1772024100,6912.52,6918.06,6911.12,6913.0
1772024400,6941.77,6942.82,6935.33,6937.67
1772024700,6932.86,6945.37,6930.79,6940.76
1772025000,6935.78,6945.59,6931.77,6939.03
1772025300,6941.96,6947.04,6938.78,6945.96
1772025600,6952.21,6955.5,6948.58,6949.72
1772025900,6944.46,6953.99,6940.01,6951.81
1772026200,6933.67,6937.81,6933.33,6934.21
1772026500,6940.99,6947.49,6934.32,6941.55
1772026800,6944.3,6947.17,6934.74,6941.34
1772027100,6953.02,6956.34,6949.52,6949.56
1772027400,6940.12,6953.51,6939.75,6946.13
1772027700,6940.49,6942.06,6933.48,6934.59
1772028000,6950.45,6958.77,6949.84,6952.15
1772028300,6961.32,6968.55,6954.72,6961.33
1772028600,6965.02,6971.51,6948.89,6958.74
1772028900,6952.81,6954.08,6944.94,6952.45
1772029200,6946.83,6958.45,6940.83,6957.73
1772029500,6939.65,6940.86,6937.83,6938.5
1772029800,6925.84,6931.98,6924.22,6925.53
1772030100,6921.11,6931.27,6920.47,6930.11
1772030400,6915.3,6922.04,6907.72,6915.69
1772030700,6907.5,6912.27,6904.93,6905.26
1772031000,6913.64,6922.53,6912.65,6922.5
1772031300,6923.04,6925.56,6914.01,6918.93
1772031600,6932.85,6934.73,6928.45,6934.71
1772031900,6928.95,6932.67,6925.72,6926.38
1772032200,6946.76,6952.14,6943.63,6950.9
1772032500,6948.23,6950.48,6929.84,6942.87
1772032800,6943.69,6949.37,6942.72,6942.8
1772033100,6953.93,6956.03,6952.39,6954.83
1772033400,6957.83,6965.49,6952.02,6964.86
1772033700,6955.22,6961.69,6946.57,6952.59
1772034000,6976.69,6986.63,6966.32,6979.32
1772034300,6972.27,6986.43,6968.97,6976.24
1772034600,6979.86,6984.14,6972.61,6984.01
1772034900,6975.43,6982.28,6970.34,6973.1
1772035200,6985.32,6990.96,6983.49,6988.36
1772098200,6960.29,6963.12,6959.72,6962.72
1772098500,6952.14,6959.48,6945.91,6956.79
1772098800,6933.18,6939.98,6928.31,6930.06
1772099100,6946.81,6955.26,6943.55,6945.85
1772099400,6941.04,6954.48,6928.81,6949.66
1772099700,6933.4,6941.88,6927.45,6937.32
1772100000,6926.87,6931.89,6923.77,6923.94
1772100300,6927.09,6936.64,6923.14,6931.5
1772100600,6948.57,6950.41,6941.12,6950.35
1772100900,6964.66,6967.8,6956.25,6962.19
1772101200,6957.62,6959.33,6948.86,6957.72
1772101500,6966.35,6976.92,6955.85,6959.76
1772101800,6959.38,6973.26,6958.87,6965.31
1772102100,6961.11,6966.87,6956.11,6956.87
1772102400,6942.13,6943.77,6928.18,6935.47
1772102700,6941.97,6950.68,6937.65,6948.24
1772103000,6941.38,6951.63,6930.31,6931.89
1772103300,6948.43,6951.08,6945.27,6950.17
1772103600,6953.64,6961.05,6951.27,6958.0
1772103900,6951.57,6957.61,6942.73,6956.49
1772104200,6946.9,6958.9,6944.8,6952.88
1772104500,6929.68,6930.0,6923.7,6928.19
1772104800,6942.17,6954.3,6932.29,6949.98
1772105100,6944.73,6960.77,6941.56,6952.55
1772105400,6943.28,6947.63,6938.14,6945.17
1772105700,6942.87,6948.86,6934.88,6948.54
1772106000,6936.84,6945.25,6927.6,6933.4
1772106300,6920.32,6920.38,6904.51,6916.09
1772106600,6931.28,6931.68,6920.67,6925.64
1772106900,6930.48,6947.21,6926.75,6937.05
1772107200,6928.32,6936.51,6928.24,6932.07
1772107500,6942.75,6954.32,6929.14,6935.92
1772107800,6945.53,6946.38,6943.44,6946.26
1772108100,6943.79,6956.64,6941.66,6950.24
1772108400,6948.15,6952.63,6947.27,6951.14
1772108700,6944.2,6945.29,6941.19,6944.01
1772109000,6944.62,6945.01,6943.33,6944.07
1772109300,6948.28,6955.96,6947.97,6949.83
1772109600,6928.93,6930.04,6925.21,6926.26
1772109900,6948.47,6951.34,6932.88,6939.43
1772110200,6936.44,6941.68,6932.33,6935.54
1772110500,6921.78,6927.76,6913.35,6925.14
1772110800,6915.96,6918.98,6914.91,6916.24
1772111100,6929.14,6934.81,6914.51,6921.97
1772111400,6918.26,6930.47,6916.9,6922.73
1772111700,6916.04,6923.32,6914.52,6918.86
1772112000,6922.11,6930.58,6919.41,6925.66
1772112300,6922.1,6932.82,6922.06,6930.83
1772112600,6914.31,6928.61,6903.55,6924.0
1772112900,6931.6,6942.5,6931.29,6931.77
1772113200,6934.73,6941.28,6924.09,6930.54
1772113500,6938.17,6956.5,6936.71,6945.13
1772113800,6940.25,6940.8,6930.21,6933.05
1772114100,6928.27,6934.24,6926.11,6930.68
1772114400,6934.22,6934.73,6930.9,6931.64
1772114700,6935.9,6938.67,6919.69,6927.08
1772115000,6934.1,6934.29,6926.04,6926.75
1772115300,6921.8,6927.64,6917.49,6922.76
1772115600,6927.6,6934.32,6925.28,6926.29
1772115900,6916.01,6921.99,6911.2,6920.07
1772116200,6896.33,6908.81,6889.96,6898.21
1772116500,6891.21,6892.86,6890.1,6891.15
1772116800,6860.93,6870.82,6860.85,6864.97
1772117100,6860.78,6873.69,6860.42,6865.67
1772117400,6860.85,6864.2,6848.93,6851.46
1772117700,6860.78,6873.41,6860.37,6861.82
1772118000,6869.52,6871.1,6864.17,6864.83
1772118300,6860.78,6868.52,6853.47,6855.23
1772118600,6860.78,6862.31,6854.76,6856.55
1772118900,6866.53,6871.67,6854.8,6869.87
1772119200,6863.19,6871.56,6861.72,6867.78
1772119500,6860.78,6878.46,6859.06,6868.09
1772119800,6860.78,6861.45,6850.93,6854.47
1772120100,6860.78,6869.81,6852.49,6867.99
1772120400,6860.78,6866.45,6848.69,6852.93
1772120700,6860.87,6871.75,6860.47,6864.31
1772121000,6860.78,6873.86,6856.71,6870.13
1772121300,6860.78,6864.9,6860.02,6861.82
1772121600,6860.78,6864.47,6850.12,6855.32
