time,open,high,low,close
1770094800,4832.7998046875,4842.5,4832.7001953125,4842.2001953125
1770094920,4842.2001953125,4843.7998046875,4834.7998046875,4838.0
1770095040,4838.5,4844.7998046875,4836.39990234375,4836.60009765625
1770095160,4836.5,4843.7001953125,4833.39990234375,4842.7001953125
1770095280,4842.0,4842.7001953125,4840.0,4842.10009765625
1770095400,4842.89990234375,4844.2001953125,4833.89990234375,4835.7998046875
1770095520,4836.7001953125,4838.2998046875,4831.2998046875,4834.7998046875
1770095640,4834.5,4838.0,4833.0,4837.89990234375
1770095760,4838.10009765625,4845.10009765625,4838.10009765625,4844.5
1770095880,4845.39990234375,4847.7998046875,4843.10009765625,4843.60009765625
1770096000,4844.5,4847.7001953125,4842.60009765625,4847.7001953125
1770096120,4847.39990234375,4852.0,4844.2998046875,4847.10009765625
1770096240,4847.5,4852.0,4844.7998046875,4849.2001953125
1770096360,4849.5,4853.89990234375,4849.0,4852.39990234375
1770096480,4851.89990234375,4865.5,4849.5,4861.89990234375
1770096600,4861.7998046875,4863.10009765625,4844.0,4845.5
1770096720,4845.2001953125,4852.2001953125,4843.5,4849.0
1770096840,4850.2998046875,4856.2998046875,4848.39990234375,4852.5
1770096960,4853.7001953125,4853.7001953125,4840.5,4851.39990234375
1770097080,4852.60009765625,4856.0,4849.2001953125,4853.7001953125
1770097200,4853.5,4859.0,4847.39990234375,4848.0
1770097320,4849.2001953125,4850.2998046875,4843.7998046875,4845.7001953125
1770097440,4847.0,4847.7998046875,4838.2001953125,4839.5
1770097560,4839.5,4849.7998046875,4835.0,4849.0
1770097680,4849.0,4851.39990234375,4845.7998046875,4850.7998046875
1770097800,4851.39990234375,4852.0,4844.7001953125,4849.60009765625
1770097920,4850.0,4851.7998046875,4845.5,4847.7001953125
1770098040,4848.39990234375,4852.7998046875,4845.0,4851.2001953125
1770098160,4852.2998046875,4852.2998046875,4845.0,4845.60009765625
1770098280,4846.39990234375,4847.39990234375,4841.7998046875,4846.2998046875
1770098400,4848.0,4852.0,4838.0,4844.2998046875
1770098520,4843.10009765625,4845.39990234375,4839.5,4841.0
1770098640,4841.2998046875,4845.0,4839.39990234375,4843.2001953125
1770098760,4843.39990234375,4848.2998046875,4842.7001953125,4845.0
1770098880,4842.10009765625,4851.0,4842.10009765625,4851.0
1770099000,4849.89990234375,4862.10009765625,4847.10009765625,4860.2998046875
1770099120,4860.39990234375,4864.0,4858.0,4864.0
1770099240,4864.0,4871.39990234375,4863.2998046875,4867.60009765625
1770099360,4868.0,4875.5,4868.0,4873.5
1770099480,4874.5,4879.0,4868.7001953125,4879.0
1770099600,4879.0,4885.2001953125,4870.0,4876.7001953125
1770099720,4876.10009765625,4879.5,4870.2001953125,4876.2001953125
1770099840,4874.39990234375,4888.10009765625,4873.39990234375,4887.2998046875
1770099960,4887.0,4894.0,4887.0,4892.5
1770100080,4892.10009765625,4897.5,4890.0,4893.7001953125
1770100200,4892.5,4897.89990234375,4890.2998046875,4893.89990234375
1770100320,4893.2001953125,4894.89990234375,4890.0,4894.89990234375
1770100440,4895.0,4901.2001953125,4893.39990234375,4899.2001953125
1770100560,4899.0,4899.5,4891.2001953125,4895.89990234375
1770100680,4897.89990234375,4899.39990234375,4890.7998046875,4897.7998046875
1770100800,4896.5,4916.0,4895.7001953125,4913.5
1770100920,4912.5,4916.0,4909.2998046875,4912.7001953125
1770101040,4913.39990234375,4916.0,4910.0,4915.10009765625
1770101160,4914.0,4916.0,4905.0,4909.0
1770101280,4907.39990234375,4909.7998046875,4894.7001953125,4895.5
1770101400,4896.10009765625,4896.39990234375,4885.7998046875,4895.2998046875
1770101520,4894.7998046875,4905.2998046875,4894.7998046875,4900.60009765625
1770101640,4901.89990234375,4903.0,4892.0,4901.2998046875
1770101760,4902.7998046875,4903.2001953125,4894.60009765625,4898.10009765625
1770101880,4899.2998046875,4905.89990234375,4894.0,4903.0
1770102000,4901.2001953125,4901.7998046875,4893.0,4898.39990234375
1770102120,4899.2998046875,4902.7001953125,4897.7998046875,4899.2001953125
1770102240,4900.60009765625,4912.39990234375,4900.0,4908.89990234375
1770102360,4909.5,4910.2998046875,4902.7998046875,4904.0
1770102480,4905.5,4907.89990234375,4902.5,4906.7998046875
1770102600,4906.7998046875,4910.5,4904.0,4907.89990234375
1770102720,4907.2001953125,4911.5,4906.7998046875,4910.10009765625
1770102840,4909.7001953125,4916.0,4906.10009765625,4906.7998046875
1770102960,4906.7998046875,4910.10009765625,4902.5,4909.7998046875
1770103080,4910.10009765625,4910.2001953125,4901.7001953125,4905.0
1770103200,4904.39990234375,4910.0,4904.10009765625,4908.10009765625
1770103320,4908.2001953125,4915.0,4906.7001953125,4914.2998046875
1770103440,4914.2001953125,4922.7998046875,4912.10009765625,4922.5
1770103560,4923.0,4924.0,4918.10009765625,4921.0
1770103680,4920.7001953125,4923.2001953125,4917.2998046875,4922.5
1770103800,4922.39990234375,4933.60009765625,4920.60009765625,4931.2001953125
1770103920,4930.89990234375,4944.7001953125,4930.89990234375,4943.5
1770104040,4943.7998046875,4948.0,4937.5,4940.60009765625
1770104160,4940.2001953125,4952.0,4940.2001953125,4950.2998046875
1770104280,4950.2998046875,4953.7001953125,4943.39990234375,4953.2998046875
1770104400,4953.7998046875,4956.0,4942.7001953125,4945.7001953125
1770104520,4945.60009765625,4952.0,4943.10009765625,4948.60009765625
1770104640,4948.39990234375,4948.39990234375,4935.0,4938.60009765625
1770104760,4939.0,4945.60009765625,4937.60009765625,4944.2001953125
1770104880,4944.7001953125,4948.7001953125,4942.39990234375,4942.5
1770105000,4942.2998046875,4942.7001953125,4937.2998046875,4940.60009765625
1770105120,4941.2998046875,4941.39990234375,4935.0,4941.10009765625
1770105240,4941.0,4949.89990234375,4940.7001953125,4948.89990234375
1770105360,4948.7001953125,4949.2001953125,4938.10009765625,4940.2001953125
1770105480,4941.0,4946.2001953125,4936.60009765625,4940.0
1770105600,4940.2001953125,4943.0,4932.10009765625,4936.5
1770105720,4937.2998046875,4941.7998046875,4933.7001953125,4933.7998046875
1770105840,4933.7998046875,4934.39990234375,4922.5,4924.2001953125
1770105960,4924.39990234375,4932.2001953125,4921.0,4932.0
1770106080,4932.10009765625,4943.39990234375,4932.10009765625,4942.39990234375
1770106200,4942.89990234375,4943.7001953125,4936.10009765625,4942.2001953125
1770106320,4942.10009765625,4955.7998046875,4942.10009765625,4951.39990234375
1770106440,4951.39990234375,4958.10009765625,4949.2998046875,4957.7001953125
1770106560,4957.89990234375,4962.0,4954.7998046875,4959.10009765625
1770106680,4959.2001953125,4965.39990234375,4958.5,4962.7001953125
1770106800,4962.60009765625,4962.89990234375,4954.39990234375,4954.5
1770106920,4955.2001953125,4963.2998046875,4952.7998046875,4963.2998046875
1770107040,4963.2001953125,4963.2001953125,4955.89990234375,4961.7998046875
1770107160,4962.39990234375,4963.7998046875,4960.0,4963.0
1770107280,4963.5,4963.7998046875,4957.2001953125,4959.39990234375
1770107400,4959.2998046875,4962.39990234375,4953.7001953125,4954.39990234375
1770107520,4954.7998046875,4959.0,4953.10009765625,4954.89990234375
1770107640,4954.10009765625,4956.7998046875,4953.7998046875,4955.89990234375
1770107760,4955.2998046875,4962.7001953125,4955.2001953125,4959.39990234375
1770107880,4959.0,4959.7001953125,4954.0,4957.60009765625
1770108000,4956.89990234375,4968.2001953125,4956.0,4963.7998046875
1770108120,4962.89990234375,4975.5,4962.10009765625,4962.7998046875
1770108240,4962.2998046875,4962.5,4957.7001953125,4958.10009765625
1770108360,4957.5,4959.5,4953.2998046875,4957.60009765625
1770108480,4957.2001953125,4959.7998046875,4952.2001953125,4958.10009765625
1770108600,4957.39990234375,4959.60009765625,4953.2001953125,4956.5
1770108720,4957.10009765625,4958.89990234375,4954.60009765625,4955.10009765625
1770108840,4954.7001953125,4957.39990234375,4954.0,4956.2998046875
1770108960,4956.7998046875,4957.0,4944.5,4945.0
1770109080,4945.39990234375,4945.89990234375,4934.7001953125,4935.7998046875
1770109200,4935.7998046875,4946.10009765625,4935.7001953125,4939.60009765625
1770109320,4938.7001953125,4938.7001953125,4932.0,4935.5
1770109440,4934.7998046875,4944.89990234375,4931.2001953125,4941.89990234375
1770109560,4942.0,4946.39990234375,4940.7998046875,4943.2001953125
1770109680,4943.2001953125,4947.2998046875,4941.2001953125,4942.60009765625
1770109800,4942.5,4943.5,4932.39990234375,4936.60009765625
1770109920,4936.2998046875,4939.5,4935.39990234375,4939.10009765625
1770110040,4938.89990234375,4941.2998046875,4931.60009765625,4934.10009765625
1770110160,4934.2998046875,4938.89990234375,4923.2998046875,4937.5
1770110280,4938.2998046875,4939.39990234375,4929.2998046875,4930.0
1770110400,4929.60009765625,4934.5,4927.7998046875,4934.5
1770110520,4934.10009765625,4934.2001953125,4923.7001953125,4925.0
1770110640,4924.5,4928.7998046875,4922.5,4924.2001953125
1770110760,4923.7998046875,4928.10009765625,4916.2998046875,4919.10009765625
1770110880,4919.39990234375,4921.0,4914.2001953125,4915.2001953125
1770111000,4915.2001953125,4922.39990234375,4908.7001953125,4922.39990234375
1770111120,4921.60009765625,4927.2998046875,4920.0,4920.89990234375
1770111240,4920.2998046875,4927.60009765625,4919.5,4925.60009765625
1770111360,4925.0,4937.0,4924.7001953125,4936.0
1770111480,4936.39990234375,4939.2001953125,4935.2001953125,4938.7001953125
1770111600,4938.7001953125,4942.7001953125,4935.2001953125,4940.7998046875
1770111720,4940.60009765625,4945.5,4939.89990234375,4944.2998046875
1770111840,4944.39990234375,4949.39990234375,4942.7998046875,4948.2998046875
1770111960,4948.89990234375,4948.89990234375,4943.0,4945.60009765625
1770112080,4945.2001953125,4950.0,4944.7001953125,4947.2001953125
1770112200,4947.2998046875,4947.7998046875,4945.10009765625,4946.7998046875
1770112320,4946.7998046875,4947.2001953125,4943.10009765625,4944.5
1770112440,4944.60009765625,4946.0,4939.5,4942.0
1770112560,4942.2998046875,4943.60009765625,4937.2998046875,4939.2001953125
1770112680,4939.2998046875,4940.7001953125,4937.7001953125,4939.7998046875
1770112800,4939.60009765625,4944.7001953125,4937.89990234375,4938.7001953125
1770112920,4938.0,4942.2998046875,4935.0,4939.89990234375
1770113040,4940.60009765625,4943.2998046875,4939.7998046875,4943.2001953125
1770113160,4942.60009765625,4943.2001953125,4936.7998046875,4937.7001953125
1770113280,4937.7998046875,4945.2001953125,4936.2001953125,4945.2001953125
1770113400,4945.89990234375,4950.60009765625,4941.89990234375,4950.2001953125
1770113520,4950.2998046875,4953.0,4947.2001953125,4950.7998046875
1770113640,4949.89990234375,4949.89990234375,4942.2998046875,4944.7998046875
1770113760,4945.2001953125,4945.2001953125,4936.7001953125,4939.0
1770113880,4939.0,4940.7001953125,4936.7001953125,4938.39990234375
1770114000,4938.39990234375,4940.7001953125,4936.7001953125,4938.60009765625
1770114120,4938.10009765625,4940.7998046875,4936.60009765625,4940.2998046875
1770114240,4940.7998046875,4941.7998046875,4938.2998046875,4938.7001953125
1770114360,4939.0,4940.60009765625,4938.0,4939.39990234375
1770114480,4939.7998046875,4942.5,4935.7998046875,4936.89990234375
1770114600,4936.39990234375,4945.5,4936.2001953125,4943.7998046875
1770114720,4944.10009765625,4946.5,4941.7001953125,4944.89990234375
1770114840,4945.10009765625,4946.0,4938.7998046875,4939.7998046875
1770114960,4940.0,4942.0,4938.39990234375,4939.60009765625
1770115080,4939.60009765625,4942.0,4937.39990234375,4938.7998046875
1770115200,4938.89990234375,4940.2998046875,4936.10009765625,4940.2001953125
1770115320,4940.2001953125,4943.0,4935.2001953125,4939.2001953125
1770115440,4939.7001953125,4942.7998046875,4936.2001953125,4938.2998046875
1770115560,4938.10009765625,4945.7998046875,4936.7998046875,4945.7998046875
1770115680,4945.7998046875,4946.39990234375,4941.0,4941.39990234375
1770115800,4941.0,4941.7998046875,4937.7998046875,4940.2001953125
1770115920,4940.10009765625,4940.10009765625,4936.10009765625,4937.39990234375
1770116040,4937.7998046875,4940.10009765625,4937.5,4939.7001953125
1770116160,4939.60009765625,4940.0,4927.60009765625,4929.7001953125
1770116280,4929.39990234375,4930.7998046875,4922.39990234375,4924.7998046875
1770116400,4925.2001953125,4925.2001953125,4917.60009765625,4919.5
1770116520,4919.5,4921.7998046875,4911.60009765625,4920.5
1770116640,4920.7001953125,4934.10009765625,4917.2001953125,4934.10009765625
1770116760,4934.10009765625,4935.2001953125,4930.7998046875,4932.7001953125
1770116880,4932.5,4933.7998046875,4929.0,4930.39990234375
1770117000,4930.7001953125,4933.0,4929.2998046875,4929.7998046875
1770117120,4930.10009765625,4932.5,4928.5,4930.5
1770117240,4931.7998046875,4932.10009765625,4928.2001953125,4931.7998046875
1770117360,4931.10009765625,4931.10009765625,4918.7001953125,4919.7998046875
1770117480,4920.89990234375,4923.39990234375,4920.7001953125,4921.2001953125
1770117600,4921.2001953125,4921.2001953125,4914.39990234375,4918.60009765625
1770117720,4917.89990234375,4918.60009765625,4910.5,4911.0
1770117840,4910.2001953125,4919.2998046875,4905.2001953125,4918.0
1770117960,4919.0,4926.10009765625,4919.0,4924.89990234375
1770118080,4925.60009765625,4927.89990234375,4921.60009765625,4923.0
1770118200,4923.10009765625,4924.60009765625,4920.2998046875,4921.7998046875
1770118320,4922.0,4939.2998046875,4920.0,4936.39990234375
1770118440,4936.10009765625,4938.5,4933.2001953125,4935.89990234375
1770118560,4935.89990234375,4941.89990234375,4932.89990234375,4939.2998046875
1770118680,4939.39990234375,4939.89990234375,4936.0,4936.0
1770118800,4936.0,4938.7001953125,4932.89990234375,4936.7001953125
1770118920,4935.2998046875,4936.0,4931.0,4932.7998046875
1770119040,4933.60009765625,4933.7998046875,4930.89990234375,4933.0
1770119160,4932.7998046875,4937.39990234375,4932.2998046875,4932.5
1770119280,4932.2001953125,4932.5,4929.39990234375,4929.7001953125
1770119400,4929.0,4932.0,4927.0,4928.89990234375
1770119520,4929.39990234375,4930.2998046875,4920.39990234375,4922.39990234375
1770119640,4921.7998046875,4929.2001953125,4921.7998046875,4929.2001953125
1770119760,4928.5,4937.7998046875,4926.7001953125,4937.7998046875
1770119880,4938.0,4939.0,4934.5,4938.89990234375
1770120000,4939.60009765625,4951.89990234375,4932.10009765625,4950.2001953125
1770120120,4948.39990234375,4957.2001953125,4947.7001953125,4955.5
1770120240,4956.0,4959.5,4952.10009765625,4955.2998046875
1770120360,4954.7998046875,4956.0,4947.60009765625,4952.7001953125
1770120480,4953.2998046875,4957.10009765625,4948.89990234375,4952.7998046875
1770120600,4952.89990234375,4953.10009765625,4947.39990234375,4950.7998046875
1770120720,4950.7998046875,4953.0,4947.7998046875,4951.39990234375
1770120840,4950.0,4952.7001953125,4945.0,4947.89990234375
1770120960,4948.2998046875,4948.2998046875,4941.0,4941.7001953125
1770121080,4942.60009765625,4943.5,4935.2001953125,4936.10009765625
1770121200,4936.5,4936.7001953125,4927.2001953125,4927.2001953125
1770121320,4926.2001953125,4932.0,4922.39990234375,4927.0
1770121440,4926.2998046875,4927.2001953125,4915.0,4918.10009765625
1770121560,4918.10009765625,4930.7998046875,4917.7998046875,4924.2001953125
1770121680,4924.0,4928.5,4917.5,4926.7001953125
1770121800,4926.39990234375,4934.60009765625,4923.10009765625,4932.5
1770121920,4932.7001953125,4937.39990234375,4928.89990234375,4937.2001953125
1770122040,4937.2998046875,4941.89990234375,4936.10009765625,4937.89990234375
1770122160,4936.7001953125,4939.0,4934.0,4938.60009765625
1770122280,4939.89990234375,4940.7998046875,4934.5,4935.5
1770122400,4934.5,4939.89990234375,4934.2998046875,4937.39990234375
1770122520,4937.89990234375,4940.2001953125,4936.0,4939.10009765625
1770122640,4939.2001953125,4942.89990234375,4934.60009765625,4938.60009765625
1770122760,4938.7998046875,4940.39990234375,4937.60009765625,4939.5
1770122880,4939.7001953125,4940.60009765625,4936.7001953125,4937.5
1770123000,4937.5,4942.39990234375,4936.39990234375,4937.2998046875
1770123120,4937.39990234375,4941.5,4930.0,4937.5
1770123240,4938.10009765625,4939.5,4932.7998046875,4936.89990234375
1770123360,4936.60009765625,4939.0,4935.7001953125,4938.89990234375
1770123480,4939.60009765625,4942.2001953125,4937.2998046875,4938.2001953125
1770123600,4938.39990234375,4944.10009765625,4930.0,4935.10009765625
1770123720,4934.0,4940.39990234375,4926.7001953125,4938.2998046875
1770123840,4937.60009765625,4953.10009765625,4935.2001953125,4951.0
1770123960,4951.0,4955.0,4947.89990234375,4951.60009765625
1770124080,4952.7001953125,4955.5,4947.10009765625,4951.60009765625
1770124200,4951.7001953125,4952.60009765625,4941.7001953125,4945.5
1770124320,4944.89990234375,4951.39990234375,4942.0,4949.39990234375
1770124440,4950.0,4955.5,4945.0,4952.0
1770124560,4952.7998046875,4953.89990234375,4944.0,4949.2001953125
1770124680,4949.7001953125,4952.60009765625,4942.0,4943.2998046875
1770124800,4942.7998046875,4950.10009765625,4942.10009765625,4947.89990234375
1770124920,4948.10009765625,4951.0,4943.10009765625,4948.60009765625
1770125040,4949.39990234375,4958.39990234375,4944.7001953125,4958.39990234375
1770125160,4958.5,4959.5,4951.5,4956.60009765625
1770125280,4956.89990234375,4965.39990234375,4955.7998046875,4960.7998046875
1770125400,4961.2998046875,4965.0,4959.2998046875,4962.2998046875
1770125520,4961.7998046875,4965.0,4957.2998046875,4957.7998046875
1770125640,4957.89990234375,4965.7998046875,4957.0,4962.2001953125
1770125760,4962.60009765625,4966.0,4959.0,4963.7998046875
1770125880,4964.0,4964.0,4955.10009765625,4956.60009765625
1770126000,4957.5,4966.2998046875,4956.5,4964.7001953125
1770126120,4964.7998046875,4968.2998046875,4964.7001953125,4967.2998046875
1770126240,4967.2998046875,4972.39990234375,4966.7998046875,4971.2001953125
1770126360,4971.2998046875,4977.7001953125,4969.60009765625,4976.0
1770126480,4975.5,4977.60009765625,4970.7998046875,4971.89990234375
1770126600,4971.89990234375,4974.5,4957.60009765625,4959.89990234375
1770126720,4959.89990234375,4963.10009765625,4948.39990234375,4953.7001953125
1770126840,4952.89990234375,4954.5,4946.60009765625,4952.5
1770126960,4952.60009765625,4960.89990234375,4951.10009765625,4958.2001953125
1770127080,4958.2998046875,4960.60009765625,4956.2998046875,4958.0
1770127200,4958.7001953125,4963.10009765625,4942.7998046875,4952.39990234375
1770127320,4952.10009765625,4954.2998046875,4946.39990234375,4947.5
1770127440,4947.39990234375,4953.89990234375,4944.89990234375,4952.10009765625
1770127560,4952.2998046875,4954.0,4945.5,4949.0
1770127680,4949.7998046875,4954.7001953125,4945.7001953125,4954.2001953125
1770127800,4954.0,4954.7998046875,4946.60009765625,4950.7998046875
1770127920,4950.7998046875,4953.0,4946.7001953125,4947.7001953125
1770128040,4947.60009765625,4953.2998046875,4938.2998046875,4939.7998046875
1770128160,4940.2001953125,4942.60009765625,4920.0,4931.2001953125
1770128280,4930.89990234375,4941.5,4930.60009765625,4941.5
1770128400,4941.2998046875,4941.7001953125,4929.7001953125,4933.5
1770128520,4933.5,4933.5,4923.39990234375,4927.7998046875
1770128640,4927.5,4937.10009765625,4926.60009765625,4935.7998046875
1770128760,4936.2998046875,4943.2998046875,4932.7998046875,4941.2998046875
1770128880,4941.60009765625,4949.0,4938.60009765625,4948.2001953125
1770129000,4948.60009765625,4952.60009765625,4937.7998046875,4940.60009765625
1770129120,4940.2998046875,4943.10009765625,4923.60009765625,4925.7001953125
1770129240,4925.7998046875,4931.2001953125,4917.60009765625,4928.39990234375
1770129360,4928.89990234375,4936.60009765625,4922.2001953125,4930.60009765625
1770129480,4931.10009765625,4943.0,4921.10009765625,4942.0
1770129600,4942.2998046875,4950.39990234375,4942.2001953125,4947.2998046875
1770129720,4947.5,4949.7001953125,4936.7998046875,4943.89990234375
1770129840,4944.10009765625,4944.39990234375,4935.2001953125,4935.5
1770129960,4935.2001953125,4943.2998046875,4933.7998046875,4942.5
1770130080,4943.0,4948.39990234375,4940.2998046875,4947.2998046875
1770130200,4947.2001953125,4949.5,4943.2001953125,4943.60009765625
1770130320,4943.7001953125,4954.10009765625,4943.7001953125,4949.5
1770130440,4949.60009765625,4954.10009765625,4946.5,4948.2998046875
1770130560,4948.7001953125,4952.0,4938.0,4939.60009765625
1770130680,4938.2998046875,4943.2998046875,4935.7001953125,4939.2001953125
1770130800,4939.10009765625,4948.2998046875,4934.89990234375,4937.7998046875
1770130920,4938.2001953125,4943.7001953125,4926.89990234375,4937.39990234375
1770131040,4936.7998046875,4949.7998046875,4936.0,4947.0
1770131160,4947.7001953125,4951.89990234375,4941.39990234375,4944.5
1770131280,4944.0,4961.2001953125,4940.89990234375,4959.10009765625
1770131400,4960.10009765625,4971.2001953125,4959.5,4969.10009765625
1770131520,4968.60009765625,4970.0,4956.2998046875,4957.89990234375
1770131640,4957.5,4964.10009765625,4955.0,4962.89990234375
1770131760,4962.39990234375,4966.39990234375,4958.0,4961.7998046875
1770131880,4961.0,4961.2998046875,4950.0,4950.7998046875
1770132000,4950.7001953125,4951.0,4937.2001953125,4942.2001953125
1770132120,4942.5,4949.7001953125,4938.7998046875,4939.2001953125
1770132240,4939.60009765625,4939.89990234375,4930.39990234375,4939.60009765625
1770132360,4939.7998046875,4949.60009765625,4933.0,4949.2001953125
1770132480,4949.60009765625,4951.0,4945.60009765625,4947.60009765625
1770132600,4947.7001953125,4951.2998046875,4938.2998046875,4940.2998046875
1770132720,4940.7001953125,4946.39990234375,4938.7998046875,4941.89990234375
1770132840,4941.2998046875,4941.5,4929.0,4929.7001953125
1770132960,4930.7998046875,4941.7001953125,4930.0,4939.2001953125
1770133080,4938.5,4942.2998046875,4936.5,4938.60009765625
1770133200,4939.39990234375,4944.7998046875,4938.7998046875,4942.89990234375
1770133320,4941.10009765625,4945.0,4941.0,4943.39990234375
1770133440,4943.10009765625,4947.7001953125,4940.89990234375,4943.7998046875
1770133560,4942.89990234375,4947.2998046875,4941.39990234375,4944.7998046875
1770133680,4944.2001953125,4948.60009765625,4944.2001953125,4948.10009765625
1770133800,4948.5,4953.39990234375,4945.89990234375,4947.7001953125
1770133920,4947.39990234375,4953.60009765625,4944.5,4952.7998046875
1770134040,4952.60009765625,4958.10009765625,4950.39990234375,4951.60009765625
1770134160,4951.7998046875,4955.0,4949.2998046875,4954.89990234375
1770134280,4954.89990234375,4958.39990234375,4952.5,4957.7001953125
1770134400,4957.2001953125,4964.89990234375,4952.2001953125,4964.5
1770134520,4964.2998046875,4968.0,4961.0,4963.5
1770134640,4963.2998046875,4965.10009765625,4960.39990234375,4962.2001953125
1770134760,4961.7998046875,4962.7998046875,4952.10009765625,4952.7998046875
1770134880,4952.7001953125,4959.10009765625,4952.10009765625,4958.89990234375
1770135000,4959.10009765625,4963.7998046875,4956.7998046875,4960.0
1770135120,4960.2001953125,4969.10009765625,4958.39990234375,4967.89990234375
1770135240,4967.10009765625,4968.2001953125,4963.10009765625,4967.5
1770135360,4967.2001953125,4994.7998046875,4967.0,4990.5
1770135480,4989.7001953125,4990.7001953125,4979.60009765625,4990.5
1770135600,4990.0,4995.5,4988.60009765625,4990.0
1770135720,4990.5,4997.5,4989.89990234375,4994.10009765625
1770135840,4993.39990234375,4997.2001953125,4992.10009765625,4993.7001953125
1770135960,4994.39990234375,5004.7001953125,4992.2998046875,5001.2001953125
1770136080,5001.7998046875,5003.89990234375,4993.60009765625,4995.89990234375
1770136200,4995.7998046875,4997.0,4987.89990234375,4991.89990234375
1770136320,4991.2001953125,5000.2998046875,4987.0,5000.2998046875
1770136440,5000.60009765625,5010.0,4996.5,5008.2998046875
1770136560,5008.10009765625,5012.7998046875,4999.5,5008.0
1770136680,5007.2001953125,5018.10009765625,5005.89990234375,5017.60009765625
1770136800,5016.7998046875,5017.0,5005.7998046875,5005.89990234375
1770136920,5006.39990234375,5009.2001953125,5004.10009765625,5006.89990234375
1770137040,5007.0,5008.5,4998.7998046875,5001.89990234375
1770137160,5002.2001953125,5003.2998046875,4990.7998046875,4996.7001953125
1770137280,4998.0,5003.39990234375,4994.0,4999.5
1770137400,4999.10009765625,4999.10009765625,4983.39990234375,4988.2001953125
1770137520,4988.60009765625,4990.39990234375,4976.10009765625,4979.10009765625
1770137640,4978.39990234375,4984.60009765625,4974.60009765625,4983.60009765625
1770137760,4984.0,4987.39990234375,4980.5,4984.89990234375
1770137880,4985.2998046875,4985.5,4975.10009765625,4978.2001953125
1770138000,4978.2998046875,4984.39990234375,4968.39990234375,4978.7998046875
1770138120,4978.89990234375,4985.5,4977.39990234375,4983.0
1770138240,4983.7001953125,4984.10009765625,4972.5,4979.39990234375
1770138360,4979.2998046875,4979.2998046875,4967.0,4971.39990234375
1770138480,4971.5,4972.2001953125,4957.7001953125,4964.10009765625
1770138600,4964.2001953125,4967.39990234375,4945.2001953125,4949.2998046875
1770138720,4949.5,4970.0,4947.60009765625,4968.2998046875
1770138840,4967.7001953125,4970.10009765625,4956.7998046875,4965.10009765625
1770138960,4964.7001953125,4982.0,4964.5,4978.7001953125
1770139080,4978.60009765625,4990.39990234375,4978.10009765625,4989.0
1770139200,4988.2001953125,4992.7001953125,4979.60009765625,4983.7001953125
1770139320,4983.39990234375,4983.60009765625,4975.0,4977.60009765625
1770139440,4976.7001953125,4983.10009765625,4976.10009765625,4980.0
1770139560,4980.2001953125,4982.89990234375,4971.0,4971.10009765625
1770139680,4971.7001953125,4973.89990234375,4968.2998046875,4971.60009765625
1770139800,4971.10009765625,4979.10009765625,4971.10009765625,4978.7001953125
1770139920,4979.2001953125,4987.7998046875,4978.7001953125,4987.39990234375
1770140040,4987.10009765625,4987.5,4974.7001953125,4977.39990234375
1770140160,4976.60009765625,4979.89990234375,4971.7998046875,4976.5
1770140280,4975.7001953125,4978.60009765625,4968.10009765625,4975.2998046875
1770140400,4974.2998046875,4974.2998046875,4953.2998046875,4956.0
1770140520,4956.10009765625,4957.0,4935.0,4941.10009765625
1770140640,4941.2998046875,4947.7001953125,4936.39990234375,4938.89990234375
1770140760,4939.10009765625,4948.10009765625,4929.7001953125,4947.5
1770140880,4948.10009765625,4957.7998046875,4946.10009765625,4955.2998046875
1770141000,4954.7001953125,4967.7998046875,4953.89990234375,4966.7001953125
1770141120,4966.5,4971.0,4964.0,4965.10009765625
1770141240,4964.2001953125,4964.60009765625,4956.2998046875,4956.7998046875
1770141360,4957.60009765625,4961.5,4954.2998046875,4960.60009765625
1770141480,4959.5,4964.5,4949.60009765625,4951.5
1770141600,4951.10009765625,4962.2998046875,4948.7998046875,4959.5
1770141720,4960.0,4962.89990234375,4951.7998046875,4958.60009765625
1770141840,4959.0,4962.5,4951.60009765625,4961.10009765625
1770141960,4961.60009765625,4972.60009765625,4959.10009765625,4970.7001953125
1770142080,4970.5,4970.5,4962.2998046875,4964.2001953125
1770142200,4963.10009765625,4970.89990234375,4962.0,4968.0
1770142320,4967.7998046875,4977.2998046875,4962.60009765625,4967.60009765625
1770142440,4967.5,4970.2001953125,4963.2998046875,4968.5
1770142560,4969.2001953125,4971.2998046875,4963.60009765625,4964.2998046875
1770142680,4965.0,4965.39990234375,4959.10009765625,4964.7001953125
1770142800,4963.60009765625,4968.5,4960.0,4961.60009765625
1770142920,4962.10009765625,4963.0,4954.39990234375,4958.60009765625
1770143040,4958.0,4958.0,4940.2998046875,4944.60009765625
1770143160,4944.7998046875,4953.89990234375,4944.2001953125,4948.2998046875
1770143280,4947.89990234375,4952.60009765625,4926.7998046875,4931.39990234375
1770143400,4931.0,4940.7998046875,4928.39990234375,4933.5
1770143520,4934.0,4936.7001953125,4900.5,4914.7998046875
1770143640,4914.0,4925.10009765625,4910.10009765625,4924.2998046875
1770143760,4924.89990234375,4929.10009765625,4920.0,4920.0
1770143880,4918.89990234375,4927.39990234375,4915.0,4927.39990234375
1770144000,4926.7998046875,4935.0,4920.5,4934.89990234375
1770144120,4935.0,4935.0,4927.10009765625,4930.7998046875
1770144240,4930.5,4937.7998046875,4926.2998046875,4934.7001953125
1770144360,4936.0,4937.60009765625,4931.0,4931.60009765625
1770144480,4931.5,4931.5,4923.2001953125,4924.89990234375
1770144600,4924.39990234375,4925.7001953125,4913.10009765625,4915.5
1770144720,4915.5,4929.2001953125,4914.5,4928.7001953125
1770144840,4929.2001953125,4934.10009765625,4929.2001953125,4931.5
1770144960,4932.39990234375,4937.10009765625,4929.39990234375,4931.10009765625
1770145080,4930.7001953125,4933.2001953125,4922.5,4930.5
1770145200,4930.2001953125,4930.2001953125,4918.89990234375,4923.5
1770145320,4923.2001953125,4923.7998046875,4912.7001953125,4913.60009765625
1770145440,4913.0,4915.7001953125,4906.2998046875,4911.0
1770145560,4911.5,4914.7001953125,4904.7001953125,4913.60009765625
1770145680,4914.2998046875,4915.2998046875,4902.0,4903.2001953125
1770145800,4903.7001953125,4923.10009765625,4903.7001953125,4920.7001953125
1770145920,4920.60009765625,4933.60009765625,4920.60009765625,4932.5
1770146040,4933.2001953125,4941.7001953125,4932.7001953125,4939.39990234375
1770146160,4939.7001953125,4946.2001953125,4937.10009765625,4946.2001953125
1770146280,4946.60009765625,4952.5,4946.5,4948.10009765625
1770146400,4947.7998046875,4951.0,4939.7001953125,4947.7001953125
1770146520,4948.39990234375,4952.7001953125,4945.0,4949.2998046875
1770146640,4949.7998046875,4950.2001953125,4943.2001953125,4944.10009765625
1770146760,4943.0,4946.7001953125,4938.2001953125,4945.2998046875
1770146880,4946.2001953125,4956.39990234375,4945.10009765625,4953.2001953125
1770147000,4952.5,4954.5,4944.7998046875,4947.60009765625
1770147120,4946.10009765625,4953.2998046875,4944.5,4952.5
1770147240,4952.7998046875,4959.10009765625,4946.39990234375,4957.7998046875
1770147360,4958.2998046875,4960.2998046875,4953.39990234375,4960.2998046875
1770147480,4960.7998046875,4965.0,4958.7998046875,4961.5
1770147600,4961.89990234375,4971.7998046875,4960.60009765625,4970.5
1770147720,4970.10009765625,4971.89990234375,4962.60009765625,4967.7998046875
1770147840,4967.39990234375,4967.39990234375,4957.2998046875,4960.10009765625
1770147960,4959.5,4961.39990234375,4954.5,4957.5
1770148080,4957.5,4962.7001953125,4952.0,4957.60009765625
1770148200,4957.7001953125,4960.2001953125,4949.39990234375,4951.7001953125
1770148320,4952.60009765625,4953.7001953125,4940.2998046875,4946.7998046875
1770148440,4946.39990234375,4947.10009765625,4938.89990234375,4943.89990234375
1770148560,4944.2998046875,4950.7998046875,4941.89990234375,4948.10009765625
1770148680,4947.7998046875,4951.5,4944.2001953125,4949.2998046875
1770148800,4949.89990234375,4949.89990234375,4932.60009765625,4937.2001953125
1770148920,4937.10009765625,4943.10009765625,4930.7998046875,4932.89990234375
1770149040,4933.2001953125,4934.39990234375,4928.10009765625,4930.10009765625
1770149160,4931.10009765625,4935.0,4925.2998046875,4934.39990234375
1770149280,4935.39990234375,4940.5,4932.89990234375,4940.5
1770149400,4941.0,4941.0,4924.5,4929.60009765625
1770149520,4928.7998046875,4938.5,4928.7998046875,4938.2998046875
1770149640,4938.0,4943.2001953125,4934.60009765625,4938.0
1770149760,4937.0,4951.39990234375,4937.0,4947.0
1770149880,4947.2998046875,4955.89990234375,4947.2998046875,4953.39990234375
1770150000,4953.89990234375,4958.2998046875,4952.2998046875,4952.5
1770150120,4952.10009765625,4953.39990234375,4946.0,4951.0
1770150240,4951.7998046875,4960.0,4951.7998046875,4953.2001953125
1770150360,4952.2998046875,4964.2001953125,4952.0,4964.2001953125
1770150480,4964.7998046875,4965.0,4956.2998046875,4961.7001953125
1770150600,4962.2998046875,4969.89990234375,4960.7001953125,4968.7998046875
1770150720,4969.0,4970.7001953125,4966.89990234375,4967.2998046875
1770150840,4967.2998046875,4980.0,4967.2998046875,4978.60009765625
1770150960,4978.7998046875,4980.0,4972.39990234375,4978.89990234375
1770151080,4978.89990234375,4979.2001953125,4971.39990234375,4975.0
1770151200,4974.7001953125,4978.2998046875,4971.39990234375,4977.60009765625
1770151320,4977.2998046875,4980.0,4972.39990234375,4972.39990234375
1770151440,4972.7001953125,4979.7998046875,4970.2998046875,4975.39990234375
1770151560,4975.0,4978.39990234375,4969.2001953125,4969.7001953125
1770151680,4969.0,4970.89990234375,4957.2998046875,4960.60009765625
1770151800,4960.60009765625,4961.2998046875,4955.2001953125,4960.7001953125
1770151920,4960.7998046875,4965.39990234375,4958.39990234375,4962.0
1770152040,4962.2001953125,4964.0,4959.10009765625,4962.7998046875
1770152160,4962.7001953125,4969.89990234375,4961.7001953125,4968.7998046875
1770152280,4969.5,4970.2998046875,4962.60009765625,4967.5
1770152400,4967.10009765625,4968.39990234375,4961.2998046875,4963.2998046875
1770152520,4963.7001953125,4972.39990234375,4963.0,4971.60009765625
1770152640,4972.39990234375,4977.5,4969.39990234375,4969.39990234375
1770152760,4969.39990234375,4977.5,4968.7998046875,4976.2001953125
1770152880,4976.2001953125,4976.2001953125,4971.0,4971.5
1770153000,4971.2998046875,4987.5,4971.2998046875,4986.39990234375
1770153120,4985.89990234375,4987.2001953125,4979.39990234375,4980.2001953125
1770153240,4980.2998046875,4982.0,4979.0,4979.10009765625
1770153360,4980.10009765625,4980.10009765625,4976.5,4977.7001953125
1770153480,4976.5,4977.5,4967.5,4967.5
1770153600,4968.10009765625,4975.39990234375,4966.2001953125,4974.60009765625
1770153720,4974.39990234375,4975.89990234375,4973.0,4974.5
1770153840,4974.7001953125,4976.10009765625,4974.0,4975.10009765625
1770153960,4976.2001953125,4978.60009765625,4976.2001953125,4978.10009765625
1770154080,4976.39990234375,4976.39990234375,4972.5,4974.2001953125
1770154200,4974.10009765625,4979.2998046875,4974.10009765625,4978.2001953125
1770154320,4977.89990234375,4981.89990234375,4977.7001953125,4978.7998046875
1770154440,4976.5,4977.2001953125,4974.39990234375,4975.89990234375
1770154560,4975.2998046875,4976.89990234375,4972.0,4976.89990234375
1770154680,4976.7998046875,4976.7998046875,4967.7001953125,4967.7001953125
1770154800,4967.7001953125,4967.7001953125,4959.0,4965.2998046875
1770154920,4965.89990234375,4965.89990234375,4958.2998046875,4964.60009765625
1770155040,4964.39990234375,4964.39990234375,4960.39990234375,4961.39990234375
1770155160,4961.0,4964.5,4958.0,4960.10009765625
1770155280,4960.39990234375,4962.89990234375,4958.7001953125,4962.60009765625
1770155400,4962.10009765625,4962.2001953125,4957.2998046875,4959.2001953125
1770155520,4960.2001953125,4968.7001953125,4959.10009765625,4968.7001953125
1770155640,4967.39990234375,4968.0,4963.89990234375,4966.2001953125
1770155760,4967.2001953125,4970.0,4965.0,4969.2001953125
1770155880,4969.2001953125,4971.5,4967.5,4970.5
1770159600,4966.10009765625,4992.7998046875,4966.10009765625,4983.7001953125
1770159720,4984.5,4997.7998046875,4983.60009765625,4986.5
1770159840,4985.60009765625,4985.60009765625,4971.7001953125,4972.0
1770159960,4970.39990234375,4974.60009765625,4930.39990234375,4933.0
1770160080,4932.7998046875,4952.0,4931.2998046875,4948.89990234375
1770160200,4947.60009765625,4956.10009765625,4946.5,4950.60009765625
1770160320,4950.7998046875,4958.39990234375,4950.2998046875,4952.10009765625
1770160440,4952.10009765625,4965.10009765625,4950.2998046875,4957.2998046875
1770160560,4958.2001953125,4964.60009765625,4957.10009765625,4957.89990234375
1770160680,4957.5,4967.10009765625,4950.2001953125,4957.0
1770160800,4957.60009765625,4957.60009765625,4949.7001953125,4955.39990234375
1770160920,4954.5,4962.7001953125,4954.5,4959.10009765625
1770161040,4960.0,4962.0,4949.89990234375,4959.7998046875
1770161160,4959.7001953125,4962.39990234375,4950.39990234375,4954.5
1770161280,4952.7001953125,4954.39990234375,4942.7001953125,4946.10009765625
1770161400,4945.0,4962.7998046875,4942.7001953125,4957.39990234375
1770161520,4958.2001953125,4958.2001953125,4950.2001953125,4950.89990234375
1770161640,4951.89990234375,4955.7998046875,4949.89990234375,4954.0
1770161760,4953.10009765625,4956.7998046875,4951.89990234375,4952.7001953125
1770161880,4954.7001953125,4962.89990234375,4952.89990234375,4961.89990234375
1770162000,4964.39990234375,4969.0,4960.7998046875,4967.7998046875
1770162120,4967.0,4972.5,4967.0,4969.2998046875
1770162240,4969.2001953125,4973.7001953125,4968.5,4972.7001953125
1770162360,4972.10009765625,4977.10009765625,4964.60009765625,4968.89990234375
1770162480,4968.5,4971.5,4964.0,4964.0
1770162600,4963.7998046875,4967.7001953125,4962.60009765625,4967.7001953125
1770162720,4968.0,4976.5,4968.0,4968.7998046875
1770162840,4968.5,4971.7001953125,4962.5,4968.60009765625
1770162960,4970.7998046875,4974.0,4969.60009765625,4970.2001953125
1770163080,4969.2001953125,4971.2001953125,4967.5,4968.7001953125
1770163200,4969.89990234375,4977.0,4966.89990234375,4971.5
1770163320,4970.7998046875,4980.2998046875,4970.7998046875,4977.7998046875
1770163440,4978.5,4984.10009765625,4977.0,4979.39990234375
1770163560,4980.89990234375,4985.10009765625,4979.7998046875,4982.60009765625
1770163680,4982.10009765625,4993.0,4981.10009765625,4990.2998046875
1770163800,4991.60009765625,4992.89990234375,4987.10009765625,4987.39990234375
1770163920,4988.2998046875,5004.10009765625,4987.39990234375,5002.7001953125
1770164040,5003.89990234375,5016.0,4999.2998046875,5010.0
1770164160,5009.0,5019.0,5006.0,5016.0
1770164280,5016.5,5020.0,5014.0,5016.5
1770164400,5016.5,5021.2001953125,5013.10009765625,5019.60009765625
1770164520,5020.0,5023.2001953125,5010.39990234375,5015.2998046875
1770164640,5015.2998046875,5022.39990234375,5010.5,5012.2001953125
1770164760,5013.7001953125,5014.2001953125,5000.2998046875,5002.89990234375
1770164880,5002.2998046875,5007.2001953125,5000.0,5002.2001953125
1770165000,5002.89990234375,5009.60009765625,5000.2998046875,5001.5
1770165120,5001.2998046875,5003.0,4990.5,5000.2998046875
1770165240,5000.0,5009.5,4999.10009765625,5003.2998046875
1770165360,5003.60009765625,5016.7998046875,5002.7998046875,5015.2998046875
1770165480,5015.7001953125,5016.39990234375,5004.60009765625,5005.39990234375
1770165600,5005.0,5008.10009765625,5003.10009765625,5004.89990234375
1770165720,5005.39990234375,5012.2001953125,5005.39990234375,5010.7001953125
1770165840,5010.2001953125,5013.39990234375,5005.10009765625,5009.39990234375
1770165960,5008.7998046875,5021.39990234375,5008.7998046875,5020.60009765625
1770166080,5020.39990234375,5027.7998046875,5018.60009765625,5025.10009765625
1770166200,5025.5,5028.2001953125,5021.10009765625,5024.5
1770166320,5023.60009765625,5023.60009765625,5015.0,5020.0
1770166440,5020.60009765625,5037.0,5020.0,5035.2001953125
1770166560,5034.7001953125,5038.7998046875,5034.0,5036.89990234375
1770166680,5037.0,5039.7001953125,5033.89990234375,5038.10009765625
1770166800,5038.60009765625,5041.7998046875,5006.39990234375,5031.2998046875
1770166920,5030.10009765625,5038.7998046875,5023.89990234375,5035.7998046875
1770167040,5033.7998046875,5040.0,5033.7001953125,5037.10009765625
1770167160,5037.2998046875,5061.10009765625,5037.2998046875,5058.89990234375
1770167280,5058.2001953125,5063.0,5050.10009765625,5053.2001953125
1770167400,5054.10009765625,5071.7998046875,5054.10009765625,5064.0
1770167520,5063.39990234375,5071.5,5057.0,5070.0
1770167640,5068.7001953125,5075.5,5067.0,5067.2998046875
1770167760,5067.89990234375,5073.2001953125,5066.0,5072.2001953125
1770167880,5072.0,5075.0,5068.2001953125,5068.89990234375
1770168000,5068.5,5068.5,5055.39990234375,5059.7998046875
1770168120,5060.7001953125,5074.5,5054.7998046875,5072.2998046875
1770168240,5072.89990234375,5073.7998046875,5062.7998046875,5064.2998046875
1770168360,5064.2001953125,5067.2001953125,5058.7001953125,5064.89990234375
1770168480,5064.5,5064.7001953125,5053.2001953125,5058.7998046875
1770168600,5058.60009765625,5061.10009765625,5046.0,5052.10009765625
1770168720,5053.0,5056.7001953125,5048.39990234375,5051.89990234375
1770168840,5052.7998046875,5057.2001953125,5043.7998046875,5050.10009765625
1770168960,5049.2998046875,5056.5,5038.7001953125,5039.2998046875
1770169080,5039.7998046875,5041.7998046875,5030.7998046875,5040.7998046875
1770169200,5041.39990234375,5055.0,5039.39990234375,5053.2998046875
1770169320,5052.0,5059.2998046875,5051.5,5059.2998046875
1770169440,5058.39990234375,5059.2998046875,5049.10009765625,5056.10009765625
1770169560,5056.60009765625,5065.2001953125,5055.89990234375,5062.0
1770169680,5061.7001953125,5070.89990234375,5061.2998046875,5068.5
1770169800,5068.7001953125,5071.60009765625,5062.2998046875,5062.39990234375
1770169920,5062.10009765625,5066.0,5059.5,5063.0
1770170040,5061.89990234375,5066.0,5055.89990234375,5064.0
1770170160,5064.5,5066.60009765625,5057.7998046875,5060.7998046875
1770170280,5060.7001953125,5068.5,5059.5,5067.2001953125
1770170400,5067.89990234375,5074.7998046875,5067.7998046875,5071.2998046875
1770170520,5071.7001953125,5084.7001953125,5071.7001953125,5080.39990234375
1770170640,5080.39990234375,5082.7001953125,5075.7998046875,5078.39990234375
1770170760,5077.7998046875,5085.7001953125,5075.7998046875,5085.7001953125
1770170880,5085.7998046875,5086.7998046875,5080.7998046875,5082.10009765625
1770171000,5082.7998046875,5085.89990234375,5079.2001953125,5081.89990234375
1770171120,5081.60009765625,5083.7001953125,5076.39990234375,5077.5
1770171240,5078.2001953125,5085.7998046875,5077.2001953125,5082.5
1770171360,5082.7001953125,5082.7001953125,5076.0,5081.7001953125
1770171480,5081.60009765625,5084.7998046875,5080.2998046875,5082.5
1770171600,5082.10009765625,5084.10009765625,5081.5,5082.7998046875
1770171720,5082.2001953125,5085.89990234375,5075.60009765625,5078.5
1770171840,5078.10009765625,5082.5,5073.60009765625,5082.5
1770171960,5082.60009765625,5084.2001953125,5078.60009765625,5079.7001953125
1770172080,5079.2001953125,5083.5,5076.0,5078.5
1770172200,5078.2998046875,5080.39990234375,5069.10009765625,5069.60009765625
1770172320,5070.0,5077.7001953125,5067.10009765625,5068.7001953125
1770172440,5069.7998046875,5071.60009765625,5064.7001953125,5069.7001953125
1770172560,5069.60009765625,5070.60009765625,5064.10009765625,5064.60009765625
1770172680,5064.0,5065.7001953125,5059.5,5064.39990234375
1770172800,5063.2998046875,5071.2998046875,5062.89990234375,5069.5
1770172920,5068.0,5082.89990234375,5067.0,5081.7998046875
1770173040,5081.0,5081.89990234375,5078.0,5081.2001953125
1770173160,5081.2998046875,5081.2998046875,5071.7001953125,5074.60009765625
1770173280,5072.7001953125,5081.0,5070.2998046875,5080.39990234375
1770173400,5079.60009765625,5079.60009765625,5069.0,5069.7001953125
1770173520,5068.7001953125,5068.7001953125,5056.7001953125,5062.5
1770173640,5062.60009765625,5065.2001953125,5056.2998046875,5060.60009765625
1770173760,5061.10009765625,5065.10009765625,5055.10009765625,5061.7998046875
1770173880,5061.2998046875,5067.7998046875,5059.39990234375,5061.60009765625
1770174000,5060.89990234375,5064.10009765625,5056.2001953125,5061.5
1770174120,5061.39990234375,5067.10009765625,5059.60009765625,5065.89990234375
1770174240,5066.60009765625,5073.0,5065.2998046875,5070.0
1770174360,5069.2998046875,5071.7001953125,5062.0,5063.2998046875
1770174480,5063.0,5073.5,5063.0,5068.60009765625
1770174600,5068.39990234375,5077.10009765625,5067.2998046875,5076.10009765625
1770174720,5076.0,5076.5,5070.10009765625,5071.60009765625
1770174840,5070.7001953125,5073.2001953125,5068.2001953125,5071.39990234375
1770174960,5070.0,5071.7001953125,5063.39990234375,5063.7998046875
1770175080,5064.0,5067.10009765625,5059.39990234375,5066.2001953125
1770175200,5065.10009765625,5067.39990234375,5059.0,5061.89990234375
1770175320,5062.60009765625,5068.0,5062.10009765625,5065.0
1770175440,5065.0,5068.2001953125,5060.7001953125,5068.2001953125
1770175560,5067.7001953125,5075.0,5067.7001953125,5073.60009765625
1770175680,5073.2001953125,5074.10009765625,5071.0,5072.0
1770175800,5071.89990234375,5078.0,5071.89990234375,5076.89990234375
1770175920,5076.7998046875,5077.39990234375,5075.0,5076.10009765625
1770176040,5075.7998046875,5088.60009765625,5075.60009765625,5087.89990234375
1770176160,5087.89990234375,5089.0,5084.89990234375,5085.7998046875
1770176280,5086.2998046875,5091.7001953125,5085.7001953125,5090.5
1770176400,5091.2001953125,5093.0,5088.0,5091.7001953125
1770176520,5091.89990234375,5092.60009765625,5087.2001953125,5087.2001953125
1770176640,5087.2998046875,5087.2998046875,5082.10009765625,5084.39990234375
1770176760,5084.89990234375,5087.2001953125,5081.60009765625,5087.10009765625
1770176880,5087.0,5089.10009765625,5084.7001953125,5084.89990234375
1770177000,5085.10009765625,5091.0,5085.10009765625,5090.0
1770177120,5090.5,5094.0,5090.0,5093.5
1770177240,5093.0,5094.0,5089.39990234375,5090.89990234375
1770177360,5090.7998046875,5091.2998046875,5089.39990234375,5089.7001953125
1770177480,5089.60009765625,5091.39990234375,5087.10009765625,5090.2998046875
1770177600,5090.7001953125,5091.7998046875,5084.89990234375,5087.60009765625
1770177720,5087.60009765625,5087.89990234375,5086.0,5087.0
1770177840,5086.2998046875,5087.39990234375,5082.7001953125,5085.2001953125
1770177960,5086.0,5089.2001953125,5084.5,5087.7998046875
1770178080,5089.0,5090.60009765625,5084.5,5084.5
1770178200,5084.89990234375,5094.60009765625,5084.89990234375,5092.2001953125
1770178320,5092.7998046875,5094.0,5090.2001953125,5092.7001953125
1770178440,5092.7001953125,5094.0,5091.39990234375,5092.2998046875
1770178560,5092.60009765625,5092.60009765625,5086.7001953125,5087.5
1770178680,5086.7998046875,5088.0,5085.39990234375,5088.0
1770178800,5087.60009765625,5088.10009765625,5086.0,5087.5
1770178920,5087.2001953125,5087.2001953125,5084.60009765625,5084.60009765625
1770179040,5084.2998046875,5085.10009765625,5076.2998046875,5084.2998046875
1770179160,5083.89990234375,5085.5,5081.0,5081.39990234375
1770179280,5082.10009765625,5084.0,5081.2998046875,5082.2001953125
1770179400,5082.0,5086.39990234375,5080.5,5086.39990234375
1770179520,5086.10009765625,5088.2998046875,5085.5,5087.39990234375
1770179640,5087.10009765625,5090.0,5083.39990234375,5089.7998046875
1770179760,5089.89990234375,5090.39990234375,5086.2998046875,5088.39990234375
1770179880,5088.0,5093.39990234375,5087.5,5091.2001953125
1770180000,5091.2001953125,5093.10009765625,5091.10009765625,5092.0
1770180120,5092.39990234375,5092.7998046875,5088.7001953125,5090.10009765625
1770180240,5089.7001953125,5093.60009765625,5089.0,5093.39990234375
1770180360,5093.60009765625,5097.89990234375,5092.0,5095.39990234375
1770180480,5094.89990234375,5097.0,5093.5,5096.2001953125
1770180600,5097.10009765625,5100.0,5096.7998046875,5097.5
1770180720,5097.89990234375,5099.60009765625,5097.2001953125,5097.60009765625
1770180840,5098.5,5099.7998046875,5096.5,5097.39990234375
1770180960,5096.5,5101.0,5096.0,5100.10009765625
1770181080,5100.60009765625,5100.60009765625,5099.0,5100.2001953125
1770181200,5100.10009765625,5101.39990234375,5097.2001953125,5098.2998046875
1770181320,5097.7998046875,5098.7001953125,5096.39990234375,5098.5
1770181440,5098.2998046875,5102.7998046875,5097.60009765625,5100.0
1770181560,5100.10009765625,5101.39990234375,5098.7001953125,5098.7001953125
1770181680,5098.60009765625,5103.0,5096.7998046875,5102.7998046875
1770181800,5103.0,5103.5,5100.60009765625,5101.60009765625
1770181920,5102.2001953125,5102.89990234375,5100.7998046875,5102.7998046875
1770182040,5102.2998046875,5103.89990234375,5101.7998046875,5103.39990234375
1770182160,5102.7998046875,5104.2001953125,5101.7001953125,5103.7001953125
1770182280,5104.2001953125,5105.0,5099.7998046875,5100.89990234375
1770182400,5101.10009765625,5102.5,5099.2001953125,5099.2998046875
1770182520,5099.5,5101.89990234375,5099.2998046875,5100.39990234375
1770182640,5100.7001953125,5100.7001953125,5097.7998046875,5099.7001953125
1770182760,5099.7998046875,5101.0,5098.89990234375,5099.7001953125
1770182880,5099.2998046875,5101.0,5097.39990234375,5099.2001953125
1770183000,5099.2998046875,5104.0,5096.2998046875,5097.7998046875
1770183120,5098.60009765625,5098.7998046875,5093.10009765625,5096.2998046875
1770183240,5095.7998046875,5100.10009765625,5090.2998046875,5091.10009765625
1770183360,5092.0,5095.2001953125,5088.5,5091.7001953125
1770183480,5092.89990234375,5096.7001953125,5092.10009765625,5096.2001953125
1770183600,5096.60009765625,5105.39990234375,5096.10009765625,5105.0
1770183720,5104.5,5105.7998046875,5103.0,5103.7998046875
1770183840,5103.2001953125,5105.39990234375,5099.5,5105.39990234375
1770183960,5104.7998046875,5108.0,5104.2001953125,5107.7001953125
1770184080,5107.7001953125,5108.5,5106.2998046875,5107.7998046875
1770184200,5108.0,5109.2998046875,5106.5,5108.0
1770184320,5108.2001953125,5108.5,5103.89990234375,5104.39990234375
1770184440,5104.0,5106.10009765625,5100.0,5100.0
1770184560,5100.2998046875,5103.0,5097.5,5097.5
1770184680,5097.39990234375,5100.2998046875,5096.39990234375,5098.2998046875
1770184800,5099.39990234375,5102.5,5093.60009765625,5101.2998046875
1770184920,5101.7998046875,5101.89990234375,5094.60009765625,5096.5
1770185040,5097.0,5100.2001953125,5093.60009765625,5094.0
1770185160,5094.7001953125,5095.10009765625,5079.10009765625,5082.7001953125
1770185280,5082.89990234375,5085.2001953125,5075.0,5084.0
1770185400,5083.7001953125,5085.2001953125,5079.0,5079.5
1770185520,5079.0,5084.7998046875,5076.89990234375,5082.60009765625
1770185640,5082.2001953125,5083.39990234375,5071.0,5073.0
1770185760,5072.7998046875,5082.2001953125,5071.60009765625,5078.39990234375
1770185880,5078.89990234375,5088.0,5078.7998046875,5084.7001953125
1770186000,5084.89990234375,5086.2001953125,5079.7001953125,5080.89990234375
1770186120,5081.10009765625,5081.10009765625,5073.5,5078.10009765625
1770186240,5077.39990234375,5082.0,5075.7001953125,5077.39990234375
1770186360,5078.7001953125,5079.2001953125,5072.5,5077.5
1770186480,5077.60009765625,5079.39990234375,5074.5,5075.2998046875
1770186600,5075.5,5081.7001953125,5073.7001953125,5079.7998046875
1770186720,5079.7998046875,5084.2001953125,5078.7001953125,5081.10009765625
1770186840,5080.5,5084.7998046875,5080.2001953125,5083.0
1770186960,5083.89990234375,5086.7001953125,5082.10009765625,5086.7001953125
1770187080,5087.2001953125,5088.7998046875,5084.2001953125,5087.0
1770187200,5087.0,5088.0,5084.7998046875,5086.89990234375
1770187320,5086.7001953125,5089.89990234375,5084.2998046875,5085.7001953125
1770187440,5086.39990234375,5092.60009765625,5084.89990234375,5091.2001953125
1770187560,5091.0,5100.39990234375,5089.7001953125,5099.10009765625
1770187680,5099.10009765625,5100.2001953125,5096.2001953125,5097.2998046875
1770187800,5097.5,5100.10009765625,5096.39990234375,5096.89990234375
1770187920,5096.2001953125,5099.2001953125,5094.89990234375,5099.2001953125
1770188040,5099.10009765625,5100.2001953125,5093.10009765625,5097.89990234375
1770188160,5097.60009765625,5099.2001953125,5094.10009765625,5096.7998046875
1770188280,5096.60009765625,5098.60009765625,5095.7998046875,5096.60009765625
1770188400,5098.0,5103.7001953125,5090.60009765625,5091.0
1770188520,5090.7998046875,5093.60009765625,5088.0,5089.0
1770188640,5088.2001953125,5091.7001953125,5086.2998046875,5089.89990234375
1770188760,5089.89990234375,5090.0,5083.89990234375,5088.5
1770188880,5088.7001953125,5089.0,5084.7998046875,5085.60009765625
1770189000,5084.7998046875,5086.89990234375,5084.39990234375,5086.7998046875
1770189120,5086.7998046875,5088.5,5084.7001953125,5087.0
1770189240,5086.60009765625,5086.60009765625,5082.5,5086.5
1770189360,5086.10009765625,5089.0,5086.0,5086.2998046875
1770189480,5086.5,5088.5,5085.0,5088.5
1770189600,5089.0,5094.39990234375,5089.0,5094.39990234375
1770189720,5095.0,5097.7001953125,5095.0,5097.5
1770189840,5097.5,5103.89990234375,5097.2998046875,5102.89990234375
1770189960,5102.10009765625,5107.7001953125,5102.10009765625,5105.7001953125
1770190080,5105.7001953125,5110.0,5104.10009765625,5109.89990234375
1770190200,5110.0,5111.0,5106.7998046875,5110.39990234375
1770190320,5110.5,5110.7998046875,5102.7001953125,5102.89990234375
1770190440,5102.60009765625,5102.89990234375,5090.2998046875,5091.2998046875
1770190560,5091.2998046875,5095.0,5086.60009765625,5093.10009765625
1770190680,5093.5,5094.7001953125,5089.60009765625,5092.5
1770190800,5093.2001953125,5099.5,5093.2001953125,5098.0
1770190920,5098.0,5104.39990234375,5098.0,5101.0
1770191040,5101.0,5105.10009765625,5100.60009765625,5104.7998046875
1770191160,5105.0,5108.39990234375,5103.2998046875,5107.7001953125
1770191280,5108.2001953125,5108.2001953125,5104.39990234375,5104.39990234375
1770191400,5104.2001953125,5104.5,5101.7998046875,5104.39990234375
1770191520,5104.10009765625,5112.0,5104.10009765625,5111.7998046875
1770191640,5111.10009765625,5112.2998046875,5108.5,5111.5
1770191760,5112.10009765625,5113.5,5108.7998046875,5109.2998046875
1770191880,5109.2001953125,5111.5,5106.2998046875,5106.7998046875
1770192000,5106.2998046875,5113.89990234375,5105.5,5110.7001953125
1770192120,5110.39990234375,5110.39990234375,5102.0,5103.2998046875
1770192240,5102.89990234375,5103.0,5096.7001953125,5102.2998046875
1770192360,5102.39990234375,5103.7998046875,5099.2001953125,5103.7998046875
1770192480,5104.10009765625,5110.5,5104.10009765625,5108.2001953125
1770192600,5108.39990234375,5108.39990234375,5101.7001953125,5102.7998046875
1770192720,5102.7998046875,5106.5,5101.0,5101.5
1770192840,5101.2998046875,5104.39990234375,5098.0,5104.39990234375
1770192960,5104.0,5107.7001953125,5102.10009765625,5106.89990234375
1770193080,5107.2998046875,5109.0,5103.89990234375,5109.0
1770193200,5109.0,5109.5,5102.60009765625,5104.5
1770193320,5105.10009765625,5108.39990234375,5104.39990234375,5106.2998046875
1770193440,5106.39990234375,5108.10009765625,5104.89990234375,5105.39990234375
1770193560,5105.60009765625,5106.7001953125,5103.39990234375,5106.0
1770193680,5105.5,5108.0,5105.5,5106.5
1770193800,5106.60009765625,5107.2001953125,5096.10009765625,5099.39990234375
1770193920,5098.89990234375,5099.2001953125,5093.89990234375,5096.39990234375
1770194040,5096.7998046875,5097.0,5091.7001953125,5095.5
1770194160,5095.5,5097.0,5091.10009765625,5093.7998046875
1770194280,5094.10009765625,5101.2001953125,5094.10009765625,5100.89990234375
1770194400,5101.60009765625,5102.39990234375,5099.7998046875,5100.60009765625
1770194520,5101.0,5104.5,5100.89990234375,5102.2001953125
1770194640,5102.2001953125,5102.39990234375,5100.0,5100.2001953125
1770194760,5099.7998046875,5100.5,5096.7998046875,5097.2001953125
1770194880,5097.2998046875,5103.5,5095.7001953125,5103.0
1770195000,5104.0,5105.7998046875,5100.0,5100.2998046875
1770195120,5099.89990234375,5100.2998046875,5093.89990234375,5098.5
1770195240,5098.2998046875,5102.2998046875,5098.2998046875,5100.5
1770195360,5101.2001953125,5107.89990234375,5099.5,5107.89990234375
1770195480,5107.89990234375,5108.39990234375,5105.5,5106.5
1770195600,5105.89990234375,5109.7001953125,5097.89990234375,5105.10009765625
1770195720,5105.0,5106.2998046875,5103.2998046875,5105.0
1770195840,5105.7998046875,5107.0,5104.0,5104.0
1770195960,5104.2998046875,5105.39990234375,5100.7001953125,5101.2001953125
1770196080,5101.60009765625,5102.5,5097.2001953125,5098.60009765625
1770196200,5098.0,5098.60009765625,5096.10009765625,5096.2998046875
1770196320,5096.39990234375,5097.39990234375,5092.0,5094.5
1770196440,5093.89990234375,5094.5,5086.5,5086.7998046875
1770196560,5086.39990234375,5091.7001953125,5083.60009765625,5088.7001953125
1770196680,5088.7998046875,5091.7998046875,5082.89990234375,5086.39990234375
1770196800,5085.89990234375,5089.60009765625,5085.0,5086.60009765625
1770196920,5086.2001953125,5086.2001953125,5076.0,5082.60009765625
1770197040,5082.5,5088.7001953125,5082.39990234375,5088.39990234375
1770197160,5087.7998046875,5088.5,5082.10009765625,5082.2998046875
1770197280,5082.5,5083.7998046875,5078.39990234375,5080.0
1770197400,5079.5,5079.5,5075.5,5075.89990234375
1770197520,5076.5,5076.5,5065.0,5073.39990234375
1770197640,5073.2998046875,5079.89990234375,5072.10009765625,5077.39990234375
1770197760,5077.89990234375,5081.2998046875,5075.7001953125,5078.10009765625
1770197880,5077.7998046875,5082.7998046875,5077.60009765625,5081.5
1770198000,5080.2001953125,5085.10009765625,5080.2001953125,5084.5
1770198120,5084.60009765625,5089.89990234375,5083.2998046875,5086.5
1770198240,5087.7001953125,5087.7998046875,5079.7001953125,5080.89990234375
1770198360,5081.7998046875,5082.5,5074.0,5074.7001953125
1770198480,5074.2998046875,5078.39990234375,5070.10009765625,5078.2001953125
1770198600,5079.0,5087.2998046875,5079.0,5080.60009765625
1770198720,5082.0,5086.0,5079.60009765625,5083.39990234375
1770198840,5083.89990234375,5085.0,5082.7001953125,5084.0
1770198960,5082.89990234375,5084.10009765625,5080.5,5083.2001953125
1770199080,5082.7998046875,5083.5,5080.2998046875,5082.2998046875
1770199200,5083.10009765625,5086.89990234375,5082.7998046875,5083.60009765625
1770199320,5083.2001953125,5083.7001953125,5074.0,5075.2001953125
1770199440,5075.10009765625,5077.2998046875,5073.5,5075.0
1770199560,5075.5,5077.60009765625,5071.2998046875,5074.7998046875
1770199680,5074.0,5077.39990234375,5073.39990234375,5076.0
1770199800,5076.0,5080.39990234375,5075.2998046875,5078.2001953125
1770199920,5077.7998046875,5081.2998046875,5076.5,5077.2001953125
1770200040,5077.2998046875,5079.0,5074.0,5078.10009765625
1770200160,5079.2001953125,5079.89990234375,5071.5,5072.2001953125
1770200280,5072.2001953125,5076.7998046875,5070.0,5074.2001953125
1770200400,5074.2001953125,5078.2001953125,5071.7001953125,5077.0
1770200520,5077.39990234375,5078.7998046875,5071.2998046875,5071.2998046875
1770200640,5071.2998046875,5071.39990234375,5065.60009765625,5068.89990234375
1770200760,5069.60009765625,5071.2998046875,5067.2998046875,5068.2998046875
1770200880,5068.2998046875,5068.7998046875,5064.7001953125,5067.10009765625
1770201000,5066.7998046875,5077.2001953125,5066.7998046875,5076.39990234375
1770201120,5075.2998046875,5079.60009765625,5073.60009765625,5077.2001953125
1770201240,5077.7998046875,5080.7001953125,5072.60009765625,5074.2001953125
1770201360,5074.39990234375,5076.39990234375,5070.7998046875,5073.7001953125
1770201480,5075.0,5081.7998046875,5075.0,5078.5
1770201600,5078.89990234375,5079.5,5075.89990234375,5077.5
1770201720,5078.0,5084.60009765625,5078.0,5083.0
1770201840,5082.5,5083.2998046875,5078.60009765625,5080.7998046875
1770201960,5081.2001953125,5084.7998046875,5080.7998046875,5081.39990234375
1770202080,5081.7001953125,5081.7998046875,5076.2001953125,5076.7001953125
1770202200,5077.2998046875,5077.7001953125,5074.39990234375,5077.2001953125
1770202320,5076.7998046875,5077.2998046875,5072.2001953125,5072.2001953125
1770202440,5073.2001953125,5078.0,5072.60009765625,5075.7001953125
1770202560,5075.2998046875,5075.2998046875,5068.2998046875,5070.7001953125
1770202680,5070.60009765625,5076.0,5069.89990234375,5072.2001953125
1770202800,5070.7001953125,5076.89990234375,5070.2998046875,5074.39990234375
1770202920,5074.5,5075.89990234375,5073.2001953125,5075.10009765625
1770203040,5074.10009765625,5074.10009765625,5069.0,5071.2001953125
1770203160,5070.89990234375,5071.89990234375,5069.2998046875,5070.2001953125
1770203280,5070.10009765625,5071.7001953125,5069.7998046875,5071.0
1770203400,5070.10009765625,5070.60009765625,5066.39990234375,5067.60009765625
1770203520,5067.89990234375,5070.7998046875,5067.0,5070.60009765625
1770203640,5070.2998046875,5070.2998046875,5060.60009765625,5061.2998046875
1770203760,5060.39990234375,5060.39990234375,5036.89990234375,5037.89990234375
1770203880,5037.89990234375,5053.7998046875,5036.0,5052.5
1770204000,5053.2001953125,5055.2998046875,5048.89990234375,5049.2001953125
1770204120,5048.7998046875,5054.5,5047.0,5054.5
1770204240,5054.2001953125,5055.60009765625,5046.60009765625,5047.10009765625
1770204360,5046.7001953125,5049.39990234375,5043.2001953125,5049.2001953125
1770204480,5049.2998046875,5050.60009765625,5044.7001953125,5047.60009765625
1770204600,5047.89990234375,5051.7001953125,5045.2001953125,5050.7001953125
1770204720,5049.7001953125,5059.0,5048.7998046875,5056.7001953125
1770204840,5057.39990234375,5059.7998046875,5055.2998046875,5057.2998046875
1770204960,5057.89990234375,5063.39990234375,5057.89990234375,5062.89990234375
1770205080,5062.5,5063.7998046875,5060.0,5062.0
1770205200,5061.39990234375,5062.7001953125,5060.10009765625,5060.39990234375
1770205320,5059.89990234375,5061.0,5055.39990234375,5057.2998046875
1770205440,5056.5,5057.10009765625,5053.10009765625,5055.7998046875
1770205560,5055.2998046875,5056.39990234375,5053.7001953125,5054.7001953125
1770205680,5054.60009765625,5062.39990234375,5054.2998046875,5061.89990234375
1770205800,5062.60009765625,5064.5,5060.7998046875,5064.10009765625
1770205920,5064.10009765625,5069.5,5063.60009765625,5069.0
1770206040,5069.0,5069.7001953125,5068.10009765625,5069.7001953125
1770206160,5069.0,5074.2998046875,5069.0,5071.89990234375
1770206280,5071.89990234375,5073.39990234375,5070.2001953125,5071.2998046875
1770206400,5070.60009765625,5078.7998046875,5070.39990234375,5076.39990234375
1770206520,5075.7001953125,5076.2998046875,5072.89990234375,5074.5
1770206640,5074.0,5074.0,5070.2001953125,5073.60009765625
1770206760,5073.7001953125,5075.39990234375,5070.60009765625,5071.0
1770206880,5071.2001953125,5072.39990234375,5063.7998046875,5064.2001953125
1770207000,5064.60009765625,5069.0,5060.60009765625,5068.7001953125
1770207120,5068.60009765625,5069.2001953125,5066.60009765625,5067.60009765625
1770207240,5067.89990234375,5073.60009765625,5067.0,5071.7001953125
1770207360,5071.2001953125,5073.0,5069.60009765625,5070.0
1770207480,5069.7998046875,5070.10009765625,5064.2001953125,5066.7001953125
1770207600,5066.60009765625,5070.0,5062.7998046875,5070.0
1770207720,5070.2001953125,5071.39990234375,5068.39990234375,5070.39990234375
1770207840,5071.0,5072.0,5070.2001953125,5070.7001953125
1770207960,5070.39990234375,5073.2001953125,5069.7001953125,5072.39990234375
1770208080,5072.89990234375,5073.2998046875,5069.7001953125,5070.7001953125
1770208200,5070.7998046875,5076.5,5070.7998046875,5076.2001953125
1770208320,5075.7998046875,5088.10009765625,5075.39990234375,5084.5
1770208440,5084.5,5086.39990234375,5081.5,5083.7001953125
1770208560,5083.0,5084.10009765625,5080.5,5081.39990234375
1770208680,5081.0,5081.2001953125,5073.39990234375,5073.39990234375
1770208800,5073.89990234375,5075.89990234375,5073.2998046875,5075.10009765625
1770208920,5075.0,5078.7001953125,5074.60009765625,5078.39990234375
1770209040,5079.2001953125,5080.0,5077.5,5079.7001953125
1770209160,5080.0,5080.7998046875,5071.89990234375,5074.5
1770209280,5074.89990234375,5077.7998046875,5074.5,5076.2001953125
1770209400,5075.60009765625,5076.7998046875,5074.2998046875,5075.10009765625
1770209520,5075.7001953125,5076.7998046875,5067.7998046875,5067.89990234375
1770209640,5067.5,5070.7998046875,5066.5,5068.2998046875
1770209760,5068.2001953125,5069.60009765625,5065.2998046875,5068.39990234375
1770209880,5068.7998046875,5069.39990234375,5058.60009765625,5064.60009765625
1770210000,5064.2998046875,5067.89990234375,5054.2001953125,5061.2001953125
1770210120,5060.5,5069.5,5057.89990234375,5065.39990234375
1770210240,5066.39990234375,5067.60009765625,5057.2001953125,5058.7001953125
1770210360,5058.89990234375,5063.2001953125,5056.39990234375,5062.0
1770210480,5062.89990234375,5063.10009765625,5052.2998046875,5052.7001953125
1770210600,5051.89990234375,5055.7001953125,5045.0,5052.2001953125
1770210720,5052.2998046875,5057.2998046875,5052.2998046875,5053.2998046875
1770210840,5053.10009765625,5065.5,5050.5,5064.0
1770210960,5064.7998046875,5064.7998046875,5055.39990234375,5059.7998046875
1770211080,5059.7998046875,5062.0,5055.2998046875,5061.39990234375
1770211200,5061.2001953125,5068.10009765625,5059.2001953125,5067.10009765625
1770211320,5066.7998046875,5071.0,5063.5,5068.7998046875
1770211440,5068.2998046875,5073.0,5063.39990234375,5073.0
1770211560,5073.0,5076.89990234375,5072.7001953125,5074.39990234375
1770211680,5073.5,5074.7001953125,5069.0,5072.0
1770211800,5072.5,5079.89990234375,5070.2001953125,5078.2001953125
1770211920,5078.0,5080.10009765625,5073.39990234375,5075.0
1770212040,5075.2001953125,5082.0,5074.7998046875,5079.60009765625
1770212160,5080.2001953125,5081.60009765625,5070.89990234375,5076.0
1770212280,5076.2001953125,5079.60009765625,5069.60009765625,5069.7998046875
1770212400,5070.60009765625,5074.2001953125,5062.60009765625,5062.89990234375
1770212520,5063.2998046875,5065.60009765625,5058.0,5058.0
1770212640,5058.39990234375,5062.5,5056.0,5058.7001953125
1770212760,5058.89990234375,5066.60009765625,5058.0,5064.60009765625
1770212880,5064.10009765625,5073.60009765625,5062.10009765625,5073.2001953125
1770213000,5073.7001953125,5077.0,5073.39990234375,5076.60009765625
1770213120,5075.39990234375,5078.60009765625,5073.89990234375,5078.60009765625
1770213240,5079.0,5086.5,5078.39990234375,5085.2998046875
1770213360,5085.2001953125,5086.60009765625,5081.7998046875,5084.89990234375
1770213480,5084.5,5087.0,5075.7998046875,5077.0
1770213600,5077.7998046875,5082.5,5073.39990234375,5075.39990234375
1770213720,5075.7998046875,5079.10009765625,5072.0,5074.2998046875
1770213840,5073.89990234375,5078.39990234375,5070.0,5077.0
1770213960,5076.7998046875,5076.7998046875,5070.2998046875,5071.2998046875
1770214080,5071.2998046875,5072.39990234375,5057.5,5060.60009765625
1770214200,5060.0,5068.10009765625,5059.7998046875,5064.39990234375
1770214320,5064.2998046875,5071.60009765625,5062.5,5070.10009765625
1770214440,5070.2001953125,5072.2998046875,5066.89990234375,5070.0
1770214560,5069.39990234375,5074.7998046875,5061.2001953125,5063.10009765625
1770214680,5062.5,5068.2001953125,5058.10009765625,5067.10009765625
1770214800,5066.7001953125,5069.60009765625,5063.0,5064.7998046875
1770214920,5065.7001953125,5066.60009765625,5061.0,5061.7001953125
1770215040,5061.60009765625,5063.5,5054.2001953125,5062.39990234375
1770215160,5061.5,5062.2001953125,5051.2001953125,5058.2001953125
1770215280,5058.7001953125,5061.0,5053.5,5054.2001953125
1770215400,5054.2998046875,5061.10009765625,5043.7001953125,5052.89990234375
1770215520,5053.39990234375,5053.39990234375,5026.2998046875,5037.2001953125
1770215640,5037.60009765625,5045.0,5030.2998046875,5044.2998046875
1770215760,5044.5,5045.60009765625,5013.7001953125,5020.89990234375
1770215880,5020.39990234375,5020.60009765625,4988.39990234375,5005.10009765625
1770216000,5003.7998046875,5007.5,4988.7001953125,4995.0
1770216120,4995.89990234375,5019.2001953125,4991.2998046875,5010.7001953125
1770216240,5009.39990234375,5021.2001953125,4993.0,4995.7998046875
1770216360,4995.7001953125,5015.7998046875,4993.2998046875,5008.60009765625
1770216480,5009.60009765625,5024.0,5006.2001953125,5023.10009765625
1770216600,5022.5,5033.7998046875,5015.0,5033.7998046875
1770216720,5033.60009765625,5034.2998046875,5020.89990234375,5025.5
1770216840,5025.7998046875,5041.7001953125,5025.7998046875,5028.7001953125
1770216960,5029.39990234375,5029.7001953125,5012.10009765625,5016.89990234375
1770217080,5017.7001953125,5018.39990234375,4998.2998046875,5008.39990234375
1770217200,5007.2998046875,5015.0,4996.2998046875,4998.2001953125
1770217320,4997.60009765625,5022.0,4994.5,5021.60009765625
1770217440,5020.60009765625,5023.39990234375,5011.2998046875,5019.0
1770217560,5019.10009765625,5030.7001953125,5015.7998046875,5025.7001953125
1770217680,5026.5,5029.2001953125,5018.0,5018.2998046875
1770217800,5020.2001953125,5023.5,5009.2001953125,5013.5
1770217920,5013.10009765625,5019.10009765625,5004.7998046875,5011.89990234375
1770218040,5010.7998046875,5016.7998046875,4995.2998046875,4997.2998046875
1770218160,4998.10009765625,5006.7998046875,4990.7998046875,5000.2001953125
1770218280,5000.2998046875,5011.39990234375,4994.10009765625,5001.7001953125
1770218400,5000.0,5009.0,4998.39990234375,5002.10009765625
1770218520,5003.10009765625,5004.2001953125,4970.2001953125,4978.89990234375
1770218640,4978.7001953125,4999.0,4977.2998046875,4993.2001953125
1770218760,4994.10009765625,4997.10009765625,4981.60009765625,4983.0
1770218880,4982.7998046875,4989.5,4973.2998046875,4981.39990234375
1770219000,4981.7998046875,4985.89990234375,4951.7998046875,4963.60009765625
1770219120,4963.10009765625,4963.10009765625,4942.2998046875,4947.5
1770219240,4947.60009765625,4950.7001953125,4933.0,4934.2998046875
1770219360,4933.7998046875,4938.2001953125,4909.0,4936.10009765625
1770219480,4937.0,4942.7001953125,4926.0,4936.89990234375
1770219600,4937.7001953125,4955.0,4929.7001953125,4953.5
1770219720,4953.0,4963.0,4949.89990234375,4961.39990234375
1770219840,4961.0,4971.5,4958.10009765625,4958.39990234375
1770219960,4958.89990234375,4965.0,4954.89990234375,4959.89990234375
1770220080,4960.2001953125,4974.2001953125,4957.7998046875,4961.39990234375
1770220200,4961.10009765625,4965.7998046875,4953.60009765625,4961.10009765625
1770220320,4962.2998046875,4969.0,4955.0,4956.5
1770220440,4956.10009765625,4973.60009765625,4953.0,4967.2001953125
1770220560,4967.39990234375,4968.10009765625,4940.89990234375,4942.10009765625
1770220680,4942.0,4951.2001953125,4933.0,4943.10009765625
1770220800,4943.10009765625,4946.0,4931.0,4940.2001953125
1770220920,4939.60009765625,4939.60009765625,4917.5,4925.7998046875
1770221040,4925.7001953125,4945.5,4921.7998046875,4942.5
1770221160,4943.2001953125,4948.7998046875,4938.39990234375,4938.39990234375
1770221280,4938.0,4948.0,4938.0,4945.7998046875
1770221400,4946.2998046875,4955.2001953125,4939.0,4952.2998046875
1770221520,4952.0,4964.10009765625,4947.7998046875,4954.5
1770221640,4955.39990234375,4960.7998046875,4950.0,4954.39990234375
1770221760,4954.10009765625,4954.2001953125,4942.2998046875,4944.2998046875
1770221880,4944.7998046875,4949.89990234375,4935.7998046875,4937.2998046875
1770222000,4937.7001953125,4938.39990234375,4913.89990234375,4915.2998046875
1770222120,4915.10009765625,4926.10009765625,4913.0,4916.7001953125
1770222240,4917.0,4925.2998046875,4915.39990234375,4921.7001953125
1770222360,4920.10009765625,4945.0,4919.89990234375,4944.60009765625
1770222480,4944.2998046875,4950.0,4942.39990234375,4947.2998046875
1770222600,4948.0,4949.7001953125,4937.60009765625,4940.60009765625
1770222720,4941.0,4954.2998046875,4941.0,4950.60009765625
1770222840,4950.39990234375,4958.0,4942.60009765625,4946.2998046875
1770222960,4945.7001953125,4951.7998046875,4939.60009765625,4944.0
1770223080,4943.2001953125,4947.0,4931.2998046875,4933.0
1770223200,4932.2001953125,4932.89990234375,4921.89990234375,4924.89990234375
1770223320,4926.0,4927.7001953125,4917.2001953125,4923.2001953125
1770223440,4924.10009765625,4925.0,4913.60009765625,4921.39990234375
1770223560,4920.7998046875,4924.39990234375,4891.39990234375,4907.2001953125
1770223680,4905.2001953125,4906.5,4867.7001953125,4893.2001953125
1770223800,4891.89990234375,4916.5,4891.89990234375,4908.0
1770223920,4907.10009765625,4923.7001953125,4904.39990234375,4922.39990234375
1770224040,4921.5,4928.2001953125,4918.60009765625,4926.7998046875
1770224160,4926.7998046875,4930.0,4918.7998046875,4925.0
1770224280,4924.89990234375,4933.5,4920.60009765625,4926.89990234375
1770224400,4926.5,4927.0,4915.0,4923.7001953125
1770224520,4922.60009765625,4927.7998046875,4914.0,4919.2001953125
1770224640,4919.89990234375,4938.5,4917.10009765625,4934.7998046875
1770224760,4932.89990234375,4933.2998046875,4917.2001953125,4923.5
1770224880,4923.89990234375,4929.0,4917.60009765625,4926.2998046875
1770225000,4925.89990234375,4937.7001953125,4920.0,4936.7998046875
1770225120,4937.0,4945.60009765625,4937.0,4944.2998046875
1770225240,4943.5,4946.2001953125,4939.10009765625,4943.60009765625
1770225360,4942.7001953125,4948.0,4936.0,4937.89990234375
1770225480,4936.10009765625,4936.2998046875,4929.2001953125,4929.2001953125
1770225600,4930.10009765625,4939.2001953125,4925.39990234375,4934.5
1770225720,4934.7001953125,4935.7998046875,4920.0,4927.7001953125
1770225840,4928.2001953125,4931.89990234375,4916.0,4916.0
1770225960,4916.39990234375,4926.5,4909.60009765625,4924.0
1770226080,4923.0,4944.39990234375,4921.7001953125,4939.5
1770226200,4938.60009765625,4953.0,4937.5,4941.0
1770226320,4942.2001953125,4949.7001953125,4936.2001953125,4944.0
1770226440,4944.39990234375,4945.2998046875,4936.7001953125,4941.0
1770226560,4942.2001953125,4944.0,4927.10009765625,4928.7001953125
1770226680,4927.7001953125,4937.2001953125,4926.0,4933.0
1770226800,4933.2998046875,4943.60009765625,4926.39990234375,4936.89990234375
1770226920,4936.89990234375,4940.89990234375,4928.0,4928.2998046875
1770227040,4928.60009765625,4932.0,4920.60009765625,4920.60009765625
1770227160,4921.39990234375,4924.0,4918.0,4923.10009765625
1770227280,4923.39990234375,4925.60009765625,4918.60009765625,4921.2998046875
1770227400,4920.89990234375,4928.10009765625,4916.7001953125,4925.7998046875
1770227520,4925.89990234375,4929.2998046875,4920.60009765625,4925.0
1770227640,4925.0,4929.5,4917.0,4920.2001953125
1770227760,4922.0,4931.10009765625,4922.0,4926.0
1770227880,4926.60009765625,4927.60009765625,4917.7001953125,4921.2998046875
1770228000,4919.60009765625,4920.39990234375,4893.89990234375,4894.2998046875
1770228120,4894.7001953125,4910.7998046875,4894.60009765625,4910.39990234375
1770228240,4910.5,4924.10009765625,4908.7998046875,4922.60009765625
1770228360,4923.10009765625,4939.2998046875,4921.39990234375,4938.7001953125
1770228480,4939.39990234375,4944.0,4929.89990234375,4932.10009765625
1770228600,4931.5,4934.0,4930.2998046875,4931.2998046875
1770228720,4930.7001953125,4935.0,4927.89990234375,4930.0
1770228840,4929.39990234375,4940.89990234375,4928.2001953125,4938.60009765625
1770228960,4938.2998046875,4941.2001953125,4931.7001953125,4936.0
1770229080,4935.2998046875,4935.5,4922.89990234375,4922.89990234375
1770229200,4923.7998046875,4933.7001953125,4916.89990234375,4928.10009765625
1770229320,4928.89990234375,4932.89990234375,4926.0,4928.2998046875
1770229440,4927.7998046875,4949.60009765625,4922.60009765625,4944.7001953125
1770229560,4944.7001953125,4951.7998046875,4939.7001953125,4949.7998046875
1770229680,4949.7001953125,4956.89990234375,4946.2001953125,4948.2001953125
1770229800,4948.2001953125,4950.5,4941.5,4947.7001953125
1770229920,4948.60009765625,4951.0,4943.39990234375,4943.89990234375
1770230040,4944.7001953125,4949.39990234375,4944.7001953125,4945.60009765625
1770230160,4945.39990234375,4945.39990234375,4938.60009765625,4943.5
1770230280,4942.39990234375,4942.39990234375,4926.0,4926.10009765625
1770230400,4926.10009765625,4937.7998046875,4926.10009765625,4934.7998046875
1770230520,4935.7998046875,4946.39990234375,4934.0,4944.5
1770230640,4944.2998046875,4944.39990234375,4938.0,4939.7001953125
1770230760,4939.0,4943.60009765625,4932.39990234375,4939.10009765625
1770230880,4938.7001953125,4943.60009765625,4935.2001953125,4940.2998046875
1770231000,4939.2001953125,4942.60009765625,4933.2998046875,4935.2001953125
1770231120,4934.7001953125,4936.89990234375,4934.5,4935.89990234375
1770231240,4935.10009765625,4947.89990234375,4935.10009765625,4947.5
1770231360,4948.2001953125,4953.2998046875,4948.2001953125,4952.2998046875
1770231480,4952.5,4954.0,4947.60009765625,4949.7001953125
1770231600,4949.7998046875,4953.2001953125,4947.60009765625,4952.10009765625
1770231720,4952.2998046875,4956.0,4948.39990234375,4951.60009765625
1770231840,4951.0,4953.39990234375,4936.7001953125,4945.7998046875
1770231960,4946.2001953125,4956.0,4945.10009765625,4951.5
1770232080,4951.39990234375,4963.5,4950.89990234375,4960.2998046875
1770232200,4960.39990234375,4963.89990234375,4959.0,4960.39990234375
1770232320,4961.7001953125,4967.7001953125,4961.7001953125,4965.89990234375
1770232440,4966.0,4972.2998046875,4965.2001953125,4967.39990234375
1770232560,4966.7998046875,4966.7998046875,4961.7998046875,4962.5
1770232680,4962.2998046875,4964.5,4958.2998046875,4960.10009765625
1770232800,4959.7001953125,4961.2001953125,4949.60009765625,4950.2998046875
1770232920,4950.5,4954.5,4941.0,4952.89990234375
1770233040,4952.7001953125,4957.2001953125,4950.7998046875,4955.5
1770233160,4955.2998046875,4960.39990234375,4953.2001953125,4960.39990234375
1770233280,4960.39990234375,4961.5,4954.89990234375,4955.0
1770233400,4955.0,4959.7998046875,4950.0,4951.10009765625
1770233520,4951.5,4954.0,4950.5,4952.7998046875
1770233640,4953.7998046875,4956.89990234375,4950.0,4956.5
1770233760,4956.2998046875,4960.2001953125,4956.10009765625,4957.7001953125
1770233880,4958.5,4964.2001953125,4958.2998046875,4960.89990234375
1770234000,4958.2001953125,4965.5,4958.2001953125,4963.60009765625
1770234120,4963.39990234375,4966.5,4960.7001953125,4962.89990234375
1770234240,4963.10009765625,4966.2001953125,4962.39990234375,4966.0
1770234360,4966.7001953125,4972.2998046875,4966.7001953125,4971.7001953125
1770234480,4971.2998046875,4971.7998046875,4952.7001953125,4960.39990234375
1770234600,4960.0,4967.89990234375,4960.0,4967.2001953125
1770234720,4967.10009765625,4979.39990234375,4966.89990234375,4971.0
1770234840,4971.0,4972.10009765625,4953.7998046875,4960.60009765625
1770234960,4960.7998046875,4963.7998046875,4957.89990234375,4962.60009765625
1770235080,4962.7998046875,4965.7998046875,4962.10009765625,4963.5
1770235200,4963.60009765625,4966.0,4958.60009765625,4961.5
1770235320,4962.7001953125,4968.5,4961.2998046875,4967.2001953125
1770235440,4966.0,4967.5,4962.0,4962.0
1770235560,4960.2001953125,4962.7998046875,4955.7001953125,4960.0
1770235680,4960.0,4962.2998046875,4959.0,4962.0
1770235800,4962.7001953125,4963.5,4943.0,4946.7998046875
1770235920,4945.7998046875,4954.39990234375,4945.2001953125,4952.7001953125
1770236040,4953.7001953125,4958.5,4953.0,4957.5
1770236160,4956.10009765625,4956.2001953125,4946.5,4950.39990234375
1770236280,4951.39990234375,4951.89990234375,4946.10009765625,4948.0
1770236400,4947.89990234375,4949.2001953125,4941.10009765625,4946.5
1770236520,4946.60009765625,4955.0,4945.60009765625,4953.10009765625
1770236640,4952.2001953125,4953.39990234375,4946.7998046875,4949.7998046875
1770236760,4949.7998046875,4951.89990234375,4948.0,4949.7001953125
1770236880,4949.2001953125,4950.39990234375,4942.5,4944.39990234375
1770237000,4945.10009765625,4946.2998046875,4936.0,4940.5
1770237120,4940.5,4944.5,4938.39990234375,4943.60009765625
1770237240,4943.60009765625,4953.10009765625,4942.7001953125,4952.5
1770237360,4951.5,4961.5,4951.2001953125,4961.5
1770237480,4961.2998046875,4970.2998046875,4957.0,4970.0
1770237600,4970.7001953125,4973.39990234375,4967.2998046875,4970.89990234375
1770237720,4971.0,4972.0,4967.2001953125,4970.60009765625
1770237840,4969.0,4969.0,4962.39990234375,4962.60009765625
1770237960,4963.2998046875,4969.89990234375,4960.60009765625,4968.39990234375
1770238080,4967.7998046875,4967.7998046875,4959.2998046875,4962.2998046875
1770238200,4963.0,4969.5,4961.89990234375,4968.0
1770238320,4968.2998046875,4972.7001953125,4967.89990234375,4969.2998046875
1770238440,4969.0,4975.60009765625,4965.0,4968.5
1770238560,4967.60009765625,4969.2001953125,4966.0,4966.0
1770238680,4966.39990234375,4968.39990234375,4957.0,4961.60009765625
1770238800,4960.89990234375,4967.5,4960.0,4967.5
1770238920,4968.7001953125,4969.7001953125,4962.60009765625,4964.0
1770239040,4964.0,4969.89990234375,4963.5,4969.89990234375
1770239160,4969.2001953125,4973.89990234375,4969.0,4970.39990234375
1770239280,4972.0,4972.0,4966.60009765625,4969.2998046875
1770239400,4968.89990234375,4969.60009765625,4966.0,4969.0
1770239520,4968.5,4972.5,4968.5,4971.2998046875
1770239640,4971.10009765625,4981.7998046875,4971.10009765625,4974.7001953125
1770239760,4975.7001953125,4981.89990234375,4975.7001953125,4977.10009765625
1770239880,4976.7001953125,4977.2998046875,4976.2001953125,4977.2001953125
1770240000,4978.10009765625,4978.10009765625,4972.0,4972.0
1770240120,4973.7001953125,4975.7001953125,4973.2001953125,4975.2998046875
1770240240,4974.7998046875,4978.0,4974.7998046875,4977.7998046875
1770240360,4978.7998046875,4980.0,4978.39990234375,4978.7001953125
1770240480,4979.7001953125,4982.7001953125,4978.7001953125,4981.7001953125
1770240600,4981.60009765625,4982.10009765625,4976.10009765625,4976.10009765625
1770240720,4975.89990234375,4979.5,4975.89990234375,4977.0
1770240840,4977.0,4986.7998046875,4977.0,4983.7998046875
1770240960,4984.39990234375,4992.5,4984.39990234375,4990.60009765625
1770241080,4990.10009765625,4994.0,4989.7001953125,4990.10009765625
1770241200,4992.0,4992.0,4988.2998046875,4989.5
1770241320,4988.10009765625,4989.39990234375,4982.7998046875,4985.0
1770241440,4985.39990234375,4987.2998046875,4983.0,4983.0
1770241560,4982.7998046875,4986.39990234375,4982.39990234375,4986.0
1770241680,4985.10009765625,4986.89990234375,4984.89990234375,4986.89990234375
1770241800,4986.2998046875,4991.0,4986.2001953125,4990.0
1770241920,4989.2001953125,4994.10009765625,4989.10009765625,4993.2001953125
1770242040,4992.7998046875,4992.7998046875,4984.5,4985.5
1770242160,4986.10009765625,4989.10009765625,4986.10009765625,4988.7998046875
1770242280,4988.2998046875,4989.7001953125,4986.0,4986.39990234375
1770246000,4986.60009765625,5013.39990234375,4986.60009765625,5011.0
1770246120,5011.0,5019.89990234375,5006.39990234375,5013.0
1770246240,5012.2001953125,5021.60009765625,5009.60009765625,5013.7998046875
1770246360,5013.89990234375,5019.7998046875,5008.2001953125,5016.7001953125
1770246480,5017.2001953125,5019.10009765625,5012.7998046875,5018.39990234375
1770246600,5016.60009765625,5018.10009765625,5013.7001953125,5018.10009765625
1770246720,5016.7001953125,5025.0,5015.10009765625,5022.2998046875
1770246840,5023.0,5032.60009765625,5022.2998046875,5031.7001953125
1770246960,5031.7001953125,5037.7001953125,5029.2998046875,5037.0
1770247080,5037.10009765625,5037.2998046875,5028.39990234375,5030.0
1770247200,5030.60009765625,5030.60009765625,5021.0,5027.7998046875
1770247320,5027.39990234375,5039.2001953125,5027.39990234375,5037.7998046875
1770247440,5037.0,5040.0,5033.7998046875,5035.0
1770247560,5035.89990234375,5038.89990234375,5030.0,5034.2998046875
1770247680,5034.7998046875,5043.2001953125,5034.7998046875,5040.89990234375
1770247800,5039.7001953125,5040.60009765625,5030.7998046875,5036.0
1770247920,5035.5,5041.0,5034.7998046875,5039.39990234375
1770248040,5039.10009765625,5044.39990234375,5037.89990234375,5042.10009765625
1770248160,5042.10009765625,5043.60009765625,5039.0,5040.5
1770248280,5039.2001953125,5041.5,5034.7998046875,5040.5
1770248400,5039.0,5044.10009765625,5037.5,5042.39990234375
1770248520,5042.89990234375,5044.2998046875,5042.10009765625,5043.60009765625
1770248640,5044.2001953125,5045.0,5042.39990234375,5044.2998046875
1770248760,5044.7998046875,5044.7998046875,5041.2001953125,5043.7998046875
1770248880,5044.39990234375,5044.7001953125,5035.7998046875,5043.7001953125
1770249000,5043.7001953125,5044.39990234375,5040.10009765625,5042.2998046875
1770249120,5041.5,5042.2998046875,5038.10009765625,5041.2001953125
1770249240,5040.89990234375,5042.5,5035.7001953125,5036.60009765625
1770249360,5036.5,5037.7998046875,5032.39990234375,5036.7001953125
1770249480,5035.0,5035.0,5028.60009765625,5033.39990234375
1770249600,5033.2001953125,5035.7998046875,5030.7001953125,5031.7001953125
1770249720,5030.5,5031.5,5025.2001953125,5030.39990234375
1770249840,5031.39990234375,5038.2001953125,5031.39990234375,5037.2001953125
1770249960,5038.0,5039.10009765625,5032.2001953125,5033.2001953125
1770250080,5032.89990234375,5032.89990234375,5022.39990234375,5025.60009765625
1770250200,5026.10009765625,5026.7998046875,5024.10009765625,5025.7998046875
1770250320,5027.2998046875,5035.2998046875,5025.10009765625,5026.60009765625
1770250440,5025.89990234375,5031.10009765625,5017.60009765625,5025.2998046875
1770250560,5026.2001953125,5037.7001953125,5025.89990234375,5036.2998046875
1770250680,5035.89990234375,5039.10009765625,5035.5,5038.2998046875
1770250800,5037.5,5039.7998046875,5035.10009765625,5038.39990234375
1770250920,5038.7001953125,5039.0,5027.39990234375,5031.5
1770251040,5030.7998046875,5037.7001953125,5027.2001953125,5036.39990234375
1770251160,5037.0,5040.7001953125,5034.2001953125,5039.60009765625
1770251280,5038.89990234375,5039.2998046875,5036.7001953125,5037.39990234375
1770251400,5037.5,5038.60009765625,5035.5,5036.2001953125
1770251520,5036.89990234375,5038.10009765625,5035.7001953125,5036.5
1770251640,5036.7001953125,5037.2998046875,5030.7998046875,5032.89990234375
1770251760,5033.2998046875,5038.7001953125,5031.7998046875,5038.5
1770251880,5038.7001953125,5039.2998046875,5037.10009765625,5037.5
1770252000,5037.7001953125,5037.7001953125,5035.89990234375,5035.89990234375
1770252120,5036.2998046875,5039.2998046875,5035.2001953125,5038.2998046875
1770252240,5039.10009765625,5041.60009765625,5038.39990234375,5041.60009765625
1770252360,5041.60009765625,5041.89990234375,5040.0,5041.60009765625
1770252480,5041.7001953125,5041.7001953125,5037.60009765625,5038.2998046875
1770252600,5038.0,5038.2998046875,5036.5,5037.2998046875
1770252720,5036.89990234375,5037.7998046875,5032.89990234375,5033.5
1770252840,5033.2998046875,5038.7998046875,5028.7001953125,5031.39990234375
1770252960,5031.39990234375,5033.2998046875,5030.7001953125,5031.2998046875
1770253080,5031.2998046875,5033.0,5025.10009765625,5028.10009765625
1770253200,5028.7001953125,5033.7001953125,5010.0,5022.10009765625
1770253320,5021.5,5022.0,5011.60009765625,5015.2998046875
1770253440,5015.39990234375,5024.89990234375,5015.39990234375,5022.7001953125
1770253560,5023.89990234375,5028.0,5012.0,5026.60009765625
1770253680,5026.2998046875,5026.2998046875,5020.0,5020.0
1770253800,5021.10009765625,5021.7001953125,5009.39990234375,5010.7001953125
1770253920,5010.7998046875,5010.7998046875,4993.10009765625,4996.7998046875
1770254040,4998.39990234375,5001.2001953125,4972.10009765625,4976.0
1770254160,4975.2998046875,4983.7998046875,4966.60009765625,4980.89990234375
1770254280,4979.7998046875,4983.7998046875,4965.0,4966.2001953125
1770254400,4965.10009765625,4975.10009765625,4961.10009765625,4970.7001953125
1770254520,4968.5,4982.7998046875,4963.39990234375,4972.2001953125
1770254640,4972.7998046875,4977.7998046875,4959.2001953125,4965.2001953125
1770254760,4965.2001953125,4979.39990234375,4957.0,4969.39990234375
1770254880,4969.89990234375,4979.10009765625,4969.89990234375,4973.2001953125
1770255000,4974.2001953125,4990.0,4974.2001953125,4988.7998046875
1770255120,4988.39990234375,4992.7998046875,4987.2001953125,4991.0
1770255240,4989.39990234375,4998.60009765625,4986.0,4998.60009765625
1770255360,4998.60009765625,5003.2998046875,4997.7998046875,4998.0
1770255480,5000.2001953125,5006.0,4996.2001953125,4999.7998046875
1770255600,5000.10009765625,5000.10009765625,4985.7998046875,4991.7001953125
1770255720,4991.89990234375,5005.0,4991.7001953125,4998.5
1770255840,4998.5,5002.5,4996.2998046875,4997.10009765625
1770255960,4998.2998046875,4998.7998046875,4988.7001953125,4997.2001953125
1770256080,4997.10009765625,5001.7001953125,4994.2998046875,5000.5
1770256200,5001.2998046875,5004.2998046875,4998.2001953125,5004.2998046875
1770256320,5004.39990234375,5007.89990234375,4997.2998046875,5001.7998046875
1770256440,5001.89990234375,5003.2001953125,4997.60009765625,4999.7001953125
1770256560,4999.7998046875,5000.0,4990.0,4992.2998046875
1770256680,4993.10009765625,4994.89990234375,4978.2998046875,4978.2998046875
1770256800,4979.2001953125,4982.10009765625,4968.39990234375,4973.0
1770256920,4974.0,4979.7998046875,4971.89990234375,4972.2001953125
1770257040,4972.60009765625,4976.0,4960.5,4961.89990234375
1770257160,4963.60009765625,4969.0,4952.0,4953.5
1770257280,4952.7001953125,4966.2998046875,4952.2998046875,4957.60009765625
1770257400,4956.10009765625,4966.10009765625,4945.0,4955.2998046875
1770257520,4955.0,4955.0,4937.2998046875,4947.2998046875
1770257640,4948.7998046875,4948.89990234375,4911.0,4929.0
1770257760,4929.5,4935.39990234375,4916.0,4928.7001953125
1770257880,4928.0,4937.7001953125,4925.5,4928.2001953125
1770258000,4928.89990234375,4939.7998046875,4923.0,4936.39990234375
1770258120,4936.89990234375,4954.10009765625,4936.89990234375,4950.5
1770258240,4950.0,4956.7998046875,4944.0,4954.7998046875
1770258360,4955.5,4961.5,4952.5,4955.10009765625
1770258480,4955.0,4962.7998046875,4946.0,4956.0
1770258600,4956.10009765625,4960.7998046875,4947.60009765625,4960.0
1770258720,4960.2001953125,4960.2001953125,4930.7998046875,4937.7001953125
1770258840,4937.7998046875,4952.10009765625,4930.0,4946.10009765625
1770258960,4946.0,4950.10009765625,4939.7001953125,4944.7001953125
1770259080,4943.60009765625,4943.60009765625,4927.2001953125,4935.7998046875
1770259200,4935.2998046875,4935.89990234375,4914.89990234375,4924.0
1770259320,4923.10009765625,4935.0,4922.89990234375,4925.7998046875
1770259440,4925.7998046875,4930.0,4888.39990234375,4896.0
1770259560,4895.39990234375,4906.7001953125,4851.2998046875,4862.7998046875
1770259680,4861.10009765625,4888.39990234375,4846.0,4869.7001953125
1770259800,4872.2998046875,4873.89990234375,4828.10009765625,4834.10009765625
1770259920,4833.89990234375,4863.5,4822.60009765625,4858.7001953125
1770260040,4860.5,4870.39990234375,4851.5,4865.2001953125
1770260160,4865.2001953125,4874.0,4846.5,4860.7998046875
1770260280,4861.2998046875,4862.39990234375,4824.7001953125,4831.0
1770260400,4830.39990234375,4832.0,4805.0,4824.39990234375
1770260520,4823.89990234375,4856.2998046875,4823.89990234375,4852.7998046875
1770260640,4850.89990234375,4866.0,4843.2001953125,4858.2998046875
1770260760,4859.0,4867.7998046875,4850.7001953125,4855.39990234375
1770260880,4855.5,4867.10009765625,4842.0,4865.2998046875
1770261000,4865.7998046875,4877.89990234375,4865.10009765625,4874.10009765625
1770261120,4872.2001953125,4878.2998046875,4860.0,4870.7001953125
1770261240,4871.60009765625,4875.0,4853.7998046875,4854.7001953125
1770261360,4856.2998046875,4877.60009765625,4852.2998046875,4873.2998046875
1770261480,4874.39990234375,4882.5,4866.0,4879.7998046875
1770261600,4878.39990234375,4907.10009765625,4873.2998046875,4898.7001953125
1770261720,4899.5,4899.5,4884.2998046875,4887.60009765625
1770261840,4888.0,4896.2001953125,4887.2001953125,4896.2001953125
1770261960,4894.7998046875,4903.2001953125,4880.0,4884.5
1770262080,4883.89990234375,4887.7001953125,4876.2001953125,4876.7998046875
1770262200,4878.7001953125,4879.60009765625,4865.10009765625,4872.0
1770262320,4871.7001953125,4889.2998046875,4871.7001953125,4880.60009765625
1770262440,4879.89990234375,4884.0,4875.7998046875,4878.39990234375
1770262560,4877.7998046875,4878.10009765625,4856.2001953125,4871.7998046875
1770262680,4872.7001953125,4882.7998046875,4870.7001953125,4877.89990234375
1770262800,4880.10009765625,4890.0,4869.7001953125,4883.60009765625
1770262920,4883.5,4899.0,4883.5,4889.89990234375
1770263040,4890.7998046875,4893.7001953125,4877.60009765625,4881.89990234375
1770263160,4882.7001953125,4892.2001953125,4882.7001953125,4885.60009765625
1770263280,4885.89990234375,4892.5,4875.7998046875,4883.7001953125
1770263400,4885.0,4885.5,4869.7998046875,4882.2001953125
1770263520,4883.0,4893.0,4877.39990234375,4892.60009765625
1770263640,4892.39990234375,4900.0,4890.2998046875,4891.0
1770263760,4893.2001953125,4904.7998046875,4888.7998046875,4898.39990234375
1770263880,4897.39990234375,4899.7998046875,4890.7998046875,4898.5
1770264000,4898.39990234375,4903.0,4895.0,4895.0
1770264120,4893.5,4898.7998046875,4889.60009765625,4893.2998046875
1770264240,4889.7001953125,4895.2998046875,4884.2998046875,4887.10009765625
1770264360,4888.2001953125,4892.10009765625,4881.60009765625,4886.60009765625
1770264480,4886.5,4887.2001953125,4881.2001953125,4887.2001953125
1770264600,4887.2001953125,4891.60009765625,4880.7998046875,4889.7998046875
1770264720,4890.5,4890.5,4882.39990234375,4883.60009765625
1770264840,4883.10009765625,4894.39990234375,4883.10009765625,4893.2001953125
1770264960,4893.7998046875,4900.0,4892.7001953125,4894.60009765625
1770265080,4896.10009765625,4902.60009765625,4895.39990234375,4898.2998046875
1770265200,4898.2998046875,4909.60009765625,4898.2998046875,4904.7998046875
1770265320,4904.10009765625,4910.7998046875,4903.89990234375,4909.0
1770265440,4908.2001953125,4908.89990234375,4897.2001953125,4902.0
1770265560,4900.5,4904.7001953125,4893.7998046875,4904.2001953125
1770265680,4904.0,4906.7998046875,4900.2998046875,4905.39990234375
1770265800,4905.39990234375,4907.0,4900.0,4903.89990234375
1770265920,4903.89990234375,4905.7998046875,4898.0,4898.7998046875
1770266040,4897.60009765625,4908.0,4894.89990234375,4900.7998046875
1770266160,4899.0,4899.2998046875,4895.5,4895.5
1770266280,4895.7001953125,4898.0,4888.39990234375,4889.0
1770266400,4888.7998046875,4901.10009765625,4888.5,4900.7998046875
1770266520,4900.7998046875,4904.0,4897.2998046875,4902.39990234375
1770266640,4901.89990234375,4906.39990234375,4900.2001953125,4905.10009765625
1770266760,4905.60009765625,4905.60009765625,4902.2998046875,4903.60009765625
1770266880,4902.5,4902.5,4895.0,4899.10009765625
1770267000,4898.2998046875,4904.7998046875,4896.2998046875,4904.10009765625
1770267120,4903.89990234375,4905.60009765625,4899.2001953125,4899.60009765625
1770267240,4899.2998046875,4906.0,4890.2001953125,4892.2001953125
1770267360,4891.2998046875,4891.89990234375,4883.2001953125,4889.10009765625
1770267480,4888.2001953125,4890.89990234375,4887.0,4888.5
1770267600,4881.7001953125,4894.39990234375,4881.39990234375,4891.39990234375
1770267720,4892.5,4893.60009765625,4889.2001953125,4891.2001953125
1770267840,4891.5,4893.39990234375,4889.0,4889.39990234375
1770267960,4888.0,4889.10009765625,4878.7001953125,4878.7001953125
1770268080,4878.10009765625,4881.39990234375,4872.89990234375,4879.7998046875
1770268200,4879.0,4885.10009765625,4879.0,4883.7001953125
1770268320,4882.0,4882.60009765625,4868.89990234375,4871.2998046875
1770268440,4872.60009765625,4874.2001953125,4866.60009765625,4868.89990234375
1770268560,4868.5,4878.0,4868.0,4875.0
1770268680,4875.5,4876.89990234375,4866.89990234375,4870.7001953125
1770268800,4870.2998046875,4872.2998046875,4861.39990234375,4863.39990234375
1770268920,4862.2001953125,4876.10009765625,4858.60009765625,4874.89990234375
1770269040,4874.2998046875,4875.7998046875,4869.7001953125,4870.7001953125
1770269160,4872.0,4882.10009765625,4872.0,4881.89990234375
1770269280,4882.39990234375,4888.39990234375,4881.60009765625,4887.10009765625
1770269400,4887.0,4887.10009765625,4865.0,4866.10009765625
1770269520,4865.60009765625,4865.60009765625,4842.0,4861.5
1770269640,4860.7001953125,4866.5,4848.89990234375,4866.0
1770269760,4865.7001953125,4865.7001953125,4850.0,4863.7998046875
1770269880,4864.39990234375,4877.39990234375,4864.10009765625,4870.10009765625
1770270000,4871.39990234375,4883.89990234375,4868.2001953125,4880.7001953125
1770270120,4880.0,4905.0,4879.60009765625,4903.5
1770270240,4903.10009765625,4923.7001953125,4898.5,4918.7001953125
1770270360,4918.7001953125,4922.0,4905.0,4905.0
1770270480,4905.0,4916.0,4904.2001953125,4912.7998046875
1770270600,4913.2998046875,4916.0,4908.2998046875,4912.39990234375
1770270720,4913.7998046875,4922.89990234375,4909.89990234375,4922.89990234375
1770270840,4923.39990234375,4923.7001953125,4913.5,4913.5
1770270960,4912.0,4915.0,4902.89990234375,4903.7998046875
1770271080,4903.89990234375,4913.2001953125,4902.60009765625,4911.7998046875
1770271200,4914.10009765625,4914.10009765625,4893.0,4897.2001953125
1770271320,4896.5,4910.0,4895.0,4909.89990234375
1770271440,4909.2998046875,4911.0,4906.10009765625,4907.60009765625
1770271560,4909.0,4923.10009765625,4907.10009765625,4923.0
1770271680,4921.2998046875,4934.0,4919.60009765625,4931.60009765625
1770271800,4929.10009765625,4934.0,4927.2001953125,4930.2998046875
1770271920,4929.10009765625,4937.5,4927.10009765625,4931.5
1770272040,4930.5,4930.5,4917.2998046875,4922.2998046875
1770272160,4921.39990234375,4930.7998046875,4919.7001953125,4928.2998046875
1770272280,4929.2998046875,4941.10009765625,4927.39990234375,4929.89990234375
1770272400,4929.2001953125,4934.60009765625,4925.5,4930.10009765625
1770272520,4930.10009765625,4939.0,4930.10009765625,4935.5
1770272640,4935.0,4937.0,4927.60009765625,4937.0
1770272760,4937.2998046875,4943.89990234375,4936.10009765625,4939.10009765625
1770272880,4940.7998046875,4947.39990234375,4940.39990234375,4947.0
1770273000,4947.0,4947.39990234375,4935.39990234375,4936.2998046875
1770273120,4938.7001953125,4943.5,4935.39990234375,4943.2998046875
1770273240,4941.7998046875,4944.10009765625,4933.2001953125,4933.7998046875
1770273360,4934.60009765625,4938.2001953125,4926.2001953125,4932.39990234375
1770273480,4933.89990234375,4943.10009765625,4933.89990234375,4941.0
1770273600,4940.89990234375,4944.0,4940.0,4941.5
1770273720,4940.89990234375,4945.0,4939.89990234375,4944.60009765625
1770273840,4944.89990234375,4949.2001953125,4941.39990234375,4947.5
1770273960,4946.7001953125,4951.89990234375,4937.89990234375,4937.89990234375
1770274080,4938.60009765625,4942.2998046875,4934.2001953125,4942.2998046875
1770274200,4942.7001953125,4943.10009765625,4931.2001953125,4934.0
1770274320,4935.0,4935.60009765625,4924.2001953125,4927.2998046875
1770274440,4927.60009765625,4928.60009765625,4915.0,4922.10009765625
1770274560,4922.5,4932.10009765625,4920.5,4930.89990234375
1770274680,4930.10009765625,4940.2998046875,4930.10009765625,4938.7998046875
1770274800,4937.2001953125,4944.60009765625,4933.2001953125,4943.2001953125
1770274920,4942.39990234375,4947.5,4941.39990234375,4947.0
1770275040,4946.89990234375,4947.0,4940.5,4945.0
1770275160,4945.0,4948.2001953125,4940.39990234375,4941.2001953125
1770275280,4941.0,4948.0,4941.0,4944.5
1770275400,4945.2001953125,4950.7998046875,4942.60009765625,4948.39990234375
1770275520,4948.39990234375,4949.7001953125,4940.7001953125,4942.7998046875
1770275640,4942.5,4944.2001953125,4936.0,4938.7001953125
1770275760,4937.2998046875,4945.7001953125,4936.2001953125,4942.5
1770275880,4942.2998046875,4943.5,4935.0,4939.2998046875
1770276000,4939.0,4939.39990234375,4929.2001953125,4930.10009765625
1770276120,4930.2001953125,4939.89990234375,4930.0,4936.89990234375
1770276240,4937.7998046875,4950.7001953125,4936.89990234375,4949.7001953125
1770276360,4950.2001953125,4960.2001953125,4948.5,4954.0
1770276480,4953.60009765625,4956.10009765625,4948.10009765625,4950.7998046875
1770276600,4951.2998046875,4953.10009765625,4943.10009765625,4944.2998046875
1770276720,4943.60009765625,4944.7001953125,4935.5,4936.39990234375
1770276840,4935.60009765625,4938.60009765625,4933.39990234375,4937.39990234375
1770276960,4937.7001953125,4940.0,4933.39990234375,4935.5
1770277080,4935.10009765625,4935.10009765625,4924.60009765625,4926.39990234375
1770277200,4927.2001953125,4930.0,4917.2001953125,4919.60009765625
1770277320,4920.2998046875,4927.0,4914.7001953125,4925.39990234375
1770277440,4925.7998046875,4931.39990234375,4925.7998046875,4928.7001953125
1770277560,4928.60009765625,4933.7001953125,4925.60009765625,4932.7001953125
1770277680,4933.7001953125,4933.7998046875,4927.5,4927.5
1770277800,4929.10009765625,4936.5,4928.0,4935.2998046875
1770277920,4937.10009765625,4939.0,4934.7998046875,4936.7998046875
1770278040,4937.10009765625,4937.5,4931.89990234375,4936.5
1770278160,4937.2998046875,4938.2998046875,4934.2998046875,4938.0
1770278280,4937.2998046875,4938.60009765625,4931.89990234375,4934.2998046875
1770278400,4934.10009765625,4941.7001953125,4933.2998046875,4933.2998046875
1770278520,4934.60009765625,4948.2001953125,4933.2001953125,4947.10009765625
1770278640,4946.89990234375,4948.10009765625,4937.2001953125,4939.2998046875
1770278760,4938.60009765625,4940.60009765625,4936.39990234375,4937.7001953125
1770278880,4936.89990234375,4941.5,4932.0,4940.7998046875
1770279000,4941.7001953125,4955.2998046875,4941.5,4954.7998046875
1770279120,4955.5,4961.2001953125,4954.89990234375,4955.60009765625
1770279240,4956.10009765625,4962.0,4954.2998046875,4958.89990234375
1770279360,4958.60009765625,4959.89990234375,4953.2998046875,4954.2001953125
1770279480,4954.7001953125,4959.10009765625,4950.0,4951.2001953125
1770279600,4950.2001953125,4955.2001953125,4950.2001953125,4955.2001953125
1770279720,4955.2001953125,4961.0,4955.2001953125,4959.2998046875
1770279840,4958.2998046875,4958.2998046875,4950.0,4950.0
1770279960,4950.60009765625,4951.10009765625,4939.2998046875,4945.39990234375
1770280080,4944.39990234375,4945.0,4939.2001953125,4940.60009765625
1770280200,4941.39990234375,4945.60009765625,4936.7998046875,4939.10009765625
1770280320,4940.7001953125,4948.10009765625,4939.0,4939.5
1770280440,4938.2998046875,4949.89990234375,4938.2998046875,4944.7998046875
1770280560,4943.39990234375,4945.7001953125,4940.0,4940.5
1770280680,4941.0,4944.39990234375,4937.2998046875,4941.0
1770280800,4940.89990234375,4945.2001953125,4939.60009765625,4942.0
1770280920,4941.5,4942.89990234375,4939.2001953125,4940.60009765625
1770281040,4940.5,4944.2998046875,4935.0,4936.7998046875
1770281160,4937.7998046875,4941.2998046875,4935.7998046875,4936.39990234375
1770281280,4936.2001953125,4936.2001953125,4928.0,4929.39990234375
1770281400,4928.5,4934.5,4928.0,4933.39990234375
1770281520,4933.5,4938.2001953125,4929.60009765625,4930.0
1770281640,4929.0,4934.2998046875,4921.39990234375,4933.89990234375
1770281760,4933.2001953125,4938.10009765625,4930.5,4938.10009765625
1770281880,4938.7001953125,4939.39990234375,4931.2001953125,4934.0
1770282000,4934.39990234375,4937.10009765625,4910.7001953125,4915.0
1770282120,4913.7998046875,4921.7001953125,4905.60009765625,4908.60009765625
1770282240,4909.7001953125,4914.2998046875,4897.7001953125,4900.7998046875
1770282360,4901.7998046875,4906.10009765625,4896.2001953125,4896.7998046875
1770282480,4895.60009765625,4907.7998046875,4895.39990234375,4901.2001953125
1770282600,4902.10009765625,4903.7001953125,4886.2998046875,4886.89990234375
1770282720,4887.5,4898.5,4886.7998046875,4891.39990234375
1770282840,4892.0,4892.0,4884.2998046875,4886.7998046875
1770282960,4889.10009765625,4897.0,4884.5,4890.10009765625
1770283080,4890.7998046875,4891.89990234375,4885.10009765625,4888.2001953125
1770283200,4888.7001953125,4891.60009765625,4876.60009765625,4882.0
1770283320,4881.60009765625,4904.5,4881.60009765625,4901.0
1770283440,4901.2001953125,4902.7001953125,4897.7001953125,4901.0
1770283560,4901.5,4910.39990234375,4899.7998046875,4901.60009765625
1770283680,4900.10009765625,4901.60009765625,4893.0,4896.5
1770283800,4896.5,4907.5,4896.2998046875,4905.0
1770283920,4905.89990234375,4907.5,4902.60009765625,4903.89990234375
1770284040,4904.2998046875,4907.60009765625,4901.2998046875,4901.2998046875
1770284160,4901.10009765625,4903.7001953125,4898.39990234375,4903.0
1770284280,4905.2001953125,4912.7001953125,4903.2001953125,4909.2998046875
1770284400,4910.2001953125,4910.2001953125,4901.0,4903.5
1770284520,4903.2001953125,4910.10009765625,4901.5,4909.10009765625
1770284640,4905.39990234375,4915.5,4905.39990234375,4914.39990234375
1770284760,4915.2998046875,4916.0,4909.39990234375,4911.2998046875
1770284880,4911.10009765625,4911.5,4903.60009765625,4904.7001953125
1770285000,4904.7001953125,4905.39990234375,4889.2001953125,4889.39990234375
1770285120,4890.60009765625,4893.5,4887.2001953125,4892.10009765625
1770285240,4891.2998046875,4893.60009765625,4877.7001953125,4880.7998046875
1770285360,4882.0,4882.2001953125,4871.10009765625,4879.5
1770285480,4879.5,4883.39990234375,4876.89990234375,4876.89990234375
1770285600,4875.89990234375,4888.89990234375,4875.89990234375,4879.60009765625
1770285720,4880.2998046875,4883.60009765625,4875.89990234375,4883.60009765625
1770285840,4881.60009765625,4884.7998046875,4878.7001953125,4879.89990234375
1770285960,4878.7001953125,4883.60009765625,4874.0,4880.7001953125
1770286080,4880.89990234375,4884.2001953125,4875.0,4881.5
1770286200,4880.89990234375,4888.39990234375,4880.89990234375,4884.2998046875
1770286320,4883.7001953125,4888.0,4882.89990234375,4888.0
1770286440,4888.89990234375,4900.0,4887.89990234375,4897.5
1770286560,4898.2001953125,4898.2001953125,4884.7998046875,4886.7998046875
1770286680,4886.60009765625,4889.5,4885.2998046875,4886.89990234375
1770286800,4887.5,4888.7001953125,4881.39990234375,4885.5
1770286920,4886.39990234375,4887.89990234375,4876.0,4879.5
1770287040,4879.60009765625,4887.7001953125,4879.2001953125,4882.10009765625
1770287160,4882.0,4884.7001953125,4872.89990234375,4872.89990234375
1770287280,4872.89990234375,4883.10009765625,4868.0,4883.10009765625
1770287400,4883.2998046875,4885.0,4872.7001953125,4874.0
1770287520,4872.7001953125,4881.10009765625,4872.7001953125,4881.10009765625
1770287640,4881.0,4890.89990234375,4880.2001953125,4889.89990234375
1770287760,4890.0,4894.39990234375,4889.7001953125,4890.10009765625
1770287880,4890.7001953125,4892.0,4881.2001953125,4885.5
1770288000,4886.60009765625,4896.39990234375,4886.10009765625,4894.5
1770288120,4895.2001953125,4900.0,4892.5,4892.5
1770288240,4892.10009765625,4898.39990234375,4892.10009765625,4897.2998046875
1770288360,4897.7998046875,4907.60009765625,4896.2001953125,4906.89990234375
1770288480,4906.89990234375,4906.89990234375,4902.2001953125,4902.7001953125
1770288600,4902.7001953125,4903.60009765625,4898.7998046875,4900.2001953125
1770288720,4900.60009765625,4900.60009765625,4893.2001953125,4893.2998046875
1770288840,4894.7001953125,4896.89990234375,4893.0,4895.89990234375
1770288960,4895.10009765625,4896.5,4888.2001953125,4895.2001953125
1770289080,4895.7998046875,4899.10009765625,4895.5,4897.89990234375
1770289200,4896.7998046875,4905.5,4896.60009765625,4904.7001953125
1770289320,4904.2001953125,4906.10009765625,4899.39990234375,4900.5
1770289440,4901.0,4903.5,4898.10009765625,4901.2001953125
1770289560,4901.0,4904.2001953125,4900.2998046875,4903.5
1770289680,4903.5,4905.7001953125,4899.5,4904.60009765625
1770289800,4904.89990234375,4907.5,4902.89990234375,4903.0
1770289920,4903.0,4907.0,4901.39990234375,4903.10009765625
1770290040,4902.2001953125,4912.2998046875,4902.0,4907.39990234375
1770290160,4907.7001953125,4909.10009765625,4904.7998046875,4904.7998046875
1770290280,4906.10009765625,4906.2998046875,4899.89990234375,4901.10009765625
1770290400,4901.0,4907.10009765625,4901.0,4907.10009765625
1770290520,4907.10009765625,4915.5,4905.2998046875,4912.0
1770290640,4911.7998046875,4913.89990234375,4909.39990234375,4909.60009765625
1770290760,4908.5,4912.7998046875,4908.10009765625,4912.5
1770290880,4911.2998046875,4914.39990234375,4908.7001953125,4911.7001953125
1770291000,4912.60009765625,4913.2998046875,4901.2001953125,4904.60009765625
1770291120,4905.89990234375,4908.2998046875,4905.0,4907.89990234375
1770291240,4908.5,4909.2998046875,4903.60009765625,4904.39990234375
1770291360,4903.10009765625,4904.0,4896.0,4898.60009765625
1770291480,4899.7001953125,4902.2998046875,4894.10009765625,4895.7001953125
1770291600,4895.39990234375,4899.60009765625,4893.89990234375,4899.60009765625
1770291720,4899.89990234375,4900.0,4890.2001953125,4890.2001953125
1770291840,4890.2001953125,4898.5,4890.0,4898.5
1770291960,4898.7998046875,4906.5,4892.7998046875,4893.89990234375
1770292080,4894.0,4897.89990234375,4891.5,4892.7998046875
1770292200,4891.7998046875,4893.60009765625,4886.10009765625,4888.39990234375
1770292320,4888.5,4891.60009765625,4885.60009765625,4887.2001953125
1770292440,4887.89990234375,4895.2998046875,4887.0,4888.60009765625
1770292560,4889.89990234375,4893.60009765625,4889.89990234375,4891.2001953125
1770292680,4890.5,4892.0,4887.7001953125,4889.10009765625
1770292800,4889.2998046875,4896.60009765625,4886.0,4889.39990234375
1770292920,4891.0,4899.89990234375,4890.7001953125,4892.60009765625
1770293040,4894.39990234375,4894.39990234375,4880.0,4884.0
1770293160,4883.39990234375,4883.39990234375,4873.7998046875,4876.0
1770293280,4875.2001953125,4876.0,4870.0,4872.0
1770293400,4872.2998046875,4872.2998046875,4854.7001953125,4859.2998046875
1770293520,4860.10009765625,4863.39990234375,4855.0,4858.39990234375
1770293640,4859.10009765625,4865.7001953125,4858.60009765625,4865.7001953125
1770293760,4865.7001953125,4866.7001953125,4853.7001953125,4856.39990234375
1770293880,4857.10009765625,4861.89990234375,4841.0,4841.2001953125
1770294000,4841.60009765625,4849.7001953125,4839.2001953125,4841.0
1770294120,4840.39990234375,4849.89990234375,4839.60009765625,4849.7001953125
1770294240,4850.0,4853.2998046875,4831.0,4834.5
1770294360,4834.10009765625,4865.0,4834.0,4865.0
1770294480,4865.2001953125,4870.2001953125,4860.7998046875,4869.10009765625
1770294600,4868.7998046875,4881.5,4862.10009765625,4878.10009765625
1770294720,4876.7998046875,4879.39990234375,4872.2001953125,4877.2998046875
1770294840,4876.7998046875,4893.89990234375,4875.10009765625,4881.7998046875
1770294960,4881.5,4886.0,4866.39990234375,4884.0
1770295080,4884.2001953125,4888.7001953125,4881.89990234375,4884.2998046875
1770295200,4883.7998046875,4886.2998046875,4876.7001953125,4878.2001953125
1770295320,4877.5,4885.0,4873.0,4874.7001953125
1770295440,4875.5,4887.2001953125,4864.60009765625,4885.5
1770295560,4886.0,4891.5,4884.39990234375,4885.60009765625
1770295680,4883.10009765625,4888.7998046875,4875.60009765625,4887.2001953125
1770295800,4886.0,4888.7001953125,4881.2001953125,4883.10009765625
1770295920,4884.5,4884.89990234375,4875.89990234375,4881.39990234375
1770296040,4883.10009765625,4884.0,4868.39990234375,4871.39990234375
1770296160,4873.0,4880.7998046875,4869.7001953125,4879.2001953125
1770296280,4880.2001953125,4883.0,4857.89990234375,4876.2001953125
1770296400,4876.10009765625,4876.2998046875,4836.7998046875,4846.2998046875
1770296520,4847.2998046875,4859.7998046875,4834.2001953125,4836.60009765625
1770296640,4838.2998046875,4848.0,4832.5,4835.60009765625
1770296760,4838.10009765625,4847.10009765625,4822.0,4846.60009765625
1770296880,4847.5,4847.7998046875,4836.7998046875,4847.2998046875
1770297000,4847.2998046875,4862.60009765625,4842.39990234375,4854.2001953125
1770297120,4855.7998046875,4857.10009765625,4848.7998046875,4849.7998046875
1770297240,4850.2001953125,4863.2998046875,4840.5,4862.60009765625
1770297360,4862.7998046875,4865.7998046875,4858.2998046875,4859.2998046875
1770297480,4860.2001953125,4869.2001953125,4855.39990234375,4858.39990234375
1770297600,4859.5,4873.39990234375,4855.89990234375,4872.39990234375
1770297720,4871.89990234375,4880.39990234375,4867.39990234375,4878.89990234375
1770297840,4878.7998046875,4884.5,4875.0,4882.10009765625
1770297960,4882.5,4888.39990234375,4876.2001953125,4879.2001953125
1770298080,4879.7998046875,4881.5,4872.7998046875,4873.60009765625
1770298200,4876.0,4884.39990234375,4865.60009765625,4882.0
1770298320,4882.7998046875,4893.10009765625,4878.7001953125,4886.39990234375
1770298440,4886.5,4888.0,4878.39990234375,4883.7998046875
1770298560,4884.7998046875,4889.10009765625,4870.60009765625,4872.7998046875
1770298680,4873.39990234375,4881.0,4861.0,4862.5
1770298800,4862.2001953125,4869.2998046875,4858.0,4865.7998046875
1770298920,4865.2001953125,4868.2001953125,4848.0,4852.7001953125
1770299040,4852.60009765625,4854.60009765625,4842.60009765625,4854.60009765625
1770299160,4854.0,4859.7001953125,4849.0,4859.5
1770299280,4858.7001953125,4858.7001953125,4848.0,4851.10009765625
1770299400,4851.7998046875,4864.0,4851.7998046875,4859.0
1770299520,4860.0,4863.89990234375,4859.39990234375,4862.60009765625
1770299640,4862.2001953125,4870.0,4858.5,4861.7001953125
1770299760,4862.10009765625,4868.89990234375,4856.0,4857.60009765625
1770299880,4857.10009765625,4858.2001953125,4849.60009765625,4858.2001953125
1770300000,4858.0,4858.0,4836.0,4841.7998046875
1770300120,4841.2998046875,4858.39990234375,4841.2998046875,4847.7998046875
1770300240,4848.60009765625,4852.2998046875,4844.39990234375,4849.7998046875
1770300360,4850.60009765625,4872.0,4848.7001953125,4865.60009765625
1770300480,4865.10009765625,4869.5,4849.10009765625,4858.7998046875
1770300600,4859.7001953125,4866.0,4856.2001953125,4856.2001953125
1770300720,4855.2998046875,4859.2998046875,4852.2998046875,4856.2001953125
1770300840,4854.2001953125,4855.7998046875,4833.60009765625,4839.2001953125
1770300960,4838.2001953125,4843.7998046875,4835.2998046875,4843.5
1770301080,4843.60009765625,4844.2001953125,4831.2001953125,4837.10009765625
1770301200,4836.89990234375,4842.7001953125,4835.7001953125,4837.7998046875
1770301320,4837.60009765625,4845.7998046875,4831.7001953125,4844.7001953125
1770301440,4845.7001953125,4856.10009765625,4843.0,4850.7001953125
1770301560,4851.0,4859.89990234375,4850.60009765625,4854.89990234375
1770301680,4855.39990234375,4859.89990234375,4850.89990234375,4857.0
1770301800,4857.10009765625,4858.7998046875,4835.60009765625,4839.60009765625
1770301920,4840.60009765625,4842.2998046875,4827.2001953125,4838.2001953125
1770302040,4837.5,4850.5,4834.10009765625,4840.0
1770302160,4840.5,4855.39990234375,4832.7998046875,4854.5
1770302280,4854.89990234375,4877.2998046875,4849.5,4872.5
1770302400,4872.7001953125,4887.2001953125,4871.2001953125,4876.39990234375
1770302520,4875.2998046875,4886.0,4875.2998046875,4879.60009765625
1770302640,4880.2001953125,4886.39990234375,4873.10009765625,4880.89990234375
1770302760,4881.39990234375,4888.5,4868.2001953125,4869.60009765625
1770302880,4870.5,4873.89990234375,4861.7998046875,4872.0
1770303000,4871.2001953125,4891.10009765625,4870.5,4888.7001953125
1770303120,4888.7001953125,4889.2001953125,4874.7998046875,4876.7998046875
1770303240,4877.39990234375,4880.7001953125,4869.89990234375,4871.7998046875
1770303360,4871.10009765625,4874.7001953125,4859.60009765625,4861.5
1770303480,4862.2001953125,4872.7998046875,4860.2998046875,4867.7998046875
1770303600,4866.5,4888.0,4852.39990234375,4853.7998046875
1770303720,4852.7001953125,4866.89990234375,4844.89990234375,4858.2998046875
1770303840,4859.0,4859.7001953125,4843.5,4850.39990234375
1770303960,4850.2998046875,4856.7998046875,4842.60009765625,4855.39990234375
1770304080,4855.7998046875,4879.2001953125,4855.5,4871.5
1770304200,4872.60009765625,4878.10009765625,4858.2001953125,4860.7001953125
1770304320,4861.0,4862.10009765625,4850.7001953125,4857.89990234375
1770304440,4856.0,4856.0,4843.7998046875,4853.89990234375
1770304560,4854.2001953125,4866.2001953125,4853.0,4866.10009765625
1770304680,4866.10009765625,4867.10009765625,4860.7998046875,4864.5
1770304800,4864.7001953125,4865.0,4853.2001953125,4857.5
1770304920,4857.60009765625,4857.7998046875,4846.5,4851.7998046875
1770305040,4851.0,4862.7001953125,4850.89990234375,4861.2998046875
1770305160,4860.39990234375,4860.5,4836.7998046875,4838.0
1770305280,4838.60009765625,4844.2001953125,4834.0,4840.89990234375
1770305400,4839.5,4847.10009765625,4838.7001953125,4839.7998046875
1770305520,4840.5,4843.60009765625,4832.2998046875,4836.39990234375
1770305640,4835.10009765625,4841.7998046875,4830.5,4839.0
1770305760,4839.10009765625,4849.39990234375,4837.7998046875,4844.39990234375
1770305880,4844.7001953125,4859.2001953125,4844.7001953125,4855.89990234375
1770306000,4855.2998046875,4856.89990234375,4843.5,4845.39990234375
1770306120,4845.89990234375,4851.2998046875,4837.0,4838.89990234375
1770306240,4839.10009765625,4839.2998046875,4830.0,4830.7998046875
1770306360,4831.0,4831.0,4821.0,4821.0
1770306480,4821.0,4837.60009765625,4820.7998046875,4835.7998046875
1770306600,4836.0,4842.60009765625,4834.2001953125,4842.60009765625
1770306720,4842.7998046875,4846.39990234375,4836.60009765625,4839.7998046875
1770306840,4839.0,4842.0,4829.7998046875,4838.10009765625
1770306960,4838.60009765625,4840.39990234375,4828.2001953125,4834.2001953125
1770307080,4835.0,4839.89990234375,4828.60009765625,4838.60009765625
1770307200,4837.7998046875,4849.10009765625,4833.5,4848.0
1770307320,4848.2998046875,4851.0,4842.89990234375,4843.2998046875
1770307440,4844.2001953125,4846.89990234375,4836.60009765625,4846.39990234375
1770307560,4846.7998046875,4858.0,4846.0,4851.5
1770307680,4852.2001953125,4857.7998046875,4846.7998046875,4846.7998046875
1770307800,4846.7998046875,4862.2998046875,4846.7998046875,4849.7998046875
1770307920,4850.2001953125,4855.0,4842.5,4846.10009765625
1770308040,4845.2998046875,4855.7998046875,4839.5,4855.10009765625
1770308160,4855.10009765625,4856.0,4846.39990234375,4854.7998046875
1770308280,4854.60009765625,4859.60009765625,4850.7998046875,4858.60009765625
1770308400,4858.10009765625,4867.2998046875,4858.10009765625,4863.39990234375
1770308520,4863.39990234375,4872.0,4863.39990234375,4871.2001953125
1770308640,4872.10009765625,4876.39990234375,4867.60009765625,4868.2001953125
1770308760,4869.2001953125,4873.7001953125,4866.10009765625,4871.7998046875
1770308880,4871.7998046875,4879.7998046875,4870.7001953125,4871.2998046875
1770309000,4872.2001953125,4877.60009765625,4870.0,4871.7998046875
1770309120,4870.10009765625,4879.10009765625,4869.0,4872.2001953125
1770309240,4872.60009765625,4876.60009765625,4869.39990234375,4872.89990234375
1770309360,4873.39990234375,4875.0,4867.0,4872.2001953125
1770309480,4871.39990234375,4888.0,4869.60009765625,4882.0
1770309600,4882.2001953125,4884.89990234375,4878.0,4883.5
1770309720,4883.10009765625,4899.0,4882.89990234375,4898.0
1770309840,4898.0,4905.7001953125,4896.5,4897.7001953125
1770309960,4896.39990234375,4898.89990234375,4887.0,4889.2001953125
1770310080,4888.7998046875,4909.0,4887.60009765625,4907.2001953125
1770310200,4907.60009765625,4928.5,4907.60009765625,4922.0
1770310320,4921.10009765625,4925.10009765625,4916.5,4921.7001953125
1770310440,4922.2001953125,4930.0,4913.60009765625,4915.5
1770310560,4916.39990234375,4916.39990234375,4907.0,4910.2998046875
1770310680,4911.10009765625,4923.2001953125,4906.39990234375,4912.0
1770310800,4910.89990234375,4913.2998046875,4902.2998046875,4902.7001953125
1770310920,4903.10009765625,4905.5,4898.10009765625,4898.60009765625
1770311040,4898.7998046875,4903.2001953125,4891.5,4902.89990234375
1770311160,4902.60009765625,4904.7001953125,4897.60009765625,4898.2001953125
1770311280,4897.89990234375,4904.7998046875,4895.7998046875,4903.89990234375
1770311400,4903.60009765625,4905.7998046875,4893.60009765625,4894.7001953125
1770311520,4895.39990234375,4895.89990234375,4888.39990234375,4894.5
1770311640,4894.5,4901.2998046875,4891.60009765625,4895.2001953125
1770311760,4895.60009765625,4903.0,4894.60009765625,4902.2998046875
1770311880,4903.0,4903.2998046875,4893.39990234375,4894.89990234375
1770312000,4894.10009765625,4896.60009765625,4888.39990234375,4888.5
1770312120,4888.10009765625,4901.7998046875,4881.5,4890.10009765625
1770312240,4890.39990234375,4897.60009765625,4890.39990234375,4897.0
1770312360,4897.0,4898.39990234375,4892.60009765625,4893.2001953125
1770312480,4894.2998046875,4896.7998046875,4887.7998046875,4889.7998046875
1770312600,4889.60009765625,4893.7001953125,4889.5,4890.60009765625
1770312720,4888.2998046875,4889.39990234375,4882.10009765625,4886.2001953125
1770312840,4886.2998046875,4891.60009765625,4886.10009765625,4888.2998046875
1770312960,4887.5,4891.5,4885.10009765625,4891.0
1770313080,4890.89990234375,4895.60009765625,4885.7998046875,4886.7001953125
1770313200,4886.39990234375,4901.2001953125,4885.2998046875,4895.7998046875
1770313320,4896.39990234375,4896.7998046875,4882.39990234375,4890.0
1770313440,4889.89990234375,4899.5,4888.5,4899.10009765625
1770313560,4899.0,4907.5,4899.0,4902.60009765625
1770313680,4902.39990234375,4902.39990234375,4894.60009765625,4896.2998046875
1770313800,4897.2001953125,4904.2998046875,4896.2998046875,4899.39990234375
1770313920,4900.7998046875,4906.10009765625,4897.10009765625,4904.39990234375
1770314040,4905.2998046875,4905.39990234375,4896.39990234375,4898.10009765625
1770314160,4898.39990234375,4898.39990234375,4888.0,4888.0
1770314280,4888.2001953125,4894.7998046875,4886.39990234375,4891.5
1770314400,4891.39990234375,4894.5,4885.89990234375,4891.7001953125
1770314520,4891.5,4897.39990234375,4889.89990234375,4896.0
1770314640,4896.2998046875,4897.89990234375,4890.2998046875,4891.0
1770314760,4891.10009765625,4892.39990234375,4887.0,4889.5
1770314880,4889.60009765625,4890.60009765625,4884.2001953125,4888.60009765625
1770315000,4888.5,4888.5,4876.7001953125,4883.7001953125
1770315120,4884.2001953125,4888.89990234375,4880.0,4881.0
1770315240,4881.0,4889.7998046875,4880.0,4881.2001953125
1770315360,4880.2001953125,4883.39990234375,4872.7998046875,4875.60009765625
1770315480,4875.60009765625,4881.7998046875,4873.5,4880.0
1770315600,4879.7998046875,4883.39990234375,4873.5,4879.39990234375
1770315720,4879.7998046875,4885.89990234375,4879.2001953125,4881.0
1770315840,4880.39990234375,4896.2998046875,4880.10009765625,4889.89990234375
1770315960,4891.2998046875,4898.39990234375,4888.39990234375,4888.5
1770316080,4889.60009765625,4892.2998046875,4886.2001953125,4892.10009765625
1770316200,4891.5,4892.0,4880.39990234375,4886.7998046875
1770316320,4886.7998046875,4891.7998046875,4886.7998046875,4891.7998046875
1770316440,4890.7998046875,4894.7998046875,4887.7998046875,4888.2001953125
1770316560,4887.7998046875,4889.10009765625,4880.2001953125,4883.39990234375
1770316680,4883.7998046875,4885.39990234375,4882.0,4882.0
1770316800,4881.2998046875,4889.7998046875,4876.89990234375,4889.10009765625
1770316920,4889.89990234375,4894.7998046875,4888.89990234375,4892.0
1770317040,4892.0,4895.89990234375,4891.0,4893.0
1770317160,4891.2001953125,4892.7998046875,4890.7998046875,4892.10009765625
1770317280,4891.39990234375,4891.5,4883.39990234375,4884.39990234375
1770317400,4884.0,4892.7998046875,4882.60009765625,4888.60009765625
1770317520,4888.2998046875,4889.7998046875,4881.39990234375,4882.7998046875
1770317640,4882.0,4882.0,4876.10009765625,4876.10009765625
1770317760,4876.0,4878.10009765625,4874.2998046875,4876.0
1770317880,4875.89990234375,4881.7998046875,4874.10009765625,4880.39990234375
1770318000,4881.2001953125,4885.10009765625,4880.2001953125,4883.7998046875
1770318120,4884.7998046875,4885.2998046875,4876.39990234375,4882.10009765625
1770318240,4882.89990234375,4883.2001953125,4860.10009765625,4870.5
1770318360,4871.0,4889.0,4870.60009765625,4887.39990234375
1770318480,4887.5,4887.5,4877.5,4883.2001953125
1770318600,4883.5,4885.60009765625,4879.60009765625,4882.5
1770318720,4883.5,4883.5,4874.7998046875,4879.0
1770318840,4878.39990234375,4879.60009765625,4872.60009765625,4872.60009765625
1770318960,4873.2998046875,4876.7998046875,4869.60009765625,4876.7998046875
1770319080,4876.60009765625,4877.60009765625,4874.39990234375,4876.5
1770319200,4877.7998046875,4878.10009765625,4873.89990234375,4875.2998046875
1770319320,4873.60009765625,4876.7998046875,4871.0,4874.60009765625
1770319440,4875.5,4877.39990234375,4872.89990234375,4873.60009765625
1770319560,4874.89990234375,4883.0,4874.0,4875.39990234375
1770319680,4876.10009765625,4877.60009765625,4874.39990234375,4874.39990234375
1770319800,4875.2001953125,4876.0,4862.0,4873.60009765625
1770319920,4874.10009765625,4878.0,4852.7001953125,4854.7001953125
1770320040,4854.60009765625,4860.7998046875,4852.0,4857.7998046875
1770320160,4858.39990234375,4863.2001953125,4856.39990234375,4861.60009765625
1770320280,4860.60009765625,4864.2001953125,4854.2998046875,4854.89990234375
1770320400,4855.2998046875,4858.39990234375,4850.89990234375,4854.0
1770320520,4854.60009765625,4865.2998046875,4851.5,4863.39990234375
1770320640,4864.10009765625,4864.89990234375,4859.2001953125,4860.5
1770320760,4861.5,4864.7998046875,4860.7998046875,4862.7001953125
1770320880,4862.89990234375,4867.2001953125,4862.89990234375,4865.2001953125
1770321000,4864.5,4864.5,4855.2998046875,4855.2998046875
1770321120,4856.2001953125,4856.7001953125,4847.0,4849.0
1770321240,4848.89990234375,4855.0,4847.89990234375,4852.7001953125
1770321360,4853.39990234375,4857.0,4852.7998046875,4854.0
1770321480,4853.5,4857.10009765625,4851.7001953125,4852.5
1770321600,4853.0,4854.5,4836.0,4846.89990234375
1770321720,4846.7998046875,4848.7998046875,4841.2001953125,4841.2001953125
1770321840,4839.5,4844.2001953125,4838.2998046875,4840.10009765625
1770321960,4840.0,4853.7001953125,4839.7001953125,4852.89990234375
1770322080,4853.10009765625,4860.0,4852.5,4856.60009765625
1770322200,4857.7998046875,4866.2001953125,4856.10009765625,4856.7998046875
1770322320,4856.0,4856.5,4850.0,4854.7001953125
1770322440,4855.5,4858.5,4852.2998046875,4853.2998046875
1770322560,4853.39990234375,4858.2998046875,4851.7001953125,4851.7001953125
1770322680,4850.5,4852.10009765625,4844.39990234375,4845.7998046875
1770322800,4844.60009765625,4846.89990234375,4840.60009765625,4842.7001953125
1770322920,4843.10009765625,4845.0,4832.0,4837.2998046875
1770323040,4837.0,4847.0,4834.5,4843.2998046875
1770323160,4842.0,4848.0,4838.89990234375,4846.2001953125
1770323280,4846.7001953125,4851.0,4845.7998046875,4847.2001953125
1770323400,4848.2001953125,4854.39990234375,4847.2001953125,4849.2001953125
1770323520,4849.10009765625,4849.10009765625,4838.2998046875,4838.7001953125
1770323640,4838.89990234375,4844.89990234375,4838.5,4841.7001953125
1770323760,4842.39990234375,4843.60009765625,4835.39990234375,4835.39990234375
1770323880,4834.7998046875,4836.39990234375,4828.5,4832.10009765625
1770324000,4831.39990234375,4838.7001953125,4830.0,4838.39990234375
1770324120,4838.5,4838.5,4829.7001953125,4832.2998046875
1770324240,4831.7998046875,4839.39990234375,4828.7001953125,4837.2001953125
1770324360,4837.60009765625,4837.60009765625,4830.0,4833.89990234375
1770324480,4833.60009765625,4834.5,4825.0,4825.7998046875
1770324600,4826.2998046875,4829.60009765625,4825.0,4828.0
1770324720,4828.39990234375,4829.7001953125,4826.7998046875,4827.5
1770324840,4828.2998046875,4828.2998046875,4814.60009765625,4823.0
1770324960,4822.89990234375,4835.89990234375,4818.7001953125,4833.7998046875
1770325080,4834.10009765625,4836.5,4829.0,4833.60009765625
1770325200,4833.2001953125,4837.7001953125,4830.60009765625,4837.7001953125
1770325320,4838.2998046875,4844.2998046875,4838.2998046875,4844.0
1770325440,4844.39990234375,4848.5,4839.7998046875,4840.2998046875
1770325560,4840.2998046875,4841.39990234375,4837.5,4839.2998046875
1770325680,4839.0,4839.0,4829.7001953125,4830.2001953125
1770325800,4830.10009765625,4832.39990234375,4826.7001953125,4826.7001953125
1770325920,4827.2001953125,4833.60009765625,4827.2001953125,4832.10009765625
1770326040,4832.5,4835.39990234375,4828.5,4828.5
1770326160,4828.39990234375,4828.60009765625,4819.2001953125,4822.7001953125
1770326280,4823.7998046875,4831.0,4823.2998046875,4826.89990234375
1770326400,4826.89990234375,4831.2001953125,4825.39990234375,4827.7998046875
1770326520,4828.10009765625,4829.7001953125,4821.89990234375,4825.7001953125
1770326640,4826.2998046875,4828.7998046875,4820.2001953125,4823.60009765625
1770326760,4825.10009765625,4826.39990234375,4817.2998046875,4826.39990234375
1770326880,4826.7001953125,4829.89990234375,4822.10009765625,4824.7998046875
1770327000,4824.7998046875,4826.10009765625,4815.39990234375,4818.2001953125
1770327120,4818.7998046875,4822.60009765625,4809.2001953125,4809.60009765625
1770327240,4810.2001953125,4810.5,4784.10009765625,4787.0
1770327360,4787.0,4809.10009765625,4784.7998046875,4806.2001953125
1770327480,4807.10009765625,4807.10009765625,4782.7001953125,4788.2998046875
1770327600,4787.0,4794.2998046875,4780.5,4790.5
1770327720,4790.5,4799.2001953125,4789.39990234375,4794.60009765625
1770327840,4795.0,4797.0,4784.0,4787.2001953125
1770327960,4787.5,4795.2998046875,4786.10009765625,4789.60009765625
1770328080,4789.60009765625,4792.60009765625,4788.7001953125,4792.5
1770328200,4790.7998046875,4792.5,4781.7001953125,4782.7998046875
1770328320,4782.0,4799.5,4779.60009765625,4798.10009765625
1770328440,4798.7001953125,4800.0,4795.10009765625,4798.5
1770328560,4798.10009765625,4802.0,4794.7998046875,4796.39990234375
1770328680,4796.39990234375,4801.7998046875,4796.0,4798.10009765625
1770332400,4800.0,4815.89990234375,4778.0,4781.0
1770332520,4780.5,4794.7998046875,4780.5,4782.39990234375
1770332640,4784.89990234375,4797.0,4784.89990234375,4787.2998046875
1770332760,4786.60009765625,4796.10009765625,4785.7998046875,4792.7998046875
1770332880,4790.5,4800.0,4789.2001953125,4800.0
1770333000,4800.0,4800.0,4792.2001953125,4794.2998046875
1770333120,4793.0,4800.0,4791.2001953125,4797.60009765625
1770333240,4796.7001953125,4797.2001953125,4780.5,4780.5
1770333360,4781.39990234375,4789.7998046875,4780.5,4781.39990234375
1770333480,4781.5,4783.89990234375,4777.7001953125,4780.7998046875
1770333600,4781.2998046875,4783.39990234375,4777.0,4778.5
1770333720,4778.89990234375,4780.0,4775.10009765625,4776.2998046875
1770333840,4776.10009765625,4778.2001953125,4772.39990234375,4773.7001953125
1770333960,4774.2001953125,4774.5,4767.2001953125,4767.2001953125
1770334080,4767.2001953125,4775.0,4766.0,4769.10009765625
1770334200,4770.0,4771.5,4766.0,4767.2998046875
1770334320,4766.60009765625,4774.7001953125,4765.89990234375,4773.2001953125
1770334440,4773.0,4773.0,4765.7001953125,4765.7998046875
1770334560,4767.2001953125,4769.0,4764.2001953125,4765.89990234375
1770334680,4766.10009765625,4766.2998046875,4750.2998046875,4757.0
1770334800,4757.0,4766.2998046875,4756.0,4763.5
1770334920,4763.89990234375,4773.2001953125,4760.2998046875,4763.10009765625
1770335040,4762.7998046875,4764.0,4757.10009765625,4760.0
1770335160,4758.89990234375,4758.89990234375,4744.5,4750.60009765625
1770335280,4751.10009765625,4751.5,4728.10009765625,4732.7001953125
1770335400,4732.2998046875,4740.5,4729.5,4733.10009765625
1770335520,4733.0,4733.0,4722.7001953125,4729.2001953125
1770335640,4729.10009765625,4739.89990234375,4726.0,4734.60009765625
1770335760,4734.5,4735.0,4722.2998046875,4726.0
1770335880,4725.7001953125,4727.0,4721.2001953125,4722.0
1770336000,4722.0,4725.2001953125,4716.89990234375,4717.2001953125
1770336120,4717.0,4719.10009765625,4708.0,4708.0
1770336240,4708.10009765625,4712.0,4704.10009765625,4712.0
1770336360,4713.60009765625,4714.2998046875,4702.5,4707.2001953125
1770336480,4708.7001953125,4719.5,4705.2001953125,4705.89990234375
1770336600,4706.10009765625,4724.10009765625,4702.5,4721.10009765625
1770336720,4720.5,4720.5,4702.60009765625,4707.5
1770336840,4707.10009765625,4707.39990234375,4688.2001953125,4692.7998046875
1770336960,4693.2001953125,4695.2998046875,4670.0,4674.2001953125
1770337080,4673.0,4688.60009765625,4673.0,4688.10009765625
1770337200,4688.10009765625,4701.60009765625,4687.10009765625,4695.10009765625
1770337320,4695.2998046875,4706.7001953125,4689.5,4706.7001953125
1770337440,4705.0,4722.7998046875,4702.2001953125,4718.0
1770337560,4718.0,4743.89990234375,4716.2998046875,4743.39990234375
1770337680,4743.5,4748.10009765625,4726.0,4742.0
1770337800,4742.0,4748.7998046875,4728.39990234375,4729.2001953125
1770337920,4729.7001953125,4748.0,4724.7998046875,4746.39990234375
1770338040,4745.7998046875,4758.2998046875,4742.2001953125,4757.2998046875
1770338160,4757.2998046875,4765.89990234375,4750.39990234375,4765.89990234375
1770338280,4766.2001953125,4771.2998046875,4747.60009765625,4757.5
1770338400,4758.10009765625,4771.0,4758.10009765625,4769.10009765625
1770338520,4770.5,4776.0,4764.0,4775.2001953125
1770338640,4775.5,4778.0,4764.7001953125,4765.7998046875
1770338760,4767.5,4769.7998046875,4757.0,4761.2998046875
1770338880,4761.89990234375,4773.7998046875,4756.7001953125,4773.7998046875
1770339000,4772.60009765625,4777.7998046875,4769.7001953125,4771.39990234375
1770339120,4771.2001953125,4771.60009765625,4764.0,4764.10009765625
1770339240,4764.0,4766.60009765625,4756.10009765625,4765.0
1770339360,4765.0,4773.89990234375,4765.0,4773.2001953125
1770339480,4773.2998046875,4781.7001953125,4771.60009765625,4779.89990234375
1770339600,4779.10009765625,4780.7998046875,4734.7998046875,4735.39990234375
1770339720,4734.2998046875,4752.0,4710.0,4750.89990234375
1770339840,4751.7001953125,4766.39990234375,4743.60009765625,4755.10009765625
1770339960,4754.2001953125,4774.0,4749.2001953125,4766.2001953125
1770340080,4766.0,4778.5,4747.7001953125,4754.60009765625
1770340200,4754.5,4772.0,4752.5,4767.2001953125
1770340320,4763.60009765625,4767.5,4759.60009765625,4765.7998046875
1770340440,4767.2998046875,4779.5,4760.0,4778.5
1770340560,4778.0,4781.10009765625,4737.7001953125,4743.39990234375
1770340680,4741.7998046875,4748.2001953125,4725.0,4735.89990234375
1770340800,4736.2001953125,4747.60009765625,4731.2001953125,4738.89990234375
1770340920,4741.0,4744.0,4723.2998046875,4726.7001953125
1770341040,4729.0,4739.10009765625,4720.7998046875,4730.39990234375
1770341160,4731.2001953125,4749.10009765625,4731.2001953125,4745.89990234375
1770341280,4745.7998046875,4745.7998046875,4729.2998046875,4730.0
1770341400,4730.10009765625,4747.5,4723.60009765625,4746.60009765625
1770341520,4747.39990234375,4757.5,4745.2998046875,4756.0
1770341640,4755.89990234375,4763.60009765625,4755.0,4760.60009765625
1770341760,4762.0,4765.7998046875,4755.39990234375,4758.39990234375
1770341880,4759.0,4763.60009765625,4748.89990234375,4748.89990234375
1770342000,4750.2001953125,4762.60009765625,4749.39990234375,4753.5
1770342120,4755.7998046875,4756.2998046875,4745.89990234375,4754.2998046875
1770342240,4755.0,4762.0,4752.89990234375,4760.10009765625
1770342360,4761.2998046875,4770.0,4758.10009765625,4768.7001953125
1770342480,4768.7998046875,4775.0,4766.2001953125,4770.7001953125
1770342600,4771.0,4779.0,4771.0,4776.7001953125
1770342720,4778.0,4781.10009765625,4774.5,4780.89990234375
1770342840,4779.7001953125,4802.7998046875,4779.7001953125,4802.7998046875
1770342960,4802.89990234375,4803.39990234375,4784.2998046875,4784.2998046875
1770343080,4786.0,4792.60009765625,4782.0,4792.10009765625
1770343200,4792.7001953125,4799.39990234375,4787.89990234375,4796.5
1770343320,4796.5,4797.0,4781.2001953125,4784.5
1770343440,4785.2998046875,4797.60009765625,4777.7998046875,4796.2001953125
1770343560,4796.2001953125,4804.5,4794.5,4803.0
1770343680,4801.39990234375,4807.5,4795.39990234375,4807.5
1770343800,4807.7001953125,4812.5,4805.39990234375,4807.5
1770343920,4808.5,4813.7998046875,4804.7998046875,4805.2001953125
1770344040,4806.60009765625,4809.0,4800.10009765625,4803.7998046875
1770344160,4802.7998046875,4814.5,4798.89990234375,4813.89990234375
1770344280,4813.7001953125,4817.0,4810.39990234375,4817.0
1770344400,4815.7001953125,4817.10009765625,4808.7001953125,4814.7998046875
1770344520,4815.0,4817.0,4807.39990234375,4809.7001953125
1770344640,4809.39990234375,4815.0,4805.89990234375,4810.39990234375
1770344760,4809.7001953125,4818.0,4807.0,4817.7001953125
1770344880,4817.5,4838.7998046875,4816.0,4837.60009765625
1770345000,4836.7001953125,4847.7998046875,4826.10009765625,4839.39990234375
1770345120,4838.7998046875,4848.89990234375,4832.5,4844.89990234375
1770345240,4845.0,4855.0,4840.0,4844.10009765625
1770345360,4844.10009765625,4853.2001953125,4843.2998046875,4848.2001953125
1770345480,4848.2998046875,4860.5,4843.39990234375,4852.2001953125
1770345600,4852.10009765625,4859.2998046875,4842.7998046875,4858.10009765625
1770345720,4859.39990234375,4863.5,4836.0,4838.0
1770345840,4839.0,4849.89990234375,4837.7998046875,4843.89990234375
1770345960,4844.2998046875,4846.89990234375,4836.2001953125,4842.0
1770346080,4841.2001953125,4844.60009765625,4839.0,4844.2998046875
1770346200,4843.39990234375,4843.5,4829.89990234375,4834.10009765625
1770346320,4835.0,4836.2001953125,4826.2998046875,4830.0
1770346440,4830.5,4841.7001953125,4830.5,4835.2998046875
1770346560,4835.5,4845.89990234375,4835.5,4845.39990234375
1770346680,4843.2998046875,4843.2998046875,4832.2001953125,4833.5
1770346800,4832.5,4836.60009765625,4825.60009765625,4825.7998046875
1770346920,4826.2998046875,4841.89990234375,4825.7001953125,4838.39990234375
1770347040,4840.7001953125,4855.10009765625,4840.7001953125,4853.60009765625
1770347160,4853.0,4856.39990234375,4848.7998046875,4850.2998046875
1770347280,4849.0,4852.60009765625,4844.60009765625,4845.0
1770347400,4845.2998046875,4845.2998046875,4835.7001953125,4838.10009765625
1770347520,4838.0,4838.0,4831.7998046875,4833.39990234375
1770347640,4832.39990234375,4836.60009765625,4830.2998046875,4836.60009765625
1770347760,4837.2998046875,4838.2001953125,4835.2998046875,4837.89990234375
1770347880,4836.5,4844.5,4836.39990234375,4843.60009765625
1770348000,4840.89990234375,4843.2001953125,4833.7998046875,4838.60009765625
1770348120,4838.2001953125,4839.2001953125,4816.7001953125,4825.2998046875
1770348240,4825.5,4831.10009765625,4818.7001953125,4831.10009765625
1770348360,4831.60009765625,4832.7998046875,4823.7998046875,4826.5
1770348480,4827.7001953125,4833.2998046875,4822.5,4829.0
1770348600,4829.2998046875,4837.10009765625,4825.2998046875,4836.7998046875
1770348720,4836.7998046875,4842.39990234375,4832.10009765625,4842.39990234375
1770348840,4841.2998046875,4842.7998046875,4832.7001953125,4834.5
1770348960,4835.5,4836.7998046875,4825.0,4833.89990234375
1770349080,4832.7001953125,4833.10009765625,4825.7001953125,4831.2001953125
1770349200,4830.2998046875,4831.5,4822.7001953125,4825.0
1770349320,4824.2998046875,4824.2998046875,4817.39990234375,4823.39990234375
1770349440,4823.39990234375,4826.89990234375,4821.60009765625,4826.2998046875
1770349560,4826.89990234375,4830.39990234375,4826.89990234375,4829.39990234375
1770349680,4829.89990234375,4839.60009765625,4827.2998046875,4838.0
1770349800,4838.7998046875,4844.7998046875,4837.89990234375,4839.10009765625
1770349920,4838.7998046875,4846.0,4837.2998046875,4842.39990234375
1770350040,4842.39990234375,4843.39990234375,4839.7001953125,4840.7001953125
1770350160,4840.7998046875,4844.60009765625,4838.39990234375,4842.2998046875
1770350280,4840.0,4843.2998046875,4840.0,4841.10009765625
1770350400,4842.0,4845.60009765625,4835.5,4835.7001953125
1770350520,4836.7998046875,4844.0,4832.10009765625,4844.0
1770350640,4842.7001953125,4842.89990234375,4832.89990234375,4836.39990234375
1770350760,4837.0,4843.2998046875,4837.0,4842.7998046875
1770350880,4842.7998046875,4843.89990234375,4839.2001953125,4839.89990234375
1770351000,4839.5,4842.7001953125,4837.5,4842.7001953125
1770351120,4843.2998046875,4845.39990234375,4839.89990234375,4839.89990234375
1770351240,4839.89990234375,4841.2998046875,4836.7998046875,4840.0
1770351360,4840.5,4843.7998046875,4840.10009765625,4843.7998046875
1770351480,4841.60009765625,4843.10009765625,4836.39990234375,4837.0
1770351600,4836.5,4837.5,4834.0,4835.10009765625
1770351720,4835.10009765625,4835.2001953125,4824.0,4824.2001953125
1770351840,4824.0,4838.60009765625,4823.89990234375,4837.7998046875
1770351960,4838.7998046875,4843.0,4838.0,4843.0
1770352080,4842.7998046875,4844.7001953125,4842.2001953125,4843.2998046875
1770352200,4843.5,4848.89990234375,4842.10009765625,4846.2998046875
1770352320,4846.2998046875,4847.10009765625,4841.39990234375,4841.39990234375
1770352440,4842.0,4842.0,4838.7998046875,4839.7001953125
1770352560,4839.7001953125,4843.0,4836.60009765625,4842.0
1770352680,4841.2001953125,4842.7998046875,4839.2001953125,4842.60009765625
1770352800,4843.0,4843.5,4836.89990234375,4838.10009765625
1770352920,4839.5,4840.89990234375,4838.7001953125,4838.7001953125
1770353040,4840.2001953125,4841.39990234375,4834.2001953125,4834.89990234375
1770353160,4834.2001953125,4838.5,4834.2001953125,4837.10009765625
1770353280,4838.2001953125,4840.0,4836.39990234375,4838.7998046875
1770353400,4838.7001953125,4841.7998046875,4837.5,4841.7998046875
1770353520,4842.39990234375,4842.39990234375,4833.0,4833.0
1770353640,4833.0,4836.10009765625,4828.10009765625,4833.7998046875
1770353760,4835.0,4837.2001953125,4828.39990234375,4830.5
1770353880,4829.2001953125,4832.2998046875,4829.2001953125,4831.89990234375
1770354000,4830.39990234375,4833.39990234375,4824.5,4827.7001953125
1770354120,4826.39990234375,4841.0,4826.39990234375,4838.0
1770354240,4839.10009765625,4840.10009765625,4835.0,4840.10009765625
1770354360,4839.5,4840.39990234375,4836.10009765625,4839.5
1770354480,4838.7998046875,4843.2001953125,4838.7998046875,4841.89990234375
1770354600,4841.7998046875,4843.39990234375,4841.0,4841.0
1770354720,4842.2001953125,4843.0,4839.2001953125,4842.0
1770354840,4842.60009765625,4843.10009765625,4839.5,4839.7001953125
1770354960,4838.5,4845.60009765625,4836.89990234375,4844.0
1770355080,4844.0,4849.7998046875,4844.0,4849.10009765625
1770355200,4849.89990234375,4850.0,4845.60009765625,4849.7998046875
1770355320,4848.7001953125,4852.7001953125,4846.2998046875,4852.7001953125
1770355440,4852.7001953125,4866.89990234375,4851.7998046875,4861.2001953125
1770355560,4862.10009765625,4865.2001953125,4860.0,4863.39990234375
1770355680,4862.7001953125,4870.0,4859.7001953125,4868.89990234375
1770355800,4868.7998046875,4869.2998046875,4855.0,4855.7998046875
1770355920,4857.7001953125,4872.0,4853.7001953125,4872.0
1770356040,4872.0,4873.2001953125,4867.0,4869.2998046875
1770356160,4868.0,4873.2001953125,4867.39990234375,4873.2001953125
1770356280,4873.2001953125,4879.10009765625,4866.5,4874.89990234375
1770356400,4876.2001953125,4889.0,4875.7001953125,4885.7001953125
1770356520,4884.2998046875,4887.60009765625,4876.0,4879.7001953125
1770356640,4879.2001953125,4883.10009765625,4876.2001953125,4883.0
1770356760,4883.0,4894.89990234375,4880.2001953125,4890.7001953125
1770356880,4890.60009765625,4891.60009765625,4885.7998046875,4890.2998046875
1770357000,4889.10009765625,4897.60009765625,4888.7998046875,4894.0
1770357120,4893.7001953125,4900.5,4890.5,4895.2998046875
1770357240,4895.0,4907.10009765625,4895.0,4905.7001953125
1770357360,4904.5,4912.89990234375,4901.0,4912.2998046875
1770357480,4910.89990234375,4916.2001953125,4908.89990234375,4915.2998046875
1770357600,4916.2998046875,4921.60009765625,4903.7998046875,4907.2001953125
1770357720,4906.2001953125,4910.39990234375,4902.2998046875,4903.10009765625
1770357840,4903.0,4910.0,4899.10009765625,4902.60009765625
1770357960,4903.2001953125,4904.60009765625,4891.0,4895.7001953125
1770358080,4894.5,4894.5,4886.5,4890.60009765625
1770358200,4889.7998046875,4896.7001953125,4887.0,4889.89990234375
1770358320,4889.5,4894.10009765625,4883.2001953125,4884.2998046875
1770358440,4884.60009765625,4889.39990234375,4882.89990234375,4888.5
1770358560,4889.10009765625,4891.2998046875,4879.2001953125,4881.60009765625
1770358680,4881.0,4883.39990234375,4877.60009765625,4879.10009765625
1770358800,4878.7998046875,4882.0,4874.89990234375,4880.2001953125
1770358920,4881.2998046875,4886.7001953125,4879.89990234375,4881.89990234375
1770359040,4880.5,4881.10009765625,4871.0,4876.60009765625
1770359160,4876.7998046875,4880.39990234375,4867.7001953125,4876.0
1770359280,4875.2998046875,4879.39990234375,4871.7998046875,4873.89990234375
1770359400,4871.89990234375,4885.89990234375,4871.89990234375,4882.89990234375
1770359520,4883.39990234375,4883.60009765625,4872.0,4872.5
1770359640,4872.2998046875,4872.2998046875,4860.0,4861.39990234375
1770359760,4860.89990234375,4866.7001953125,4857.10009765625,4865.0
1770359880,4865.2001953125,4866.60009765625,4855.5,4859.39990234375
1770360000,4860.2001953125,4861.2998046875,4855.7001953125,4858.39990234375
1770360120,4856.39990234375,4862.0,4856.39990234375,4860.7001953125
1770360240,4861.10009765625,4869.0,4859.89990234375,4862.0
1770360360,4860.7998046875,4872.89990234375,4860.7001953125,4872.60009765625
1770360480,4873.39990234375,4875.10009765625,4871.0,4873.89990234375
1770360600,4874.2998046875,4875.2001953125,4865.7001953125,4868.60009765625
1770360720,4867.7998046875,4869.60009765625,4864.2998046875,4867.39990234375
1770360840,4867.89990234375,4870.10009765625,4858.7998046875,4859.10009765625
1770360960,4858.0,4858.0,4841.0,4853.60009765625
1770361080,4854.0,4866.39990234375,4852.7998046875,4865.60009765625
1770361200,4865.0,4866.7998046875,4856.7998046875,4866.0
1770361320,4865.39990234375,4873.7001953125,4865.39990234375,4867.0
1770361440,4867.2001953125,4867.7001953125,4859.2998046875,4863.2001953125
1770361560,4862.7001953125,4865.10009765625,4859.7998046875,4860.2998046875
1770361680,4860.5,4866.5,4859.39990234375,4864.39990234375
1770361800,4865.5,4874.10009765625,4865.5,4867.2998046875
1770361920,4867.2998046875,4872.39990234375,4863.7998046875,4867.2998046875
1770362040,4868.10009765625,4872.5,4866.2998046875,4871.0
1770362160,4870.5,4870.5,4866.10009765625,4867.60009765625
1770362280,4868.89990234375,4870.2001953125,4862.0,4866.0
1770362400,4865.5,4869.2001953125,4865.0,4869.2001953125
1770362520,4868.7998046875,4871.10009765625,4864.7001953125,4868.60009765625
1770362640,4869.10009765625,4881.89990234375,4868.10009765625,4880.2001953125
1770362760,4880.2001953125,4881.60009765625,4877.2998046875,4880.0
1770362880,4880.0,4881.10009765625,4877.89990234375,4878.39990234375
1770363000,4878.2001953125,4880.10009765625,4875.2998046875,4878.5
1770363120,4878.39990234375,4878.5,4868.5,4868.5
1770363240,4868.89990234375,4873.7001953125,4867.39990234375,4871.2001953125
1770363360,4870.60009765625,4874.2001953125,4870.0,4871.0
1770363480,4871.0,4876.7001953125,4870.7001953125,4875.5
1770363600,4875.7001953125,4876.7998046875,4872.60009765625,4872.60009765625
1770363720,4872.60009765625,4880.60009765625,4870.7998046875,4878.7998046875
1770363840,4879.2001953125,4879.2001953125,4874.89990234375,4875.60009765625
1770364320,4873.60009765625,4875.7998046875,4871.7001953125,4875.2998046875
1770364440,4875.60009765625,4876.0,4869.7001953125,4873.7998046875
1770364560,4874.89990234375,4874.89990234375,4869.60009765625,4871.39990234375
1770364680,4870.7001953125,4871.0,4861.2001953125,4862.2998046875
1770364800,4861.60009765625,4865.7001953125,4849.5,4852.39990234375
1770364920,4852.7998046875,4856.7998046875,4849.89990234375,4855.7998046875
1770365040,4856.0,4861.7998046875,4854.2001953125,4858.60009765625
1770365160,4858.7001953125,4864.7998046875,4854.2001953125,4863.2001953125
1770365280,4863.2001953125,4864.0,4860.60009765625,4862.2998046875
1770365400,4862.89990234375,4873.2001953125,4862.89990234375,4869.2001953125
1770365520,4869.39990234375,4874.89990234375,4868.60009765625,4872.39990234375
1770365640,4872.7001953125,4879.89990234375,4869.89990234375,4878.7001953125
1770365760,4879.39990234375,4881.89990234375,4870.60009765625,4871.2998046875
1770365880,4870.60009765625,4876.89990234375,4869.5,4876.7998046875
1770366000,4878.0,4888.60009765625,4877.2998046875,4886.2001953125
1770366120,4886.60009765625,4887.2998046875,4882.39990234375,4885.2001953125
1770366240,4884.60009765625,4896.60009765625,4884.39990234375,4894.7001953125
1770366360,4894.0,4895.0,4887.7001953125,4890.60009765625
1770366480,4891.5,4896.5,4887.7001953125,4890.0
1770366600,4888.7001953125,4898.39990234375,4888.7001953125,4895.60009765625
1770366720,4894.2998046875,4901.2001953125,4894.10009765625,4899.2001953125
1770366840,4900.0,4904.5,4899.5,4902.10009765625
1770366960,4901.5,4901.5,4885.10009765625,4886.0
1770367080,4886.2001953125,4887.2001953125,4881.2001953125,4884.89990234375
1770367200,4885.2998046875,4885.2998046875,4878.89990234375,4880.7001953125
1770367320,4880.89990234375,4885.0,4877.10009765625,4880.60009765625
1770367440,4880.2998046875,4883.60009765625,4878.10009765625,4880.7001953125
1770367560,4880.7001953125,4882.2998046875,4875.0,4880.10009765625
1770367680,4879.7001953125,4883.0,4875.60009765625,4882.2998046875
1770367800,4882.2998046875,4886.10009765625,4881.2001953125,4882.89990234375
1770367920,4882.7001953125,4887.10009765625,4880.7998046875,4882.7998046875
1770368040,4885.10009765625,4886.89990234375,4877.7001953125,4880.0
1770368160,4881.10009765625,4883.89990234375,4878.0,4883.89990234375
1770368280,4883.2998046875,4885.39990234375,4882.10009765625,4884.7998046875
1770368400,4884.10009765625,4894.39990234375,4876.39990234375,4877.10009765625
1770368520,4876.39990234375,4879.89990234375,4865.7998046875,4870.7998046875
1770368640,4871.89990234375,4877.7001953125,4870.2998046875,4877.2001953125
1770368760,4876.60009765625,4877.10009765625,4863.0,4871.89990234375
1770368880,4871.7001953125,4872.10009765625,4868.89990234375,4869.60009765625
1770369000,4870.89990234375,4872.10009765625,4867.0,4868.7001953125
1770369120,4868.5,4875.2998046875,4868.0,4869.2001953125
1770369240,4870.2998046875,4871.89990234375,4862.2001953125,4871.89990234375
1770369360,4871.0,4876.0,4869.5,4872.2001953125
1770369480,4872.60009765625,4872.60009765625,4869.0,4870.0
1770369600,4870.2001953125,4877.89990234375,4869.89990234375,4876.60009765625
1770369720,4877.7998046875,4885.2998046875,4875.2001953125,4883.2001953125
1770369840,4883.0,4891.2001953125,4880.0,4882.5
1770369960,4881.2998046875,4882.7998046875,4880.5,4882.7998046875
1770370080,4883.5,4888.10009765625,4883.5,4887.39990234375
1770370200,4887.2998046875,4889.60009765625,4887.10009765625,4888.5
1770370320,4888.39990234375,4889.7998046875,4884.2998046875,4889.0
1770370440,4888.0,4896.5,4884.60009765625,4893.5
1770370560,4894.60009765625,4895.60009765625,4885.7001953125,4885.7001953125
1770370680,4885.60009765625,4887.39990234375,4883.7998046875,4886.7001953125
1770370800,4885.2998046875,4886.60009765625,4882.5,4883.5
1770370920,4884.10009765625,4886.39990234375,4882.0,4885.60009765625
1770371040,4885.0,4885.2001953125,4878.39990234375,4881.2001953125
1770371160,4882.2001953125,4885.5,4881.2001953125,4885.0
1770371280,4884.7998046875,4892.5,4884.7001953125,4891.60009765625
1770371400,4891.60009765625,4893.39990234375,4885.2998046875,4890.39990234375
1770371520,4889.60009765625,4891.2998046875,4884.2998046875,4886.2998046875
1770371640,4886.0,4887.60009765625,4882.60009765625,4882.60009765625
1770371760,4883.89990234375,4888.89990234375,4882.0,4888.2001953125
1770371880,4889.2998046875,4892.5,4887.89990234375,4889.5
1770372000,4888.0,4894.2998046875,4887.7998046875,4894.2998046875
1770372120,4894.2998046875,4899.10009765625,4891.5,4894.39990234375
1770372240,4893.60009765625,4898.5,4891.10009765625,4893.89990234375
1770372360,4894.2998046875,4898.2001953125,4894.2001953125,4896.0
1770372480,4895.2998046875,4900.0,4894.0,4899.89990234375
1770372600,4899.60009765625,4899.89990234375,4898.2001953125,4899.5
1770372720,4898.7998046875,4899.89990234375,4893.7001953125,4896.5
1770372840,4895.7998046875,4898.7998046875,4891.7001953125,4892.60009765625
1770372960,4891.7001953125,4898.39990234375,4891.7001953125,4897.2001953125
1770373080,4898.60009765625,4898.60009765625,4887.10009765625,4887.89990234375
1770373200,4888.60009765625,4888.60009765625,4883.2001953125,4883.2001953125
1770373320,4884.89990234375,4886.10009765625,4875.89990234375,4876.7998046875
1770373440,4877.39990234375,4882.2998046875,4874.2998046875,4879.39990234375
1770373560,4879.0,4880.60009765625,4876.5,4876.5
1770373680,4876.5,4876.60009765625,4872.60009765625,4876.60009765625
1770373800,4876.0,4880.89990234375,4874.7001953125,4878.7001953125
1770373920,4879.89990234375,4888.7998046875,4878.0,4888.7998046875
1770374040,4888.89990234375,4892.89990234375,4888.0,4892.2001953125
1770374160,4891.7001953125,4892.10009765625,4886.2001953125,4889.89990234375
1770374280,4889.60009765625,4894.2001953125,4889.0,4893.89990234375
1770374400,4895.5,4897.2998046875,4893.39990234375,4895.60009765625
1770374520,4895.60009765625,4898.5,4895.0,4897.89990234375
1770374640,4897.10009765625,4899.89990234375,4894.89990234375,4895.0
1770374760,4895.2001953125,4898.10009765625,4891.60009765625,4893.2998046875
1770374880,4892.39990234375,4892.39990234375,4888.7001953125,4891.2001953125
1770375000,4890.7998046875,4896.7998046875,4890.7998046875,4896.10009765625
1770375120,4896.10009765625,4900.0,4896.0,4899.5
1770375240,4900.0,4901.7001953125,4897.2998046875,4898.10009765625
1770375360,4897.0,4898.5,4894.2998046875,4895.39990234375
1770375480,4895.60009765625,4900.10009765625,4893.7001953125,4899.89990234375
1770375600,4899.7001953125,4910.0,4899.7001953125,4909.7001953125
1770375720,4909.2001953125,4909.39990234375,4904.39990234375,4906.10009765625
1770375840,4907.2998046875,4909.10009765625,4885.60009765625,4891.0
1770375960,4892.2001953125,4896.10009765625,4890.2001953125,4895.60009765625
1770376080,4895.39990234375,4896.60009765625,4893.7001953125,4894.10009765625
1770376200,4895.5,4904.2998046875,4893.89990234375,4904.2001953125
1770376320,4903.5,4903.60009765625,4900.10009765625,4901.89990234375
1770376440,4902.10009765625,4908.2998046875,4902.10009765625,4905.39990234375
1770376560,4905.7001953125,4905.89990234375,4900.2001953125,4903.2001953125
1770376680,4904.5,4909.10009765625,4903.7001953125,4904.7001953125
1770376800,4903.60009765625,4906.7001953125,4902.5,4906.5
1770376920,4906.89990234375,4915.89990234375,4905.60009765625,4914.39990234375
1770377040,4913.10009765625,4913.7998046875,4905.10009765625,4910.7001953125
1770377160,4911.89990234375,4916.2998046875,4909.39990234375,4909.39990234375
1770377280,4909.2001953125,4913.10009765625,4907.10009765625,4912.2001953125
1770377400,4912.60009765625,4914.89990234375,4900.2001953125,4904.2001953125
1770377520,4904.89990234375,4906.89990234375,4903.7998046875,4906.7001953125
1770377640,4905.2998046875,4905.2998046875,4901.89990234375,4902.2998046875
1770377760,4903.2998046875,4909.39990234375,4903.2998046875,4909.39990234375
1770377880,4910.0,4912.5,4908.89990234375,4910.0
1770378000,4909.2001953125,4915.0,4909.10009765625,4915.0
1770378120,4914.10009765625,4915.60009765625,4910.89990234375,4910.89990234375
1770378240,4911.89990234375,4911.89990234375,4906.2001953125,4908.2998046875
1770378360,4908.0,4910.89990234375,4904.7001953125,4909.7998046875
1770378480,4910.89990234375,4911.0,4904.5,4906.7001953125
1770378600,4906.89990234375,4909.89990234375,4904.5,4908.2001953125
1770378720,4909.2998046875,4913.39990234375,4908.7001953125,4910.89990234375
1770378840,4911.89990234375,4915.0,4910.7998046875,4912.39990234375
1770378960,4913.2998046875,4918.7001953125,4913.2001953125,4915.7998046875
1770379080,4916.2001953125,4916.89990234375,4909.10009765625,4909.10009765625
1770379200,4910.10009765625,4912.10009765625,4905.10009765625,4910.7001953125
1770379320,4910.60009765625,4915.5,4907.0,4914.39990234375
1770379440,4914.60009765625,4917.5,4911.2001953125,4915.89990234375
1770379560,4916.39990234375,4925.0,4915.2998046875,4921.7998046875
1770379680,4922.7001953125,4925.7001953125,4919.10009765625,4920.2001953125
1770379800,4919.5,4919.5,4912.39990234375,4913.60009765625
1770379920,4913.89990234375,4921.7998046875,4913.89990234375,4917.60009765625
1770380040,4918.39990234375,4918.89990234375,4915.5,4915.89990234375
1770380160,4915.7998046875,4918.39990234375,4912.60009765625,4914.39990234375
1770380280,4913.60009765625,4915.2998046875,4905.7998046875,4906.7001953125
1770380400,4907.2001953125,4910.0,4899.2001953125,4900.7001953125
1770380520,4901.10009765625,4906.39990234375,4898.2001953125,4900.7998046875
1770380640,4900.2998046875,4902.39990234375,4898.0,4901.0
1770380760,4901.2001953125,4901.60009765625,4898.7001953125,4900.89990234375
1770380880,4900.7998046875,4901.39990234375,4892.0,4898.60009765625
1770381000,4899.5,4906.39990234375,4898.39990234375,4905.0
1770381120,4904.5,4907.5,4901.10009765625,4906.0
1770381240,4906.0,4907.0,4904.7001953125,4905.60009765625
1770381360,4905.7001953125,4906.89990234375,4902.7998046875,4905.0
1770381480,4905.2998046875,4915.0,4905.2001953125,4909.89990234375
1770381600,4910.10009765625,4911.0,4907.5,4908.10009765625
1770381720,4909.10009765625,4916.0,4908.0,4915.10009765625
1770381840,4914.2998046875,4919.5,4913.0,4918.2001953125
1770381960,4918.10009765625,4922.2001953125,4918.10009765625,4919.7998046875
1770382080,4919.39990234375,4923.2001953125,4918.89990234375,4919.2998046875
1770382200,4920.0,4926.0,4917.5,4919.2001953125
1770382320,4918.39990234375,4921.5,4918.39990234375,4918.89990234375
1770382440,4920.0,4923.39990234375,4918.7998046875,4920.60009765625
1770382560,4921.2001953125,4922.0,4919.10009765625,4920.7001953125
1770382680,4920.5,4923.89990234375,4917.7001953125,4921.7001953125
1770382800,4922.0,4948.0,4918.2001953125,4945.0
1770382920,4944.7001953125,4945.39990234375,4936.10009765625,4941.39990234375
1770383040,4942.7001953125,4948.7998046875,4940.7001953125,4941.60009765625
1770383160,4940.5,4941.89990234375,4931.2998046875,4936.39990234375
1770383280,4935.10009765625,4941.7001953125,4931.2001953125,4936.10009765625
1770383400,4934.2998046875,4938.7001953125,4927.0,4937.10009765625
1770383520,4937.2001953125,4938.0,4931.10009765625,4935.2998046875
1770383640,4935.39990234375,4936.0,4929.60009765625,4930.89990234375
1770383760,4929.0,4934.7001953125,4928.7001953125,4933.2001953125
1770383880,4933.89990234375,4940.7998046875,4933.89990234375,4935.0
1770384000,4936.7998046875,4943.60009765625,4934.60009765625,4943.5
1770384120,4943.60009765625,4948.7998046875,4942.7001953125,4947.39990234375
1770384240,4947.2001953125,4951.2998046875,4942.2998046875,4943.39990234375
1770384360,4942.39990234375,4942.7001953125,4927.10009765625,4935.0
1770384480,4935.7998046875,4937.60009765625,4927.2001953125,4931.2001953125
1770384600,4930.10009765625,4949.10009765625,4930.10009765625,4949.10009765625
1770384720,4949.0,4950.60009765625,4942.89990234375,4945.60009765625
1770384840,4945.39990234375,4948.7998046875,4941.7998046875,4945.7001953125
1770384960,4945.5,4948.89990234375,4943.2001953125,4944.5
1770385080,4945.7998046875,4960.2998046875,4945.7998046875,4952.60009765625
1770385200,4953.10009765625,4958.2001953125,4952.39990234375,4954.89990234375
1770385320,4952.60009765625,4961.0,4951.60009765625,4957.10009765625
1770385440,4956.7001953125,4959.89990234375,4949.60009765625,4952.2998046875
1770385560,4953.10009765625,4956.10009765625,4951.89990234375,4956.10009765625
1770385680,4956.7998046875,4957.0,4950.0,4952.5
1770385800,4952.5,4953.5,4944.39990234375,4948.10009765625
1770385920,4949.60009765625,4952.7001953125,4946.0,4950.60009765625
1770386040,4949.60009765625,4951.2998046875,4944.2001953125,4947.2998046875
1770386160,4946.7998046875,4949.2998046875,4943.10009765625,4944.89990234375
1770386280,4944.2998046875,4951.0,4943.2998046875,4951.0
1770386400,4951.7001953125,4955.0,4947.7998046875,4948.10009765625
1770386520,4947.89990234375,4951.0,4943.2001953125,4950.10009765625
1770386640,4950.10009765625,4954.0,4946.2001953125,4950.2001953125
1770386760,4949.7001953125,4950.89990234375,4937.7001953125,4941.2001953125
1770386880,4939.89990234375,4944.5,4935.7001953125,4944.0
1770387000,4944.60009765625,4946.0,4931.60009765625,4939.10009765625
1770387120,4939.2001953125,4946.89990234375,4939.2001953125,4946.2001953125
1770387240,4945.2998046875,4946.39990234375,4942.89990234375,4946.10009765625
1770387360,4946.39990234375,4948.5,4942.2001953125,4943.39990234375
1770387480,4942.89990234375,4945.0,4940.39990234375,4943.89990234375
1770387600,4944.2998046875,4944.7998046875,4933.7998046875,4934.5
1770387720,4934.60009765625,4938.2998046875,4925.60009765625,4927.2001953125
1770387840,4926.7001953125,4928.5,4916.2001953125,4921.2001953125
1770387960,4921.2001953125,4928.39990234375,4921.2001953125,4927.60009765625
1770388080,4928.0,4930.10009765625,4923.5,4926.10009765625
1770388200,4926.7001953125,4940.7998046875,4918.5,4940.2998046875
1770388320,4940.60009765625,4940.60009765625,4938.39990234375,4938.7998046875
1770388440,4952.7001953125,4953.0,4949.0,4951.0
1770388560,4951.7001953125,4970.5,4947.60009765625,4969.10009765625
1770388680,4968.89990234375,4971.0,4958.7998046875,4960.0
1770388800,4960.7001953125,4962.2998046875,4948.89990234375,4950.39990234375
1770388920,4950.39990234375,4955.2998046875,4946.2998046875,4954.39990234375
1770389040,4955.2001953125,4959.5,4951.0,4953.10009765625
1770389160,4953.10009765625,4960.39990234375,4950.7001953125,4955.2998046875
1770389280,4955.0,4963.2001953125,4953.39990234375,4961.89990234375
1770389400,4961.89990234375,4966.60009765625,4959.7998046875,4962.7998046875
1770389520,4962.5,4968.0,4960.5,4964.7001953125
1770389640,4964.7998046875,4966.39990234375,4958.2001953125,4962.2998046875
1770389760,4961.7001953125,4973.7001953125,4960.0,4970.89990234375
1770389880,4971.7001953125,4973.2998046875,4966.89990234375,4972.5
1770390000,4970.7998046875,4983.7001953125,4965.60009765625,4972.2001953125
1770390120,4971.39990234375,4975.10009765625,4962.60009765625,4969.10009765625
1770390240,4969.10009765625,4975.89990234375,4963.60009765625,4969.2998046875
1770390360,4970.7998046875,4988.7998046875,4970.7998046875,4982.7998046875
1770390480,4982.2998046875,4983.0,4976.2998046875,4980.0
1770390600,4980.60009765625,4984.7998046875,4975.7001953125,4977.2001953125
1770390720,4976.10009765625,4980.89990234375,4971.2998046875,4971.2998046875
1770390840,4971.10009765625,4977.2001953125,4970.60009765625,4973.7998046875
1770390960,4973.0,4973.0,4966.0,4968.39990234375
1770391080,4967.60009765625,4973.60009765625,4966.2001953125,4970.2001953125
1770391200,4969.2998046875,4971.2998046875,4960.0,4969.0
1770391320,4971.0,4980.2001953125,4970.2001953125,4975.10009765625
1770391440,4974.5,4977.7998046875,4967.7001953125,4977.2001953125
1770391560,4977.2001953125,4984.2998046875,4973.5,4974.89990234375
1770391680,4974.60009765625,4980.60009765625,4972.5,4980.5
1770391800,4980.5,4981.10009765625,4972.7998046875,4975.7001953125
1770391920,4975.7001953125,4980.10009765625,4974.7998046875,4977.7998046875
1770392760,4960.39990234375,4970.0,4960.39990234375,4968.7001953125
1770392880,4968.0,4971.39990234375,4964.89990234375,4965.2998046875
1770393000,4965.2998046875,4971.2001953125,4963.0,4970.89990234375
1770393120,4970.7001953125,4974.89990234375,4968.89990234375,4970.2001953125
1770393240,4969.39990234375,4971.0,4959.10009765625,4962.2001953125
1770393360,4963.7998046875,4967.0,4963.5,4966.2998046875
1770393840,4972.39990234375,4972.39990234375,4970.0,4971.5
1770394080,4968.2998046875,4968.7998046875,4966.2998046875,4967.0
1770394200,4969.2001953125,4972.2998046875,4968.2001953125,4970.7001953125
1770394320,4970.39990234375,4974.39990234375,4967.0,4968.7001953125
1770394440,4968.2001953125,4968.2001953125,4961.0,4961.7998046875
1770394560,4961.89990234375,4964.89990234375,4954.60009765625,4963.2998046875
1770394680,4963.7001953125,4970.2001953125,4963.5,4966.2998046875
1770394800,4966.60009765625,4967.7998046875,4960.7001953125,4962.2998046875
1770394920,4962.39990234375,4962.89990234375,4955.2998046875,4955.7001953125
1770395040,4956.10009765625,4960.39990234375,4952.5,4953.39990234375
1770395160,4953.5,4958.39990234375,4945.0,4958.39990234375
1770395280,4958.5,4963.7998046875,4958.39990234375,4962.5
1770395400,4961.7998046875,4964.89990234375,4958.10009765625,4958.2001953125
1770395520,4958.0,4961.89990234375,4956.0,4957.89990234375
1770395640,4956.5,4960.2998046875,4955.39990234375,4957.0
1770395760,4958.2998046875,4959.7001953125,4953.2998046875,4953.7998046875
1770395880,4954.89990234375,4965.60009765625,4953.7998046875,4964.7001953125
1770396000,4965.39990234375,4971.89990234375,4965.39990234375,4967.10009765625
1770396120,4967.39990234375,4967.39990234375,4960.0,4960.0
1770396240,4959.2998046875,4966.60009765625,4956.7998046875,4964.60009765625
1770396360,4965.39990234375,4969.0,4959.89990234375,4968.10009765625
1770396480,4968.10009765625,4971.89990234375,4967.39990234375,4970.39990234375
1770396600,4970.10009765625,4971.7001953125,4967.89990234375,4971.2998046875
1770396720,4971.89990234375,4972.0,4966.10009765625,4967.7998046875
1770396840,4968.60009765625,4971.7001953125,4966.0,4969.5
1770396960,4969.2001953125,4974.7998046875,4969.2001953125,4973.0
1770397080,4973.7998046875,4978.0,4972.2998046875,4975.2998046875
1770397200,4975.2998046875,4980.0,4973.0,4977.39990234375
1770397320,4978.10009765625,4980.7001953125,4977.2998046875,4977.60009765625
1770397440,4978.0,4983.0,4976.2998046875,4979.10009765625
1770397560,4979.2001953125,4980.7998046875,4975.60009765625,4976.7998046875
1770397680,4978.0,4983.5,4977.5,4983.0
1770397800,4983.60009765625,4984.60009765625,4981.0,4982.0
1770397920,4982.2001953125,4984.5,4979.7998046875,4982.89990234375
1770398040,4982.89990234375,4984.39990234375,4979.0,4980.0
1770398160,4979.2998046875,4979.60009765625,4976.10009765625,4979.39990234375
1770398280,4978.89990234375,4983.0,4978.7001953125,4981.7998046875
1770398400,4982.2998046875,4983.10009765625,4978.60009765625,4980.2998046875
1770398520,4981.2998046875,4983.5,4979.10009765625,4983.0
1770398640,4982.7998046875,4983.5,4981.0,4981.60009765625
1770398760,4981.7998046875,4982.89990234375,4978.0,4979.39990234375
1770398880,4979.60009765625,4979.60009765625,4976.60009765625,4978.2998046875
1770399000,4978.7998046875,4992.89990234375,4978.39990234375,4987.89990234375
1770399120,4988.60009765625,4989.7001953125,4982.2998046875,4986.0
1770399240,4986.2998046875,4986.2998046875,4980.7998046875,4982.7998046875
1770399360,4982.0,4982.0,4972.2001953125,4975.5
1770399480,4975.10009765625,4977.89990234375,4973.0,4974.7001953125
1770399600,4974.5,4979.7001953125,4973.2998046875,4977.89990234375
1770399720,4978.60009765625,4979.2998046875,4977.5,4977.7998046875
1770399840,4978.10009765625,4981.89990234375,4977.39990234375,4980.0
1770399960,4979.89990234375,4982.2998046875,4978.7998046875,4979.2998046875
1770400080,4980.0,4983.2001953125,4979.60009765625,4982.7998046875
1770400200,4982.2001953125,4985.39990234375,4981.39990234375,4985.39990234375
1770400320,4985.2998046875,4985.2998046875,4979.89990234375,4980.89990234375
1770400440,4980.7001953125,4985.2998046875,4977.10009765625,4983.39990234375
1770400560,4984.2001953125,4988.0,4984.10009765625,4986.10009765625
1770400680,4987.10009765625,4988.39990234375,4986.5,4986.5
1770400800,4986.7001953125,4988.39990234375,4986.5,4987.5
1770401040,4986.7998046875,4992.2001953125,4986.7998046875,4991.10009765625
1770401160,4991.60009765625,4992.39990234375,4987.60009765625,4988.7001953125
1770401280,4989.60009765625,4990.10009765625,4986.2998046875,4988.0
1770401400,4988.7001953125,4994.0,4988.10009765625,4992.5
1770401520,4993.10009765625,4995.60009765625,4988.60009765625,4989.10009765625
1770401640,4989.2998046875,4990.7001953125,4987.7998046875,4989.60009765625
1770401760,4989.0,4990.7998046875,4985.7998046875,4988.2001953125
1770401880,4988.2001953125,4989.7998046875,4986.7998046875,4987.39990234375
1770402000,4987.2998046875,4988.2998046875,4985.0,4987.7998046875
1770402120,4986.5,4987.7001953125,4978.2001953125,4982.7001953125
1770402240,4983.0,4983.10009765625,4967.89990234375,4974.5
1770402360,4975.0,4976.60009765625,4971.2001953125,4973.10009765625
1770402480,4973.7998046875,4981.89990234375,4972.5,4980.0
1770402600,4979.60009765625,4982.0,4975.7001953125,4976.39990234375
1770402720,4976.0,4981.0,4975.5,4981.0
1770402840,4980.89990234375,4984.89990234375,4980.89990234375,4984.2001953125
1770402960,4984.2001953125,4987.10009765625,4983.89990234375,4987.10009765625
1770403080,4987.10009765625,4989.89990234375,4987.10009765625,4988.39990234375
1770403200,4989.10009765625,4989.10009765625,4985.7001953125,4987.0
1770403320,4987.0,4988.39990234375,4986.60009765625,4987.7001953125
1770403440,4987.7998046875,4989.2998046875,4986.0,4988.39990234375
1770403560,4988.60009765625,4990.2998046875,4988.2001953125,4988.2001953125
1770403680,4988.5,4991.2998046875,4987.2998046875,4990.39990234375
1770403800,4989.7998046875,4992.2001953125,4988.60009765625,4989.2998046875
1770403920,4988.7001953125,4988.7001953125,4987.0,4988.39990234375
1770404040,4988.89990234375,4990.39990234375,4988.2001953125,4989.39990234375
1770404160,4989.0,4989.7001953125,4985.5,4985.89990234375
1770404280,4985.2998046875,4986.2998046875,4984.0,4986.2998046875
1770404400,4986.2998046875,4987.0,4985.10009765625,4985.39990234375
1770404520,4986.0,4986.0,4983.39990234375,4983.39990234375
1770404640,4984.0,4984.5,4983.10009765625,4983.10009765625
1770404760,4982.89990234375,4983.2001953125,4979.7001953125,4982.5
1770404880,4982.5,4983.5,4981.2998046875,4982.10009765625
1770405000,4980.89990234375,4981.2001953125,4976.89990234375,4980.0
1770405120,4979.2001953125,4981.7998046875,4977.89990234375,4981.7998046875
1770405240,4981.60009765625,4983.10009765625,4981.39990234375,4982.39990234375
1770405360,4983.2998046875,4984.2001953125,4981.60009765625,4983.7998046875
1770405480,4984.5,4985.10009765625,4980.60009765625,4981.60009765625
1770405600,4981.2998046875,4984.39990234375,4981.2001953125,4982.2001953125
1770405720,4982.2998046875,4983.89990234375,4982.2001953125,4983.2998046875
1770405840,4983.2998046875,4983.39990234375,4982.2998046875,4982.5
1770405960,4982.2001953125,4984.5,4981.7998046875,4983.2001953125
1770406080,4983.0,4983.0,4980.7998046875,4980.7998046875
1770406200,4980.7998046875,4980.7998046875,4978.10009765625,4978.10009765625
1770406320,4977.5,4982.5,4977.5,4980.60009765625
1770406440,4980.89990234375,4980.89990234375,4977.39990234375,4978.39990234375
1770406560,4978.2001953125,4979.2001953125,4977.0,4977.89990234375
1770406680,4977.39990234375,4977.5,4971.7998046875,4976.10009765625
1770406800,4975.7001953125,4976.39990234375,4973.0,4975.7998046875
1770406920,4975.60009765625,4976.60009765625,4974.5,4975.5
1770407040,4975.89990234375,4978.0,4975.2001953125,4977.7998046875
1770407160,4978.0,4982.39990234375,4978.0,4981.7001953125
1770407280,4981.7001953125,4985.89990234375,4981.2998046875,4985.2998046875
1770407400,4985.0,4987.0,4982.60009765625,4984.39990234375
1770407520,4984.2998046875,4985.7998046875,4983.5,4985.7001953125
1770407640,4985.7001953125,4986.0,4983.5,4983.5
1770407760,4983.5,4983.7001953125,4980.89990234375,4982.39990234375
1770407880,4982.10009765625,4982.2001953125,4980.0,4980.7001953125
1770408000,4980.39990234375,4982.60009765625,4976.0,4976.2998046875
1770408120,4976.5,4979.7001953125,4974.39990234375,4979.7001953125
1770408240,4979.60009765625,4981.2001953125,4978.39990234375,4981.0
1770408360,4981.10009765625,4983.0,4979.2001953125,4980.60009765625
1770408480,4980.60009765625,4981.2998046875,4978.7998046875,4979.2998046875
1770408600,4978.5,4978.5,4975.39990234375,4975.39990234375
1770408720,4975.7998046875,4977.2998046875,4975.39990234375,4977.2998046875
1770408840,4977.2001953125,4977.2001953125,4973.7998046875,4976.5
1770408960,4977.10009765625,4977.10009765625,4970.0,4974.39990234375
1770409080,4974.2998046875,4977.2998046875,4972.7001953125,4976.60009765625
1770409200,4977.39990234375,4981.39990234375,4976.39990234375,4977.60009765625
1770409320,4977.60009765625,4978.10009765625,4974.10009765625,4977.60009765625
1770409440,4977.7001953125,4979.2998046875,4975.7001953125,4977.7998046875
1770409560,4978.10009765625,4980.7001953125,4978.10009765625,4978.60009765625
1770409680,4978.2998046875,4979.10009765625,4977.60009765625,4979.0
1770409800,4979.0,4979.0,4971.7001953125,4972.89990234375
1770409920,4973.5,4973.60009765625,4964.10009765625,4967.60009765625
1770410040,4967.7001953125,4968.60009765625,4964.5,4965.2001953125
1770410160,4965.89990234375,4966.0,4960.39990234375,4963.2001953125
1770410280,4963.7001953125,4967.2998046875,4963.39990234375,4967.2998046875
1770410400,4967.2998046875,4973.39990234375,4966.2998046875,4971.89990234375
1770410520,4972.39990234375,4974.60009765625,4972.39990234375,4972.5
1770410640,4973.0,4973.0,4966.39990234375,4966.5
1770410760,4966.2998046875,4968.5,4965.0,4965.7998046875
1770410880,4965.89990234375,4968.2998046875,4964.10009765625,4967.7001953125
1770411000,4967.2001953125,4975.0,4967.10009765625,4974.2001953125
1770411120,4974.89990234375,4977.7001953125,4973.2001953125,4977.0
1770411240,4976.2998046875,4976.39990234375,4970.2998046875,4975.7001953125
1770411360,4975.39990234375,4976.89990234375,4974.7998046875,4974.7998046875
1770411480,4975.39990234375,4978.0,4973.0,4977.2001953125
1770411600,4977.2001953125,4978.7998046875,4972.7998046875,4973.2998046875
1770411720,4974.0,4975.60009765625,4973.60009765625,4974.10009765625
1770411840,4974.2998046875,4978.0,4974.2998046875,4977.89990234375
1770411960,4977.5,4981.5,4977.0,4980.89990234375
1770412080,4980.89990234375,4980.89990234375,4976.7998046875,4976.89990234375
1770412200,4977.7001953125,4979.5,4977.0,4977.7998046875
1770412320,4977.10009765625,4977.10009765625,4970.10009765625,4973.2998046875
1770412440,4972.5,4974.5,4972.10009765625,4972.2998046875
1770412560,4971.39990234375,4973.2998046875,4971.39990234375,4972.7998046875
1770412680,4972.0,4973.89990234375,4971.10009765625,4973.89990234375
1770412800,4973.7001953125,4974.89990234375,4973.2001953125,4974.0
1770412920,4973.60009765625,4974.10009765625,4972.7998046875,4973.5
1770413040,4974.0,4974.0,4974.0,4974.0
1770413760,4982.7998046875,4983.5,4982.7998046875,4983.5
1770413880,4983.7001953125,4988.0,4983.60009765625,4985.0
1770414000,4985.89990234375,4986.2998046875,4982.7001953125,4985.7998046875
1770414120,4985.89990234375,4986.2998046875,4982.39990234375,4983.7001953125
1770414240,4983.7001953125,4985.2998046875,4982.10009765625,4982.2998046875
1770414360,4982.89990234375,4984.0,4981.10009765625,4983.0
1770414480,4984.39990234375,4984.39990234375,4981.5,4984.39990234375
1770414600,4984.10009765625,4984.39990234375,4982.2998046875,4984.2001953125
1770414720,4984.5,4987.60009765625,4984.39990234375,4986.7998046875
1770414840,4986.7001953125,4988.0,4985.39990234375,4987.7998046875
1770414960,4987.7001953125,4991.0,4986.2001953125,4990.39990234375
1770415080,4991.0,4992.10009765625,4979.7998046875,4979.7998046875
1770592200,5000.0,5006.2998046875,4993.2998046875,5006.2998046875
1770592320,5005.60009765625,5008.7001953125,4994.0,4994.0
1770592440,4993.0,5007.7001953125,4991.2998046875,5003.2998046875
1770592560,5003.0,5010.89990234375,5001.89990234375,5004.89990234375
1770592680,5005.2001953125,5014.89990234375,5005.2001953125,5011.2998046875
1770592800,5011.2998046875,5014.5,5011.0,5012.0
1770592920,5013.5,5019.0,5013.2998046875,5018.2001953125
1770593040,5018.0,5032.7001953125,5016.2998046875,5032.2001953125
1770593160,5032.39990234375,5040.7998046875,5031.7998046875,5040.10009765625
1770593280,5038.7001953125,5049.10009765625,5035.7001953125,5046.7998046875
1770593400,5046.10009765625,5050.7998046875,5041.7001953125,5049.2001953125
1770593520,5048.5,5067.2998046875,5046.2001953125,5061.0
1770593640,5060.89990234375,5062.5,5044.2998046875,5052.2001953125
1770593760,5052.89990234375,5063.89990234375,5052.7001953125,5063.7998046875
1770593880,5063.5,5065.0,5057.0,5057.7998046875
1770594000,5057.39990234375,5065.0,5057.2998046875,5060.89990234375
1770594120,5061.7001953125,5063.60009765625,5055.39990234375,5056.5
1770594240,5056.0,5065.7001953125,5053.39990234375,5055.89990234375
1770594360,5055.89990234375,5059.10009765625,5055.7001953125,5058.10009765625
1770594480,5058.7001953125,5069.0,5058.2001953125,5066.7998046875
1770594600,5066.7998046875,5066.7998046875,5057.2001953125,5063.89990234375
1770594720,5063.5,5066.2001953125,5057.7001953125,5063.10009765625
1770594840,5060.89990234375,5064.7001953125,5060.2998046875,5063.2998046875
1770594960,5064.7001953125,5069.0,5063.0,5063.0
1770595080,5063.0,5063.2001953125,5055.7001953125,5057.39990234375
1770595200,5057.5,5058.7001953125,5049.10009765625,5055.2001953125
1770595320,5055.10009765625,5057.10009765625,5050.7001953125,5050.7001953125
1770595440,5052.2998046875,5058.0,5046.0,5058.0
1770595560,5056.5,5065.0,5051.7001953125,5061.2998046875
1770595680,5062.7998046875,5068.0,5056.89990234375,5056.89990234375
1770595800,5057.2001953125,5058.0,5050.10009765625,5052.2001953125
1770595920,5052.7998046875,5056.60009765625,5050.0,5053.2998046875
1770596040,5053.39990234375,5055.2001953125,5043.60009765625,5053.2001953125
1770596160,5052.7001953125,5063.0,5052.5,5062.0
1770596280,5061.60009765625,5062.7001953125,5054.0,5057.60009765625
1770596400,5057.2001953125,5060.0,5054.10009765625,5054.7001953125
1770596520,5055.7998046875,5060.0,5051.10009765625,5053.2998046875
1770596640,5052.7001953125,5057.89990234375,5051.2998046875,5052.89990234375
1770596760,5052.2998046875,5052.7001953125,5050.0,5051.5
1770596880,5051.2001953125,5056.89990234375,5048.0,5056.89990234375
1770597000,5057.7001953125,5058.0,5052.5,5052.89990234375
1770597120,5053.7998046875,5059.60009765625,5051.2998046875,5057.10009765625
1770597240,5056.89990234375,5057.2998046875,5052.5,5053.7001953125
1770597360,5053.2998046875,5055.2001953125,5050.7998046875,5051.7998046875
1770597480,5051.89990234375,5052.2001953125,5047.7998046875,5050.7001953125
1770597600,5052.0,5054.0,5041.7998046875,5044.39990234375
1770597720,5045.5,5046.0,5038.0,5044.60009765625
1770597840,5045.0,5050.2998046875,5043.7998046875,5043.7998046875
1770597960,5044.60009765625,5044.60009765625,5039.2001953125,5040.10009765625
1770598080,5040.39990234375,5040.39990234375,5033.10009765625,5034.7998046875
1770598200,5036.7001953125,5044.39990234375,5035.5,5042.7998046875
1770598320,5044.10009765625,5044.2998046875,5039.5,5039.5
1770598440,5040.7998046875,5047.60009765625,5040.7998046875,5046.39990234375
1770598560,5047.89990234375,5048.10009765625,5043.10009765625,5044.2998046875
1770598680,5044.7998046875,5044.7998046875,5039.10009765625,5041.2001953125
1770598800,5042.10009765625,5057.60009765625,5038.2001953125,5056.2001953125
1770598920,5057.2001953125,5064.2001953125,5052.0,5054.0
1770599040,5056.2001953125,5058.10009765625,5036.0,5036.0
1770599160,5036.10009765625,5044.10009765625,5026.2001953125,5033.5
1770599280,5033.2001953125,5043.7998046875,5029.7998046875,5036.5
1770599400,5037.2998046875,5039.2001953125,5030.0,5031.7998046875
1770599520,5031.60009765625,5041.39990234375,5029.2998046875,5040.10009765625
1770599640,5040.7001953125,5045.10009765625,5036.7001953125,5042.7001953125
1770599760,5043.2998046875,5047.7998046875,5033.7001953125,5047.7998046875
1770599880,5047.89990234375,5053.89990234375,5047.2001953125,5051.60009765625
1770600000,5051.2998046875,5051.2998046875,5040.5,5047.2001953125
1770600120,5046.60009765625,5049.10009765625,5041.60009765625,5043.0
1770600240,5044.2001953125,5044.60009765625,5034.0,5035.10009765625
1770600360,5035.7998046875,5040.7001953125,5034.7001953125,5039.2998046875
1770600480,5039.0,5039.10009765625,5030.60009765625,5038.5
1770600600,5038.39990234375,5044.2001953125,5035.0,5035.0
1770600720,5035.89990234375,5037.2998046875,5019.10009765625,5026.39990234375
1770600840,5027.5,5027.7001953125,5015.2001953125,5019.0
1770600960,5019.89990234375,5019.89990234375,5001.7001953125,5004.89990234375
1770601080,5004.0,5010.2998046875,4997.0,5004.39990234375
1770601200,5005.2998046875,5019.2998046875,5004.5,5018.5
1770601320,5017.7998046875,5023.60009765625,5016.60009765625,5023.5
1770601440,5024.10009765625,5033.2998046875,5022.0,5028.39990234375
1770601560,5028.0,5029.0,5013.7001953125,5018.39990234375
1770601680,5017.60009765625,5020.5,5014.89990234375,5016.7998046875
1770601800,5018.2001953125,5018.7001953125,5014.0,5018.7001953125
1770601920,5018.60009765625,5023.10009765625,5015.0,5015.0
1770602040,5014.10009765625,5015.0,5008.5,5011.89990234375
1770602160,5011.2998046875,5020.0,5008.2998046875,5008.2998046875
1770602280,5009.0,5010.2998046875,5000.5,5002.2998046875
1770602400,5002.39990234375,5002.89990234375,4991.10009765625,5001.10009765625
1770602520,5000.7001953125,5002.2998046875,4989.2998046875,4993.2998046875
1770602640,4993.7998046875,5002.7998046875,4993.7998046875,4999.2998046875
1770602760,5000.5,5010.60009765625,4999.2001953125,5010.0
1770602880,5008.7998046875,5011.10009765625,5002.60009765625,5010.7001953125
1770603000,5009.89990234375,5017.7998046875,5009.2001953125,5015.7998046875
1770603120,5016.39990234375,5016.39990234375,5010.7998046875,5010.7998046875
1770603240,5012.39990234375,5021.5,5012.10009765625,5016.39990234375
1770603360,5016.39990234375,5017.5,5010.5,5010.5
1770603480,5011.60009765625,5014.89990234375,5009.60009765625,5012.60009765625
1770603600,5012.2001953125,5020.0,5012.2001953125,5014.2001953125
1770603720,5015.7998046875,5018.2001953125,5012.0,5017.2998046875
1770603840,5017.2998046875,5019.5,5014.7998046875,5019.5
1770603960,5018.89990234375,5022.0,5018.5,5020.60009765625
1770604080,5020.2998046875,5022.2998046875,5018.0,5021.2001953125
1770604200,5021.0,5021.0,5012.7001953125,5019.10009765625
1770604320,5019.2998046875,5027.7001953125,5018.60009765625,5025.89990234375
1770604440,5025.7001953125,5027.60009765625,5021.10009765625,5021.60009765625
1770604560,5021.5,5023.0,5020.0,5020.5
1770604680,5020.0,5021.60009765625,5017.0,5019.89990234375
1770604800,5019.7001953125,5019.7001953125,5010.0,5012.0
1770604920,5011.39990234375,5018.2998046875,5009.60009765625,5014.5
1770605040,5015.7998046875,5019.2001953125,5014.0,5015.0
1770605160,5014.89990234375,5015.10009765625,5005.7998046875,5007.2998046875
1770605280,5008.10009765625,5018.0,5008.10009765625,5016.5
1770605400,5017.60009765625,5031.5,5017.60009765625,5029.2998046875
1770605520,5029.60009765625,5032.7001953125,5029.0,5031.10009765625
1770605640,5031.2998046875,5033.7998046875,5025.2998046875,5028.7001953125
1770605760,5029.10009765625,5037.2001953125,5024.60009765625,5024.60009765625
1770605880,5024.60009765625,5027.60009765625,5024.2001953125,5026.60009765625
1770606000,5026.5,5034.89990234375,5025.7998046875,5033.10009765625
1770606120,5032.7001953125,5039.7998046875,5030.0,5039.7998046875
1770606240,5039.5,5040.5,5035.0,5037.89990234375
1770606360,5037.7998046875,5038.7001953125,5035.0,5038.0
1770606480,5037.89990234375,5039.0,5035.39990234375,5038.60009765625
1770606600,5038.7001953125,5041.7998046875,5038.5,5041.5
1770606720,5040.5,5041.10009765625,5038.7001953125,5039.39990234375
1770606840,5039.89990234375,5041.10009765625,5030.89990234375,5040.60009765625
1770606960,5039.2998046875,5039.7998046875,5035.7001953125,5037.89990234375
1770607080,5036.7998046875,5037.0,5034.39990234375,5035.60009765625
1770607200,5036.0,5038.39990234375,5031.7001953125,5036.5
1770607320,5034.60009765625,5040.7001953125,5034.2998046875,5039.5
1770607440,5040.60009765625,5046.60009765625,5038.60009765625,5044.7001953125
1770607560,5044.0,5044.60009765625,5042.0,5044.2998046875
1770607680,5043.2998046875,5046.7998046875,5040.7001953125,5045.10009765625
1770607800,5044.5,5051.7998046875,5042.60009765625,5047.60009765625
1770607920,5047.2001953125,5050.0,5045.2998046875,5048.5
1770608040,5048.0,5048.0,5042.2001953125,5044.10009765625
1770608160,5043.39990234375,5045.0,5038.2998046875,5039.0
1770608280,5039.39990234375,5044.10009765625,5039.2001953125,5042.89990234375
1770608400,5041.2001953125,5043.60009765625,5041.2001953125,5041.5
1770608520,5041.10009765625,5042.5,5039.7998046875,5042.5
1770608640,5041.39990234375,5049.10009765625,5039.89990234375,5041.39990234375
1770608760,5042.2998046875,5044.10009765625,5036.7998046875,5040.5
1770608880,5041.39990234375,5043.89990234375,5040.0,5042.89990234375
1770609000,5043.0,5043.2998046875,5040.39990234375,5041.10009765625
1770609120,5041.60009765625,5044.0,5038.2001953125,5041.0
1770609240,5040.7001953125,5041.10009765625,5037.7998046875,5037.7998046875
1770609360,5037.60009765625,5037.60009765625,5032.2998046875,5033.2998046875
1770609480,5035.0,5037.5,5034.0,5037.10009765625
1770609600,5036.5,5036.5,5032.7001953125,5034.7998046875
1770609720,5034.0,5036.89990234375,5033.5,5035.7998046875
1770609840,5036.89990234375,5042.7001953125,5036.89990234375,5040.39990234375
1770609960,5041.7001953125,5043.2998046875,5040.7001953125,5041.0
1770610080,5041.5,5044.5,5041.10009765625,5043.2001953125
1770610200,5043.5,5043.5,5037.7001953125,5038.10009765625
1770610320,5039.0,5041.2001953125,5038.7001953125,5040.39990234375
1770610440,5040.39990234375,5040.39990234375,5029.2001953125,5038.39990234375
1770610560,5038.10009765625,5045.60009765625,5037.89990234375,5042.10009765625
1770610680,5040.89990234375,5045.0,5039.7001953125,5040.7001953125
1770610800,5041.0,5042.39990234375,5039.2001953125,5042.10009765625
1770610920,5041.2998046875,5044.5,5041.2998046875,5041.60009765625
1770611040,5041.7001953125,5042.0,5037.7998046875,5041.2998046875
1770611160,5041.0,5041.10009765625,5036.10009765625,5037.7001953125
1770611280,5037.60009765625,5039.2001953125,5034.2998046875,5037.89990234375
1770611400,5038.10009765625,5038.7001953125,5036.2998046875,5036.7001953125
1770611520,5036.2998046875,5039.89990234375,5036.0,5039.89990234375
1770611640,5040.10009765625,5041.5,5039.2998046875,5039.2998046875
1770611760,5038.89990234375,5043.10009765625,5038.7998046875,5041.7001953125
1770611880,5041.2998046875,5044.60009765625,5039.7001953125,5044.60009765625
1770612000,5043.5,5043.5,5040.7998046875,5040.7998046875
1770612120,5040.89990234375,5041.10009765625,5036.0,5037.0
1770612240,5036.7998046875,5042.0,5035.0,5037.0
1770612360,5038.2001953125,5038.2001953125,5035.39990234375,5037.60009765625
1770612480,5036.89990234375,5038.39990234375,5034.7001953125,5034.7001953125
1770612600,5035.0,5035.5,5030.10009765625,5031.2001953125
1770612720,5030.89990234375,5038.2998046875,5030.2998046875,5037.10009765625
1770612840,5037.2001953125,5037.7001953125,5033.60009765625,5034.7001953125
1770612960,5033.89990234375,5033.89990234375,5028.7001953125,5028.7001953125
1770613080,5029.39990234375,5034.7001953125,5029.2998046875,5034.7001953125
1770613200,5034.0,5035.0,5032.39990234375,5033.2998046875
1770613320,5033.60009765625,5036.0,5033.60009765625,5036.0
1770613440,5035.0,5037.7001953125,5035.0,5035.7001953125
1770613560,5036.2001953125,5038.0,5034.5,5038.0
1770613680,5038.0,5041.10009765625,5037.7001953125,5041.10009765625
1770613800,5040.2001953125,5041.5,5039.10009765625,5040.7001953125
1770613920,5040.60009765625,5040.60009765625,5035.0,5036.0
1770614040,5036.60009765625,5040.2001953125,5035.60009765625,5039.7998046875
1770614160,5040.0,5043.0,5039.7998046875,5040.2001953125
1770614280,5041.39990234375,5043.0,5041.39990234375,5043.0
1770614400,5043.0,5044.2001953125,5042.0,5043.2998046875
1770614520,5043.2001953125,5046.60009765625,5042.5,5042.5
1770614640,5043.10009765625,5047.5,5043.10009765625,5047.0
1770614760,5047.39990234375,5049.89990234375,5046.39990234375,5049.7001953125
1770614880,5050.0,5053.0,5049.5,5050.7998046875
1770615000,5051.10009765625,5054.39990234375,5048.10009765625,5049.0
1770615120,5049.5,5051.10009765625,5046.89990234375,5048.7998046875
1770615240,5049.60009765625,5056.39990234375,5048.89990234375,5053.0
1770615360,5051.7998046875,5056.0,5049.7001953125,5054.7001953125
1770615480,5054.7998046875,5056.60009765625,5054.10009765625,5054.2001953125
1770615600,5053.7001953125,5058.7998046875,5052.7998046875,5056.7001953125
1770615720,5056.39990234375,5063.10009765625,5056.0,5058.2998046875
1770615840,5058.5,5058.89990234375,5046.0,5048.2998046875
1770615960,5048.2001953125,5051.0,5046.2001953125,5051.0
1770616080,5050.7001953125,5052.2998046875,5044.2001953125,5052.2998046875
1770616200,5051.5,5055.2998046875,5050.10009765625,5054.0
1770616320,5054.0,5056.0,5051.89990234375,5055.2001953125
1770616440,5055.5,5059.39990234375,5054.89990234375,5059.10009765625
1770616560,5058.2998046875,5059.60009765625,5055.2998046875,5056.2001953125
1770616680,5055.7998046875,5059.0,5054.7001953125,5058.0
1770616800,5058.60009765625,5065.5,5058.10009765625,5061.60009765625
1770616920,5060.7998046875,5064.5,5056.2998046875,5063.10009765625
1770617040,5064.2001953125,5067.60009765625,5063.2001953125,5065.7001953125
1770617160,5065.10009765625,5066.2998046875,5063.2998046875,5063.2998046875
1770617280,5063.7998046875,5063.7998046875,5058.2001953125,5059.2001953125
1770617400,5058.7001953125,5060.39990234375,5054.0,5059.60009765625
1770617520,5059.2998046875,5060.7001953125,5052.89990234375,5053.60009765625
1770617640,5054.0,5057.10009765625,5052.2998046875,5053.10009765625
1770617760,5052.2001953125,5059.0,5050.60009765625,5052.7998046875
1770617880,5052.0,5053.39990234375,5049.2001953125,5049.2001953125
1770618000,5049.2001953125,5049.89990234375,5043.10009765625,5044.2998046875
1770618120,5043.39990234375,5043.39990234375,5035.10009765625,5040.60009765625
1770618240,5041.2998046875,5048.0,5039.5,5046.2998046875
1770618360,5046.5,5049.89990234375,5045.39990234375,5047.5
1770618480,5048.0,5050.60009765625,5045.2998046875,5047.5
1770618600,5045.60009765625,5053.2001953125,5044.5,5052.0
1770618720,5051.60009765625,5051.60009765625,5042.60009765625,5047.0
1770618840,5046.2998046875,5048.7998046875,5042.60009765625,5045.10009765625
1770618960,5045.10009765625,5052.10009765625,5045.10009765625,5049.60009765625
1770619080,5050.0,5054.10009765625,5050.0,5053.0
1770619200,5052.39990234375,5052.39990234375,5047.7998046875,5047.89990234375
1770619320,5048.2998046875,5056.10009765625,5048.2998046875,5053.89990234375
1770619440,5053.60009765625,5058.2998046875,5053.5,5056.2998046875
1770619560,5056.7001953125,5058.0,5053.89990234375,5057.7998046875
1770619680,5057.0,5058.0,5051.2001953125,5051.89990234375
1770619800,5051.7001953125,5053.7001953125,5048.2998046875,5053.0
1770619920,5053.7998046875,5059.0,5052.89990234375,5058.0
1770620040,5059.2001953125,5059.2998046875,5055.2998046875,5055.2998046875
1770620160,5055.89990234375,5062.0,5055.5,5056.10009765625
1770620280,5057.10009765625,5057.10009765625,5051.0,5052.39990234375
1770620400,5052.5,5052.5,5044.10009765625,5046.7998046875
1770620520,5046.0,5051.2001953125,5045.0,5049.5
1770620640,5049.60009765625,5052.5,5041.2998046875,5046.60009765625
1770620760,5047.10009765625,5047.89990234375,5044.7001953125,5044.7001953125
1770620880,5045.60009765625,5045.7998046875,5039.7998046875,5041.39990234375
1770621000,5042.39990234375,5042.60009765625,5038.0,5040.7001953125
1770621120,5041.2001953125,5041.7001953125,5035.7001953125,5035.7001953125
1770621240,5035.0,5036.39990234375,5029.7998046875,5033.0
1770621360,5033.0,5035.39990234375,5031.0,5032.7998046875
1770621480,5031.7998046875,5036.60009765625,5028.60009765625,5035.0
1770621600,5034.60009765625,5034.7001953125,5028.89990234375,5032.2998046875
1770621720,5031.5,5031.5,5015.2001953125,5023.5
1770621840,5023.39990234375,5029.7001953125,5019.60009765625,5023.0
1770621960,5021.2998046875,5028.10009765625,5020.7001953125,5028.10009765625
1770622080,5028.39990234375,5031.10009765625,5023.7001953125,5030.0
1770622200,5029.0,5036.2001953125,5029.0,5034.0
1770622320,5034.7998046875,5036.5,5030.89990234375,5032.0
1770622440,5031.89990234375,5033.39990234375,5030.0,5031.7001953125
1770622560,5031.39990234375,5032.89990234375,5029.2001953125,5032.2001953125
1770622680,5032.0,5032.0,5028.39990234375,5031.39990234375
1770622800,5030.60009765625,5034.89990234375,5030.10009765625,5033.2998046875
1770622920,5032.39990234375,5035.60009765625,5030.10009765625,5033.89990234375
1770623040,5032.7998046875,5034.39990234375,5030.0,5030.0
1770623160,5030.0,5030.60009765625,5026.10009765625,5027.0
1770623280,5027.60009765625,5027.60009765625,5022.39990234375,5024.7998046875
1770623400,5023.89990234375,5026.89990234375,5023.0,5025.39990234375
1770623520,5024.89990234375,5029.10009765625,5022.89990234375,5023.2001953125
1770623640,5023.2001953125,5026.2001953125,5021.7998046875,5025.10009765625
1770623760,5024.7998046875,5028.89990234375,5024.39990234375,5028.89990234375
1770623880,5028.2998046875,5028.89990234375,5025.60009765625,5027.2001953125
1770624000,5026.7998046875,5031.2001953125,5023.89990234375,5028.60009765625
1770624120,5028.7001953125,5036.39990234375,5027.5,5035.2998046875
1770624240,5034.5,5039.0,5033.89990234375,5038.2001953125
1770624360,5037.10009765625,5042.10009765625,5036.7001953125,5038.60009765625
1770624480,5039.60009765625,5040.60009765625,5037.10009765625,5038.2998046875
1770624600,5038.89990234375,5039.5,5037.2001953125,5038.5
1770624720,5038.2001953125,5039.2998046875,5037.10009765625,5038.39990234375
1770624840,5037.89990234375,5043.39990234375,5037.10009765625,5042.7998046875
1770624960,5043.0,5052.2998046875,5043.0,5052.0
1770625080,5051.2998046875,5053.10009765625,5045.2998046875,5048.2001953125
1770625200,5048.0,5051.10009765625,5044.0,5048.60009765625
1770625320,5048.39990234375,5051.39990234375,5046.7998046875,5050.7998046875
1770625440,5050.5,5051.39990234375,5045.89990234375,5048.5
1770625560,5049.2001953125,5050.7998046875,5044.39990234375,5046.60009765625
1770625680,5046.39990234375,5048.5,5046.0,5046.2001953125
1770625800,5046.10009765625,5048.60009765625,5042.0,5043.2001953125
1770625920,5043.2998046875,5046.7998046875,5043.0,5045.89990234375
1770626040,5046.7998046875,5049.2001953125,5044.10009765625,5044.10009765625
1770626160,5043.5,5046.89990234375,5043.39990234375,5046.89990234375
1770626280,5045.7998046875,5048.39990234375,5044.60009765625,5048.39990234375
1770626400,5048.2998046875,5048.7001953125,5044.60009765625,5048.7001953125
1770626520,5049.2998046875,5053.10009765625,5047.7001953125,5050.5
1770626640,5051.2001953125,5053.0,5050.7998046875,5052.0
1770626760,5052.5,5054.7998046875,5049.5,5051.7001953125
1770626880,5052.10009765625,5057.0,5048.60009765625,5049.2998046875
1770627000,5049.89990234375,5052.39990234375,5049.39990234375,5050.60009765625
1770627120,5050.10009765625,5050.60009765625,5045.2998046875,5045.7998046875
1770627240,5045.89990234375,5047.5,5045.2998046875,5047.5
1770627360,5047.60009765625,5049.5,5046.89990234375,5048.7001953125
1770627480,5047.89990234375,5048.10009765625,5047.2001953125,5048.10009765625
1770627600,5048.7001953125,5050.60009765625,5046.2001953125,5049.7001953125
1770627720,5049.5,5062.60009765625,5049.39990234375,5056.39990234375
1770627840,5056.5,5057.2998046875,5053.7001953125,5056.0
1770627960,5056.7001953125,5057.5,5051.89990234375,5053.89990234375
1770628080,5053.39990234375,5053.89990234375,5048.0,5048.89990234375
1770628200,5048.7998046875,5051.2998046875,5048.7998046875,5049.7998046875
1770628320,5050.2998046875,5050.2998046875,5043.5,5048.5
1770628440,5048.0,5048.89990234375,5043.0,5044.7001953125
1770628560,5044.89990234375,5047.2998046875,5044.0,5045.0
1770628680,5045.0,5048.0,5043.2001953125,5048.0
1770628800,5047.10009765625,5049.0,5046.89990234375,5048.39990234375
1770628920,5047.7001953125,5047.7001953125,5046.7001953125,5047.2001953125
1770629040,5047.60009765625,5048.39990234375,5044.39990234375,5048.39990234375
1770629160,5047.2001953125,5047.2001953125,5038.0,5040.0
1770629280,5041.2001953125,5046.7998046875,5041.2001953125,5044.7998046875
1770629400,5044.7998046875,5048.5,5044.60009765625,5047.2001953125
1770629520,5045.7001953125,5046.0,5039.0,5039.89990234375
1770629640,5039.39990234375,5042.2998046875,5037.2998046875,5039.39990234375
1770629760,5039.0,5039.5,5035.2001953125,5036.7998046875
1770629880,5037.5,5040.0,5033.0,5034.7998046875
1770630000,5035.7001953125,5038.39990234375,5034.89990234375,5037.89990234375
1770630120,5037.89990234375,5038.60009765625,5033.5,5036.60009765625
1770630240,5037.5,5037.60009765625,5035.0,5035.7001953125
1770630360,5035.5,5036.89990234375,5029.7001953125,5033.39990234375
1770630480,5033.60009765625,5034.7001953125,5031.5,5033.7998046875
1770630600,5032.7998046875,5033.2998046875,5030.39990234375,5031.5
1770630720,5031.60009765625,5036.2001953125,5029.39990234375,5030.89990234375
1770630840,5030.5,5031.10009765625,5026.39990234375,5029.2998046875
1770630960,5030.2001953125,5035.10009765625,5025.7998046875,5028.5
1770631080,5028.0,5030.7001953125,5023.60009765625,5028.2001953125
1770631200,5028.5,5028.5,5020.60009765625,5021.5
1770631320,5021.2998046875,5022.2998046875,5017.0,5019.5
1770631440,5019.7001953125,5031.89990234375,5019.0,5031.89990234375
1770631560,5031.60009765625,5034.7998046875,5030.7001953125,5032.60009765625
1770631680,5033.0,5034.39990234375,5029.7998046875,5030.2998046875
1770631800,5029.7001953125,5033.60009765625,5029.2001953125,5032.39990234375
1770631920,5031.2998046875,5032.2001953125,5029.10009765625,5030.2001953125
1770632040,5030.7001953125,5036.89990234375,5029.10009765625,5035.39990234375
1770632160,5036.10009765625,5036.10009765625,5030.0,5031.60009765625
1770632280,5030.7998046875,5030.7998046875,5027.10009765625,5028.7998046875
1770632400,5029.5,5033.89990234375,5029.5,5033.2998046875
1770632520,5034.5,5035.7001953125,5031.5,5031.5
1770632640,5032.2001953125,5032.2001953125,5019.60009765625,5021.60009765625
1770632760,5021.2001953125,5022.7998046875,5006.5,5009.7001953125
1770632880,5009.10009765625,5015.39990234375,5008.5,5012.5
1770633000,5012.7998046875,5014.5,5002.60009765625,5009.89990234375
1770633120,5009.0,5014.39990234375,5008.60009765625,5010.60009765625
1770633240,5010.7998046875,5014.2001953125,5010.0,5013.2001953125
1770633360,5011.7998046875,5020.2001953125,5011.2998046875,5019.2001953125
1770633480,5019.2998046875,5020.39990234375,5010.5,5010.7001953125
1770633600,5011.2998046875,5017.0,5010.60009765625,5012.0
1770633720,5011.0,5011.60009765625,5005.60009765625,5008.2001953125
1770633840,5007.7001953125,5013.2001953125,5003.5,5012.10009765625
1770633960,5012.39990234375,5020.0,5012.39990234375,5015.2001953125
1770634080,5016.2998046875,5016.7998046875,5013.2001953125,5013.7998046875
1770634200,5014.0,5020.0,5012.89990234375,5019.0
1770634320,5018.7001953125,5018.7001953125,5015.89990234375,5015.89990234375
1770634440,5017.0,5017.2001953125,5012.89990234375,5014.7998046875
1770634560,5014.89990234375,5020.0,5014.39990234375,5015.2001953125
1770634680,5014.7998046875,5014.7998046875,5009.89990234375,5011.2998046875
1770634800,5011.5,5015.7001953125,5009.2001953125,5015.10009765625
1770634920,5015.10009765625,5020.0,5015.10009765625,5017.0
1770635040,5017.2998046875,5019.39990234375,5016.7001953125,5018.2001953125
1770635160,5018.7001953125,5018.7001953125,5015.7001953125,5015.7001953125
1770635280,5016.2998046875,5018.10009765625,5012.7998046875,5016.7001953125
1770635400,5016.89990234375,5018.0,5012.2998046875,5012.2998046875
1770635520,5011.7998046875,5017.5,5011.7998046875,5013.60009765625
1770635640,5014.39990234375,5017.0,5011.0,5016.0
1770635760,5016.10009765625,5018.10009765625,5012.10009765625,5015.10009765625
1770635880,5014.2001953125,5019.7001953125,5014.2001953125,5018.39990234375
1770636000,5017.7998046875,5019.0,5015.5,5018.10009765625
1770636120,5017.2001953125,5020.0,5016.39990234375,5019.0
1770636240,5019.5,5025.0,5019.5,5021.7998046875
1770636360,5021.2998046875,5025.7998046875,5020.2998046875,5024.5
1770636480,5025.39990234375,5028.10009765625,5022.7001953125,5026.7001953125
1770636600,5027.39990234375,5029.10009765625,5026.2001953125,5026.7998046875
1770636720,5026.39990234375,5026.39990234375,5024.60009765625,5025.2998046875
1770636840,5024.39990234375,5026.5,5022.5,5026.5
1770636960,5027.2001953125,5027.2001953125,5025.5,5025.89990234375
1770637080,5026.2001953125,5030.0,5025.7998046875,5026.7001953125
1770637200,5026.10009765625,5031.89990234375,5026.10009765625,5030.7001953125
1770637320,5030.60009765625,5034.2001953125,5029.0,5030.89990234375
1770637440,5030.89990234375,5030.89990234375,5028.5,5029.0
1770637560,5029.7001953125,5032.60009765625,5028.7998046875,5029.0
1770637680,5029.39990234375,5032.39990234375,5028.39990234375,5029.2998046875
1770637800,5028.89990234375,5035.89990234375,5028.5,5033.5
1770637920,5034.0,5036.7001953125,5032.7998046875,5036.7001953125
1770638040,5035.89990234375,5040.0,5031.7001953125,5034.2998046875
1770638160,5034.60009765625,5036.10009765625,5033.2998046875,5033.7998046875
1770638280,5034.10009765625,5034.10009765625,5030.0,5031.10009765625
1770638400,5032.0,5036.60009765625,5031.10009765625,5032.39990234375
1770638520,5032.7998046875,5033.2998046875,5028.39990234375,5029.2001953125
1770638640,5029.5,5038.5,5028.2998046875,5036.2001953125
1770638760,5036.10009765625,5037.39990234375,5032.7998046875,5035.2001953125
1770638880,5035.10009765625,5037.7998046875,5032.0,5035.89990234375
1770639000,5036.7001953125,5038.89990234375,5035.2001953125,5036.2001953125
1770639120,5036.7001953125,5039.0,5036.0,5038.10009765625
1770639240,5038.2998046875,5039.7001953125,5036.0,5036.7001953125
1770639360,5036.2001953125,5037.60009765625,5032.5,5033.0
1770639480,5033.0,5035.2998046875,5031.89990234375,5034.89990234375
1770639600,5035.7998046875,5036.39990234375,5032.2001953125,5032.60009765625
1770639720,5032.0,5036.89990234375,5031.89990234375,5036.60009765625
1770639840,5037.5,5038.0,5034.7001953125,5035.0
1770639960,5035.7001953125,5036.2998046875,5033.5,5034.5
1770640080,5034.2001953125,5036.2998046875,5032.7001953125,5035.5
1770640200,5035.39990234375,5041.60009765625,5035.2998046875,5035.89990234375
1770640320,5035.5,5036.2001953125,5031.0,5035.2001953125
1770640440,5035.0,5038.60009765625,5034.0,5037.0
1770640560,5037.39990234375,5043.60009765625,5037.39990234375,5040.2001953125
1770640680,5040.7001953125,5041.5,5036.10009765625,5038.0
1770640800,5037.2001953125,5041.10009765625,5036.5,5040.39990234375
1770640920,5041.39990234375,5041.39990234375,5037.89990234375,5039.10009765625
1770641040,5039.10009765625,5039.5,5036.89990234375,5039.10009765625
1770641160,5038.7998046875,5041.39990234375,5036.89990234375,5039.39990234375
1770641280,5038.89990234375,5040.10009765625,5033.2001953125,5034.0
1770641400,5034.0,5039.39990234375,5032.7998046875,5039.39990234375
1770641520,5039.5,5040.60009765625,5038.5,5040.60009765625
1770641640,5039.7998046875,5040.7998046875,5036.7001953125,5037.0
1770641760,5037.0,5037.10009765625,5029.5,5034.89990234375
1770641880,5035.2998046875,5036.7001953125,5033.2998046875,5035.7001953125
1770642000,5035.39990234375,5039.39990234375,5030.0,5033.10009765625
1770642120,5033.7001953125,5040.89990234375,5031.0,5039.2001953125
1770642240,5039.7998046875,5044.39990234375,5038.5,5041.5
1770642360,5042.2001953125,5045.0,5041.2001953125,5043.7001953125
1770642480,5043.2998046875,5046.5,5042.7998046875,5045.0
1770642600,5045.0,5046.7998046875,5039.60009765625,5042.7001953125
1770642720,5042.0,5043.2001953125,5036.5,5043.2001953125
1770642840,5043.7001953125,5046.60009765625,5041.0,5042.0
1770642960,5040.89990234375,5043.10009765625,5038.0,5038.0
1770643080,5038.89990234375,5041.0,5035.5,5039.10009765625
1770643200,5039.10009765625,5041.60009765625,5033.60009765625,5036.89990234375
1770643320,5036.89990234375,5037.39990234375,5028.2001953125,5033.7001953125
1770643440,5033.5,5041.2001953125,5029.2998046875,5031.7001953125
1770643560,5030.5,5035.10009765625,5029.0,5031.10009765625
1770643680,5030.7998046875,5032.7001953125,5025.10009765625,5026.39990234375
1770643800,5027.0,5037.2001953125,5026.2001953125,5031.7998046875
1770643920,5032.39990234375,5033.2998046875,5026.0,5026.0
1770644040,5025.5,5033.0,5025.2001953125,5030.7001953125
1770644160,5030.5,5030.89990234375,5025.10009765625,5030.2001953125
1770644280,5030.0,5031.39990234375,5022.39990234375,5023.7998046875
1770644400,5024.39990234375,5026.7998046875,5018.89990234375,5021.2001953125
1770644520,5021.0,5021.7001953125,5016.89990234375,5018.2998046875
1770644640,5017.2998046875,5022.60009765625,5017.2998046875,5019.0
1770644760,5019.10009765625,5024.2001953125,5018.7001953125,5022.0
1770644880,5022.0,5027.10009765625,5020.7998046875,5024.7998046875
1770645000,5025.2998046875,5028.60009765625,5025.2998046875,5028.2001953125
1770645120,5027.7998046875,5032.10009765625,5027.39990234375,5031.5
1770645240,5030.7998046875,5032.7998046875,5029.2998046875,5032.10009765625
1770645360,5032.2998046875,5032.7001953125,5024.10009765625,5025.39990234375
1770645480,5026.2998046875,5030.89990234375,5025.39990234375,5028.89990234375
1770645600,5028.39990234375,5034.0,5023.7998046875,5033.89990234375
1770645720,5034.2998046875,5034.2998046875,5027.2001953125,5028.39990234375
1770645840,5028.39990234375,5035.0,5027.39990234375,5033.5
1770645960,5032.89990234375,5034.39990234375,5030.5,5034.39990234375
1770646080,5034.0,5039.60009765625,5032.10009765625,5032.60009765625
1770646200,5031.5,5038.0,5031.2001953125,5037.2998046875
1770646320,5037.89990234375,5038.0,5032.10009765625,5032.89990234375
1770646440,5033.7001953125,5039.10009765625,5033.39990234375,5036.5
1770646560,5036.5,5041.0,5036.39990234375,5040.89990234375
1770646680,5041.0,5042.39990234375,5035.7001953125,5037.2001953125
1770646800,5037.10009765625,5039.2998046875,5031.39990234375,5035.7001953125
1770646920,5035.89990234375,5040.2998046875,5034.5,5039.7998046875
1770647040,5039.60009765625,5042.0,5036.0,5037.39990234375
1770647160,5036.5,5046.10009765625,5036.2998046875,5044.5
1770647280,5044.5,5046.39990234375,5042.39990234375,5042.89990234375
1770647400,5042.89990234375,5054.5,5036.0,5052.7001953125
1770647520,5053.10009765625,5056.7998046875,5051.0,5054.2998046875
1770647640,5054.39990234375,5058.60009765625,5051.39990234375,5051.5
1770647760,5051.60009765625,5055.2001953125,5048.10009765625,5052.0
1770647880,5051.5,5055.0,5049.5,5053.39990234375
1770648000,5053.39990234375,5055.2001953125,5048.2001953125,5051.2998046875
1770648120,5051.39990234375,5060.0,5049.2998046875,5058.7001953125
1770648240,5059.0,5062.89990234375,5057.60009765625,5060.2001953125
1770648360,5060.60009765625,5062.5,5053.60009765625,5056.60009765625
1770648480,5056.2998046875,5058.39990234375,5054.0,5055.39990234375
1770648600,5055.39990234375,5058.39990234375,5053.39990234375,5057.5
1770648720,5057.2001953125,5061.60009765625,5054.7001953125,5061.60009765625
1770648840,5061.89990234375,5063.2998046875,5059.89990234375,5061.5
1770648960,5060.60009765625,5063.10009765625,5058.7998046875,5059.5
1770649080,5059.89990234375,5063.10009765625,5059.2998046875,5059.60009765625
1770649200,5059.5,5064.5,5059.2998046875,5062.7998046875
1770649320,5063.2001953125,5063.89990234375,5056.2998046875,5057.39990234375
1770649440,5057.5,5062.2001953125,5057.10009765625,5059.2001953125
1770649560,5058.7998046875,5060.0,5056.7001953125,5058.0
1770649680,5058.10009765625,5059.60009765625,5052.2001953125,5058.10009765625
1770649800,5058.10009765625,5059.89990234375,5053.2998046875,5054.5
1770649920,5054.39990234375,5056.60009765625,5050.0,5056.0
1770650040,5055.89990234375,5055.89990234375,5047.60009765625,5048.10009765625
1770650160,5048.2998046875,5052.7998046875,5045.7001953125,5046.0
1770650280,5045.7001953125,5049.7998046875,5045.60009765625,5049.60009765625
1770650400,5049.60009765625,5055.60009765625,5049.10009765625,5051.2998046875
1770650520,5052.2998046875,5056.10009765625,5049.39990234375,5054.5
1770650640,5055.2998046875,5058.7001953125,5052.39990234375,5053.2001953125
1770650760,5053.0,5055.2001953125,5052.7998046875,5054.5
1770650880,5055.10009765625,5056.39990234375,5053.39990234375,5056.0
1770651000,5056.0,5063.7001953125,5056.0,5061.7998046875
1770651120,5062.5,5076.7998046875,5062.0,5072.7001953125
1770651240,5072.2001953125,5079.5,5070.7998046875,5074.7998046875
1770651360,5075.39990234375,5076.0,5071.10009765625,5072.0
1770651480,5072.0,5076.2001953125,5072.0,5075.2001953125
1770651600,5074.7001953125,5076.2998046875,5070.10009765625,5071.2998046875
1770651720,5070.7001953125,5077.2998046875,5070.7001953125,5075.7998046875
1770651840,5076.0,5082.7001953125,5075.7998046875,5079.39990234375
1770651960,5079.2998046875,5080.0,5075.7001953125,5079.7001953125
1770652080,5079.60009765625,5084.39990234375,5079.60009765625,5084.10009765625
1770652200,5083.89990234375,5083.89990234375,5080.0,5080.2001953125
1770652320,5080.7998046875,5082.7998046875,5079.2001953125,5081.0
1770652440,5081.0,5083.2001953125,5080.0,5081.60009765625
1770652560,5081.60009765625,5082.2001953125,5077.7001953125,5080.89990234375
1770652680,5080.89990234375,5082.2001953125,5079.60009765625,5082.2001953125
1770652800,5082.60009765625,5084.7001953125,5079.7998046875,5084.0
1770652920,5083.39990234375,5089.7001953125,5082.5,5088.7998046875
1770653040,5088.60009765625,5094.7001953125,5086.89990234375,5089.10009765625
1770653160,5089.2998046875,5090.89990234375,5087.7001953125,5087.89990234375
1770653280,5087.7001953125,5091.39990234375,5087.0,5088.7998046875
1770653400,5089.2998046875,5089.60009765625,5085.7998046875,5088.2001953125
1770653520,5088.7998046875,5088.7998046875,5086.2998046875,5086.2998046875
1770653640,5086.2998046875,5094.7998046875,5086.2998046875,5094.0
1770653760,5094.10009765625,5095.0,5091.89990234375,5093.7001953125
1770653880,5094.10009765625,5094.10009765625,5089.60009765625,5091.0
1770654000,5090.89990234375,5094.7001953125,5090.39990234375,5094.0
1770654120,5094.0,5099.0,5094.0,5098.39990234375
1770654240,5098.10009765625,5105.10009765625,5096.10009765625,5102.5
1770654360,5102.5,5104.2001953125,5094.2998046875,5098.10009765625
1770654480,5098.0,5099.7998046875,5095.0,5096.2998046875
1770654600,5096.60009765625,5101.5,5096.39990234375,5096.39990234375
1770654720,5095.7998046875,5096.2998046875,5092.2998046875,5093.2001953125
1770654840,5093.2998046875,5094.7001953125,5090.60009765625,5094.10009765625
1770654960,5093.2998046875,5096.60009765625,5093.2001953125,5096.60009765625
1770655080,5096.10009765625,5100.0,5095.2001953125,5099.5
1770655200,5099.5,5100.39990234375,5096.39990234375,5097.5
1770655320,5097.7001953125,5102.39990234375,5097.7001953125,5101.7001953125
1770655440,5101.5,5106.7998046875,5100.7998046875,5104.39990234375
1770655560,5104.39990234375,5104.39990234375,5098.7998046875,5100.39990234375
1770655680,5101.0,5101.10009765625,5099.0,5100.7001953125
1770655800,5100.60009765625,5101.0,5097.0,5097.89990234375
1770655920,5098.2998046875,5101.2001953125,5097.0,5098.0
1770656040,5098.5,5099.60009765625,5097.0,5097.2998046875
1770656160,5097.7998046875,5101.60009765625,5094.39990234375,5100.10009765625
1770656280,5100.0,5100.7998046875,5096.39990234375,5096.89990234375
1770656400,5097.7998046875,5099.7001953125,5095.2998046875,5095.5
1770656520,5094.7001953125,5096.0,5093.2998046875,5093.2998046875
1770656640,5092.60009765625,5095.5,5088.5,5095.10009765625
1770656760,5095.39990234375,5096.7998046875,5090.60009765625,5095.2001953125
1770656880,5095.10009765625,5095.10009765625,5085.0,5087.2998046875
1770657000,5087.2998046875,5090.89990234375,5086.7998046875,5089.2998046875
1770657120,5089.7001953125,5090.2001953125,5087.5,5088.0
1770657240,5088.0,5092.0,5086.7001953125,5091.2001953125
1770657360,5091.10009765625,5095.7001953125,5090.89990234375,5093.0
1770657480,5092.89990234375,5094.89990234375,5091.89990234375,5093.39990234375
1770657600,5093.0,5095.0,5092.60009765625,5093.7998046875
1770657720,5093.89990234375,5095.60009765625,5093.89990234375,5094.2998046875
1770657840,5095.0,5096.0,5093.2001953125,5093.39990234375
1770657960,5093.0,5093.7998046875,5092.10009765625,5092.89990234375
1770658080,5092.60009765625,5093.10009765625,5091.10009765625,5092.7001953125
1770658200,5092.60009765625,5093.39990234375,5091.2001953125,5092.39990234375
1770658320,5092.39990234375,5094.7001953125,5092.39990234375,5094.10009765625
1770658440,5094.10009765625,5094.7001953125,5093.2998046875,5093.7998046875
1770658560,5094.10009765625,5094.89990234375,5090.39990234375,5091.5
1770658680,5091.60009765625,5092.5,5090.0,5090.7998046875
1770658800,5090.60009765625,5092.0,5087.5,5088.0
1770658920,5087.7001953125,5089.39990234375,5086.0,5086.2998046875
1770659040,5086.7998046875,5087.60009765625,5082.2001953125,5082.2998046875
1770659160,5082.89990234375,5085.60009765625,5082.2001953125,5082.7001953125
1770659280,5082.7998046875,5088.10009765625,5081.10009765625,5085.89990234375
1770659400,5086.10009765625,5086.10009765625,5070.0,5075.7001953125
1770659520,5076.10009765625,5079.0,5074.7998046875,5076.5
1770659640,5076.5,5081.2001953125,5075.89990234375,5077.60009765625
1770659760,5077.2998046875,5077.89990234375,5070.7998046875,5071.7001953125
1770659880,5072.2001953125,5073.7001953125,5064.39990234375,5069.7998046875
1770660000,5070.60009765625,5075.10009765625,5070.0,5075.10009765625
1770660120,5074.60009765625,5078.89990234375,5073.89990234375,5077.7998046875
1770660240,5077.7001953125,5080.0,5076.0,5080.0
1770660360,5080.0,5082.10009765625,5075.5,5076.2998046875
1770660480,5076.39990234375,5080.7001953125,5075.89990234375,5080.7001953125
1770660600,5080.7001953125,5081.7998046875,5079.2998046875,5081.0
1770660720,5080.7001953125,5082.7001953125,5079.39990234375,5081.7998046875
1770660840,5082.0,5084.10009765625,5081.89990234375,5083.0
1770660960,5083.39990234375,5083.5,5079.39990234375,5079.60009765625
1770661080,5079.89990234375,5080.7001953125,5075.0,5076.2001953125
1770661200,5076.60009765625,5079.39990234375,5068.5,5071.0
1770661320,5070.60009765625,5080.7998046875,5070.39990234375,5077.10009765625
1770661440,5077.39990234375,5079.7998046875,5073.2001953125,5077.2001953125
1770661560,5076.89990234375,5078.7001953125,5075.2001953125,5077.39990234375
1770661680,5077.39990234375,5081.2001953125,5076.60009765625,5078.7998046875
1770661800,5078.5,5079.89990234375,5073.10009765625,5075.5
1770661920,5075.2001953125,5078.0,5072.7001953125,5076.7001953125
1770662040,5077.0,5081.7998046875,5076.89990234375,5081.7998046875
1770662160,5081.7998046875,5082.60009765625,5079.7001953125,5081.10009765625
1770662280,5080.89990234375,5082.39990234375,5080.10009765625,5081.2998046875
1770662400,5082.2001953125,5083.2001953125,5081.0,5082.7998046875
1770662520,5083.2001953125,5083.5,5078.7001953125,5080.7998046875
1770662640,5081.10009765625,5082.39990234375,5080.10009765625,5080.2001953125
1770662760,5080.0,5080.0,5075.2998046875,5076.89990234375
1770662880,5077.2001953125,5080.60009765625,5076.89990234375,5079.60009765625
1770663000,5079.2998046875,5081.2001953125,5078.7998046875,5081.2001953125
1770663120,5081.2001953125,5081.39990234375,5078.2001953125,5081.0
1770663240,5081.5,5082.5,5079.7001953125,5080.89990234375
1770663360,5081.5,5088.2998046875,5081.2998046875,5087.7001953125
1770663480,5087.7998046875,5088.39990234375,5085.7998046875,5087.0
1770663600,5086.89990234375,5088.89990234375,5086.5,5087.2001953125
1770663720,5086.89990234375,5090.0,5086.89990234375,5090.0
1770663840,5089.2998046875,5090.60009765625,5088.7001953125,5089.2001953125
1770663960,5089.0,5091.5,5088.0,5090.60009765625
1770664080,5090.39990234375,5091.89990234375,5089.7998046875,5091.89990234375
1770664200,5092.0,5093.10009765625,5089.7998046875,5092.89990234375
1770664320,5092.60009765625,5092.60009765625,5089.10009765625,5091.0
1770664440,5090.7001953125,5090.7998046875,5088.2998046875,5088.39990234375
1770664560,5088.7998046875,5094.39990234375,5088.7998046875,5093.5
1770664680,5093.2001953125,5094.7998046875,5091.0,5091.10009765625
1770664800,5091.5,5092.2001953125,5089.60009765625,5090.2001953125
1770664920,5090.2998046875,5092.89990234375,5090.2998046875,5092.89990234375
1770665040,5093.5,5095.89990234375,5092.7001953125,5095.89990234375
1770665160,5095.89990234375,5096.7001953125,5095.2998046875,5096.60009765625
1770665280,5096.7001953125,5098.7001953125,5096.10009765625,5098.10009765625
1770665400,5098.89990234375,5101.60009765625,5098.2998046875,5098.7001953125
1770665520,5098.2998046875,5102.5,5098.2001953125,5102.2998046875
1770665640,5102.2998046875,5104.0,5102.10009765625,5102.2001953125
1770665760,5102.10009765625,5102.2001953125,5100.0,5100.89990234375
1770665880,5100.60009765625,5101.10009765625,5099.5,5100.2998046875
1770666000,5100.2001953125,5100.5,5096.89990234375,5097.89990234375
1770666120,5097.7001953125,5100.89990234375,5097.39990234375,5099.7001953125
1770666240,5099.39990234375,5100.7001953125,5098.39990234375,5100.10009765625
1770666360,5099.89990234375,5101.10009765625,5099.10009765625,5100.0
1770666480,5099.7001953125,5099.7001953125,5097.39990234375,5098.5
1770666600,5098.2001953125,5099.5,5097.10009765625,5099.10009765625
1770666720,5099.2998046875,5100.7001953125,5098.2998046875,5099.0
1770666840,5099.39990234375,5101.89990234375,5098.7998046875,5101.89990234375
1770666960,5102.0,5102.10009765625,5099.0,5099.2001953125
1770667080,5099.7001953125,5099.7001953125,5098.10009765625,5098.39990234375
1770667200,5098.2998046875,5100.39990234375,5097.60009765625,5099.89990234375
1770667320,5099.60009765625,5102.2001953125,5099.60009765625,5101.2998046875
1770667440,5101.7001953125,5102.39990234375,5100.0,5100.10009765625
1770667560,5100.2998046875,5100.7001953125,5098.2001953125,5098.7998046875
1770667680,5098.7998046875,5100.2998046875,5097.89990234375,5100.10009765625
1770667800,5100.2001953125,5104.7001953125,5100.2001953125,5104.2001953125
1770667920,5103.60009765625,5105.0,5102.5,5102.7001953125
1770668040,5102.60009765625,5105.0,5100.2998046875,5102.2001953125
1770668160,5102.39990234375,5103.60009765625,5100.39990234375,5102.5
1770668280,5102.89990234375,5103.7998046875,5099.39990234375,5103.39990234375
1770668400,5103.7998046875,5105.89990234375,5101.39990234375,5104.7001953125
1770668520,5104.60009765625,5105.2001953125,5103.5,5104.5
1770668640,5104.7001953125,5105.2998046875,5103.5,5104.5
1770668760,5104.60009765625,5105.5,5104.2001953125,5104.60009765625
1770668880,5104.39990234375,5104.89990234375,5103.89990234375,5104.0
1770669000,5104.0,5105.0,5103.60009765625,5105.0
1770669120,5105.2001953125,5111.10009765625,5105.10009765625,5106.39990234375
1770669240,5107.10009765625,5107.5,5100.39990234375,5101.7001953125
1770669360,5101.7998046875,5102.2001953125,5096.60009765625,5100.5
1770669480,5100.2001953125,5102.0,5099.39990234375,5101.7001953125
1770669600,5102.10009765625,5104.0,5101.7001953125,5102.89990234375
1770669720,5103.5,5105.89990234375,5103.39990234375,5104.0
1770669840,5104.2998046875,5104.7001953125,5099.7001953125,5099.7001953125
1770669960,5100.2001953125,5100.89990234375,5098.0,5100.0
1770670080,5100.2998046875,5101.5,5099.7998046875,5100.7998046875
1770670200,5100.0,5103.10009765625,5099.89990234375,5102.89990234375
1770670320,5102.89990234375,5104.0,5102.2001953125,5104.0
1770670440,5104.0,5106.0,5100.0,5104.39990234375
1770670560,5104.5,5104.89990234375,5102.39990234375,5102.89990234375
1770670680,5103.39990234375,5106.2998046875,5101.89990234375,5102.89990234375
1770670800,5103.60009765625,5107.10009765625,5103.60009765625,5103.89990234375
1770670920,5103.7001953125,5103.7001953125,5098.7998046875,5098.89990234375
1770671040,5098.7001953125,5100.2998046875,5098.7001953125,5099.39990234375
1770671160,5099.10009765625,5099.60009765625,5090.39990234375,5095.39990234375
1770671280,5095.7001953125,5096.5,5090.89990234375,5093.2998046875
1770671400,5092.7001953125,5095.10009765625,5091.5,5094.39990234375
1770671520,5094.2998046875,5094.2998046875,5091.7001953125,5091.7998046875
1770671640,5092.10009765625,5092.10009765625,5085.89990234375,5086.7001953125
1770671760,5087.0,5090.10009765625,5086.89990234375,5089.2001953125
1770671880,5090.2001953125,5090.2001953125,5085.10009765625,5088.89990234375
1770672000,5088.5,5089.2998046875,5087.39990234375,5087.39990234375
1770672120,5087.39990234375,5090.2998046875,5087.39990234375,5089.2998046875
1770672240,5089.39990234375,5090.0,5087.39990234375,5087.7998046875
1770672360,5088.5,5088.5,5084.2998046875,5085.5
1770672480,5085.0,5085.2001953125,5072.5,5079.2998046875
1770672600,5079.7001953125,5084.7001953125,5079.39990234375,5084.2001953125
1770672720,5084.2001953125,5084.2001953125,5078.7998046875,5079.0
1770672840,5079.60009765625,5083.10009765625,5078.2998046875,5079.5
1770672960,5079.89990234375,5081.60009765625,5079.60009765625,5080.5
1770673080,5079.7998046875,5084.7998046875,5079.5,5084.0
1770673200,5083.89990234375,5089.0,5083.89990234375,5089.0
1770673320,5088.89990234375,5089.39990234375,5086.0,5086.0
1770673440,5086.10009765625,5087.5,5085.7998046875,5087.10009765625
1770673560,5086.60009765625,5086.60009765625,5084.39990234375,5084.39990234375
1770673680,5085.0,5091.10009765625,5085.0,5090.0
1770673800,5089.2001953125,5089.60009765625,5086.60009765625,5088.10009765625
1770673920,5088.0,5089.7998046875,5088.0,5088.89990234375
1770674040,5089.0,5089.0,5085.39990234375,5086.2001953125
1770674160,5086.10009765625,5087.0,5083.10009765625,5084.5
1770674280,5084.5,5084.5,5080.10009765625,5084.2001953125
1770678000,5084.2998046875,5100.89990234375,5080.10009765625,5099.39990234375
1770678120,5099.60009765625,5099.7001953125,5086.2001953125,5090.10009765625
1770678240,5089.7998046875,5089.7998046875,5079.7998046875,5087.2998046875
1770678360,5087.2001953125,5087.7001953125,5077.0,5078.0
1770678480,5078.89990234375,5081.2998046875,5047.89990234375,5047.89990234375
1770678600,5042.2001953125,5063.7001953125,5024.2998046875,5034.60009765625
1770678720,5034.5,5048.89990234375,5011.0,5046.2001953125
1770678840,5049.2001953125,5049.2001953125,5034.2001953125,5046.2998046875
1770678960,5043.2001953125,5048.60009765625,5039.5,5048.60009765625
1770679080,5048.0,5049.2001953125,5034.0,5037.10009765625
1770679200,5036.2001953125,5054.5,5035.2001953125,5052.7001953125
1770679320,5051.39990234375,5051.39990234375,5025.60009765625,5036.7998046875
1770679440,5035.0,5042.2001953125,5032.2001953125,5036.7001953125
1770679560,5038.0,5041.0,5031.10009765625,5041.0
1770679680,5040.60009765625,5053.7998046875,5040.60009765625,5047.0
1770679800,5046.7998046875,5049.10009765625,5037.89990234375,5040.10009765625
1770679920,5039.7998046875,5047.2001953125,5039.7998046875,5047.2001953125
1770680040,5046.2001953125,5047.2998046875,5040.10009765625,5046.0
1770680160,5047.10009765625,5051.39990234375,5040.0,5040.0
1770680280,5041.2001953125,5048.7001953125,5040.5,5048.0
1770680400,5045.2998046875,5052.60009765625,5045.10009765625,5050.39990234375
1770680520,5049.5,5063.39990234375,5049.5,5060.2998046875
1770680640,5057.7998046875,5068.10009765625,5056.2001953125,5061.0
1770680760,5060.0,5061.7001953125,5054.10009765625,5056.5
1770680880,5056.2998046875,5061.0,5055.0,5059.2998046875
1770681000,5059.60009765625,5060.60009765625,5056.7998046875,5057.2001953125
1770681120,5057.0,5062.2001953125,5055.39990234375,5060.2001953125
1770681240,5061.7001953125,5061.7001953125,5058.89990234375,5060.89990234375
1770681360,5060.0,5060.39990234375,5053.5,5057.0
1770681480,5057.2001953125,5057.2001953125,5054.7998046875,5055.2998046875
1770681600,5056.39990234375,5069.0,5056.39990234375,5065.60009765625
1770681720,5066.7998046875,5069.0,5063.60009765625,5066.0
1770681840,5066.89990234375,5073.0,5062.5,5066.60009765625
1770681960,5066.39990234375,5069.7001953125,5065.5,5068.0
1770682080,5067.60009765625,5070.7001953125,5065.7998046875,5066.0
1770682200,5065.60009765625,5065.60009765625,5056.10009765625,5059.2001953125
1770682320,5060.60009765625,5061.5,5057.0,5057.39990234375
1770682440,5057.2998046875,5060.89990234375,5056.60009765625,5057.39990234375
1770682560,5058.7001953125,5061.60009765625,5057.60009765625,5060.7998046875
1770682680,5060.7001953125,5060.7001953125,5057.60009765625,5057.60009765625
1770682800,5058.7001953125,5060.7998046875,5058.7001953125,5059.2998046875
1770682920,5059.0,5062.60009765625,5057.5,5062.0
1770683040,5062.0,5069.0,5061.5,5063.2001953125
1770683160,5064.2001953125,5065.0,5059.10009765625,5061.10009765625
1770683280,5062.7001953125,5062.7001953125,5055.0,5057.2001953125
1770683400,5058.5,5064.0,5058.5,5060.60009765625
1770683520,5060.60009765625,5064.2998046875,5060.60009765625,5064.2998046875
1770683640,5062.89990234375,5064.5,5041.0,5052.10009765625
1770683760,5050.89990234375,5058.7998046875,5046.5,5047.7001953125
1770683880,5047.7998046875,5048.10009765625,5039.2998046875,5042.2998046875
1770684000,5041.5,5047.60009765625,5039.0,5046.89990234375
1770684120,5047.7001953125,5049.2001953125,5045.60009765625,5048.0
1770684240,5049.2001953125,5050.7001953125,5043.7001953125,5043.7001953125
1770684360,5043.60009765625,5043.60009765625,5031.0,5034.89990234375
1770684480,5035.10009765625,5044.89990234375,5033.5,5040.7998046875
1770684600,5041.39990234375,5044.89990234375,5039.2998046875,5042.5
1770684720,5044.0,5046.5,5042.5,5042.7998046875
1770684840,5042.89990234375,5043.0,5037.7998046875,5041.7001953125
1770684960,5040.7998046875,5043.7998046875,5038.10009765625,5040.2998046875
1770685080,5041.7001953125,5045.39990234375,5039.2998046875,5042.60009765625
1770685200,5042.89990234375,5050.0,5035.5,5044.2998046875
1770685320,5044.89990234375,5052.0,5042.2001953125,5049.89990234375
1770685440,5049.5,5050.39990234375,5036.2998046875,5041.2998046875
1770685560,5043.0,5051.0,5042.60009765625,5051.0
1770685680,5051.10009765625,5055.2998046875,5049.5,5054.2001953125
1770685800,5055.2998046875,5058.89990234375,5047.39990234375,5053.39990234375
1770685920,5054.0,5058.2998046875,5054.0,5054.89990234375
1770686040,5055.89990234375,5062.0,5053.5,5058.89990234375
1770686160,5059.7001953125,5060.60009765625,5057.0,5057.89990234375
1770686280,5057.7998046875,5057.7998046875,5050.10009765625,5054.89990234375
1770686400,5053.7998046875,5056.89990234375,5042.89990234375,5044.89990234375
1770686520,5044.7998046875,5048.7001953125,5041.39990234375,5042.10009765625
1770686640,5043.10009765625,5048.39990234375,5042.2001953125,5047.60009765625
1770686760,5047.2001953125,5047.2001953125,5040.0,5040.2001953125
1770686880,5039.60009765625,5043.39990234375,5036.7001953125,5040.60009765625
1770687000,5037.5,5044.10009765625,5037.5,5042.89990234375
1770687120,5043.0,5047.89990234375,5043.0,5045.89990234375
1770687240,5045.2998046875,5049.5,5043.2998046875,5043.60009765625
1770687360,5045.39990234375,5045.39990234375,5041.2001953125,5042.5
1770687480,5043.5,5049.0,5043.5,5047.7001953125
1770687600,5047.7001953125,5056.2998046875,5047.39990234375,5054.60009765625
1770687720,5054.0,5055.10009765625,5047.39990234375,5047.60009765625
1770687840,5047.0,5055.0,5047.0,5052.7001953125
1770687960,5051.2998046875,5059.2001953125,5049.39990234375,5056.10009765625
1770688080,5055.60009765625,5058.60009765625,5052.2998046875,5057.0
1770688200,5057.0,5058.2001953125,5050.89990234375,5052.0
1770688320,5052.2998046875,5057.60009765625,5052.2998046875,5054.5
1770688440,5053.89990234375,5056.0,5051.7998046875,5054.5
1770688560,5054.0,5057.7001953125,5045.60009765625,5048.10009765625
1770688680,5048.39990234375,5055.60009765625,5048.39990234375,5054.89990234375
1770688800,5055.10009765625,5057.39990234375,5053.2001953125,5054.7001953125
1770688920,5055.39990234375,5063.0,5053.60009765625,5059.2001953125
1770689040,5059.89990234375,5062.0,5057.7001953125,5061.2998046875
1770689160,5062.10009765625,5067.10009765625,5061.10009765625,5063.7001953125
1770689280,5064.89990234375,5069.0,5062.2001953125,5067.2998046875
1770689400,5066.0,5067.2001953125,5063.5,5065.7998046875
1770689520,5065.39990234375,5069.0,5065.39990234375,5066.89990234375
1770689640,5066.7998046875,5069.2001953125,5063.7998046875,5068.0
1770689760,5066.89990234375,5068.2001953125,5064.2998046875,5067.7998046875
1770689880,5066.89990234375,5066.89990234375,5062.0,5064.2998046875
1770690000,5064.39990234375,5069.2001953125,5064.39990234375,5067.10009765625
1770690120,5066.0,5075.89990234375,5063.7998046875,5073.7998046875
1770690240,5074.39990234375,5077.2001953125,5073.5,5074.2001953125
1770690360,5074.0,5079.0,5068.89990234375,5068.89990234375
1770690480,5069.60009765625,5072.10009765625,5068.89990234375,5069.39990234375
1770690600,5070.10009765625,5073.5,5068.5,5072.2001953125
1770690720,5071.10009765625,5072.60009765625,5067.0,5067.89990234375
1770690840,5067.89990234375,5071.0,5064.2001953125,5064.39990234375
1770690960,5064.2998046875,5067.0,5064.2998046875,5065.0
1770691080,5065.10009765625,5070.10009765625,5064.7001953125,5067.7001953125
1770691200,5068.60009765625,5071.5,5068.39990234375,5070.39990234375
1770691320,5070.39990234375,5074.7998046875,5069.7001953125,5073.60009765625
1770691440,5073.2998046875,5075.60009765625,5071.60009765625,5075.0
1770691560,5075.0,5075.0,5067.0,5067.39990234375
1770691680,5067.2001953125,5070.2998046875,5064.39990234375,5065.0
1770691800,5064.5,5064.89990234375,5056.7001953125,5060.0
1770691920,5060.0,5063.89990234375,5059.60009765625,5061.5
1770692040,5062.2998046875,5069.89990234375,5062.2001953125,5066.2001953125
1770692160,5065.89990234375,5071.5,5065.7001953125,5066.7998046875
1770692280,5066.2998046875,5067.0,5059.7001953125,5061.2001953125
1770692400,5059.0,5060.7001953125,5055.2001953125,5058.10009765625
1770692520,5059.5,5060.2998046875,5058.5,5059.10009765625
1770692640,5058.10009765625,5059.39990234375,5050.89990234375,5053.7998046875
1770692760,5053.2998046875,5060.10009765625,5053.2998046875,5054.0
1770692880,5053.7998046875,5055.0,5050.7001953125,5052.60009765625
1770693000,5053.0,5056.10009765625,5051.7998046875,5054.89990234375
1770693120,5054.2998046875,5055.0,5051.89990234375,5054.5
1770693240,5053.2998046875,5054.2998046875,5042.39990234375,5042.89990234375
1770693360,5042.89990234375,5047.7998046875,5042.89990234375,5043.5
1770693480,5043.39990234375,5044.5,5039.0,5042.89990234375
1770693600,5042.60009765625,5046.7998046875,5041.5,5045.0
1770693720,5045.7998046875,5048.10009765625,5043.39990234375,5048.10009765625
1770693840,5048.10009765625,5051.2001953125,5046.0,5046.89990234375
1770693960,5047.10009765625,5049.2998046875,5045.7998046875,5045.7998046875
1770694080,5045.10009765625,5046.60009765625,5043.5,5044.2001953125
1770694200,5043.89990234375,5047.2001953125,5042.2001953125,5044.2998046875
1770694320,5043.89990234375,5054.10009765625,5043.89990234375,5051.7001953125
1770694440,5051.89990234375,5052.0,5048.60009765625,5051.5
1770694560,5051.39990234375,5053.2998046875,5050.2001953125,5050.89990234375
1770694680,5051.89990234375,5053.0,5049.0,5051.10009765625
1770694800,5051.7001953125,5051.7001953125,5048.7001953125,5048.89990234375
1770694920,5048.2998046875,5048.39990234375,5044.5,5046.89990234375
1770695040,5045.7001953125,5049.0,5045.7001953125,5048.7998046875
1770695160,5049.2001953125,5049.2001953125,5045.2998046875,5046.60009765625
1770695280,5047.10009765625,5052.2998046875,5046.7998046875,5052.2998046875
1770695400,5051.2001953125,5051.5,5050.0,5051.2998046875
1770695520,5050.0,5050.0,5045.7001953125,5047.39990234375
1770695640,5047.2998046875,5051.0,5046.7998046875,5050.7998046875
1770695760,5050.7001953125,5050.7001953125,5036.5,5044.2998046875
1770695880,5044.10009765625,5052.0,5043.0,5051.5
1770696000,5052.39990234375,5052.89990234375,5047.0,5048.10009765625
1770696120,5048.2998046875,5049.7998046875,5045.60009765625,5045.60009765625
1770696240,5044.7998046875,5045.0,5039.5,5039.89990234375
1770696360,5040.7998046875,5047.0,5040.7998046875,5045.5
1770696480,5045.39990234375,5047.2001953125,5044.5,5047.2001953125
1770696600,5046.2001953125,5047.5,5041.5,5045.7001953125
1770696720,5044.60009765625,5048.89990234375,5044.60009765625,5047.60009765625
1770696840,5047.0,5049.10009765625,5044.7998046875,5048.89990234375
1770696960,5049.0,5050.0,5047.60009765625,5048.2001953125
1770697080,5047.39990234375,5051.2998046875,5047.39990234375,5049.2001953125
1770697200,5049.0,5049.0,5046.0,5046.60009765625
1770697320,5046.2998046875,5047.5,5045.39990234375,5046.5
1770697440,5047.60009765625,5049.5,5046.7001953125,5049.2998046875
1770697560,5048.5,5050.2998046875,5048.5,5048.7998046875
1770697680,5048.5,5052.7001953125,5048.0,5050.60009765625
1770697800,5049.89990234375,5050.0,5047.7998046875,5048.2998046875
1770697920,5047.89990234375,5048.2001953125,5046.0,5047.39990234375
1770698040,5046.60009765625,5048.60009765625,5046.60009765625,5048.10009765625
1770698160,5048.2998046875,5048.60009765625,5044.2001953125,5045.2998046875
1770698280,5045.60009765625,5046.5,5045.60009765625,5046.5
1770698400,5045.7998046875,5047.2998046875,5044.0,5044.0
1770698520,5045.60009765625,5051.0,5044.5,5047.39990234375
1770698640,5047.39990234375,5050.0,5046.89990234375,5049.7001953125
1770698760,5049.10009765625,5049.10009765625,5047.7001953125,5048.89990234375
1770698880,5050.60009765625,5055.2998046875,5050.60009765625,5055.0
1770699000,5054.39990234375,5056.2998046875,5050.89990234375,5056.0
1770699120,5054.89990234375,5055.5,5053.39990234375,5053.60009765625
1770699240,5053.39990234375,5055.5,5052.60009765625,5055.2998046875
1770699360,5055.10009765625,5055.7998046875,5054.10009765625,5054.2001953125
1770699480,5053.2001953125,5053.60009765625,5052.7001953125,5052.7998046875
1770699600,5052.89990234375,5057.39990234375,5051.7001953125,5053.7998046875
1770699720,5052.39990234375,5053.39990234375,5051.89990234375,5053.39990234375
1770699840,5054.0,5054.60009765625,5050.60009765625,5050.89990234375
1770699960,5050.60009765625,5053.5,5049.10009765625,5053.39990234375
1770700080,5054.10009765625,5055.5,5052.39990234375,5052.39990234375
1770700200,5052.7001953125,5053.2998046875,5052.10009765625,5053.2998046875
1770700320,5053.10009765625,5053.10009765625,5051.60009765625,5052.2001953125
1770700440,5051.7998046875,5052.0,5044.7998046875,5047.2001953125
1770700560,5046.60009765625,5048.39990234375,5045.10009765625,5045.89990234375
1770700680,5045.10009765625,5046.60009765625,5044.0,5045.89990234375
1770700800,5044.89990234375,5047.7998046875,5044.10009765625,5045.60009765625
1770700920,5045.5,5046.39990234375,5044.10009765625,5044.2998046875
1770701040,5044.39990234375,5045.39990234375,5041.10009765625,5041.39990234375
1770701160,5040.5,5041.10009765625,5032.7998046875,5035.7998046875
1770701280,5035.7001953125,5041.2998046875,5033.10009765625,5041.2998046875
1770701400,5040.5,5045.2998046875,5034.5,5045.2998046875
1770701520,5045.60009765625,5047.2998046875,5044.2001953125,5044.2001953125
1770701640,5044.2998046875,5047.7001953125,5042.0,5047.0
1770701760,5046.60009765625,5049.10009765625,5044.39990234375,5045.0
1770701880,5044.7998046875,5052.39990234375,5042.39990234375,5050.7998046875
1770702000,5050.39990234375,5051.7001953125,5048.10009765625,5049.2001953125
1770702120,5050.60009765625,5051.7998046875,5048.39990234375,5051.39990234375
1770702240,5051.10009765625,5055.7001953125,5050.39990234375,5055.7001953125
1770702360,5055.89990234375,5059.0,5055.0,5059.0
1770702480,5058.10009765625,5058.2998046875,5056.0,5056.0
1770702600,5056.60009765625,5056.60009765625,5052.89990234375,5055.2998046875
1770702720,5056.0,5064.0,5056.0,5059.39990234375
1770702840,5060.0,5061.60009765625,5059.89990234375,5060.89990234375
1770702960,5060.7998046875,5062.2001953125,5059.5,5062.2001953125
1770703080,5061.7998046875,5062.5,5060.5,5061.89990234375
1770703200,5061.39990234375,5063.60009765625,5058.10009765625,5061.39990234375
1770703320,5060.7001953125,5063.2998046875,5060.2001953125,5061.0
1770703440,5061.0,5063.10009765625,5061.0,5062.0
1770703560,5062.10009765625,5068.39990234375,5062.0,5067.0
1770703680,5067.7001953125,5067.7998046875,5061.5,5061.5
1770703800,5062.2998046875,5062.39990234375,5059.0,5059.0
1770703920,5058.60009765625,5060.0,5056.60009765625,5058.7001953125
1770704040,5057.7001953125,5060.2998046875,5055.60009765625,5058.39990234375
1770704160,5058.60009765625,5059.7998046875,5055.0,5055.2001953125
1770704280,5055.7001953125,5058.0,5055.39990234375,5055.7998046875
1770704400,5055.0,5057.39990234375,5053.0,5057.39990234375
1770704520,5058.2001953125,5058.7001953125,5057.60009765625,5057.89990234375
1770704640,5057.0,5058.7998046875,5053.5,5054.89990234375
1770704760,5054.0,5059.39990234375,5052.7001953125,5056.0
1770704880,5054.89990234375,5055.0,5053.60009765625,5053.60009765625
1770705000,5053.39990234375,5055.2998046875,5052.0,5052.7001953125
1770705120,5052.5,5055.10009765625,5050.2001953125,5055.10009765625
1770705240,5054.89990234375,5060.89990234375,5054.89990234375,5058.2001953125
1770705360,5058.7001953125,5060.2001953125,5055.7998046875,5057.0
1770705600,5056.0,5056.0,5054.0,5054.0
1770705720,5053.2998046875,5053.2998046875,5051.2001953125,5051.2001953125
1770705840,5050.7998046875,5052.89990234375,5048.60009765625,5052.89990234375
1770705960,5053.5,5058.7001953125,5052.7001953125,5057.5
1770706080,5057.5,5057.5,5050.0,5052.0
1770706200,5051.60009765625,5051.60009765625,5047.0,5048.7998046875
1770706320,5048.7998046875,5048.7998046875,5042.7001953125,5043.2001953125
1770706440,5042.5,5048.2001953125,5041.0,5046.89990234375
1770706560,5046.2001953125,5049.7001953125,5045.7998046875,5048.0
1770706680,5047.7001953125,5047.7001953125,5044.7998046875,5045.7998046875
1770706800,5045.7001953125,5046.60009765625,5040.0,5046.60009765625
1770706920,5046.60009765625,5050.0,5045.89990234375,5049.0
1770707040,5049.2998046875,5050.89990234375,5047.7001953125,5050.89990234375
1770707160,5051.0,5051.2998046875,5049.10009765625,5049.39990234375
1770707280,5049.39990234375,5051.7998046875,5048.7001953125,5050.10009765625
1770707400,5050.10009765625,5052.39990234375,5050.10009765625,5052.0
1770707520,5052.89990234375,5055.7001953125,5052.2001953125,5053.0
1770707640,5052.10009765625,5052.10009765625,5048.7001953125,5051.7998046875
1770707760,5052.60009765625,5053.5,5051.60009765625,5052.0
1770707880,5052.5,5052.7001953125,5050.7001953125,5051.39990234375
1770708000,5051.89990234375,5052.39990234375,5048.39990234375,5049.60009765625
1770708120,5049.7001953125,5049.89990234375,5042.60009765625,5043.2998046875
1770708240,5043.2998046875,5044.2998046875,5041.7998046875,5042.39990234375
1770708360,5042.5,5044.39990234375,5040.7998046875,5042.7998046875
1770708480,5042.60009765625,5047.7001953125,5042.60009765625,5046.2998046875
1770708600,5046.7998046875,5048.10009765625,5046.0,5048.10009765625
1770708720,5048.2001953125,5053.10009765625,5048.10009765625,5052.0
1770708840,5052.10009765625,5054.89990234375,5049.39990234375,5053.89990234375
1770708960,5053.7998046875,5056.2001953125,5053.2998046875,5053.2998046875
1770709080,5052.7998046875,5052.7998046875,5047.5,5049.39990234375
1770709200,5048.7001953125,5048.7001953125,5047.7998046875,5047.89990234375
1770709320,5048.2998046875,5053.2001953125,5047.7998046875,5052.7998046875
1770709440,5053.10009765625,5053.89990234375,5049.2998046875,5049.2998046875
1770709560,5048.89990234375,5051.5,5048.5,5049.2998046875
1770709680,5049.0,5052.10009765625,5047.5,5051.89990234375
1770709800,5051.89990234375,5055.2998046875,5051.89990234375,5055.2998046875
1770709920,5054.89990234375,5057.10009765625,5053.5,5056.2998046875
1770710040,5056.2998046875,5056.5,5051.7001953125,5051.7998046875
1770710160,5051.7001953125,5054.60009765625,5051.7001953125,5053.7998046875
1770710280,5053.39990234375,5055.60009765625,5052.7001953125,5055.2998046875
1770710400,5054.5,5054.7998046875,5049.60009765625,5053.2001953125
1770710520,5051.7998046875,5059.5,5051.10009765625,5056.7001953125
1770710640,5057.0,5062.10009765625,5056.5,5058.7998046875
1770710760,5058.0,5063.0,5055.2001953125,5055.7001953125
1770710880,5055.7001953125,5058.2001953125,5055.7001953125,5057.39990234375
1770711000,5058.2998046875,5059.7001953125,5055.0,5055.0
1770711120,5054.39990234375,5060.5,5052.89990234375,5055.7998046875
1770711240,5056.60009765625,5057.2001953125,5053.7998046875,5056.39990234375
1770711360,5056.60009765625,5060.0,5055.60009765625,5059.2001953125
1770711480,5059.7001953125,5062.39990234375,5059.0,5061.5
1770711600,5061.7998046875,5063.0,5058.7001953125,5060.5
1770711720,5060.5,5061.39990234375,5058.0,5059.2001953125
1770711840,5058.7001953125,5060.0,5057.10009765625,5057.7001953125
1770711960,5058.39990234375,5060.10009765625,5057.39990234375,5060.0
1770712080,5060.0,5062.0,5056.60009765625,5057.2998046875
1770712200,5057.5,5061.7998046875,5056.0,5061.39990234375
1770712320,5060.5,5060.5,5058.0,5058.0
1770712440,5057.2001953125,5061.0,5056.0,5060.2001953125
1770712560,5060.0,5064.10009765625,5059.89990234375,5062.7001953125
1770712680,5062.89990234375,5067.2001953125,5062.10009765625,5065.60009765625
1770712800,5066.2001953125,5069.2001953125,5064.7998046875,5068.5
1770712920,5069.0,5071.0,5068.2001953125,5069.2998046875
1770713040,5068.5,5075.10009765625,5067.7998046875,5075.10009765625
1770713160,5075.2001953125,5077.10009765625,5072.7998046875,5073.7998046875
1770713280,5074.0,5075.0,5072.2001953125,5072.7001953125
1770713400,5072.89990234375,5072.89990234375,5068.5,5068.60009765625
1770713520,5068.2998046875,5071.7998046875,5067.2998046875,5070.7998046875
1770713640,5070.89990234375,5070.89990234375,5066.0,5066.2998046875
1770713760,5066.2001953125,5067.0,5061.10009765625,5063.2998046875
1770713880,5062.39990234375,5066.0,5060.2001953125,5063.7998046875
1770714000,5063.60009765625,5068.39990234375,5062.60009765625,5067.60009765625
1770714120,5067.7998046875,5073.39990234375,5067.39990234375,5071.10009765625
1770714240,5071.0,5072.7001953125,5069.2001953125,5070.7001953125
1770714360,5071.2998046875,5075.39990234375,5069.7998046875,5075.2001953125
1770714480,5074.39990234375,5085.2998046875,5074.10009765625,5079.60009765625
1770714600,5079.7998046875,5080.5,5076.39990234375,5078.89990234375
1770714720,5079.10009765625,5079.2998046875,5073.5,5074.2001953125
1770714840,5074.0,5075.39990234375,5073.0,5074.2998046875
1770714960,5073.7998046875,5074.2001953125,5068.7998046875,5069.7001953125
1770715080,5069.2998046875,5071.39990234375,5067.39990234375,5070.89990234375
1770715200,5070.10009765625,5075.2998046875,5068.60009765625,5075.2998046875
1770715320,5075.10009765625,5077.39990234375,5073.89990234375,5077.0
1770715440,5077.39990234375,5077.7001953125,5074.2001953125,5074.2001953125
1770715560,5074.5,5076.2998046875,5074.5,5075.7001953125
1770715680,5076.2001953125,5077.7998046875,5074.2001953125,5074.5
1770715800,5074.5,5075.5,5070.2998046875,5070.2998046875
1770715920,5070.2001953125,5071.0,5067.60009765625,5071.0
1770716040,5071.0,5071.7998046875,5067.5,5070.7001953125
1770716160,5070.7998046875,5071.2001953125,5068.10009765625,5069.5
1770716280,5069.89990234375,5071.7001953125,5067.5,5069.5
1770716400,5068.89990234375,5071.60009765625,5067.7001953125,5071.5
1770716520,5070.5,5071.7001953125,5068.2001953125,5070.10009765625
1770716640,5069.89990234375,5072.0,5066.60009765625,5066.7001953125
1770716760,5066.7001953125,5069.2001953125,5066.10009765625,5067.2998046875
1770716880,5067.0,5069.39990234375,5066.60009765625,5068.39990234375
1770717000,5068.39990234375,5071.0,5066.7001953125,5070.7998046875
1770717120,5070.7001953125,5070.7998046875,5068.0,5069.0
1770717240,5068.7001953125,5068.7001953125,5063.39990234375,5064.5
1770717360,5064.0,5067.60009765625,5064.0,5067.39990234375
1770717480,5067.2998046875,5069.2001953125,5066.5,5068.5
1770717600,5068.60009765625,5074.7998046875,5067.89990234375,5070.89990234375
1770717720,5071.2001953125,5075.0,5070.39990234375,5071.10009765625
1770717840,5071.0,5072.2998046875,5069.89990234375,5072.2998046875
1770717960,5071.7998046875,5071.7998046875,5070.0,5070.89990234375
1770718080,5070.89990234375,5073.39990234375,5070.10009765625,5071.10009765625
1770718200,5071.7001953125,5071.7001953125,5065.2001953125,5066.2001953125
1770718320,5065.7001953125,5066.0,5063.39990234375,5064.39990234375
1770718440,5064.60009765625,5065.2001953125,5059.89990234375,5062.7998046875
1770718560,5062.5,5064.7001953125,5060.2001953125,5064.10009765625
1770718680,5063.89990234375,5064.39990234375,5062.0,5063.7001953125
1770718800,5063.39990234375,5067.2001953125,5061.5,5066.0
1770718920,5065.2001953125,5070.2998046875,5064.7998046875,5069.39990234375
1770719040,5069.7998046875,5073.2998046875,5069.2998046875,5072.7001953125
1770719160,5072.10009765625,5073.10009765625,5069.39990234375,5069.60009765625
1770719280,5069.60009765625,5072.39990234375,5069.10009765625,5069.7998046875
1770719400,5069.7998046875,5073.7001953125,5068.10009765625,5072.2001953125
1770719520,5071.7998046875,5078.0,5071.7998046875,5075.7998046875
1770719640,5076.0,5076.60009765625,5073.5,5074.2998046875
1770719760,5073.7001953125,5076.39990234375,5073.2998046875,5075.7998046875
1770719880,5076.2001953125,5079.7998046875,5074.7001953125,5077.39990234375
1770720000,5078.2001953125,5081.2998046875,5077.60009765625,5080.60009765625
1770720120,5080.60009765625,5080.60009765625,5079.0,5079.0
1770720240,5078.7998046875,5079.7001953125,5076.5,5078.10009765625
1770720360,5078.89990234375,5078.89990234375,5076.39990234375,5076.60009765625
1770720480,5076.7001953125,5078.10009765625,5076.2001953125,5077.60009765625
1770720600,5077.39990234375,5080.2001953125,5077.2001953125,5077.5
1770720720,5078.2998046875,5079.10009765625,5076.10009765625,5076.10009765625
1770720840,5076.0,5076.2998046875,5071.60009765625,5072.0
1770720960,5072.0,5072.89990234375,5066.89990234375,5067.7001953125
1770721080,5067.60009765625,5071.39990234375,5066.7998046875,5070.2001953125
1770721200,5069.5,5071.2001953125,5068.2998046875,5070.7998046875
1770721320,5070.10009765625,5070.89990234375,5067.7001953125,5068.0
1770721440,5068.10009765625,5072.60009765625,5067.39990234375,5072.60009765625
1770721560,5072.0,5073.39990234375,5071.89990234375,5073.2001953125
1770721680,5073.2001953125,5076.0,5073.2001953125,5076.0
1770721800,5076.2001953125,5076.2001953125,5072.89990234375,5073.60009765625
1770721920,5075.0,5075.10009765625,5073.10009765625,5073.39990234375
1770722040,5073.0,5074.7001953125,5072.2998046875,5074.7001953125
1770722160,5074.7998046875,5074.7998046875,5072.7998046875,5073.39990234375
1770722280,5072.2998046875,5072.2998046875,5069.10009765625,5071.0
1770722400,5070.5,5070.5,5068.5,5069.7001953125
1770722520,5068.89990234375,5071.2001953125,5068.89990234375,5070.2998046875
1770722640,5070.2001953125,5070.2001953125,5068.39990234375,5069.5
1770722760,5069.39990234375,5070.5,5069.0,5070.39990234375
1770722880,5070.0,5071.7001953125,5070.0,5071.7001953125
1770723000,5070.39990234375,5072.5,5070.39990234375,5071.89990234375
1770723120,5071.89990234375,5072.2998046875,5070.39990234375,5070.7998046875
1770723240,5071.10009765625,5073.89990234375,5071.10009765625,5073.2998046875
1770723360,5073.2998046875,5074.60009765625,5072.60009765625,5072.89990234375
1770723480,5072.5,5077.0,5069.7001953125,5073.7001953125
1770723600,5074.0,5076.5,5072.39990234375,5072.39990234375
1770723720,5072.60009765625,5073.0,5069.0,5070.5
1770723840,5070.89990234375,5072.89990234375,5069.2998046875,5070.2001953125
1770723960,5069.5,5070.5,5068.2001953125,5069.7001953125
1770724080,5069.60009765625,5075.10009765625,5069.2998046875,5074.7998046875
1770724200,5074.7998046875,5078.0,5074.7998046875,5077.0
1770724320,5076.5,5080.2998046875,5075.39990234375,5079.2001953125
1770724440,5079.7001953125,5080.0,5075.2001953125,5075.2001953125
1770724560,5075.7998046875,5081.0,5075.7998046875,5080.10009765625
1770724680,5079.89990234375,5080.10009765625,5077.5,5079.0
1770724800,5079.7001953125,5079.7001953125,5075.60009765625,5076.2998046875
1770724920,5077.0,5080.7001953125,5077.0,5078.7998046875
1770725040,5078.2998046875,5078.2998046875,5072.7001953125,5072.7001953125
1770725160,5073.2998046875,5073.2998046875,5064.39990234375,5067.7998046875
1770725280,5068.2001953125,5069.60009765625,5067.7001953125,5069.0
1770725400,5068.89990234375,5069.7998046875,5065.10009765625,5065.10009765625
1770725520,5065.0,5067.0,5064.39990234375,5066.39990234375
1770725640,5066.7998046875,5069.7001953125,5066.0,5069.2998046875
1770725760,5069.2001953125,5072.89990234375,5068.2001953125,5072.89990234375
1770725880,5072.89990234375,5075.0,5071.2998046875,5072.0
1770726000,5071.2998046875,5071.2998046875,5065.7001953125,5067.2001953125
1770726120,5066.89990234375,5072.60009765625,5065.39990234375,5071.89990234375
1770726240,5072.60009765625,5072.7001953125,5068.5,5070.2001953125
1770726360,5069.7001953125,5070.2001953125,5068.60009765625,5068.60009765625
1770726480,5069.10009765625,5069.7998046875,5066.2001953125,5069.0
1770726600,5070.0,5070.89990234375,5069.2001953125,5069.89990234375
1770726720,5070.10009765625,5070.60009765625,5064.5,5065.89990234375
1770726840,5066.5,5069.2998046875,5066.5,5069.2998046875
1770726960,5068.89990234375,5070.0,5068.2001953125,5069.2998046875
1770727080,5070.0,5070.0,5068.2998046875,5068.5
1770727200,5067.7998046875,5067.7998046875,5065.0,5065.7998046875
1770727320,5066.0,5066.0,5057.5,5058.7998046875
1770727440,5059.0,5059.5,5044.7001953125,5047.89990234375
1770727560,5047.39990234375,5051.2001953125,5043.10009765625,5048.60009765625
1770727680,5048.89990234375,5049.5,5045.7998046875,5048.10009765625
1770727800,5048.2998046875,5053.60009765625,5047.39990234375,5051.7001953125
1770727920,5051.2001953125,5058.0,5042.0,5045.60009765625
1770728040,5045.89990234375,5056.0,5044.60009765625,5055.0
1770728160,5055.0,5057.0,5053.5,5054.0
1770728280,5054.7998046875,5056.2001953125,5054.0,5054.89990234375
1770728400,5055.0,5057.2001953125,5048.60009765625,5052.2001953125
1770728520,5051.39990234375,5055.7001953125,5050.2001953125,5054.7001953125
1770728640,5053.7998046875,5058.0,5051.7001953125,5057.39990234375
1770728760,5057.0,5058.7998046875,5055.89990234375,5058.10009765625
1770728880,5057.2998046875,5060.0,5055.7998046875,5056.2001953125
1770729000,5056.10009765625,5060.7001953125,5055.2001953125,5058.39990234375
1770729120,5057.7001953125,5064.2998046875,5057.10009765625,5063.5
1770729240,5063.39990234375,5065.5,5062.5,5063.7001953125
1770729360,5063.2998046875,5068.2001953125,5062.2998046875,5068.2001953125
1770729480,5067.5,5069.0,5065.2001953125,5067.5
1770729600,5068.2001953125,5069.0,5062.5,5062.5
1770729720,5063.2001953125,5065.5,5062.10009765625,5063.7001953125
1770729840,5063.7001953125,5063.89990234375,5056.60009765625,5057.2998046875
1770729960,5056.7998046875,5061.10009765625,5055.5,5059.89990234375
1770730080,5060.7001953125,5060.7001953125,5059.2001953125,5059.2998046875
1770730200,5060.7001953125,5073.0,5060.7001953125,5072.89990234375
1770730320,5072.89990234375,5082.39990234375,5070.7998046875,5079.89990234375
1770730440,5080.7001953125,5081.2001953125,5074.60009765625,5075.7001953125
1770730560,5076.0,5079.2998046875,5071.5,5072.89990234375
1770730680,5071.60009765625,5072.5,5069.0,5071.7001953125
1770730800,5071.0,5074.7998046875,5070.7998046875,5073.7998046875
1770730920,5074.10009765625,5076.0,5073.0,5074.89990234375
1770731040,5074.7998046875,5075.89990234375,5071.89990234375,5074.2998046875
1770731160,5074.2001953125,5080.2001953125,5073.89990234375,5079.7998046875
1770731280,5079.10009765625,5079.5,5076.7998046875,5078.5
1770731400,5077.7998046875,5079.0,5075.7001953125,5078.10009765625
1770731520,5078.39990234375,5078.5,5075.0,5076.5
1770731640,5077.0,5078.2001953125,5074.7001953125,5076.7998046875
1770731760,5076.89990234375,5077.60009765625,5074.10009765625,5076.2001953125
1770731880,5076.89990234375,5078.0,5072.0,5074.10009765625
1770732000,5074.10009765625,5077.89990234375,5070.2001953125,5074.2998046875
1770732120,5073.5,5073.5,5069.39990234375,5071.7001953125
1770732240,5072.0,5073.60009765625,5070.89990234375,5071.39990234375
1770732360,5071.0,5080.89990234375,5070.60009765625,5076.2001953125
1770732480,5077.0,5080.39990234375,5075.0,5079.39990234375
1770732600,5079.60009765625,5082.0,5075.89990234375,5076.2998046875
1770732720,5077.0,5078.60009765625,5076.39990234375,5078.0
1770732840,5078.0,5083.7998046875,5078.0,5082.2001953125
1770732960,5082.2001953125,5097.2998046875,5081.39990234375,5095.2998046875
1770733080,5095.60009765625,5098.2998046875,5093.60009765625,5095.2998046875
1770733200,5094.7998046875,5096.2998046875,5092.2998046875,5093.60009765625
1770733320,5093.0,5096.2001953125,5091.7998046875,5093.89990234375
1770733440,5093.2001953125,5096.7001953125,5090.7998046875,5093.0
1770733560,5093.39990234375,5095.2998046875,5090.0,5090.7998046875
1770733680,5090.89990234375,5095.2998046875,5090.60009765625,5093.89990234375
1770733800,5093.5,5102.39990234375,5091.2001953125,5101.0
1770733920,5100.7998046875,5102.7001953125,5093.60009765625,5098.0
1770734040,5099.2998046875,5100.7001953125,5093.0,5093.2001953125
1770734160,5093.7998046875,5095.2001953125,5085.2001953125,5085.2001953125
1770734280,5085.5,5089.2001953125,5080.7001953125,5086.10009765625
1770734400,5086.0,5088.0,5078.39990234375,5081.0
1770734520,5081.60009765625,5081.89990234375,5076.7998046875,5078.10009765625
1770734640,5078.10009765625,5081.10009765625,5065.39990234375,5067.89990234375
1770734760,5068.2001953125,5070.39990234375,5057.2001953125,5057.39990234375
1770734880,5057.0,5059.2001953125,5043.2001953125,5053.2001953125
1770735000,5053.39990234375,5060.0,5052.60009765625,5060.0
1770735120,5059.5,5063.7001953125,5057.10009765625,5059.0
1770735240,5059.10009765625,5068.10009765625,5058.7998046875,5067.2998046875
1770735360,5067.10009765625,5069.5,5062.2001953125,5065.2001953125
1770735480,5065.7998046875,5066.2998046875,5060.5,5063.0
1770735600,5062.0,5062.0,5052.89990234375,5058.89990234375
1770735720,5059.2998046875,5059.2998046875,5051.39990234375,5056.7001953125
1770735840,5057.5,5059.89990234375,5051.5,5058.5
1770735960,5059.0,5065.89990234375,5057.60009765625,5058.7998046875
1770736080,5059.2001953125,5065.0,5057.60009765625,5065.0
1770736200,5064.5,5066.2998046875,5059.60009765625,5063.60009765625
1770736320,5063.2001953125,5066.39990234375,5061.10009765625,5062.60009765625
1770736440,5062.39990234375,5065.60009765625,5058.39990234375,5060.2001953125
1770736560,5059.89990234375,5062.5,5059.2001953125,5061.5
1770736680,5061.2998046875,5064.89990234375,5060.0,5064.10009765625
1770736800,5064.5,5069.2001953125,5062.5,5065.89990234375
1770736920,5065.2998046875,5070.89990234375,5064.7001953125,5069.10009765625
1770737040,5069.7998046875,5069.7998046875,5064.39990234375,5065.39990234375
1770737160,5065.89990234375,5066.7001953125,5062.60009765625,5063.2998046875
1770737280,5063.0,5066.2998046875,5055.0,5055.10009765625
1770737400,5054.2998046875,5060.0,5049.2998046875,5057.89990234375
1770737520,5057.7001953125,5059.7001953125,5052.5,5053.10009765625
1770737640,5052.2998046875,5056.39990234375,5052.0,5052.7998046875
1770737760,5052.60009765625,5054.10009765625,5032.0,5033.2998046875
1770737880,5033.39990234375,5038.0,5021.2998046875,5030.7998046875
1770738000,5031.0,5040.0,5030.39990234375,5039.7998046875
1770738120,5040.0,5043.0,5036.5,5040.7998046875
1770738240,5041.39990234375,5041.7001953125,5034.10009765625,5039.7001953125
1770738360,5039.0,5046.5,5036.39990234375,5043.39990234375
1770738480,5043.2998046875,5051.2001953125,5042.10009765625,5048.89990234375
1770738600,5048.2998046875,5050.5,5045.39990234375,5045.7998046875
1770738720,5046.2001953125,5046.60009765625,5040.7001953125,5045.5
1770738840,5046.2001953125,5053.60009765625,5045.5,5048.2998046875
1770738960,5048.2998046875,5048.2998046875,5042.7001953125,5045.7998046875
1770739080,5046.60009765625,5046.7998046875,5039.10009765625,5041.60009765625
1770739200,5042.7001953125,5044.10009765625,5036.7998046875,5038.5
1770739320,5038.7998046875,5040.0,5035.89990234375,5039.60009765625
1770739440,5038.89990234375,5040.0,5033.2998046875,5035.10009765625
1770739560,5035.10009765625,5039.5,5028.7998046875,5031.39990234375
1770739680,5032.5,5040.0,5031.10009765625,5036.2998046875
1770739800,5036.7998046875,5039.7998046875,5036.7998046875,5039.5
1770739920,5039.60009765625,5045.7998046875,5039.5,5045.5
1770740040,5045.2001953125,5045.7998046875,5038.60009765625,5044.89990234375
1770740160,5045.2998046875,5046.7998046875,5041.60009765625,5046.2998046875
1770740280,5046.39990234375,5047.2998046875,5040.5,5041.10009765625
1770740400,5040.5,5041.10009765625,5031.39990234375,5036.89990234375
1770740520,5036.5,5038.39990234375,5032.39990234375,5035.0
1770740640,5035.2998046875,5036.0,5028.2001953125,5034.0
1770740760,5034.7001953125,5041.2001953125,5034.7001953125,5037.2001953125
1770740880,5036.60009765625,5040.39990234375,5031.7998046875,5033.10009765625
1770741000,5032.39990234375,5039.7998046875,5031.0,5037.7001953125
1770741120,5038.0,5044.10009765625,5037.5,5042.0
1770741240,5041.39990234375,5043.7001953125,5039.7998046875,5042.39990234375
1770741360,5042.2001953125,5046.39990234375,5041.5,5044.7001953125
1770741480,5044.2998046875,5044.2998046875,5040.7998046875,5042.39990234375
1770741600,5042.60009765625,5042.60009765625,5037.7998046875,5038.2998046875
1770741720,5038.2001953125,5041.0,5036.7998046875,5039.2998046875
1770741840,5040.2001953125,5048.89990234375,5038.7001953125,5048.2001953125
1770741960,5047.89990234375,5049.7001953125,5046.7998046875,5047.39990234375
1770742080,5046.5,5047.2998046875,5040.2001953125,5040.2998046875
1770742200,5040.89990234375,5043.0,5038.7998046875,5041.2998046875
1770742320,5040.7998046875,5045.7001953125,5040.2998046875,5045.0
1770742440,5045.39990234375,5046.2998046875,5042.2998046875,5043.60009765625
1770742560,5043.7001953125,5047.5,5043.7001953125,5046.0
1770742680,5046.2001953125,5046.60009765625,5044.10009765625,5046.5
1770742800,5046.39990234375,5050.0,5045.7001953125,5046.39990234375
1770742920,5046.7001953125,5050.5,5046.10009765625,5048.7001953125
1770743040,5048.2998046875,5050.39990234375,5046.7998046875,5048.89990234375
1770743160,5049.2001953125,5049.7001953125,5044.7001953125,5045.7998046875
1770743280,5046.2998046875,5048.10009765625,5043.60009765625,5046.0
1770743400,5046.2001953125,5046.2001953125,5044.5,5045.0
1770743520,5045.10009765625,5049.2998046875,5043.7001953125,5049.2998046875
1770743640,5048.7001953125,5052.7001953125,5045.5,5052.5
1770743760,5051.7998046875,5056.5,5050.2001953125,5054.7998046875
1770743880,5055.2001953125,5058.0,5053.89990234375,5055.7998046875
1770744000,5055.7001953125,5057.5,5053.0,5055.10009765625
1770744120,5054.60009765625,5056.10009765625,5054.2001953125,5055.7998046875
1770744240,5056.10009765625,5058.39990234375,5055.2998046875,5058.39990234375
1770744360,5057.89990234375,5060.0,5057.2001953125,5060.0
1770744480,5060.0,5062.0,5058.7998046875,5060.0
1770744600,5060.0,5060.7998046875,5057.7001953125,5059.2998046875
1770744720,5058.7998046875,5059.39990234375,5056.7998046875,5058.10009765625
1770744840,5058.2998046875,5060.39990234375,5056.7998046875,5056.7998046875
1770744960,5056.7001953125,5059.60009765625,5056.60009765625,5058.2001953125
1770745080,5058.2998046875,5058.2998046875,5055.0,5057.2998046875
1770745200,5056.2001953125,5057.2998046875,5055.2998046875,5057.2998046875
1770745320,5056.7998046875,5062.5,5056.39990234375,5062.5
1770745440,5062.2001953125,5064.0,5059.2998046875,5059.2998046875
1770745560,5059.10009765625,5059.10009765625,5056.7001953125,5057.5
1770745680,5057.2001953125,5057.7998046875,5052.5,5053.2001953125
1770745800,5053.39990234375,5054.0,5052.5,5053.7998046875
1770745920,5053.89990234375,5054.0,5051.5,5052.5
1770746040,5052.60009765625,5052.60009765625,5048.2998046875,5049.39990234375
1770746160,5049.2998046875,5050.0,5048.5,5049.89990234375
1770746280,5050.2998046875,5052.5,5049.60009765625,5049.7001953125
1770746400,5049.10009765625,5051.2998046875,5045.2998046875,5050.0
1770746520,5049.7001953125,5050.60009765625,5046.2001953125,5047.60009765625
1770746640,5047.2001953125,5047.7998046875,5042.0,5042.5
1770746760,5041.7998046875,5045.2001953125,5038.10009765625,5045.10009765625
1770746880,5045.2001953125,5045.7001953125,5042.7001953125,5043.89990234375
1770747000,5043.60009765625,5044.2001953125,5038.0,5041.60009765625
1770747120,5041.60009765625,5042.0,5036.7998046875,5037.39990234375
1770747240,5037.2001953125,5041.89990234375,5037.2001953125,5039.5
1770747360,5039.39990234375,5040.39990234375,5035.2001953125,5035.39990234375
1770747480,5035.60009765625,5039.0,5034.10009765625,5034.60009765625
1770747600,5034.7001953125,5036.10009765625,5030.7998046875,5032.7998046875
1770747720,5032.39990234375,5036.7001953125,5031.5,5034.10009765625
1770747840,5033.2998046875,5033.7001953125,5026.7001953125,5031.10009765625
1770747960,5030.89990234375,5032.7998046875,5026.7998046875,5027.60009765625
1770748080,5027.7998046875,5033.7001953125,5027.7001953125,5031.39990234375
1770748200,5031.39990234375,5036.10009765625,5027.2001953125,5033.5
1770748320,5034.10009765625,5037.5,5030.5,5030.5
1770748440,5030.5,5036.5,5029.2001953125,5033.89990234375
1770748560,5034.39990234375,5037.7001953125,5033.5,5036.0
1770748680,5036.60009765625,5037.60009765625,5035.60009765625,5036.0
1770748800,5036.2998046875,5037.39990234375,5032.7001953125,5034.0
1770748920,5033.7001953125,5037.0,5033.7001953125,5036.5
1770749040,5036.7998046875,5039.89990234375,5036.7998046875,5037.89990234375
1770749160,5038.2998046875,5038.5,5033.2001953125,5036.0
1770749280,5036.7001953125,5036.7001953125,5034.0,5034.2998046875
1770749400,5034.60009765625,5036.39990234375,5031.5,5033.39990234375
1770749520,5033.60009765625,5035.60009765625,5033.60009765625,5034.5
1770749640,5033.7998046875,5034.2001953125,5029.2998046875,5033.89990234375
1770749760,5034.2998046875,5035.7998046875,5033.10009765625,5035.5
1770749880,5035.7998046875,5037.7998046875,5035.2998046875,5036.0
1770750000,5035.2998046875,5036.10009765625,5031.39990234375,5031.7998046875
1770750120,5031.89990234375,5035.39990234375,5031.89990234375,5034.7001953125
1770750240,5034.89990234375,5036.2998046875,5032.5,5034.0
1770750360,5034.39990234375,5036.0,5034.2001953125,5034.2998046875
1770750480,5033.7998046875,5035.2998046875,5033.60009765625,5034.2001953125
1770750600,5034.10009765625,5035.10009765625,5032.7001953125,5034.7998046875
1770750720,5035.10009765625,5035.7001953125,5033.89990234375,5034.0
1770750840,5034.89990234375,5036.5,5034.89990234375,5036.2001953125
1770750960,5036.0,5039.0,5036.0,5038.10009765625
1770751080,5037.7998046875,5042.2001953125,5037.7001953125,5041.5
1770751200,5041.2998046875,5042.7998046875,5041.0,5042.0
1770751320,5041.7001953125,5042.2998046875,5040.7998046875,5041.2001953125
1770751440,5041.5,5044.0,5041.10009765625,5042.89990234375
1770751560,5042.7001953125,5043.5,5040.89990234375,5041.2998046875
1770751680,5041.7998046875,5044.7998046875,5041.60009765625,5043.60009765625
1770751800,5044.10009765625,5052.10009765625,5044.10009765625,5052.10009765625
1770751920,5052.2001953125,5053.2001953125,5048.7001953125,5049.2001953125
1770752040,5048.7001953125,5050.10009765625,5047.7001953125,5048.5
1770752160,5049.0,5052.39990234375,5047.0,5051.7001953125
1770752280,5052.2001953125,5052.5,5049.2998046875,5049.2998046875
1770752400,5049.2001953125,5049.7001953125,5047.7001953125,5048.7998046875
1770752520,5049.7001953125,5050.2001953125,5047.7998046875,5048.5
1770752640,5048.0,5050.0,5046.7998046875,5049.7998046875
1770752760,5049.0,5050.5,5048.60009765625,5049.2001953125
1770752880,5049.60009765625,5050.2998046875,5048.7001953125,5049.39990234375
1770753000,5050.0,5050.60009765625,5049.0,5049.89990234375
1770753120,5050.5,5053.2001953125,5050.5,5051.60009765625
1770753240,5051.7001953125,5051.7001953125,5049.39990234375,5050.0
1770753360,5050.0,5052.2998046875,5050.0,5051.7998046875
1770753480,5051.60009765625,5052.0,5050.5,5050.7998046875
1770753600,5050.5,5052.0,5049.10009765625,5052.0
1770753720,5051.7001953125,5052.5,5048.2001953125,5048.89990234375
1770753840,5048.7001953125,5048.89990234375,5044.7001953125,5046.39990234375
1770753960,5046.7998046875,5046.7998046875,5042.89990234375,5045.0
1770754080,5045.60009765625,5047.7998046875,5045.2998046875,5047.2001953125
1770754200,5046.7998046875,5047.7998046875,5045.39990234375,5047.7998046875
1770754320,5049.0,5049.10009765625,5047.7998046875,5048.60009765625
1770754440,5048.5,5048.7998046875,5046.5,5047.2001953125
1770754560,5047.39990234375,5051.10009765625,5047.39990234375,5050.7998046875
1770754680,5050.60009765625,5056.7001953125,5050.39990234375,5055.60009765625
1770754800,5055.5,5056.2001953125,5055.0,5055.5
1770754920,5055.7998046875,5056.2001953125,5052.10009765625,5052.7001953125
1770755040,5052.2998046875,5052.7998046875,5049.60009765625,5050.7998046875
1770755160,5050.39990234375,5050.39990234375,5045.7998046875,5047.89990234375
1770755280,5048.2001953125,5051.10009765625,5047.89990234375,5051.0
1770755400,5051.10009765625,5052.7998046875,5050.0,5051.5
1770755520,5051.5,5053.39990234375,5051.2998046875,5051.89990234375
1770755640,5052.7998046875,5054.0,5051.89990234375,5051.89990234375
1770755760,5052.60009765625,5054.0,5052.10009765625,5052.89990234375
1770755880,5052.39990234375,5054.0,5050.7001953125,5051.7998046875
1770756000,5052.0,5056.2001953125,5052.0,5056.2001953125
1770756120,5056.10009765625,5057.0,5055.10009765625,5055.10009765625
1770756240,5055.5,5059.89990234375,5055.5,5058.7998046875
1770756360,5058.2998046875,5058.7998046875,5056.89990234375,5058.2001953125
1770756480,5058.2001953125,5068.89990234375,5056.7998046875,5058.2998046875
1770756600,5058.10009765625,5060.7001953125,5055.89990234375,5058.10009765625
1770756720,5057.7998046875,5058.2001953125,5054.39990234375,5057.60009765625
1770756840,5058.0,5059.60009765625,5053.60009765625,5054.10009765625
1770756960,5055.10009765625,5055.10009765625,5050.2998046875,5051.10009765625
1770757080,5050.89990234375,5056.0,5050.2001953125,5052.89990234375
1770757200,5052.0,5055.0,5050.39990234375,5054.7001953125
1770757320,5054.2998046875,5054.7998046875,5048.60009765625,5048.60009765625
1770757440,5049.2998046875,5051.2001953125,5049.2001953125,5050.10009765625
1770757560,5049.89990234375,5051.0,5049.2998046875,5049.89990234375
1770757680,5049.5,5050.39990234375,5048.7998046875,5049.0
1770757800,5049.5,5049.89990234375,5048.39990234375,5049.2998046875
1770757920,5049.89990234375,5052.39990234375,5049.89990234375,5051.60009765625
1770758040,5051.60009765625,5052.10009765625,5051.0,5051.60009765625
1770758160,5051.39990234375,5051.7001953125,5050.5,5051.10009765625
1770758280,5051.5,5051.5,5050.2001953125,5050.60009765625
1770758400,5050.60009765625,5051.0,5049.7998046875,5050.10009765625
1770758520,5050.2001953125,5050.2001953125,5048.2001953125,5048.7001953125
1770758640,5049.60009765625,5049.60009765625,5045.5,5046.2001953125
1770758760,5046.39990234375,5046.60009765625,5045.5,5046.0
1770758880,5046.0,5048.39990234375,5045.2001953125,5048.39990234375
1770759000,5048.0,5050.7998046875,5047.89990234375,5050.7998046875
1770759120,5050.5,5050.7001953125,5047.89990234375,5048.60009765625
1770759240,5049.0,5049.2001953125,5048.5,5049.2001953125
1770759360,5049.0,5049.60009765625,5048.0,5048.2998046875
1770759480,5047.89990234375,5048.0,5047.5,5047.5
1770759600,5047.7001953125,5047.7001953125,5046.0,5046.7998046875
1770759720,5047.10009765625,5048.60009765625,5046.7998046875,5048.5
1770759840,5047.7001953125,5047.7998046875,5046.39990234375,5046.7998046875
1770759960,5046.10009765625,5046.10009765625,5043.0,5043.7998046875
1770760080,5044.39990234375,5046.10009765625,5043.89990234375,5046.0
1770760200,5046.2001953125,5049.7001953125,5046.2001953125,5049.5
1770760320,5049.7998046875,5050.39990234375,5048.7998046875,5049.39990234375
1770760440,5049.10009765625,5050.0,5048.2998046875,5048.2998046875
1770760560,5048.2998046875,5049.0,5044.2001953125,5044.2001953125
1770760680,5046.0,5048.89990234375,5046.0,5047.89990234375
1770764400,5048.0,5059.89990234375,5046.2998046875,5054.2998046875
1770764520,5055.7001953125,5059.0,5052.0,5055.0
1770764640,5056.0,5059.0,5054.89990234375,5055.89990234375
1770764760,5055.60009765625,5060.0,5050.89990234375,5052.60009765625
1770764880,5052.39990234375,5057.39990234375,5052.39990234375,5056.2998046875
1770765000,5056.0,5057.2001953125,5055.39990234375,5056.0
1770765120,5057.0,5058.10009765625,5056.2001953125,5056.89990234375
1770765240,5056.7998046875,5062.7001953125,5056.10009765625,5062.60009765625
1770765360,5062.7001953125,5063.39990234375,5060.0,5062.7001953125
1770765480,5062.7001953125,5067.0,5062.7001953125,5066.2001953125
1770765600,5067.10009765625,5072.2998046875,5065.0,5069.89990234375
1770765720,5070.0,5077.39990234375,5070.0,5076.39990234375
1770765840,5075.39990234375,5076.2998046875,5068.60009765625,5070.10009765625
1770765960,5069.89990234375,5070.2001953125,5067.39990234375,5069.0
1770766080,5069.0,5070.5,5066.2001953125,5070.10009765625
1770766200,5069.10009765625,5070.5,5065.0,5067.2998046875
1770766320,5067.10009765625,5067.7998046875,5065.10009765625,5065.2001953125
1770766440,5065.0,5065.2001953125,5062.0,5062.0
1770766560,5062.5,5063.89990234375,5061.0,5062.10009765625
1770766680,5062.2001953125,5067.7001953125,5062.2001953125,5065.7998046875
1770766800,5065.10009765625,5065.2998046875,5064.60009765625,5065.0
1770766920,5065.10009765625,5065.89990234375,5064.7001953125,5065.2998046875
1770767040,5064.5,5067.60009765625,5064.39990234375,5066.7001953125
1770767160,5067.10009765625,5069.7998046875,5066.0,5069.5
1770767280,5069.10009765625,5069.10009765625,5063.2998046875,5063.2998046875
1770767400,5063.10009765625,5065.10009765625,5062.60009765625,5064.7001953125
1770767520,5063.10009765625,5063.5,5062.0,5063.39990234375
1770767640,5063.0,5063.2001953125,5061.89990234375,5062.2001953125
1770767760,5061.7998046875,5064.0,5061.7998046875,5063.10009765625
1770767880,5063.2001953125,5065.0,5063.2001953125,5064.10009765625
1770768000,5064.7001953125,5066.89990234375,5062.39990234375,5065.2001953125
1770768120,5064.7998046875,5065.10009765625,5062.2001953125,5063.2001953125
1770768240,5063.2998046875,5063.7998046875,5060.39990234375,5061.0
1770768360,5061.7998046875,5063.39990234375,5058.0,5063.0
1770768480,5063.60009765625,5067.60009765625,5062.2998046875,5062.2998046875
1770768600,5061.7998046875,5061.7998046875,5053.2001953125,5057.5
1770768720,5057.7001953125,5064.60009765625,5057.60009765625,5060.2998046875
1770768840,5060.39990234375,5060.39990234375,5052.39990234375,5056.0
1770768960,5056.0,5057.7998046875,5050.89990234375,5056.5
1770769080,5056.2001953125,5063.60009765625,5056.2001953125,5061.39990234375
1770769200,5061.0,5061.60009765625,5059.10009765625,5060.10009765625
1770769320,5059.60009765625,5059.60009765625,5054.89990234375,5059.0
1770769440,5060.7001953125,5062.5,5059.2001953125,5061.10009765625
1770769560,5061.5,5062.60009765625,5060.0,5061.5
1770769680,5062.0,5063.5,5060.60009765625,5061.89990234375
1770769800,5063.2998046875,5068.10009765625,5062.2998046875,5066.0
1770769920,5065.0,5068.2001953125,5065.0,5068.2001953125
1770770040,5067.7001953125,5069.7998046875,5067.2998046875,5068.89990234375
1770770160,5069.39990234375,5072.10009765625,5069.2998046875,5071.2001953125
1770770280,5070.89990234375,5072.0,5070.2001953125,5071.39990234375
1770770520,5068.0,5070.2998046875,5068.0,5068.0
1770770640,5067.7998046875,5067.7998046875,5062.10009765625,5063.39990234375
1770770760,5063.39990234375,5065.0,5059.60009765625,5062.7001953125
1770770880,5063.5,5063.5,5057.7001953125,5058.89990234375
1770771000,5059.0,5061.7001953125,5057.60009765625,5060.60009765625
1770771120,5060.5,5062.2998046875,5058.60009765625,5061.7001953125
1770771240,5062.39990234375,5062.5,5060.89990234375,5060.89990234375
1770771360,5060.2998046875,5060.7001953125,5058.0,5060.7001953125
1770771480,5059.5,5062.0,5059.2998046875,5060.89990234375
1770771600,5060.39990234375,5068.39990234375,5053.39990234375,5067.7998046875
1770771720,5067.10009765625,5070.0,5062.7001953125,5067.89990234375
1770771840,5068.10009765625,5070.2001953125,5063.2001953125,5064.10009765625
1770771960,5063.7001953125,5068.0,5060.60009765625,5063.2001953125
1770772080,5062.10009765625,5065.7001953125,5059.2998046875,5064.7998046875
1770772200,5064.5,5065.2998046875,5061.0,5061.0
1770772320,5063.10009765625,5070.2001953125,5061.7001953125,5068.10009765625
1770772440,5068.39990234375,5068.89990234375,5063.7001953125,5066.89990234375
1770772560,5067.2998046875,5067.5,5062.7001953125,5063.7001953125
1770772680,5062.0,5062.7998046875,5059.7998046875,5061.10009765625
1770772800,5060.60009765625,5062.7001953125,5059.7001953125,5060.0
1770772920,5059.5,5062.39990234375,5058.5,5062.10009765625
1770773040,5062.0,5062.0,5058.2001953125,5058.2001953125
1770773160,5059.0,5059.89990234375,5056.39990234375,5057.7001953125
1770773280,5057.7001953125,5061.7001953125,5057.7001953125,5060.39990234375
1770773400,5060.5,5062.60009765625,5059.10009765625,5059.2998046875
1770773520,5059.0,5062.7998046875,5055.2001953125,5062.5
1770773640,5062.10009765625,5064.89990234375,5061.60009765625,5064.10009765625
1770773760,5064.2001953125,5065.2001953125,5062.10009765625,5063.0
1770773880,5063.0,5065.2998046875,5062.7998046875,5064.7001953125
1770774000,5064.2998046875,5068.39990234375,5064.10009765625,5067.10009765625
1770774120,5066.7998046875,5067.5,5065.60009765625,5067.5
1770774240,5067.7998046875,5069.10009765625,5066.10009765625,5067.7001953125
1770774360,5068.39990234375,5068.89990234375,5064.2001953125,5064.60009765625
1770774480,5066.0,5071.7998046875,5066.0,5071.60009765625
1770774600,5071.0,5071.0,5063.7998046875,5064.2001953125
1770774720,5065.2998046875,5073.2001953125,5064.89990234375,5069.39990234375
1770774840,5069.2998046875,5073.0,5069.2001953125,5072.2998046875
1770774960,5072.5,5074.0,5070.60009765625,5073.7001953125
1770775080,5074.0,5075.89990234375,5073.2001953125,5075.0
1770775200,5075.60009765625,5079.89990234375,5073.10009765625,5073.7001953125
1770775320,5073.5,5073.5,5066.0,5069.5
1770775440,5069.2001953125,5069.2001953125,5066.2998046875,5067.7001953125
1770775560,5067.0,5067.0,5059.10009765625,5062.60009765625
1770775680,5063.0,5066.7998046875,5062.7001953125,5064.0
1770775800,5064.2998046875,5065.60009765625,5061.0,5063.2001953125
1770775920,5062.60009765625,5062.60009765625,5059.0,5059.0
1770776040,5060.2001953125,5061.2001953125,5055.60009765625,5058.0
1770776160,5058.2998046875,5065.89990234375,5058.2998046875,5065.2001953125
1770776280,5065.7998046875,5070.0,5065.7998046875,5067.7001953125
1770776400,5067.5,5069.2001953125,5066.39990234375,5067.89990234375
1770776520,5068.10009765625,5070.0,5067.7998046875,5068.2001953125
1770776640,5068.0,5068.60009765625,5064.2001953125,5065.89990234375
1770776760,5065.2998046875,5068.0,5065.2998046875,5066.2001953125
1770776880,5066.2001953125,5066.39990234375,5065.0,5065.0
1770777000,5064.7998046875,5068.10009765625,5064.7001953125,5066.89990234375
1770777120,5066.7998046875,5070.2001953125,5066.60009765625,5068.5
1770777240,5069.0,5070.0,5068.2998046875,5068.7001953125
1770777360,5069.10009765625,5070.89990234375,5069.10009765625,5070.2998046875
1770777480,5070.7998046875,5072.0,5070.0,5071.5
1770777600,5071.60009765625,5072.89990234375,5071.2998046875,5072.2998046875
1770777720,5073.10009765625,5075.60009765625,5073.0,5075.2998046875
1770777840,5075.60009765625,5077.60009765625,5075.39990234375,5077.0
1770777960,5076.5,5079.7998046875,5076.0,5077.60009765625
1770778080,5077.10009765625,5077.60009765625,5074.10009765625,5076.89990234375
1770778200,5076.2001953125,5080.7001953125,5076.2001953125,5079.7001953125
1770778320,5079.0,5080.7998046875,5077.7998046875,5078.89990234375
1770778440,5077.89990234375,5081.0,5077.5,5079.10009765625
1770778560,5078.89990234375,5078.89990234375,5076.2001953125,5077.2998046875
1770778680,5077.2001953125,5079.2001953125,5076.5,5079.2001953125
1770778800,5078.60009765625,5079.0,5074.89990234375,5076.2001953125
1770778920,5076.10009765625,5079.7001953125,5076.10009765625,5077.5
1770779040,5077.2001953125,5078.0,5073.89990234375,5075.10009765625
1770779160,5073.89990234375,5075.5,5072.7998046875,5074.2998046875
1770779280,5074.2001953125,5077.10009765625,5073.89990234375,5077.10009765625
1770779400,5076.39990234375,5076.7998046875,5074.2001953125,5075.89990234375
1770779520,5076.0,5076.2001953125,5073.2001953125,5074.10009765625
1770779640,5074.7998046875,5074.89990234375,5070.7998046875,5071.2001953125
1770779760,5071.39990234375,5073.7001953125,5068.2001953125,5072.10009765625
1770779880,5072.89990234375,5073.5,5072.0,5072.7998046875
1770780000,5073.60009765625,5076.89990234375,5073.60009765625,5075.89990234375
1770780120,5075.10009765625,5082.0,5074.7001953125,5081.2998046875
1770780240,5080.2001953125,5082.0,5077.60009765625,5080.10009765625
1770780360,5080.39990234375,5081.7001953125,5079.7998046875,5081.7001953125
1770780480,5082.0,5082.7998046875,5078.89990234375,5080.39990234375
1770780600,5080.2998046875,5083.5,5079.89990234375,5083.5
1770780720,5083.89990234375,5084.5,5080.10009765625,5080.10009765625
1770780840,5080.60009765625,5080.7001953125,5077.10009765625,5079.7998046875
1770780960,5079.60009765625,5080.10009765625,5078.7001953125,5079.7001953125
1770781080,5079.39990234375,5079.89990234375,5079.0,5079.0
1770781200,5080.2001953125,5083.10009765625,5079.5,5081.39990234375
1770781320,5082.10009765625,5082.7998046875,5080.0,5080.10009765625
1770781440,5081.10009765625,5083.2001953125,5081.10009765625,5081.60009765625
1770781560,5082.39990234375,5085.0,5082.39990234375,5084.2001953125
1770781680,5083.89990234375,5083.89990234375,5081.2001953125,5082.2998046875
1770781800,5082.2001953125,5082.2001953125,5080.60009765625,5080.89990234375
1770781920,5080.10009765625,5080.10009765625,5078.5,5079.0
1770782040,5079.5,5079.7998046875,5078.0,5079.7998046875
1770782160,5079.7998046875,5079.7998046875,5077.2998046875,5078.0
1770782280,5078.39990234375,5079.0,5078.2001953125,5079.0
1770782400,5078.60009765625,5082.7001953125,5078.60009765625,5081.89990234375
1770782520,5081.2998046875,5081.39990234375,5080.5,5080.5
1770782640,5080.2001953125,5080.7001953125,5080.0,5080.60009765625
1770782760,5080.60009765625,5080.60009765625,5079.0,5079.89990234375
1770782880,5079.7998046875,5080.0,5077.7998046875,5079.2998046875
1770783000,5079.0,5079.10009765625,5077.2998046875,5078.2998046875
1770783120,5079.10009765625,5079.7998046875,5078.10009765625,5078.10009765625
1770783240,5078.0,5083.2998046875,5077.89990234375,5083.2001953125
1770783360,5083.0,5083.5,5081.0,5081.39990234375
1770783480,5082.0,5083.2998046875,5081.89990234375,5083.0
1770783600,5083.0,5083.7001953125,5082.10009765625,5082.60009765625
1770783720,5083.0,5083.0,5080.7998046875,5081.39990234375
1770783840,5081.39990234375,5081.7001953125,5080.5,5081.10009765625
1770783960,5081.60009765625,5082.60009765625,5081.2998046875,5082.10009765625
1770784080,5082.0,5082.7001953125,5081.2001953125,5082.7001953125
1770784200,5082.89990234375,5083.5,5081.89990234375,5082.10009765625
1770784320,5082.7998046875,5083.10009765625,5081.39990234375,5081.7001953125
1770784440,5081.0,5082.5,5081.0,5082.5
1770784560,5082.7998046875,5083.0,5081.5,5082.2998046875
1770784680,5081.39990234375,5081.7998046875,5079.39990234375,5079.39990234375
1770784800,5079.7998046875,5080.0,5077.39990234375,5078.10009765625
1770784920,5078.2001953125,5079.2001953125,5075.0,5077.10009765625
1770785040,5077.5,5078.7001953125,5076.0,5078.10009765625
1770785160,5078.0,5080.2998046875,5075.5,5076.7998046875
1770785280,5076.2001953125,5076.7001953125,5074.0,5074.60009765625
1770785400,5075.0,5075.39990234375,5072.5,5073.2001953125
1770785520,5072.39990234375,5072.89990234375,5070.0,5071.0
1770785640,5070.60009765625,5074.5,5070.2998046875,5072.60009765625
1770785760,5072.5,5073.2998046875,5072.5,5072.60009765625
1770785880,5072.89990234375,5074.0,5072.7998046875,5073.2001953125
1770786000,5071.2001953125,5072.39990234375,5069.5,5069.5
1770786120,5069.5,5071.60009765625,5068.5,5070.2001953125
1770786240,5070.2998046875,5071.39990234375,5067.60009765625,5069.10009765625
1770786360,5069.5,5069.5,5069.5,5069.5
1770786480,5070.89990234375,5072.39990234375,5070.5,5071.5
1770786600,5071.10009765625,5073.7001953125,5070.89990234375,5072.0
1770786720,5072.60009765625,5074.5,5071.5,5073.5
1770786840,5073.2998046875,5073.2998046875,5071.89990234375,5072.89990234375
1770786960,5073.7998046875,5073.7998046875,5070.10009765625,5073.60009765625
1770787080,5073.5,5075.7998046875,5072.0,5075.7998046875
1770787200,5075.7001953125,5076.39990234375,5074.7001953125,5075.2001953125
1770787320,5074.89990234375,5075.39990234375,5074.2998046875,5074.2998046875
1770787440,5074.0,5076.7998046875,5073.0,5076.60009765625
1770787560,5076.2001953125,5078.2001953125,5075.60009765625,5076.5
1770787680,5076.39990234375,5077.89990234375,5075.60009765625,5077.10009765625
1770787800,5077.60009765625,5081.10009765625,5076.39990234375,5079.7001953125
1770787920,5080.2998046875,5080.7001953125,5079.2001953125,5079.89990234375
1770788040,5079.60009765625,5086.0,5079.60009765625,5084.10009765625
1770788160,5085.10009765625,5087.2001953125,5083.5,5086.5
1770788280,5086.7001953125,5087.10009765625,5085.2001953125,5086.10009765625
1770788400,5086.10009765625,5088.10009765625,5085.7998046875,5085.7998046875
1770788520,5086.0,5087.7998046875,5085.2998046875,5086.60009765625
1770788640,5086.39990234375,5087.89990234375,5083.2001953125,5083.7998046875
1770788760,5084.10009765625,5086.2001953125,5081.39990234375,5082.39990234375
1770788880,5081.89990234375,5082.7001953125,5078.0,5078.39990234375
1770789000,5078.0,5078.39990234375,5073.7001953125,5073.7001953125
1770789120,5074.2001953125,5074.89990234375,5071.2998046875,5073.2998046875
1770789240,5073.7001953125,5074.39990234375,5070.10009765625,5070.7001953125
1770789360,5070.5,5075.5,5070.5,5075.2998046875
1770789480,5075.39990234375,5077.39990234375,5075.39990234375,5076.7998046875
1770789600,5076.60009765625,5078.2001953125,5076.0,5076.39990234375
1770789720,5076.7001953125,5077.10009765625,5075.2001953125,5077.10009765625
1770789840,5076.0,5076.10009765625,5074.39990234375,5076.10009765625
1770789960,5075.10009765625,5077.39990234375,5073.60009765625,5077.39990234375
1770790080,5076.89990234375,5081.2998046875,5076.7001953125,5079.7998046875
1770790200,5078.7998046875,5079.5,5076.5,5078.89990234375
1770790320,5078.7001953125,5080.10009765625,5078.7001953125,5080.10009765625
1770790440,5079.89990234375,5081.2001953125,5077.60009765625,5080.5
1770790560,5080.60009765625,5084.2001953125,5079.89990234375,5083.7998046875
1770790680,5083.10009765625,5085.7998046875,5082.5,5085.0
1770790800,5085.7001953125,5086.0,5081.0,5082.5
1770790920,5083.5,5083.5,5079.5,5081.2001953125
1770791040,5081.2001953125,5081.7001953125,5079.7998046875,5080.7998046875
1770791160,5080.60009765625,5082.0,5078.7998046875,5081.60009765625
1770791280,5081.2998046875,5081.2998046875,5080.39990234375,5080.89990234375
1770791400,5079.7998046875,5082.7998046875,5078.5,5082.60009765625
1770791520,5082.89990234375,5083.0,5080.5,5081.2998046875
1770791640,5080.5,5081.39990234375,5079.5,5081.39990234375
1770791760,5081.7001953125,5083.0,5081.0,5081.10009765625
1770791880,5080.89990234375,5082.39990234375,5078.0,5078.0
1770792000,5077.2998046875,5084.0,5077.2001953125,5082.2001953125
1770792120,5082.60009765625,5082.60009765625,5079.0,5079.0
1770792240,5078.89990234375,5081.2001953125,5076.0,5077.7001953125
1770792360,5076.89990234375,5081.39990234375,5076.89990234375,5080.60009765625
1770792480,5081.2998046875,5084.7998046875,5079.5,5082.5
1770792600,5082.0,5084.5,5081.7998046875,5084.5
1770792720,5084.60009765625,5087.39990234375,5082.7998046875,5084.0
1770792840,5084.2998046875,5085.60009765625,5081.7001953125,5084.7998046875
1770792960,5084.7998046875,5086.10009765625,5083.39990234375,5084.60009765625
1770793080,5083.89990234375,5088.7998046875,5083.5,5088.2998046875
1770793200,5088.39990234375,5089.89990234375,5086.5,5086.89990234375
1770793320,5086.2001953125,5086.60009765625,5083.2998046875,5085.10009765625
1770793440,5084.89990234375,5087.7001953125,5084.60009765625,5086.7001953125
1770793560,5086.2001953125,5086.60009765625,5083.7998046875,5086.2998046875
1770793680,5087.0,5089.7001953125,5086.2001953125,5087.5
1770793800,5087.39990234375,5092.60009765625,5087.39990234375,5090.60009765625
1770793920,5090.89990234375,5093.2998046875,5080.89990234375,5087.2001953125
1770794040,5087.0,5089.10009765625,5080.7998046875,5086.5
1770794160,5085.2998046875,5089.7998046875,5085.2998046875,5089.2998046875
1770794280,5089.10009765625,5089.10009765625,5082.2001953125,5082.89990234375
1770794400,5083.39990234375,5087.2998046875,5082.7998046875,5084.5
1770794520,5085.0,5085.10009765625,5079.60009765625,5080.5
1770794640,5080.39990234375,5081.5,5076.39990234375,5078.0
1770794760,5078.0,5082.10009765625,5076.5,5078.2001953125
1770794880,5078.39990234375,5084.60009765625,5078.39990234375,5083.89990234375
1770795000,5083.60009765625,5085.10009765625,5081.7001953125,5084.2998046875
1770795120,5084.0,5086.2001953125,5081.7001953125,5082.89990234375
1770795240,5083.39990234375,5085.0,5079.7001953125,5084.2001953125
1770795360,5084.60009765625,5085.10009765625,5082.0,5084.7998046875
1770795480,5083.89990234375,5083.89990234375,5078.10009765625,5080.7998046875
1770795600,5081.0,5081.7998046875,5078.2001953125,5078.39990234375
1770795720,5078.89990234375,5081.5,5076.2998046875,5079.10009765625
1770795840,5078.60009765625,5079.7001953125,5076.7998046875,5078.10009765625
1770795960,5078.0,5078.60009765625,5073.5,5074.2001953125
1770796080,5073.7001953125,5076.10009765625,5072.2001953125,5075.7001953125
1770796200,5075.5,5078.7998046875,5075.5,5077.10009765625
1770796320,5076.7998046875,5079.5,5076.5,5079.5
1770796440,5078.7998046875,5079.39990234375,5077.0,5077.7998046875
1770796560,5077.89990234375,5079.7001953125,5077.89990234375,5079.7001953125
1770796680,5079.2001953125,5080.0,5077.7998046875,5078.7001953125
1770796800,5078.89990234375,5083.5,5078.5,5083.10009765625
1770796920,5082.7001953125,5083.7998046875,5082.10009765625,5083.7998046875
1770797040,5083.5,5084.10009765625,5080.39990234375,5082.2998046875
1770797160,5082.0,5082.0,5077.2001953125,5077.2001953125
1770797280,5077.5,5078.2998046875,5076.0,5077.2998046875
1770797400,5077.7001953125,5078.89990234375,5076.5,5078.5
1770797520,5078.2998046875,5079.89990234375,5077.7001953125,5078.10009765625
1770797640,5077.7001953125,5077.7001953125,5073.89990234375,5075.0
1770797760,5074.89990234375,5076.89990234375,5074.10009765625,5076.89990234375
1770797880,5076.0,5076.2001953125,5074.7998046875,5075.2001953125
1770798000,5076.10009765625,5076.7001953125,5075.10009765625,5076.2001953125
1770798120,5076.39990234375,5079.10009765625,5075.89990234375,5079.0
1770798240,5078.10009765625,5079.0,5077.2001953125,5077.5
1770798360,5077.2001953125,5078.0,5075.60009765625,5076.39990234375
1770798480,5075.7998046875,5076.7998046875,5074.0,5075.0
1770798600,5075.2998046875,5075.2998046875,5068.7998046875,5071.7001953125
1770798720,5071.7001953125,5072.89990234375,5070.39990234375,5072.0
1770798840,5072.7998046875,5072.7998046875,5069.7001953125,5070.89990234375
1770798960,5070.2998046875,5075.60009765625,5070.2001953125,5074.39990234375
1770799080,5074.60009765625,5075.2998046875,5072.0,5074.2998046875
1770799200,5074.60009765625,5076.0,5074.10009765625,5076.0
1770799320,5076.0,5077.5,5074.60009765625,5075.2998046875
1770799440,5075.60009765625,5078.0,5075.60009765625,5077.89990234375
1770799560,5077.7998046875,5077.89990234375,5076.39990234375,5077.2001953125
1770799680,5077.7001953125,5077.89990234375,5075.89990234375,5077.39990234375
1770799800,5078.0,5078.5,5074.60009765625,5074.60009765625
1770799920,5074.5,5075.5,5073.89990234375,5074.7998046875
1770800040,5074.89990234375,5077.5,5074.89990234375,5076.39990234375
1770800160,5076.7998046875,5077.39990234375,5075.89990234375,5075.89990234375
1770800280,5075.5,5077.7998046875,5075.5,5077.0
1770800400,5077.39990234375,5079.2001953125,5077.10009765625,5077.2998046875
1770800520,5076.89990234375,5077.89990234375,5075.7998046875,5076.2998046875
1770800640,5076.60009765625,5077.10009765625,5073.5,5073.5
1770800760,5073.2998046875,5073.2998046875,5070.39990234375,5070.89990234375
1770800880,5070.7998046875,5075.2001953125,5070.7998046875,5074.5
1770801000,5074.39990234375,5077.39990234375,5074.2998046875,5075.0
1770801120,5075.0,5075.7001953125,5073.5,5074.2001953125
1770801240,5074.2998046875,5075.2998046875,5073.7998046875,5073.7998046875
1770801360,5074.2001953125,5077.39990234375,5073.2001953125,5075.7001953125
1770801480,5076.5,5078.0,5075.39990234375,5077.7998046875
1770801600,5076.89990234375,5077.0,5076.0,5076.2998046875
1770801720,5076.0,5077.2001953125,5076.0,5076.7001953125
1770801840,5075.7998046875,5077.10009765625,5075.0,5076.7998046875
1770801960,5076.7998046875,5078.0,5075.7001953125,5076.89990234375
1770802080,5076.2001953125,5078.10009765625,5075.89990234375,5078.10009765625
1770802200,5078.0,5080.39990234375,5077.2998046875,5079.60009765625
1770802320,5079.60009765625,5083.39990234375,5079.60009765625,5082.39990234375
1770802440,5082.60009765625,5085.0,5081.0,5084.0
1770802560,5083.60009765625,5084.7998046875,5082.39990234375,5083.2998046875
1770802680,5082.5,5083.89990234375,5081.60009765625,5081.89990234375
1770802800,5082.60009765625,5083.2998046875,5079.39990234375,5082.2998046875
1770802920,5082.2001953125,5082.7998046875,5080.5,5081.2001953125
1770803040,5081.2001953125,5090.5,5080.7998046875,5089.0
1770803160,5088.5,5095.89990234375,5088.0,5093.60009765625
1770803280,5093.5,5094.10009765625,5087.0,5087.89990234375
1770803400,5087.5,5088.0,5085.39990234375,5086.0
1770803520,5086.5,5087.10009765625,5084.5,5084.89990234375
1770803640,5085.2001953125,5086.60009765625,5082.7001953125,5083.7998046875
1770803760,5083.7998046875,5087.2001953125,5083.7001953125,5086.7001953125
1770803880,5086.7998046875,5087.5,5085.7001953125,5086.60009765625
1770804000,5086.5,5089.89990234375,5086.0,5089.5
1770804120,5089.10009765625,5090.0,5087.39990234375,5088.5
1770804240,5088.2001953125,5090.0,5087.7998046875,5089.5
1770804360,5089.89990234375,5090.5,5087.7998046875,5088.2001953125
1770804480,5088.5,5090.5,5087.7998046875,5090.10009765625
1770804600,5090.5,5090.89990234375,5089.0,5090.0
1770804720,5090.10009765625,5093.89990234375,5090.0,5092.7998046875
1770804840,5092.60009765625,5094.7998046875,5091.89990234375,5094.0
1770804960,5094.39990234375,5096.89990234375,5093.7998046875,5094.10009765625
1770805080,5094.10009765625,5098.0,5093.39990234375,5095.7998046875
1770805200,5096.5,5098.0,5095.89990234375,5097.2998046875
1770805320,5097.2001953125,5099.0,5096.2998046875,5097.89990234375
1770805440,5097.89990234375,5100.7001953125,5096.7001953125,5097.5
1770805560,5097.2001953125,5098.10009765625,5092.2001953125,5093.7001953125
1770805680,5094.0,5095.89990234375,5093.5,5095.0
1770805800,5094.7998046875,5097.2001953125,5092.0,5093.60009765625
1770805920,5093.10009765625,5096.0,5092.10009765625,5093.2998046875
1770806040,5093.10009765625,5095.10009765625,5092.39990234375,5093.39990234375
1770806160,5093.39990234375,5099.2998046875,5093.39990234375,5097.7001953125
1770806280,5098.0,5098.10009765625,5095.0,5097.7001953125
1770806400,5098.0,5109.7998046875,5097.10009765625,5106.39990234375
1770806520,5106.60009765625,5109.60009765625,5103.2998046875,5108.7001953125
1770806640,5108.2998046875,5128.7998046875,5107.5,5119.2998046875
1770806760,5119.7998046875,5124.7998046875,5116.5,5119.60009765625
1770806880,5120.2998046875,5127.10009765625,5118.7998046875,5124.39990234375
1770807000,5125.2001953125,5125.60009765625,5121.2001953125,5122.89990234375
1770807120,5122.89990234375,5122.89990234375,5116.7001953125,5120.2001953125
1770807240,5120.2001953125,5122.60009765625,5116.7998046875,5120.7998046875
1770807360,5120.2998046875,5122.2998046875,5116.39990234375,5119.39990234375
1770807480,5118.7998046875,5119.5,5116.2998046875,5118.60009765625
1770807600,5118.7998046875,5121.10009765625,5115.7998046875,5115.7998046875
1770807720,5116.0,5116.39990234375,5107.7001953125,5109.60009765625
1770807840,5109.89990234375,5112.5,5107.39990234375,5111.89990234375
1770807960,5112.60009765625,5119.10009765625,5111.60009765625,5118.7998046875
1770808080,5118.7998046875,5120.89990234375,5117.39990234375,5119.10009765625
1770808200,5119.2998046875,5119.7998046875,5116.60009765625,5117.39990234375
1770808320,5117.7001953125,5117.7001953125,5113.5,5114.5
1770808440,5114.10009765625,5118.39990234375,5114.10009765625,5118.0
1770808560,5118.2998046875,5122.39990234375,5118.2998046875,5120.7001953125
1770808680,5120.60009765625,5122.2001953125,5119.5,5121.10009765625
1770808800,5121.2998046875,5124.0,5120.39990234375,5122.7001953125
1770808920,5123.0,5128.0,5123.0,5125.10009765625
1770809040,5124.2998046875,5124.60009765625,5120.39990234375,5122.39990234375
1770809160,5122.7001953125,5126.60009765625,5121.5,5125.60009765625
1770809280,5126.0,5133.60009765625,5125.0,5132.39990234375
1770809400,5133.10009765625,5133.89990234375,5128.39990234375,5131.5
1770809520,5132.10009765625,5132.10009765625,5126.2001953125,5128.2001953125
1770809640,5128.2001953125,5129.89990234375,5125.7998046875,5129.2001953125
1770809760,5129.89990234375,5133.2998046875,5128.7998046875,5132.2998046875
1770809880,5132.2001953125,5132.2998046875,5127.5,5127.7998046875
1770810000,5127.89990234375,5129.5,5127.0,5128.7998046875
1770810120,5128.60009765625,5132.10009765625,5127.89990234375,5128.7001953125
1770810240,5129.5,5137.10009765625,5129.5,5136.7001953125
1770810360,5136.7998046875,5139.5,5134.2001953125,5138.2001953125
1770810480,5139.0,5140.39990234375,5136.7998046875,5138.7998046875
1770810600,5138.60009765625,5139.5,5136.0,5136.89990234375
1770810720,5136.89990234375,5141.7998046875,5136.10009765625,5139.7001953125
1770810840,5140.2001953125,5140.2001953125,5137.0,5138.7001953125
1770810960,5138.60009765625,5139.5,5134.5,5137.2998046875
1770811080,5137.2998046875,5138.2001953125,5136.0,5136.7998046875
1770811200,5137.39990234375,5144.5,5134.10009765625,5135.2001953125
1770811320,5135.60009765625,5135.60009765625,5131.39990234375,5133.39990234375
1770811440,5133.10009765625,5134.5,5129.0,5131.60009765625
1770811560,5131.60009765625,5131.60009765625,5125.2001953125,5127.2001953125
1770811680,5126.89990234375,5129.5,5123.7998046875,5124.7998046875
1770811800,5125.0,5131.0,5124.2998046875,5128.89990234375
1770811920,5129.0,5132.0,5127.2001953125,5130.2998046875
1770812040,5130.7998046875,5132.2998046875,5128.10009765625,5128.10009765625
1770812160,5128.39990234375,5128.89990234375,5122.2001953125,5122.7998046875
1770812280,5122.2998046875,5123.60009765625,5116.89990234375,5118.39990234375
1770812400,5119.10009765625,5120.10009765625,5111.5,5117.2001953125
1770812520,5118.0,5120.0,5116.10009765625,5118.5
1770812640,5119.7998046875,5124.2001953125,5119.7998046875,5122.2001953125
1770812760,5122.0,5124.2001953125,5119.0,5119.39990234375
1770812880,5119.10009765625,5122.5,5117.0,5119.89990234375
1770813000,5120.60009765625,5124.0,5116.0,5117.7001953125
1770813120,5117.39990234375,5117.89990234375,5111.0,5111.7998046875
1770813240,5111.7998046875,5111.89990234375,5105.0,5106.2998046875
1770813360,5106.2998046875,5111.89990234375,5104.5,5109.39990234375
1770813480,5109.5,5111.5,5107.7001953125,5108.5
1770813600,5108.5,5108.5,5071.39990234375,5083.7001953125
1770813720,5084.2001953125,5091.7998046875,5079.10009765625,5085.5
1770813840,5085.2001953125,5093.60009765625,5082.0,5091.0
1770813960,5090.39990234375,5096.2998046875,5089.0,5094.0
1770814080,5093.5,5099.2998046875,5090.5,5094.5
1770814200,5094.60009765625,5103.60009765625,5093.10009765625,5102.7998046875
1770814320,5102.10009765625,5103.2998046875,5099.0,5102.2001953125
1770814440,5102.7001953125,5104.10009765625,5100.2001953125,5102.39990234375
1770814560,5102.2998046875,5104.0,5097.7998046875,5099.5
1770814680,5100.7998046875,5108.5,5100.2001953125,5107.2001953125
1770814800,5107.5,5111.10009765625,5103.10009765625,5109.89990234375
1770814920,5110.5,5111.5,5105.7001953125,5108.39990234375
1770815040,5107.5,5107.7001953125,5101.89990234375,5107.7001953125
1770815160,5108.5,5109.2001953125,5105.7001953125,5107.2998046875
1770815280,5106.5,5107.89990234375,5104.39990234375,5106.5
1770815400,5106.10009765625,5106.89990234375,5102.0,5105.0
1770815520,5104.7998046875,5104.7998046875,5095.5,5102.0
1770815640,5102.0,5106.60009765625,5100.60009765625,5102.0
1770815760,5101.60009765625,5102.60009765625,5092.2001953125,5092.60009765625
1770815880,5093.7001953125,5096.2001953125,5087.10009765625,5096.0
1770816000,5096.5,5105.7998046875,5096.5,5105.7998046875
1770816120,5105.7998046875,5108.7998046875,5104.5,5107.7001953125
1770816240,5107.2998046875,5110.0,5105.10009765625,5108.2998046875
1770816360,5108.2001953125,5115.0,5108.10009765625,5111.60009765625
1770816480,5111.7001953125,5113.0,5103.10009765625,5108.89990234375
1770816600,5104.39990234375,5104.39990234375,5036.2998046875,5068.60009765625
1770816720,5068.7998046875,5075.0,5061.10009765625,5066.60009765625
1770816840,5066.39990234375,5074.0,5063.2001953125,5069.5
1770816960,5070.0,5079.39990234375,5062.7998046875,5078.89990234375
1770817080,5079.39990234375,5091.2998046875,5071.2001953125,5087.7001953125
1770817200,5087.39990234375,5089.0,5080.39990234375,5087.39990234375
1770817320,5087.2998046875,5088.10009765625,5075.39990234375,5082.7001953125
1770817440,5082.7998046875,5089.0,5076.7001953125,5087.5
1770817560,5087.10009765625,5088.5,5077.2998046875,5082.2998046875
1770817680,5083.2998046875,5096.0,5081.5,5091.7998046875
1770817800,5091.2998046875,5091.7998046875,5082.2998046875,5084.39990234375
1770817920,5083.0,5089.7998046875,5081.2001953125,5087.10009765625
1770818040,5087.0,5094.7998046875,5086.5,5091.2001953125
1770818160,5091.0,5093.0,5088.2998046875,5088.60009765625
1770818280,5089.89990234375,5096.0,5087.89990234375,5089.60009765625
1770818400,5088.2001953125,5093.0,5084.2998046875,5090.60009765625
1770818520,5088.7998046875,5091.10009765625,5086.7998046875,5090.7001953125
1770818640,5090.5,5100.7998046875,5090.5,5098.7001953125
1770818760,5099.2998046875,5100.5,5097.10009765625,5099.0
1770818880,5100.0,5102.39990234375,5097.5,5099.10009765625
1770819000,5099.39990234375,5100.0,5094.60009765625,5100.0
1770819120,5099.39990234375,5099.7001953125,5095.7001953125,5097.2001953125
1770819240,5097.7998046875,5099.89990234375,5094.5,5096.5
1770819360,5095.7001953125,5107.10009765625,5095.60009765625,5103.0
1770819480,5102.5,5106.0,5100.7001953125,5103.39990234375
1770819600,5102.39990234375,5105.39990234375,5098.2001953125,5099.10009765625
1770819720,5098.7998046875,5099.2998046875,5092.0,5094.2998046875
1770819840,5094.2998046875,5096.7998046875,5089.2998046875,5094.5
1770819960,5094.0,5095.39990234375,5091.5,5092.60009765625
1770820080,5092.7001953125,5094.39990234375,5090.89990234375,5094.0
1770820200,5093.89990234375,5100.10009765625,5084.10009765625,5087.0
1770820320,5086.5,5094.5,5083.5,5085.0
1770820440,5084.5,5094.5,5084.2001953125,5089.10009765625
1770820560,5087.7001953125,5093.2001953125,5081.5,5081.60009765625
1770820680,5081.60009765625,5081.60009765625,5066.89990234375,5069.5
1770820800,5069.5,5072.7998046875,5058.7001953125,5060.0
1770820920,5059.60009765625,5067.60009765625,5059.5,5065.39990234375
1770821040,5065.2001953125,5072.7998046875,5060.7998046875,5071.89990234375
1770821160,5071.39990234375,5075.0,5066.60009765625,5072.60009765625
1770821280,5073.7001953125,5074.0,5067.0,5070.2998046875
1770821400,5070.2001953125,5075.60009765625,5068.39990234375,5073.2001953125
1770821520,5073.2001953125,5079.60009765625,5071.2001953125,5079.0
1770821640,5079.5,5084.89990234375,5078.7998046875,5081.0
1770821760,5080.39990234375,5087.89990234375,5078.39990234375,5086.10009765625
1770821880,5087.0,5088.39990234375,5082.2001953125,5082.2998046875
1770822000,5082.2998046875,5084.39990234375,5076.0,5083.0
1770822120,5083.10009765625,5086.0,5077.0,5085.5
1770822240,5084.7001953125,5099.7998046875,5083.5,5099.39990234375
1770822360,5099.5,5103.0,5095.7001953125,5099.7998046875
1770822480,5099.10009765625,5105.5,5099.0,5102.2998046875
1770822600,5102.7998046875,5105.0,5093.10009765625,5093.2998046875
1770822720,5092.7998046875,5098.2998046875,5088.7998046875,5091.60009765625
1770822840,5090.2998046875,5098.2998046875,5088.89990234375,5095.2998046875
1770822960,5094.0,5096.5,5087.0,5090.39990234375
1770823080,5089.2001953125,5090.7998046875,5084.60009765625,5088.7001953125
1770823200,5088.60009765625,5092.7998046875,5085.39990234375,5092.2998046875
1770823320,5092.2998046875,5094.5,5087.2001953125,5088.2998046875
1770823440,5088.7001953125,5088.7001953125,5069.89990234375,5076.7001953125
1770823560,5076.10009765625,5079.2001953125,5068.0,5068.2998046875
1770823680,5068.60009765625,5075.0,5066.7001953125,5072.60009765625
1770823800,5071.10009765625,5073.5,5067.89990234375,5070.10009765625
1770823920,5069.2001953125,5076.60009765625,5066.89990234375,5075.10009765625
1770824040,5075.39990234375,5080.0,5072.5,5078.7001953125
1770824160,5078.7001953125,5081.0,5062.0,5067.0
1770824280,5067.2998046875,5069.39990234375,5062.0,5068.7998046875
1770824400,5069.89990234375,5074.5,5066.5,5073.0
1770824520,5073.39990234375,5075.5,5069.5,5069.7001953125
1770824640,5069.39990234375,5080.0,5068.89990234375,5076.39990234375
1770824760,5076.39990234375,5078.7998046875,5075.0,5078.7998046875
1770824880,5079.0,5079.2001953125,5067.89990234375,5071.39990234375
1770825000,5070.7001953125,5076.2998046875,5068.7001953125,5074.2998046875
1770825120,5075.2998046875,5083.5,5075.2998046875,5082.60009765625
1770825240,5083.2001953125,5085.60009765625,5081.7998046875,5085.39990234375
1770825360,5085.39990234375,5085.7998046875,5082.10009765625,5084.60009765625
1770825480,5084.89990234375,5085.89990234375,5081.7998046875,5084.2001953125
1770825600,5083.10009765625,5084.7998046875,5080.0,5084.39990234375
1770825720,5085.0,5087.0,5077.39990234375,5079.7998046875
1770825840,5080.89990234375,5083.2998046875,5077.0,5078.89990234375
1770825960,5078.89990234375,5081.5,5075.2001953125,5079.89990234375
1770826080,5079.7001953125,5081.7998046875,5074.5,5076.7998046875
1770826200,5076.5,5086.89990234375,5076.39990234375,5086.89990234375
1770826320,5086.2001953125,5087.89990234375,5083.0,5084.10009765625
1770826440,5083.7001953125,5083.7001953125,5075.0,5076.5
1770826560,5076.2001953125,5077.60009765625,5065.5,5070.7998046875
1770826680,5071.2998046875,5079.10009765625,5071.0,5078.7998046875
1770826800,5078.5,5079.89990234375,5074.2998046875,5074.60009765625
1770826920,5074.60009765625,5082.0,5074.60009765625,5081.5
1770827040,5081.7998046875,5083.7001953125,5079.60009765625,5080.5
1770827160,5080.7998046875,5083.0,5080.7001953125,5082.0
1770827280,5081.39990234375,5085.89990234375,5081.39990234375,5085.2001953125
1770827400,5084.0,5091.7001953125,5078.60009765625,5090.10009765625
1770827520,5090.0,5097.5,5089.2001953125,5096.60009765625
1770827640,5097.10009765625,5101.0,5096.0,5096.60009765625
1770827760,5097.10009765625,5098.89990234375,5093.39990234375,5095.0
1770827880,5094.5,5098.39990234375,5093.5,5098.2001953125
1770828000,5098.2001953125,5101.7998046875,5098.10009765625,5100.7998046875
1770828120,5100.5,5101.39990234375,5098.10009765625,5098.5
1770828240,5097.7001953125,5099.2998046875,5097.10009765625,5098.10009765625
1770828360,5098.2001953125,5100.2001953125,5097.2998046875,5097.39990234375
1770828480,5098.10009765625,5098.5,5095.0,5096.60009765625
1770828600,5096.7998046875,5097.60009765625,5095.0,5096.2998046875
1770828720,5096.10009765625,5100.10009765625,5095.2998046875,5100.10009765625
1770828840,5100.2998046875,5100.2998046875,5095.5,5096.2998046875
1770828960,5097.10009765625,5097.60009765625,5095.2998046875,5097.2001953125
1770829080,5097.60009765625,5099.39990234375,5096.7998046875,5099.2001953125
1770829200,5098.7001953125,5101.2998046875,5095.2998046875,5095.7998046875
1770829320,5095.5,5097.60009765625,5091.39990234375,5096.39990234375
1770829440,5097.0,5099.2001953125,5096.10009765625,5097.7998046875
1770829560,5099.10009765625,5104.0,5098.7998046875,5102.89990234375
1770829680,5103.60009765625,5107.5,5102.10009765625,5104.0
1770829800,5105.0,5109.0,5104.7998046875,5108.5
1770829920,5108.2998046875,5110.2001953125,5107.2001953125,5108.39990234375
1770830040,5108.7001953125,5110.2001953125,5108.2001953125,5110.0
1770830160,5110.10009765625,5116.7998046875,5108.7001953125,5114.5
1770830280,5114.0,5114.2001953125,5101.7998046875,5108.2998046875
1770830400,5107.7001953125,5109.5,5104.7998046875,5107.7998046875
1770830520,5107.7998046875,5112.39990234375,5107.5,5110.7001953125
1770830640,5111.5,5114.2998046875,5111.39990234375,5113.60009765625
1770830760,5113.7998046875,5114.2998046875,5111.10009765625,5111.10009765625
1770830880,5110.89990234375,5113.0,5109.89990234375,5112.39990234375
1770831000,5111.60009765625,5113.10009765625,5107.2998046875,5108.60009765625
1770831120,5109.5,5109.89990234375,5106.7998046875,5108.89990234375
1770831240,5109.60009765625,5109.60009765625,5106.39990234375,5107.10009765625
1770831360,5106.89990234375,5110.60009765625,5106.0,5109.89990234375
1770831480,5109.39990234375,5110.60009765625,5107.2998046875,5108.2001953125
1770831600,5108.5,5116.0,5106.89990234375,5115.2998046875
1770831720,5115.60009765625,5123.39990234375,5114.60009765625,5120.39990234375
1770831840,5120.2001953125,5122.0,5115.5,5116.7001953125
1770831960,5117.7001953125,5120.7998046875,5117.2998046875,5118.0
1770832080,5117.60009765625,5118.2998046875,5112.60009765625,5113.7998046875
1770832200,5113.89990234375,5118.0,5113.2001953125,5116.2001953125
1770832320,5116.0,5116.7998046875,5113.60009765625,5113.60009765625
1770832440,5113.2998046875,5118.7001953125,5113.2998046875,5117.5
1770832560,5117.5,5118.0,5115.60009765625,5116.5
1770832680,5116.2998046875,5116.5,5114.7001953125,5116.5
1770832800,5115.7998046875,5117.89990234375,5112.2001953125,5112.60009765625
1770832920,5112.0,5116.0,5110.39990234375,5115.10009765625
1770833040,5115.7001953125,5117.2001953125,5108.7998046875,5109.10009765625
1770833160,5109.7998046875,5110.39990234375,5107.10009765625,5109.0
1770833280,5109.2998046875,5109.89990234375,5105.2998046875,5105.7001953125
1770833400,5105.39990234375,5105.89990234375,5102.39990234375,5104.10009765625
1770833520,5103.10009765625,5103.5,5090.10009765625,5093.2998046875
1770833640,5093.10009765625,5100.39990234375,5092.7001953125,5096.10009765625
1770833760,5096.2001953125,5103.2001953125,5095.89990234375,5102.89990234375
1770833880,5102.60009765625,5104.0,5100.7001953125,5102.7998046875
1770834000,5102.7998046875,5102.7998046875,5098.0,5098.0
1770834120,5098.2998046875,5100.2998046875,5097.60009765625,5099.2001953125
1770834240,5098.2998046875,5098.7001953125,5093.0,5096.0
1770834360,5096.0,5097.7001953125,5094.0,5095.2001953125
1770834480,5095.7998046875,5101.10009765625,5095.60009765625,5098.2001953125
1770834600,5097.89990234375,5102.60009765625,5096.7001953125,5099.89990234375
1770834720,5100.2001953125,5102.39990234375,5097.89990234375,5100.39990234375
1770834840,5100.2001953125,5105.60009765625,5095.2001953125,5103.89990234375
1770834960,5103.39990234375,5108.0,5102.7998046875,5107.60009765625
1770835080,5107.7001953125,5109.60009765625,5105.2998046875,5105.60009765625
1770835200,5105.10009765625,5107.7001953125,5104.7001953125,5107.7001953125
1770835320,5108.5,5110.39990234375,5107.2998046875,5109.39990234375
1770835440,5108.60009765625,5109.2998046875,5105.2998046875,5106.89990234375
1770835560,5107.0,5109.0,5106.5,5108.39990234375
1770835680,5109.0,5109.5,5107.10009765625,5108.7001953125
1770835800,5109.10009765625,5111.2001953125,5104.7001953125,5110.10009765625
1770835920,5110.60009765625,5112.2998046875,5108.2001953125,5110.10009765625
1770836040,5109.89990234375,5110.2998046875,5104.7998046875,5109.2001953125
1770836160,5109.10009765625,5109.5,5106.39990234375,5106.7001953125
1770836280,5106.0,5107.5,5104.2998046875,5107.39990234375
1770836400,5107.7998046875,5109.2001953125,5106.60009765625,5109.0
1770836520,5109.10009765625,5114.0,5108.2998046875,5111.7001953125
1770836640,5112.2998046875,5112.60009765625,5109.2998046875,5110.0
1770836760,5109.7998046875,5110.0,5107.7998046875,5107.7998046875
1770836880,5107.7998046875,5112.7001953125,5107.7001953125,5111.2998046875
1770837000,5111.60009765625,5114.10009765625,5111.39990234375,5113.39990234375
1770837120,5114.10009765625,5115.0,5112.7998046875,5114.60009765625
1770837240,5114.2001953125,5117.7001953125,5113.5,5114.2998046875
1770837360,5113.89990234375,5115.7001953125,5112.60009765625,5113.60009765625
1770837480,5113.0,5115.10009765625,5112.60009765625,5113.60009765625
1770837600,5114.2001953125,5119.0,5114.0,5117.60009765625
1770837720,5117.39990234375,5119.39990234375,5116.5,5116.89990234375
1770837840,5116.7998046875,5119.0,5116.39990234375,5118.7001953125
1770837960,5118.10009765625,5118.39990234375,5116.2001953125,5116.7998046875
1770838080,5116.2998046875,5117.0,5114.7998046875,5116.0
1770838200,5116.0,5116.60009765625,5111.2001953125,5114.2998046875
1770838320,5114.5,5114.5,5111.60009765625,5113.2001953125
1770838440,5113.10009765625,5113.7001953125,5110.2998046875,5110.2998046875
1770838560,5110.0,5112.39990234375,5109.39990234375,5112.0
1770838680,5111.0,5111.39990234375,5106.2998046875,5106.7998046875
1770838800,5107.0,5112.0,5106.10009765625,5110.10009765625
1770838920,5110.10009765625,5110.5,5108.0,5109.60009765625
1770839040,5109.2998046875,5111.0,5105.39990234375,5106.39990234375
1770839160,5105.89990234375,5112.39990234375,5105.89990234375,5112.0
1770839280,5112.2998046875,5113.39990234375,5110.39990234375,5110.7001953125
1770839400,5110.39990234375,5111.2001953125,5106.10009765625,5107.7998046875
1770839520,5107.89990234375,5109.7998046875,5107.5,5109.39990234375
1770839640,5108.60009765625,5109.2001953125,5107.2998046875,5107.2998046875
1770839760,5107.2001953125,5108.5,5101.10009765625,5105.60009765625
1770839880,5105.5,5106.60009765625,5104.0,5106.5
1770840000,5106.2001953125,5108.5,5106.2001953125,5107.7001953125
1770840120,5108.0,5108.2001953125,5105.89990234375,5105.89990234375
1770840240,5105.5,5105.5,5104.39990234375,5104.7001953125
1770840360,5105.2001953125,5108.0,5105.2001953125,5106.60009765625
1770840480,5107.7001953125,5111.7998046875,5107.7001953125,5111.0
1770840600,5110.39990234375,5112.2001953125,5109.7001953125,5110.2998046875
1770840720,5110.7001953125,5112.5,5109.60009765625,5111.5
1770840840,5112.10009765625,5112.7998046875,5111.10009765625,5111.10009765625
1770840960,5111.39990234375,5113.39990234375,5111.0,5111.2001953125
1770841080,5111.7998046875,5112.2998046875,5109.7001953125,5111.10009765625
1770841200,5111.2001953125,5112.10009765625,5110.0,5111.5
1770841320,5111.5,5111.5,5108.7998046875,5109.5
1770841440,5108.7998046875,5109.7998046875,5107.7998046875,5108.7998046875
1770841560,5108.7001953125,5111.10009765625,5108.2998046875,5109.39990234375
1770841680,5109.89990234375,5110.89990234375,5109.0,5109.2001953125
1770841800,5108.7998046875,5109.5,5106.10009765625,5106.10009765625
1770841920,5105.0,5106.7001953125,5102.39990234375,5103.10009765625
1770842040,5103.39990234375,5105.2998046875,5102.7998046875,5104.60009765625
1770842160,5104.7001953125,5108.10009765625,5104.39990234375,5107.5
1770842280,5107.2001953125,5109.0,5106.2001953125,5109.0
1770842400,5109.7001953125,5110.0,5107.60009765625,5108.39990234375
1770842520,5108.2001953125,5111.60009765625,5108.2001953125,5110.60009765625
1770842640,5110.89990234375,5111.89990234375,5109.7001953125,5110.0
1770842760,5110.10009765625,5111.10009765625,5108.89990234375,5111.10009765625
1770842880,5110.60009765625,5113.2001953125,5110.2001953125,5112.39990234375
1770843000,5112.60009765625,5112.60009765625,5110.39990234375,5110.5
1770843120,5110.5,5113.39990234375,5109.60009765625,5112.5
1770843240,5112.2998046875,5114.7998046875,5112.2998046875,5114.0
1770843360,5113.7998046875,5113.7998046875,5111.60009765625,5112.2998046875
1770843480,5112.10009765625,5113.7001953125,5110.2001953125,5111.39990234375
1770843600,5111.39990234375,5113.2998046875,5111.2001953125,5112.2001953125
1770843720,5112.10009765625,5112.10009765625,5109.2998046875,5109.7998046875
1770843840,5109.39990234375,5112.7001953125,5108.89990234375,5112.10009765625
1770843960,5111.2998046875,5111.7998046875,5110.5,5111.10009765625
1770844080,5111.0,5111.60009765625,5110.60009765625,5111.60009765625
1770844200,5110.60009765625,5111.2998046875,5110.39990234375,5111.2998046875
1770844320,5111.0,5113.7001953125,5110.60009765625,5112.89990234375
1770844440,5113.5,5113.5,5112.39990234375,5113.39990234375
1770844560,5113.10009765625,5114.5,5113.10009765625,5113.89990234375
1770844680,5114.5,5116.5,5113.89990234375,5115.7001953125
1770844800,5116.60009765625,5118.0,5116.5,5116.5
1770844920,5117.2998046875,5117.2998046875,5115.7998046875,5115.7998046875
1770845040,5116.0,5116.0,5115.0,5115.39990234375
1770845160,5115.10009765625,5115.5,5105.60009765625,5109.2001953125
1770845280,5109.2001953125,5109.7998046875,5101.89990234375,5106.89990234375
1770845400,5107.2001953125,5109.0,5106.2001953125,5106.2998046875
1770845520,5106.2998046875,5106.2998046875,5094.10009765625,5099.2001953125
1770845640,5099.7998046875,5101.89990234375,5097.2001953125,5101.2001953125
1770845760,5101.60009765625,5105.60009765625,5100.7998046875,5102.2998046875
1770845880,5103.5,5105.7998046875,5102.60009765625,5104.2001953125
1770846000,5104.0,5104.0,5102.39990234375,5102.89990234375
1770846120,5103.7998046875,5104.60009765625,5103.39990234375,5103.7998046875
1770846240,5103.7001953125,5105.0,5103.10009765625,5105.0
1770846360,5103.89990234375,5104.39990234375,5102.2001953125,5102.2001953125
1770846480,5102.10009765625,5105.2998046875,5101.39990234375,5103.7001953125
1770846600,5102.7998046875,5105.7001953125,5102.7998046875,5105.7001953125
1770846720,5104.89990234375,5108.89990234375,5104.89990234375,5107.2001953125
1770846840,5106.39990234375,5107.2998046875,5104.7998046875,5105.60009765625
1770846960,5106.10009765625,5108.39990234375,5106.10009765625,5106.60009765625
1770847080,5108.0,5109.89990234375,5106.2998046875,5107.7998046875
1770850800,5107.2998046875,5122.5,5107.0,5120.5
1770850920,5121.2001953125,5122.7998046875,5115.5,5118.2001953125
1770851040,5118.10009765625,5119.89990234375,5112.7001953125,5114.89990234375
1770851160,5115.39990234375,5115.5,5102.7001953125,5106.60009765625
1770851280,5107.0,5109.2001953125,5097.89990234375,5104.89990234375
1770851400,5105.39990234375,5105.5,5074.0,5082.7998046875
1770851520,5082.10009765625,5093.0,5081.89990234375,5086.39990234375
1770851640,5087.10009765625,5088.0,5081.2001953125,5088.0
1770851760,5088.60009765625,5091.2001953125,5084.7001953125,5086.7998046875
1770851880,5085.89990234375,5089.2998046875,5085.60009765625,5088.89990234375
1770852000,5089.7998046875,5093.7998046875,5085.0,5086.2998046875
1770852120,5086.5,5090.7998046875,5085.0,5089.5
1770852240,5088.7001953125,5092.7001953125,5087.89990234375,5091.60009765625
1770852360,5092.2998046875,5092.89990234375,5089.60009765625,5092.5
1770852480,5092.5,5092.5,5090.89990234375,5091.39990234375
1770852600,5090.7001953125,5092.60009765625,5086.5,5089.5
1770852720,5088.7001953125,5088.7001953125,5082.0,5084.7998046875
1770852840,5085.0,5087.0,5084.0,5085.39990234375
1770852960,5085.2001953125,5087.7998046875,5084.39990234375,5086.5
1770853680,5098.5,5098.5,5087.2001953125,5091.0
1770853800,5091.2001953125,5093.2001953125,5086.5,5090.89990234375
1770853920,5091.0,5091.7001953125,5089.2001953125,5089.89990234375
1770854040,5089.7001953125,5089.7001953125,5086.0,5086.7001953125
1770854160,5087.89990234375,5090.0,5086.10009765625,5088.5
1770854280,5089.2998046875,5090.0,5081.60009765625,5083.5
1770854400,5083.5,5090.0,5077.7001953125,5081.0
1770854520,5081.5,5087.5,5080.5,5082.2998046875
1770854640,5083.5,5084.39990234375,5075.0,5078.60009765625
1770854760,5078.60009765625,5082.39990234375,5077.5,5078.60009765625
1770854880,5079.2001953125,5084.10009765625,5078.2001953125,5078.60009765625
1770855000,5078.7998046875,5082.0,5076.7001953125,5076.7001953125
1770855120,5076.10009765625,5079.7998046875,5071.10009765625,5072.2998046875
1770855240,5071.89990234375,5082.7001953125,5071.0,5081.10009765625
1770855360,5081.10009765625,5088.39990234375,5081.0,5082.5
1770855480,5082.7998046875,5085.0,5076.10009765625,5078.2998046875
1770855600,5078.39990234375,5083.60009765625,5075.5,5076.39990234375
1770855720,5076.0,5080.2001953125,5075.39990234375,5078.89990234375
1770855840,5078.60009765625,5082.60009765625,5078.0,5081.60009765625
1770855960,5081.60009765625,5084.0,5079.60009765625,5082.39990234375
1770856080,5082.5,5082.5,5079.2001953125,5081.5
1770856200,5083.0,5084.39990234375,5080.89990234375,5083.2998046875
1770856320,5082.0,5088.0,5082.0,5085.39990234375
1770856440,5086.2001953125,5086.5,5081.2001953125,5085.2001953125
1770856560,5086.5,5086.5,5079.0,5081.39990234375
1770856680,5080.60009765625,5082.7998046875,5080.10009765625,5081.7001953125
1770856800,5080.7001953125,5081.10009765625,5077.10009765625,5078.7001953125
1770856920,5079.2001953125,5080.89990234375,5078.2998046875,5078.7998046875
1770857040,5079.0,5084.2998046875,5078.60009765625,5083.5
1770857160,5082.7001953125,5083.10009765625,5082.10009765625,5082.89990234375
1770857280,5083.5,5084.7998046875,5081.60009765625,5084.60009765625
1770857400,5083.0,5085.7998046875,5080.0,5084.60009765625
1770857520,5085.5,5086.89990234375,5083.7001953125,5085.0
1770857640,5084.10009765625,5085.60009765625,5083.10009765625,5084.2001953125
1770857760,5083.7998046875,5083.7998046875,5080.10009765625,5081.39990234375
1770857880,5081.5,5087.7001953125,5081.5,5084.89990234375
1770858000,5083.0,5084.89990234375,5076.0,5081.39990234375
1770858120,5080.5,5081.39990234375,5075.7001953125,5076.2998046875
1770858240,5075.60009765625,5076.7001953125,5069.0,5076.39990234375
1770858360,5075.39990234375,5078.60009765625,5073.2998046875,5075.5
1770858480,5074.5,5076.2998046875,5070.0,5074.7998046875
1770858600,5076.10009765625,5077.39990234375,5072.39990234375,5073.7998046875
1770858720,5074.2998046875,5074.60009765625,5065.0,5074.60009765625
1770858840,5074.7001953125,5074.7001953125,5068.0,5071.0
1770858960,5070.5,5081.7998046875,5070.5,5078.89990234375
1770859080,5078.0,5078.89990234375,5076.60009765625,5078.89990234375
1770859200,5080.0,5082.5,5075.0,5076.10009765625
1770859320,5075.2001953125,5076.5,5073.60009765625,5075.2001953125
1770859440,5074.10009765625,5077.2001953125,5073.7998046875,5075.2001953125
1770859560,5076.7001953125,5078.5,5075.89990234375,5078.5
1770859680,5078.0,5083.2001953125,5078.0,5080.0
1770859800,5079.2998046875,5080.7998046875,5076.2001953125,5080.2001953125
1770859920,5081.0,5083.0,5080.0,5080.0
1770860040,5081.39990234375,5081.39990234375,5077.5,5078.7001953125
1770860160,5079.10009765625,5083.7001953125,5078.5,5081.7001953125
1770860280,5082.0,5085.0,5081.7001953125,5083.39990234375
1770860400,5082.7998046875,5084.2001953125,5081.7998046875,5081.7998046875
1770860520,5082.39990234375,5085.7998046875,5080.39990234375,5085.2001953125
1770860640,5085.2001953125,5085.2001953125,5081.2001953125,5082.10009765625
1770860760,5081.7001953125,5081.7001953125,5076.0,5076.89990234375
1770860880,5076.2998046875,5081.2001953125,5075.0,5078.5
1770861000,5077.0,5079.2998046875,5074.2998046875,5078.2001953125
1770861120,5078.5,5081.2998046875,5077.7998046875,5080.39990234375
1770861240,5080.60009765625,5083.10009765625,5078.60009765625,5082.5
1770861360,5082.2998046875,5083.7001953125,5079.60009765625,5082.0
1770861480,5082.60009765625,5084.7998046875,5081.39990234375,5084.7998046875
1770861600,5084.89990234375,5093.7001953125,5084.2998046875,5092.60009765625
1770861720,5091.2998046875,5092.10009765625,5086.2001953125,5087.7001953125
1770861840,5086.89990234375,5090.89990234375,5086.7998046875,5088.2998046875
1770861960,5088.2998046875,5091.39990234375,5088.0,5090.39990234375
1770862080,5091.2001953125,5091.5,5087.10009765625,5088.0
1770862200,5087.7001953125,5087.89990234375,5085.2998046875,5087.89990234375
1770862320,5088.2001953125,5090.7001953125,5087.89990234375,5090.10009765625
1770862440,5089.7001953125,5089.7001953125,5087.60009765625,5087.7998046875
1770862560,5088.7001953125,5091.0,5088.2998046875,5090.39990234375
1770862680,5090.2001953125,5090.2001953125,5085.89990234375,5085.89990234375
1770862800,5086.7001953125,5094.0,5086.39990234375,5088.60009765625
1770862920,5089.10009765625,5089.10009765625,5086.5,5086.5
1770863040,5086.39990234375,5087.89990234375,5083.0,5083.0
1770863160,5084.39990234375,5087.0,5082.7998046875,5084.10009765625
1770863280,5083.0,5087.7001953125,5083.0,5087.2998046875
1770863400,5087.39990234375,5090.7001953125,5084.39990234375,5084.5
1770863520,5085.7998046875,5089.5,5084.89990234375,5088.7998046875
1770863640,5089.5,5089.7998046875,5080.10009765625,5080.7998046875
1770863760,5082.0,5083.2001953125,5080.39990234375,5082.2998046875
1770863880,5081.60009765625,5082.10009765625,5078.5,5081.2001953125
1770864000,5081.5,5082.5,5078.39990234375,5081.5
1770864120,5081.2001953125,5081.2001953125,5077.0,5078.89990234375
1770864240,5079.60009765625,5079.7998046875,5077.5,5078.39990234375
1770864360,5078.2001953125,5078.89990234375,5075.5,5078.10009765625
1770864480,5078.5,5084.0,5078.0,5080.60009765625
1770864600,5080.10009765625,5087.7001953125,5077.5,5087.2998046875
1770864720,5086.2001953125,5086.89990234375,5083.7998046875,5084.7001953125
1770864840,5084.7001953125,5086.89990234375,5083.5,5086.2001953125
1770864960,5084.89990234375,5086.2998046875,5083.7998046875,5085.10009765625
1770865080,5085.39990234375,5087.7001953125,5085.0,5086.7001953125
1770865200,5085.7001953125,5085.7001953125,5083.60009765625,5084.7998046875
1770865320,5085.5,5090.60009765625,5085.5,5089.2001953125
1770865440,5089.60009765625,5091.89990234375,5088.5,5090.2001953125
1770865560,5090.0,5091.7998046875,5088.7998046875,5090.10009765625
1770865680,5091.0,5094.89990234375,5091.0,5093.0
1770865800,5092.89990234375,5096.0,5091.7001953125,5092.7001953125
1770865920,5092.7001953125,5093.2998046875,5090.60009765625,5090.7998046875
1770866040,5090.7001953125,5091.0,5088.5,5089.2001953125
1770866160,5088.60009765625,5090.5,5087.5,5087.5
1770866280,5088.10009765625,5088.2001953125,5086.89990234375,5087.2001953125
1770866400,5088.60009765625,5092.0,5085.0,5085.0
1770866520,5084.89990234375,5087.7998046875,5084.89990234375,5086.89990234375
1770866640,5087.0,5087.60009765625,5084.7001953125,5084.7001953125
1770866760,5085.7998046875,5086.10009765625,5075.7001953125,5077.39990234375
1770866880,5077.2001953125,5084.39990234375,5076.2998046875,5081.2998046875
1770867000,5081.2001953125,5083.39990234375,5079.7998046875,5081.0
1770867120,5082.0,5086.89990234375,5082.0,5086.89990234375
1770867240,5087.0,5087.2998046875,5085.0,5086.60009765625
1770867360,5086.5,5088.0,5086.10009765625,5087.0
1770867480,5085.7001953125,5087.2001953125,5085.0,5086.2998046875
1770867600,5086.10009765625,5087.2001953125,5085.0,5085.7998046875
1770867720,5085.0,5087.89990234375,5084.89990234375,5086.39990234375
1770867840,5086.0,5087.39990234375,5084.5,5084.5
1770867960,5085.39990234375,5085.7998046875,5081.2001953125,5081.7001953125
1770868080,5081.2001953125,5081.89990234375,5080.0,5080.0
1770868200,5079.89990234375,5082.0,5078.39990234375,5080.39990234375
1770868320,5079.5,5081.10009765625,5079.10009765625,5079.2998046875
1770868440,5079.0,5079.39990234375,5077.89990234375,5078.89990234375
1770868560,5078.2001953125,5078.2998046875,5076.2001953125,5076.7998046875
1770868680,5076.7998046875,5079.7998046875,5076.39990234375,5078.2001953125
1770868800,5077.7001953125,5078.7001953125,5073.39990234375,5075.7001953125
1770868920,5076.7001953125,5079.0,5076.39990234375,5079.0
1770869040,5078.2001953125,5080.7998046875,5077.89990234375,5080.60009765625
1770869160,5080.5,5080.5,5077.60009765625,5077.60009765625
1770869280,5077.7001953125,5078.10009765625,5076.7998046875,5076.7998046875
1770869400,5077.5,5078.7001953125,5077.5,5078.2001953125
1770869520,5077.89990234375,5079.10009765625,5077.60009765625,5077.7998046875
1770869640,5078.5,5079.2001953125,5074.89990234375,5075.0
1770869760,5075.89990234375,5076.5,5075.10009765625,5075.39990234375
1770869880,5075.2001953125,5075.2001953125,5072.2001953125,5074.0
1770870000,5074.39990234375,5076.5,5072.2001953125,5075.7998046875
1770870120,5075.60009765625,5076.2998046875,5075.0,5075.2001953125
1770870240,5076.0,5078.0,5075.5,5078.0
1770870360,5078.0,5079.10009765625,5077.10009765625,5077.60009765625
1770870480,5077.10009765625,5077.7001953125,5077.10009765625,5077.7001953125
1770870600,5076.60009765625,5077.5,5076.0,5076.0
1770870720,5076.5,5076.89990234375,5075.2001953125,5076.2998046875
1770870840,5076.10009765625,5081.0,5075.2998046875,5080.10009765625
1770870960,5080.10009765625,5081.2001953125,5079.89990234375,5081.10009765625
1770871080,5081.0,5081.7001953125,5080.39990234375,5081.10009765625
1770871200,5079.0,5079.5,5079.0,5079.5
1770871320,5079.5,5080.2998046875,5079.2998046875,5080.2998046875
1770871440,5079.5,5080.10009765625,5078.5,5080.0
1770871560,5079.39990234375,5080.2001953125,5078.89990234375,5079.10009765625
1770871680,5078.2998046875,5079.60009765625,5076.2001953125,5076.60009765625
1770871800,5077.5,5083.60009765625,5076.2998046875,5081.7001953125
1770871920,5082.0,5085.0,5081.39990234375,5084.2001953125
1770872040,5084.0,5084.2001953125,5083.0,5083.5
1770872160,5084.7001953125,5088.39990234375,5084.10009765625,5088.39990234375
1770872280,5088.7001953125,5091.10009765625,5088.7001953125,5090.39990234375
1770872400,5090.0,5090.89990234375,5086.2001953125,5088.2001953125
1770872520,5087.60009765625,5089.2001953125,5087.5,5089.2001953125
1770872640,5089.7001953125,5092.5,5089.10009765625,5090.0
1770872760,5090.39990234375,5098.39990234375,5090.39990234375,5097.60009765625
1770872880,5097.5,5099.0,5096.0,5098.2001953125
1770873000,5098.2998046875,5099.2998046875,5096.0,5096.0
1770873120,5096.5,5096.7001953125,5095.2998046875,5095.7001953125
1770873240,5095.2998046875,5097.5,5095.2998046875,5097.2001953125
1770873360,5097.39990234375,5098.0,5096.2001953125,5096.2001953125
1770873480,5096.7001953125,5097.7001953125,5095.7998046875,5096.39990234375
1770873600,5096.2001953125,5099.10009765625,5094.2998046875,5095.10009765625
1770873720,5095.0,5095.7998046875,5093.5,5094.89990234375
1770873840,5094.2001953125,5098.10009765625,5094.2001953125,5095.2998046875
1770873960,5095.0,5095.5,5093.2001953125,5093.7001953125
1770874080,5094.0,5094.0,5091.60009765625,5092.2998046875
1770874200,5092.7001953125,5092.89990234375,5086.89990234375,5088.7998046875
1770874320,5088.7001953125,5090.0,5085.7001953125,5087.5
1770874440,5087.10009765625,5089.0,5085.7998046875,5088.7001953125
1770874560,5088.39990234375,5088.39990234375,5086.0,5086.60009765625
1770874680,5086.60009765625,5088.7998046875,5086.60009765625,5086.89990234375
1770874800,5088.7998046875,5090.7001953125,5087.39990234375,5090.7001953125
1770874920,5090.89990234375,5092.39990234375,5090.7998046875,5091.39990234375
1770875040,5091.89990234375,5094.89990234375,5091.60009765625,5093.60009765625
1770875160,5093.2001953125,5093.2001953125,5091.2998046875,5092.2998046875
1770875280,5093.10009765625,5094.0,5091.5,5091.5
1770875400,5091.2998046875,5092.7001953125,5088.60009765625,5092.60009765625
1770875520,5092.89990234375,5094.7001953125,5092.7998046875,5094.5
1770875640,5094.60009765625,5097.39990234375,5094.60009765625,5096.10009765625
1770875760,5096.0,5096.7998046875,5094.0,5094.0
1770875880,5093.89990234375,5097.2001953125,5092.39990234375,5096.2998046875
1770876000,5097.2001953125,5097.7998046875,5091.0,5091.10009765625
1770876120,5090.7998046875,5090.7998046875,5086.10009765625,5088.39990234375
1770876240,5088.7998046875,5090.89990234375,5088.7998046875,5090.0
1770876360,5090.60009765625,5090.60009765625,5086.0,5086.7998046875
1770876480,5086.7998046875,5087.5,5083.60009765625,5087.5
1770876600,5088.0,5089.5,5085.60009765625,5087.2998046875
1770876720,5087.2998046875,5090.5,5087.2998046875,5090.5
1770876840,5090.5,5092.0,5089.5,5090.2001953125
1770876960,5090.60009765625,5090.60009765625,5087.2001953125,5087.2998046875
1770877080,5087.2998046875,5089.89990234375,5086.7001953125,5087.7001953125
1770877200,5087.89990234375,5090.2001953125,5085.39990234375,5087.5
1770877320,5088.2001953125,5088.2001953125,5084.0,5085.60009765625
1770877440,5084.89990234375,5085.60009765625,5081.5,5085.60009765625
1770877560,5084.2001953125,5084.7001953125,5080.0,5080.39990234375
1770877680,5080.10009765625,5081.7998046875,5077.0,5077.0
1770877800,5076.89990234375,5079.60009765625,5075.0,5076.60009765625
1770877920,5076.7001953125,5076.7001953125,5071.39990234375,5071.89990234375
1770878040,5072.0,5075.0,5070.0,5072.2998046875
1770878160,5072.2998046875,5073.2001953125,5068.89990234375,5069.2998046875
1770878280,5069.7998046875,5075.7998046875,5069.7998046875,5074.5
1770878400,5074.39990234375,5079.2998046875,5073.60009765625,5077.60009765625
1770878520,5077.39990234375,5079.10009765625,5076.7001953125,5077.5
1770878640,5077.89990234375,5080.2001953125,5076.2001953125,5078.7001953125
1770878760,5079.2998046875,5079.60009765625,5076.60009765625,5078.60009765625
1770878880,5078.60009765625,5079.0,5075.10009765625,5077.60009765625
1770879000,5077.7001953125,5083.10009765625,5077.39990234375,5083.10009765625
1770879120,5082.39990234375,5083.60009765625,5080.5,5081.5
1770879240,5081.10009765625,5083.0,5080.2998046875,5082.0
1770879360,5081.7001953125,5083.39990234375,5081.5,5082.10009765625
1770879480,5081.60009765625,5082.7001953125,5080.5,5081.10009765625
1770879600,5080.89990234375,5081.5,5074.2001953125,5074.2001953125
1770879720,5074.10009765625,5079.10009765625,5073.60009765625,5078.60009765625
1770879840,5078.2001953125,5082.0,5078.0,5080.5
1770879960,5080.5,5083.5,5079.2001953125,5083.0
1770880080,5082.39990234375,5086.0,5082.39990234375,5084.2998046875
1770880200,5085.10009765625,5085.39990234375,5082.60009765625,5083.2998046875
1770880320,5083.2998046875,5085.10009765625,5082.60009765625,5085.10009765625
1770880440,5086.0,5087.5,5084.0,5084.7001953125
1770880560,5085.10009765625,5086.2998046875,5083.0,5083.10009765625
1770880680,5083.10009765625,5083.7001953125,5081.2998046875,5083.2001953125
1770880800,5083.7998046875,5085.10009765625,5079.2001953125,5080.89990234375
1770880920,5081.0,5081.7001953125,5078.0,5080.89990234375
1770881040,5080.60009765625,5081.10009765625,5078.89990234375,5079.0
1770881160,5078.5,5082.89990234375,5078.0,5082.89990234375
1770881280,5083.5,5084.39990234375,5083.0,5083.60009765625
1770881400,5083.60009765625,5085.39990234375,5083.2998046875,5084.60009765625
1770881520,5085.2001953125,5085.2001953125,5082.60009765625,5082.60009765625
1770881640,5083.2998046875,5084.60009765625,5082.7001953125,5083.39990234375
1770881760,5083.2998046875,5084.2998046875,5082.7001953125,5084.2998046875
1770881880,5084.39990234375,5084.5,5081.5,5082.39990234375
1770882000,5082.7998046875,5082.7998046875,5080.2998046875,5080.2998046875
1770882120,5080.2998046875,5081.2001953125,5079.39990234375,5080.7998046875
1770882240,5079.7001953125,5082.60009765625,5078.5,5079.2998046875
1770882360,5079.10009765625,5080.0,5078.10009765625,5078.39990234375
1770882480,5078.2001953125,5083.0,5078.10009765625,5082.7001953125
1770882600,5082.7998046875,5082.7998046875,5081.7998046875,5082.39990234375
1770882720,5081.60009765625,5082.5,5079.7001953125,5080.7001953125
1770882840,5081.2998046875,5082.10009765625,5080.2001953125,5080.2998046875
1770882960,5080.0,5084.5,5080.0,5083.39990234375
1770883080,5084.0,5087.0,5083.89990234375,5085.2998046875
1770883200,5085.7001953125,5088.0,5085.2998046875,5086.2001953125
1770883320,5086.7998046875,5088.7998046875,5086.2998046875,5087.39990234375
1770883440,5087.10009765625,5092.2998046875,5087.10009765625,5090.5
1770883560,5090.2998046875,5095.0,5090.2998046875,5092.5
1770883680,5092.5,5094.5,5091.0,5093.5
1770883800,5093.7998046875,5094.7998046875,5091.10009765625,5092.7998046875
1770883920,5092.10009765625,5093.2001953125,5088.39990234375,5088.39990234375
1770884040,5089.2001953125,5091.2001953125,5088.39990234375,5090.5
1770884160,5091.10009765625,5091.10009765625,5087.60009765625,5088.5
1770884280,5089.0,5089.2001953125,5086.2998046875,5086.7001953125
1770884400,5086.7001953125,5089.89990234375,5086.39990234375,5086.60009765625
1770884520,5086.2998046875,5087.39990234375,5085.39990234375,5087.10009765625
1770884640,5087.0,5088.60009765625,5083.39990234375,5086.39990234375
1770884760,5086.5,5087.5,5085.2001953125,5086.0
1770884880,5086.10009765625,5086.2998046875,5082.0,5082.0
1770885000,5081.7998046875,5081.89990234375,5077.60009765625,5078.0
1770885120,5078.0,5078.7998046875,5073.5,5078.7001953125
1770885240,5078.10009765625,5082.10009765625,5078.10009765625,5081.39990234375
1770885360,5081.7998046875,5083.60009765625,5081.0,5083.10009765625
1770885480,5083.0,5083.2001953125,5080.89990234375,5081.10009765625
1770885600,5081.60009765625,5084.5,5081.60009765625,5084.5
1770885720,5084.7998046875,5084.89990234375,5083.10009765625,5084.0
1770885840,5083.5,5086.0,5083.5,5086.0
1770885960,5085.7001953125,5086.60009765625,5083.89990234375,5085.0
1770886080,5085.60009765625,5085.7998046875,5083.7998046875,5083.7998046875
1770886200,5083.0,5086.2001953125,5081.5,5086.2001953125
1770886320,5086.10009765625,5089.39990234375,5084.10009765625,5089.0
1770886440,5089.0,5090.0,5085.10009765625,5087.60009765625
1770886560,5087.7001953125,5092.60009765625,5087.2998046875,5092.0
1770886680,5092.2998046875,5093.60009765625,5089.2998046875,5090.0
1770886800,5089.5,5089.89990234375,5087.2998046875,5087.2998046875
1770886920,5087.7998046875,5093.89990234375,5087.7998046875,5093.2998046875
1770887040,5093.2998046875,5096.7998046875,5093.0,5094.0
1770887160,5093.89990234375,5095.7998046875,5093.2001953125,5095.39990234375
1770887280,5095.0,5097.60009765625,5094.5,5096.39990234375
1770887400,5096.2998046875,5096.2998046875,5092.5,5093.7001953125
1770887520,5093.7001953125,5096.5,5093.10009765625,5096.0
1770887640,5096.2001953125,5096.5,5094.89990234375,5096.5
1770887760,5096.60009765625,5099.2001953125,5094.0,5096.10009765625
1770887880,5095.7001953125,5095.89990234375,5094.10009765625,5094.7001953125
1770888000,5094.2998046875,5095.89990234375,5093.0,5094.7998046875
1770888120,5094.7998046875,5095.7001953125,5093.89990234375,5095.7001953125
1770888240,5095.2998046875,5096.89990234375,5094.2001953125,5096.2001953125
1770888360,5096.7001953125,5097.60009765625,5095.5,5095.5
1770888480,5095.39990234375,5095.39990234375,5092.60009765625,5092.7998046875
1770888600,5093.2998046875,5094.60009765625,5091.89990234375,5093.7998046875
1770888720,5093.89990234375,5094.60009765625,5091.2001953125,5092.39990234375
1770888840,5092.5,5092.5,5090.0,5092.0
1770888960,5092.7001953125,5093.7001953125,5090.39990234375,5093.7001953125
1770889080,5093.7998046875,5095.2001953125,5092.7001953125,5092.7001953125
1770889200,5092.7001953125,5094.0,5092.7001953125,5092.89990234375
1770889320,5093.2998046875,5095.60009765625,5093.2998046875,5095.2998046875
1770889440,5095.89990234375,5096.0,5094.7001953125,5095.89990234375
1770889560,5095.7001953125,5096.60009765625,5094.7998046875,5096.10009765625
1770889680,5095.7998046875,5096.2998046875,5093.10009765625,5095.7001953125
1770889800,5095.89990234375,5102.5,5095.5,5100.7998046875
1770889920,5100.39990234375,5101.2001953125,5098.10009765625,5101.0
1770890040,5101.0,5101.7998046875,5099.89990234375,5100.2998046875
1770890160,5100.10009765625,5100.10009765625,5096.5,5097.10009765625
1770890280,5096.7998046875,5096.7998046875,5094.60009765625,5095.0
1770890400,5094.7998046875,5096.7998046875,5092.7998046875,5096.0
1770890520,5095.60009765625,5099.2998046875,5095.10009765625,5098.5
1770890640,5098.10009765625,5098.10009765625,5092.60009765625,5093.39990234375
1770890760,5093.7998046875,5095.0,5092.0,5094.2001953125
1770890880,5094.60009765625,5097.2001953125,5091.39990234375,5091.60009765625
1770891000,5091.0,5091.7998046875,5087.10009765625,5087.5
1770891120,5087.2998046875,5091.10009765625,5086.2001953125,5086.39990234375
1770891240,5086.7001953125,5088.10009765625,5085.60009765625,5087.7998046875
1770891360,5087.7998046875,5088.39990234375,5085.10009765625,5087.2998046875
1770891480,5087.60009765625,5088.5,5085.60009765625,5085.89990234375
1770891600,5085.7998046875,5088.2998046875,5085.60009765625,5086.10009765625
1770891720,5085.7001953125,5088.5,5085.2001953125,5087.2001953125
1770891840,5087.39990234375,5088.0,5086.60009765625,5087.89990234375
1770891960,5088.0,5088.10009765625,5084.2001953125,5084.5
1770892080,5084.7001953125,5085.5,5082.5,5083.2001953125
1770892200,5083.5,5087.89990234375,5082.89990234375,5083.7001953125
1770892320,5084.0,5085.0,5083.2001953125,5083.60009765625
1770892440,5083.5,5088.0,5082.89990234375,5087.2998046875
1770892560,5087.39990234375,5088.0,5084.60009765625,5085.89990234375
1770892680,5085.2998046875,5085.89990234375,5082.89990234375,5084.2998046875
1770892800,5084.5,5085.0,5083.7001953125,5084.2998046875
1770892920,5084.10009765625,5085.39990234375,5083.10009765625,5084.0
1770893040,5084.89990234375,5085.7001953125,5083.39990234375,5083.5
1770893160,5082.89990234375,5084.2001953125,5080.0,5080.0
1770893280,5080.0,5082.5,5077.0,5081.0
1770893400,5080.7998046875,5082.0,5077.60009765625,5079.60009765625
1770893520,5080.39990234375,5081.60009765625,5077.60009765625,5080.60009765625
1770893640,5080.60009765625,5082.2998046875,5080.2998046875,5080.7998046875
1770893760,5080.89990234375,5082.7998046875,5080.89990234375,5081.7998046875
1770893880,5082.10009765625,5084.5,5081.7001953125,5083.7998046875
1770894000,5084.0,5084.2001953125,5081.60009765625,5081.60009765625
1770894120,5081.5,5085.0,5080.60009765625,5084.5
1770894240,5083.7001953125,5087.2998046875,5083.0,5083.89990234375
1770894360,5084.2001953125,5084.7998046875,5082.89990234375,5083.7998046875
1770894480,5083.7998046875,5084.89990234375,5083.2998046875,5084.7998046875
1770894600,5085.2001953125,5085.5,5083.7998046875,5084.60009765625
1770894720,5084.60009765625,5085.2001953125,5083.39990234375,5084.89990234375
1770894840,5084.39990234375,5084.39990234375,5082.0,5083.7001953125
1770894960,5084.0,5086.60009765625,5084.0,5085.10009765625
1770895080,5085.0,5085.5,5084.2001953125,5084.2001953125
1770895200,5084.0,5084.60009765625,5083.5,5084.60009765625
1770895320,5084.2998046875,5085.0,5083.2001953125,5083.7001953125
1770895440,5084.5,5087.7998046875,5083.89990234375,5085.2001953125
1770895560,5085.2998046875,5086.89990234375,5084.89990234375,5085.10009765625
1770895680,5085.2001953125,5085.60009765625,5083.7998046875,5084.7001953125
1770895800,5084.7001953125,5085.7998046875,5084.2001953125,5084.5
1770895920,5084.7998046875,5084.7998046875,5083.10009765625,5083.7998046875
1770896040,5083.7001953125,5086.7998046875,5083.0,5086.5
1770896160,5086.39990234375,5086.7998046875,5085.7998046875,5085.7998046875
1770896280,5085.89990234375,5086.2998046875,5084.60009765625,5085.2998046875
1770896400,5085.0,5085.60009765625,5084.2998046875,5084.7998046875
1770896520,5085.10009765625,5085.5,5084.89990234375,5084.89990234375
1770896640,5085.7001953125,5087.10009765625,5085.0,5087.10009765625
1770896760,5086.7001953125,5087.0,5086.2001953125,5086.2001953125
1770896880,5086.10009765625,5086.7998046875,5086.0,5086.7998046875
1770897000,5086.60009765625,5089.0,5086.10009765625,5087.39990234375
1770897120,5087.5,5090.2001953125,5087.10009765625,5089.2001953125
1770897240,5089.39990234375,5090.10009765625,5085.10009765625,5085.60009765625
1770897360,5085.7998046875,5086.0,5083.5,5084.2001953125
1770897480,5084.39990234375,5086.7001953125,5083.5,5085.60009765625
1770897600,5086.5,5088.2001953125,5085.2001953125,5086.5
1770897720,5087.5,5088.39990234375,5086.5,5087.5
1770897840,5087.2001953125,5088.0,5083.7998046875,5084.39990234375
1770897960,5084.10009765625,5084.10009765625,5081.7001953125,5081.7998046875
1770898080,5082.5,5084.60009765625,5078.2998046875,5083.7998046875
1770898200,5083.0,5083.2001953125,5081.10009765625,5082.0
1770898320,5082.60009765625,5083.60009765625,5082.5,5083.60009765625
1770898440,5083.2001953125,5085.2001953125,5083.2001953125,5084.2998046875
1770898560,5085.2001953125,5086.2001953125,5084.60009765625,5084.60009765625
1770898680,5084.0,5085.7001953125,5082.5,5085.60009765625
1770898800,5085.7001953125,5085.89990234375,5082.39990234375,5084.7001953125
1770898920,5084.10009765625,5085.5,5082.89990234375,5083.10009765625
1770899040,5083.7001953125,5083.7001953125,5081.89990234375,5083.60009765625
1770899160,5083.7001953125,5084.39990234375,5083.2998046875,5084.0
1770899280,5084.39990234375,5084.5,5083.7998046875,5084.2998046875
1770899400,5084.60009765625,5085.2001953125,5083.60009765625,5084.10009765625
1770899520,5083.7998046875,5087.0,5083.7001953125,5085.89990234375
1770899640,5086.2998046875,5089.7998046875,5086.2998046875,5089.60009765625
1770899760,5089.5,5090.7998046875,5086.89990234375,5086.89990234375
1770899880,5086.39990234375,5087.39990234375,5085.60009765625,5085.7001953125
1770900000,5085.7998046875,5085.7998046875,5082.89990234375,5084.0
1770900120,5083.7001953125,5083.7001953125,5077.5,5078.89990234375
1770900240,5079.0,5080.2001953125,5076.2001953125,5078.5
1770900360,5078.5,5078.7001953125,5075.0,5076.2001953125
1770900480,5076.2998046875,5079.0,5074.7998046875,5077.0
1770900600,5076.7998046875,5076.7998046875,5074.2001953125,5075.5
1770900720,5075.5,5075.5,5071.60009765625,5074.10009765625
1770900840,5074.0,5074.39990234375,5070.60009765625,5072.89990234375
1770900960,5073.2001953125,5073.2998046875,5070.60009765625,5072.7998046875
1770901080,5072.2998046875,5076.39990234375,5071.7998046875,5074.2001953125
1770901200,5074.39990234375,5078.7001953125,5073.10009765625,5078.39990234375
1770901320,5078.10009765625,5079.89990234375,5076.7001953125,5078.10009765625
1770901440,5077.39990234375,5078.7998046875,5075.89990234375,5078.39990234375
1770901560,5078.5,5081.39990234375,5078.5,5080.60009765625
1770901680,5080.5,5083.39990234375,5079.89990234375,5082.7998046875
1770901800,5083.10009765625,5085.60009765625,5082.60009765625,5085.39990234375
1770901920,5085.10009765625,5087.7001953125,5085.0,5087.0
1770902040,5087.10009765625,5088.0,5085.7001953125,5085.7001953125
1770902160,5086.0,5092.5,5085.89990234375,5091.7001953125
1770902280,5091.7001953125,5094.10009765625,5090.2998046875,5091.7001953125
1770902400,5091.60009765625,5095.5,5090.39990234375,5094.7001953125
1770902520,5094.7001953125,5096.5,5094.0,5094.7001953125
1770902640,5094.7001953125,5095.39990234375,5090.7998046875,5090.7998046875
1770902760,5090.7001953125,5090.7998046875,5087.2998046875,5088.2998046875
1770902880,5088.60009765625,5088.60009765625,5084.10009765625,5086.7001953125
1770903000,5087.10009765625,5094.60009765625,5082.5,5094.39990234375
1770903120,5094.5,5094.7998046875,5090.89990234375,5092.5
1770903240,5093.10009765625,5097.10009765625,5092.2998046875,5093.7001953125
1770903360,5093.89990234375,5097.7998046875,5091.10009765625,5097.7998046875
1770903480,5097.2998046875,5099.2998046875,5095.10009765625,5097.2998046875
1770903600,5097.89990234375,5099.7001953125,5097.2998046875,5098.0
1770903720,5097.89990234375,5099.2998046875,5096.2998046875,5098.7998046875
1770903840,5098.7998046875,5100.2998046875,5097.60009765625,5098.7001953125
1770903960,5098.2998046875,5104.5,5098.2998046875,5101.2998046875
1770904080,5101.10009765625,5102.39990234375,5100.0,5100.5
1770904200,5101.10009765625,5103.0,5100.7001953125,5102.2998046875
1770904320,5101.89990234375,5103.5,5101.2001953125,5102.7998046875
1770904440,5103.10009765625,5103.7001953125,5101.2001953125,5102.7998046875
1770904560,5102.60009765625,5106.7001953125,5102.2001953125,5102.2001953125
1770904680,5102.0,5102.0,5097.60009765625,5098.2001953125
1770904800,5098.2001953125,5100.0,5096.7001953125,5100.0
1770904920,5100.0,5100.7998046875,5094.39990234375,5094.89990234375
1770905040,5094.7998046875,5095.89990234375,5090.0,5092.60009765625
1770905160,5092.2998046875,5097.0,5090.7998046875,5094.89990234375
1770905280,5094.89990234375,5099.0,5092.2998046875,5097.60009765625
1770905400,5098.2998046875,5099.89990234375,5096.7001953125,5098.0
1770905520,5097.7001953125,5101.10009765625,5097.7001953125,5099.2001953125
1770905640,5099.2001953125,5099.2001953125,5084.0,5084.5
1770905760,5084.39990234375,5088.7001953125,5079.2998046875,5083.2001953125
1770905880,5083.2998046875,5086.0,5078.0,5081.0
1770906000,5080.2998046875,5086.7998046875,5078.39990234375,5084.5
1770906120,5084.89990234375,5087.0,5083.0,5084.39990234375
1770906240,5084.7001953125,5087.7998046875,5084.0,5084.7998046875
1770906360,5085.0,5087.7998046875,5085.0,5086.10009765625
1770906480,5086.2001953125,5086.2001953125,5082.5,5082.60009765625
1770906600,5083.10009765625,5089.60009765625,5081.10009765625,5086.2998046875
1770906720,5086.0,5094.7998046875,5085.7998046875,5092.0
1770906840,5092.0,5092.5,5087.7998046875,5089.0
1770906960,5089.7998046875,5090.7001953125,5084.5,5085.39990234375
1770907080,5084.89990234375,5086.5,5079.0,5081.7001953125
1770907200,5082.39990234375,5086.10009765625,5081.2001953125,5082.10009765625
1770907320,5081.5,5082.89990234375,5079.2001953125,5081.2001953125
1770907440,5081.5,5082.7998046875,5076.5,5082.39990234375
1770907560,5081.60009765625,5084.60009765625,5077.2998046875,5077.60009765625
1770907680,5078.2001953125,5080.7998046875,5074.2001953125,5078.10009765625
1770907800,5078.60009765625,5081.60009765625,5075.2998046875,5079.39990234375
1770907920,5079.2998046875,5079.2998046875,5073.7998046875,5076.5
1770908040,5076.5,5078.7001953125,5074.7998046875,5075.39990234375
1770908160,5076.0,5076.10009765625,5061.2998046875,5064.2001953125
1770908280,5065.39990234375,5067.60009765625,5062.10009765625,5067.0
1770908400,5066.39990234375,5072.60009765625,5061.7001953125,5072.10009765625
1770908520,5072.0,5077.0,5071.60009765625,5076.2998046875
1770908640,5076.7001953125,5077.89990234375,5072.7001953125,5076.10009765625
1770908760,5076.0,5081.2998046875,5074.10009765625,5079.89990234375
1770908880,5079.39990234375,5080.7998046875,5077.0,5080.2001953125
1770909000,5080.39990234375,5085.7998046875,5080.2998046875,5085.0
1770909120,5085.2998046875,5087.2998046875,5084.39990234375,5085.7001953125
1770909240,5086.2001953125,5090.0,5086.2001953125,5088.7001953125
1770909360,5088.7998046875,5091.5,5087.2998046875,5089.7001953125
1770909480,5089.7001953125,5092.10009765625,5087.7998046875,5088.2998046875
1770909600,5088.0,5089.10009765625,5086.2001953125,5086.2001953125
1770909720,5086.2001953125,5087.5,5085.2001953125,5086.0
1770909840,5085.7001953125,5087.7998046875,5084.10009765625,5087.0
1770909960,5086.7001953125,5087.7001953125,5085.5,5086.60009765625
1770910080,5086.60009765625,5089.60009765625,5086.0,5088.39990234375
1770910200,5088.2998046875,5095.2001953125,5087.89990234375,5094.0
1770910320,5093.7998046875,5094.2998046875,5091.10009765625,5091.7998046875
1770910440,5091.7998046875,5094.2001953125,5090.7998046875,5094.2001953125
1770910560,5093.2001953125,5095.0,5091.0,5092.39990234375
1770910680,5092.2001953125,5093.39990234375,5088.7998046875,5091.7001953125
1770910800,5091.5,5094.2001953125,5090.89990234375,5091.7998046875
1770910920,5091.60009765625,5094.89990234375,5090.0,5092.60009765625
1770911040,5092.7998046875,5097.39990234375,5092.7998046875,5096.7998046875
1770911160,5097.2998046875,5098.0,5095.89990234375,5096.39990234375
1770911280,5096.7001953125,5097.7998046875,5095.60009765625,5096.2998046875
1770911400,5095.89990234375,5096.7998046875,5092.7998046875,5096.2001953125
1770911520,5096.2001953125,5097.10009765625,5094.5,5096.7001953125
1770911640,5096.10009765625,5096.10009765625,5091.7998046875,5094.5
1770911760,5094.39990234375,5096.10009765625,5093.2998046875,5094.10009765625
1770911880,5094.2001953125,5095.0,5082.7998046875,5083.89990234375
1770912000,5083.5,5087.0,5081.7998046875,5087.0
1770912120,5087.0,5091.39990234375,5081.39990234375,5089.89990234375
1770912240,5089.2998046875,5091.60009765625,5081.7998046875,5082.39990234375
1770912360,5081.7998046875,5083.0,5076.7001953125,5079.39990234375
1770912480,5079.5,5081.0,5072.0,5073.2001953125
1770912600,5073.2001953125,5073.2001953125,5032.2998046875,5038.0
1770912720,5037.2998046875,5037.7998046875,5001.7998046875,5012.60009765625
1770912840,5011.39990234375,5013.2998046875,4965.2998046875,4969.7001953125
1770912960,4968.0,4982.39990234375,4940.7001953125,4942.5
1770913080,4940.89990234375,4963.39990234375,4933.0,4955.89990234375
1770913200,4956.2998046875,4956.5,4933.7998046875,4942.39990234375
1770913320,4942.5,4956.7998046875,4926.0,4948.5
1770913440,4948.2001953125,4952.39990234375,4932.0,4933.39990234375
1770913560,4934.10009765625,4934.7998046875,4906.89990234375,4917.2998046875
1770913680,4917.10009765625,4921.2998046875,4900.0,4919.2001953125
1770913800,4918.0,4951.5,4915.89990234375,4950.39990234375
1770913920,4950.2998046875,4963.39990234375,4947.7998046875,4957.0
1770914040,4957.2001953125,4969.0,4954.0,4961.89990234375
1770914160,4961.7998046875,4975.89990234375,4957.2001953125,4964.5
1770914280,4964.39990234375,4979.60009765625,4963.2998046875,4979.60009765625
1770914400,4978.7998046875,4990.7998046875,4975.39990234375,4984.2998046875
1770914520,4984.2998046875,4985.89990234375,4971.5,4977.2001953125
1770914640,4977.5,4979.7998046875,4967.2998046875,4974.0
1770914760,4974.7998046875,4975.0,4954.2998046875,4959.10009765625
1770914880,4958.89990234375,4968.2001953125,4954.2998046875,4956.2998046875
1770915000,4957.0,4983.60009765625,4957.0,4977.2001953125
1770915120,4977.2998046875,4977.60009765625,4960.0,4963.2001953125
1770915240,4962.2998046875,4968.60009765625,4951.2001953125,4968.5
1770915360,4969.7001953125,4976.2001953125,4967.2998046875,4973.2001953125
1770915480,4973.10009765625,4978.0,4968.89990234375,4976.2998046875
1770915600,4974.5,4980.2998046875,4964.2998046875,4971.60009765625
1770915720,4972.0,4978.0,4969.39990234375,4971.7998046875
1770915840,4973.0,4975.0,4961.39990234375,4962.7998046875
1770915960,4962.5,4988.7998046875,4960.5,4983.60009765625
1770916080,4982.39990234375,4984.39990234375,4972.10009765625,4982.89990234375
1770916200,4982.0,4983.2998046875,4974.7001953125,4979.39990234375
1770916320,4978.89990234375,4982.2001953125,4974.7998046875,4980.39990234375
1770916440,4980.2998046875,4984.5,4978.39990234375,4979.89990234375
1770916560,4978.7998046875,4984.2998046875,4976.2001953125,4979.5
1770916680,4978.89990234375,4987.39990234375,4977.89990234375,4980.39990234375
1770916800,4981.2998046875,4992.2001953125,4981.2998046875,4982.5
1770916920,4982.5,4999.7998046875,4982.5,4998.7001953125
1770917040,4999.0,5002.0,4991.2001953125,4997.0
1770917160,4997.0,4998.60009765625,4991.60009765625,4997.7998046875
1770917280,4997.7998046875,5004.39990234375,4985.5,4985.5
1770917400,4985.2001953125,4986.0,4978.2998046875,4981.0
1770917520,4980.7001953125,4988.7001953125,4978.2001953125,4983.10009765625
1770917640,4983.7998046875,4988.7001953125,4981.5,4987.60009765625
1770917760,4987.2998046875,4989.0,4981.89990234375,4985.0
1770917880,4986.0,4993.0,4984.2001953125,4988.39990234375
1770918000,4988.7001953125,4996.2001953125,4986.7001953125,4988.0
1770918120,4987.0,4987.2998046875,4978.5,4985.5
1770918240,4985.7001953125,4992.0,4975.0,4975.89990234375
1770918360,4976.5,4979.5,4971.7998046875,4976.5
1770918480,4977.2998046875,4979.7998046875,4970.89990234375,4972.10009765625
1770918600,4972.7001953125,4978.2001953125,4967.89990234375,4971.7998046875
1770918720,4970.89990234375,4972.7998046875,4965.60009765625,4966.7998046875
1770918840,4967.7998046875,4971.0,4962.7001953125,4966.5
1770918960,4966.60009765625,4969.39990234375,4963.2998046875,4964.2998046875
1770919080,4965.10009765625,4965.7001953125,4959.89990234375,4961.5
1770919200,4961.7001953125,4964.39990234375,4954.39990234375,4963.7001953125
1770919320,4964.60009765625,4972.0,4952.0,4953.39990234375
1770919440,4953.2001953125,4960.2998046875,4951.2998046875,4958.5
1770919560,4957.0,4958.10009765625,4950.7998046875,4954.5
1770919680,4954.5,4955.5,4941.2998046875,4945.60009765625
1770919800,4945.7998046875,4955.0,4943.60009765625,4954.0
1770919920,4954.7001953125,4955.89990234375,4942.39990234375,4947.10009765625
1770920040,4948.0,4955.7998046875,4946.7001953125,4950.89990234375
1770920160,4951.0,4953.10009765625,4944.2998046875,4945.0
1770920280,4944.89990234375,4945.5,4927.7001953125,4928.60009765625
1770920400,4928.0,4951.60009765625,4926.89990234375,4944.2001953125
1770920520,4942.60009765625,4945.39990234375,4937.60009765625,4938.10009765625
1770920640,4938.5,4942.60009765625,4935.60009765625,4939.10009765625
1770920760,4939.7998046875,4951.0,4939.7998046875,4950.60009765625
1770920880,4951.2998046875,4954.5,4946.0,4948.5
1770921000,4949.2998046875,4953.39990234375,4945.7001953125,4947.0
1770921120,4948.0,4956.5,4946.7998046875,4952.2998046875
1770921240,4952.0,4959.0,4951.10009765625,4956.0
1770921360,4956.7001953125,4958.7998046875,4949.2001953125,4950.60009765625
1770921480,4951.2001953125,4964.60009765625,4950.0,4961.2998046875
1770921600,4961.2998046875,4962.2001953125,4952.60009765625,4958.2998046875
1770921720,4958.2998046875,4966.2998046875,4958.10009765625,4965.0
1770921840,4965.89990234375,4967.0,4955.39990234375,4955.39990234375
1770921960,4956.2001953125,4960.89990234375,4955.39990234375,4959.5
1770922080,4958.7001953125,4962.2001953125,4957.60009765625,4959.2998046875
1770922200,4958.89990234375,4971.2001953125,4958.7998046875,4970.0
1770922320,4970.0,4972.39990234375,4966.2998046875,4968.10009765625
1770922440,4967.60009765625,4968.7001953125,4962.39990234375,4965.89990234375
1770922560,4965.89990234375,4965.89990234375,4956.89990234375,4957.7001953125
1770922680,4957.2998046875,4962.5,4953.7001953125,4955.89990234375
1770922800,4956.10009765625,4957.89990234375,4950.5,4951.89990234375
1770922920,4950.7998046875,4958.5,4947.10009765625,4955.7998046875
1770923040,4955.2001953125,4955.7998046875,4951.89990234375,4955.5
1770923160,4956.10009765625,4957.2998046875,4952.2001953125,4955.89990234375
1770923280,4955.89990234375,4962.0,4955.89990234375,4957.2001953125
1770923400,4956.2998046875,4959.39990234375,4950.5,4950.5
1770923520,4951.7001953125,4955.60009765625,4950.39990234375,4951.7001953125
1770923640,4951.89990234375,4957.2001953125,4951.10009765625,4955.10009765625
1770923760,4955.10009765625,4955.5,4949.60009765625,4952.89990234375
1770923880,4953.60009765625,4964.0,4952.7001953125,4963.0
1770924000,4963.89990234375,4965.0,4959.10009765625,4962.7001953125
1770924120,4962.5,4964.0,4958.2001953125,4962.60009765625
1770924240,4963.10009765625,4963.2001953125,4958.7001953125,4958.7001953125
1770924360,4958.10009765625,4958.10009765625,4954.39990234375,4955.5
1770924480,4955.7001953125,4956.10009765625,4951.39990234375,4951.5
1770924600,4952.10009765625,4958.60009765625,4951.5,4957.7998046875
1770924720,4957.60009765625,4966.10009765625,4957.60009765625,4964.89990234375
1770924840,4965.60009765625,4969.5,4964.60009765625,4968.60009765625
1770924960,4968.5,4971.10009765625,4965.7998046875,4969.39990234375
1770925080,4969.7998046875,4971.2001953125,4966.10009765625,4968.0
1770925200,4967.10009765625,4967.10009765625,4963.7001953125,4964.0
1770925320,4964.39990234375,4969.2998046875,4961.39990234375,4964.7998046875
1770925440,4964.10009765625,4968.0,4963.0,4967.2998046875
1770925560,4968.2001953125,4970.39990234375,4967.39990234375,4969.89990234375
1770925680,4970.0,4977.2998046875,4969.0,4974.10009765625
1770925800,4974.2998046875,4977.89990234375,4973.2001953125,4976.2001953125
1770925920,4977.0,4978.2998046875,4974.2001953125,4976.60009765625
1770926040,4976.60009765625,4976.89990234375,4971.5,4972.2001953125
1770926160,4973.10009765625,4973.7998046875,4968.60009765625,4968.89990234375
1770926280,4968.2001953125,4968.2001953125,4963.89990234375,4965.0
1770926400,4965.2998046875,4968.39990234375,4964.7001953125,4965.2001953125
1770926520,4966.0,4966.5,4960.7001953125,4963.0
1770926640,4964.0,4966.0,4963.7998046875,4966.0
1770926760,4966.0,4966.60009765625,4962.0,4962.5
1770926880,4962.7998046875,4963.0,4959.39990234375,4961.5
1770927000,4960.7001953125,4962.10009765625,4952.0,4959.60009765625
1770927120,4958.89990234375,4962.39990234375,4958.60009765625,4961.10009765625
1770927240,4961.89990234375,4961.89990234375,4956.60009765625,4956.60009765625
1770927360,4956.7001953125,4959.5,4956.0,4957.10009765625
1770927480,4956.39990234375,4958.2001953125,4955.39990234375,4958.2001953125
1770927600,4956.89990234375,4956.89990234375,4952.2001953125,4954.89990234375
1770927720,4955.0,4956.2998046875,4950.60009765625,4951.2001953125
1770927840,4950.89990234375,4950.89990234375,4945.60009765625,4946.60009765625
1770927960,4946.0,4950.7001953125,4945.60009765625,4947.89990234375
1770928080,4947.89990234375,4947.89990234375,4941.39990234375,4943.2998046875
1770928200,4942.5,4942.5,4932.10009765625,4934.10009765625
1770928320,4933.7001953125,4937.2001953125,4931.0,4937.10009765625
1770928440,4938.5,4947.5,4938.5,4947.5
1770928560,4948.5,4948.7001953125,4942.10009765625,4943.60009765625
1770928680,4943.0,4943.5,4937.2001953125,4939.7001953125
1770928800,4940.10009765625,4943.7998046875,4939.5,4942.0
1770928920,4941.39990234375,4941.39990234375,4935.39990234375,4937.10009765625
1770929040,4937.2998046875,4942.7001953125,4937.2998046875,4942.0
1770929160,4941.7001953125,4941.7001953125,4933.10009765625,4934.89990234375
1770929280,4935.7001953125,4941.2998046875,4935.7001953125,4941.2001953125
1770929400,4941.10009765625,4943.0,4932.5,4933.2001953125
1770929520,4933.0,4939.7998046875,4931.2001953125,4938.60009765625
1770929640,4938.39990234375,4945.7998046875,4938.39990234375,4942.0
1770929760,4942.5,4943.7998046875,4933.7998046875,4937.0
1770929880,4936.60009765625,4939.0,4933.10009765625,4935.10009765625
1770930000,4935.7001953125,4937.0,4932.7001953125,4935.7998046875
1770930120,4935.89990234375,4942.2998046875,4935.89990234375,4941.2001953125
1770930240,4940.5,4941.89990234375,4936.89990234375,4938.7998046875
1770930360,4939.0,4939.60009765625,4936.60009765625,4936.60009765625
1770930480,4937.10009765625,4938.0,4932.0,4932.7998046875
1770930600,4933.2001953125,4937.7001953125,4933.2001953125,4937.5
1770930720,4938.0,4943.60009765625,4937.2998046875,4938.0
1770930840,4938.60009765625,4939.0,4936.7001953125,4938.10009765625
1770930960,4938.60009765625,4938.89990234375,4933.39990234375,4938.10009765625
1770931080,4939.10009765625,4942.39990234375,4938.60009765625,4942.2001953125
1770931200,4941.89990234375,4943.60009765625,4939.7998046875,4940.89990234375
1770931320,4940.5,4942.60009765625,4939.10009765625,4941.7998046875
1770931440,4941.0,4945.0,4940.7001953125,4942.7998046875
1770931560,4942.7001953125,4943.39990234375,4941.2998046875,4942.2998046875
1770931680,4942.39990234375,4942.89990234375,4940.5,4940.60009765625
1770931800,4940.2001953125,4943.2001953125,4940.10009765625,4942.60009765625
1770931920,4942.7998046875,4947.0,4941.5,4942.7998046875
1770932040,4943.0,4944.2001953125,4941.39990234375,4941.7998046875
1770932160,4942.0,4943.2998046875,4942.0,4943.2998046875
1770932280,4942.5,4943.60009765625,4941.0,4941.7998046875
1770932400,4941.7998046875,4942.5,4938.0,4938.2998046875
1770932520,4939.7001953125,4939.7001953125,4938.0,4939.39990234375
1770932640,4938.7998046875,4939.60009765625,4937.0,4938.2001953125
1770932760,4937.7998046875,4939.2998046875,4935.7998046875,4939.2998046875
1770932880,4938.39990234375,4939.89990234375,4938.2001953125,4939.39990234375
1770933000,4940.60009765625,4944.2998046875,4940.60009765625,4944.0
1770933120,4943.89990234375,4946.39990234375,4941.0,4945.0
1770933240,4945.5,4947.2998046875,4943.2001953125,4943.7001953125
1770933360,4944.5,4944.5,4941.5,4941.7998046875
1770933480,4941.5,4943.2001953125,4941.0,4941.39990234375
1770937200,4950.0,4951.5,4907.10009765625,4922.60009765625
1770937320,4921.7998046875,4929.0,4914.7998046875,4928.2001953125
1770937440,4928.0,4928.0,4907.5,4914.7998046875
1770937560,4913.89990234375,4926.39990234375,4909.60009765625,4925.10009765625
1770937680,4923.39990234375,4932.0,4921.10009765625,4927.7998046875
1770937800,4928.7998046875,4931.0,4924.89990234375,4926.2001953125
1770937920,4926.10009765625,4930.2001953125,4925.7001953125,4927.2998046875
1770938040,4928.5,4937.39990234375,4928.5,4936.60009765625
1770938160,4936.5,4941.0,4935.7001953125,4939.39990234375
1770938280,4939.60009765625,4946.7998046875,4936.7001953125,4940.2998046875
1770938400,4940.7001953125,4947.10009765625,4938.2001953125,4941.60009765625
1770938520,4938.60009765625,4942.0,4937.60009765625,4941.2001953125
1770938640,4940.5,4945.0,4938.60009765625,4943.89990234375
1770938760,4944.39990234375,4948.10009765625,4942.5,4947.0
1770938880,4947.0,4947.0,4939.0,4940.2998046875
1770939000,4939.2998046875,4939.39990234375,4931.89990234375,4937.60009765625
1770939120,4936.60009765625,4943.5,4936.10009765625,4943.2001953125
1770939240,4942.60009765625,4946.0,4942.10009765625,4942.89990234375
1770939360,4942.39990234375,4943.39990234375,4935.2001953125,4937.89990234375
1770939480,4937.2998046875,4939.5,4926.60009765625,4929.7001953125
1770939600,4930.2001953125,4936.39990234375,4928.7001953125,4930.5
1770939720,4929.89990234375,4933.7001953125,4925.5,4932.10009765625
1770939840,4932.0,4934.5,4924.60009765625,4924.89990234375
1770939960,4924.89990234375,4930.2001953125,4924.7998046875,4928.7001953125
1770940080,4928.39990234375,4932.89990234375,4928.2998046875,4931.7001953125
1770940200,4931.2998046875,4934.60009765625,4930.60009765625,4932.0
1770940320,4932.2998046875,4936.0,4932.2998046875,4933.10009765625
1770940440,4932.7001953125,4936.5,4928.7998046875,4931.2998046875
1770940560,4930.89990234375,4938.0,4930.7998046875,4935.5
1770940680,4933.2998046875,4939.7001953125,4933.2998046875,4939.7001953125
1770940800,4938.5,4940.0,4932.10009765625,4938.89990234375
1770940920,4939.2998046875,4944.2998046875,4938.0,4943.10009765625
1770941040,4943.60009765625,4947.0,4943.60009765625,4946.60009765625
1770941160,4947.0,4959.0,4945.2001953125,4957.39990234375
1770941280,4958.89990234375,4964.60009765625,4958.2998046875,4962.2998046875
1770941400,4962.39990234375,4967.7001953125,4958.89990234375,4961.7998046875
1770941520,4961.7001953125,4964.39990234375,4956.7998046875,4961.2998046875
1770941640,4960.2001953125,4961.39990234375,4955.2998046875,4960.2001953125
1770941760,4960.2998046875,4966.39990234375,4956.39990234375,4961.5
1770941880,4960.7001953125,4963.5,4956.60009765625,4958.7998046875
1770942000,4957.7998046875,4962.2001953125,4957.5,4960.39990234375
1770942120,4959.39990234375,4963.60009765625,4957.5,4963.60009765625
1770942240,4963.10009765625,4963.2998046875,4957.60009765625,4960.60009765625
1770942360,4960.7001953125,4962.39990234375,4952.7998046875,4959.7998046875
1770942480,4958.89990234375,4963.2998046875,4955.39990234375,4955.39990234375
1770942600,4955.60009765625,4965.0,4955.60009765625,4964.5
1770942720,4962.89990234375,4965.0,4959.7001953125,4963.7001953125
1770942840,4963.2998046875,4963.2998046875,4958.39990234375,4959.7001953125
1770942960,4960.0,4962.39990234375,4958.0,4959.5
1770943080,4958.7998046875,4961.2001953125,4957.2001953125,4958.10009765625
1770943200,4957.2998046875,4963.10009765625,4955.60009765625,4957.7998046875
1770943320,4957.7998046875,4959.5,4950.60009765625,4956.39990234375
1770943440,4955.7001953125,4960.0,4951.7998046875,4951.7998046875
1770943560,4951.0,4963.2001953125,4950.2998046875,4960.39990234375
1770943680,4959.0,4959.0,4953.5,4954.60009765625
1770943800,4953.39990234375,4955.2998046875,4948.0,4954.2001953125
1770943920,4954.89990234375,4954.89990234375,4952.10009765625,4952.10009765625
1770944040,4952.7998046875,4954.5,4951.2998046875,4951.39990234375
1770944160,4953.2001953125,4954.7001953125,4951.89990234375,4954.10009765625
1770944280,4953.89990234375,4953.89990234375,4945.2001953125,4946.7001953125
1770944400,4946.7001953125,4974.0,4945.60009765625,4966.39990234375
1770944520,4967.2001953125,4976.0,4964.39990234375,4973.10009765625
1770944640,4973.7001953125,4977.2001953125,4971.7001953125,4973.60009765625
1770944760,4974.7001953125,4981.60009765625,4974.10009765625,4978.39990234375
1770944880,4980.0,4982.2001953125,4976.2998046875,4981.0
1770945000,4981.89990234375,4986.0,4981.5,4985.0
1770945120,4984.7998046875,4986.0,4980.60009765625,4983.5
1770945240,4982.7001953125,4989.0,4982.0,4988.5
1770945360,4987.7998046875,4987.7998046875,4980.7001953125,4985.7001953125
1770945480,4984.5,4992.10009765625,4984.5,4989.7001953125
1770945600,4989.5,4993.2998046875,4989.2001953125,4990.5
1770945720,4990.39990234375,4998.89990234375,4990.0,4993.0
1770945840,4993.39990234375,4993.39990234375,4984.89990234375,4984.89990234375
1770945960,4985.5,4986.5,4984.0,4985.2998046875
1770946080,4986.0,4991.0,4985.2001953125,4988.5
1770946200,4987.7001953125,4989.2998046875,4983.2001953125,4989.0
1770946320,4989.7998046875,4994.0,4989.7998046875,4990.60009765625
1770946440,4991.89990234375,4993.2001953125,4988.7998046875,4990.2998046875
1770946560,4990.0,4993.2998046875,4983.2998046875,4985.2998046875
1770946680,4985.7998046875,4989.0,4983.0,4989.0
1770946800,4989.5,4997.10009765625,4989.5,4996.89990234375
1770946920,4997.2998046875,5001.2998046875,4995.7001953125,5000.2998046875
1770947040,5000.2998046875,5002.2998046875,4998.0,5000.60009765625
1770947160,5000.2001953125,5001.0,4994.10009765625,5000.10009765625
1770947280,5000.10009765625,5007.60009765625,4998.7998046875,5005.2001953125
1770947400,5005.89990234375,5007.7998046875,5003.10009765625,5004.2001953125
1770947520,5005.39990234375,5005.39990234375,4997.2998046875,4997.39990234375
1770947640,4997.2998046875,5002.39990234375,4995.39990234375,5000.60009765625
1770947760,5001.2001953125,5003.39990234375,4999.2001953125,5001.2001953125
1770947880,5001.10009765625,5001.7998046875,4995.0,4999.7998046875
1770948000,5000.2998046875,5000.2998046875,4995.0,4997.89990234375
1770948120,4997.89990234375,4999.2998046875,4993.7998046875,4996.0
1770948240,4996.2001953125,5003.89990234375,4995.89990234375,5002.2998046875
1770948360,5002.2998046875,5002.2998046875,4995.39990234375,4996.7001953125
1770948480,4996.10009765625,4997.10009765625,4994.89990234375,4995.7001953125
1770948600,4996.0,4997.60009765625,4991.10009765625,4994.89990234375
1770948720,4997.10009765625,5001.60009765625,4997.10009765625,4999.5
1770948840,4998.7001953125,4998.7001953125,4994.89990234375,4995.60009765625
1770948960,4996.0,4999.89990234375,4994.7998046875,4998.39990234375
1770949080,4998.10009765625,4998.7001953125,4996.39990234375,4996.60009765625
1770949200,4997.39990234375,5003.0,4996.39990234375,5000.7001953125
1770949320,5001.2998046875,5003.0,5001.2001953125,5002.0
1770949440,5001.39990234375,5003.89990234375,4998.5,5003.7998046875
1770949560,5002.60009765625,5002.7001953125,5000.7001953125,5002.5
1770949680,5002.5,5005.2001953125,5002.0,5005.2001953125
1770949800,5004.60009765625,5008.39990234375,5003.5,5005.89990234375
1770949920,5005.89990234375,5006.5,4998.39990234375,5000.39990234375
1770950040,5000.2001953125,5003.7001953125,4998.2998046875,4999.10009765625
1770950160,4998.39990234375,5002.7001953125,4998.2001953125,5001.60009765625
1770950280,5001.60009765625,5002.60009765625,4999.5,5000.2001953125
1770950400,4999.0,4999.0,4992.0,4995.60009765625
1770950520,4995.7001953125,5001.5,4993.39990234375,4997.2001953125
1770950640,4996.7001953125,5006.5,4995.89990234375,5000.5
1770950760,5000.39990234375,5000.39990234375,4993.7001953125,4996.7998046875
1770950880,4995.60009765625,4995.60009765625,4991.0,4995.39990234375
1770951000,4996.10009765625,5002.39990234375,4994.39990234375,4999.60009765625
1770951120,4999.5,5001.89990234375,4998.0,5000.2998046875
1770951240,5000.5,5010.0,5000.2001953125,5009.2998046875
1770951360,5009.2001953125,5011.0,5004.60009765625,5006.39990234375
1770951480,5006.5,5009.0,5002.7998046875,5008.0
1770951600,5007.7998046875,5008.5,5003.2001953125,5003.2001953125
1770951720,5003.2001953125,5006.5,5002.7998046875,5005.39990234375
1770951840,5006.2998046875,5006.2998046875,5000.10009765625,5001.7001953125
1770951960,5001.7001953125,5005.5,5000.7998046875,5005.2998046875
1770952080,5005.39990234375,5006.0,4999.0,5000.10009765625
1770952200,4999.7998046875,5005.39990234375,4999.7998046875,5001.0
1770952320,5000.89990234375,5002.7001953125,5000.89990234375,5002.5
1770952440,5001.89990234375,5003.7001953125,4999.2001953125,5002.7001953125
1770952560,5002.2998046875,5002.2998046875,4997.2998046875,4999.0
1770952680,4998.39990234375,4999.60009765625,4996.89990234375,4997.89990234375
1770952800,4997.2998046875,4998.39990234375,4992.0,4993.89990234375
1770952920,4994.7001953125,4995.0,4992.7001953125,4994.0
1770953040,4993.60009765625,4998.10009765625,4992.60009765625,4996.7001953125
1770953160,4997.5,4998.7998046875,4996.39990234375,4997.0
1770953280,4998.2998046875,4999.2998046875,4995.10009765625,4996.2998046875
1770953400,4996.60009765625,5002.5,4996.60009765625,5001.2001953125
1770953520,5001.5,5001.7001953125,4996.89990234375,4997.2001953125
1770953640,4996.89990234375,4997.7998046875,4994.89990234375,4995.10009765625
1770953760,4996.2001953125,4996.60009765625,4994.89990234375,4996.60009765625
1770953880,4996.7001953125,4998.0,4996.2001953125,4998.0
1770954000,4998.0,4998.89990234375,4993.7001953125,4995.2998046875
1770954120,4995.89990234375,4996.5,4994.89990234375,4995.2001953125
1770954240,4994.60009765625,4998.5,4994.60009765625,4998.5
1770954360,4997.2001953125,4997.60009765625,4995.2998046875,4996.7001953125
1770954480,4996.89990234375,4996.89990234375,4996.5,4996.60009765625
1770954600,4996.0,4997.2998046875,4994.39990234375,4996.39990234375
1770954720,4996.5,5000.10009765625,4995.5,4999.89990234375
1770954840,4998.0,5003.39990234375,4997.7998046875,5003.2998046875
1770954960,5002.5,5002.5,5000.0,5000.5
1770955080,5000.7001953125,5002.2998046875,5000.39990234375,5001.60009765625
1770955200,5000.0,5000.60009765625,4999.7001953125,5000.0
1770955320,4999.5,5000.39990234375,4997.10009765625,4997.2998046875
1770955440,4998.0,5000.2001953125,4996.7998046875,5000.2001953125
1770955560,4999.5,5004.60009765625,4998.10009765625,5000.89990234375
1770955680,4999.60009765625,5001.39990234375,4995.39990234375,4996.7001953125
1770955800,4995.2001953125,5001.89990234375,4994.5,5001.89990234375
1770955920,5000.39990234375,5006.2001953125,4999.7998046875,5005.0
1770956040,5004.7998046875,5009.0,5003.7998046875,5008.2998046875
1770956160,5008.7001953125,5016.39990234375,5007.39990234375,5013.7998046875
1770956280,5013.2001953125,5013.2001953125,5011.0,5011.7998046875
1770956400,5012.2001953125,5012.89990234375,5009.2001953125,5010.0
1770956520,5010.39990234375,5010.39990234375,5008.0,5008.5
1770956640,5009.7998046875,5010.2001953125,5007.5,5010.10009765625
1770956760,5010.0,5010.0,5005.7998046875,5007.10009765625
1770956880,5006.2998046875,5006.2998046875,5003.60009765625,5004.10009765625
1770957000,5004.60009765625,5005.0,5002.7001953125,5004.89990234375
1770957120,5004.2001953125,5004.39990234375,5002.0,5002.0
1770957240,5002.60009765625,5003.60009765625,5001.7001953125,5001.7001953125
1770957360,5001.2998046875,5002.89990234375,5000.0,5000.7998046875
1770957480,5000.60009765625,5002.10009765625,4998.2001953125,4999.10009765625
1770957600,4998.5,5000.0,4998.5,4999.0
1770957720,4999.10009765625,4999.10009765625,4994.39990234375,4994.7001953125
1770957840,4994.7001953125,4997.2001953125,4994.5,4997.0
1770957960,4996.7001953125,4997.0,4994.7998046875,4994.7998046875
1770958080,4995.0,4995.89990234375,4992.60009765625,4992.60009765625
1770958200,4993.5,4995.0,4991.7001953125,4994.10009765625
1770958320,4993.2998046875,4995.39990234375,4993.10009765625,4994.39990234375
1770958440,4994.0,4995.5,4993.7001953125,4995.39990234375
1770958560,4995.60009765625,4996.2998046875,4994.5,4995.2998046875
1770958680,4995.0,4995.0,4994.0,4994.0
1770958800,4996.10009765625,4999.0,4995.7998046875,4997.7998046875
1770958920,4998.5,4999.89990234375,4998.0,4999.89990234375
1770959040,5000.0,5001.39990234375,4995.60009765625,4995.60009765625
1770959160,4995.2001953125,4996.60009765625,4993.10009765625,4995.7998046875
1770959280,4996.10009765625,4997.60009765625,4995.5,4996.60009765625
1770959400,4996.60009765625,4996.60009765625,4995.2998046875,4995.89990234375
1770959520,4995.10009765625,4998.0,4995.0,4996.0
1770959640,4996.39990234375,4998.39990234375,4995.7998046875,4997.89990234375
1770959760,4998.0,4998.60009765625,4992.89990234375,4993.2998046875
1770959880,4993.5,4994.39990234375,4984.10009765625,4992.0
1770960000,4991.7001953125,4999.0,4991.7001953125,4999.0
1770960120,4998.7998046875,5003.0,4997.10009765625,4997.10009765625
1770960240,4997.10009765625,5003.60009765625,4995.5,5002.5
1770960360,5002.5,5005.0,5002.10009765625,5003.60009765625
1770960480,5003.10009765625,5005.39990234375,4998.0,4999.2001953125
1770960600,4999.10009765625,4999.10009765625,4988.5,4991.89990234375
1770960720,4991.5,4992.0,4986.39990234375,4988.5
1770960840,4988.2998046875,4989.2001953125,4985.7001953125,4988.10009765625
1770960960,4987.60009765625,4993.2001953125,4987.2998046875,4989.5
1770961080,4989.5,4992.7998046875,4989.39990234375,4991.89990234375
1770961200,4992.7001953125,4993.10009765625,4989.89990234375,4991.5
1770961320,4990.89990234375,4991.0,4978.0,4982.7998046875
1770961440,4982.2001953125,4985.0,4975.39990234375,4978.2998046875
1770961560,4977.5,4979.2001953125,4975.10009765625,4978.5
1770961680,4979.7998046875,4982.5,4978.7998046875,4980.7001953125
1770961800,4980.7998046875,4981.2001953125,4978.2001953125,4979.10009765625
1770961920,4979.39990234375,4979.39990234375,4972.39990234375,4975.0
1770962040,4975.7001953125,4977.2001953125,4968.0,4969.10009765625
1770962160,4969.5,4974.10009765625,4968.0,4973.7001953125
1770962280,4974.0,4974.0,4963.2001953125,4965.39990234375
1770962400,4964.60009765625,4972.2001953125,4964.39990234375,4970.7998046875
1770962520,4971.10009765625,4975.60009765625,4971.10009765625,4972.7998046875
1770962640,4972.7998046875,4973.0,4965.39990234375,4967.2998046875
1770962760,4967.10009765625,4973.0,4965.2001953125,4971.2001953125
1770962880,4971.5,4979.2998046875,4971.39990234375,4978.5
1770963000,4979.10009765625,4980.89990234375,4976.60009765625,4979.60009765625
1770963120,4976.89990234375,4978.7001953125,4973.2998046875,4974.39990234375
1770963240,4974.7998046875,4980.10009765625,4974.7998046875,4979.5
1770963360,4979.0,4979.0,4974.2001953125,4976.10009765625
1770963480,4976.0,4976.10009765625,4970.7001953125,4971.7001953125
1770963600,4971.7998046875,4974.60009765625,4971.7998046875,4973.39990234375
1770963720,4973.60009765625,4975.10009765625,4969.0,4971.39990234375
1770963840,4972.89990234375,4974.2998046875,4969.60009765625,4970.89990234375
1770963960,4970.2001953125,4976.60009765625,4968.0,4973.89990234375
1770964080,4974.0,4974.60009765625,4970.89990234375,4972.39990234375
1770964200,4971.2998046875,4971.89990234375,4969.39990234375,4971.7998046875
1770964320,4972.39990234375,4979.10009765625,4972.39990234375,4978.2998046875
1770964440,4979.2998046875,4980.7001953125,4978.7001953125,4979.2001953125
1770964560,4978.39990234375,4979.5,4975.0,4977.10009765625
1770964680,4976.7001953125,4978.2001953125,4973.39990234375,4973.39990234375
1770964800,4972.7998046875,4979.60009765625,4972.7998046875,4979.60009765625
1770964920,4979.2001953125,4980.0,4974.0,4974.7998046875
1770965040,4973.7998046875,4974.60009765625,4970.10009765625,4970.89990234375
1770965160,4970.89990234375,4975.39990234375,4969.10009765625,4970.7001953125
1770965280,4970.5,4977.10009765625,4969.7001953125,4977.10009765625
1770965400,4977.39990234375,4978.2998046875,4974.60009765625,4976.7998046875
1770965520,4976.60009765625,4977.39990234375,4974.60009765625,4975.7998046875
1770965640,4976.39990234375,4980.0,4974.0,4975.2001953125
1770965760,4974.10009765625,4982.60009765625,4973.0,4982.60009765625
1770965880,4982.7998046875,4988.0,4982.39990234375,4986.7001953125
1770966000,4985.89990234375,4985.89990234375,4975.0,4977.39990234375
1770966120,4975.7001953125,4978.5,4975.0,4978.2001953125
1770966240,4977.2998046875,4986.7998046875,4977.10009765625,4985.60009765625
1770966360,4985.5,4987.5,4982.39990234375,4982.39990234375
1770966480,4983.2998046875,4984.0,4977.0,4977.5
1770966600,4976.2998046875,4976.7998046875,4970.0,4974.60009765625
1770966720,4974.60009765625,4979.5,4974.39990234375,4976.7998046875
1770966840,4974.89990234375,4982.7998046875,4974.7001953125,4982.7001953125
1770966960,4981.89990234375,4990.0,4981.89990234375,4987.2998046875
1770967080,4987.60009765625,4996.0,4986.10009765625,4993.2998046875
1770967200,4993.2998046875,4993.5,4987.89990234375,4989.7001953125
1770967320,4988.89990234375,4990.39990234375,4986.89990234375,4989.5
1770967440,4988.7998046875,4989.60009765625,4983.89990234375,4985.7001953125
1770967560,4985.89990234375,4990.39990234375,4985.89990234375,4987.7001953125
1770967680,4987.5,4988.10009765625,4987.10009765625,4987.39990234375
1770967800,4988.0,4990.89990234375,4985.2998046875,4990.2998046875
1770967920,4990.2998046875,4993.0,4988.10009765625,4989.89990234375
1770968040,4991.7001953125,4998.39990234375,4991.2998046875,4998.2001953125
1770968160,4998.7001953125,5000.7001953125,4996.5,4999.39990234375
1770968280,5000.0,5001.89990234375,4997.2001953125,4998.0
1770968400,4998.10009765625,4999.10009765625,4995.10009765625,4995.10009765625
1770968520,4995.39990234375,4995.89990234375,4987.7001953125,4990.60009765625
1770968640,4991.0,4991.2001953125,4988.7998046875,4989.7001953125
1770968760,4990.2998046875,4993.5,4988.60009765625,4993.5
1770968880,4993.39990234375,4996.10009765625,4992.0,4994.2998046875
1770969000,4994.10009765625,4994.5,4990.7998046875,4993.5
1770969120,4994.7998046875,4996.89990234375,4992.7001953125,4992.7001953125
1770969240,4992.5,5001.60009765625,4992.2001953125,4997.5
1770969360,4997.5,4997.5,4992.39990234375,4993.0
1770969480,4992.10009765625,4995.7001953125,4990.7001953125,4994.60009765625
1770969600,4995.0,4996.2001953125,4991.2001953125,4995.39990234375
1770969720,4994.89990234375,4996.39990234375,4992.7001953125,4995.39990234375
1770969840,4995.2001953125,4999.7998046875,4994.39990234375,4998.7998046875
1770969960,4998.60009765625,5006.2998046875,4998.60009765625,5003.2001953125
1770970080,5003.5,5007.2998046875,5000.0,5005.60009765625
1770970200,5005.2001953125,5009.5,5003.89990234375,5003.89990234375
1770970320,5003.2001953125,5003.60009765625,4999.5,5000.89990234375
1770970440,5002.2998046875,5003.7001953125,4998.10009765625,5001.7001953125
1770970560,5001.7001953125,5003.0,4999.89990234375,4999.89990234375
1770970680,4999.2998046875,5000.89990234375,4996.2998046875,4997.89990234375
1770970800,4998.60009765625,5005.10009765625,4997.2001953125,5005.10009765625
1770970920,5005.0,5005.89990234375,5002.5,5002.5
1770971040,5002.7001953125,5002.7001953125,4997.10009765625,5001.10009765625
1770971160,5002.0,5002.39990234375,4997.10009765625,5001.39990234375
1770971280,5001.39990234375,5004.39990234375,5001.39990234375,5001.7998046875
1770971400,5001.89990234375,5002.2998046875,4998.2001953125,5001.7001953125
1770971520,5000.7001953125,5002.60009765625,4998.2998046875,4998.5
1770971640,4998.89990234375,5003.10009765625,4998.89990234375,5003.10009765625
1770971760,5003.10009765625,5003.10009765625,4999.2001953125,5001.2001953125
1770971880,5001.0,5005.39990234375,5000.7001953125,5000.7001953125
1770972000,5001.2001953125,5005.0,5001.2001953125,5002.0
1770972120,5003.0,5004.89990234375,5001.7998046875,5004.2001953125
1770972240,5003.7001953125,5005.2001953125,5002.5,5003.5
1770972360,5002.7998046875,5006.60009765625,5000.89990234375,5004.2998046875
1770972480,5004.2998046875,5005.5,4998.7001953125,4998.7001953125
1770972600,4998.60009765625,4999.60009765625,4990.0,4999.60009765625
1770972720,4999.2998046875,5000.60009765625,4995.39990234375,4999.2001953125
1770972840,5001.0,5003.0,4998.89990234375,5000.7998046875
1770972960,5001.2998046875,5002.0,4998.0,5001.39990234375
1770973080,5001.2998046875,5003.10009765625,5001.2001953125,5001.89990234375
1770973200,5002.7998046875,5002.7998046875,5000.10009765625,5000.5
1770973320,5000.10009765625,5000.89990234375,4996.0,4997.10009765625
1770973440,4997.7998046875,5000.0,4997.7998046875,4999.10009765625
1770973560,4998.39990234375,4999.89990234375,4997.10009765625,4999.39990234375
1770973680,4998.5,4999.0,4997.10009765625,4998.0
1770973800,4997.7001953125,5000.89990234375,4997.60009765625,4998.7001953125
1770973920,4998.2001953125,5002.10009765625,4998.0,5000.2001953125
1770974040,4999.7998046875,5000.2998046875,4995.7998046875,4998.2998046875
1770974160,4998.89990234375,5000.7998046875,4993.0,4996.10009765625
1770974280,4996.10009765625,4998.89990234375,4992.5,4998.89990234375
1770974400,4999.5,5001.60009765625,4998.89990234375,5000.10009765625
1770974520,5000.0,5000.2001953125,4995.2998046875,4997.10009765625
1770974640,4997.7998046875,4998.60009765625,4992.5,4995.60009765625
1770974760,4995.10009765625,4996.39990234375,4992.7001953125,4993.0
1770974880,4992.60009765625,4993.2001953125,4984.0,4984.89990234375
1770975000,4984.0,4988.7998046875,4981.2001953125,4987.0
1770975120,4987.89990234375,4990.7998046875,4985.7001953125,4990.5
1770975240,4990.60009765625,4991.89990234375,4988.39990234375,4989.0
1770975360,4988.2998046875,4989.39990234375,4985.10009765625,4987.39990234375
1770975480,4986.60009765625,4987.10009765625,4984.5,4984.5
1770975600,4985.2001953125,4990.5,4985.0,4990.39990234375
1770975720,4989.89990234375,4994.39990234375,4988.7998046875,4990.0
1770975840,4989.7998046875,4994.39990234375,4988.7998046875,4992.0
1770975960,4992.10009765625,4995.10009765625,4991.0,4994.5
1770976080,4995.0,4997.0,4992.2998046875,4993.10009765625
1770976200,4994.0,4994.10009765625,4991.60009765625,4992.7998046875
1770976320,4991.7998046875,4995.7998046875,4991.7998046875,4992.60009765625
1770976440,4991.89990234375,4993.0,4990.7998046875,4990.7998046875
1770976560,4990.39990234375,4994.89990234375,4990.2001953125,4992.7001953125
1770976680,4992.60009765625,4994.7001953125,4988.89990234375,4990.10009765625
1770976800,4990.0,4990.89990234375,4987.39990234375,4988.60009765625
1770976920,4988.2998046875,4989.2001953125,4987.7001953125,4988.2001953125
1770977040,4988.5,4996.39990234375,4988.5,4993.2001953125
1770977160,4993.7001953125,4995.10009765625,4990.7001953125,4992.39990234375
1770977280,4991.7001953125,4995.0,4990.10009765625,4992.5
1770977400,4992.10009765625,4997.7001953125,4990.7001953125,4996.0
1770977520,4995.7998046875,4998.0,4993.10009765625,4995.60009765625
1770977640,4995.60009765625,4995.7998046875,4991.2001953125,4994.0
1770977760,4993.89990234375,4996.2998046875,4992.5,4992.7998046875
1770977880,4992.5,4993.39990234375,4986.7998046875,4986.7998046875
1770978000,4987.2001953125,4993.39990234375,4987.2001953125,4992.89990234375
1770978120,4992.2001953125,4992.2001953125,4989.2001953125,4989.7001953125
1770978240,4989.7001953125,4994.7001953125,4989.10009765625,4994.5
1770978360,4994.5,4999.10009765625,4992.89990234375,4998.7998046875
1770978480,4999.0,5000.89990234375,4997.2001953125,4997.2001953125
1770978600,4998.2001953125,4998.5,4995.5,4996.2998046875
1770978720,4996.2998046875,4997.10009765625,4991.10009765625,4991.10009765625
1770978840,4991.39990234375,4992.0,4989.2998046875,4991.60009765625
1770978960,4990.7998046875,4992.0,4989.60009765625,4991.5
1770979080,4991.0,4991.2998046875,4989.7998046875,4990.2998046875
1770979200,4990.7001953125,4991.7001953125,4988.7001953125,4989.0
1770979320,4988.5,4991.60009765625,4988.10009765625,4990.60009765625
1770979440,4990.5,4990.7001953125,4988.5,4990.7001953125
1770979560,4990.2998046875,4990.39990234375,4983.7998046875,4983.89990234375
1770979680,4983.60009765625,4986.7001953125,4978.0,4983.39990234375
1770979800,4983.7998046875,4987.2998046875,4983.2998046875,4986.39990234375
1770979920,4986.5,4988.0,4982.2998046875,4983.2001953125
1770980040,4983.2998046875,4984.10009765625,4981.7998046875,4983.2001953125
1770980160,4982.5,4982.5,4973.60009765625,4975.2998046875
1770980280,4975.0,4976.7001953125,4967.2001953125,4970.7998046875
1770980400,4970.7998046875,4972.39990234375,4964.39990234375,4969.7001953125
1770980520,4969.7001953125,4970.60009765625,4966.0,4970.0
1770980640,4970.2001953125,4970.7998046875,4961.0,4963.7001953125
1770980760,4962.7998046875,4968.7001953125,4962.10009765625,4963.7001953125
1770980880,4963.7998046875,4969.0,4961.39990234375,4966.7998046875
1770981000,4966.7998046875,4968.7001953125,4964.0,4968.5
1770981120,4968.5,4974.2001953125,4968.0,4969.2001953125
1770981240,4969.10009765625,4972.2001953125,4968.39990234375,4969.5
1770981360,4970.0,4971.10009765625,4965.7998046875,4966.0
1770981480,4966.2001953125,4969.2001953125,4965.0,4968.39990234375
1770981600,4969.0,4972.2998046875,4968.39990234375,4969.39990234375
1770981720,4969.60009765625,4969.60009765625,4965.39990234375,4965.60009765625
1770981840,4965.5,4966.0,4952.7998046875,4957.89990234375
1770981960,4958.0,4961.0,4954.0,4959.89990234375
1770982080,4960.7998046875,4965.10009765625,4960.7998046875,4965.0
1770982200,4965.60009765625,4965.7001953125,4955.5,4956.89990234375
1770982320,4957.0,4958.10009765625,4955.2998046875,4956.89990234375
1770982440,4957.60009765625,4967.39990234375,4957.2001953125,4966.89990234375
1770982560,4967.7001953125,4968.60009765625,4965.5,4968.60009765625
1770982680,4967.7001953125,4967.7998046875,4961.7001953125,4964.10009765625
1770982800,4963.2998046875,4967.7998046875,4962.39990234375,4967.2001953125
1770982920,4966.60009765625,4968.7998046875,4963.2998046875,4965.0
1770983040,4964.7001953125,4964.7001953125,4960.7001953125,4961.7001953125
1770983160,4960.60009765625,4963.89990234375,4959.2998046875,4962.5
1770983280,4962.7998046875,4965.0,4962.0,4963.60009765625
1770983400,4964.39990234375,4968.2001953125,4960.7001953125,4967.2001953125
1770983520,4966.2001953125,4967.89990234375,4964.60009765625,4967.60009765625
1770983640,4968.39990234375,4973.39990234375,4968.39990234375,4972.2998046875
1770983760,4972.10009765625,4972.39990234375,4969.89990234375,4970.0
1770983880,4970.2001953125,4975.0,4970.2001953125,4973.39990234375
1770984000,4973.10009765625,4978.10009765625,4972.2001953125,4975.89990234375
1770984120,4975.60009765625,4979.2998046875,4971.7998046875,4979.2998046875
1770984240,4978.10009765625,4979.60009765625,4976.5,4977.2998046875
1770984360,4977.0,4982.5,4976.60009765625,4981.39990234375
1770984480,4980.7998046875,4983.60009765625,4976.5,4976.5
1770984600,4976.60009765625,4980.7998046875,4973.2998046875,4976.7998046875
1770984720,4976.5,4984.0,4974.7001953125,4983.7001953125
1770984840,4982.89990234375,4986.7001953125,4982.60009765625,4985.2001953125
1770984960,4985.2001953125,4988.7998046875,4984.89990234375,4987.60009765625
1770985080,4988.10009765625,4989.10009765625,4986.10009765625,4987.7001953125
1770985200,4987.5,4991.39990234375,4987.10009765625,4990.5
1770985320,4990.60009765625,4993.0,4989.7001953125,4990.89990234375
1770985440,4991.60009765625,4992.2001953125,4988.2001953125,4989.2998046875
1770985560,4989.7001953125,4992.60009765625,4989.2001953125,4990.7001953125
1770985680,4990.0,4990.0,4986.39990234375,4987.5
1770985800,4987.7001953125,4987.7001953125,4983.60009765625,4986.5
1770985920,4986.60009765625,4988.39990234375,4984.7001953125,4986.89990234375
1770986040,4987.2001953125,4993.60009765625,4987.2001953125,4992.60009765625
1770986160,4993.2998046875,4993.7998046875,4987.60009765625,4988.60009765625
1770986280,4987.7998046875,4989.39990234375,4987.7998046875,4989.39990234375
1770986400,4989.5,4992.2998046875,4987.5,4989.2998046875
1770986520,4989.2998046875,4990.39990234375,4988.0,4988.2001953125
1770986640,4988.5,4988.5,4984.7998046875,4986.7001953125
1770986760,4986.89990234375,4989.0,4985.2001953125,4986.2998046875
1770986880,4986.7001953125,4992.5,4986.39990234375,4990.5
1770987000,4990.7001953125,4991.0,4987.2998046875,4987.89990234375
1770987120,4988.2998046875,4988.39990234375,4983.7001953125,4988.0
1770987240,4988.0,4992.60009765625,4988.0,4992.2001953125
1770987360,4993.0,4994.0,4987.60009765625,4987.60009765625
1770987480,4988.0,4989.2001953125,4986.60009765625,4988.7998046875
1770987600,4990.0,4996.2998046875,4990.0,4992.10009765625
1770987720,4992.89990234375,4994.39990234375,4990.2001953125,4991.39990234375
1770987840,4991.10009765625,4992.2998046875,4989.60009765625,4989.7998046875
1770987960,4990.0,4990.10009765625,4985.0,4988.5
1770988080,4989.0,4990.60009765625,4987.60009765625,4988.89990234375
1770988200,4988.7001953125,4989.89990234375,4986.7998046875,4988.5
1770988320,4988.5,4988.60009765625,4986.7001953125,4987.2001953125
1770988440,4987.2001953125,4988.89990234375,4986.0,4987.10009765625
1770988560,4986.89990234375,4987.7998046875,4984.2001953125,4985.10009765625
1770988680,4985.0,4986.10009765625,4980.2998046875,4982.2001953125
1770988800,4982.60009765625,4984.2998046875,4977.10009765625,4978.7001953125
1770988920,4979.10009765625,4986.7001953125,4979.10009765625,4986.7001953125
1770989040,4987.39990234375,4991.10009765625,4985.2001953125,4987.39990234375
1770989160,4988.2998046875,4989.7998046875,4984.2001953125,4988.2998046875
1770989280,4988.89990234375,4989.2001953125,4987.0,4988.2001953125
1770989400,4988.2001953125,5024.5,4987.0,5010.5
1770989520,5010.2001953125,5011.7998046875,5001.2001953125,5007.0
1770989640,5006.2998046875,5017.2998046875,5005.2001953125,5011.7998046875
1770989760,5011.7998046875,5013.5,5004.7998046875,5009.10009765625
1770989880,5009.10009765625,5016.0,5006.39990234375,5013.7998046875
1770990000,5011.89990234375,5012.5,5004.2001953125,5009.5
1770990120,5008.60009765625,5015.0,5007.2998046875,5014.7998046875
1770990240,5015.10009765625,5015.7001953125,5001.2001953125,5001.5
1770990360,5001.7001953125,5006.0,4994.5,4994.5
1770990480,4995.2998046875,5002.7001953125,4993.5,5002.39990234375
1770990600,5003.2001953125,5008.5,4997.0,4999.0
1770990720,4999.10009765625,5007.7001953125,4995.5,5007.2998046875
1770990840,5007.60009765625,5013.0,5006.7001953125,5012.7998046875
1770990960,5012.89990234375,5013.89990234375,5006.89990234375,5008.10009765625
1770991080,5008.39990234375,5009.39990234375,5005.60009765625,5008.39990234375
1770991200,5007.2001953125,5014.10009765625,5006.7001953125,5012.10009765625
1770991320,5012.2001953125,5017.0,5010.0,5014.60009765625
1770991440,5014.7998046875,5019.0,5012.2001953125,5018.2998046875
1770991560,5018.5,5018.5,5008.0,5008.89990234375
1770991680,5009.10009765625,5012.89990234375,5006.10009765625,5012.10009765625
1770991800,5012.0,5015.7001953125,5010.7998046875,5014.0
1770991920,5014.60009765625,5022.0,5013.39990234375,5020.39990234375
1770992040,5020.10009765625,5029.5,5016.39990234375,5018.2001953125
1770992160,5018.0,5023.7998046875,5017.2998046875,5023.2001953125
1770992280,5023.39990234375,5027.2001953125,5021.7998046875,5024.7998046875
1770992400,5025.10009765625,5029.5,5021.0,5027.2001953125
1770992520,5027.5,5027.5,5020.7001953125,5025.5
1770992640,5024.60009765625,5026.7001953125,5020.89990234375,5026.0
1770992760,5026.0,5027.39990234375,5022.5,5027.0
1770992880,5026.5,5026.5,5022.2998046875,5024.10009765625
1770993000,5024.5,5026.0,5015.5,5023.39990234375
1770993120,5022.2998046875,5036.7001953125,5020.0,5029.39990234375
1770993240,5029.39990234375,5033.2001953125,5025.5,5029.7001953125
1770993360,5030.2998046875,5032.0,5016.10009765625,5016.7001953125
1770993480,5016.0,5020.2001953125,5008.10009765625,5009.10009765625
1770993600,5009.5,5010.0,4986.10009765625,4987.39990234375
1770993720,4987.7998046875,5005.2001953125,4986.5,5004.89990234375
1770993840,5005.39990234375,5020.7998046875,5001.5,5019.89990234375
1770993960,5019.2001953125,5026.2001953125,5016.39990234375,5023.10009765625
1770994080,5022.7001953125,5028.60009765625,5016.2998046875,5018.89990234375
1770994200,5019.2998046875,5019.2998046875,5010.0,5019.0
1770994320,5019.0,5021.2998046875,5012.2998046875,5013.7001953125
1770994440,5013.5,5027.60009765625,5012.5,5025.0
1770994560,5026.0,5027.5,5010.60009765625,5013.89990234375
1770994680,5014.2998046875,5021.0,5013.7998046875,5017.39990234375
1770994800,5017.39990234375,5027.7998046875,5015.0,5024.60009765625
1770994920,5023.60009765625,5027.0,5016.5,5016.5
1770995040,5016.0,5022.7998046875,5014.0,5018.60009765625
1770995160,5018.7998046875,5025.0,5018.60009765625,5023.89990234375
1770995280,5024.60009765625,5034.2998046875,5024.60009765625,5032.7001953125
1770995400,5032.0,5033.60009765625,5028.0,5030.7998046875
1770995520,5030.7998046875,5030.7998046875,5022.10009765625,5023.2998046875
1770995640,5024.0,5028.89990234375,5023.2998046875,5027.60009765625
1770995760,5026.7998046875,5026.7998046875,5019.0,5020.0
1770995880,5019.89990234375,5022.0,5015.7001953125,5019.7001953125
1770996000,5020.10009765625,5024.7998046875,5016.0,5018.7998046875
1770996120,5018.39990234375,5022.7001953125,5017.39990234375,5021.7998046875
1770996240,5022.7001953125,5026.2001953125,5022.0,5026.10009765625
1770996360,5025.2001953125,5031.2998046875,5020.89990234375,5031.2998046875
1770996480,5030.5,5034.39990234375,5029.39990234375,5032.2998046875
1770996600,5032.0,5034.0,5029.2998046875,5030.60009765625
1770996720,5030.39990234375,5033.7998046875,5028.39990234375,5031.2001953125
1770996840,5031.89990234375,5033.89990234375,5028.89990234375,5032.89990234375
1770996960,5032.7998046875,5043.2998046875,5032.2001953125,5038.0
1770997080,5037.7001953125,5037.7001953125,5029.0,5030.10009765625
1770997200,5029.0,5032.5,5026.89990234375,5030.7998046875
1770997320,5031.5,5035.2001953125,5026.7998046875,5032.5
1770997440,5033.0,5033.0,5026.39990234375,5032.2998046875
1770997560,5031.5,5032.10009765625,5018.10009765625,5019.7001953125
1770997680,5019.5,5021.2001953125,5011.2001953125,5016.7998046875
1770997800,5016.2998046875,5022.0,5015.5,5019.89990234375
1770997920,5020.5,5021.2998046875,5006.7001953125,5007.2998046875
1770998040,5007.39990234375,5010.0,5006.7998046875,5008.7998046875
1770998160,5009.7001953125,5010.0,4998.5,5004.10009765625
1770998280,5004.7998046875,5005.39990234375,4995.2001953125,4998.7001953125
1770998400,4999.0,5006.7001953125,4997.39990234375,5004.39990234375
1770998520,5005.10009765625,5012.7998046875,5004.0,5012.5
1770998640,5013.0,5018.0,5008.60009765625,5011.39990234375
1770998760,5012.0,5017.2998046875,5011.2001953125,5016.39990234375
1770998880,5015.7998046875,5015.89990234375,5010.7001953125,5013.0
1770999000,5013.7001953125,5014.2001953125,5009.7001953125,5011.39990234375
1770999120,5013.5,5014.7001953125,5010.2998046875,5014.39990234375
1770999240,5014.0,5022.7998046875,5014.0,5022.5
1770999360,5021.89990234375,5029.0,5020.39990234375,5025.7998046875
1770999480,5026.2998046875,5030.7998046875,5024.0,5028.39990234375
1770999600,5029.0,5032.60009765625,5026.7998046875,5028.89990234375
1770999720,5029.2998046875,5032.60009765625,5026.60009765625,5028.89990234375
1770999840,5028.7001953125,5033.7001953125,5028.60009765625,5032.2998046875
1770999960,5033.0,5046.60009765625,5033.0,5046.60009765625
1771000080,5046.60009765625,5056.7998046875,5046.0,5050.60009765625
1771000200,5050.7001953125,5051.2998046875,5044.2001953125,5045.7001953125
1771000320,5046.2998046875,5047.2998046875,5040.7001953125,5040.89990234375
1771000440,5041.39990234375,5043.0,5039.10009765625,5041.89990234375
1771000560,5041.89990234375,5043.0,5036.10009765625,5037.0
1771000680,5037.0,5041.2001953125,5036.7001953125,5037.7001953125
1771000800,5038.39990234375,5039.5,5034.2001953125,5036.5
1771000920,5035.89990234375,5040.7998046875,5035.2998046875,5039.2001953125
1771001040,5039.39990234375,5039.7998046875,5037.39990234375,5038.5
1771001160,5037.89990234375,5041.2998046875,5036.0,5036.60009765625
1771001280,5036.5,5038.89990234375,5035.10009765625,5037.7001953125
1771001400,5037.7001953125,5038.10009765625,5035.10009765625,5036.10009765625
1771001520,5036.0,5037.2998046875,5035.2001953125,5036.7998046875
1771001640,5036.89990234375,5037.2998046875,5035.39990234375,5036.2001953125
1771001760,5036.5,5039.2001953125,5036.2998046875,5036.7998046875
1771001880,5037.2001953125,5037.39990234375,5027.2001953125,5030.0
1771002000,5030.0,5035.60009765625,5029.89990234375,5035.10009765625
1771002120,5035.39990234375,5036.7001953125,5033.0,5035.2001953125
1771002240,5035.2001953125,5036.0,5033.39990234375,5036.0
1771002360,5036.5,5045.5,5036.5,5039.0
1771002480,5039.2998046875,5039.2998046875,5035.2001953125,5036.7998046875
1771002600,5036.60009765625,5036.60009765625,5031.7998046875,5031.89990234375
1771002720,5032.10009765625,5038.2001953125,5031.2001953125,5036.60009765625
1771002840,5037.10009765625,5038.39990234375,5035.2998046875,5036.10009765625
1771002960,5035.0,5035.2001953125,5031.2001953125,5031.7998046875
1771003080,5031.2998046875,5032.60009765625,5027.7998046875,5032.0
1771003200,5032.7001953125,5039.2998046875,5032.7001953125,5037.2998046875
1771003320,5037.5,5038.89990234375,5034.60009765625,5034.60009765625
1771003440,5034.5,5037.2001953125,5033.89990234375,5035.60009765625
1771003560,5036.0,5041.5,5035.2001953125,5039.60009765625
1771003680,5039.60009765625,5041.7998046875,5038.7998046875,5039.5
1771003800,5039.5,5042.39990234375,5038.0,5042.2998046875
1771003920,5042.60009765625,5046.7001953125,5041.39990234375,5046.39990234375
1771004040,5047.10009765625,5051.5,5046.0,5047.7998046875
1771004160,5048.2998046875,5048.7001953125,5044.89990234375,5046.0
1771004280,5045.5,5045.7001953125,5041.7001953125,5042.60009765625
1771004400,5042.39990234375,5044.89990234375,5040.60009765625,5044.39990234375
1771004520,5044.5,5045.2998046875,5042.0,5043.0
1771004640,5043.39990234375,5046.39990234375,5042.89990234375,5045.89990234375
1771004760,5044.89990234375,5045.7998046875,5042.60009765625,5043.2001953125
1771004880,5043.10009765625,5044.0,5042.0,5043.39990234375
1771005000,5043.2998046875,5043.39990234375,5040.7998046875,5042.10009765625
1771005120,5042.2001953125,5045.7001953125,5042.10009765625,5044.89990234375
1771005240,5044.7998046875,5045.2001953125,5039.10009765625,5039.2998046875
1771005360,5039.2001953125,5041.5,5038.7001953125,5040.7998046875
1771005480,5041.2998046875,5043.5,5041.2998046875,5043.5
1771005600,5043.5,5047.10009765625,5042.0,5043.39990234375
1771005720,5043.2001953125,5044.10009765625,5038.0,5043.60009765625
1771005840,5043.60009765625,5044.7998046875,5042.0,5042.5
1771005960,5042.39990234375,5044.7998046875,5042.2001953125,5043.60009765625
1771006080,5043.39990234375,5046.2998046875,5042.89990234375,5044.2998046875
1771006200,5044.2998046875,5048.39990234375,5042.7001953125,5048.2001953125
1771006320,5047.89990234375,5049.89990234375,5047.0,5049.39990234375
1771006440,5049.60009765625,5052.60009765625,5049.5,5051.10009765625
1771006560,5051.60009765625,5054.0,5049.89990234375,5049.89990234375
1771006680,5049.7001953125,5052.2998046875,5044.89990234375,5045.7001953125
1771006800,5045.7001953125,5049.7001953125,5045.7001953125,5049.7001953125
1771006920,5049.2998046875,5052.7998046875,5048.10009765625,5051.2001953125
1771007040,5050.7001953125,5051.0,5047.60009765625,5048.7001953125
1771007160,5048.39990234375,5050.39990234375,5046.2998046875,5048.2998046875
1771007280,5047.60009765625,5050.7998046875,5042.5,5044.7001953125
1771007400,5045.0,5048.0,5042.7001953125,5048.0
1771007520,5047.2998046875,5052.2001953125,5047.2998046875,5052.2001953125
1771007640,5052.39990234375,5053.2001953125,5051.39990234375,5052.2998046875
1771007760,5052.0,5055.2001953125,5050.7998046875,5053.10009765625
1771007880,5052.7001953125,5054.2001953125,5052.0,5053.60009765625
1771008000,5053.60009765625,5054.5,5050.7998046875,5053.39990234375
1771008120,5052.7998046875,5054.2001953125,5051.2001953125,5053.2998046875
1771008240,5052.89990234375,5054.2001953125,5051.2001953125,5053.60009765625
1771008360,5053.7998046875,5054.7001953125,5052.5,5053.7001953125
1771008480,5054.0,5054.60009765625,5052.0,5052.2001953125
1771008600,5052.2001953125,5053.39990234375,5050.39990234375,5051.39990234375
1771008720,5051.39990234375,5052.39990234375,5049.10009765625,5051.39990234375
1771008840,5051.39990234375,5058.89990234375,5051.2001953125,5056.39990234375
1771008960,5056.39990234375,5057.0,5054.2998046875,5055.7001953125
1771009080,5055.5,5055.5,5053.7998046875,5054.10009765625
1771009200,5054.7001953125,5058.89990234375,5053.10009765625,5058.10009765625
1771009320,5057.89990234375,5058.39990234375,5053.5,5054.5
1771009440,5054.5,5061.39990234375,5053.7998046875,5061.0
1771009560,5060.39990234375,5068.0,5060.0,5067.10009765625
1771009680,5067.39990234375,5068.7998046875,5066.10009765625,5068.7998046875
1771009800,5068.60009765625,5069.10009765625,5061.10009765625,5061.60009765625
1771009920,5061.2998046875,5063.7001953125,5059.89990234375,5059.89990234375
1771010040,5060.0,5063.0,5059.89990234375,5060.7998046875
1771010160,5060.60009765625,5062.0,5059.0,5059.7998046875
1771010280,5060.60009765625,5063.7001953125,5059.7998046875,5063.2998046875
1771010400,5063.7001953125,5065.60009765625,5063.5,5065.10009765625
1771010520,5065.10009765625,5067.39990234375,5064.2001953125,5067.39990234375
1771010640,5067.7998046875,5068.0,5066.10009765625,5067.2001953125
1771010760,5066.7001953125,5067.7998046875,5064.0,5065.5
1771010880,5066.2001953125,5067.2998046875,5063.5,5063.7001953125
1771011000,5063.89990234375,5065.2998046875,5062.0,5065.0
1771011120,5064.89990234375,5065.5,5064.0,5064.7998046875
1771011240,5064.60009765625,5064.7998046875,5061.2998046875,5061.2998046875
1771011360,5060.89990234375,5063.5,5060.5,5061.60009765625
1771011480,5062.0,5064.2001953125,5061.0,5061.0
1771011600,5061.39990234375,5061.39990234375,5056.5,5056.89990234375
1771011720,5057.0,5058.2998046875,5055.5,5056.0
1771011840,5056.2001953125,5060.5,5056.0,5060.10009765625
1771011960,5060.2998046875,5060.7998046875,5058.10009765625,5058.10009765625
1771012080,5057.7001953125,5058.7998046875,5056.89990234375,5057.2998046875
1771012200,5058.2998046875,5058.2998046875,5055.7998046875,5055.7998046875
1771012320,5055.7001953125,5056.10009765625,5053.39990234375,5054.7998046875
1771012440,5054.5,5056.7001953125,5054.0,5056.10009765625
1771012560,5056.2998046875,5056.7001953125,5054.5,5054.5
1771012680,5054.10009765625,5054.7998046875,5046.39990234375,5046.39990234375
1771012800,5046.2001953125,5053.7001953125,5045.10009765625,5053.10009765625
1771012920,5053.0,5057.10009765625,5051.89990234375,5055.7001953125
1771013040,5055.60009765625,5056.5,5053.2001953125,5054.2001953125
1771013160,5054.2998046875,5054.39990234375,5051.2998046875,5052.39990234375
1771013280,5053.60009765625,5054.39990234375,5051.2001953125,5052.10009765625
1771013400,5051.89990234375,5054.2998046875,5051.7001953125,5054.2001953125
1771013520,5054.10009765625,5054.10009765625,5050.10009765625,5051.10009765625
1771013640,5051.5,5053.7998046875,5050.39990234375,5052.0
1771013760,5052.89990234375,5054.2998046875,5051.7001953125,5052.7001953125
1771013880,5053.0,5054.7001953125,5052.89990234375,5054.10009765625
1771014000,5053.5,5053.5,5051.39990234375,5053.0
1771014120,5052.60009765625,5052.7001953125,5049.10009765625,5051.60009765625
1771014240,5051.7001953125,5055.7998046875,5051.7001953125,5053.60009765625
1771014360,5053.2001953125,5053.7001953125,5051.39990234375,5052.2998046875
1771014480,5051.60009765625,5052.7998046875,5050.2001953125,5051.2998046875
1771014600,5050.7998046875,5052.39990234375,5047.7001953125,5051.60009765625
1771014720,5051.60009765625,5051.60009765625,5047.2001953125,5047.2001953125
1771014840,5047.5,5051.7001953125,5046.7998046875,5050.60009765625
1771014960,5050.7998046875,5050.7998046875,5048.2001953125,5050.60009765625
1771015080,5050.7998046875,5050.89990234375,5047.89990234375,5050.10009765625
1771015200,5050.2001953125,5056.39990234375,5050.0,5055.39990234375
1771015320,5055.5,5055.7998046875,5049.2998046875,5052.0
1771015440,5052.2001953125,5053.60009765625,5051.5,5052.0
1771015560,5051.89990234375,5051.89990234375,5048.10009765625,5049.2001953125
1771015680,5049.7998046875,5050.60009765625,5048.10009765625,5050.2001953125
1771015800,5049.39990234375,5051.2998046875,5047.60009765625,5050.39990234375
1771015920,5050.7001953125,5051.0,5043.2998046875,5048.10009765625
1771016040,5048.2001953125,5050.7001953125,5044.39990234375,5050.0
1771016160,5049.0,5051.7998046875,5046.7001953125,5051.0
1771016280,5050.5,5056.2998046875,5050.5,5054.0
1771016400,5053.89990234375,5056.5,5052.10009765625,5054.7998046875
1771016520,5054.89990234375,5056.7998046875,5054.60009765625,5055.0
1771016640,5054.7998046875,5057.89990234375,5054.2001953125,5056.89990234375
1771016760,5056.0,5056.60009765625,5053.2998046875,5054.39990234375
1771016880,5054.2998046875,5054.7998046875,5053.0,5054.2001953125
1771017000,5053.5,5053.5,5051.60009765625,5052.60009765625
1771017120,5051.7998046875,5052.7998046875,5051.39990234375,5052.7998046875
1771017240,5052.7001953125,5056.0,5052.7001953125,5055.39990234375
1771017360,5056.0,5056.2001953125,5054.2998046875,5054.5
1771017480,5054.7001953125,5055.2998046875,5054.39990234375,5054.89990234375
1771017600,5054.2001953125,5054.2001953125,5052.10009765625,5052.7998046875
1771017720,5053.10009765625,5054.2001953125,5052.7001953125,5053.0
1771017840,5053.7998046875,5054.2001953125,5053.0,5053.10009765625
1771017960,5052.60009765625,5054.5,5052.60009765625,5054.5
1771018080,5054.2998046875,5055.5,5054.10009765625,5055.0
1771018200,5054.2001953125,5054.2001953125,5052.60009765625,5053.5
1771018320,5053.60009765625,5056.2998046875,5052.7998046875,5056.10009765625
1771018440,5056.39990234375,5056.5,5055.0,5055.5
1771018560,5056.0,5056.5,5055.39990234375,5055.39990234375
1771018680,5056.0,5057.2001953125,5055.2998046875,5055.5
1771018800,5055.39990234375,5060.60009765625,5055.0,5060.60009765625
1771018920,5060.2001953125,5060.2001953125,5059.0,5059.7001953125
1771019040,5059.89990234375,5060.39990234375,5059.10009765625,5060.0
1771019160,5060.10009765625,5067.39990234375,5060.10009765625,5062.2001953125
1771019280,5062.0,5064.5,5061.60009765625,5064.0
1771019400,5064.0,5064.2001953125,5059.5,5060.10009765625
1771019520,5060.2998046875,5061.2998046875,5059.10009765625,5061.2001953125
1771019640,5060.7998046875,5064.2998046875,5060.60009765625,5063.0
1771019760,5062.89990234375,5064.89990234375,5062.7001953125,5063.0
1771019880,5063.7998046875,5064.5,5046.2998046875,5046.2998046875
1771197720,5046.2998046875,5046.2998046875,5040.2998046875,5046.2998046875
1771197840,5044.60009765625,5047.0,5044.2001953125,5047.0
1771197960,5045.7001953125,5050.2998046875,5045.7001953125,5048.60009765625
1771198080,5048.60009765625,5050.2001953125,5047.2998046875,5048.10009765625
1771198200,5047.89990234375,5049.5,5046.2001953125,5048.7998046875
1771198320,5049.2998046875,5051.10009765625,5047.2998046875,5049.2001953125
1771198440,5048.39990234375,5050.0,5046.2998046875,5046.2998046875
1771198560,5045.2001953125,5045.7998046875,5040.89990234375,5044.60009765625
1771198680,5045.89990234375,5046.10009765625,5045.2001953125,5045.60009765625
1771198800,5045.89990234375,5051.60009765625,5045.89990234375,5046.89990234375
1771198920,5046.89990234375,5048.5,5041.0,5041.7001953125
1771199040,5042.7001953125,5043.0,5036.10009765625,5038.2001953125
1771199160,5038.2998046875,5039.7998046875,5035.2001953125,5037.7998046875
1771199280,5037.0,5037.0,5031.60009765625,5033.89990234375
1771199400,5034.39990234375,5038.2001953125,5034.0,5035.0
1771199520,5036.10009765625,5036.39990234375,5034.39990234375,5034.39990234375
1771199640,5033.5,5038.89990234375,5032.89990234375,5038.0
1771199760,5037.5,5039.60009765625,5035.7001953125,5038.10009765625
1771199880,5039.0,5040.7998046875,5038.39990234375,5038.5
1771200000,5038.39990234375,5040.7998046875,5031.5,5032.2998046875
1771200120,5032.89990234375,5035.0,5018.2001953125,5025.5
1771200240,5025.7001953125,5032.0,5025.7001953125,5030.7998046875
1771200360,5030.2001953125,5033.7998046875,5029.0,5033.7998046875
1771200480,5034.2998046875,5036.0,5031.7001953125,5034.0
1771200600,5035.7001953125,5035.7001953125,5031.7001953125,5033.0
1771200720,5033.2998046875,5037.60009765625,5033.0,5036.10009765625
1771200840,5036.2998046875,5036.89990234375,5035.2001953125,5035.2001953125
1771200960,5034.7998046875,5040.2998046875,5034.7001953125,5037.2998046875
1771201080,5038.7998046875,5038.7998046875,5036.60009765625,5037.0
1771201200,5035.89990234375,5036.7998046875,5033.2998046875,5033.60009765625
1771201320,5033.2001953125,5033.7001953125,5031.7001953125,5032.0
1771201440,5031.7998046875,5035.2998046875,5027.0,5028.10009765625
1771201560,5028.0,5030.0,5027.7001953125,5029.2001953125
1771201680,5028.89990234375,5031.60009765625,5028.89990234375,5031.0
1771201800,5031.7001953125,5032.0,5030.7001953125,5031.7001953125
1771201920,5032.2998046875,5032.7001953125,5030.0,5031.7998046875
1771202040,5031.7001953125,5033.39990234375,5027.60009765625,5028.39990234375
1771202160,5029.2001953125,5032.2001953125,5028.7998046875,5029.2998046875
1771202280,5028.7001953125,5033.39990234375,5028.7001953125,5033.39990234375
1771202400,5033.39990234375,5033.7998046875,5032.5,5033.2001953125
1771202520,5033.2001953125,5033.2998046875,5032.5,5033.10009765625
1771202760,5032.5,5032.7998046875,5029.7001953125,5031.2001953125
1771202880,5032.0,5037.7001953125,5032.0,5037.10009765625
1771203000,5037.7001953125,5038.0,5036.39990234375,5037.10009765625
1771203120,5038.10009765625,5043.0,5038.10009765625,5039.0
1771203240,5038.7998046875,5041.60009765625,5037.7001953125,5039.7001953125
1771203360,5039.0,5039.0,5034.2998046875,5034.7998046875
1771203480,5034.7998046875,5035.0,5034.2998046875,5035.0
1771203600,5034.10009765625,5034.7001953125,5026.39990234375,5027.7998046875
1771203720,5028.5,5034.0,5027.7998046875,5033.5
1771203840,5034.5,5037.5,5034.2998046875,5037.5
1771203960,5037.7998046875,5041.60009765625,5037.7998046875,5038.5
1771204080,5038.2998046875,5041.2998046875,5038.10009765625,5041.2998046875
1771204200,5040.60009765625,5042.5,5035.89990234375,5038.10009765625
1771204320,5038.0,5042.5,5038.0,5041.10009765625
1771204440,5040.5,5044.0,5040.2001953125,5042.5
1771204560,5041.89990234375,5044.89990234375,5041.7001953125,5043.7998046875
1771204680,5044.10009765625,5048.7998046875,5043.60009765625,5047.5
1771204800,5047.60009765625,5051.39990234375,5047.5,5049.5
1771204920,5049.0,5049.10009765625,5043.7998046875,5045.89990234375
1771205040,5045.2001953125,5050.0,5044.60009765625,5048.89990234375
1771205160,5049.5,5049.5,5046.60009765625,5049.10009765625
1771205280,5048.39990234375,5048.7001953125,5045.60009765625,5048.7001953125
1771205400,5049.0,5050.5,5048.2998046875,5048.2998046875
1771205520,5048.39990234375,5048.5,5045.10009765625,5047.2998046875
1771205640,5046.7001953125,5049.0,5046.7001953125,5048.2001953125
1771205760,5048.0,5049.7998046875,5047.89990234375,5048.7998046875
1771205880,5048.60009765625,5048.60009765625,5045.7001953125,5047.60009765625
1771206000,5047.0,5048.2998046875,5046.89990234375,5047.7001953125
1771206120,5047.89990234375,5049.10009765625,5047.39990234375,5049.0
1771206240,5048.7998046875,5049.89990234375,5048.7001953125,5049.89990234375
1771206360,5049.2001953125,5049.2001953125,5047.60009765625,5049.2001953125
1771206480,5047.7998046875,5048.2998046875,5047.5,5048.10009765625
1771206600,5047.0,5047.0,5045.0,5046.5
1771206720,5046.60009765625,5047.0,5045.0,5046.7001953125
1771206840,5045.89990234375,5046.2001953125,5044.2998046875,5045.2001953125
1771206960,5045.7998046875,5048.0,5044.39990234375,5047.89990234375
1771207080,5047.39990234375,5048.10009765625,5047.0,5047.60009765625
1771207200,5048.39990234375,5051.0,5048.2998046875,5048.2998046875
1771207320,5048.10009765625,5050.89990234375,5048.10009765625,5050.5
1771207440,5049.89990234375,5049.89990234375,5045.2001953125,5046.2998046875
1771207560,5045.10009765625,5046.0,5040.7998046875,5042.7998046875
1771207680,5041.89990234375,5046.0,5041.89990234375,5043.2001953125
1771207800,5042.2998046875,5044.0,5040.0,5041.0
1771207920,5041.5,5043.0,5040.0,5040.0
1771208040,5039.10009765625,5042.2001953125,5039.10009765625,5042.2001953125
1771208160,5042.2001953125,5044.7001953125,5042.2001953125,5043.7001953125
1771208280,5043.0,5043.89990234375,5042.10009765625,5042.60009765625
1771208400,5042.5,5042.7998046875,5041.60009765625,5042.39990234375
1771208520,5043.2998046875,5043.60009765625,5043.0,5043.10009765625
1771208640,5042.7001953125,5042.7001953125,5040.10009765625,5040.89990234375
1771208760,5040.2001953125,5041.0,5039.0,5039.7001953125
1771208880,5039.2998046875,5039.39990234375,5037.5,5038.2998046875
1771209000,5038.7001953125,5040.7998046875,5038.7001953125,5039.89990234375
1771209120,5040.5,5040.5,5037.7001953125,5040.0
1771209240,5040.2998046875,5040.2998046875,5028.7998046875,5029.2001953125
1771209360,5029.7998046875,5030.7998046875,5020.0,5027.39990234375
1771209480,5027.89990234375,5029.60009765625,5025.2001953125,5026.7001953125
1771209600,5028.10009765625,5029.7998046875,5022.60009765625,5024.5
1771209720,5024.60009765625,5026.7998046875,5022.39990234375,5023.10009765625
1771209840,5023.2001953125,5024.2998046875,5015.2001953125,5019.5
1771209960,5019.39990234375,5021.7998046875,5016.89990234375,5018.2001953125
1771210080,5018.0,5021.2001953125,5014.0,5018.2998046875
1771210200,5017.89990234375,5018.10009765625,5011.2998046875,5013.39990234375
1771210320,5014.60009765625,5016.89990234375,5013.2001953125,5014.2001953125
1771210440,5014.0,5016.2998046875,5012.89990234375,5015.7998046875
1771210560,5016.0,5016.5,5012.7998046875,5013.2998046875
1771210680,5013.2998046875,5015.7001953125,5012.10009765625,5014.7998046875
1771210800,5013.7001953125,5013.89990234375,5008.2998046875,5009.39990234375
1771210920,5010.0,5017.39990234375,5010.0,5016.2998046875
1771211040,5016.5,5019.5,5015.2998046875,5019.5
1771211160,5018.5,5019.5,5015.7998046875,5015.7998046875
1771211280,5016.39990234375,5016.39990234375,5007.10009765625,5010.89990234375
1771211400,5011.60009765625,5014.60009765625,5010.7998046875,5014.39990234375
1771211520,5014.10009765625,5016.2998046875,5012.89990234375,5013.89990234375
1771211640,5013.89990234375,5017.5,5013.89990234375,5016.0
1771211760,5016.39990234375,5017.2001953125,5016.0,5016.0
1771211880,5016.60009765625,5018.0,5015.5,5015.89990234375
1771212000,5016.39990234375,5016.60009765625,5013.2998046875,5015.2998046875
1771212120,5015.7998046875,5017.7001953125,5015.0,5016.0
1771212240,5016.2998046875,5017.2998046875,5015.60009765625,5017.2998046875
1771212360,5017.2001953125,5018.0,5015.39990234375,5015.39990234375
1771212480,5015.7001953125,5017.0,5014.2001953125,5014.2001953125
1771212600,5014.0,5016.5,5012.2998046875,5013.7998046875
1771212720,5014.0,5016.0,5014.0,5014.7998046875
1771212840,5014.2001953125,5015.60009765625,5014.2001953125,5014.7998046875
1771212960,5013.89990234375,5013.89990234375,5008.60009765625,5009.39990234375
1771213080,5009.2001953125,5011.0,5008.0,5010.5
1771213200,5010.5,5013.60009765625,5009.5,5009.89990234375
1771213320,5010.2001953125,5010.7998046875,5009.10009765625,5010.7998046875
1771213440,5010.7998046875,5010.7998046875,5007.7001953125,5008.39990234375
1771213560,5009.5,5012.10009765625,5009.39990234375,5009.89990234375
1771213680,5009.10009765625,5010.5,4986.0,5004.0
1771213800,5004.2001953125,5010.10009765625,5003.7001953125,5009.89990234375
1771213920,5009.7998046875,5013.60009765625,5009.2998046875,5010.2998046875
1771214040,5009.5,5010.89990234375,5009.5,5010.39990234375
1771214160,5010.0,5011.89990234375,5008.10009765625,5009.60009765625
1771214280,5009.5,5009.89990234375,5005.89990234375,5007.2001953125
1771214400,5006.2001953125,5012.2001953125,5005.2001953125,5009.7001953125
1771214520,5009.7998046875,5009.7998046875,5006.5,5006.89990234375
1771214640,5006.2998046875,5007.7998046875,5000.60009765625,5001.5
1771214760,5002.10009765625,5004.10009765625,4999.2998046875,5000.7998046875
1771214880,5000.7001953125,5000.7001953125,4994.2001953125,4996.7001953125
1771215000,4996.0,4999.60009765625,4988.0,4998.0
1771215120,4997.2998046875,4997.2998046875,4992.0,4993.89990234375
1771215240,4995.0,4996.10009765625,4993.2998046875,4993.2998046875
1771215360,4993.0,4995.2998046875,4993.0,4994.2001953125
1771215480,4995.0,4995.89990234375,4991.60009765625,4993.10009765625
1771215600,4993.0,4994.2998046875,4991.10009765625,4992.7001953125
1771215720,4992.2998046875,4997.60009765625,4992.0,4996.60009765625
1771215840,4996.60009765625,4998.60009765625,4996.2001953125,4996.2001953125
1771215960,4997.39990234375,4999.2001953125,4997.0,4997.7001953125
1771216080,4997.60009765625,4998.60009765625,4995.60009765625,4995.60009765625
1771216200,4994.10009765625,4997.10009765625,4991.7001953125,4993.2998046875
1771216320,4992.89990234375,4994.7001953125,4991.7998046875,4994.2001953125
1771216440,4993.39990234375,4994.0,4991.89990234375,4993.0
1771216560,4992.2998046875,4995.0,4992.2998046875,4993.89990234375
1771216680,4993.2998046875,4993.7001953125,4991.2998046875,4993.5
1771216800,4992.89990234375,4993.7001953125,4992.0,4993.0
1771216920,4993.10009765625,4996.89990234375,4992.60009765625,4995.10009765625
1771217040,4995.0,4997.7998046875,4993.39990234375,4996.7001953125
1771217160,4997.60009765625,4997.7998046875,4996.0,4996.0
1771217280,4997.7998046875,4998.39990234375,4996.10009765625,4997.5
1771217400,4997.7001953125,4999.10009765625,4997.10009765625,4997.89990234375
1771217520,4997.7001953125,4997.7001953125,4995.10009765625,4997.2001953125
1771217640,4997.2998046875,4998.7998046875,4996.7001953125,4997.2001953125
1771217760,4996.5,4996.89990234375,4993.10009765625,4993.7998046875
1771217880,4993.7998046875,4995.2998046875,4993.7998046875,4994.7001953125
1771304400,4970.7998046875,4972.2998046875,4969.7998046875,4970.7998046875
1771304520,4971.10009765625,4971.10009765625,4967.39990234375,4967.39990234375
1771304640,4967.2998046875,4968.39990234375,4966.7998046875,4966.7998046875
1771304760,4967.39990234375,4967.39990234375,4955.5,4959.89990234375
1771304880,4960.5,4963.5,4960.39990234375,4962.89990234375
1771305000,4962.2001953125,4963.60009765625,4959.0,4960.5
1771305120,4960.5,4960.5,4953.2998046875,4954.0
1771305240,4953.7001953125,4953.7001953125,4930.0,4937.2998046875
1771305360,4936.7998046875,4938.2001953125,4915.0,4915.5
1771305480,4917.2998046875,4927.0,4914.0,4919.60009765625
1771305600,4919.2998046875,4921.7998046875,4911.0,4916.5
1771305720,4916.5,4918.2001953125,4906.5,4918.0
1771305840,4919.5,4920.0,4906.10009765625,4914.2998046875
1771305960,4913.7001953125,4922.7998046875,4911.89990234375,4917.2001953125
1771306080,4917.0,4920.7998046875,4911.0,4919.2001953125
1771306200,4919.89990234375,4921.10009765625,4885.0,4885.0
1771306320,4899.10009765625,4899.2001953125,4875.2001953125,4897.10009765625
1771306440,4895.7998046875,4904.89990234375,4893.5,4896.2998046875
1771306560,4896.10009765625,4909.0,4895.7998046875,4907.10009765625
1771306680,4907.60009765625,4909.0,4900.5,4901.7001953125
1771306800,4901.5,4906.39990234375,4891.7001953125,4899.7998046875
1771306920,4900.2998046875,4904.7998046875,4900.0,4903.39990234375
1771307040,4903.0,4903.7001953125,4894.0,4895.60009765625
1771307160,4896.39990234375,4906.7998046875,4894.7001953125,4898.0
1771307280,4897.10009765625,4905.0,4892.2001953125,4905.0
1771307400,4905.2998046875,4907.89990234375,4903.2001953125,4905.0
1771307520,4904.5,4919.0,4903.89990234375,4912.10009765625
1771307640,4911.0,4914.39990234375,4902.39990234375,4906.10009765625
1771307760,4906.10009765625,4908.2998046875,4905.39990234375,4908.2998046875
1771307880,4908.7001953125,4909.10009765625,4904.0,4906.89990234375
1771308000,4906.7001953125,4912.2998046875,4906.7001953125,4911.0
1771308120,4908.7998046875,4914.2998046875,4908.7998046875,4909.5
1771308240,4911.10009765625,4912.10009765625,4908.2001953125,4909.7998046875
1771308360,4909.7998046875,4912.5,4907.7001953125,4912.39990234375
1771308480,4911.2998046875,4914.5,4909.39990234375,4911.2998046875
1771308600,4910.39990234375,4913.0,4908.39990234375,4910.89990234375
1771308720,4910.0,4911.10009765625,4906.7001953125,4908.89990234375
1771308840,4908.89990234375,4912.39990234375,4905.10009765625,4906.89990234375
1771308960,4906.0,4909.89990234375,4905.89990234375,4909.60009765625
1771309080,4909.60009765625,4921.89990234375,4908.89990234375,4918.10009765625
1771309200,4918.0,4918.7001953125,4915.2998046875,4916.60009765625
1771309320,4916.10009765625,4920.39990234375,4916.10009765625,4917.0
1771309440,4917.7998046875,4918.2998046875,4911.2001953125,4913.2001953125
1771309560,4912.60009765625,4913.2998046875,4911.0,4911.5
1771309680,4912.60009765625,4914.89990234375,4912.2998046875,4913.10009765625
1771309800,4912.7001953125,4914.0,4910.0,4913.60009765625
1771309920,4914.10009765625,4923.89990234375,4914.10009765625,4922.7001953125
1771310040,4922.10009765625,4924.2998046875,4920.7001953125,4922.5
1771310160,4922.39990234375,4925.0,4921.5,4922.89990234375
1771310280,4923.10009765625,4928.2998046875,4923.10009765625,4927.5
1771310400,4928.39990234375,4932.89990234375,4924.39990234375,4928.60009765625
1771310520,4928.60009765625,4929.60009765625,4926.2001953125,4926.7998046875
1771310640,4927.39990234375,4928.0,4926.2998046875,4927.2998046875
1771310760,4926.7001953125,4927.5,4917.60009765625,4921.89990234375
1771310880,4922.0,4927.89990234375,4920.2001953125,4927.60009765625
1771311000,4927.60009765625,4928.7998046875,4925.7998046875,4928.7998046875
1771311120,4929.0,4930.0,4927.89990234375,4930.0
1771311240,4929.2998046875,4932.2001953125,4929.2998046875,4931.2001953125
1771311360,4930.7998046875,4930.7998046875,4928.7998046875,4930.2998046875
1771311480,4930.2998046875,4930.7001953125,4926.5,4930.0
1771311600,4928.5,4929.0,4922.39990234375,4923.7001953125
1771311720,4922.60009765625,4926.7001953125,4922.39990234375,4926.7001953125
1771311840,4925.7998046875,4930.7001953125,4925.5,4927.5
1771311960,4927.89990234375,4932.2001953125,4927.89990234375,4930.7001953125
1771312080,4930.60009765625,4930.60009765625,4926.89990234375,4926.89990234375
1771312200,4926.89990234375,4926.89990234375,4925.2998046875,4925.89990234375
1771312320,4925.7001953125,4929.2001953125,4925.2001953125,4929.2001953125
1771312440,4928.2998046875,4928.2998046875,4924.7001953125,4925.10009765625
1771312560,4925.7998046875,4926.10009765625,4924.5,4925.10009765625
1771312680,4926.39990234375,4927.60009765625,4924.7001953125,4926.5
1771312800,4926.60009765625,4937.60009765625,4926.60009765625,4935.10009765625
1771312920,4934.0,4935.2001953125,4927.10009765625,4927.60009765625
1771313040,4927.0,4930.7998046875,4926.89990234375,4930.7998046875
1771313160,4929.0,4930.2001953125,4926.89990234375,4927.7001953125
1771313280,4927.39990234375,4928.0,4925.39990234375,4926.89990234375
1771313400,4926.7001953125,4926.7001953125,4922.2998046875,4922.5
1771313520,4922.60009765625,4929.7001953125,4922.60009765625,4928.5
1771313640,4928.0,4930.39990234375,4928.0,4928.39990234375
1771313760,4928.2998046875,4932.7001953125,4928.2998046875,4932.10009765625
1771313880,4931.89990234375,4939.5,4931.89990234375,4938.39990234375
1771314000,4938.5,4939.7001953125,4937.0,4938.2998046875
1771314120,4938.0,4939.7998046875,4935.89990234375,4938.7001953125
1771314240,4938.5,4938.60009765625,4933.89990234375,4934.60009765625
1771314360,4934.60009765625,4936.60009765625,4934.5,4935.39990234375
1771314480,4934.7001953125,4936.7001953125,4933.60009765625,4934.0
1771314600,4934.2001953125,4937.0,4933.2998046875,4935.7998046875
1771314720,4935.0,4936.7001953125,4935.0,4936.2001953125
1771314840,4936.10009765625,4941.7001953125,4936.10009765625,4940.10009765625
1771314960,4940.0,4940.2998046875,4934.7001953125,4937.39990234375
1771315080,4937.2001953125,4938.39990234375,4934.0,4935.7998046875
1771315200,4936.0,4943.39990234375,4934.7998046875,4943.10009765625
1771315320,4942.2998046875,4942.60009765625,4939.5,4940.89990234375
1771315440,4941.10009765625,4946.0,4941.0,4942.60009765625
1771315560,4942.7998046875,4943.89990234375,4940.5,4941.5
1771315680,4940.7001953125,4941.2001953125,4936.39990234375,4940.5
1771315800,4940.89990234375,4942.89990234375,4940.2998046875,4941.89990234375
1771315920,4942.2001953125,4949.10009765625,4942.2001953125,4947.39990234375
1771316040,4947.0,4949.39990234375,4945.0,4947.0
1771316160,4947.0,4948.0,4945.10009765625,4945.89990234375
1771316280,4945.2001953125,4947.0,4942.89990234375,4943.60009765625
1771316400,4942.7001953125,4943.2001953125,4941.0,4942.7998046875
1771316520,4943.2998046875,4947.39990234375,4943.0,4947.39990234375
1771316640,4947.0,4947.10009765625,4943.2001953125,4944.2998046875
1771316760,4943.7001953125,4943.7001953125,4938.60009765625,4939.60009765625
1771316880,4939.2001953125,4940.2001953125,4938.0,4939.2998046875
1771317000,4938.7998046875,4944.2001953125,4938.10009765625,4940.5
1771317120,4940.2998046875,4941.0,4938.0,4939.0
1771317240,4939.0,4941.7998046875,4937.10009765625,4939.2998046875
1771317360,4939.39990234375,4940.7001953125,4937.60009765625,4939.7001953125
1771317480,4939.39990234375,4939.7998046875,4935.39990234375,4937.10009765625
1771317600,4937.2001953125,4939.2001953125,4937.2001953125,4938.0
1771317720,4937.7998046875,4937.89990234375,4935.0,4935.7001953125
1771317840,4936.5,4939.7998046875,4935.39990234375,4939.7001953125
1771317960,4939.2998046875,4942.39990234375,4938.60009765625,4941.60009765625
1771318080,4941.7001953125,4943.0,4940.2998046875,4941.60009765625
1771318200,4941.89990234375,4944.2001953125,4941.2001953125,4941.7001953125
1771318320,4941.2998046875,4943.10009765625,4939.10009765625,4941.39990234375
1771318440,4941.10009765625,4941.7001953125,4939.5,4940.0
1771318560,4940.0,4941.7001953125,4939.0,4939.2998046875
1771318680,4938.7001953125,4942.2001953125,4938.2001953125,4939.5
1771318800,4939.0,4945.89990234375,4937.7998046875,4945.89990234375
1771318920,4946.0,4947.39990234375,4944.7001953125,4946.7998046875
1771319040,4946.2998046875,4948.39990234375,4944.7998046875,4945.7998046875
1771319160,4945.39990234375,4945.39990234375,4941.2001953125,4942.60009765625
1771319280,4942.0,4942.2001953125,4940.0,4942.2001953125
1771319400,4941.7998046875,4944.60009765625,4940.39990234375,4940.39990234375
1771319520,4940.2001953125,4943.0,4940.10009765625,4941.89990234375
1771319640,4941.7001953125,4941.7001953125,4939.2998046875,4941.2001953125
1771319760,4939.7998046875,4943.0,4936.7001953125,4939.89990234375
1771319880,4939.60009765625,4940.39990234375,4937.10009765625,4939.0
1771320000,4938.5,4940.7001953125,4938.5,4939.39990234375
1771320120,4940.10009765625,4940.10009765625,4937.0,4938.60009765625
1771320240,4938.7998046875,4940.7998046875,4937.60009765625,4940.10009765625
1771320360,4939.7001953125,4939.89990234375,4936.7998046875,4937.89990234375
1771320480,4937.60009765625,4938.7001953125,4936.89990234375,4937.89990234375
1771320600,4937.89990234375,4939.7001953125,4935.2998046875,4938.39990234375
1771320720,4938.7998046875,4938.7998046875,4936.7001953125,4937.89990234375
1771320840,4938.2001953125,4943.0,4938.0,4943.0
1771320960,4943.2998046875,4944.10009765625,4939.39990234375,4940.2998046875
1771321080,4940.7001953125,4942.10009765625,4940.7001953125,4941.2998046875
1771321200,4941.0,4941.2001953125,4937.7998046875,4940.10009765625
1771321320,4939.5,4940.5,4937.2998046875,4937.2998046875
1771321440,4938.60009765625,4940.7998046875,4937.60009765625,4938.10009765625
1771321560,4938.2001953125,4939.2998046875,4926.2998046875,4935.39990234375
1771321680,4935.39990234375,4937.10009765625,4932.89990234375,4937.10009765625
1771321800,4937.39990234375,4943.10009765625,4937.2998046875,4941.7001953125
1771321920,4942.2998046875,4951.60009765625,4942.2998046875,4948.60009765625
1771322040,4948.10009765625,4950.10009765625,4945.0,4945.10009765625
1771322160,4945.39990234375,4946.5,4944.7998046875,4945.39990234375
1771322280,4945.39990234375,4945.60009765625,4944.60009765625,4945.2001953125
1771322400,4944.60009765625,4947.2001953125,4942.5,4946.2998046875
1771322520,4946.0,4946.2998046875,4945.39990234375,4946.2001953125
1771322640,4946.60009765625,4948.7001953125,4945.60009765625,4947.2998046875
1771322760,4947.0,4948.5,4946.2001953125,4947.2001953125
1771322880,4947.2001953125,4948.2998046875,4946.7998046875,4948.10009765625
1771323000,4947.7001953125,4959.5,4947.39990234375,4956.2001953125
1771323120,4956.10009765625,4958.60009765625,4954.0,4956.0
1771323240,4955.7998046875,4956.7001953125,4951.60009765625,4951.7998046875
1771323360,4951.60009765625,4953.39990234375,4951.39990234375,4952.39990234375
1771323480,4952.10009765625,4952.39990234375,4950.0,4952.39990234375
1771323600,4952.2001953125,4955.10009765625,4952.2001953125,4953.89990234375
1771323720,4954.10009765625,4954.39990234375,4951.60009765625,4952.10009765625
1771323840,4952.10009765625,4952.2998046875,4950.5,4951.7001953125
1771323960,4951.5,4952.0,4949.2998046875,4950.2998046875
1771324080,4950.0,4951.60009765625,4947.39990234375,4947.5
1771324200,4947.2001953125,4947.7998046875,4940.7998046875,4940.7998046875
1771324320,4941.2001953125,4944.60009765625,4940.10009765625,4944.60009765625
1771324440,4944.2998046875,4945.2998046875,4942.39990234375,4942.39990234375
1771324560,4942.10009765625,4946.2998046875,4938.89990234375,4944.89990234375
1771324680,4944.7001953125,4946.7998046875,4943.39990234375,4945.7001953125
1771324800,4945.2001953125,4945.2001953125,4940.89990234375,4941.5
1771324920,4941.7001953125,4942.89990234375,4940.0,4940.5
1771325040,4941.0,4942.60009765625,4939.5,4941.60009765625
1771325160,4941.10009765625,4942.10009765625,4939.5,4941.89990234375
1771325280,4942.2001953125,4942.2001953125,4933.60009765625,4934.89990234375
1771325400,4935.0,4937.5,4928.2001953125,4930.10009765625
1771325520,4930.39990234375,4933.2998046875,4928.89990234375,4929.39990234375
1771325640,4928.7998046875,4931.7001953125,4927.10009765625,4930.2998046875
1771325760,4929.89990234375,4931.60009765625,4929.39990234375,4930.2998046875
1771325880,4930.60009765625,4933.39990234375,4930.39990234375,4932.10009765625
1771326000,4932.5,4938.10009765625,4932.5,4938.10009765625
1771326120,4938.0,4939.2001953125,4937.2998046875,4937.60009765625
1771326240,4937.2998046875,4940.0,4935.60009765625,4939.2001953125
1771326360,4939.2001953125,4940.7001953125,4937.89990234375,4939.2001953125
1771326480,4939.89990234375,4944.2998046875,4939.7001953125,4941.7001953125
1771326600,4941.10009765625,4945.0,4940.39990234375,4941.89990234375
1771326720,4941.7001953125,4946.0,4941.7001953125,4944.7001953125
1771326840,4944.89990234375,4946.2001953125,4944.39990234375,4945.0
1771326960,4944.60009765625,4946.39990234375,4944.60009765625,4945.39990234375
1771327080,4946.10009765625,4946.89990234375,4945.2998046875,4946.2001953125
1771327200,4946.2001953125,4950.0,4943.7001953125,4948.2001953125
1771327320,4948.0,4950.2998046875,4947.7001953125,4947.7998046875
1771327440,4947.39990234375,4947.5,4945.7001953125,4946.10009765625
1771327560,4946.7998046875,4949.2001953125,4946.0,4946.0
1771327680,4946.0,4947.2998046875,4945.60009765625,4947.10009765625
1771327800,4947.60009765625,4948.60009765625,4945.2001953125,4945.60009765625
1771327920,4945.7001953125,4946.5,4944.5,4945.0
1771328040,4944.2001953125,4945.0,4941.7001953125,4942.7998046875
1771328160,4942.89990234375,4943.10009765625,4941.7001953125,4942.5
1771328280,4942.5,4946.60009765625,4942.0,4946.60009765625
1771328400,4946.10009765625,4946.7998046875,4944.10009765625,4946.2001953125
1771328520,4947.39990234375,4949.7998046875,4945.7998046875,4946.2998046875
1771328640,4946.2001953125,4948.7998046875,4945.89990234375,4947.7998046875
1771328760,4947.5,4947.5,4945.2998046875,4945.39990234375
1771328880,4945.60009765625,4949.10009765625,4945.10009765625,4948.7998046875
1771329000,4948.5,4948.89990234375,4945.2001953125,4945.2001953125
1771329120,4944.60009765625,4946.7001953125,4943.7001953125,4944.89990234375
1771329240,4944.89990234375,4946.2001953125,4944.10009765625,4945.2001953125
1771329360,4944.7998046875,4945.5,4940.60009765625,4945.2001953125
1771329480,4945.7001953125,4950.2001953125,4943.7001953125,4948.7001953125
1771329600,4948.39990234375,4953.5,4947.5,4950.10009765625
1771329720,4950.10009765625,4950.7998046875,4947.60009765625,4950.2998046875
1771329840,4949.7998046875,4955.2998046875,4948.2998046875,4955.10009765625
1771329960,4954.39990234375,4957.10009765625,4953.89990234375,4954.7001953125
1771330080,4954.89990234375,4957.5,4954.5,4956.89990234375
1771330200,4957.5,4958.60009765625,4954.89990234375,4957.2001953125
1771330320,4956.2001953125,4957.10009765625,4955.10009765625,4956.0
1771330440,4956.0,4964.0,4952.7001953125,4958.89990234375
1771330560,4958.60009765625,4961.2001953125,4956.7001953125,4958.7998046875
1771330680,4958.2998046875,4959.2001953125,4956.10009765625,4956.89990234375
1771330800,4957.0,4958.10009765625,4956.7001953125,4957.89990234375
1771330920,4959.0,4961.39990234375,4958.5,4960.10009765625
1771331040,4959.60009765625,4960.2998046875,4958.7998046875,4959.39990234375
1771331160,4959.2001953125,4962.10009765625,4959.0,4961.39990234375
1771331280,4961.2001953125,4964.0,4958.5,4962.2001953125
1771331400,4962.0,4963.60009765625,4960.60009765625,4962.10009765625
1771331520,4962.10009765625,4962.60009765625,4957.5,4958.7998046875
1771331640,4959.10009765625,4962.7001953125,4956.7001953125,4962.0
1771331760,4961.5,4961.60009765625,4956.7001953125,4958.7001953125
1771331880,4957.7998046875,4961.0,4957.39990234375,4957.39990234375
1771332000,4957.5,4957.5,4952.89990234375,4955.2001953125
1771332120,4955.60009765625,4957.7998046875,4955.10009765625,4956.10009765625
1771332240,4956.2998046875,4957.5,4956.0,4957.0
1771332360,4956.89990234375,4957.0,4954.7998046875,4955.7998046875
1771332480,4955.7001953125,4956.39990234375,4954.10009765625,4954.10009765625
1771332600,4954.2998046875,4955.60009765625,4953.2998046875,4954.39990234375
1771332720,4954.5,4954.5,4953.10009765625,4953.10009765625
1771332840,4953.7001953125,4954.10009765625,4950.10009765625,4953.2998046875
1771332960,4953.10009765625,4954.10009765625,4951.5,4952.60009765625
1771333080,4951.89990234375,4953.2001953125,4948.5,4951.60009765625
1771333200,4951.2998046875,4953.0,4948.5,4948.5
1771333320,4948.2001953125,4951.2001953125,4946.39990234375,4946.5
1771333440,4946.89990234375,4947.7001953125,4944.89990234375,4946.60009765625
1771333560,4946.10009765625,4948.5,4941.5,4942.2001953125
1771333680,4942.2001953125,4945.2001953125,4941.60009765625,4944.0
1771333800,4944.60009765625,4944.60009765625,4940.2001953125,4941.2001953125
1771333920,4941.39990234375,4942.39990234375,4938.0,4941.10009765625
1771334040,4941.10009765625,4942.60009765625,4934.60009765625,4935.5
1771334160,4935.2001953125,4937.89990234375,4933.7001953125,4936.2998046875
1771334280,4936.39990234375,4937.5,4932.0,4932.2001953125
1771334400,4932.7998046875,4939.10009765625,4930.7001953125,4938.39990234375
1771334520,4938.39990234375,4942.7001953125,4938.0,4938.5
1771334640,4939.0,4939.60009765625,4935.10009765625,4936.89990234375
1771334760,4936.60009765625,4941.2998046875,4935.10009765625,4938.7998046875
1771334880,4939.2001953125,4941.0,4936.60009765625,4939.2001953125
1771335000,4940.7998046875,4941.5,4932.0,4932.89990234375
1771335120,4933.7998046875,4935.10009765625,4926.7998046875,4929.0
1771335240,4929.10009765625,4934.7001953125,4928.89990234375,4934.39990234375
1771335360,4934.39990234375,4937.5,4931.0,4934.39990234375
1771335480,4934.89990234375,4938.0,4934.39990234375,4935.10009765625
1771335600,4935.39990234375,4942.2998046875,4933.60009765625,4934.5
1771335720,4933.7001953125,4939.2001953125,4931.5,4939.10009765625
1771335840,4938.2998046875,4944.7001953125,4937.7998046875,4941.2998046875
1771335960,4941.89990234375,4941.89990234375,4938.60009765625,4940.0
1771336080,4940.5,4941.60009765625,4938.7998046875,4939.2001953125
1771336200,4939.0,4941.0,4930.89990234375,4931.5
1771336320,4932.0,4937.39990234375,4927.5,4932.2998046875
1771336440,4931.89990234375,4937.89990234375,4929.5,4931.89990234375
1771336560,4930.89990234375,4930.89990234375,4902.0,4903.7001953125
1771336680,4903.60009765625,4904.60009765625,4887.7998046875,4889.39990234375
1771336800,4888.7001953125,4892.7998046875,4854.2001953125,4870.0
1771336920,4869.89990234375,4883.2001953125,4868.2001953125,4882.39990234375
1771337040,4882.0,4899.2998046875,4882.0,4898.10009765625
1771337160,4898.7001953125,4905.0,4897.39990234375,4903.89990234375
1771337280,4904.0,4918.7001953125,4901.2001953125,4911.5
1771337400,4911.60009765625,4913.5,4905.2998046875,4905.2998046875
1771337520,4905.2001953125,4917.2001953125,4903.10009765625,4912.89990234375
1771337640,4913.10009765625,4919.10009765625,4912.0,4913.2001953125
1771337760,4913.2001953125,4917.10009765625,4910.2001953125,4911.2998046875
1771337880,4911.7998046875,4915.7001953125,4908.2001953125,4912.10009765625
1771338000,4912.2998046875,4917.2001953125,4909.5,4915.7001953125
1771338120,4915.89990234375,4923.5,4914.2001953125,4914.2001953125
1771338240,4914.89990234375,4918.10009765625,4914.60009765625,4915.7001953125
1771338360,4914.89990234375,4917.89990234375,4912.0,4914.10009765625
1771338480,4915.0,4920.2998046875,4913.89990234375,4917.0
1771338600,4916.39990234375,4926.2998046875,4911.2998046875,4921.2998046875
1771338720,4921.10009765625,4923.0,4906.7001953125,4907.7001953125
1771338840,4906.2001953125,4922.2001953125,4906.2001953125,4916.0
1771338960,4917.0,4917.2001953125,4907.2001953125,4908.2001953125
1771339080,4908.10009765625,4911.5,4892.10009765625,4893.7001953125
1771339200,4893.0,4902.89990234375,4891.60009765625,4898.39990234375
1771339320,4897.39990234375,4905.60009765625,4892.0,4892.0
1771339440,4892.7998046875,4896.2998046875,4885.7001953125,4889.0
1771339560,4889.2998046875,4893.7998046875,4886.60009765625,4890.5
1771339680,4891.10009765625,4895.0,4878.7998046875,4883.89990234375
1771339800,4884.2001953125,4892.0,4874.10009765625,4890.2001953125
1771339920,4890.7998046875,4899.10009765625,4883.89990234375,4883.89990234375
1771340040,4883.89990234375,4894.2998046875,4883.60009765625,4894.2998046875
1771340160,4893.89990234375,4898.39990234375,4889.0,4890.2998046875
1771340280,4890.10009765625,4890.10009765625,4878.39990234375,4881.2998046875
1771340400,4880.7998046875,4884.89990234375,4867.0,4883.5
1771340520,4884.0,4884.89990234375,4877.2998046875,4883.2001953125
1771340640,4883.0,4891.60009765625,4880.39990234375,4886.7001953125
1771340760,4886.60009765625,4887.2998046875,4878.89990234375,4879.7001953125
1771340880,4880.2998046875,4885.0,4874.60009765625,4875.7001953125
1771341000,4877.10009765625,4883.0,4868.39990234375,4871.7001953125
1771341120,4871.7001953125,4883.2001953125,4871.7001953125,4874.2001953125
1771341240,4873.0,4878.7998046875,4871.60009765625,4874.5
1771341360,4875.0,4882.2998046875,4875.0,4879.39990234375
1771341480,4878.7998046875,4893.7001953125,4878.7998046875,4892.60009765625
1771341600,4893.39990234375,4893.39990234375,4881.2998046875,4886.2998046875
1771341720,4885.5,4896.89990234375,4884.39990234375,4888.39990234375
1771341840,4889.10009765625,4890.7001953125,4885.89990234375,4888.0
1771341960,4888.7001953125,4890.0,4883.2998046875,4884.39990234375
1771342080,4883.89990234375,4886.10009765625,4879.0,4880.39990234375
1771342200,4880.0,4882.2998046875,4875.89990234375,4881.60009765625
1771342320,4881.5,4881.7001953125,4873.60009765625,4877.10009765625
1771342440,4877.89990234375,4880.7001953125,4871.0,4873.60009765625
1771342560,4873.2998046875,4884.0,4873.0,4879.0
1771342680,4879.39990234375,4883.39990234375,4876.39990234375,4883.10009765625
1771342800,4884.0,4891.7001953125,4883.60009765625,4886.39990234375
1771342920,4885.7998046875,4887.89990234375,4880.7001953125,4884.60009765625
1771343040,4884.5,4888.0,4882.0,4888.0
1771343160,4887.2998046875,4892.2998046875,4885.39990234375,4890.10009765625
1771343280,4891.0,4894.10009765625,4885.7001953125,4887.2001953125
1771343400,4886.39990234375,4889.89990234375,4879.60009765625,4889.0
1771343520,4888.7998046875,4889.10009765625,4882.0,4885.5
1771343640,4885.89990234375,4889.7001953125,4883.5,4888.89990234375
1771343760,4888.10009765625,4896.39990234375,4885.7998046875,4895.89990234375
1771343880,4895.7001953125,4902.10009765625,4893.60009765625,4897.2001953125
1771344000,4897.10009765625,4901.7001953125,4896.5,4901.2998046875
1771344120,4900.0,4907.0,4899.2001953125,4899.89990234375
1771344240,4900.0,4904.0,4894.10009765625,4903.60009765625
1771344360,4904.0,4913.0,4902.10009765625,4910.2001953125
1771344480,4910.2001953125,4910.60009765625,4905.39990234375,4907.7001953125
1771344600,4907.60009765625,4910.0,4906.2001953125,4907.7998046875
1771344720,4907.7998046875,4908.2998046875,4902.0,4905.7998046875
1771344840,4905.2001953125,4905.5,4901.39990234375,4905.5
1771344960,4906.10009765625,4909.2998046875,4903.7998046875,4908.2998046875
1771345080,4908.7001953125,4908.89990234375,4903.89990234375,4903.89990234375
1771345200,4904.2001953125,4907.89990234375,4902.60009765625,4905.2001953125
1771345320,4905.7001953125,4910.5,4904.39990234375,4908.7998046875
1771345440,4907.7998046875,4908.2001953125,4901.7001953125,4901.7001953125
1771345560,4901.39990234375,4907.0,4899.39990234375,4904.89990234375
1771345680,4905.10009765625,4905.2998046875,4901.60009765625,4902.5
1771345800,4902.39990234375,4903.89990234375,4894.7998046875,4902.2998046875
1771345920,4903.0,4905.0,4899.5,4900.7998046875
1771346040,4900.60009765625,4900.89990234375,4896.89990234375,4898.2001953125
1771346160,4898.39990234375,4901.10009765625,4897.2998046875,4898.2001953125
1771346280,4897.7998046875,4900.39990234375,4895.7998046875,4897.5
1771346400,4897.2998046875,4900.0,4895.0,4898.89990234375
1771346520,4899.2001953125,4906.60009765625,4892.7998046875,4893.7998046875
1771346640,4893.2001953125,4900.89990234375,4892.7998046875,4899.2001953125
1771346760,4898.89990234375,4898.89990234375,4893.2001953125,4896.0
1771346880,4895.60009765625,4899.10009765625,4893.0,4896.39990234375
1771347000,4896.60009765625,4900.39990234375,4894.10009765625,4900.39990234375
1771347120,4900.39990234375,4902.89990234375,4895.0,4895.0
1771347240,4894.2001953125,4895.60009765625,4892.2998046875,4895.0
1771347360,4894.7001953125,4895.5,4887.2001953125,4888.60009765625
1771347480,4887.89990234375,4889.7001953125,4886.7998046875,4887.7001953125
1771347600,4887.5,4888.10009765625,4875.7998046875,4884.0
1771347720,4883.89990234375,4889.7001953125,4883.10009765625,4888.89990234375
1771347840,4888.0,4890.0,4884.5,4886.7998046875
1771347960,4886.10009765625,4890.0,4885.89990234375,4889.0
1771348080,4888.5,4888.5,4883.0,4884.2001953125
1771348200,4883.7998046875,4885.89990234375,4868.0,4874.39990234375
1771348320,4874.60009765625,4875.7998046875,4869.10009765625,4874.2998046875
1771348440,4873.89990234375,4877.39990234375,4871.5,4874.39990234375
1771348560,4874.60009765625,4879.2001953125,4873.89990234375,4878.7998046875
1771348680,4879.2001953125,4883.10009765625,4878.60009765625,4881.7001953125
1771348800,4882.39990234375,4883.0,4879.7998046875,4880.10009765625
1771348920,4881.2001953125,4882.7001953125,4877.60009765625,4878.39990234375
1771349040,4877.89990234375,4879.2001953125,4875.7998046875,4877.5
1771349160,4876.7998046875,4882.0,4876.7998046875,4882.0
1771349280,4881.0,4884.10009765625,4880.0,4883.5
1771349400,4883.2998046875,4886.89990234375,4882.39990234375,4883.5
1771349520,4884.10009765625,4885.0,4880.0,4881.5
1771349640,4881.89990234375,4883.89990234375,4880.89990234375,4882.7001953125
1771349760,4882.7998046875,4887.0,4882.2998046875,4883.7998046875
1771349880,4883.7001953125,4884.5,4880.89990234375,4882.5
1771350000,4882.89990234375,4884.2001953125,4879.7001953125,4882.5
1771350120,4882.2001953125,4883.0,4878.0,4879.7998046875
1771350240,4879.5,4880.60009765625,4874.10009765625,4877.60009765625
1771350360,4878.0,4880.10009765625,4875.10009765625,4879.2998046875
1771350480,4878.89990234375,4882.39990234375,4877.39990234375,4882.0
1771350600,4881.10009765625,4884.5,4878.60009765625,4878.60009765625
1771350720,4878.60009765625,4878.60009765625,4872.39990234375,4874.7001953125
1771350840,4875.2998046875,4880.2998046875,4873.60009765625,4879.2998046875
1771350960,4879.2001953125,4885.39990234375,4878.2001953125,4884.7998046875
1771351080,4884.89990234375,4886.5,4881.2001953125,4884.0
1771351200,4883.5,4889.0,4882.2998046875,4886.2998046875
1771351320,4885.7998046875,4889.2998046875,4884.7998046875,4888.89990234375
1771351440,4888.7001953125,4890.7998046875,4885.0,4886.2001953125
1771351560,4886.0,4886.60009765625,4885.0,4885.0
1771351680,4885.0,4886.89990234375,4881.10009765625,4883.7998046875
1771351800,4884.10009765625,4886.2998046875,4882.10009765625,4885.0
1771351920,4885.0,4885.39990234375,4882.0,4884.7001953125
1771352040,4884.7998046875,4893.5,4884.7001953125,4892.89990234375
1771352160,4893.10009765625,4894.2998046875,4889.39990234375,4892.89990234375
1771352280,4892.5,4897.2001953125,4892.5,4896.5
1771352400,4896.89990234375,4902.7001953125,4896.10009765625,4898.39990234375
1771352520,4898.0,4901.7001953125,4896.5,4898.2001953125
1771352640,4898.60009765625,4910.7001953125,4898.2998046875,4904.5
1771352760,4903.89990234375,4904.39990234375,4899.89990234375,4903.5
1771352880,4904.10009765625,4907.5,4903.39990234375,4906.10009765625
1771353000,4905.5,4906.10009765625,4898.7001953125,4901.7998046875
1771353120,4901.7001953125,4902.5,4900.39990234375,4901.39990234375
1771353240,4901.89990234375,4906.0,4899.7001953125,4906.0
1771353360,4906.39990234375,4909.89990234375,4905.10009765625,4906.2001953125
1771353480,4906.5,4910.5,4906.2998046875,4909.60009765625
1771353600,4910.0,4914.7998046875,4909.7001953125,4911.60009765625
1771353720,4911.10009765625,4912.0,4908.2998046875,4910.10009765625
1771353840,4911.0,4911.0,4907.7001953125,4908.5
1771353960,4908.7998046875,4910.0,4904.7998046875,4906.39990234375
1771354080,4906.10009765625,4911.60009765625,4904.7001953125,4911.2998046875
1771354200,4910.60009765625,4917.0,4910.0,4914.2998046875
1771354320,4914.5,4914.7001953125,4909.2001953125,4910.7998046875
1771354440,4911.5,4920.2998046875,4911.5,4917.5
1771354560,4917.5,4931.0,4916.89990234375,4922.5
1771354680,4922.5,4922.7001953125,4916.2001953125,4917.7001953125
1771354800,4917.89990234375,4918.60009765625,4912.7998046875,4914.7001953125
1771354920,4915.2998046875,4920.2998046875,4915.2998046875,4919.39990234375
1771355040,4919.60009765625,4920.60009765625,4914.2998046875,4914.89990234375
1771355160,4915.39990234375,4919.60009765625,4913.60009765625,4918.0
1771355280,4918.2001953125,4918.7998046875,4915.7001953125,4916.7998046875
1771355400,4916.7001953125,4916.7001953125,4913.60009765625,4914.0
1771355520,4913.0,4915.2001953125,4911.5,4912.7001953125
1771355640,4913.0,4914.2001953125,4911.7998046875,4913.2998046875
1771355760,4913.2998046875,4914.2998046875,4912.2998046875,4914.2998046875
1771355880,4915.2001953125,4917.10009765625,4908.10009765625,4908.60009765625
1771356000,4909.39990234375,4910.89990234375,4905.7998046875,4909.2998046875
1771356120,4909.60009765625,4912.7998046875,4909.60009765625,4911.5
1771356240,4911.7001953125,4912.10009765625,4908.39990234375,4909.2001953125
1771356360,4909.10009765625,4909.10009765625,4906.2001953125,4906.2998046875
1771356480,4907.2001953125,4907.89990234375,4900.39990234375,4902.7998046875
1771356600,4902.5,4902.7998046875,4895.2001953125,4898.60009765625
1771356720,4899.0,4899.2998046875,4897.5,4897.89990234375
1771356840,4898.7998046875,4900.7998046875,4898.60009765625,4899.0
1771356960,4900.5,4906.39990234375,4900.5,4904.10009765625
1771357080,4904.60009765625,4904.60009765625,4902.7998046875,4904.2001953125
1771357200,4904.39990234375,4907.2001953125,4904.0,4904.39990234375
1771357320,4904.0,4904.5,4901.7998046875,4902.10009765625
1771357440,4902.39990234375,4903.39990234375,4901.89990234375,4902.39990234375
1771357560,4902.60009765625,4903.60009765625,4900.60009765625,4900.7001953125
1771357680,4901.39990234375,4904.2998046875,4901.2001953125,4903.7998046875
1771357800,4903.7001953125,4904.7998046875,4901.0,4901.2001953125
1771357920,4901.7001953125,4902.5,4900.60009765625,4901.39990234375
1771358040,4901.7001953125,4903.2001953125,4901.0,4903.0
1771358160,4903.10009765625,4903.10009765625,4900.0,4900.10009765625
1771358280,4899.60009765625,4900.89990234375,4898.7001953125,4899.2998046875
1771358400,4899.2001953125,4901.2001953125,4897.5,4898.89990234375
1771358520,4898.5,4898.5,4893.7001953125,4895.0
1771358640,4895.2998046875,4897.89990234375,4892.2001953125,4897.10009765625
1771358760,4896.5,4897.2001953125,4894.39990234375,4895.10009765625
1771358880,4894.89990234375,4896.0,4893.5,4895.39990234375
1771359000,4896.0,4898.39990234375,4895.89990234375,4897.89990234375
1771359120,4898.2998046875,4898.2998046875,4896.10009765625,4898.10009765625
1771359240,4898.2001953125,4898.89990234375,4896.5,4897.7001953125
1771359360,4898.10009765625,4898.7001953125,4896.2998046875,4897.89990234375
1771359480,4897.0,4897.7001953125,4894.5,4895.10009765625
1771359600,4895.0,4895.7001953125,4891.7001953125,4895.60009765625
1771359720,4896.60009765625,4896.60009765625,4893.39990234375,4894.0
1771359840,4893.10009765625,4895.7001953125,4891.89990234375,4895.7001953125
1771359960,4896.2001953125,4897.7001953125,4894.89990234375,4897.5
1771360080,4897.7998046875,4897.7998046875,4895.39990234375,4896.89990234375
1771360200,4895.60009765625,4898.0,4892.5,4892.60009765625
1771360320,4894.5,4895.7998046875,4893.89990234375,4894.0
1771360440,4894.0,4896.39990234375,4892.2001953125,4894.5
1771360560,4894.10009765625,4896.0,4893.10009765625,4893.10009765625
1771360680,4893.10009765625,4898.0,4893.0,4897.10009765625
1771360800,4896.7998046875,4900.60009765625,4896.0,4900.2001953125
1771360920,4900.7001953125,4902.39990234375,4898.0,4898.2998046875
1771361040,4898.89990234375,4899.2001953125,4896.5,4899.0
1771361160,4898.7001953125,4900.5,4897.7998046875,4897.7998046875
1771361280,4897.5,4899.2001953125,4897.5,4898.60009765625
1771361400,4899.7998046875,4902.60009765625,4898.60009765625,4898.60009765625
1771361520,4898.7998046875,4901.2001953125,4898.7998046875,4900.39990234375
1771361640,4900.39990234375,4902.0,4897.2001953125,4902.0
1771361760,4901.60009765625,4902.60009765625,4898.60009765625,4899.2001953125
1771361880,4899.39990234375,4900.0,4895.10009765625,4896.7001953125
1771362000,4896.2001953125,4903.2001953125,4894.0,4902.60009765625
1771362120,4903.2001953125,4903.2001953125,4900.60009765625,4901.2998046875
1771362240,4901.39990234375,4901.5,4898.10009765625,4898.10009765625
1771362360,4897.7998046875,4897.89990234375,4893.5,4894.0
1771362480,4893.7001953125,4898.5,4893.7001953125,4897.10009765625
1771362600,4896.89990234375,4898.60009765625,4896.60009765625,4896.89990234375
1771362720,4897.10009765625,4900.5,4896.5,4899.7998046875
1771362840,4899.2001953125,4902.0,4898.0,4901.5
1771362960,4901.7001953125,4905.2001953125,4901.7001953125,4904.10009765625
1771363080,4903.60009765625,4904.0,4901.2001953125,4901.7001953125
1771363200,4901.5,4901.5,4898.89990234375,4899.60009765625
1771363320,4899.7001953125,4900.39990234375,4898.10009765625,4898.39990234375
1771363440,4897.7998046875,4900.2998046875,4896.0,4899.7998046875
1771363560,4899.2998046875,4900.39990234375,4899.2001953125,4900.10009765625
1771363680,4899.60009765625,4900.0,4898.2998046875,4898.2998046875
1771363800,4898.0,4899.2998046875,4898.0,4898.60009765625
1771363920,4898.7001953125,4898.7001953125,4898.0,4898.39990234375
1771364040,4898.2001953125,4898.2998046875,4897.2998046875,4898.2998046875
1771364160,4898.60009765625,4898.60009765625,4898.60009765625,4898.60009765625
1771364280,4899.39990234375,4900.2998046875,4897.39990234375,4897.7998046875
1771364400,4897.39990234375,4899.60009765625,4897.2001953125,4899.2998046875
1771364520,4898.89990234375,4899.60009765625,4898.39990234375,4898.7998046875
1771364640,4898.2001953125,4898.39990234375,4897.60009765625,4898.39990234375
1771364760,4898.10009765625,4898.10009765625,4895.5,4895.60009765625
1771364880,4895.5,4896.7998046875,4895.39990234375,4895.89990234375
1771365000,4895.7998046875,4896.10009765625,4895.39990234375,4896.10009765625
1771365120,4895.5,4896.60009765625,4895.39990234375,4896.60009765625
1771365240,4896.0,4897.0,4895.0,4895.10009765625
1771365360,4894.89990234375,4896.89990234375,4894.60009765625,4896.39990234375
1771365480,4896.39990234375,4896.7001953125,4895.2998046875,4896.10009765625
1771369200,4898.5,4899.0,4868.5,4884.2001953125
1771369320,4883.60009765625,4892.89990234375,4877.0,4890.10009765625
1771369440,4888.0,4891.2998046875,4882.89990234375,4887.2001953125
1771369560,4886.7998046875,4892.0,4886.5,4890.7001953125
1771369680,4891.0,4893.2001953125,4889.89990234375,4891.60009765625
1771369800,4892.0,4892.0,4883.2998046875,4889.60009765625
1771369920,4888.89990234375,4892.5,4888.60009765625,4892.5
1771370040,4893.39990234375,4902.2001953125,4892.2998046875,4898.7998046875
1771370160,4899.0,4899.0,4895.7001953125,4896.89990234375
1771370280,4898.0,4898.0,4885.39990234375,4891.89990234375
1771370400,4891.2001953125,4896.5,4891.2001953125,4896.5
1771370520,4896.10009765625,4896.10009765625,4888.0,4888.2001953125
1771370640,4886.7998046875,4891.0,4885.39990234375,4889.60009765625
1771370760,4891.10009765625,4893.2001953125,4890.2998046875,4892.2001953125
1771370880,4891.39990234375,4896.5,4891.39990234375,4896.5
1771371000,4895.7998046875,4901.7001953125,4893.0,4894.0
1771371120,4893.0,4894.89990234375,4889.10009765625,4889.2001953125
1771371240,4888.89990234375,4890.39990234375,4885.89990234375,4888.7001953125
1771371360,4889.2001953125,4889.39990234375,4887.2001953125,4888.10009765625
1771371480,4887.89990234375,4888.89990234375,4884.0,4884.2001953125
1771371600,4884.2998046875,4887.60009765625,4884.2001953125,4887.60009765625
1771371720,4888.5,4892.10009765625,4888.5,4892.0
1771371840,4891.5,4894.7998046875,4890.2001953125,4890.7998046875
1771371960,4889.89990234375,4890.0,4886.60009765625,4888.60009765625
1771372080,4888.39990234375,4888.39990234375,4880.39990234375,4882.2998046875
1771372200,4882.89990234375,4883.0,4876.7998046875,4877.7001953125
1771372320,4878.2001953125,4880.39990234375,4871.2998046875,4874.39990234375
1771372440,4875.2998046875,4876.10009765625,4871.89990234375,4873.0
1771372560,4873.89990234375,4880.0,4872.5,4878.5
1771372680,4877.89990234375,4878.89990234375,4874.2998046875,4876.89990234375
1771372800,4876.0,4883.0,4875.7998046875,4883.0
1771372920,4882.2998046875,4888.7001953125,4878.2001953125,4878.60009765625
1771373040,4878.0,4885.5,4877.7001953125,4882.60009765625
1771373160,4882.2998046875,4882.2998046875,4878.0,4879.39990234375
1771373280,4879.10009765625,4884.7001953125,4877.2001953125,4884.10009765625
1771373400,4883.7001953125,4886.0,4882.0,4884.7998046875
1771373520,4885.0,4886.60009765625,4881.2998046875,4881.2998046875
1771373640,4882.10009765625,4884.0,4878.7001953125,4884.0
1771373760,4883.39990234375,4888.0,4882.2001953125,4883.7998046875
1771373880,4883.7001953125,4883.7001953125,4882.60009765625,4883.39990234375
1771374000,4882.7001953125,4882.89990234375,4876.0,4880.2998046875
1771374120,4880.2998046875,4886.89990234375,4880.2998046875,4886.89990234375
1771374240,4886.2001953125,4890.0,4885.0,4888.5
1771374360,4888.7001953125,4889.5,4886.89990234375,4889.5
1771374480,4888.89990234375,4889.89990234375,4886.89990234375,4886.89990234375
1771374600,4886.7998046875,4889.2998046875,4885.7998046875,4888.2998046875
1771374720,4888.7998046875,4894.89990234375,4888.7998046875,4894.89990234375
1771374840,4895.0,4897.0,4891.2998046875,4896.0
1771374960,4895.2001953125,4898.39990234375,4894.10009765625,4894.10009765625
1771375080,4894.0,4894.10009765625,4891.7998046875,4894.10009765625
1771375200,4894.0,4899.5,4894.0,4899.5
1771375320,4899.2998046875,4899.5,4894.7001953125,4895.5
1771375440,4895.7998046875,4897.2001953125,4895.39990234375,4895.7001953125
1771375560,4894.2001953125,4896.7998046875,4893.0,4894.2001953125
1771375680,4894.60009765625,4896.0,4893.0,4896.0
1771375800,4896.10009765625,4899.0,4896.10009765625,4898.0
1771375920,4898.0,4901.2001953125,4895.39990234375,4895.89990234375
1771376040,4897.60009765625,4898.2998046875,4895.60009765625,4898.2998046875
1771376160,4897.39990234375,4898.89990234375,4893.7001953125,4894.7998046875
1771376280,4894.2998046875,4895.2998046875,4887.5,4891.7998046875
1771376400,4891.7998046875,4900.0,4891.7998046875,4899.2001953125
1771376520,4899.60009765625,4907.0,4899.2001953125,4903.5
1771376640,4902.89990234375,4903.60009765625,4897.60009765625,4902.7001953125
1771376760,4901.7998046875,4905.39990234375,4901.39990234375,4905.39990234375
1771376880,4905.7998046875,4907.2998046875,4903.10009765625,4905.60009765625
1771377000,4904.89990234375,4905.5,4900.60009765625,4901.39990234375
1771377120,4901.10009765625,4909.0,4900.89990234375,4905.0
1771377240,4905.0,4906.2998046875,4902.7001953125,4904.7001953125
1771377360,4904.89990234375,4909.7998046875,4904.89990234375,4906.10009765625
1771377480,4905.2998046875,4906.39990234375,4900.5,4902.2001953125
1771377600,4902.60009765625,4905.0,4901.10009765625,4901.89990234375
1771377720,4902.89990234375,4903.0,4901.60009765625,4902.0
1771377840,4901.2001953125,4902.39990234375,4899.0,4902.39990234375
1771377960,4903.2001953125,4906.60009765625,4902.7001953125,4905.39990234375
1771378080,4905.39990234375,4905.5,4904.0,4905.2001953125
1771378200,4904.5,4906.0,4901.89990234375,4904.60009765625
1771378320,4904.10009765625,4908.2001953125,4903.7001953125,4908.0
1771378440,4907.89990234375,4908.7998046875,4906.10009765625,4908.7998046875
1771378560,4908.7998046875,4911.7001953125,4906.2001953125,4906.7998046875
1771378680,4905.7001953125,4906.7998046875,4905.0,4905.39990234375
1771378800,4905.7998046875,4906.2001953125,4905.5,4905.7001953125
1771378920,4905.39990234375,4907.89990234375,4905.0,4907.10009765625
1771379040,4906.89990234375,4906.89990234375,4900.89990234375,4901.89990234375
1771379160,4902.10009765625,4904.2998046875,4901.39990234375,4903.89990234375
1771379280,4904.2998046875,4906.7998046875,4904.2998046875,4905.10009765625
1771379400,4904.10009765625,4904.10009765625,4901.2001953125,4902.10009765625
1771379520,4902.7998046875,4904.7001953125,4900.2998046875,4902.7998046875
1771379640,4903.2998046875,4906.2001953125,4902.5,4905.39990234375
1771379760,4905.0,4907.39990234375,4903.0,4907.10009765625
1771379880,4908.2998046875,4910.60009765625,4906.0,4908.0
1771380000,4907.2998046875,4910.0,4904.60009765625,4910.0
1771380120,4910.0,4910.89990234375,4908.0,4908.0
1771380240,4908.2998046875,4918.10009765625,4907.89990234375,4914.60009765625
1771380360,4913.7998046875,4918.89990234375,4913.2001953125,4918.2998046875
1771380480,4917.5,4919.10009765625,4917.0,4918.0
1771380600,4918.0,4918.7001953125,4915.10009765625,4916.2998046875
1771380720,4915.89990234375,4920.2998046875,4914.89990234375,4918.7998046875
1771380840,4917.39990234375,4917.39990234375,4915.7998046875,4916.7998046875
1771380960,4917.5,4918.0,4914.5,4918.0
1771381080,4917.39990234375,4918.5,4914.10009765625,4914.2998046875
1771381200,4915.10009765625,4915.2001953125,4913.5,4915.2001953125
1771381320,4914.5,4917.7998046875,4914.5,4917.7998046875
1771381440,4918.0,4923.0,4916.7998046875,4919.89990234375
1771381560,4919.10009765625,4922.0,4918.7998046875,4919.89990234375
1771381680,4919.89990234375,4922.2998046875,4919.0,4919.0
1771381800,4919.2998046875,4922.2998046875,4919.2998046875,4920.7001953125
1771381920,4921.39990234375,4921.7998046875,4919.0,4921.7998046875
1771382040,4922.2001953125,4925.0,4921.2998046875,4924.89990234375
1771382160,4924.39990234375,4924.39990234375,4922.39990234375,4924.10009765625
1771382280,4923.2001953125,4923.7998046875,4921.7998046875,4923.7998046875
1771382400,4923.2998046875,4923.60009765625,4922.10009765625,4923.60009765625
1771382520,4923.39990234375,4924.39990234375,4923.39990234375,4924.2998046875
1771382640,4923.7001953125,4924.89990234375,4923.2001953125,4924.39990234375
1771382760,4923.39990234375,4923.7001953125,4922.7998046875,4922.7998046875
1771382880,4921.5,4922.7001953125,4921.5,4922.10009765625
1771383000,4922.0,4923.89990234375,4921.7001953125,4923.7998046875
1771383120,4923.10009765625,4925.5,4922.89990234375,4925.5
1771383240,4925.2998046875,4925.7998046875,4922.7001953125,4923.2001953125
1771383360,4923.39990234375,4923.39990234375,4921.0,4921.7998046875
1771383480,4921.2998046875,4923.7998046875,4921.2001953125,4923.7998046875
1771383600,4924.0,4926.0,4922.7001953125,4924.0
1771383720,4924.10009765625,4927.89990234375,4924.10009765625,4927.0
1771383840,4927.5,4933.2998046875,4927.10009765625,4932.39990234375
1771383960,4932.2998046875,4936.0,4931.7001953125,4933.5
1771384080,4932.7998046875,4933.7998046875,4931.7998046875,4933.7998046875
1771384200,4933.7998046875,4934.7998046875,4933.10009765625,4934.2998046875
1771384320,4933.5,4934.5,4930.2998046875,4930.2998046875
1771384440,4930.2998046875,4934.2001953125,4930.2998046875,4933.39990234375
1771384560,4933.0,4933.7001953125,4931.2998046875,4933.7001953125
1771384680,4933.89990234375,4935.60009765625,4932.7998046875,4934.10009765625
1771384800,4934.2001953125,4938.39990234375,4934.10009765625,4937.5
1771384920,4937.7001953125,4938.2998046875,4935.89990234375,4937.60009765625
1771385040,4937.2001953125,4938.89990234375,4937.2001953125,4938.2998046875
1771385160,4937.7001953125,4938.39990234375,4936.0,4938.39990234375
1771385280,4938.0,4938.60009765625,4937.0,4937.89990234375
1771385400,4938.10009765625,4939.7001953125,4936.39990234375,4937.7001953125
1771385520,4936.7001953125,4937.7001953125,4936.5,4937.0
1771385640,4937.7998046875,4937.7998046875,4935.0,4937.2998046875
1771385760,4937.10009765625,4937.7001953125,4936.39990234375,4936.60009765625
1771385880,4936.39990234375,4936.5,4935.7001953125,4935.7001953125
1771386000,4936.60009765625,4937.10009765625,4936.5,4936.5
1771386120,4936.2001953125,4937.0,4935.7001953125,4936.89990234375
1771386240,4936.5,4937.39990234375,4936.5,4937.0
1771386360,4937.2001953125,4937.5,4936.7001953125,4936.89990234375
1771386480,4937.2001953125,4938.89990234375,4937.0,4938.2998046875
1771386600,4938.89990234375,4939.10009765625,4937.0,4937.89990234375
1771386720,4939.0,4939.0,4937.2998046875,4937.89990234375
1771386840,4938.2998046875,4940.60009765625,4938.0,4940.0
1771386960,4940.10009765625,4940.60009765625,4938.2001953125,4938.60009765625
1771387080,4938.2998046875,4940.5,4938.2001953125,4939.5
1771387200,4939.10009765625,4940.0,4938.39990234375,4938.39990234375
1771387320,4938.0,4939.0,4937.60009765625,4937.7001953125
1771387440,4937.39990234375,4941.10009765625,4937.0,4940.2998046875
1771387560,4940.7998046875,4943.2001953125,4940.7998046875,4943.0
1771387680,4943.2001953125,4947.5,4943.10009765625,4944.2998046875
1771387800,4944.2998046875,4948.89990234375,4944.2998046875,4947.39990234375
1771387920,4946.89990234375,4949.89990234375,4945.10009765625,4949.2001953125
1771388040,4949.60009765625,4950.0,4945.10009765625,4946.7001953125
1771388160,4946.5,4946.5,4943.5,4943.89990234375
1771388280,4944.2001953125,4946.10009765625,4943.89990234375,4945.39990234375
1771388400,4945.2998046875,4947.10009765625,4944.89990234375,4947.10009765625
1771388520,4947.39990234375,4948.39990234375,4946.2998046875,4947.2998046875
1771388640,4947.39990234375,4947.7001953125,4947.39990234375,4947.7001953125
1771388760,4947.7998046875,4949.60009765625,4947.7998046875,4949.60009765625
1771388880,4949.39990234375,4952.2998046875,4949.2001953125,4952.0
1771389000,4952.2998046875,4953.60009765625,4952.10009765625,4953.2001953125
1771389120,4953.2998046875,4955.7998046875,4952.60009765625,4954.60009765625
1771389240,4953.60009765625,4954.7001953125,4953.10009765625,4953.7001953125
1771389360,4953.2998046875,4954.89990234375,4953.2001953125,4953.39990234375
1771389480,4953.2998046875,4954.2001953125,4951.2001953125,4952.2001953125
1771389600,4952.0,4952.89990234375,4950.2001953125,4952.10009765625
1771389720,4951.5,4952.5,4951.2998046875,4951.7001953125
1771389840,4951.7998046875,4952.5,4951.39990234375,4952.5
1771389960,4951.89990234375,4953.7998046875,4951.39990234375,4953.2001953125
1771390080,4952.89990234375,4956.7998046875,4952.2998046875,4956.7998046875
1771390200,4956.89990234375,4957.7001953125,4955.39990234375,4956.60009765625
1771390320,4956.10009765625,4961.7998046875,4956.10009765625,4957.7001953125
1771390440,4957.7001953125,4957.89990234375,4952.2998046875,4953.0
1771390560,4952.89990234375,4953.5,4951.60009765625,4953.0
1771390680,4952.7998046875,4952.7998046875,4951.2998046875,4951.60009765625
1771390800,4953.5,4957.89990234375,4953.5,4955.89990234375
1771390920,4955.2998046875,4956.0,4953.89990234375,4954.2998046875
1771391040,4953.89990234375,4954.5,4952.0,4952.0
1771391160,4952.2001953125,4953.2998046875,4949.2001953125,4951.89990234375
1771391280,4951.89990234375,4951.89990234375,4949.60009765625,4950.89990234375
1771391400,4950.89990234375,4952.0,4949.39990234375,4951.7001953125
1771391520,4951.5,4953.2998046875,4951.0,4951.7998046875
1771391640,4951.2001953125,4952.7998046875,4950.2001953125,4952.7998046875
1771391760,4951.5,4951.5,4950.7001953125,4950.89990234375
1771391880,4950.7998046875,4952.2998046875,4950.7998046875,4951.89990234375
1771392000,4952.7001953125,4954.0,4952.7001953125,4953.39990234375
1771392120,4952.89990234375,4953.60009765625,4952.7998046875,4953.10009765625
1771392240,4954.2001953125,4955.89990234375,4954.2001953125,4955.10009765625
1771392360,4955.5,4958.60009765625,4955.5,4956.2001953125
1771392480,4955.7998046875,4956.7998046875,4953.5,4954.7001953125
1771392600,4954.89990234375,4955.5,4954.0,4955.10009765625
1771392720,4955.2998046875,4955.2998046875,4954.5,4955.0
1771392840,4955.2998046875,4955.5,4954.89990234375,4955.5
1771392960,4955.2998046875,4955.2998046875,4954.2001953125,4955.0
1771393080,4954.7998046875,4959.10009765625,4954.7998046875,4958.2998046875
1771393200,4957.60009765625,4958.2998046875,4955.0,4958.0
1771393320,4957.39990234375,4957.39990234375,4955.0,4955.0
1771393440,4955.0,4955.10009765625,4953.0,4953.5
1771393560,4953.5,4954.5,4953.10009765625,4953.7001953125
1771393680,4954.0,4955.10009765625,4953.89990234375,4954.60009765625
1771393800,4954.39990234375,4955.7998046875,4954.2998046875,4955.7998046875
1771393920,4955.10009765625,4958.0,4955.10009765625,4956.10009765625
1771394040,4955.5,4955.7998046875,4954.7998046875,4955.7998046875
1771394160,4954.2001953125,4954.60009765625,4953.7998046875,4953.7998046875
1771394280,4954.2001953125,4954.2001953125,4952.0,4952.39990234375
1771394400,4952.7001953125,4952.89990234375,4947.2998046875,4949.60009765625
1771394520,4950.39990234375,4951.5,4949.5,4951.5
1771394640,4951.7001953125,4951.89990234375,4950.2001953125,4951.10009765625
1771394760,4950.5,4951.39990234375,4949.39990234375,4949.60009765625
1771394880,4949.2998046875,4950.0,4944.2001953125,4946.89990234375
1771395000,4946.89990234375,4948.7998046875,4946.89990234375,4948.2001953125
1771395120,4948.39990234375,4948.39990234375,4945.10009765625,4945.89990234375
1771395240,4945.39990234375,4947.0,4945.39990234375,4947.0
1771395360,4946.2001953125,4946.89990234375,4944.5,4944.7001953125
1771395480,4944.7998046875,4947.0,4944.7998046875,4946.7998046875
1771395600,4946.0,4948.7001953125,4946.0,4948.60009765625
1771395720,4948.7998046875,4951.39990234375,4948.7001953125,4950.2001953125
1771395840,4950.7998046875,4952.0,4950.60009765625,4951.60009765625
1771395960,4951.2001953125,4952.5,4950.10009765625,4950.5
1771396080,4951.0,4951.10009765625,4949.5,4949.60009765625
1771396200,4949.2998046875,4951.7998046875,4949.2001953125,4950.10009765625
1771396320,4950.0,4950.0,4947.2998046875,4948.10009765625
1771396440,4947.60009765625,4947.7001953125,4945.7998046875,4946.60009765625
1771396560,4947.2001953125,4948.2001953125,4947.0,4948.10009765625
1771396680,4947.60009765625,4948.60009765625,4946.7998046875,4947.89990234375
1771396800,4948.10009765625,4950.7998046875,4947.2001953125,4950.7998046875
1771396920,4951.0,4952.0,4950.39990234375,4950.7998046875
1771397040,4951.0,4952.0,4948.89990234375,4951.60009765625
1771397160,4952.0,4954.2998046875,4952.0,4952.0
1771397280,4952.2998046875,4955.2998046875,4952.2998046875,4955.10009765625
1771397400,4955.10009765625,4955.2998046875,4952.39990234375,4953.7001953125
1771397520,4953.89990234375,4955.2998046875,4953.7998046875,4954.0
1771397640,4953.89990234375,4954.2998046875,4951.60009765625,4952.2001953125
1771397760,4952.5,4953.2998046875,4951.2001953125,4951.7001953125
1771397880,4951.39990234375,4951.39990234375,4949.7001953125,4949.7001953125
1771398000,4949.60009765625,4951.60009765625,4949.5,4951.60009765625
1771398120,4951.10009765625,4954.10009765625,4951.10009765625,4953.7001953125
1771398240,4953.60009765625,4954.7998046875,4952.39990234375,4953.7998046875
1771398360,4953.89990234375,4958.39990234375,4953.89990234375,4958.10009765625
1771398480,4958.5,4958.5,4956.39990234375,4958.0
1771398600,4957.39990234375,4958.0,4955.2001953125,4956.10009765625
1771398720,4955.7998046875,4958.2001953125,4954.7998046875,4957.89990234375
1771398840,4957.89990234375,4961.5,4956.7001953125,4957.2998046875
1771398960,4957.2998046875,4958.60009765625,4955.0,4957.0
1771399080,4956.89990234375,4957.2001953125,4953.10009765625,4953.10009765625
1771399200,4952.7998046875,4954.5,4952.7998046875,4954.2998046875
1771399320,4953.89990234375,4954.39990234375,4951.2001953125,4954.39990234375
1771399440,4954.2998046875,4954.89990234375,4953.0,4953.2001953125
1771399560,4952.7001953125,4954.2001953125,4952.7001953125,4954.10009765625
1771399680,4954.5,4962.2001953125,4954.5,4958.5
1771399800,4957.89990234375,4959.7001953125,4956.2001953125,4958.5
1771399920,4959.10009765625,4960.0,4956.89990234375,4957.89990234375
1771400040,4958.5,4959.2001953125,4957.5,4958.2998046875
1771400160,4958.39990234375,4960.0,4957.89990234375,4958.7998046875
1771400280,4959.2001953125,4959.2998046875,4956.2001953125,4956.2001953125
1771400400,4956.0,4956.0,4953.5,4954.10009765625
1771400520,4953.60009765625,4954.10009765625,4953.0,4953.39990234375
1771400640,4953.2998046875,4954.10009765625,4952.89990234375,4952.89990234375
1771400760,4953.7998046875,4954.7998046875,4952.7001953125,4953.0
1771400880,4953.0,4953.0,4950.0,4951.0
1771401000,4951.7001953125,4951.7001953125,4950.39990234375,4950.60009765625
1771401120,4950.2998046875,4950.7001953125,4949.0,4949.7998046875
1771401240,4949.7001953125,4950.89990234375,4949.2001953125,4950.2998046875
1771401360,4950.2001953125,4951.2001953125,4949.0,4949.7998046875
1771401480,4949.10009765625,4950.2998046875,4948.60009765625,4949.5
1771401600,4950.2001953125,4952.39990234375,4950.0,4950.2998046875
1771401720,4950.2001953125,4953.2001953125,4950.2001953125,4951.2998046875
1771401840,4951.39990234375,4951.39990234375,4947.0,4949.60009765625
1771401960,4949.2998046875,4951.2001953125,4946.7001953125,4947.60009765625
1771402080,4947.60009765625,4949.5,4946.60009765625,4949.5
1771402200,4949.7998046875,4951.0,4949.10009765625,4950.7001953125
1771402320,4950.7001953125,4950.7998046875,4948.7001953125,4949.39990234375
1771402440,4949.2998046875,4950.0,4948.10009765625,4948.10009765625
1771402560,4948.7998046875,4948.7998046875,4947.0,4947.2001953125
1771402680,4947.0,4947.0,4943.60009765625,4945.7998046875
1771402800,4945.7998046875,4946.2998046875,4944.5,4945.2001953125
1771402920,4944.7998046875,4945.7998046875,4943.7998046875,4944.89990234375
1771403040,4945.2998046875,4947.5,4945.0,4947.2998046875
1771403160,4947.39990234375,4947.60009765625,4945.2001953125,4945.2001953125
1771403280,4945.39990234375,4946.60009765625,4942.39990234375,4946.0
1771403400,4946.10009765625,4946.39990234375,4943.60009765625,4945.7001953125
1771403520,4945.7998046875,4946.39990234375,4942.7998046875,4943.5
1771403640,4944.0,4945.0,4941.2998046875,4944.7998046875
1771403760,4944.7001953125,4947.0,4944.7001953125,4946.2998046875
1771403880,4945.60009765625,4946.2998046875,4944.2001953125,4945.5
1771404000,4945.2998046875,4946.0,4942.2998046875,4945.5
1771404120,4945.5,4947.10009765625,4942.39990234375,4943.10009765625
1771404240,4943.2998046875,4943.2998046875,4939.2998046875,4941.60009765625
1771404360,4941.10009765625,4942.39990234375,4939.60009765625,4940.7001953125
1771404480,4941.0,4942.10009765625,4939.89990234375,4941.10009765625
1771404600,4940.89990234375,4941.10009765625,4939.10009765625,4939.7001953125
1771404720,4940.0,4941.5,4938.2001953125,4941.0
1771404840,4941.0,4941.60009765625,4939.39990234375,4940.0
1771404960,4940.2998046875,4942.0,4939.89990234375,4941.2998046875
1771405080,4941.10009765625,4942.2001953125,4936.2998046875,4937.7001953125
1771405200,4937.5,4940.2001953125,4937.2998046875,4939.5
1771405320,4940.10009765625,4940.7001953125,4937.39990234375,4938.2001953125
1771405440,4937.7001953125,4938.0,4935.0,4935.89990234375
1771405560,4936.5,4936.7998046875,4933.10009765625,4936.7998046875
1771405680,4936.89990234375,4940.5,4936.89990234375,4938.7998046875
1771405800,4939.5,4939.7998046875,4937.5,4938.60009765625
1771405920,4938.2998046875,4938.89990234375,4936.7001953125,4936.7998046875
1771406040,4936.7001953125,4937.5,4936.0,4937.0
1771406160,4937.39990234375,4937.60009765625,4935.2001953125,4936.89990234375
1771406280,4936.39990234375,4936.39990234375,4933.2001953125,4936.2001953125
1771406400,4935.7001953125,4937.7998046875,4935.39990234375,4936.5
1771406520,4936.89990234375,4941.7001953125,4936.5,4941.7001953125
1771406640,4941.7001953125,4943.2998046875,4940.7998046875,4941.0
1771406760,4940.89990234375,4942.5,4940.39990234375,4942.0
1771406880,4942.39990234375,4942.7001953125,4941.0,4941.2001953125
1771407000,4941.2001953125,4943.5,4941.2001953125,4942.0
1771407120,4942.2998046875,4942.39990234375,4938.89990234375,4938.89990234375
1771407240,4939.2998046875,4939.2998046875,4936.2998046875,4938.60009765625
1771407360,4938.39990234375,4939.10009765625,4937.39990234375,4937.39990234375
1771407480,4937.89990234375,4939.5,4937.2998046875,4937.2998046875
1771407600,4938.2001953125,4939.39990234375,4938.10009765625,4939.2001953125
1771407720,4939.39990234375,4940.7001953125,4939.0,4940.5
1771407840,4940.7001953125,4941.60009765625,4940.5,4941.5
1771407960,4941.2998046875,4941.5,4939.60009765625,4940.0
1771408080,4939.7001953125,4940.39990234375,4939.2998046875,4940.39990234375
1771408200,4939.7001953125,4939.7001953125,4937.0,4938.2001953125
1771408320,4938.5,4939.7001953125,4938.5,4939.10009765625
1771408440,4939.5,4942.39990234375,4939.39990234375,4941.7998046875
1771408560,4941.39990234375,4942.39990234375,4940.2998046875,4940.5
1771408680,4940.0,4940.2001953125,4936.5,4937.89990234375
1771408800,4937.39990234375,4940.0,4937.2001953125,4939.2001953125
1771408920,4939.7001953125,4940.89990234375,4938.89990234375,4940.2998046875
1771409040,4940.2001953125,4944.5,4939.5,4941.7998046875
1771409160,4942.39990234375,4943.2001953125,4941.0,4941.0
1771409280,4941.2998046875,4944.2998046875,4941.2001953125,4943.2001953125
1771409400,4942.89990234375,4945.39990234375,4942.0,4944.5
1771409520,4944.5,4944.5,4941.2001953125,4941.5
1771409640,4941.39990234375,4941.7001953125,4939.7001953125,4940.39990234375
1771409760,4939.7998046875,4941.89990234375,4939.5,4941.0
1771409880,4941.39990234375,4941.5,4938.5,4940.2001953125
1771410000,4940.39990234375,4941.5,4938.2998046875,4941.5
1771410120,4941.5,4945.10009765625,4941.39990234375,4943.7001953125
1771410240,4943.7998046875,4944.0,4941.10009765625,4942.10009765625
1771410360,4942.2998046875,4943.60009765625,4940.2998046875,4942.7998046875
1771410480,4943.39990234375,4943.39990234375,4940.2998046875,4942.10009765625
1771410600,4941.7998046875,4941.7998046875,4935.39990234375,4938.2001953125
1771410720,4938.10009765625,4939.39990234375,4936.39990234375,4938.0
1771410840,4938.5,4939.10009765625,4935.0,4937.39990234375
1771410960,4937.39990234375,4938.0,4933.60009765625,4933.60009765625
1771411080,4933.89990234375,4935.7001953125,4929.2998046875,4934.39990234375
1771411200,4935.0,4935.39990234375,4930.60009765625,4933.7998046875
1771411320,4933.10009765625,4933.10009765625,4930.5,4931.39990234375
1771411440,4931.7001953125,4934.0,4931.7001953125,4933.0
1771411560,4933.5,4934.10009765625,4932.39990234375,4933.2001953125
1771411680,4933.7001953125,4933.7001953125,4932.39990234375,4932.7998046875
1771411800,4933.39990234375,4933.89990234375,4930.7001953125,4931.60009765625
1771411920,4931.10009765625,4934.0,4930.39990234375,4933.60009765625
1771412040,4933.2001953125,4934.10009765625,4932.60009765625,4933.0
1771412160,4933.60009765625,4937.10009765625,4933.60009765625,4935.0
1771412280,4935.10009765625,4935.60009765625,4934.7998046875,4935.0
1771412400,4934.5,4935.60009765625,4934.2001953125,4934.7001953125
1771412520,4934.39990234375,4935.5,4932.60009765625,4934.60009765625
1771412640,4934.89990234375,4935.2998046875,4932.60009765625,4934.2001953125
1771412760,4934.2001953125,4935.2998046875,4933.2001953125,4933.2001953125
1771412880,4933.0,4933.89990234375,4932.5,4933.5
1771413000,4933.10009765625,4935.10009765625,4933.10009765625,4933.7001953125
1771413120,4933.7001953125,4935.60009765625,4933.7001953125,4935.2001953125
1771413240,4935.10009765625,4938.0,4935.10009765625,4937.60009765625
1771413360,4937.7998046875,4937.7998046875,4935.7998046875,4936.7998046875
1771413480,4937.5,4937.7001953125,4936.5,4937.60009765625
1771413600,4937.2998046875,4938.2001953125,4935.60009765625,4935.60009765625
1771413720,4936.10009765625,4936.7998046875,4935.2998046875,4936.7001953125
1771413840,4937.2001953125,4938.10009765625,4935.5,4936.2001953125
1771413960,4935.7001953125,4936.5,4935.0,4936.10009765625
1771414080,4936.0,4936.5,4935.0,4935.60009765625
1771414200,4935.60009765625,4936.2001953125,4935.2998046875,4935.7001953125
1771414320,4935.7001953125,4937.10009765625,4934.0,4934.0
1771414440,4934.0,4934.2001953125,4932.60009765625,4933.2001953125
1771414560,4933.2001953125,4935.0,4933.2001953125,4933.89990234375
1771414680,4934.2001953125,4936.5,4934.0,4934.7998046875
1771414800,4935.10009765625,4935.10009765625,4933.60009765625,4934.60009765625
1771414920,4934.60009765625,4935.2998046875,4934.0,4934.2001953125
1771415040,4934.2001953125,4934.7998046875,4928.2998046875,4928.7998046875
1771415160,4928.89990234375,4929.10009765625,4925.89990234375,4927.60009765625
1771415280,4928.2001953125,4933.89990234375,4928.2001953125,4933.89990234375
1771415400,4933.89990234375,4936.39990234375,4932.7998046875,4932.7998046875
1771415520,4932.7998046875,4934.7998046875,4931.5,4934.7001953125
1771415640,4935.10009765625,4935.39990234375,4931.7998046875,4932.10009765625
1771415760,4932.10009765625,4932.2998046875,4929.60009765625,4932.2998046875
1771415880,4932.0,4933.5,4931.60009765625,4933.39990234375
1771416000,4932.7001953125,4940.10009765625,4931.89990234375,4939.5
1771416120,4939.2998046875,4939.7998046875,4937.39990234375,4938.2001953125
1771416240,4938.60009765625,4940.10009765625,4938.0,4939.89990234375
1771416360,4939.5,4944.5,4939.0,4943.10009765625
1771416480,4943.39990234375,4945.10009765625,4941.7001953125,4944.60009765625
1771416600,4943.7001953125,4945.60009765625,4943.10009765625,4944.10009765625
1771416720,4944.0,4946.89990234375,4942.10009765625,4942.10009765625
1771416840,4942.7001953125,4945.0,4941.7001953125,4943.10009765625
1771416960,4943.2998046875,4948.7001953125,4942.89990234375,4948.2998046875
1771417080,4948.7998046875,4949.89990234375,4946.10009765625,4947.10009765625
1771417200,4946.5,4947.39990234375,4944.60009765625,4946.2001953125
1771417320,4946.2001953125,4950.0,4946.0,4947.60009765625
1771417440,4947.2998046875,4947.7998046875,4945.5,4945.89990234375
1771417560,4946.2001953125,4946.2998046875,4942.5,4943.10009765625
1771417680,4942.7001953125,4944.10009765625,4941.39990234375,4941.39990234375
1771417800,4941.2998046875,4941.89990234375,4940.0,4940.7001953125
1771417920,4940.7001953125,4942.0,4938.10009765625,4941.60009765625
1771418040,4942.0,4944.39990234375,4942.0,4944.10009765625
1771418160,4944.10009765625,4944.10009765625,4941.0,4943.7998046875
1771418280,4944.10009765625,4945.89990234375,4943.2998046875,4945.89990234375
1771418400,4946.0,4948.39990234375,4945.89990234375,4947.2001953125
1771418520,4947.60009765625,4951.89990234375,4947.60009765625,4948.89990234375
1771418640,4948.7001953125,4950.2001953125,4948.39990234375,4949.0
1771418760,4948.7998046875,4950.7998046875,4948.7998046875,4949.7998046875
1771418880,4949.5,4951.7001953125,4949.0,4951.7001953125
1771419000,4951.7998046875,4953.2998046875,4950.2001953125,4951.10009765625
1771419120,4951.0,4953.60009765625,4950.2001953125,4953.0
1771419240,4953.0,4957.39990234375,4952.39990234375,4956.60009765625
1771419360,4956.2998046875,4959.60009765625,4956.10009765625,4959.60009765625
1771419480,4959.2001953125,4967.5,4958.60009765625,4963.5
1771419600,4963.2998046875,4975.39990234375,4962.89990234375,4971.5
1771419720,4971.5,4973.0,4969.2001953125,4969.2001953125
1771419840,4969.10009765625,4969.7998046875,4964.2001953125,4966.7998046875
1771419960,4967.10009765625,4983.10009765625,4967.10009765625,4976.0
1771420080,4976.39990234375,4978.7998046875,4975.39990234375,4975.39990234375
1771420200,4975.5,4979.2998046875,4974.39990234375,4978.60009765625
1771420320,4978.2001953125,4979.0,4976.5,4978.0
1771420440,4978.0,4980.0,4976.2001953125,4978.89990234375
1771420560,4978.7001953125,4979.89990234375,4976.39990234375,4977.2998046875
1771420680,4977.10009765625,4978.2001953125,4975.7998046875,4976.7001953125
1771420800,4976.7998046875,4980.0,4975.0,4978.2998046875
1771420920,4977.7998046875,4977.7998046875,4973.39990234375,4975.2001953125
1771421040,4975.39990234375,4978.2998046875,4973.0,4977.2998046875
1771421160,4977.89990234375,4980.7998046875,4977.89990234375,4979.0
1771421280,4978.2001953125,4978.7001953125,4976.2998046875,4977.7001953125
1771421400,4978.2001953125,4980.10009765625,4975.7998046875,4978.7001953125
1771421520,4978.5,4979.2001953125,4976.5,4978.10009765625
1771421640,4977.89990234375,4981.0,4976.2998046875,4980.0
1771421760,4980.60009765625,4989.7998046875,4979.89990234375,4985.2001953125
1771421880,4985.10009765625,4985.2001953125,4982.2001953125,4982.89990234375
1771422000,4982.39990234375,4983.5,4975.7998046875,4976.2001953125
1771422120,4976.2001953125,4976.7001953125,4972.60009765625,4974.10009765625
1771422240,4974.60009765625,4977.0,4970.7001953125,4972.10009765625
1771422360,4972.5,4974.2001953125,4972.2998046875,4973.60009765625
1771422480,4973.2998046875,4975.60009765625,4973.2998046875,4973.7998046875
1771422600,4974.2998046875,4975.2001953125,4971.60009765625,4973.2001953125
1771422720,4973.5,4973.5,4970.0,4971.2001953125
1771422840,4971.0,4974.39990234375,4970.89990234375,4974.2998046875
1771422960,4974.10009765625,4975.2001953125,4969.7001953125,4972.5
1771423080,4972.7998046875,4976.60009765625,4972.5,4974.2001953125
1771423200,4975.0,4977.2998046875,4974.2001953125,4976.89990234375
1771423320,4977.2001953125,4982.0,4976.2998046875,4977.60009765625
1771423440,4977.5,4979.7001953125,4975.60009765625,4977.89990234375
1771423560,4977.10009765625,4978.5,4974.39990234375,4977.60009765625
1771423680,4977.2001953125,4977.2001953125,4974.39990234375,4974.89990234375
1771423800,4974.5,4975.2001953125,4972.60009765625,4973.2001953125
1771423920,4973.39990234375,4979.5,4973.39990234375,4978.39990234375
1771424040,4978.7001953125,4981.60009765625,4977.39990234375,4981.39990234375
1771424160,4980.60009765625,4982.0,4979.5,4980.60009765625
1771424280,4980.5,4981.10009765625,4979.60009765625,4979.7998046875
1771424400,4979.7998046875,4980.7998046875,4977.39990234375,4979.5
1771424520,4979.39990234375,4979.39990234375,4975.7001953125,4975.7998046875
1771424640,4976.0,4979.2998046875,4976.0,4979.0
1771424760,4979.5,4984.39990234375,4977.10009765625,4982.2001953125
1771424880,4982.2001953125,4984.0,4980.89990234375,4980.89990234375
1771425000,4981.39990234375,4988.60009765625,4975.5,4988.0
1771425120,4988.5,4999.10009765625,4986.7001953125,4991.39990234375
1771425240,4991.5,4998.5,4990.0,4997.0
1771425360,4997.5,5005.0,4993.89990234375,5001.10009765625
1771425480,5001.7001953125,5006.7001953125,5000.0,5004.10009765625
1771425600,5004.89990234375,5006.2001953125,5001.2001953125,5001.7001953125
1771425720,5002.10009765625,5006.0,5000.89990234375,5002.7998046875
1771425840,5002.5,5007.2001953125,4999.39990234375,5004.0
1771425960,5004.0,5010.0,5003.60009765625,5008.2001953125
1771426080,5007.2001953125,5008.2001953125,5001.7001953125,5004.2998046875
1771426200,5005.10009765625,5011.39990234375,5004.7998046875,5010.60009765625
1771426320,5010.39990234375,5014.89990234375,5009.7001953125,5011.89990234375
1771426440,5011.39990234375,5015.5,5010.89990234375,5012.2998046875
1771426560,5013.0,5014.89990234375,5011.0,5014.89990234375
1771426680,5014.5,5015.2998046875,5012.0,5012.2998046875
1771426800,5012.10009765625,5021.2998046875,5011.7001953125,5020.2998046875
1771426920,5020.0,5028.0,5016.0,5027.60009765625
1771427040,5027.89990234375,5029.0,5022.89990234375,5027.2001953125
1771427160,5027.10009765625,5027.10009765625,5013.60009765625,5016.10009765625
1771427280,5016.89990234375,5020.7998046875,5016.2001953125,5018.89990234375
1771427400,5019.10009765625,5021.7001953125,5015.2001953125,5019.39990234375
1771427520,5019.2998046875,5022.0,5017.2001953125,5021.10009765625
1771427640,5021.0,5026.7001953125,5021.0,5024.10009765625
1771427760,5023.89990234375,5029.60009765625,5022.60009765625,5022.7001953125
1771427880,5022.60009765625,5025.60009765625,5020.89990234375,5025.60009765625
1771428000,5025.60009765625,5027.7998046875,5023.60009765625,5023.89990234375
1771428120,5023.39990234375,5026.60009765625,5022.39990234375,5026.60009765625
1771428240,5026.89990234375,5027.60009765625,5023.60009765625,5023.60009765625
1771428360,5023.7998046875,5028.10009765625,5023.60009765625,5026.2998046875
1771428480,5026.2001953125,5026.2001953125,5023.2001953125,5025.10009765625
1771428600,5025.5,5025.60009765625,5020.2001953125,5022.2001953125
1771428720,5022.60009765625,5025.60009765625,5022.60009765625,5023.89990234375
1771428840,5023.89990234375,5024.5,5020.89990234375,5024.10009765625
1771428960,5023.89990234375,5024.7001953125,5020.2001953125,5022.0
1771429080,5022.2001953125,5024.7001953125,5017.7998046875,5020.0
1771429200,5020.10009765625,5023.5,5019.2001953125,5021.7001953125
1771429320,5021.39990234375,5023.2001953125,5021.2001953125,5022.39990234375
1771429440,5022.2998046875,5022.2998046875,5017.60009765625,5018.2998046875
1771429560,5018.2998046875,5020.2998046875,5016.89990234375,5017.2998046875
1771429680,5017.89990234375,5019.2001953125,5017.2998046875,5019.10009765625
1771429800,5018.89990234375,5020.0,5018.10009765625,5018.60009765625
1771429920,5018.7998046875,5019.5,5016.5,5017.60009765625
1771430040,5017.39990234375,5017.39990234375,5015.60009765625,5016.2998046875
1771430160,5016.2001953125,5017.60009765625,5015.7998046875,5017.2998046875
1771430280,5017.60009765625,5018.7998046875,5016.2001953125,5018.7998046875
1771430400,5018.89990234375,5020.39990234375,5018.0,5018.10009765625
1771430520,5018.10009765625,5023.2001953125,5017.39990234375,5022.89990234375
1771430640,5023.0,5024.0,5022.10009765625,5023.2001953125
1771430760,5023.2998046875,5024.0,5020.39990234375,5021.39990234375
1771430880,5021.60009765625,5021.89990234375,5019.2001953125,5020.10009765625
1771431000,5020.2001953125,5021.5,5018.7001953125,5021.39990234375
1771431120,5021.0,5021.89990234375,5017.7998046875,5018.5
1771431240,5018.5,5020.89990234375,5017.7998046875,5018.39990234375
1771431360,5018.60009765625,5021.0,5017.2001953125,5020.60009765625
1771431480,5020.5,5020.7998046875,5017.7001953125,5017.7001953125
1771431600,5017.60009765625,5018.89990234375,5016.5,5017.2001953125
1771431720,5017.0,5017.2001953125,5012.2998046875,5014.2998046875
1771431840,5015.2001953125,5015.2001953125,5012.2998046875,5013.10009765625
1771431960,5013.60009765625,5014.5,5011.5,5013.10009765625
1771432080,5013.39990234375,5018.10009765625,5012.7998046875,5017.7001953125
1771432200,5017.39990234375,5019.89990234375,5015.0,5018.0
1771432320,5018.5,5021.39990234375,5017.2001953125,5021.39990234375
1771432440,5021.5,5025.39990234375,5020.7998046875,5025.10009765625
1771432560,5025.0,5025.0,5020.89990234375,5020.89990234375
1771432680,5021.2998046875,5022.60009765625,5020.2001953125,5022.10009765625
1771432800,5021.89990234375,5026.39990234375,5021.89990234375,5026.10009765625
1771432920,5026.0,5027.5,5025.0,5026.5
1771433040,5026.0,5028.2001953125,5025.0,5027.60009765625
1771433160,5027.5,5031.5,5025.5,5030.7001953125
1771433280,5030.89990234375,5031.89990234375,5025.10009765625,5025.5
1771433400,5025.5,5028.2001953125,5025.5,5026.7998046875
1771433520,5026.5,5026.89990234375,5024.60009765625,5025.7001953125
1771433640,5025.7998046875,5025.7998046875,5023.2998046875,5023.7998046875
1771433760,5024.0,5024.7001953125,5021.10009765625,5021.2998046875
1771433880,5021.5,5022.7998046875,5020.2001953125,5021.2001953125
1771434000,5021.39990234375,5022.7998046875,5019.7998046875,5022.2998046875
1771434120,5022.2998046875,5022.2998046875,5016.39990234375,5018.10009765625
1771434240,5018.39990234375,5021.2998046875,5018.39990234375,5021.2001953125
1771434360,5021.2001953125,5021.60009765625,5018.89990234375,5020.2998046875
1771434480,5020.2998046875,5021.7001953125,5019.2001953125,5020.39990234375
1771434600,5020.7998046875,5020.7998046875,5018.39990234375,5019.2998046875
1771434720,5019.60009765625,5019.89990234375,5017.10009765625,5018.10009765625
1771434840,5019.2001953125,5021.2001953125,5018.60009765625,5021.2001953125
1771434960,5021.0,5021.2001953125,5018.60009765625,5019.60009765625
1771435080,5019.2001953125,5020.2001953125,5018.7001953125,5019.2998046875
1771435200,5019.60009765625,5021.5,5019.2001953125,5020.7998046875
1771435320,5021.10009765625,5021.7001953125,5019.39990234375,5020.2998046875
1771435440,5020.39990234375,5020.7998046875,5019.7001953125,5020.2001953125
1771435560,5019.5,5020.2998046875,5018.5,5019.89990234375
1771435680,5019.89990234375,5020.2998046875,5019.2998046875,5020.2001953125
1771435800,5020.2001953125,5020.89990234375,5018.2001953125,5020.89990234375
1771435920,5020.60009765625,5020.60009765625,5016.5,5017.10009765625
1771436040,5017.60009765625,5018.7001953125,5014.2001953125,5018.2998046875
1771436160,5018.2001953125,5020.39990234375,5018.0,5018.7998046875
1771436280,5018.2001953125,5018.2998046875,5014.5,5015.39990234375
1771436400,5015.39990234375,5017.10009765625,5014.2998046875,5017.0
1771436520,5018.0,5019.10009765625,5017.7001953125,5018.7998046875
1771436640,5018.60009765625,5021.2001953125,5018.2001953125,5019.7001953125
1771436760,5019.39990234375,5019.7998046875,5018.10009765625,5019.39990234375
1771436880,5019.0,5019.60009765625,5018.7001953125,5019.10009765625
1771437000,5019.39990234375,5019.5,5018.2001953125,5019.0
1771437120,5019.10009765625,5020.7001953125,5018.60009765625,5020.2998046875
1771437240,5020.5,5021.2001953125,5019.7001953125,5020.7001953125
1771437360,5021.39990234375,5021.89990234375,5020.5,5020.7001953125
1771437480,5020.39990234375,5020.7998046875,5019.0,5020.10009765625
1771437600,5020.2001953125,5022.7001953125,5019.89990234375,5020.7001953125
1771437720,5020.5,5023.10009765625,5019.7001953125,5022.89990234375
1771437840,5022.60009765625,5023.7998046875,5022.2998046875,5023.7998046875
1771437960,5023.5,5024.2001953125,5022.2998046875,5023.5
1771438080,5023.10009765625,5023.2998046875,5020.89990234375,5021.7001953125
1771438200,5021.7001953125,5022.10009765625,5019.7998046875,5020.60009765625
1771438320,5020.7998046875,5021.60009765625,5019.2001953125,5019.39990234375
1771438440,5019.2998046875,5020.0,5018.60009765625,5018.89990234375
1771438560,5019.2998046875,5020.7001953125,5018.39990234375,5019.2998046875
1771438680,5019.10009765625,5019.10009765625,5014.39990234375,5015.7998046875
1771438800,5016.0,5017.7001953125,5015.39990234375,5015.89990234375
1771438920,5016.0,5016.7001953125,5015.10009765625,5016.10009765625
1771439040,5016.2001953125,5016.60009765625,5010.0,5011.0
1771439160,5010.7998046875,5014.39990234375,5008.2998046875,5009.7998046875
1771439280,5010.10009765625,5011.7998046875,5007.7001953125,5009.5
1771439400,5009.0,5009.7998046875,5006.0,5007.0
1771439520,5007.0,5008.60009765625,5003.7998046875,5006.2001953125
1771439640,5006.5,5013.89990234375,5006.5,5012.10009765625
1771439760,5012.89990234375,5014.2001953125,5009.7001953125,5010.7998046875
1771439880,5010.60009765625,5010.60009765625,5003.2001953125,5007.5
1771440000,5007.2001953125,5009.5,5007.0,5008.5
1771440120,5008.10009765625,5008.10009765625,5001.2001953125,5003.7001953125
1771440240,5004.0,5007.39990234375,5003.5,5007.0
1771440360,5006.7001953125,5007.5,5005.2998046875,5005.2998046875
1771440480,5005.2998046875,5007.60009765625,5002.89990234375,5005.2998046875
1771440600,5005.10009765625,5007.5,5004.7998046875,5005.89990234375
1771440720,5006.10009765625,5007.0,5004.39990234375,5005.60009765625
1771440840,5005.89990234375,5006.89990234375,5004.7001953125,5005.7001953125
1771440960,5005.7998046875,5006.39990234375,5004.7001953125,5005.89990234375
1771441080,5005.39990234375,5008.5,5004.89990234375,5008.2001953125
1771441200,5007.60009765625,5014.2998046875,5005.0,5010.2998046875
1771441320,5010.2998046875,5015.60009765625,5009.7001953125,5011.10009765625
1771441440,5011.2998046875,5013.0,5009.60009765625,5010.0
1771441560,5010.2001953125,5011.60009765625,5008.10009765625,5010.0
1771441680,5009.5,5013.0,5009.0,5010.7998046875
1771441800,5010.7001953125,5014.39990234375,5009.7001953125,5014.2998046875
1771441920,5014.0,5014.89990234375,5012.7998046875,5012.7998046875
1771442040,5012.7998046875,5013.89990234375,5012.2001953125,5012.5
1771442160,5012.60009765625,5015.2998046875,5011.2998046875,5011.60009765625
1771442280,5011.89990234375,5016.0,5011.2998046875,5015.7001953125
1771442400,5015.7998046875,5015.7998046875,5013.5,5014.2998046875
1771442520,5014.7998046875,5016.0,5013.2001953125,5014.0
1771442640,5013.7001953125,5016.39990234375,5013.39990234375,5014.10009765625
1771442760,5014.10009765625,5014.2001953125,4993.7998046875,4996.39990234375
1771442880,4996.10009765625,5003.60009765625,4996.10009765625,4999.7001953125
1771443000,5000.0,5000.60009765625,4993.7001953125,4995.89990234375
1771443120,4995.5,5001.10009765625,4994.10009765625,4999.7998046875
1771443240,5000.0,5005.2998046875,4998.39990234375,5002.39990234375
1771443360,5002.10009765625,5003.39990234375,4997.2998046875,5003.39990234375
1771443480,5003.39990234375,5005.0,5001.2998046875,5003.39990234375
1771443600,5003.0,5003.5,5000.5,5002.2998046875
1771443720,5001.89990234375,5003.2001953125,5001.0,5001.39990234375
1771443840,5001.89990234375,5005.0,5001.2001953125,5003.60009765625
1771443960,5003.89990234375,5005.5,5002.39990234375,5002.39990234375
1771444080,5002.7998046875,5002.7998046875,5000.10009765625,5001.0
1771444200,5000.39990234375,5002.60009765625,4999.39990234375,5001.10009765625
1771444320,5000.39990234375,5001.39990234375,4999.39990234375,5000.2001953125
1771444440,5000.39990234375,5001.5,4999.2998046875,5000.60009765625
1771444560,5001.2001953125,5002.2998046875,4999.2001953125,5000.7001953125
1771444680,5000.10009765625,5001.89990234375,4999.7998046875,5000.7001953125
1771444800,5000.7001953125,5003.10009765625,4999.60009765625,5000.7998046875
1771444920,5001.10009765625,5002.7998046875,5000.7001953125,5002.2001953125
1771445040,5003.0,5005.2998046875,5002.10009765625,5004.2998046875
1771445160,5003.89990234375,5005.0,4999.2001953125,5001.89990234375
1771445280,5002.39990234375,5002.39990234375,4999.60009765625,4999.60009765625
1771445400,5000.2001953125,5002.2998046875,4998.0,4998.89990234375
1771445520,4998.5,4999.0,4995.89990234375,4998.7001953125
1771445640,4999.0,4999.60009765625,4997.0,4997.2998046875
1771445760,4997.7001953125,5000.2001953125,4997.7001953125,4999.2998046875
1771445880,4999.7001953125,5001.89990234375,4998.7998046875,4999.7001953125
1771446000,4999.60009765625,5000.7001953125,4999.10009765625,4999.10009765625
1771446120,4999.0,5000.0,4997.7001953125,4999.2001953125
1771446240,4998.60009765625,5000.39990234375,4997.89990234375,5000.10009765625
1771446360,5000.10009765625,5001.0,4999.39990234375,4999.7998046875
1771446480,4999.2998046875,5000.2001953125,4998.0,4998.0
1771446600,4997.89990234375,5000.2001953125,4997.5,4999.2001953125
1771446720,4999.2001953125,5002.2001953125,4998.7998046875,5002.10009765625
1771446840,5002.2998046875,5003.60009765625,5001.5,5001.89990234375
1771446960,5002.2001953125,5005.0,5001.60009765625,5004.5
1771447080,5004.10009765625,5006.39990234375,5003.7001953125,5004.2001953125
1771447200,5004.60009765625,5005.7001953125,5004.2001953125,5005.0
1771447320,5004.2001953125,5008.39990234375,5003.89990234375,5008.39990234375
1771447440,5008.39990234375,5008.39990234375,5004.5,5005.5
1771447560,5005.2998046875,5006.89990234375,5004.5,5006.5
1771447680,5006.2998046875,5006.60009765625,5005.0,5005.7001953125
1771447800,5006.0,5006.7998046875,5004.2998046875,5005.2001953125
1771447920,5005.39990234375,5005.60009765625,5003.0,5003.0
1771448040,5003.39990234375,5004.10009765625,4999.7998046875,5001.39990234375
1771448160,5001.7998046875,5004.10009765625,5001.7998046875,5003.2001953125
1771448280,5003.2001953125,5006.39990234375,5002.7998046875,5005.2998046875
1771448400,5004.89990234375,5006.2001953125,5003.89990234375,5005.89990234375
1771448520,5005.60009765625,5006.7001953125,5005.5,5006.7001953125
1771448640,5006.5,5006.7001953125,5003.10009765625,5003.7998046875
1771448760,5003.39990234375,5003.39990234375,5001.0,5002.0
1771448880,5002.5,5003.2998046875,5002.39990234375,5003.2998046875
1771449000,5003.60009765625,5003.7998046875,5002.2001953125,5002.7001953125
1771449120,5002.7998046875,5002.89990234375,5002.7998046875,5002.89990234375
1771449240,5002.2998046875,5002.2998046875,5001.10009765625,5001.39990234375
1771449360,5001.10009765625,5002.10009765625,5001.0,5002.0
1771449480,5002.39990234375,5004.2001953125,5002.2998046875,5003.2998046875
1771449600,5003.5,5004.2001953125,5003.39990234375,5004.0
1771449720,5003.89990234375,5004.5,5003.7998046875,5003.89990234375
1771449840,5004.10009765625,5004.5,5004.0,5004.0
1771449960,5004.0,5004.0,5002.89990234375,5003.0
1771450080,5002.89990234375,5002.89990234375,5002.2001953125,5002.2001953125
1771450200,5002.2001953125,5002.5,5001.5,5001.89990234375
1771450320,5001.60009765625,5002.0,5000.0,5000.89990234375
1771450440,5000.39990234375,5001.10009765625,4999.89990234375,5001.10009765625
1771450560,5001.0,5001.5,4999.2001953125,5001.5
1771450680,5001.5,5001.5,5000.7001953125,5000.7001953125
1771450800,5000.7001953125,5001.7998046875,4999.7998046875,5000.10009765625
1771450920,5000.10009765625,5000.2001953125,4998.89990234375,4999.5
1771451040,4999.5,5000.60009765625,4999.5,4999.60009765625
1771451160,5000.0,5000.7998046875,5000.0,5000.60009765625
1771451280,5000.5,5001.10009765625,4999.60009765625,4999.60009765625
1771451400,5000.0,5000.0,4999.2001953125,4999.60009765625
1771451520,5000.2998046875,5000.60009765625,4998.10009765625,4999.0
1771451640,4998.2998046875,4998.60009765625,4996.39990234375,4997.60009765625
1771451760,4997.89990234375,4998.10009765625,4996.60009765625,4996.60009765625
1771451880,4996.2001953125,4998.0,4995.60009765625,4996.10009765625
1771455600,4993.7001953125,4999.7001953125,4971.5,4987.89990234375
1771455720,4987.60009765625,4994.2001953125,4984.7001953125,4990.7001953125
1771455840,4993.5,4993.60009765625,4987.2001953125,4987.89990234375
1771455960,4989.5,4991.5,4984.89990234375,4985.89990234375
1771456080,4986.10009765625,4994.7998046875,4986.10009765625,4994.7998046875
1771456200,4994.39990234375,5000.0,4994.10009765625,4998.0
1771456320,4996.10009765625,4998.89990234375,4990.60009765625,4992.89990234375
1771456440,4992.2001953125,4998.5,4990.7998046875,4995.89990234375
1771456560,4996.0,4996.10009765625,4990.0,4993.10009765625
1771456680,4992.5,4995.7001953125,4992.2001953125,4994.89990234375
1771456800,4994.7001953125,4996.10009765625,4994.7001953125,4995.7998046875
1771456920,4995.60009765625,4995.60009765625,4994.2998046875,4994.7998046875
1771457040,4995.7001953125,5003.0,4995.7001953125,5001.60009765625
1771457160,5001.5,5002.39990234375,4999.10009765625,4999.10009765625
1771457280,4999.10009765625,5001.0,4998.7001953125,5000.89990234375
1771457400,5001.2001953125,5005.7998046875,5001.2001953125,5005.0
1771457520,5005.7998046875,5007.7998046875,5001.39990234375,5001.39990234375
1771457640,5000.5,5001.0,4999.60009765625,5000.2001953125
1771457760,5000.7001953125,5002.7998046875,4999.39990234375,4999.39990234375
1771457880,4999.0,5002.60009765625,4997.7998046875,5000.39990234375
1771458000,4999.60009765625,5001.2001953125,4999.5,5000.60009765625
1771458120,5000.2001953125,5001.2001953125,4998.5,5000.60009765625
1771458240,5000.60009765625,5001.7998046875,4995.10009765625,4995.2001953125
1771458360,4996.60009765625,4998.5,4994.7001953125,4995.2001953125
1771458480,4995.89990234375,4997.60009765625,4994.2001953125,4997.60009765625
1771458600,4997.7001953125,4999.60009765625,4997.39990234375,4997.39990234375
1771458720,4996.2998046875,4997.2998046875,4996.2998046875,4996.7001953125
1771458840,4996.2998046875,4996.5,4993.0,4993.2001953125
1771458960,4993.5,4993.5,4987.0,4990.89990234375
1771459080,4990.89990234375,4995.0,4990.89990234375,4994.7998046875
1771459200,4994.60009765625,4994.7998046875,4983.89990234375,4985.7001953125
1771459320,4985.10009765625,4988.2001953125,4981.2998046875,4981.7998046875
1771459440,4981.7998046875,4984.2001953125,4979.5,4981.2998046875
1771459560,4981.5,4984.2001953125,4981.5,4983.89990234375
1771459680,4984.0,4987.7998046875,4982.7998046875,4984.10009765625
1771459800,4984.10009765625,4986.7001953125,4984.10009765625,4986.7001953125
1771459920,4986.2001953125,4986.7998046875,4985.2001953125,4985.2001953125
1771460040,4986.2001953125,4988.7001953125,4986.2001953125,4987.0
1771460160,4987.10009765625,4988.7998046875,4986.89990234375,4987.5
1771460280,4988.89990234375,4991.39990234375,4986.0,4988.0
1771460400,4988.0,4988.5,4985.5,4987.0
1771460520,4986.5,4988.2001953125,4983.7998046875,4986.2998046875
1771460640,4987.10009765625,4987.10009765625,4984.10009765625,4984.89990234375
1771460760,4985.60009765625,4986.60009765625,4982.2998046875,4986.0
1771460880,4985.2001953125,4986.7001953125,4984.89990234375,4986.60009765625
1771461000,4986.39990234375,4990.0,4986.0,4987.39990234375
1771461120,4987.39990234375,4989.10009765625,4984.60009765625,4986.7998046875
1771461240,4987.5,4989.10009765625,4983.5,4985.0
1771461360,4984.60009765625,4986.7001953125,4983.7001953125,4986.7001953125
1771461480,4987.60009765625,4992.0,4987.60009765625,4989.7998046875
1771461600,4989.7998046875,4990.2998046875,4987.10009765625,4987.10009765625
1771461720,4987.0,4987.0,4985.0,4985.10009765625
1771461840,4985.2001953125,4985.2998046875,4981.5,4983.2001953125
1771461960,4983.7001953125,4984.60009765625,4982.89990234375,4983.89990234375
1771462080,4984.2998046875,4984.2998046875,4981.7998046875,4981.7998046875
1771462200,4982.7001953125,4983.0,4978.5,4980.10009765625
1771462320,4979.7001953125,4982.2998046875,4979.2001953125,4980.60009765625
1771462440,4981.2998046875,4983.60009765625,4979.60009765625,4981.0
1771462560,4979.7001953125,4981.2998046875,4979.7001953125,4981.2001953125
1771462680,4979.39990234375,4981.10009765625,4978.7998046875,4980.2001953125
1771462800,4980.2001953125,4983.0,4979.10009765625,4982.60009765625
1771462920,4981.5,4984.2001953125,4981.5,4982.2998046875
1771463040,4983.0,4987.10009765625,4983.0,4985.2001953125
1771463160,4986.10009765625,4986.60009765625,4984.7001953125,4985.89990234375
1771463280,4986.10009765625,4988.0,4983.0,4984.2001953125
1771463400,4983.39990234375,4983.39990234375,4979.60009765625,4980.10009765625
1771463520,4980.7998046875,4982.2998046875,4980.60009765625,4982.2998046875
1771463640,4982.2998046875,4986.0,4981.7998046875,4985.5
1771463760,4986.0,4986.39990234375,4983.5,4983.5
1771463880,4983.5,4985.2001953125,4983.2998046875,4984.10009765625
1771464000,4984.2998046875,4984.7001953125,4983.0,4983.7001953125
1771464120,4984.2998046875,4984.60009765625,4982.2001953125,4982.2001953125
1771464240,4982.7001953125,4983.10009765625,4980.10009765625,4982.2998046875
1771464360,4982.7998046875,4983.39990234375,4980.7001953125,4980.7001953125
1771464480,4981.5,4983.39990234375,4981.5,4983.10009765625
1771464600,4983.5,4983.7998046875,4981.89990234375,4982.7001953125
1771464720,4982.39990234375,4984.60009765625,4980.2998046875,4984.0
1771464840,4983.60009765625,4986.0,4983.60009765625,4985.5
1771464960,4986.10009765625,4989.60009765625,4986.0,4988.7001953125
1771465080,4988.60009765625,4988.60009765625,4984.7998046875,4987.10009765625
1771465200,4986.7998046875,4988.7998046875,4986.0,4986.0
1771465320,4986.39990234375,4989.2998046875,4986.39990234375,4988.2998046875
1771465440,4988.2001953125,4990.7998046875,4987.7998046875,4990.2001953125
1771465560,4990.7998046875,4990.7998046875,4987.89990234375,4988.2998046875
1771465680,4988.7998046875,4991.2001953125,4988.7998046875,4990.2998046875
1771465800,4989.7998046875,4992.89990234375,4989.5,4992.39990234375
1771465920,4992.60009765625,4993.2001953125,4991.60009765625,4993.2001953125
1771466040,4993.10009765625,4995.0,4991.7001953125,4993.60009765625
1771466160,4993.2001953125,4993.7001953125,4991.39990234375,4993.10009765625
1771466280,4992.7998046875,4993.5,4991.7001953125,4992.10009765625
1771466400,4992.7001953125,4996.2001953125,4990.60009765625,4994.10009765625
1771466520,4993.39990234375,4995.5,4993.39990234375,4994.89990234375
1771466640,4995.7998046875,4995.89990234375,4995.0,4995.2998046875
1771466760,4995.10009765625,4995.7001953125,4993.10009765625,4993.7001953125
1771466880,4993.39990234375,4994.7998046875,4992.60009765625,4994.7998046875
1771467000,4994.60009765625,4995.0,4992.0,4992.0
1771467120,4991.7001953125,4993.10009765625,4991.7001953125,4992.7001953125
1771467240,4993.2001953125,4993.7998046875,4990.60009765625,4990.89990234375
1771467360,4990.2001953125,4990.2001953125,4984.89990234375,4988.89990234375
1771467480,4988.2001953125,4989.2998046875,4987.60009765625,4988.5
1771467600,4988.2001953125,4990.39990234375,4987.39990234375,4989.2998046875
1771467720,4989.10009765625,4989.10009765625,4988.10009765625,4988.60009765625
1771467840,4987.7001953125,4989.60009765625,4987.39990234375,4989.60009765625
1771467960,4990.39990234375,4992.2998046875,4988.89990234375,4991.39990234375
1771468080,4991.10009765625,4993.10009765625,4991.0,4992.2001953125
1771468200,4992.10009765625,4992.10009765625,4988.2998046875,4988.2998046875
1771468320,4988.0,4989.7998046875,4987.7998046875,4988.39990234375
1771468440,4989.10009765625,4990.7001953125,4988.7001953125,4990.2998046875
1771468560,4990.10009765625,4991.0,4990.10009765625,4990.39990234375
1771468680,4990.39990234375,4991.10009765625,4987.60009765625,4990.60009765625
1771468800,4991.60009765625,4992.60009765625,4991.0,4992.60009765625
1771468920,4992.10009765625,4992.39990234375,4990.2001953125,4990.7001953125
1771469040,4990.5,4990.5,4989.7998046875,4990.0
1771469160,4990.60009765625,4991.60009765625,4990.2998046875,4991.0
1771469280,4990.2001953125,4990.89990234375,4990.2001953125,4990.60009765625
1771469400,4990.60009765625,4991.89990234375,4989.60009765625,4991.89990234375
1771469520,4992.2001953125,4992.2001953125,4990.10009765625,4990.10009765625
1771469640,4990.60009765625,4992.0,4990.10009765625,4990.7998046875
1771469760,4990.7001953125,4991.2001953125,4987.89990234375,4988.0
1771469880,4987.7998046875,4987.89990234375,4986.2998046875,4986.89990234375
1771470000,4986.89990234375,4986.89990234375,4985.2001953125,4985.60009765625
1771470120,4986.2001953125,4987.5,4986.0,4986.89990234375
1771470240,4986.2001953125,4987.7998046875,4986.10009765625,4986.10009765625
1771470360,4985.60009765625,4986.89990234375,4985.60009765625,4986.89990234375
1771470480,4987.7001953125,4988.7001953125,4987.10009765625,4988.7001953125
1771470600,4989.2001953125,4989.2998046875,4987.5,4987.7001953125
1771470720,4987.5,4990.0,4986.89990234375,4989.7001953125
1771470840,4989.0,4989.39990234375,4987.7001953125,4987.89990234375
1771470960,4987.0,4987.89990234375,4987.0,4987.39990234375
1771471080,4987.2001953125,4989.7001953125,4987.2001953125,4989.7001953125
1771471200,4989.89990234375,4990.7001953125,4989.0,4989.89990234375
1771471320,4989.10009765625,4989.7001953125,4985.89990234375,4986.2998046875
1771471440,4986.7998046875,4987.7998046875,4986.7001953125,4987.39990234375
1771471560,4988.0,4988.2998046875,4987.10009765625,4987.7998046875
1771471680,4988.0,4989.10009765625,4987.39990234375,4988.39990234375
1771471800,4988.7998046875,4995.60009765625,4988.5,4994.7001953125
1771471920,4995.0,4996.2998046875,4994.2998046875,4996.10009765625
1771472040,4996.10009765625,4998.2001953125,4995.2998046875,4996.60009765625
1771472160,4996.0,4996.2998046875,4995.10009765625,4995.7998046875
1771472280,4995.39990234375,4997.2001953125,4993.89990234375,4994.5
1771472400,4994.60009765625,4995.89990234375,4993.89990234375,4994.7998046875
1771472520,4994.0,4995.89990234375,4992.7998046875,4995.89990234375
1771472640,4995.2998046875,4998.7001953125,4995.2998046875,4998.39990234375
1771472760,4998.2001953125,5000.7001953125,4997.2001953125,4999.7001953125
1771472880,5000.10009765625,5001.2998046875,4999.39990234375,5001.2001953125
1771473000,5000.7001953125,5002.60009765625,4999.89990234375,5000.39990234375
1771473120,5000.2998046875,5000.60009765625,4999.2998046875,5000.2001953125
1771473240,5000.60009765625,5001.39990234375,4999.60009765625,5000.5
1771473360,5000.39990234375,5001.0,4999.39990234375,5000.2998046875
1771473480,5000.7001953125,5001.5,5000.39990234375,5000.39990234375
1771473600,5000.0,5000.60009765625,4998.0,4998.0
1771473720,4997.7001953125,4999.10009765625,4997.2998046875,4999.10009765625
1771473840,4998.89990234375,5002.60009765625,4998.7001953125,5001.10009765625
1771473960,5001.60009765625,5001.89990234375,5000.2998046875,5000.60009765625
1771474080,5000.39990234375,5001.10009765625,4999.60009765625,5001.10009765625
1771474200,5001.5,5002.2998046875,5000.2998046875,5002.0
1771474320,5002.5,5003.7998046875,5001.0,5001.2001953125
1771474440,5001.7001953125,5001.7001953125,4999.39990234375,5000.0
1771474560,5000.7001953125,5000.7001953125,4998.39990234375,4999.0
1771474680,4999.39990234375,5000.0,4998.39990234375,4999.2998046875
1771474800,4999.0,4999.7998046875,4998.39990234375,4999.0
1771474920,4998.0,5000.60009765625,4996.7998046875,5000.60009765625
1771475040,5000.7998046875,5002.10009765625,5000.7998046875,5001.39990234375
1771475160,5001.0,5001.0,4999.7001953125,5000.5
1771475280,5001.0,5001.2001953125,4998.39990234375,4998.39990234375
1771475400,4998.10009765625,5002.0,4998.0,5001.39990234375
1771475520,5002.10009765625,5004.7001953125,5002.10009765625,5003.10009765625
1771475640,5003.2998046875,5003.39990234375,5002.39990234375,5002.39990234375
1771475760,5002.0,5002.10009765625,5000.2001953125,5000.60009765625
1771475880,5000.7001953125,5001.10009765625,5000.0,5000.10009765625
1771476000,4999.89990234375,5000.10009765625,4997.7998046875,5000.10009765625
1771476120,5000.2998046875,5000.5,4999.0,4999.39990234375
1771476240,4999.39990234375,5000.39990234375,4998.0,4998.2001953125
1771476360,4998.0,4998.10009765625,4995.2998046875,4996.60009765625
1771476480,4996.7998046875,4999.0,4996.7001953125,4997.89990234375
1771476600,4997.0,4997.7001953125,4995.60009765625,4997.7001953125
1771476720,4997.7998046875,5000.2998046875,4997.7998046875,4999.89990234375
1771476840,5000.0,5003.60009765625,4999.5,5002.7001953125
1771476960,5003.10009765625,5004.0,5002.39990234375,5003.0
1771477080,5002.7001953125,5003.89990234375,5002.39990234375,5002.7998046875
1771477200,5002.5,5005.60009765625,5002.5,5005.0
1771477320,5004.89990234375,5006.7001953125,5004.89990234375,5006.10009765625
1771477440,5006.60009765625,5007.7001953125,5006.2001953125,5007.7001953125
1771477560,5007.7001953125,5009.10009765625,5006.39990234375,5006.60009765625
1771477680,5006.0,5009.0,5005.60009765625,5009.0
1771477800,5008.60009765625,5010.60009765625,5008.60009765625,5010.5
1771477920,5010.7001953125,5012.2001953125,5009.2998046875,5009.2998046875
1771478040,5009.39990234375,5009.39990234375,5006.7998046875,5007.2001953125
1771478160,5007.39990234375,5008.39990234375,5007.39990234375,5007.60009765625
1771478280,5006.89990234375,5007.2001953125,5006.2998046875,5007.0
1771478400,5007.2001953125,5008.0,5006.10009765625,5007.0
1771478520,5006.7998046875,5007.0,5006.10009765625,5006.39990234375
1771478640,5007.10009765625,5008.10009765625,5006.7001953125,5008.10009765625
1771478760,5008.2001953125,5008.7998046875,5005.60009765625,5006.39990234375
1771478880,5007.2001953125,5007.60009765625,5006.60009765625,5007.5
1771479000,5007.7001953125,5009.2998046875,5007.2001953125,5008.7998046875
1771479120,5008.2001953125,5009.7001953125,5007.60009765625,5009.0
1771479240,5009.7998046875,5010.89990234375,5008.2998046875,5010.5
1771479360,5010.5,5012.7998046875,5010.5,5011.5
1771479480,5011.5,5013.7001953125,5011.2998046875,5012.2998046875
1771479600,5011.60009765625,5013.89990234375,5011.2001953125,5013.0
1771479720,5013.10009765625,5013.89990234375,5012.5,5013.60009765625
1771479840,5013.89990234375,5015.5,5013.7998046875,5015.0
1771479960,5014.10009765625,5016.39990234375,5014.0,5015.2998046875
1771480080,5015.5,5017.60009765625,5013.60009765625,5014.60009765625
1771480200,5015.0,5015.60009765625,5013.89990234375,5014.89990234375
1771480320,5015.0,5015.10009765625,5013.89990234375,5014.60009765625
1771480440,5014.2998046875,5016.7001953125,5014.2998046875,5014.60009765625
1771480560,5014.0,5015.2998046875,5013.2998046875,5014.5
1771480680,5015.2998046875,5017.0,5014.2001953125,5015.5
1771480800,5015.10009765625,5018.2998046875,5014.39990234375,5016.39990234375
1771480920,5016.10009765625,5017.7001953125,5015.39990234375,5017.2998046875
1771481040,5017.5,5018.39990234375,5016.7998046875,5018.0
1771481160,5017.7998046875,5018.39990234375,5017.2001953125,5018.39990234375
1771481280,5017.7998046875,5017.7998046875,5015.0,5016.60009765625
1771481400,5017.0,5018.0,5015.60009765625,5016.2001953125
1771481520,5016.10009765625,5016.7998046875,5015.0,5016.2998046875
1771481640,5016.60009765625,5017.7001953125,5015.89990234375,5017.7001953125
1771481760,5018.2001953125,5018.7001953125,5016.5,5017.0
1771481880,5016.60009765625,5019.2001953125,5016.0,5018.2001953125
1771482000,5018.0,5018.2001953125,5016.89990234375,5017.2998046875
1771482120,5016.89990234375,5017.7998046875,5015.39990234375,5016.5
1771482240,5016.7001953125,5017.39990234375,5016.5,5017.39990234375
1771482360,5017.39990234375,5020.39990234375,5017.2001953125,5018.7998046875
1771482480,5018.2001953125,5020.60009765625,5018.2001953125,5019.2001953125
1771482600,5018.7998046875,5022.5,5018.7998046875,5022.10009765625
1771482720,5021.2998046875,5025.89990234375,5021.2001953125,5025.89990234375
1771482840,5025.60009765625,5026.5,5024.5,5026.10009765625
1771482960,5026.10009765625,5026.60009765625,5025.2998046875,5026.0
1771483080,5026.2001953125,5027.0,5025.60009765625,5025.7998046875
1771483200,5026.0,5028.7998046875,5025.0,5027.89990234375
1771483320,5027.5,5028.0,5026.7998046875,5026.7998046875
1771483440,5027.39990234375,5034.2998046875,5026.2998046875,5030.2001953125
1771483560,5030.5,5033.60009765625,5029.2998046875,5032.10009765625
1771483680,5032.89990234375,5034.0,5032.0,5033.89990234375
1771483800,5033.10009765625,5036.7001953125,5031.60009765625,5035.0
1771483920,5033.60009765625,5037.7998046875,5032.89990234375,5035.2001953125
1771484040,5034.7001953125,5037.89990234375,5034.2001953125,5037.2998046875
1771484160,5037.0,5038.0,5034.5,5036.2998046875
1771484280,5036.0,5037.0,5034.7001953125,5035.39990234375
1771484400,5036.5,5038.0,5036.0,5036.7998046875
1771484520,5037.5,5038.0,5035.0,5037.0
1771484640,5037.60009765625,5038.0,5036.60009765625,5036.7998046875
1771484760,5036.2001953125,5037.39990234375,5034.5,5035.60009765625
1771484880,5035.2001953125,5039.7998046875,5035.10009765625,5038.5
1771485000,5038.7998046875,5039.60009765625,5037.0,5038.7998046875
1771485120,5038.2001953125,5038.7001953125,5037.10009765625,5037.10009765625
1771485240,5037.0,5038.5,5035.2998046875,5037.10009765625
1771485360,5037.60009765625,5037.7998046875,5033.7001953125,5034.60009765625
1771485480,5034.0,5035.2998046875,5033.2998046875,5034.60009765625
1771485600,5034.2998046875,5034.7998046875,5033.5,5034.2998046875
1771485720,5034.2998046875,5034.2998046875,5032.5,5034.0
1771485840,5033.2998046875,5035.2001953125,5032.5,5034.2998046875
1771485960,5035.0,5038.10009765625,5035.0,5036.2998046875
1771486080,5037.2001953125,5037.60009765625,5034.7998046875,5036.0
1771486200,5036.39990234375,5037.39990234375,5035.60009765625,5036.2998046875
1771486320,5035.7998046875,5038.60009765625,5035.7998046875,5037.10009765625
1771486440,5036.60009765625,5038.0,5035.2001953125,5038.0
1771486560,5037.89990234375,5038.0,5035.39990234375,5035.60009765625
1771486680,5035.5,5036.39990234375,5035.0,5035.7001953125
1771486800,5035.89990234375,5035.89990234375,5032.7998046875,5033.5
1771486920,5033.2001953125,5036.0,5033.2001953125,5035.2998046875
1771487040,5034.7998046875,5034.7998046875,5031.5,5032.60009765625
1771487160,5032.89990234375,5033.0,5031.5,5032.2001953125
1771487280,5032.5,5034.2998046875,5031.60009765625,5033.89990234375
1771487400,5033.89990234375,5035.10009765625,5033.10009765625,5034.2001953125
1771487520,5033.7998046875,5034.7998046875,5032.60009765625,5033.5
1771487640,5033.0,5033.60009765625,5028.89990234375,5029.39990234375
1771487760,5029.7998046875,5029.7998046875,5026.89990234375,5029.0
1771487880,5029.7001953125,5030.2998046875,5028.0,5028.0
1771488000,5028.0,5029.2001953125,5025.2998046875,5027.0
1771488120,5027.39990234375,5027.89990234375,5024.0,5027.39990234375
1771488240,5026.89990234375,5028.10009765625,5025.39990234375,5027.7001953125
1771488360,5027.7001953125,5028.60009765625,5025.60009765625,5026.0
1771488480,5026.0,5029.2998046875,5023.89990234375,5028.39990234375
1771488600,5028.7001953125,5029.39990234375,5027.5,5027.7998046875
1771488720,5027.60009765625,5029.5,5027.5,5029.5
1771488840,5029.39990234375,5030.2998046875,5028.7001953125,5029.2998046875
1771488960,5030.2998046875,5031.0,5027.89990234375,5028.0
1771489080,5027.7998046875,5033.0,5027.39990234375,5031.60009765625
1771489200,5031.89990234375,5032.60009765625,5030.7001953125,5032.10009765625
1771489320,5031.7998046875,5033.0,5030.89990234375,5032.2998046875
1771489440,5032.10009765625,5033.2001953125,5030.89990234375,5031.5
1771489560,5031.7998046875,5032.0,5030.2998046875,5031.5
1771489680,5031.5,5033.39990234375,5030.60009765625,5033.39990234375
1771489800,5033.2001953125,5033.7998046875,5031.7998046875,5032.2001953125
1771489920,5031.7998046875,5032.5,5031.5,5031.89990234375
1771490040,5031.7998046875,5031.7998046875,5029.89990234375,5030.5
1771490160,5030.7001953125,5031.5,5028.5,5030.7001953125
1771490280,5031.39990234375,5034.60009765625,5031.10009765625,5033.7001953125
1771490400,5033.7001953125,5035.7001953125,5033.2998046875,5034.7001953125
1771490520,5035.0,5037.2001953125,5035.0,5037.2001953125
1771490640,5036.5,5040.7998046875,5036.5,5039.60009765625
1771490760,5040.0,5040.89990234375,5036.60009765625,5036.7998046875
1771490880,5037.7001953125,5040.7998046875,5036.89990234375,5038.39990234375
1771491000,5038.2998046875,5039.2998046875,5037.0,5037.0
1771491120,5036.0,5036.0,5032.0,5032.0
1771491240,5031.7998046875,5035.39990234375,5031.7001953125,5034.10009765625
1771491360,5034.10009765625,5034.60009765625,5033.10009765625,5034.60009765625
1771491480,5034.39990234375,5036.0,5034.0,5035.5
1771491600,5035.7998046875,5036.60009765625,5034.0,5035.2998046875
1771491720,5034.7998046875,5035.89990234375,5034.39990234375,5035.89990234375
1771491840,5035.10009765625,5037.2001953125,5034.0,5036.5
1771491960,5036.7001953125,5037.7001953125,5036.39990234375,5037.10009765625
1771492080,5037.10009765625,5037.7998046875,5036.0,5037.7998046875
1771492200,5037.7998046875,5038.5,5037.0,5037.39990234375
1771492320,5037.0,5037.89990234375,5036.39990234375,5036.7998046875
1771492440,5036.89990234375,5038.60009765625,5036.5,5037.7998046875
1771492560,5038.2001953125,5039.10009765625,5037.39990234375,5038.5
1771492680,5038.5,5039.0,5032.0,5032.39990234375
1771492800,5032.39990234375,5033.5,5030.89990234375,5032.60009765625
1771492920,5032.2001953125,5033.7998046875,5031.2998046875,5031.7001953125
1771493040,5031.39990234375,5031.39990234375,5026.7998046875,5027.60009765625
1771493160,5028.0,5028.0,5025.0,5026.2001953125
1771493280,5025.7998046875,5026.5,5016.2001953125,5019.5
1771493400,5019.89990234375,5024.7998046875,5018.60009765625,5023.60009765625
1771493520,5023.89990234375,5024.5,5022.2998046875,5024.10009765625
1771493640,5024.2998046875,5024.89990234375,5018.7998046875,5019.2998046875
1771493760,5019.0,5019.0,5012.0,5017.7001953125
1771493880,5017.2001953125,5019.7001953125,5014.60009765625,5018.5
1771494000,5019.2001953125,5021.0,5017.60009765625,5018.7001953125
1771494120,5018.7998046875,5021.2001953125,5018.2998046875,5021.0
1771494240,5021.5,5022.89990234375,5020.89990234375,5021.5
1771494360,5021.10009765625,5022.5,5020.7001953125,5022.10009765625
1771494480,5022.2001953125,5023.2998046875,5021.2001953125,5021.60009765625
1771494600,5021.89990234375,5024.2998046875,5020.7001953125,5021.7998046875
1771494720,5022.0,5024.0,5021.2998046875,5022.60009765625
1771494840,5022.60009765625,5022.60009765625,5018.39990234375,5018.60009765625
1771494960,5017.89990234375,5018.2001953125,5015.5,5016.0
1771495080,5015.5,5016.2998046875,5014.39990234375,5014.39990234375
1771495200,5014.39990234375,5015.2001953125,5012.7998046875,5013.39990234375
1771495320,5012.7998046875,5014.60009765625,5008.10009765625,5009.89990234375
1771495440,5010.10009765625,5013.2998046875,5009.7001953125,5011.60009765625
1771495560,5012.2001953125,5013.5,5008.2001953125,5009.2001953125
1771495680,5008.5,5010.89990234375,5004.89990234375,5010.0
1771495800,5009.2001953125,5009.5,5002.2001953125,5007.2998046875
1771495920,5006.7998046875,5009.2998046875,5006.2998046875,5007.2998046875
1771496040,5007.10009765625,5009.39990234375,5006.0,5009.0
1771496160,5009.2998046875,5011.0,5008.7998046875,5010.39990234375
1771496280,5010.60009765625,5011.7998046875,5009.0,5009.0
1771496400,5009.39990234375,5011.39990234375,5009.2001953125,5009.2001953125
1771496520,5009.10009765625,5010.60009765625,5008.60009765625,5010.60009765625
1771496640,5010.2998046875,5011.39990234375,5010.0,5011.10009765625
1771496760,5010.89990234375,5011.2001953125,5005.2998046875,5007.2998046875
1771496880,5006.7998046875,5007.5,5004.60009765625,5006.2001953125
1771497000,5006.0,5006.0,5000.7001953125,5003.10009765625
1771497120,5002.39990234375,5010.2998046875,5002.10009765625,5010.2998046875
1771497240,5009.7001953125,5012.7998046875,5008.5,5010.60009765625
1771497360,5010.2998046875,5011.2001953125,5009.2001953125,5010.2998046875
1771497480,5009.7998046875,5014.7998046875,5009.7998046875,5013.60009765625
1771497600,5013.39990234375,5014.2001953125,5011.39990234375,5011.39990234375
1771497720,5011.39990234375,5011.7998046875,5008.0,5008.10009765625
1771497840,5007.7998046875,5009.60009765625,5007.39990234375,5008.39990234375
1771497960,5008.7998046875,5010.10009765625,5007.5,5010.0
1771498080,5010.5,5010.7001953125,5009.5,5009.89990234375
1771498200,5009.2998046875,5011.5,5008.89990234375,5008.89990234375
1771498320,5008.60009765625,5009.10009765625,5008.0,5008.5
1771498440,5008.5,5009.60009765625,5008.10009765625,5008.5
1771498560,5008.7998046875,5011.60009765625,5008.7998046875,5010.60009765625
1771498680,5010.60009765625,5013.0,5010.2001953125,5013.0
1771498800,5013.0,5013.0,5009.60009765625,5009.7998046875
1771498920,5008.5,5011.39990234375,5008.5,5011.2001953125
1771499040,5011.39990234375,5011.5,5008.89990234375,5010.2001953125
1771499160,5010.2998046875,5012.39990234375,5010.2998046875,5012.39990234375
1771499280,5012.2001953125,5014.39990234375,5011.5,5013.5
1771499400,5014.2001953125,5016.7998046875,5014.10009765625,5015.10009765625
1771499520,5015.7998046875,5015.7998046875,5012.0,5012.39990234375
1771499640,5012.7998046875,5014.0,5012.10009765625,5012.5
1771499760,5011.89990234375,5011.89990234375,4997.10009765625,5004.5
1771499880,5005.2001953125,5009.0,5005.2001953125,5006.7998046875
1771500000,5006.2998046875,5010.0,5006.0,5007.89990234375
1771500120,5007.7001953125,5008.7001953125,5006.0,5007.7998046875
1771500240,5008.0,5008.0,5003.7001953125,5005.0
1771500360,5006.0,5006.7001953125,5003.2001953125,5005.5
1771500480,5005.39990234375,5005.39990234375,5003.0,5004.39990234375
1771500600,5004.39990234375,5006.60009765625,5002.39990234375,5004.5
1771500720,5003.39990234375,5004.7001953125,5002.10009765625,5004.2001953125
1771500840,5004.7001953125,5005.89990234375,5003.2998046875,5003.7001953125
1771500960,5003.7001953125,5005.7001953125,5003.39990234375,5004.5
1771501080,5005.0,5006.10009765625,5004.0,5004.0
1771501200,5003.89990234375,5006.2001953125,5001.60009765625,5004.7001953125
1771501320,5005.0,5005.2001953125,5003.5,5003.7001953125
1771501440,5003.39990234375,5004.0,5001.0,5002.5
1771501560,5002.5,5004.2001953125,5001.7998046875,5002.7998046875
1771501680,5002.7001953125,5005.10009765625,5001.10009765625,5004.89990234375
1771501800,5005.5,5005.5,4999.39990234375,5001.2001953125
1771501920,5001.2998046875,5002.2998046875,4997.2001953125,5000.60009765625
1771502040,5001.2001953125,5003.60009765625,5001.2001953125,5002.89990234375
1771502160,5002.89990234375,5005.2001953125,5002.0,5003.5
1771502280,5003.60009765625,5005.2001953125,5003.2998046875,5003.2998046875
1771502400,5003.7998046875,5005.60009765625,5001.60009765625,5001.7998046875
1771502520,5001.5,5003.5,4999.7998046875,5003.39990234375
1771502640,5004.2001953125,5009.7998046875,5003.89990234375,5008.2998046875
1771502760,5008.39990234375,5009.10009765625,5005.2998046875,5005.2998046875
1771502880,5005.10009765625,5005.5,5002.0,5002.2001953125
1771503000,5002.5,5003.2001953125,5000.2001953125,5002.0
1771503120,5002.5,5006.7001953125,5002.5,5006.0
1771503240,5006.2998046875,5008.39990234375,5005.2998046875,5007.2001953125
1771503360,5007.0,5007.0,5003.7998046875,5005.2001953125
1771503480,5004.7998046875,5005.7998046875,5004.0,5004.0
1771503600,5004.0,5005.2001953125,5003.5,5004.39990234375
1771503720,5005.10009765625,5007.0,5004.2001953125,5004.7001953125
1771503840,5004.7001953125,5006.60009765625,5004.60009765625,5005.60009765625
1771503960,5006.10009765625,5009.2001953125,5005.7998046875,5008.5
1771504080,5008.10009765625,5011.2998046875,5008.10009765625,5011.2998046875
1771504200,5011.5,5012.0,5010.10009765625,5011.39990234375
1771504320,5011.5,5012.0,5007.7001953125,5008.2998046875
1771504440,5008.89990234375,5009.2998046875,5006.2998046875,5006.7998046875
1771504560,5006.60009765625,5006.60009765625,5002.5,5004.7001953125
1771504680,5004.39990234375,5006.60009765625,5003.89990234375,5004.39990234375
1771504800,5004.89990234375,5006.39990234375,5003.60009765625,5005.7001953125
1771504920,5006.10009765625,5006.2001953125,5004.0,5005.89990234375
1771505040,5006.0,5007.60009765625,5004.0,5006.2998046875
1771505160,5005.89990234375,5006.7001953125,5003.7998046875,5003.7998046875
1771505280,5003.7998046875,5004.10009765625,5001.39990234375,5001.39990234375
1771505400,5001.2001953125,5005.2998046875,5000.2998046875,5003.7001953125
1771505520,5003.60009765625,5005.2998046875,5003.5,5004.2998046875
1771505640,5004.7001953125,5005.10009765625,5002.89990234375,5003.10009765625
1771505760,5003.7001953125,5004.39990234375,5003.39990234375,5004.2998046875
1771505880,5004.5,5005.5,5004.2998046875,5004.39990234375
1771506000,5005.10009765625,5005.2998046875,4998.89990234375,5000.7998046875
1771506120,5000.60009765625,5003.0,4994.10009765625,5002.10009765625
1771506240,5001.89990234375,5003.7001953125,5001.60009765625,5003.39990234375
1771506360,5003.7998046875,5004.60009765625,5001.0,5004.2001953125
1771506480,5004.60009765625,5005.7998046875,5002.5,5002.5
1771506600,5002.2998046875,5004.7001953125,5002.2001953125,5003.2998046875
1771506720,5002.89990234375,5003.39990234375,5000.7001953125,5001.89990234375
1771506840,5001.7998046875,5005.5,5001.7998046875,5004.0
1771506960,5003.60009765625,5004.0,5002.39990234375,5003.0
1771507080,5003.2998046875,5003.7001953125,5001.39990234375,5003.5
1771507200,5003.0,5004.7998046875,4999.2998046875,5002.0
1771507320,5002.89990234375,5006.7001953125,5001.10009765625,5005.60009765625
1771507440,5005.7001953125,5006.5,5002.89990234375,5004.0
1771507560,5004.89990234375,5007.5,5004.39990234375,5006.10009765625
1771507680,5006.0,5007.0,5001.7001953125,5003.0
1771507800,5001.5,5003.5,4990.10009765625,5002.0
1771507920,5001.60009765625,5010.60009765625,5001.60009765625,5008.60009765625
1771508040,5009.0,5010.2998046875,5006.39990234375,5007.89990234375
1771508160,5008.5,5013.0,5008.0,5012.60009765625
1771508280,5012.2001953125,5015.60009765625,5011.5,5014.2998046875
1771508400,5015.0,5015.2998046875,5012.0,5015.0
1771508520,5014.89990234375,5017.39990234375,5014.0,5014.2998046875
1771508640,5013.89990234375,5015.5,5011.10009765625,5012.89990234375
1771508760,5012.89990234375,5014.5,5011.7998046875,5011.7998046875
1771508880,5011.89990234375,5012.5,5011.2998046875,5012.0
1771509000,5012.0,5016.2998046875,5011.7998046875,5014.0
1771509120,5014.5,5017.10009765625,5014.39990234375,5016.5
1771509240,5016.2998046875,5017.0,5014.0,5017.0
1771509360,5017.10009765625,5018.5,5015.0,5017.0
1771509480,5017.7001953125,5018.2001953125,5015.7998046875,5016.60009765625
1771509600,5016.5,5016.89990234375,5008.0,5009.5
1771509720,5009.7001953125,5010.2001953125,5005.2998046875,5007.0
1771509840,5007.2001953125,5008.2001953125,5003.60009765625,5005.0
1771509960,5005.39990234375,5006.7998046875,5001.0,5001.0
1771510080,5000.60009765625,5001.7998046875,4997.60009765625,4999.2001953125
1771510200,4998.2998046875,4999.0,4990.5,4995.60009765625
1771510320,4994.89990234375,4999.39990234375,4993.89990234375,4998.5
1771510440,4998.2998046875,4999.10009765625,4991.2001953125,4999.10009765625
1771510560,4999.10009765625,5001.89990234375,4998.10009765625,5000.2998046875
1771510680,5000.2998046875,5000.89990234375,4997.60009765625,4997.89990234375
1771510800,4997.5,4999.2998046875,4996.0,4999.2998046875
1771510920,4999.2998046875,4999.2998046875,4996.0,4996.2998046875
1771511040,4996.5,4998.5,4995.2998046875,4997.10009765625
1771511160,4996.7001953125,4998.10009765625,4995.5,4998.10009765625
1771511280,4998.5,4999.2001953125,4995.0,4997.39990234375
1771511400,4997.2001953125,4997.2001953125,4990.2998046875,4993.0
1771511520,4993.89990234375,4997.7998046875,4990.2998046875,4992.10009765625
1771511640,4991.60009765625,4996.7998046875,4982.0,4996.7001953125
1771511760,4996.89990234375,4999.5,4992.89990234375,4997.2998046875
1771511880,4996.60009765625,5004.60009765625,4996.60009765625,5004.2001953125
1771512000,5004.60009765625,5006.10009765625,5000.2998046875,5000.2998046875
1771512120,5000.39990234375,5008.60009765625,5000.2998046875,5007.2001953125
1771512240,5006.7998046875,5014.39990234375,5006.39990234375,5008.5
1771512360,5008.60009765625,5015.7001953125,5008.10009765625,5014.5
1771512480,5014.60009765625,5019.39990234375,5014.10009765625,5019.39990234375
1771512600,5018.89990234375,5019.0,5013.89990234375,5018.2998046875
1771512720,5018.2001953125,5023.89990234375,5017.39990234375,5023.5
1771512840,5023.5,5026.7001953125,5022.0,5026.5
1771512960,5026.7998046875,5029.60009765625,5026.5,5027.2998046875
1771513080,5027.0,5027.0,5023.5,5024.60009765625
1771513200,5025.2001953125,5028.39990234375,5021.60009765625,5024.10009765625
1771513320,5025.39990234375,5029.5,5018.39990234375,5026.7998046875
1771513440,5027.0,5027.7001953125,5019.0,5020.10009765625
1771513560,5019.89990234375,5023.7998046875,5018.2001953125,5022.7001953125
1771513680,5022.2998046875,5027.0,5021.2001953125,5022.39990234375
1771513800,5022.2001953125,5022.89990234375,5018.7001953125,5021.7001953125
1771513920,5021.89990234375,5024.7998046875,5019.2001953125,5021.89990234375
1771514040,5021.89990234375,5021.89990234375,5014.7001953125,5017.0
1771514160,5017.0,5023.0,5016.89990234375,5023.0
1771514280,5023.2998046875,5024.39990234375,5015.7998046875,5018.60009765625
1771514400,5019.10009765625,5024.0,5018.89990234375,5021.0
1771514520,5021.7001953125,5024.5,5018.7998046875,5019.0
1771514640,5019.5,5026.7998046875,5019.5,5021.5
1771514760,5022.7001953125,5031.5,5022.2998046875,5029.5
1771514880,5029.7998046875,5035.7998046875,5029.7998046875,5035.7001953125
1771515000,5035.2001953125,5041.39990234375,5033.2001953125,5036.2998046875
1771515120,5036.2998046875,5039.60009765625,5034.60009765625,5037.89990234375
1771515240,5038.39990234375,5042.7998046875,5038.0,5042.0
1771515360,5041.89990234375,5042.39990234375,5035.5,5038.0
1771515480,5037.89990234375,5039.89990234375,5034.2001953125,5035.5
1771515600,5036.0,5036.2998046875,5031.89990234375,5033.7998046875
1771515720,5034.2998046875,5035.7998046875,5032.89990234375,5035.2001953125
1771515840,5035.39990234375,5035.89990234375,5033.60009765625,5033.89990234375
1771515960,5034.7998046875,5035.7001953125,5032.7001953125,5033.60009765625
1771516080,5033.39990234375,5035.0,5032.5,5035.0
1771516200,5034.7998046875,5035.60009765625,5027.10009765625,5028.89990234375
1771516320,5028.60009765625,5029.7001953125,5026.2998046875,5028.7998046875
1771516440,5029.5,5030.89990234375,5027.5,5029.39990234375
1771516560,5029.60009765625,5031.0,5028.10009765625,5031.0
1771516680,5030.7001953125,5034.10009765625,5030.2001953125,5033.39990234375
1771516800,5033.89990234375,5034.2001953125,5032.10009765625,5032.89990234375
1771516920,5032.89990234375,5033.2001953125,5030.5,5031.2998046875
1771517040,5031.10009765625,5032.39990234375,5023.10009765625,5023.7001953125
1771517160,5023.60009765625,5026.0,5020.60009765625,5021.60009765625
1771517280,5021.2001953125,5030.60009765625,5021.2001953125,5028.39990234375
1771517400,5027.89990234375,5029.2001953125,5024.39990234375,5024.39990234375
1771517520,5024.7001953125,5028.2998046875,5024.7001953125,5026.5
1771517640,5027.10009765625,5027.10009765625,5024.10009765625,5025.10009765625
1771517760,5025.60009765625,5025.60009765625,5019.39990234375,5021.7001953125
1771517880,5021.39990234375,5024.10009765625,5020.0,5020.89990234375
1771518000,5020.7998046875,5025.5,5017.5,5024.2998046875
1771518120,5024.0,5026.2001953125,5023.0,5024.7998046875
1771518240,5024.10009765625,5024.5,5016.39990234375,5017.89990234375
1771518360,5017.60009765625,5019.39990234375,5011.5,5013.5
1771518480,5013.7998046875,5018.7001953125,5013.7001953125,5017.89990234375
1771518600,5018.10009765625,5020.89990234375,5017.60009765625,5020.2001953125
1771518720,5021.0,5023.2998046875,5019.10009765625,5019.7001953125
1771518840,5020.2998046875,5022.89990234375,5019.2001953125,5020.5
1771518960,5020.2998046875,5024.7998046875,5020.10009765625,5023.2001953125
1771519080,5023.60009765625,5025.60009765625,5021.89990234375,5022.5
1771519200,5023.0,5027.2998046875,5022.7998046875,5027.2998046875
1771519320,5026.7998046875,5028.60009765625,5025.60009765625,5025.7001953125
1771519440,5026.7001953125,5028.2001953125,5024.89990234375,5025.10009765625
1771519560,5025.7001953125,5026.60009765625,5023.5,5024.0
1771519680,5023.60009765625,5024.10009765625,5017.89990234375,5023.10009765625
1771519800,5023.0,5024.2001953125,5018.10009765625,5019.2998046875
1771519920,5019.7998046875,5020.7998046875,5016.7001953125,5019.5
1771520040,5018.89990234375,5023.0,5018.60009765625,5019.7998046875
1771520160,5019.10009765625,5019.10009765625,5012.7998046875,5014.2998046875
1771520280,5014.39990234375,5016.0,5008.7998046875,5014.2001953125
1771520400,5014.2001953125,5017.5,5011.2001953125,5013.0
1771520520,5012.7998046875,5014.10009765625,5011.0,5014.0
1771520640,5013.7998046875,5016.2998046875,5012.39990234375,5012.7998046875
1771520760,5012.60009765625,5018.7998046875,5012.0,5016.5
1771520880,5015.89990234375,5018.2001953125,5015.60009765625,5015.60009765625
1771521000,5015.7001953125,5019.10009765625,5015.7001953125,5016.89990234375
1771521120,5017.5,5017.60009765625,5015.2001953125,5017.39990234375
1771521240,5016.60009765625,5016.60009765625,5011.7998046875,5013.7001953125
1771521360,5013.10009765625,5015.89990234375,5013.10009765625,5015.2998046875
1771521480,5015.7998046875,5019.0,5015.7998046875,5017.39990234375
1771521600,5018.0,5019.0,5016.2001953125,5018.10009765625
1771521720,5018.39990234375,5020.7001953125,5018.39990234375,5019.89990234375
1771521840,5019.5,5021.10009765625,5018.39990234375,5018.7998046875
1771521960,5018.60009765625,5018.7998046875,5015.0,5016.7998046875
1771522080,5016.89990234375,5016.89990234375,5012.2998046875,5013.2998046875
1771522200,5013.5,5014.39990234375,5010.2001953125,5010.60009765625
1771522320,5010.39990234375,5015.60009765625,5010.2001953125,5013.7998046875
1771522440,5013.5,5014.5,5011.10009765625,5012.7998046875
1771522560,5012.0,5012.39990234375,5005.0,5008.7998046875
1771522680,5008.2998046875,5015.2001953125,5008.2998046875,5015.2001953125
1771522800,5014.60009765625,5015.2001953125,5012.7998046875,5013.39990234375
1771522920,5013.5,5014.60009765625,5011.7998046875,5012.7998046875
1771523040,5012.7998046875,5014.2998046875,5011.7998046875,5012.10009765625
1771523160,5012.5,5013.5,5011.60009765625,5013.10009765625
1771523280,5013.5,5013.7001953125,5008.7998046875,5010.5
1771523400,5010.7998046875,5012.2998046875,5009.7001953125,5009.89990234375
1771523520,5010.0,5010.89990234375,5004.89990234375,5005.5
1771523640,5006.2998046875,5007.7001953125,5004.5,5007.60009765625
1771523760,5007.7001953125,5007.89990234375,5003.89990234375,5004.60009765625
1771523880,5004.2001953125,5005.5,5001.89990234375,5004.2001953125
1771524000,5004.5,5006.7998046875,5000.5,5005.5
1771524120,5005.7998046875,5006.7001953125,5004.10009765625,5006.0
1771524240,5006.10009765625,5007.2998046875,5004.89990234375,5006.0
1771524360,5006.10009765625,5006.7001953125,5002.7001953125,5004.2001953125
1771524480,5004.10009765625,5004.2001953125,4998.10009765625,5002.39990234375
1771524600,5002.10009765625,5004.89990234375,5000.7998046875,5002.7001953125
1771524720,5003.2998046875,5007.39990234375,5003.2998046875,5005.7001953125
1771524840,5005.2998046875,5008.7998046875,5005.2998046875,5006.2001953125
1771524960,5006.2001953125,5007.60009765625,5001.5,5003.5
1771525080,5003.5,5004.7998046875,5002.5,5003.2001953125
1771525200,5003.2001953125,5003.2001953125,4999.60009765625,5000.7998046875
1771525320,5000.39990234375,5001.7998046875,5000.0,5000.2998046875
1771525440,5000.89990234375,5001.10009765625,4997.2998046875,4999.39990234375
1771525560,4999.7998046875,5000.0,4995.0,4996.7998046875
1771525680,4996.7998046875,5000.0,4996.10009765625,4997.0
1771525800,4997.2998046875,5000.2998046875,4995.7001953125,4999.2001953125
1771525920,4999.2001953125,5002.2998046875,4999.2001953125,5001.7998046875
1771526040,5001.2998046875,5001.7998046875,4999.2998046875,5000.89990234375
1771526160,5000.39990234375,5001.2998046875,4998.10009765625,5000.0
1771526280,5000.60009765625,5000.7001953125,4998.0,4999.0
1771526400,4998.7001953125,4998.7998046875,4995.7001953125,4996.89990234375
1771526520,4997.10009765625,4998.2998046875,4996.0,4997.39990234375
1771526640,4996.5,4997.7001953125,4994.0,4997.7001953125
1771526760,4997.39990234375,4998.10009765625,4995.39990234375,4997.10009765625
1771526880,4997.5,5001.5,4997.5,5000.5
1771527000,5000.5,5001.10009765625,4998.7001953125,4999.2001953125
1771527120,4999.5,5003.7001953125,4999.5,5003.2998046875
1771527240,5002.60009765625,5002.60009765625,4999.2998046875,4999.39990234375
1771527360,4999.2998046875,5000.89990234375,4998.7001953125,4999.2001953125
1771527480,4999.2998046875,5001.2998046875,4999.10009765625,5000.7001953125
1771527600,5000.7001953125,5002.10009765625,4999.5,4999.89990234375
1771527720,5000.7998046875,5003.0,5000.10009765625,5002.5
1771527840,5002.5,5004.7001953125,5002.5,5004.7001953125
1771527960,5004.5,5007.60009765625,5004.5,5007.60009765625
1771528080,5007.10009765625,5008.2001953125,5006.2998046875,5006.7998046875
1771528200,5007.60009765625,5008.89990234375,5005.60009765625,5007.60009765625
1771528320,5008.2001953125,5008.39990234375,5007.0,5007.2001953125
1771528440,5006.7998046875,5007.2001953125,5005.10009765625,5006.89990234375
1771528560,5006.60009765625,5006.7001953125,5005.2001953125,5006.2998046875
1771528680,5006.2998046875,5008.2001953125,5006.2998046875,5008.2001953125
1771528800,5008.39990234375,5009.7001953125,5007.60009765625,5008.2001953125
1771528920,5008.89990234375,5009.10009765625,5007.60009765625,5007.7998046875
1771529040,5007.7001953125,5008.39990234375,5006.60009765625,5008.39990234375
1771529160,5008.5,5008.7998046875,5007.39990234375,5008.60009765625
1771529280,5008.7998046875,5009.39990234375,5007.0,5008.10009765625
1771529400,5008.39990234375,5009.2001953125,5008.2001953125,5008.60009765625
1771529520,5008.39990234375,5008.39990234375,5006.7001953125,5007.60009765625
1771529640,5007.7998046875,5007.7998046875,5005.89990234375,5006.7998046875
1771529760,5006.60009765625,5007.2001953125,5005.10009765625,5005.10009765625
1771529880,5005.5,5005.7001953125,4998.2001953125,4999.7998046875
1771530000,4999.2001953125,5002.2001953125,4996.7998046875,5001.7001953125
1771530120,5001.2998046875,5004.2001953125,5000.7998046875,5004.10009765625
1771530240,5004.7001953125,5004.89990234375,5002.89990234375,5004.0
1771530360,5003.60009765625,5003.60009765625,5001.0,5003.2001953125
1771530480,5003.60009765625,5005.2001953125,5002.60009765625,5005.2001953125
1771530600,5005.2001953125,5007.2998046875,5004.39990234375,5006.39990234375
1771530720,5006.5,5006.89990234375,5004.2001953125,5004.89990234375
1771530840,5004.2998046875,5007.0,5004.2998046875,5006.39990234375
1771530960,5007.2001953125,5007.5,5005.5,5005.7998046875
1771531080,5005.89990234375,5006.5,5005.5,5006.5
1771531200,5006.89990234375,5011.0,5006.89990234375,5009.60009765625
1771531320,5009.5,5010.5,5009.0,5009.0
1771531440,5009.7001953125,5009.89990234375,5006.89990234375,5008.0
1771531560,5008.60009765625,5009.10009765625,5007.60009765625,5008.5
1771531680,5009.2001953125,5010.7001953125,5009.10009765625,5010.0
1771531800,5010.10009765625,5010.7998046875,5008.7998046875,5008.7998046875
1771531920,5009.2001953125,5010.5,5009.0,5009.0
1771532040,5009.0,5010.2001953125,5008.7998046875,5009.0
1771532160,5008.39990234375,5009.60009765625,5008.0,5009.0
1771532280,5008.7001953125,5013.60009765625,5008.2001953125,5013.0
1771532400,5013.0,5014.5,5012.0,5012.5
1771532520,5012.7998046875,5014.0,5012.7998046875,5012.89990234375
1771532640,5012.7001953125,5013.89990234375,5012.7001953125,5013.10009765625
1771532760,5013.60009765625,5015.39990234375,5013.60009765625,5015.0
1771532880,5014.89990234375,5016.0,5013.7998046875,5014.39990234375
1771533000,5014.5,5016.2998046875,5013.7998046875,5016.0
1771533120,5016.0,5016.7998046875,5014.5,5015.10009765625
1771533240,5015.0,5016.60009765625,5014.89990234375,5015.2998046875
1771533360,5016.2001953125,5016.2998046875,5015.0,5015.0
1771533480,5015.5,5016.5,5015.0,5016.5
1771533600,5016.89990234375,5017.10009765625,5015.89990234375,5016.2001953125
1771533720,5016.2998046875,5019.39990234375,5016.2998046875,5018.39990234375
1771533840,5018.7998046875,5019.5,5017.2001953125,5019.39990234375
1771533960,5019.2001953125,5022.2001953125,5019.10009765625,5021.0
1771534080,5020.39990234375,5022.10009765625,5020.2998046875,5021.39990234375
1771534200,5021.2001953125,5021.7998046875,5020.10009765625,5021.0
1771534320,5021.0,5021.39990234375,5019.2001953125,5019.7998046875
1771534440,5019.2998046875,5020.7001953125,5018.10009765625,5019.39990234375
1771534560,5019.39990234375,5020.10009765625,5018.2998046875,5019.89990234375
1771534680,5019.7998046875,5021.2998046875,5019.5,5020.60009765625
1771534800,5020.7001953125,5022.7001953125,5020.60009765625,5022.39990234375
1771534920,5022.2001953125,5022.7998046875,5018.2001953125,5018.39990234375
1771535040,5018.39990234375,5019.0,5017.2998046875,5018.5
1771535160,5018.7998046875,5019.60009765625,5017.60009765625,5017.89990234375
1771535280,5018.0,5018.2998046875,5016.2001953125,5017.2001953125
1771535400,5017.0,5017.7001953125,5016.5,5017.7001953125
1771535520,5017.60009765625,5018.39990234375,5017.60009765625,5018.0
1771535640,5018.0,5018.89990234375,5018.0,5018.60009765625
1771535760,5019.0,5019.2998046875,5018.5,5018.5
1771535880,5018.60009765625,5019.2998046875,5018.60009765625,5019.2998046875
1771536000,5019.2001953125,5020.0,5014.39990234375,5014.60009765625
1771536120,5014.2001953125,5016.39990234375,5010.2001953125,5015.7998046875
1771536240,5015.89990234375,5017.39990234375,5014.5,5014.60009765625
1771536360,5014.5,5015.5,5014.39990234375,5014.7001953125
1771536480,5014.89990234375,5015.2001953125,5012.0,5012.10009765625
1771536600,5012.5,5013.2998046875,5012.39990234375,5013.0
1771536720,5013.2998046875,5014.60009765625,5013.2998046875,5014.2001953125
1771536840,5014.0,5015.2998046875,5014.0,5014.89990234375
1771536960,5015.2001953125,5015.60009765625,5015.0,5015.5
1771537080,5015.39990234375,5016.39990234375,5015.2001953125,5015.5
1771537200,5015.89990234375,5016.0,5014.0,5014.0
1771537320,5015.10009765625,5017.2001953125,5015.10009765625,5017.0
1771537440,5017.2998046875,5017.89990234375,5015.5,5016.7001953125
1771537560,5017.0,5018.10009765625,5016.2998046875,5016.89990234375
1771537680,5017.10009765625,5018.10009765625,5016.7001953125,5017.60009765625
1771537800,5018.0,5018.5,5015.39990234375,5015.89990234375
1771537920,5015.7998046875,5016.0,5014.0,5014.2998046875
1771538040,5014.5,5014.89990234375,5011.39990234375,5014.0
1771538160,5013.5,5014.39990234375,5013.5,5014.2998046875
1771538280,5014.7001953125,5015.5,5012.60009765625,5015.5
1771542000,5015.0,5023.0,5012.0,5019.5
1771542120,5018.7001953125,5022.2001953125,5017.39990234375,5021.10009765625
1771542240,5020.39990234375,5022.5,5018.0,5018.10009765625
1771542360,5018.10009765625,5024.0,5018.10009765625,5023.89990234375
1771542480,5023.89990234375,5026.5,5021.7001953125,5023.0
1771542600,5021.2998046875,5023.10009765625,5020.10009765625,5021.89990234375
1771542720,5021.10009765625,5021.10009765625,5016.0,5017.2001953125
1771542840,5017.7001953125,5019.89990234375,5016.7001953125,5019.10009765625
1771542960,5020.2001953125,5021.5,5012.39990234375,5012.39990234375
1771543080,5011.7001953125,5019.89990234375,5011.2998046875,5019.89990234375
1771543200,5018.60009765625,5021.39990234375,5017.5,5020.0
1771543320,5020.7998046875,5020.7998046875,5019.7998046875,5019.7998046875
1771543440,5020.0,5020.0,5017.0,5017.2998046875
1771543560,5018.2998046875,5021.0,5018.2998046875,5020.7998046875
1771543680,5020.2001953125,5020.2001953125,5015.0,5015.0
1771543800,5015.7998046875,5016.39990234375,5014.7001953125,5015.60009765625
1771543920,5015.10009765625,5016.10009765625,5013.7001953125,5016.10009765625
1771544040,5015.7001953125,5017.7001953125,5015.5,5016.7998046875
1771544160,5017.10009765625,5019.2001953125,5016.10009765625,5017.89990234375
1771544280,5018.2001953125,5019.5,5017.2998046875,5017.7001953125
1771544400,5017.7001953125,5018.5,5015.7001953125,5017.0
1771544520,5017.2998046875,5017.60009765625,5015.60009765625,5015.60009765625
1771544640,5015.0,5017.60009765625,5014.89990234375,5017.5
1771544760,5018.7998046875,5018.89990234375,5015.2001953125,5015.2001953125
1771544880,5015.10009765625,5017.0,5014.2998046875,5016.10009765625
1771545000,5016.2001953125,5018.7998046875,5016.2001953125,5017.2001953125
1771545120,5017.0,5017.0,5009.60009765625,5010.5
1771545240,5010.5,5012.89990234375,5010.2998046875,5010.89990234375
1771545360,5010.7998046875,5010.7998046875,5003.5,5009.7001953125
1771545480,5008.7998046875,5010.7001953125,5005.60009765625,5005.60009765625
1771545600,5006.39990234375,5010.2001953125,5003.5,5007.7998046875
1771545720,5008.2001953125,5012.60009765625,5007.7001953125,5012.10009765625
1771545840,5010.2998046875,5014.89990234375,5009.89990234375,5013.2998046875
1771545960,5012.10009765625,5012.39990234375,5010.0,5012.39990234375
1771546080,5012.89990234375,5012.89990234375,5010.0,5010.60009765625
1771546200,5011.2998046875,5014.5,5010.5,5014.5
1771546320,5014.7998046875,5015.0,5010.5,5012.2998046875
1771546440,5011.5,5014.39990234375,5011.5,5014.2998046875
1771546560,5013.60009765625,5014.39990234375,5012.2998046875,5012.7001953125
1771546680,5013.0,5014.2001953125,5011.7998046875,5011.7998046875
1771546800,5011.2998046875,5011.89990234375,5008.7998046875,5008.7998046875
1771546920,5008.7998046875,5009.89990234375,5006.2998046875,5007.39990234375
1771547040,5008.0,5009.5,5006.89990234375,5007.0
1771547160,5007.10009765625,5008.39990234375,5006.89990234375,5008.39990234375
1771547280,5008.0,5009.2998046875,5008.0,5009.2998046875
1771547400,5009.89990234375,5011.0,5009.89990234375,5011.0
1771547520,5011.0,5011.2998046875,5008.2001953125,5010.7001953125
1771547640,5009.7998046875,5009.7998046875,5005.10009765625,5008.7998046875
1771547760,5009.2001953125,5009.7001953125,5008.0,5008.0
1771547880,5007.7001953125,5011.5,5007.7001953125,5011.5
1771548000,5011.5,5015.10009765625,5011.5,5013.10009765625
1771548120,5012.89990234375,5012.89990234375,5010.7998046875,5011.89990234375
1771548240,5012.10009765625,5015.7998046875,5012.10009765625,5014.7001953125
1771548360,5015.7998046875,5016.5,5015.2001953125,5016.5
1771548480,5016.7001953125,5017.39990234375,5013.89990234375,5014.39990234375
1771548600,5014.2001953125,5016.39990234375,5013.89990234375,5015.7998046875
1771548720,5016.39990234375,5019.2998046875,5016.2998046875,5018.2998046875
1771548840,5019.10009765625,5021.7998046875,5018.2001953125,5020.7998046875
1771548960,5021.60009765625,5023.89990234375,5020.89990234375,5023.2998046875
1771549080,5022.39990234375,5025.5,5022.2001953125,5024.5
1771549200,5024.60009765625,5031.0,5024.39990234375,5027.60009765625
1771549320,5027.7001953125,5027.7001953125,5024.89990234375,5027.39990234375
1771549440,5026.7001953125,5031.60009765625,5026.5,5030.5
1771549560,5030.7998046875,5032.0,5029.5,5030.2001953125
1771549680,5030.0,5032.7001953125,5028.10009765625,5028.7001953125
1771549800,5029.39990234375,5033.0,5029.39990234375,5031.5
1771549920,5032.39990234375,5033.39990234375,5030.7998046875,5031.7001953125
1771550040,5031.60009765625,5033.2001953125,5030.2001953125,5030.60009765625
1771550160,5030.0,5030.0,5025.7001953125,5027.10009765625
1771550280,5026.60009765625,5029.5,5026.0,5027.5
1771550400,5027.7001953125,5029.0,5025.7001953125,5026.60009765625
1771550520,5026.60009765625,5027.2001953125,5024.39990234375,5024.39990234375
1771550640,5024.2001953125,5025.7998046875,5016.10009765625,5018.2998046875
1771550760,5017.60009765625,5019.5,5014.2001953125,5015.60009765625
1771550880,5015.7998046875,5018.7998046875,5015.7998046875,5017.7998046875
1771551000,5018.0,5022.10009765625,5018.0,5018.89990234375
1771551120,5018.2001953125,5019.5,5016.89990234375,5016.89990234375
1771551240,5016.7998046875,5018.2998046875,5015.10009765625,5017.2998046875
1771551360,5018.2998046875,5019.2001953125,5012.89990234375,5014.2001953125
1771551480,5014.7001953125,5015.7998046875,5014.2998046875,5015.10009765625
1771551600,5014.60009765625,5017.2001953125,5014.2001953125,5015.5
1771551720,5015.5,5016.7998046875,5014.10009765625,5014.10009765625
1771551840,5013.5,5016.7998046875,5013.5,5016.7998046875
1771551960,5016.89990234375,5018.2001953125,5015.5,5015.5
1771552080,5015.7001953125,5016.39990234375,5013.7998046875,5015.7001953125
1771552200,5015.60009765625,5016.7001953125,5014.60009765625,5015.5
1771552320,5015.7001953125,5017.0,5015.2001953125,5016.39990234375
1771552440,5016.7001953125,5018.5,5016.5,5017.7998046875
1771552560,5018.0,5018.10009765625,5016.2998046875,5017.0
1771552680,5016.7001953125,5017.2998046875,5014.39990234375,5015.39990234375
1771552800,5015.5,5016.7998046875,5010.60009765625,5014.5
1771552920,5015.2998046875,5021.2001953125,5015.2998046875,5019.60009765625
1771553040,5019.89990234375,5025.7001953125,5019.89990234375,5025.39990234375
1771553160,5025.2001953125,5025.39990234375,5021.2001953125,5021.89990234375
1771553280,5021.0,5021.2001953125,5018.7998046875,5019.5
1771553400,5020.2001953125,5020.2001953125,5016.2998046875,5017.2998046875
1771553520,5017.2998046875,5017.7001953125,5011.5,5012.7998046875
1771553640,5013.5,5017.39990234375,5013.2001953125,5017.39990234375
1771553760,5016.2001953125,5016.2001953125,5014.2001953125,5014.89990234375
1771553880,5014.7998046875,5017.5,5010.89990234375,5012.7001953125
1771554000,5012.7998046875,5015.2998046875,5012.7998046875,5014.39990234375
1771554120,5013.7001953125,5015.0,5013.0,5015.0
1771554240,5015.10009765625,5015.7001953125,5013.7001953125,5014.89990234375
1771554360,5014.60009765625,5015.39990234375,5014.60009765625,5014.7998046875
1771554480,5013.7998046875,5016.5,5012.89990234375,5015.39990234375
1771554600,5015.7998046875,5019.2998046875,5015.7998046875,5018.89990234375
1771554720,5019.7001953125,5021.7998046875,5018.2998046875,5018.2998046875
1771554840,5018.10009765625,5018.5,5016.89990234375,5018.39990234375
1771554960,5018.10009765625,5019.0,5016.2001953125,5017.0
1771555080,5017.7001953125,5018.2998046875,5017.0,5017.7998046875
1771555200,5018.0,5018.60009765625,5017.39990234375,5017.7001953125
1771555320,5018.5,5018.5,5017.5,5018.2001953125
1771555440,5016.89990234375,5017.2001953125,5016.89990234375,5017.2001953125
1771555560,5017.2998046875,5017.2998046875,5012.89990234375,5016.2001953125
1771555680,5014.7001953125,5014.7998046875,5012.2001953125,5012.89990234375
1771555800,5014.2998046875,5016.0,5014.2998046875,5015.60009765625
1771555920,5014.0,5014.7001953125,5012.2001953125,5014.10009765625
1771556040,5013.60009765625,5013.60009765625,5011.5,5012.39990234375
1771556160,5012.7001953125,5014.39990234375,5010.89990234375,5014.10009765625
1771556280,5014.10009765625,5014.7998046875,5013.2998046875,5013.7001953125
1771556400,5013.7001953125,5014.10009765625,5012.10009765625,5013.10009765625
1771556520,5013.5,5015.2998046875,5011.2998046875,5015.0
1771556640,5014.2001953125,5014.2001953125,5006.60009765625,5008.60009765625
1771556760,5008.60009765625,5010.7001953125,5008.5,5009.7001953125
1771556880,5010.7001953125,5011.7001953125,5010.5,5011.7001953125
1771557000,5011.60009765625,5013.39990234375,5011.0,5013.39990234375
1771557120,5013.5,5014.7001953125,5013.5,5014.2001953125
1771557240,5014.2001953125,5014.2998046875,5012.0,5012.60009765625
1771557360,5013.60009765625,5014.7998046875,5013.5,5014.2998046875
1771557480,5014.60009765625,5016.7001953125,5014.60009765625,5016.2998046875
1771557600,5015.60009765625,5016.60009765625,5015.60009765625,5016.2998046875
1771557720,5015.7001953125,5015.7001953125,5013.7998046875,5013.7998046875
1771557840,5014.2998046875,5014.39990234375,5013.5,5013.7998046875
1771557960,5013.0,5013.7001953125,5012.7001953125,5013.0
1771558080,5012.7998046875,5012.7998046875,5010.0,5010.0
1771558200,5010.60009765625,5014.2998046875,5009.89990234375,5013.7001953125
1771558320,5014.2001953125,5016.10009765625,5014.2001953125,5014.7998046875
1771558440,5014.60009765625,5014.60009765625,5013.7001953125,5014.0
1771558560,5014.2001953125,5017.10009765625,5014.2001953125,5016.7001953125
1771558680,5017.2001953125,5017.2001953125,5015.2998046875,5015.2998046875
1771558800,5015.2998046875,5015.2998046875,5003.7001953125,5003.7001953125
1771558920,5004.5,5010.10009765625,4999.2998046875,5008.0
1771559040,5007.7001953125,5007.7001953125,5003.7001953125,5004.7001953125
1771559160,5004.2998046875,5012.39990234375,5004.2998046875,5011.5
1771559280,5011.7001953125,5012.89990234375,5010.7998046875,5012.5
1771559400,5012.7001953125,5013.60009765625,5010.7998046875,5011.60009765625
1771559520,5011.7001953125,5013.5,5010.7998046875,5012.2001953125
1771559640,5011.7998046875,5012.0,5006.7001953125,5008.10009765625
1771559760,5008.2001953125,5008.5,5006.7998046875,5008.2998046875
1771559880,5008.89990234375,5010.10009765625,5004.60009765625,5006.0
1771560000,5005.60009765625,5007.89990234375,5004.2001953125,5007.89990234375
1771560120,5008.0,5010.2001953125,5008.0,5009.39990234375
1771560240,5008.89990234375,5010.10009765625,5008.2001953125,5010.10009765625
1771560360,5009.2998046875,5010.60009765625,5009.10009765625,5009.39990234375
1771560480,5009.5,5010.60009765625,5009.10009765625,5009.60009765625
1771560600,5009.39990234375,5009.39990234375,5008.2998046875,5008.5
1771560720,5008.60009765625,5009.2998046875,5008.5,5009.2998046875
1771560840,5009.7001953125,5010.7001953125,5009.7001953125,5010.60009765625
1771560960,5010.60009765625,5011.10009765625,5009.2998046875,5010.2001953125
1771561080,5010.0,5010.0,5008.7998046875,5009.60009765625
1771561200,5009.60009765625,5010.39990234375,5009.0,5009.0
1771561320,5008.5,5009.7998046875,5008.10009765625,5009.7998046875
1771561440,5009.2998046875,5010.2001953125,5009.2998046875,5010.2001953125
1771561560,5010.39990234375,5011.89990234375,5010.39990234375,5011.89990234375
1771561680,5011.7001953125,5012.7001953125,5011.7001953125,5012.2998046875
1771561800,5012.7998046875,5012.89990234375,5011.5,5011.5
1771561920,5011.89990234375,5013.89990234375,5011.89990234375,5013.2001953125
1771562040,5012.89990234375,5013.89990234375,5012.89990234375,5013.10009765625
1771562160,5013.5,5014.2001953125,5013.39990234375,5014.2001953125
1771562280,5013.2998046875,5014.0,5012.7001953125,5013.60009765625
1771562400,5013.7998046875,5021.2001953125,5013.7998046875,5018.7001953125
1771562520,5019.0,5019.39990234375,5016.60009765625,5016.60009765625
1771562640,5017.2998046875,5017.2998046875,5015.60009765625,5015.89990234375
1771562760,5015.89990234375,5018.2001953125,5015.5,5017.0
1771562880,5016.60009765625,5016.7001953125,5015.2998046875,5015.2998046875
1771563000,5016.0,5016.2001953125,5014.2998046875,5014.7998046875
1771563120,5014.7998046875,5015.7998046875,5014.0,5014.2001953125
1771563240,5014.0,5015.39990234375,5014.0,5015.39990234375
1771563360,5015.2998046875,5015.89990234375,5015.2998046875,5015.89990234375
1771563480,5015.89990234375,5017.5,5015.89990234375,5017.5
1771563600,5018.10009765625,5021.89990234375,5018.0,5021.2001953125
1771563720,5020.89990234375,5023.89990234375,5020.10009765625,5023.5
1771563840,5023.2998046875,5023.89990234375,5022.5,5023.10009765625
1771563960,5022.39990234375,5022.7998046875,5020.10009765625,5020.10009765625
1771564080,5020.0,5020.10009765625,5018.39990234375,5018.7998046875
1771564200,5018.5,5021.89990234375,5018.5,5021.5
1771564320,5021.2998046875,5021.7998046875,5019.39990234375,5019.39990234375
1771564440,5019.2998046875,5019.7998046875,5018.7998046875,5019.2998046875
1771564560,5019.7001953125,5019.89990234375,5016.5,5016.7998046875
1771564680,5016.5,5017.7001953125,5016.5,5017.10009765625
1771564800,5017.7001953125,5018.10009765625,5016.5,5017.60009765625
1771564920,5017.7001953125,5019.0,5017.10009765625,5018.39990234375
1771565040,5018.60009765625,5020.5,5018.60009765625,5019.89990234375
1771565160,5019.60009765625,5020.10009765625,5018.7998046875,5019.7001953125
1771565280,5019.89990234375,5019.89990234375,5019.0,5019.2998046875
1771565400,5019.2998046875,5020.5,5018.89990234375,5019.89990234375
1771565520,5020.2001953125,5020.2998046875,5019.10009765625,5019.2998046875
1771565640,5019.89990234375,5022.5,5019.89990234375,5022.0
1771565760,5021.60009765625,5022.60009765625,5021.10009765625,5022.0
1771565880,5021.7998046875,5022.5,5020.7001953125,5021.2998046875
1771566000,5021.2998046875,5021.2998046875,5018.0,5018.0
1771566120,5018.39990234375,5018.39990234375,5015.89990234375,5018.2001953125
1771566240,5017.39990234375,5017.89990234375,5016.89990234375,5017.10009765625
1771566360,5016.10009765625,5022.0,5016.10009765625,5021.39990234375
1771566480,5021.7998046875,5025.10009765625,5021.7998046875,5024.7998046875
1771566600,5024.89990234375,5026.7001953125,5024.5,5025.5
1771566720,5025.10009765625,5026.10009765625,5024.7998046875,5025.0
1771566840,5025.7001953125,5026.2998046875,5025.0,5025.39990234375
1771566960,5025.2998046875,5028.2001953125,5024.89990234375,5027.60009765625
1771567080,5027.7001953125,5030.10009765625,5027.7001953125,5030.10009765625
1771567200,5030.5,5034.89990234375,5029.7001953125,5034.2998046875
1771567320,5034.0,5036.39990234375,5032.10009765625,5032.10009765625
1771567440,5031.89990234375,5033.60009765625,5031.7998046875,5032.39990234375
1771567560,5032.2998046875,5032.2998046875,5030.10009765625,5030.10009765625
1771567680,5030.5,5032.2998046875,5030.10009765625,5031.2998046875
1771567800,5031.5,5037.2998046875,5031.5,5036.2998046875
1771567920,5036.2001953125,5038.5,5035.7001953125,5036.0
1771568040,5036.2998046875,5037.2001953125,5034.5,5036.2998046875
1771568160,5036.0,5037.5,5035.5,5036.0
1771568280,5036.10009765625,5036.5,5035.39990234375,5035.39990234375
1771568400,5035.2001953125,5039.39990234375,5035.2001953125,5039.39990234375
1771568520,5039.0,5041.89990234375,5038.5,5040.7998046875
1771568640,5041.10009765625,5048.60009765625,5040.10009765625,5041.7998046875
1771568760,5041.5,5044.7998046875,5041.2001953125,5042.7998046875
1771568880,5042.5,5042.5,5040.60009765625,5040.7998046875
1771569000,5041.10009765625,5043.89990234375,5041.10009765625,5042.2998046875
1771569120,5041.60009765625,5042.7001953125,5039.10009765625,5042.60009765625
1771569240,5042.7001953125,5044.0,5041.2998046875,5041.2998046875
1771569360,5041.0,5045.2001953125,5040.2001953125,5044.7001953125
1771569480,5044.7001953125,5046.89990234375,5044.10009765625,5045.60009765625
1771569600,5045.5,5046.7998046875,5044.60009765625,5046.2001953125
1771569720,5045.7998046875,5045.89990234375,5044.60009765625,5045.2998046875
1771569840,5045.2001953125,5048.39990234375,5045.0,5048.39990234375
1771569960,5047.7998046875,5047.7998046875,5046.0,5047.0
1771570080,5047.39990234375,5048.7998046875,5046.2001953125,5048.10009765625
1771570200,5048.10009765625,5048.7998046875,5047.10009765625,5048.5
1771570320,5048.39990234375,5048.89990234375,5044.5,5045.7001953125
1771570440,5045.7998046875,5046.10009765625,5041.2001953125,5041.2998046875
1771570560,5041.2998046875,5042.5,5040.7001953125,5042.2001953125
1771570680,5042.2001953125,5042.7998046875,5038.39990234375,5039.60009765625
1771570800,5040.2998046875,5041.10009765625,5037.10009765625,5038.0
1771570920,5038.0,5038.10009765625,5034.7001953125,5034.7001953125
1771571040,5034.39990234375,5042.2998046875,5034.39990234375,5041.60009765625
1771571160,5041.10009765625,5044.60009765625,5041.10009765625,5043.89990234375
1771571280,5044.2001953125,5044.7001953125,5042.5,5044.5
1771571400,5044.10009765625,5047.2998046875,5043.7001953125,5043.7001953125
1771571520,5043.89990234375,5044.0,5041.2998046875,5042.10009765625
1771571640,5041.39990234375,5042.10009765625,5040.5,5041.89990234375
1771571760,5041.2001953125,5041.7998046875,5041.10009765625,5041.5
1771571880,5041.89990234375,5042.2001953125,5038.89990234375,5038.89990234375
1771572000,5038.5,5039.39990234375,5032.0,5034.7001953125
1771572120,5034.7001953125,5035.39990234375,5030.39990234375,5031.7001953125
1771572240,5031.10009765625,5033.0,5028.7001953125,5032.0
1771572360,5031.39990234375,5032.39990234375,5028.39990234375,5030.7001953125
1771572480,5031.2001953125,5035.0,5031.0,5034.10009765625
1771572600,5034.5,5035.2998046875,5032.2001953125,5033.39990234375
1771572720,5033.39990234375,5034.10009765625,5031.5,5033.5
1771572840,5033.2001953125,5035.0,5031.7001953125,5034.5
1771572960,5034.89990234375,5035.10009765625,5034.0,5035.10009765625
1771573080,5035.2001953125,5036.7001953125,5033.7001953125,5036.7001953125
1771573200,5036.60009765625,5036.60009765625,5032.89990234375,5034.7001953125
1771573320,5034.2001953125,5034.2001953125,5032.39990234375,5033.0
1771573440,5033.0,5035.5,5033.0,5035.10009765625
1771573560,5034.7998046875,5034.7998046875,5033.2998046875,5033.7998046875
1771573680,5034.10009765625,5034.60009765625,5031.7998046875,5033.10009765625
1771573800,5032.89990234375,5033.5,5032.10009765625,5032.89990234375
1771573920,5033.39990234375,5034.5,5028.7998046875,5030.2998046875
1771574040,5030.7001953125,5031.5,5029.60009765625,5030.5
1771574160,5030.10009765625,5030.7001953125,5025.7998046875,5027.10009765625
1771574280,5027.39990234375,5028.39990234375,5024.60009765625,5025.2998046875
1771574400,5025.60009765625,5031.89990234375,5025.39990234375,5030.10009765625
1771574520,5030.89990234375,5034.7001953125,5028.7998046875,5034.7001953125
1771574640,5034.7001953125,5035.5,5032.89990234375,5034.5
1771574760,5034.10009765625,5035.10009765625,5029.0,5029.0
1771574880,5028.2998046875,5028.2998046875,5025.10009765625,5025.89990234375
1771575000,5025.60009765625,5028.0,5024.2998046875,5026.2001953125
1771575120,5026.39990234375,5030.5,5023.7998046875,5030.5
1771575240,5030.39990234375,5032.39990234375,5029.89990234375,5031.7998046875
1771575360,5031.89990234375,5032.60009765625,5030.10009765625,5030.7998046875
1771575480,5030.5,5033.0,5030.5,5032.60009765625
1771575600,5033.0,5033.7001953125,5031.0,5033.2001953125
1771575720,5032.7001953125,5034.60009765625,5032.7001953125,5034.2001953125
1771575840,5034.2998046875,5037.5,5033.10009765625,5037.39990234375
1771575960,5037.7001953125,5038.89990234375,5036.2998046875,5038.7001953125
1771576080,5039.0,5039.0,5036.2998046875,5037.2001953125
1771576200,5037.7998046875,5041.0,5037.0,5040.7001953125
1771576320,5041.10009765625,5041.89990234375,5038.89990234375,5040.2001953125
1771576440,5039.7998046875,5042.39990234375,5039.5,5041.2001953125
1771576560,5042.0,5044.2001953125,5041.0,5044.10009765625
1771576680,5043.7001953125,5046.7001953125,5043.7001953125,5045.10009765625
1771576800,5045.39990234375,5046.2001953125,5041.7998046875,5042.2998046875
1771576920,5042.60009765625,5043.0,5040.5,5042.0
1771577040,5042.10009765625,5044.2998046875,5041.2998046875,5043.5
1771577160,5044.2001953125,5044.89990234375,5043.7998046875,5044.5
1771577280,5044.39990234375,5045.2001953125,5042.89990234375,5044.2001953125
1771577400,5043.89990234375,5048.2001953125,5043.7998046875,5047.60009765625
1771577520,5047.60009765625,5048.2998046875,5046.2998046875,5048.2998046875
1771577640,5047.7998046875,5050.0,5047.7998046875,5049.7001953125
1771577760,5049.7001953125,5049.89990234375,5048.5,5049.7001953125
1771577880,5049.7001953125,5050.60009765625,5047.5,5048.7001953125
1771578000,5048.5,5049.60009765625,5047.2998046875,5047.60009765625
1771578120,5047.7998046875,5051.5,5047.7998046875,5051.0
1771578240,5051.0,5054.7998046875,5050.7998046875,5053.60009765625
1771578360,5054.0,5059.0,5053.89990234375,5056.60009765625
1771578480,5056.5,5058.89990234375,5055.39990234375,5058.7998046875
1771578600,5058.0,5059.60009765625,5054.10009765625,5055.39990234375
1771578720,5056.0,5061.39990234375,5055.89990234375,5058.10009765625
1771578840,5058.60009765625,5061.2998046875,5057.60009765625,5060.39990234375
1771578960,5060.39990234375,5063.0,5058.10009765625,5058.89990234375
1771579080,5058.7001953125,5059.89990234375,5056.0,5058.2001953125
1771579200,5058.0,5060.60009765625,5056.5,5059.5
1771579320,5059.2998046875,5062.39990234375,5058.7001953125,5061.2998046875
1771579440,5061.5,5061.5,5054.39990234375,5055.10009765625
1771579560,5055.2001953125,5055.7998046875,5053.39990234375,5053.7001953125
1771579680,5054.2001953125,5055.2001953125,5053.0,5053.89990234375
1771579800,5053.7998046875,5054.39990234375,5052.2998046875,5053.5
1771579920,5053.60009765625,5054.39990234375,5050.0,5052.2998046875
1771580040,5052.39990234375,5055.5,5051.2001953125,5051.7998046875
1771580160,5051.2001953125,5052.5,5049.2001953125,5052.2998046875
1771580280,5052.10009765625,5052.7998046875,5050.39990234375,5050.7001953125
1771580400,5051.5,5053.2998046875,5050.89990234375,5052.7001953125
1771580520,5052.60009765625,5053.60009765625,5051.39990234375,5052.60009765625
1771580640,5052.5,5052.60009765625,5051.10009765625,5051.10009765625
1771580760,5051.60009765625,5053.39990234375,5051.2001953125,5053.0
1771580880,5052.39990234375,5053.2998046875,5052.2998046875,5052.89990234375
1771581000,5053.0,5054.5,5052.2998046875,5053.89990234375
1771581120,5053.5,5054.2001953125,5050.7001953125,5050.7001953125
1771581240,5051.0,5053.0,5049.7001953125,5050.2001953125
1771581360,5050.10009765625,5050.7998046875,5048.39990234375,5048.60009765625
1771581480,5048.5,5048.89990234375,5046.89990234375,5047.60009765625
1771581600,5047.7998046875,5048.2998046875,5046.2998046875,5047.2001953125
1771581720,5047.0,5048.2998046875,5044.7001953125,5045.10009765625
1771581840,5045.2001953125,5045.2998046875,5043.10009765625,5044.2001953125
1771581960,5045.0,5045.5,5042.2001953125,5043.39990234375
1771582080,5044.10009765625,5045.2001953125,5042.2001953125,5045.0
1771582200,5044.60009765625,5045.2001953125,5038.5,5042.39990234375
1771582320,5042.7998046875,5046.2001953125,5041.7001953125,5045.10009765625
1771582440,5045.10009765625,5046.10009765625,5044.7001953125,5045.7001953125
1771582560,5045.7998046875,5048.5,5045.7998046875,5048.5
1771582680,5048.0,5051.0,5047.89990234375,5049.39990234375
1771582800,5049.7998046875,5050.39990234375,5045.39990234375,5046.10009765625
1771582920,5046.10009765625,5048.60009765625,5045.39990234375,5048.5
1771583040,5048.39990234375,5048.39990234375,5043.2998046875,5044.2001953125
1771583160,5044.10009765625,5046.0,5042.60009765625,5046.0
1771583280,5046.10009765625,5046.60009765625,5044.2998046875,5046.0
1771583400,5046.5,5050.60009765625,5046.5,5050.10009765625
1771583520,5050.2998046875,5052.2001953125,5050.2998046875,5051.7001953125
1771583640,5051.7001953125,5055.2998046875,5051.7001953125,5055.10009765625
1771583760,5055.0,5056.60009765625,5054.5,5055.89990234375
1771583880,5056.7998046875,5058.10009765625,5054.89990234375,5056.10009765625
1771584000,5056.60009765625,5057.0,5054.2001953125,5054.39990234375
1771584120,5054.60009765625,5054.7001953125,5052.39990234375,5053.39990234375
1771584240,5053.39990234375,5054.5,5047.2001953125,5049.2998046875
1771584360,5049.0,5049.0,5046.0,5046.7998046875
1771584480,5047.2001953125,5050.10009765625,5045.2998046875,5049.60009765625
1771584600,5049.0,5053.7998046875,5048.89990234375,5053.0
1771584720,5053.10009765625,5055.7001953125,5052.0,5054.7001953125
1771584840,5054.7001953125,5057.0,5054.2998046875,5055.89990234375
1771584960,5055.89990234375,5055.89990234375,5053.2001953125,5053.39990234375
1771585080,5053.2001953125,5054.89990234375,5052.60009765625,5054.60009765625
1771585200,5054.7001953125,5054.7998046875,5052.10009765625,5052.7001953125
1771585320,5052.7998046875,5053.7998046875,5052.7001953125,5053.39990234375
1771585440,5052.89990234375,5053.2001953125,5052.10009765625,5053.0
1771585560,5053.2998046875,5053.60009765625,5052.5,5053.0
1771585680,5053.0,5054.0,5052.10009765625,5053.39990234375
1771585800,5053.5,5054.2998046875,5053.2001953125,5053.39990234375
1771585920,5053.10009765625,5054.0,5052.7001953125,5052.7998046875
1771586040,5052.60009765625,5052.60009765625,5049.60009765625,5050.7001953125
1771586160,5050.7001953125,5051.7998046875,5049.2998046875,5051.7998046875
1771586280,5052.10009765625,5052.10009765625,5050.2001953125,5051.10009765625
1771586400,5051.2001953125,5052.2998046875,5048.10009765625,5048.7998046875
1771586520,5048.60009765625,5049.10009765625,5047.7998046875,5048.7001953125
1771586640,5049.39990234375,5050.60009765625,5047.7001953125,5048.2998046875
1771586760,5048.5,5049.10009765625,5046.10009765625,5047.2001953125
1771586880,5047.5,5048.7001953125,5045.7998046875,5048.7001953125
1771587000,5048.39990234375,5050.0,5046.7998046875,5049.10009765625
1771587120,5048.7001953125,5052.5,5048.60009765625,5052.2001953125
1771587240,5052.10009765625,5052.89990234375,5050.10009765625,5050.2998046875
1771587360,5050.0,5051.2998046875,5047.10009765625,5047.5
1771587480,5047.5,5047.5,5045.7001953125,5046.7001953125
1771587600,5045.89990234375,5046.0,5042.0,5045.5
1771587720,5045.2001953125,5046.2998046875,5043.60009765625,5045.7001953125
1771587840,5046.0,5048.10009765625,5044.0,5047.2998046875
1771587960,5047.10009765625,5047.10009765625,5039.7998046875,5039.7998046875
1771588080,5039.7001953125,5042.0,5035.2998046875,5042.0
1771588200,5041.7001953125,5042.7998046875,5038.5,5040.60009765625
1771588320,5040.2001953125,5041.39990234375,5038.0,5038.89990234375
1771588440,5038.7998046875,5039.60009765625,5037.60009765625,5039.2998046875
1771588560,5038.7998046875,5039.0,5034.7001953125,5034.7001953125
1771588680,5035.2001953125,5037.7001953125,5035.2001953125,5036.7998046875
1771588800,5037.0,5038.7001953125,5034.0,5036.10009765625
1771588920,5035.7998046875,5041.5,5032.60009765625,5040.60009765625
1771589040,5040.7998046875,5042.0,5037.2998046875,5037.60009765625
1771589160,5037.60009765625,5041.2001953125,5037.60009765625,5041.0
1771589280,5041.2998046875,5042.7998046875,5041.0,5041.89990234375
1771589400,5041.7001953125,5041.7001953125,5038.10009765625,5039.89990234375
1771589520,5039.89990234375,5041.0,5039.2998046875,5040.7001953125
1771589640,5040.7998046875,5042.2998046875,5038.39990234375,5038.7001953125
1771589760,5038.2001953125,5038.5,5035.7998046875,5037.2001953125
1771589880,5037.10009765625,5038.5,5036.89990234375,5038.2001953125
1771590000,5037.5,5038.2001953125,5036.0,5036.60009765625
1771590120,5036.2001953125,5036.2001953125,5034.0,5034.0
1771590240,5034.39990234375,5037.2001953125,5033.0,5035.39990234375
1771590360,5035.7998046875,5035.89990234375,5032.60009765625,5033.2998046875
1771590480,5033.2001953125,5033.39990234375,5030.10009765625,5030.60009765625
1771590600,5030.7001953125,5031.5,5025.7001953125,5029.2001953125
1771590720,5029.2998046875,5041.89990234375,5029.2998046875,5041.10009765625
1771590840,5041.2001953125,5041.7001953125,5037.10009765625,5041.7001953125
1771590960,5041.39990234375,5043.10009765625,5040.2998046875,5041.39990234375
1771591080,5041.2001953125,5042.60009765625,5040.39990234375,5041.5
1771591200,5041.60009765625,5042.7001953125,5038.7001953125,5038.7001953125
1771591320,5038.60009765625,5042.60009765625,5038.60009765625,5042.2001953125
1771591440,5041.89990234375,5044.7001953125,5041.5,5041.5
1771591560,5040.89990234375,5043.2998046875,5040.89990234375,5042.0
1771591680,5042.10009765625,5042.60009765625,5040.60009765625,5041.60009765625
1771591800,5041.2001953125,5042.10009765625,5040.7998046875,5040.89990234375
1771591920,5041.2998046875,5041.7001953125,5040.5,5041.39990234375
1771592040,5041.7998046875,5042.39990234375,5040.5,5041.60009765625
1771592160,5041.60009765625,5042.10009765625,5040.7001953125,5041.2998046875
1771592280,5041.5,5045.60009765625,5041.5,5044.5
1771592400,5044.10009765625,5045.0,5042.2998046875,5045.0
1771592520,5044.89990234375,5046.2998046875,5043.60009765625,5045.10009765625
1771592640,5045.2001953125,5047.5,5045.2001953125,5046.39990234375
1771592760,5046.2001953125,5047.0,5045.5,5046.39990234375
1771592880,5046.39990234375,5046.39990234375,5044.89990234375,5045.39990234375
1771593000,5045.89990234375,5046.2998046875,5045.2998046875,5045.7001953125
1771593120,5045.60009765625,5047.2001953125,5044.7998046875,5045.2998046875
1771593240,5045.7998046875,5045.7998046875,5044.0,5044.5
1771593360,5044.2001953125,5049.10009765625,5044.2001953125,5048.39990234375
1771593480,5048.39990234375,5049.60009765625,5047.89990234375,5048.60009765625
1771593600,5048.7001953125,5050.0,5046.0,5046.5
1771593720,5046.7001953125,5049.10009765625,5046.0,5048.2001953125
1771593840,5047.7998046875,5050.60009765625,5047.60009765625,5050.39990234375
1771593960,5050.60009765625,5051.10009765625,5049.0,5049.7998046875
1771594080,5049.10009765625,5050.2001953125,5047.2998046875,5048.2998046875
1771594200,5048.39990234375,5052.7001953125,5045.2001953125,5045.60009765625
1771594320,5045.60009765625,5046.0,5037.7001953125,5040.89990234375
1771594440,5040.2998046875,5047.10009765625,5040.2998046875,5045.2998046875
1771594560,5046.0,5046.7998046875,5040.60009765625,5043.2998046875
1771594680,5044.10009765625,5049.2001953125,5043.89990234375,5048.60009765625
1771594800,5048.60009765625,5049.5,5045.89990234375,5047.2998046875
1771594920,5047.2001953125,5049.7001953125,5045.2998046875,5048.89990234375
1771595040,5049.2998046875,5053.7998046875,5049.2998046875,5050.89990234375
1771595160,5050.7998046875,5054.7001953125,5050.5,5053.89990234375
1771595280,5054.2001953125,5062.60009765625,5053.60009765625,5061.2001953125
1771595400,5061.2998046875,5068.2998046875,5060.60009765625,5065.60009765625
1771595520,5065.7998046875,5066.2998046875,5061.7001953125,5062.7998046875
1771595640,5063.0,5067.0,5062.60009765625,5067.0
1771595760,5067.60009765625,5068.7001953125,5063.5,5063.89990234375
1771595880,5063.60009765625,5065.5,5062.7001953125,5063.5
1771596000,5063.10009765625,5065.39990234375,5063.10009765625,5064.5
1771596120,5064.2998046875,5064.7001953125,5060.2001953125,5060.7001953125
1771596240,5060.7001953125,5061.60009765625,5056.7998046875,5058.5
1771596360,5058.7001953125,5064.7001953125,5058.2001953125,5063.39990234375
1771596480,5063.0,5066.5,5062.60009765625,5064.89990234375
1771596600,5064.89990234375,5067.10009765625,5061.7998046875,5063.60009765625
1771596720,5063.2998046875,5064.2001953125,5059.2001953125,5060.7998046875
1771596840,5061.5,5063.39990234375,5061.0,5062.2001953125
1771596960,5062.0,5064.0,5061.60009765625,5063.0
1771597080,5063.2998046875,5064.7998046875,5061.39990234375,5062.10009765625
1771597200,5062.2001953125,5063.60009765625,5061.10009765625,5061.89990234375
1771597320,5062.5,5062.5,5060.60009765625,5061.39990234375
1771597440,5061.7998046875,5063.0,5059.2001953125,5059.7001953125
1771597560,5059.5,5061.7001953125,5058.39990234375,5059.7001953125
1771597680,5060.2998046875,5061.39990234375,5058.2001953125,5061.10009765625
1771597800,5060.7998046875,5069.5,5057.2001953125,5068.5
1771597920,5068.60009765625,5071.5,5067.5,5068.5
1771598040,5068.60009765625,5073.0,5066.5,5070.7998046875
1771598160,5071.2001953125,5073.0,5058.5,5062.89990234375
1771598280,5062.5,5070.60009765625,5062.5,5067.0
1771598400,5067.5,5073.7001953125,5064.10009765625,5065.60009765625
1771598520,5066.0,5072.7001953125,5066.0,5071.60009765625
1771598640,5072.0,5081.2001953125,5070.89990234375,5078.2998046875
1771598760,5079.10009765625,5080.2998046875,5077.0,5078.10009765625
1771598880,5079.0,5079.39990234375,5075.7998046875,5077.60009765625
1771599000,5077.7998046875,5078.7998046875,5073.0,5075.0
1771599120,5074.2998046875,5080.0,5074.2001953125,5077.7998046875
1771599240,5077.60009765625,5080.5,5076.2001953125,5076.2998046875
1771599360,5076.89990234375,5077.39990234375,5067.89990234375,5070.60009765625
1771599480,5070.2001953125,5074.89990234375,5070.0,5074.7998046875
1771599600,5073.60009765625,5084.5,5069.39990234375,5082.89990234375
1771599720,5083.89990234375,5084.2001953125,5034.2998046875,5038.2998046875
1771599840,5039.0,5051.10009765625,5032.0,5032.5
1771599960,5033.60009765625,5037.2998046875,5005.5,5026.7998046875
1771600080,5026.89990234375,5049.60009765625,5026.2998046875,5041.0
1771600200,5040.2998046875,5044.39990234375,5027.7998046875,5034.2998046875
1771600320,5034.2998046875,5047.0,5032.89990234375,5044.2001953125
1771600440,5043.7001953125,5050.2998046875,5034.5,5050.10009765625
1771600560,5050.2001953125,5055.89990234375,5041.89990234375,5055.0
1771600680,5055.7001953125,5064.2998046875,5053.10009765625,5055.2001953125
1771600800,5054.39990234375,5057.7998046875,5047.7001953125,5051.10009765625
1771600920,5051.5,5055.10009765625,5046.0,5048.7998046875
1771601040,5047.7001953125,5050.2998046875,5039.0,5041.0
1771601160,5040.7998046875,5043.2001953125,5030.7998046875,5031.10009765625
1771601280,5030.7001953125,5045.7001953125,5030.7001953125,5044.60009765625
1771601400,5045.0,5049.7001953125,5038.5,5045.7998046875
1771601520,5046.0,5046.2998046875,5036.2001953125,5039.5
1771601640,5039.5,5048.10009765625,5039.39990234375,5042.2998046875
1771601760,5042.2001953125,5053.89990234375,5038.0,5053.10009765625
1771601880,5052.7998046875,5057.2998046875,5052.7001953125,5055.7001953125
1771602000,5055.60009765625,5058.7998046875,5047.2001953125,5057.60009765625
1771602120,5058.0,5065.0,5055.39990234375,5063.89990234375
1771602240,5063.5,5069.89990234375,5061.2001953125,5067.7998046875
1771602360,5067.7001953125,5072.7998046875,5065.7001953125,5071.10009765625
1771602480,5071.2001953125,5072.60009765625,5066.89990234375,5067.10009765625
1771602600,5067.10009765625,5068.2998046875,5058.0,5059.7998046875
1771602720,5059.2998046875,5062.2998046875,5056.2001953125,5059.60009765625
1771602840,5059.10009765625,5063.7001953125,5059.0,5062.0
1771602960,5062.2998046875,5064.2001953125,5057.39990234375,5063.5
1771603080,5063.7998046875,5063.7998046875,5059.10009765625,5062.2998046875
1771603200,5062.2998046875,5064.39990234375,5058.89990234375,5064.2998046875
1771603320,5063.89990234375,5069.39990234375,5062.5,5067.60009765625
1771603440,5067.2998046875,5068.60009765625,5058.2001953125,5066.0
1771603560,5066.5,5073.7001953125,5066.2998046875,5068.2998046875
1771603680,5067.7001953125,5071.39990234375,5064.89990234375,5069.0
1771603800,5068.89990234375,5071.7001953125,5068.0,5070.60009765625
1771603920,5071.0,5076.0,5070.10009765625,5075.2001953125
1771604040,5075.2001953125,5077.0,5072.2001953125,5072.39990234375
1771604160,5072.7001953125,5072.89990234375,5068.2998046875,5069.5
1771604280,5069.60009765625,5072.10009765625,5068.60009765625,5069.7001953125
1771604400,5069.39990234375,5071.7001953125,5066.7001953125,5067.39990234375
1771604520,5067.2001953125,5071.2998046875,5064.89990234375,5071.0
1771604640,5070.2001953125,5072.0,5067.2998046875,5071.2998046875
1771604760,5070.7998046875,5073.39990234375,5068.5,5072.2998046875
1771604880,5072.60009765625,5074.7998046875,5072.10009765625,5073.7001953125
1771605000,5073.7998046875,5080.39990234375,5072.89990234375,5077.10009765625
1771605120,5076.7998046875,5089.7998046875,5076.5,5086.39990234375
1771605240,5086.2998046875,5089.10009765625,5085.39990234375,5087.89990234375
1771605360,5087.5,5088.89990234375,5084.2998046875,5084.7001953125
1771605480,5084.39990234375,5085.5,5079.60009765625,5085.2001953125
1771605600,5085.2998046875,5085.7001953125,5082.39990234375,5082.39990234375
1771605720,5083.10009765625,5085.5,5079.60009765625,5084.7998046875
1771605840,5085.0,5086.60009765625,5082.60009765625,5086.60009765625
1771605960,5087.10009765625,5088.0,5086.10009765625,5087.7998046875
1771606080,5087.7998046875,5088.5,5084.10009765625,5085.0
1771606200,5085.0,5087.7001953125,5085.0,5086.60009765625
1771606320,5086.39990234375,5088.0,5083.2001953125,5083.7001953125
1771606440,5083.5,5086.2001953125,5080.7001953125,5081.39990234375
1771606560,5081.2998046875,5086.89990234375,5081.10009765625,5086.5
1771606680,5086.89990234375,5087.89990234375,5081.2001953125,5087.0
1771606800,5087.0,5088.5,5084.89990234375,5087.7998046875
1771606920,5087.89990234375,5090.89990234375,5085.0,5090.89990234375
1771607040,5090.2998046875,5090.7998046875,5086.39990234375,5087.5
1771607160,5087.0,5092.2998046875,5086.89990234375,5091.0
1771607280,5091.10009765625,5092.7001953125,5090.2001953125,5091.2998046875
1771607400,5091.39990234375,5091.5,5085.5,5088.60009765625
1771607520,5088.10009765625,5094.2998046875,5088.0,5092.5
1771607640,5092.5,5092.60009765625,5084.0,5085.39990234375
1771607760,5085.2001953125,5088.0,5084.2001953125,5085.39990234375
1771607880,5085.2998046875,5086.2998046875,5081.39990234375,5081.39990234375
1771608000,5081.60009765625,5082.2001953125,5076.2998046875,5076.89990234375
1771608120,5076.5,5080.0,5075.2998046875,5078.5
1771608240,5078.89990234375,5079.2001953125,5075.2001953125,5076.10009765625
1771608360,5076.10009765625,5082.2001953125,5076.10009765625,5082.0
1771608480,5082.2998046875,5085.89990234375,5079.5,5085.2001953125
1771608600,5085.0,5087.7001953125,5084.10009765625,5084.7001953125
1771608720,5085.2001953125,5085.39990234375,5082.60009765625,5083.89990234375
1771608840,5084.10009765625,5086.89990234375,5083.10009765625,5086.89990234375
1771608960,5087.0,5088.0,5084.2001953125,5086.7998046875
1771609080,5086.60009765625,5088.60009765625,5085.7998046875,5087.7001953125
1771609200,5087.5,5091.0,5087.5,5088.7998046875
1771609320,5088.7998046875,5091.0,5085.7001953125,5090.39990234375
1771609440,5089.89990234375,5090.7998046875,5088.0,5090.60009765625
1771609560,5090.5,5092.5,5088.39990234375,5089.2001953125
1771609680,5089.2998046875,5095.0,5088.7998046875,5094.7001953125
1771609800,5094.7001953125,5095.7001953125,5092.2001953125,5095.0
1771609920,5095.0,5097.2998046875,5093.7001953125,5095.7998046875
1771610040,5095.7001953125,5097.2001953125,5092.2998046875,5096.5
1771610160,5096.7998046875,5096.89990234375,5093.60009765625,5095.2998046875
1771610280,5095.60009765625,5095.89990234375,5093.7001953125,5093.7001953125
1771610400,5093.7001953125,5094.39990234375,5092.10009765625,5092.2998046875
1771610520,5092.60009765625,5093.7998046875,5091.7001953125,5093.2001953125
1771610640,5093.2998046875,5093.89990234375,5091.7998046875,5092.89990234375
1771610760,5093.0,5094.0,5091.39990234375,5092.10009765625
1771610880,5092.39990234375,5092.7001953125,5087.39990234375,5091.5
1771611000,5091.2998046875,5093.7001953125,5090.5,5092.7001953125
1771611120,5092.5,5093.5,5090.39990234375,5090.5
1771611240,5090.7001953125,5091.5,5088.7001953125,5089.60009765625
1771611360,5089.0,5090.7001953125,5087.5,5088.10009765625
1771611480,5088.39990234375,5089.10009765625,5086.0,5087.10009765625
1771611600,5086.60009765625,5090.0,5085.2998046875,5087.0
1771611720,5087.0,5089.7001953125,5086.10009765625,5088.10009765625
1771611840,5088.60009765625,5091.89990234375,5085.7998046875,5088.10009765625
1771611960,5088.0,5089.2001953125,5075.10009765625,5081.7998046875
1771612080,5081.2998046875,5084.2001953125,5079.2001953125,5079.89990234375
1771612200,5079.7998046875,5092.2001953125,5078.2001953125,5092.2001953125
1771612320,5092.60009765625,5093.2998046875,5089.0,5089.0
1771612440,5088.7998046875,5091.7998046875,5081.7001953125,5084.89990234375
1771612560,5084.2001953125,5094.0,5083.7001953125,5092.39990234375
1771612680,5092.39990234375,5097.0,5090.0,5093.2998046875
1771612800,5092.7001953125,5093.2998046875,5090.7001953125,5092.2001953125
1771612920,5091.7998046875,5095.0,5087.7998046875,5088.0
1771613040,5087.60009765625,5094.89990234375,5087.2001953125,5093.10009765625
1771613160,5092.7998046875,5095.10009765625,5092.0,5094.39990234375
1771613280,5094.0,5096.2001953125,5093.0,5094.7998046875
1771613400,5094.39990234375,5094.39990234375,5089.10009765625,5091.89990234375
1771613520,5092.2001953125,5094.39990234375,5090.39990234375,5093.7001953125
1771613640,5093.2001953125,5094.0,5090.7998046875,5092.2001953125
1771613760,5093.0,5094.2001953125,5092.39990234375,5093.10009765625
1771613880,5094.0,5095.0,5092.7001953125,5094.0
1771614000,5093.60009765625,5096.0,5093.39990234375,5095.2998046875
1771614120,5095.10009765625,5098.0,5094.7998046875,5096.0
1771614240,5095.89990234375,5096.0,5093.2998046875,5093.2998046875
1771614360,5093.7998046875,5094.5,5093.10009765625,5094.39990234375
1771614480,5094.0,5094.2998046875,5092.5,5094.2001953125
1771614600,5094.2001953125,5094.2001953125,5091.2998046875,5093.0
1771614720,5092.7001953125,5093.60009765625,5092.0,5093.2998046875
1771614840,5093.39990234375,5095.60009765625,5091.10009765625,5092.10009765625
1771614960,5092.2998046875,5093.7998046875,5092.0,5093.0
1771615080,5094.10009765625,5098.39990234375,5093.60009765625,5096.60009765625
1771615200,5096.89990234375,5096.89990234375,5094.7001953125,5094.7001953125
1771615320,5095.0,5096.5,5094.89990234375,5096.0
1771615440,5095.7001953125,5096.2001953125,5095.2998046875,5096.10009765625
1771615560,5095.89990234375,5095.89990234375,5093.60009765625,5094.60009765625
1771615680,5094.7001953125,5095.0,5092.10009765625,5092.7001953125
1771615800,5092.7001953125,5095.7001953125,5092.7001953125,5094.10009765625
1771615920,5093.7001953125,5094.5,5093.2001953125,5093.7998046875
1771616040,5094.5,5094.7998046875,5093.2998046875,5093.5
1771616160,5094.0,5095.10009765625,5093.39990234375,5093.89990234375
1771616280,5094.2001953125,5095.60009765625,5094.0,5095.5
1771616400,5095.7001953125,5096.89990234375,5095.2998046875,5095.60009765625
1771616520,5095.7001953125,5096.0,5094.2001953125,5094.60009765625
1771616640,5094.7998046875,5097.0,5094.7001953125,5096.7001953125
1771616760,5096.89990234375,5098.2001953125,5096.5,5096.7998046875
1771616880,5096.7998046875,5097.2998046875,5094.89990234375,5095.39990234375
1771617000,5095.2001953125,5099.2001953125,5095.2001953125,5098.0
1771617120,5097.7998046875,5098.5,5096.7998046875,5097.10009765625
1771617240,5097.5,5099.89990234375,5097.0,5099.0
1771617360,5099.0,5104.60009765625,5098.5,5102.2998046875
1771617480,5102.2998046875,5102.89990234375,5101.5,5102.39990234375
1771617600,5102.2998046875,5102.7001953125,5100.0,5101.7998046875
1771617720,5101.39990234375,5102.0,5100.0,5100.5
1771617840,5100.7001953125,5101.5,5099.7998046875,5100.10009765625
1771617960,5099.89990234375,5100.7001953125,5099.7998046875,5100.2001953125
1771618080,5100.7001953125,5104.2998046875,5100.2998046875,5103.0
1771618200,5103.0,5104.10009765625,5100.10009765625,5100.60009765625
1771618320,5100.60009765625,5102.7001953125,5100.2998046875,5102.10009765625
1771618440,5102.10009765625,5102.7001953125,5101.2998046875,5101.7001953125
1771618560,5102.2001953125,5103.2998046875,5101.60009765625,5102.39990234375
1771618680,5102.2001953125,5107.39990234375,5102.2001953125,5105.7001953125
1771618800,5106.0,5109.89990234375,5105.5,5107.7001953125
1771618920,5107.5,5109.60009765625,5107.39990234375,5108.60009765625
1771619040,5108.39990234375,5109.2998046875,5107.2001953125,5107.7998046875
1771619160,5107.89990234375,5108.7001953125,5107.5,5108.2998046875
1771619280,5108.10009765625,5108.39990234375,5107.0,5107.7001953125
1771619400,5107.7001953125,5110.39990234375,5105.7001953125,5110.0
1771619520,5110.0,5110.0,5107.39990234375,5108.10009765625
1771619640,5108.5,5108.7998046875,5106.5,5108.39990234375
1771619760,5109.0,5109.39990234375,5107.0,5107.39990234375
1771619880,5107.7001953125,5109.0,5107.10009765625,5108.7001953125
1771620000,5109.0,5110.2998046875,5106.10009765625,5107.2001953125
1771620120,5107.0,5108.2998046875,5105.7998046875,5106.7001953125
1771620240,5106.89990234375,5108.60009765625,5106.5,5108.39990234375
1771620360,5107.89990234375,5109.5,5107.5,5108.10009765625
1771620480,5108.60009765625,5109.39990234375,5106.89990234375,5107.2001953125
1771620600,5107.2001953125,5109.2998046875,5106.10009765625,5109.0
1771620720,5109.2998046875,5110.2001953125,5108.7001953125,5109.7998046875
1771620840,5109.7001953125,5112.2998046875,5109.39990234375,5112.10009765625
1771620960,5111.7001953125,5118.39990234375,5111.60009765625,5118.0
1771621080,5117.7001953125,5120.7001953125,5116.7998046875,5119.39990234375
1771621200,5119.5,5121.7001953125,5116.89990234375,5117.10009765625
1771621320,5117.10009765625,5118.0,5115.0,5118.0
1771621440,5118.39990234375,5118.7998046875,5117.60009765625,5117.7001953125
1771621560,5117.7001953125,5117.7001953125,5114.39990234375,5115.0
1771621680,5115.10009765625,5116.7998046875,5114.7998046875,5116.10009765625
1771621800,5115.60009765625,5117.60009765625,5115.2001953125,5117.0
1771621920,5116.5,5118.2001953125,5115.7001953125,5115.7001953125
1771622040,5116.0,5116.0,5114.39990234375,5114.7998046875
1771622160,5114.2998046875,5116.7998046875,5114.2998046875,5116.7001953125
1771622280,5117.10009765625,5117.60009765625,5115.7998046875,5116.2998046875
1771622400,5116.7001953125,5118.7998046875,5115.7001953125,5117.39990234375
1771622520,5117.5,5118.39990234375,5116.5,5117.2001953125
1771622640,5116.60009765625,5118.0,5116.5,5116.7001953125
1771622760,5116.7998046875,5117.5,5116.39990234375,5117.0
1771622880,5117.0,5121.60009765625,5117.0,5120.89990234375
1771623000,5120.89990234375,5123.2001953125,5120.89990234375,5122.5
1771623120,5121.60009765625,5121.60009765625,5120.39990234375,5121.2998046875
1771623240,5121.7001953125,5121.89990234375,5120.60009765625,5121.89990234375
1771623360,5121.60009765625,5122.7998046875,5121.0,5121.7001953125
1771623480,5121.7001953125,5123.10009765625,5120.89990234375,5122.7998046875
1771623600,5122.7001953125,5122.7001953125,5121.0,5121.2998046875
1771623720,5121.0,5123.10009765625,5120.60009765625,5122.5
1771623840,5122.2001953125,5123.39990234375,5122.0,5122.60009765625
1771623960,5122.2001953125,5124.2001953125,5122.2001953125,5123.7001953125
1771624080,5123.5,5128.7001953125,5123.0,5127.60009765625
1771624200,5127.39990234375,5128.2998046875,5126.0,5126.0
1771624320,5126.0,5130.39990234375,5125.39990234375,5129.0
1771624440,5128.7998046875,5129.2998046875,5126.2001953125,5128.2998046875
1771624560,5127.60009765625,5131.0,5127.39990234375,5128.39990234375
1771624680,5128.89990234375,5130.5,5080.89990234375,5080.89990234375
1771801800,5157.0,5164.2998046875,5157.0,5163.5
1771801920,5164.2001953125,5164.2998046875,5159.0,5161.7001953125
1771802040,5161.10009765625,5171.89990234375,5160.5,5170.0
1771802160,5170.0,5173.0,5163.39990234375,5163.39990234375
1771802280,5163.89990234375,5167.2998046875,5163.39990234375,5164.2998046875
1771802400,5164.60009765625,5166.39990234375,5162.2998046875,5166.39990234375
1771802520,5165.89990234375,5170.0,5165.5,5169.2998046875
1771802640,5169.2001953125,5170.7998046875,5166.5,5170.10009765625
1771802760,5170.0,5172.2001953125,5168.60009765625,5172.2001953125
1771802880,5172.7001953125,5174.0,5165.60009765625,5168.10009765625
1771803000,5167.7998046875,5173.7998046875,5166.5,5167.89990234375
1771803120,5167.2001953125,5170.7001953125,5166.5,5168.7998046875
1771803240,5168.2998046875,5171.5,5167.10009765625,5171.2001953125
1771803360,5171.89990234375,5173.5,5168.2001953125,5173.39990234375
1771803480,5173.2998046875,5174.60009765625,5168.7998046875,5169.60009765625
1771803600,5170.2001953125,5178.7998046875,5170.0,5175.10009765625
1771803720,5175.2001953125,5179.7998046875,5170.2998046875,5179.0
1771803840,5179.0,5181.2998046875,5176.10009765625,5176.7998046875
1771803960,5177.89990234375,5182.10009765625,5175.89990234375,5182.10009765625
1771804080,5182.10009765625,5183.5,5178.2998046875,5181.10009765625
1771804200,5180.5,5187.5,5179.2001953125,5186.2001953125
1771804320,5186.5,5189.7998046875,5184.60009765625,5185.39990234375
1771804440,5185.0,5187.89990234375,5185.0,5187.89990234375
1771804560,5187.0,5192.2998046875,5186.89990234375,5191.2998046875
1771804680,5191.2001953125,5194.2001953125,5187.2001953125,5187.2001953125
1771804800,5187.0,5188.5,5161.2001953125,5174.2998046875
1771804920,5174.60009765625,5177.2998046875,5166.10009765625,5169.2001953125
1771805040,5170.0,5171.7001953125,5161.7998046875,5165.0
1771805160,5165.0,5165.5,5160.0,5163.5
1771805280,5162.89990234375,5173.7998046875,5161.2998046875,5171.7998046875
1771805400,5171.60009765625,5172.7001953125,5159.7001953125,5161.0
1771805520,5161.7001953125,5162.7998046875,5154.7001953125,5155.89990234375
1771805640,5156.10009765625,5162.2998046875,5153.2001953125,5155.0
1771805760,5155.60009765625,5159.89990234375,5154.0,5157.2998046875
1771805880,5157.89990234375,5162.7998046875,5152.89990234375,5152.89990234375
1771806000,5153.0,5164.5,5151.0,5160.7001953125
1771806120,5161.5,5164.7998046875,5160.2001953125,5163.7998046875
1771806240,5164.7998046875,5169.10009765625,5160.39990234375,5161.7001953125
1771806360,5161.60009765625,5168.5,5159.2001953125,5167.39990234375
1771806480,5166.89990234375,5175.7998046875,5166.89990234375,5175.10009765625
1771806600,5175.2998046875,5182.7001953125,5174.5,5177.89990234375
1771806720,5178.2001953125,5180.7998046875,5171.7001953125,5171.7001953125
1771806840,5172.2001953125,5174.0,5170.0,5172.7998046875
1771806960,5173.2001953125,5174.0,5166.89990234375,5168.60009765625
1771807080,5170.5,5170.5,5163.10009765625,5166.5
1771807200,5166.7001953125,5171.60009765625,5163.2001953125,5164.7001953125
1771807320,5165.39990234375,5165.7998046875,5160.60009765625,5161.89990234375
1771807440,5162.10009765625,5163.0,5156.0,5160.89990234375
1771807560,5161.2001953125,5161.89990234375,5158.0,5159.39990234375
1771807680,5160.5,5161.7998046875,5158.2001953125,5159.5
1771807800,5159.89990234375,5163.60009765625,5158.0,5162.89990234375
1771807920,5163.39990234375,5165.0,5161.2998046875,5164.0
1771808040,5164.2998046875,5167.10009765625,5164.10009765625,5167.10009765625
1771808160,5167.0,5168.2001953125,5163.5,5166.39990234375
1771808280,5166.10009765625,5167.7998046875,5164.7001953125,5165.89990234375
1771808400,5166.2998046875,5170.7001953125,5161.60009765625,5168.89990234375
1771808520,5168.10009765625,5172.0,5164.2001953125,5167.2998046875
1771808640,5168.60009765625,5174.7998046875,5168.60009765625,5172.39990234375
1771808760,5171.7001953125,5177.39990234375,5169.10009765625,5176.0
1771808880,5176.2001953125,5180.10009765625,5174.0,5177.60009765625
1771809000,5176.7998046875,5177.60009765625,5170.39990234375,5170.39990234375
1771809120,5171.10009765625,5171.10009765625,5168.5,5168.7998046875
1771809240,5169.7998046875,5173.60009765625,5167.39990234375,5172.2001953125
1771809360,5172.7001953125,5173.89990234375,5171.89990234375,5172.10009765625
1771809480,5171.89990234375,5175.0,5171.89990234375,5175.0
1771809600,5175.60009765625,5180.2001953125,5175.5,5178.2998046875
1771809720,5178.60009765625,5181.5,5177.89990234375,5180.7001953125
1771809840,5180.5,5180.7001953125,5176.0,5176.0
1771809960,5175.89990234375,5179.7001953125,5174.89990234375,5179.7001953125
1771810080,5179.7001953125,5182.0,5178.10009765625,5181.2001953125
1771810200,5181.5,5181.5,5177.60009765625,5179.5
1771810320,5179.5,5183.7001953125,5179.5,5180.0
1771810440,5179.7998046875,5180.2001953125,5178.7998046875,5179.7001953125
1771810560,5180.5,5182.2998046875,5179.7001953125,5179.7998046875
1771810680,5180.39990234375,5183.7001953125,5179.10009765625,5180.10009765625
1771810800,5180.2001953125,5186.0,5177.2998046875,5185.2998046875
1771810920,5186.2001953125,5188.2001953125,5185.39990234375,5186.60009765625
1771811040,5187.2001953125,5189.0,5186.0,5186.60009765625
1771811160,5187.10009765625,5187.5,5181.7001953125,5183.2001953125
1771811280,5183.7998046875,5186.89990234375,5182.7998046875,5186.10009765625
1771811400,5186.0,5190.0,5184.7001953125,5185.2001953125
1771811520,5185.7001953125,5186.2998046875,5182.7998046875,5183.2001953125
1771811640,5183.0,5183.0,5177.7998046875,5178.5
1771811760,5178.2998046875,5181.5,5178.2998046875,5181.10009765625
1771811880,5180.39990234375,5182.10009765625,5178.2001953125,5179.39990234375
1771812000,5179.10009765625,5183.60009765625,5178.7998046875,5181.2998046875
1771812120,5181.2998046875,5184.5,5179.7001953125,5184.5
1771812240,5184.7998046875,5186.0,5183.60009765625,5184.7998046875
1771812360,5185.0,5186.2998046875,5183.89990234375,5184.5
1771812480,5184.7001953125,5189.2998046875,5183.5,5187.5
1771812600,5187.2998046875,5187.60009765625,5181.2001953125,5181.5
1771812720,5182.10009765625,5184.60009765625,5181.5,5183.2998046875
1771812840,5182.7998046875,5187.2998046875,5182.0,5187.2998046875
1771812960,5187.2998046875,5189.7001953125,5184.7998046875,5185.89990234375
1771813080,5186.0,5186.0,5181.7001953125,5181.89990234375
1771813200,5182.2001953125,5184.10009765625,5181.0,5181.7001953125
1771813320,5181.2001953125,5182.60009765625,5179.89990234375,5180.60009765625
1771813440,5181.10009765625,5184.60009765625,5181.0,5184.10009765625
1771813560,5184.2001953125,5185.0,5183.60009765625,5184.60009765625
1771813680,5184.39990234375,5185.39990234375,5182.89990234375,5183.10009765625
1771813800,5183.60009765625,5184.7001953125,5183.2998046875,5183.2998046875
1771813920,5183.5,5186.7998046875,5183.5,5186.7998046875
1771814040,5187.10009765625,5187.60009765625,5186.10009765625,5186.7998046875
1771814160,5187.10009765625,5191.7998046875,5187.10009765625,5190.89990234375
1771814280,5190.60009765625,5191.60009765625,5187.0,5191.10009765625
1771814400,5190.60009765625,5197.5,5190.2001953125,5197.10009765625
1771814520,5197.10009765625,5198.0,5196.0,5197.60009765625
1771814640,5197.60009765625,5198.7998046875,5196.0,5197.0
1771814760,5196.89990234375,5197.0,5195.2998046875,5195.2998046875
1771814880,5195.7001953125,5196.0,5192.0,5192.39990234375
1771815000,5192.60009765625,5192.60009765625,5185.60009765625,5188.2001953125
1771815120,5188.7998046875,5192.0,5188.39990234375,5191.39990234375
1771815240,5191.10009765625,5195.2998046875,5191.10009765625,5194.60009765625
1771815360,5195.39990234375,5196.2998046875,5194.7998046875,5194.89990234375
1771815480,5194.60009765625,5195.89990234375,5193.39990234375,5195.0
1771815600,5195.2001953125,5197.60009765625,5194.89990234375,5196.89990234375
1771815720,5196.7998046875,5197.2998046875,5193.5,5194.60009765625
1771815840,5195.0,5195.2998046875,5193.2001953125,5193.39990234375
1771815960,5193.2998046875,5196.60009765625,5191.2998046875,5192.2998046875
1771816080,5191.89990234375,5193.89990234375,5185.5,5187.0
1771816200,5187.0,5187.0,5179.0,5180.7001953125
1771816320,5180.60009765625,5182.60009765625,5173.2001953125,5182.60009765625
1771816440,5183.0,5183.0,5176.39990234375,5177.60009765625
1771816560,5177.5,5181.2998046875,5176.60009765625,5178.2998046875
1771816680,5178.2001953125,5179.0,5176.0,5177.39990234375
1771816800,5177.89990234375,5182.7001953125,5177.5,5182.0
1771816920,5182.10009765625,5184.0,5182.10009765625,5183.2001953125
1771817040,5184.2998046875,5186.7001953125,5183.2998046875,5186.7001953125
1771817160,5186.7001953125,5186.7998046875,5183.7998046875,5186.39990234375
1771817280,5186.0,5186.39990234375,5185.60009765625,5186.2998046875
1771817400,5186.39990234375,5191.2998046875,5186.39990234375,5188.2001953125
1771817520,5187.7001953125,5189.89990234375,5186.7998046875,5189.5
1771817640,5189.2001953125,5191.60009765625,5186.60009765625,5191.5
1771817760,5191.2998046875,5192.7998046875,5190.89990234375,5191.2001953125
1771817880,5191.5,5192.0,5190.0,5190.5
1771818000,5190.2998046875,5191.7998046875,5189.89990234375,5191.7998046875
1771818120,5191.7998046875,5191.89990234375,5189.2001953125,5189.89990234375
1771818240,5190.2001953125,5192.0,5188.2998046875,5191.2001953125
1771818360,5190.89990234375,5191.60009765625,5190.2998046875,5191.10009765625
1771818480,5191.0,5192.10009765625,5191.0,5192.10009765625
1771818600,5191.5,5192.7001953125,5189.7998046875,5190.0
1771818720,5190.10009765625,5192.7998046875,5190.10009765625,5192.2998046875
1771818840,5191.7998046875,5192.0,5187.7998046875,5189.39990234375
1771818960,5189.2001953125,5189.60009765625,5187.7998046875,5187.7998046875
1771819080,5188.0,5189.2001953125,5188.0,5188.39990234375
1771819200,5188.2998046875,5190.2998046875,5187.89990234375,5189.2998046875
1771819320,5189.0,5189.2998046875,5182.7001953125,5184.89990234375
1771819440,5185.2001953125,5187.2998046875,5183.0,5185.60009765625
1771819560,5184.89990234375,5186.2001953125,5183.2001953125,5184.0
1771819680,5184.10009765625,5186.5,5177.2998046875,5177.39990234375
1771819800,5177.7998046875,5183.89990234375,5177.7998046875,5182.5
1771819920,5182.5,5185.2998046875,5182.39990234375,5185.2001953125
1771820040,5185.7001953125,5185.89990234375,5183.2001953125,5183.2998046875
1771820160,5183.7998046875,5184.2001953125,5182.60009765625,5183.7998046875
1771820280,5183.7001953125,5186.2001953125,5182.7998046875,5185.60009765625
1771820400,5185.89990234375,5185.89990234375,5182.89990234375,5184.39990234375
1771820520,5184.10009765625,5184.89990234375,5184.10009765625,5184.7998046875
1771820640,5184.0,5184.10009765625,5180.5,5180.7001953125
1771820760,5181.0,5182.5,5181.0,5181.89990234375
1771820880,5182.0,5182.89990234375,5181.0,5181.39990234375
1771821000,5182.39990234375,5185.2998046875,5182.2998046875,5183.39990234375
1771821120,5182.5,5182.5,5181.0,5181.7001953125
1771821240,5181.10009765625,5181.60009765625,5179.10009765625,5180.7998046875
1771821360,5180.60009765625,5181.2001953125,5178.0,5179.60009765625
1771821480,5179.2998046875,5181.39990234375,5177.2998046875,5180.7998046875
1771821600,5180.60009765625,5182.7998046875,5180.2998046875,5181.89990234375
1771821720,5182.10009765625,5182.2998046875,5181.2001953125,5181.2998046875
1771821840,5181.39990234375,5183.60009765625,5180.2998046875,5182.5
1771821960,5182.7998046875,5183.0,5181.5,5181.89990234375
1771822080,5181.89990234375,5182.2001953125,5180.10009765625,5181.89990234375
1771822200,5182.0,5182.2998046875,5181.39990234375,5181.7001953125
1771822320,5181.5,5181.5,5179.2001953125,5181.5
1771822440,5181.2001953125,5182.2001953125,5180.2998046875,5182.2001953125
1771822560,5182.0,5183.2001953125,5180.60009765625,5180.60009765625
1771822680,5181.10009765625,5181.39990234375,5180.89990234375,5181.2998046875
1771822800,5182.0,5183.10009765625,5181.2001953125,5181.89990234375
1771822920,5182.10009765625,5183.2998046875,5177.7998046875,5177.7998046875
1771823040,5177.7998046875,5178.2001953125,5174.10009765625,5174.7998046875
1771823160,5174.0,5178.39990234375,5173.89990234375,5177.5
1771823280,5176.7001953125,5177.7998046875,5176.0,5177.5
1771823400,5177.60009765625,5180.2001953125,5176.0,5180.2001953125
1771823520,5180.2001953125,5181.7998046875,5179.5,5179.7001953125
1771823640,5179.0,5180.5,5178.5,5179.89990234375
1771823760,5179.60009765625,5180.89990234375,5177.0,5177.7998046875
1771823880,5178.2001953125,5178.5,5176.7001953125,5176.7001953125
1771824000,5176.5,5178.2001953125,5176.39990234375,5177.89990234375
1771824120,5178.10009765625,5178.10009765625,5174.89990234375,5174.89990234375
1771824240,5175.2001953125,5178.0,5174.7998046875,5176.10009765625
1771824360,5176.0,5178.5,5175.0,5178.2001953125
1771824480,5177.7998046875,5180.2998046875,5177.5,5179.60009765625
1771824600,5179.5,5179.7998046875,5176.5,5177.7998046875
1771824720,5177.89990234375,5179.39990234375,5177.89990234375,5178.0
1771824840,5177.7998046875,5178.7001953125,5176.60009765625,5178.7001953125
1771824960,5178.2998046875,5178.2998046875,5177.0,5177.0
1771825080,5177.10009765625,5177.5,5175.2001953125,5175.2001953125
1771825200,5175.2001953125,5176.2001953125,5175.2001953125,5176.2001953125
1771825320,5176.60009765625,5178.7001953125,5176.39990234375,5178.2001953125
1771825440,5178.5,5178.89990234375,5178.2001953125,5178.2001953125
1771825560,5178.2998046875,5180.60009765625,5178.2998046875,5179.89990234375
1771825680,5180.0,5181.60009765625,5179.39990234375,5180.39990234375
1771825800,5180.39990234375,5180.39990234375,5178.0,5179.10009765625
1771825920,5179.2001953125,5180.0,5177.89990234375,5180.0
1771826040,5180.0,5181.0,5179.5,5181.0
1771826160,5180.89990234375,5181.2998046875,5179.10009765625,5180.2998046875
1771826280,5180.2998046875,5180.60009765625,5179.2998046875,5179.89990234375
1771826400,5180.2998046875,5180.5,5179.10009765625,5179.89990234375
1771826520,5179.7998046875,5180.2998046875,5179.2001953125,5179.7998046875
1771826640,5180.0,5182.60009765625,5180.0,5181.7001953125
1771826760,5182.5,5182.89990234375,5181.2998046875,5182.2001953125
1771826880,5181.7001953125,5181.7001953125,5179.0,5179.89990234375
1771827000,5179.89990234375,5181.10009765625,5179.89990234375,5180.2998046875
1771827120,5179.89990234375,5181.7001953125,5179.89990234375,5181.5
1771827240,5181.89990234375,5182.10009765625,5180.5,5181.2998046875
1771827360,5181.2001953125,5181.5,5180.7998046875,5181.2998046875
1771827480,5180.89990234375,5182.0,5180.5,5182.0
1771827600,5181.89990234375,5182.39990234375,5179.7998046875,5182.39990234375
1771827720,5182.10009765625,5183.2001953125,5179.7001953125,5180.39990234375
1771827840,5180.60009765625,5182.10009765625,5180.2001953125,5180.89990234375
1771827960,5181.2998046875,5181.5,5179.5,5180.2998046875
1771828080,5180.2998046875,5180.2998046875,5173.60009765625,5174.2001953125
1771828200,5174.89990234375,5178.2001953125,5173.39990234375,5177.60009765625
1771828320,5177.60009765625,5178.39990234375,5174.89990234375,5176.89990234375
1771828440,5176.89990234375,5177.7998046875,5175.60009765625,5175.89990234375
1771828560,5176.2998046875,5178.60009765625,5174.0,5174.60009765625
1771828680,5175.0,5176.2998046875,5174.7998046875,5175.7001953125
1771828800,5175.7998046875,5176.2001953125,5168.60009765625,5173.7998046875
1771828920,5174.7998046875,5176.89990234375,5172.0,5172.0
1771829040,5171.7998046875,5171.7998046875,5167.2001953125,5168.0
1771829160,5168.60009765625,5171.5,5167.89990234375,5171.2998046875
1771829280,5171.0,5174.39990234375,5171.0,5173.5
1771829400,5173.7001953125,5174.39990234375,5170.5,5170.60009765625
1771829520,5170.7998046875,5172.10009765625,5169.0,5170.5
1771829640,5170.0,5170.89990234375,5166.10009765625,5167.2001953125
1771829760,5168.10009765625,5169.7998046875,5166.89990234375,5168.10009765625
1771829880,5168.2001953125,5168.89990234375,5166.5,5167.2998046875
1771830000,5167.39990234375,5171.2001953125,5162.39990234375,5168.39990234375
1771830120,5167.2001953125,5168.10009765625,5161.0,5162.5
1771830240,5162.7998046875,5164.89990234375,5159.2998046875,5160.7001953125
1771830360,5161.10009765625,5173.2998046875,5160.2998046875,5172.39990234375
1771830480,5172.7001953125,5176.2998046875,5172.0,5172.5
1771830600,5172.2001953125,5172.2001953125,5168.89990234375,5171.39990234375
1771830720,5171.0,5172.0,5170.0,5170.0
1771830840,5170.39990234375,5170.39990234375,5168.2001953125,5169.2998046875
1771830960,5169.0,5171.2001953125,5168.0,5168.0
1771831080,5168.0,5169.39990234375,5166.2998046875,5166.5
1771831200,5166.60009765625,5167.60009765625,5162.10009765625,5166.60009765625
1771831320,5166.7001953125,5167.0,5162.10009765625,5163.7001953125
1771831440,5163.2001953125,5164.7998046875,5154.10009765625,5155.89990234375
1771831560,5156.2001953125,5157.7001953125,5145.10009765625,5157.7001953125
1771831680,5157.2998046875,5158.2998046875,5155.60009765625,5158.0
1771831800,5157.7001953125,5158.7998046875,5151.39990234375,5152.39990234375
1771831920,5153.0,5158.0,5153.0,5154.7998046875
1771832040,5154.7001953125,5155.39990234375,5149.2998046875,5149.7998046875
1771832160,5149.7001953125,5153.5,5147.2998046875,5147.7001953125
1771832280,5147.89990234375,5154.60009765625,5146.39990234375,5153.7001953125
1771832400,5153.10009765625,5156.60009765625,5152.7001953125,5155.0
1771832520,5155.10009765625,5157.7998046875,5154.7001953125,5155.7001953125
1771832640,5156.2001953125,5158.5,5155.60009765625,5158.2998046875
1771832760,5158.10009765625,5158.2998046875,5156.2998046875,5158.10009765625
1771832880,5157.60009765625,5158.7998046875,5156.0,5157.7001953125
1771833000,5157.60009765625,5159.2998046875,5156.60009765625,5159.2998046875
1771833120,5159.2001953125,5160.5,5157.2001953125,5159.7001953125
1771833240,5158.89990234375,5159.10009765625,5157.10009765625,5158.0
1771833360,5157.60009765625,5160.39990234375,5157.5,5159.60009765625
1771833480,5159.5,5159.7001953125,5157.2998046875,5157.60009765625
1771833600,5157.5,5160.10009765625,5153.2998046875,5154.0
1771833720,5154.5,5155.0,5152.7001953125,5154.0
1771833840,5153.5,5155.60009765625,5152.2001953125,5154.2998046875
1771833960,5153.7998046875,5160.7998046875,5153.7998046875,5159.10009765625
1771834080,5159.2998046875,5160.7001953125,5156.89990234375,5157.2998046875
1771834200,5157.7001953125,5159.2998046875,5156.5,5157.10009765625
1771834320,5156.89990234375,5157.60009765625,5156.0,5157.2001953125
1771834440,5157.39990234375,5160.2001953125,5157.39990234375,5159.2001953125
1771834560,5159.10009765625,5160.5,5157.2998046875,5157.5
1771834680,5157.10009765625,5157.60009765625,5155.89990234375,5157.2998046875
1771834800,5156.89990234375,5159.2001953125,5156.89990234375,5158.2001953125
1771834920,5157.60009765625,5157.89990234375,5154.2998046875,5155.39990234375
1771835040,5155.39990234375,5155.60009765625,5147.0,5149.2998046875
1771835160,5149.0,5151.2998046875,5148.2998046875,5150.39990234375
1771835280,5150.7998046875,5151.89990234375,5143.0,5146.10009765625
1771835400,5146.0,5146.5,5142.7998046875,5145.7998046875
1771835520,5145.89990234375,5153.10009765625,5145.2998046875,5151.7998046875
1771835640,5152.2001953125,5152.89990234375,5150.2001953125,5152.2001953125
1771835760,5151.7998046875,5153.0,5148.2998046875,5152.39990234375
1771835880,5152.2998046875,5152.2998046875,5148.0,5148.10009765625
1771836000,5147.7998046875,5148.5,5146.0,5148.10009765625
1771836120,5147.7001953125,5148.5,5145.5,5147.60009765625
1771836240,5148.0,5151.5,5148.0,5151.5
1771836360,5151.5,5155.5,5150.39990234375,5153.2998046875
1771836480,5153.5,5155.5,5152.2001953125,5154.5
1771836600,5154.39990234375,5156.39990234375,5153.5,5154.2001953125
1771836720,5154.0,5157.39990234375,5153.7001953125,5157.10009765625
1771836840,5157.0,5161.2998046875,5156.89990234375,5160.5
1771836960,5160.7001953125,5162.89990234375,5159.7998046875,5161.89990234375
1771837080,5161.2998046875,5161.7998046875,5159.7998046875,5161.0
1771837200,5160.7001953125,5163.7998046875,5159.39990234375,5163.7998046875
1771837320,5163.60009765625,5163.60009765625,5160.7998046875,5162.2001953125
1771837440,5162.2001953125,5165.10009765625,5161.7001953125,5162.39990234375
1771837560,5162.60009765625,5163.89990234375,5160.7001953125,5161.60009765625
1771837680,5161.89990234375,5166.39990234375,5161.39990234375,5164.7001953125
1771837800,5164.7998046875,5167.2998046875,5164.0,5165.5
1771837920,5165.60009765625,5167.5,5165.60009765625,5166.60009765625
1771838040,5166.89990234375,5167.7998046875,5166.5,5166.5
1771838160,5166.5,5167.89990234375,5166.39990234375,5166.5
1771838280,5166.7001953125,5168.39990234375,5165.7998046875,5166.5
1771838400,5166.89990234375,5167.2001953125,5165.5,5166.5
1771838520,5166.39990234375,5168.7001953125,5166.39990234375,5168.2001953125
1771838640,5168.0,5170.0,5167.10009765625,5169.89990234375
1771838760,5169.60009765625,5170.2998046875,5167.5,5167.89990234375
1771838880,5168.2998046875,5169.89990234375,5167.89990234375,5169.89990234375
1771839000,5170.0,5170.60009765625,5169.0,5169.7001953125
1771839120,5169.60009765625,5169.60009765625,5166.60009765625,5167.7001953125
1771839240,5167.5,5168.7001953125,5165.7001953125,5165.7001953125
1771839360,5165.60009765625,5167.60009765625,5164.5,5164.7998046875
1771839480,5165.10009765625,5166.2998046875,5164.0,5166.2998046875
1771839600,5166.39990234375,5167.39990234375,5163.60009765625,5164.89990234375
1771839720,5164.5,5167.2001953125,5164.39990234375,5166.7998046875
1771839840,5166.7998046875,5167.7998046875,5164.7001953125,5165.10009765625
1771839960,5165.60009765625,5167.5,5165.60009765625,5167.5
1771840080,5167.7001953125,5169.7001953125,5167.39990234375,5168.0
1771840200,5167.7001953125,5167.7001953125,5166.0,5166.10009765625
1771840320,5166.2001953125,5168.5,5166.2001953125,5168.39990234375
1771840440,5168.2001953125,5168.39990234375,5167.10009765625,5167.89990234375
1771840560,5168.10009765625,5168.7998046875,5167.89990234375,5167.89990234375
1771840680,5168.10009765625,5170.5,5167.2998046875,5170.10009765625
1771840800,5170.39990234375,5173.2001953125,5169.7001953125,5172.7998046875
1771840920,5173.2001953125,5174.0,5172.10009765625,5172.10009765625
1771841040,5172.2001953125,5173.2998046875,5170.5,5172.60009765625
1771841160,5172.7998046875,5173.2998046875,5167.39990234375,5167.7001953125
1771841280,5167.5,5169.0,5167.10009765625,5168.39990234375
1771841400,5168.2998046875,5170.0,5167.89990234375,5168.7998046875
1771841520,5168.60009765625,5169.39990234375,5167.7001953125,5168.2001953125
1771841640,5168.7998046875,5171.60009765625,5168.5,5171.60009765625
1771841760,5171.2998046875,5172.60009765625,5170.2001953125,5170.60009765625
1771841880,5170.10009765625,5173.7001953125,5170.10009765625,5173.5
1771842000,5173.7998046875,5174.2001953125,5172.5,5172.7001953125
1771842120,5172.0,5174.60009765625,5171.39990234375,5174.5
1771842240,5174.5,5177.2998046875,5173.89990234375,5174.60009765625
1771842360,5174.60009765625,5177.0,5173.5,5174.0
1771842480,5173.89990234375,5176.89990234375,5172.5,5176.60009765625
1771842600,5176.60009765625,5178.39990234375,5170.10009765625,5171.60009765625
1771842720,5171.39990234375,5171.5,5169.10009765625,5169.5
1771842840,5169.5,5171.7001953125,5165.60009765625,5170.60009765625
1771842960,5171.10009765625,5175.10009765625,5171.10009765625,5175.10009765625
1771843080,5175.2001953125,5175.89990234375,5172.60009765625,5173.60009765625
1771843200,5173.7998046875,5174.2998046875,5171.5,5172.5
1771843320,5172.2998046875,5175.7001953125,5172.2001953125,5175.39990234375
1771843440,5175.2998046875,5175.2998046875,5172.10009765625,5174.10009765625
1771843560,5173.39990234375,5175.2998046875,5173.0,5175.2998046875
1771843680,5175.5,5175.7001953125,5173.89990234375,5175.2998046875
1771843800,5175.2998046875,5180.0,5173.39990234375,5179.39990234375
1771843920,5179.5,5180.7001953125,5178.60009765625,5180.2998046875
1771844040,5180.39990234375,5182.7998046875,5180.2998046875,5182.2001953125
1771844160,5182.60009765625,5183.89990234375,5182.0,5183.60009765625
1771844280,5183.7001953125,5184.7998046875,5182.60009765625,5184.0
1771844400,5184.0,5184.5,5181.39990234375,5183.60009765625
1771844520,5183.2001953125,5184.2001953125,5182.0,5184.2001953125
1771844640,5183.7998046875,5184.10009765625,5182.2998046875,5182.60009765625
1771844760,5182.60009765625,5183.0,5178.39990234375,5179.0
1771844880,5179.10009765625,5180.2998046875,5179.10009765625,5180.2998046875
1771845000,5180.0,5181.5,5178.10009765625,5178.2998046875
1771845120,5178.2001953125,5178.2001953125,5173.7001953125,5176.5
1771845240,5176.0,5176.0,5171.2001953125,5171.7001953125
1771845360,5171.5,5172.39990234375,5170.10009765625,5170.10009765625
1771845480,5170.2998046875,5172.7001953125,5168.10009765625,5170.60009765625
1771845600,5170.7001953125,5171.10009765625,5167.2998046875,5169.2998046875
1771845720,5169.0,5169.7998046875,5167.7998046875,5169.60009765625
1771845840,5169.60009765625,5171.60009765625,5168.5,5171.2998046875
1771845960,5171.10009765625,5174.0,5171.10009765625,5172.0
1771846080,5171.7001953125,5173.0,5171.10009765625,5171.10009765625
1771846200,5171.2001953125,5171.2001953125,5168.5,5170.7998046875
1771846320,5170.7001953125,5173.2998046875,5170.7001953125,5173.2001953125
1771846440,5173.2998046875,5173.2998046875,5170.89990234375,5172.2998046875
1771846560,5172.2998046875,5174.2001953125,5172.10009765625,5172.7998046875
1771846680,5172.5,5172.7998046875,5171.39990234375,5172.0
1771846800,5171.7998046875,5172.2001953125,5170.10009765625,5171.0
1771846920,5170.89990234375,5172.10009765625,5169.89990234375,5171.7998046875
1771847040,5171.60009765625,5173.2998046875,5171.10009765625,5173.2001953125
1771847160,5173.39990234375,5175.0,5172.5,5172.7001953125
1771847280,5173.0,5175.2001953125,5171.89990234375,5174.5
1771847400,5174.2001953125,5175.10009765625,5173.60009765625,5174.7001953125
1771847520,5174.7001953125,5174.89990234375,5173.5,5173.5
1771847640,5173.7998046875,5173.7998046875,5172.7998046875,5173.2998046875
1771847760,5172.89990234375,5173.2001953125,5170.10009765625,5170.10009765625
1771847880,5170.10009765625,5171.7998046875,5170.0,5170.2998046875
1771848000,5170.2998046875,5175.2001953125,5169.2001953125,5173.7001953125
1771848120,5173.89990234375,5175.39990234375,5171.2998046875,5173.7001953125
1771848240,5173.5,5174.0,5172.0,5172.39990234375
1771848360,5172.7998046875,5172.7998046875,5169.7998046875,5170.39990234375
1771848480,5170.39990234375,5170.39990234375,5167.5,5169.7998046875
1771848600,5169.89990234375,5171.7998046875,5168.7001953125,5169.2001953125
1771848720,5169.2001953125,5170.89990234375,5168.5,5169.2998046875
1771848840,5169.2001953125,5169.2001953125,5169.2001953125,5169.2001953125
1771848960,5170.39990234375,5172.2998046875,5169.7998046875,5171.89990234375
1771849080,5171.7998046875,5171.7998046875,5169.7998046875,5169.7998046875
1771849200,5170.5,5170.5,5169.10009765625,5169.89990234375
1771849320,5169.7001953125,5172.7998046875,5169.39990234375,5171.2998046875
1771849440,5171.10009765625,5171.60009765625,5169.5,5169.5
1771849560,5170.0,5170.2001953125,5168.60009765625,5169.10009765625
1771849680,5169.10009765625,5170.7001953125,5165.89990234375,5170.7001953125
1771849800,5171.10009765625,5174.60009765625,5170.7001953125,5173.0
1771849920,5172.60009765625,5172.89990234375,5170.7998046875,5172.39990234375
1771850040,5173.2998046875,5173.7001953125,5170.10009765625,5172.2001953125
1771850160,5172.7001953125,5174.7001953125,5172.5,5174.7001953125
1771850280,5174.10009765625,5178.7998046875,5173.7998046875,5178.7998046875
1771850400,5178.7998046875,5181.89990234375,5178.0,5181.0
1771850520,5181.5,5183.5,5180.39990234375,5183.5
1771850640,5183.10009765625,5185.5,5182.39990234375,5183.89990234375
1771850760,5184.0,5185.0,5181.7001953125,5181.7001953125
1771850880,5181.2001953125,5184.0,5181.0,5181.2001953125
1771851000,5180.7998046875,5183.60009765625,5180.39990234375,5182.5
1771851120,5182.5,5185.10009765625,5182.5,5184.5
1771851240,5184.60009765625,5186.0,5183.10009765625,5185.10009765625
1771851360,5185.0,5186.10009765625,5184.7001953125,5186.0
1771851480,5185.7998046875,5186.39990234375,5183.7001953125,5185.0
1771851600,5185.0,5186.39990234375,5182.60009765625,5183.2001953125
1771851720,5183.2001953125,5183.60009765625,5180.2998046875,5180.89990234375
1771851840,5181.39990234375,5181.89990234375,5178.60009765625,5179.60009765625
1771851960,5178.7001953125,5180.10009765625,5177.5,5179.0
1771852080,5179.10009765625,5179.2001953125,5175.2998046875,5176.60009765625
1771852200,5176.60009765625,5178.10009765625,5175.60009765625,5177.60009765625
1771852320,5177.2998046875,5177.39990234375,5173.7001953125,5175.10009765625
1771852440,5175.2998046875,5176.0,5172.2001953125,5173.89990234375
1771852560,5175.0,5176.39990234375,5174.0,5176.0
1771852680,5176.10009765625,5177.39990234375,5174.89990234375,5176.5
1771852800,5176.2998046875,5177.10009765625,5173.10009765625,5173.89990234375
1771852920,5173.7001953125,5175.2001953125,5168.2998046875,5169.7001953125
1771853040,5169.7998046875,5171.0,5166.2998046875,5166.7998046875
1771853160,5166.60009765625,5168.7001953125,5164.10009765625,5167.60009765625
1771853280,5168.0,5171.2998046875,5167.89990234375,5170.10009765625
1771853400,5170.60009765625,5173.5,5168.0,5172.7001953125
1771853520,5172.5,5174.2001953125,5172.0,5173.7998046875
1771853640,5173.7001953125,5174.5,5171.5,5173.0
1771853760,5173.2998046875,5174.39990234375,5170.2998046875,5171.5
1771853880,5171.39990234375,5172.89990234375,5170.2998046875,5170.89990234375
1771854000,5171.2998046875,5171.2998046875,5168.60009765625,5168.60009765625
1771854120,5168.89990234375,5172.7998046875,5168.89990234375,5171.60009765625
1771854240,5172.0,5173.5,5168.10009765625,5168.10009765625
1771854360,5168.2001953125,5171.10009765625,5166.7998046875,5171.10009765625
1771854480,5171.0,5173.10009765625,5169.7001953125,5170.7998046875
1771854600,5170.7001953125,5172.2001953125,5169.89990234375,5171.39990234375
1771854720,5171.2998046875,5171.60009765625,5169.5,5170.7001953125
1771854840,5170.60009765625,5171.5,5168.5,5169.2998046875
1771854960,5169.5,5171.0,5166.2001953125,5169.5
1771855080,5169.2001953125,5169.2998046875,5165.2998046875,5166.2001953125
1771855200,5165.89990234375,5167.7001953125,5161.5,5166.39990234375
1771855320,5167.0,5169.39990234375,5165.60009765625,5166.60009765625
1771855440,5166.7001953125,5169.89990234375,5165.89990234375,5169.7998046875
1771855560,5169.89990234375,5172.7998046875,5169.7001953125,5171.60009765625
1771855680,5171.5,5171.7998046875,5169.2001953125,5170.0
1771855800,5170.2998046875,5170.39990234375,5168.7001953125,5169.10009765625
1771855920,5169.5,5174.7001953125,5169.2998046875,5173.0
1771856040,5173.2998046875,5178.2001953125,5172.89990234375,5177.2001953125
1771856160,5176.89990234375,5178.2001953125,5176.2001953125,5177.89990234375
1771856280,5178.2998046875,5180.2998046875,5177.10009765625,5180.0
1771856400,5180.0,5183.5,5179.10009765625,5182.0
1771856520,5182.0,5183.2001953125,5180.5,5182.60009765625
1771856640,5183.0,5185.60009765625,5183.0,5183.89990234375
1771856760,5184.10009765625,5185.2001953125,5182.60009765625,5183.2001953125
1771856880,5183.2001953125,5185.7998046875,5183.10009765625,5185.7998046875
1771857000,5185.39990234375,5191.89990234375,5185.10009765625,5190.7998046875
1771857120,5190.39990234375,5194.2001953125,5190.0,5194.10009765625
1771857240,5194.2998046875,5195.0,5191.7001953125,5193.7001953125
1771857360,5193.60009765625,5202.7998046875,5193.60009765625,5202.2001953125
1771857480,5202.10009765625,5204.60009765625,5200.7001953125,5204.60009765625
1771857600,5204.7998046875,5205.7998046875,5202.5,5205.2001953125
1771857720,5205.10009765625,5208.7998046875,5205.0,5208.7001953125
1771857840,5208.7998046875,5218.60009765625,5207.39990234375,5217.5
1771857960,5217.89990234375,5219.0,5212.10009765625,5215.60009765625
1771858080,5215.39990234375,5220.10009765625,5214.60009765625,5215.7998046875
1771858200,5216.0,5220.7998046875,5213.7998046875,5215.39990234375
1771858320,5215.2001953125,5221.2001953125,5213.60009765625,5219.7001953125
1771858440,5220.0,5221.89990234375,5212.5,5217.7001953125
1771858560,5217.5,5221.7998046875,5216.0,5216.0
1771858680,5215.89990234375,5216.2998046875,5208.0,5213.5
1771858800,5213.10009765625,5215.7001953125,5201.60009765625,5202.0
1771858920,5202.2998046875,5211.0,5201.7998046875,5205.89990234375
1771859040,5206.10009765625,5213.60009765625,5205.10009765625,5208.89990234375
1771859160,5209.60009765625,5217.2001953125,5209.60009765625,5216.7998046875
1771859280,5216.5,5219.5,5216.0,5218.0
1771859400,5218.39990234375,5218.39990234375,5209.7998046875,5210.7001953125
1771859520,5211.0,5215.10009765625,5208.0,5214.0
1771859640,5214.2001953125,5221.0,5213.39990234375,5219.0
1771859760,5218.5,5221.2001953125,5215.5,5217.7001953125
1771859880,5217.39990234375,5220.89990234375,5216.7998046875,5220.60009765625
1771860000,5220.7998046875,5225.0,5220.2001953125,5220.2001953125
1771860120,5220.5,5220.5,5212.89990234375,5215.60009765625
1771860240,5215.2998046875,5217.10009765625,5212.7998046875,5216.7998046875
1771860360,5216.89990234375,5221.7998046875,5216.7001953125,5217.2998046875
1771860480,5217.2998046875,5219.7001953125,5215.2001953125,5218.7998046875
1771860600,5219.2998046875,5220.2998046875,5216.2001953125,5218.0
1771860720,5217.7998046875,5219.7001953125,5215.7998046875,5216.7998046875
1771860840,5217.2001953125,5217.60009765625,5209.5,5209.7998046875
1771860960,5210.2998046875,5217.0,5207.2998046875,5216.60009765625
1771861080,5216.39990234375,5221.10009765625,5216.39990234375,5220.39990234375
1771861200,5220.60009765625,5224.0,5220.2998046875,5220.89990234375
1771861320,5220.60009765625,5222.7001953125,5216.89990234375,5222.7001953125
1771861440,5223.0,5223.2001953125,5218.0,5220.5
1771861560,5220.60009765625,5220.60009765625,5217.10009765625,5219.7998046875
1771861680,5219.7001953125,5226.2001953125,5217.5,5223.0
1771861800,5223.7001953125,5225.39990234375,5222.0,5225.2001953125
1771861920,5225.10009765625,5225.10009765625,5214.60009765625,5220.2001953125
1771862040,5220.10009765625,5221.2001953125,5216.2001953125,5216.5
1771862160,5216.2998046875,5218.60009765625,5211.5,5218.60009765625
1771862280,5218.89990234375,5220.7001953125,5216.5,5216.60009765625
1771862400,5216.2998046875,5216.5,5209.2998046875,5210.39990234375
1771862520,5210.2001953125,5213.7998046875,5201.7998046875,5202.2998046875
1771862640,5202.2998046875,5204.10009765625,5196.0,5203.2001953125
1771862760,5202.89990234375,5212.0,5201.7001953125,5211.0
1771862880,5210.5,5218.60009765625,5210.0,5217.7001953125
1771863000,5218.0,5220.7998046875,5218.0,5219.7001953125
1771863120,5219.7001953125,5224.7998046875,5219.0,5223.7001953125
1771863240,5223.7001953125,5226.10009765625,5222.10009765625,5224.7001953125
1771863360,5224.5,5232.39990234375,5224.5,5231.39990234375
1771863480,5232.10009765625,5238.5,5231.89990234375,5236.5
1771863600,5236.2998046875,5239.0,5234.7001953125,5238.60009765625
1771863720,5238.39990234375,5238.39990234375,5233.2001953125,5236.7998046875
1771863840,5236.39990234375,5239.2998046875,5235.5,5238.0
1771863960,5237.7998046875,5240.89990234375,5237.2998046875,5239.39990234375
1771864080,5239.7001953125,5239.89990234375,5235.39990234375,5236.39990234375
1771864200,5236.60009765625,5237.10009765625,5227.7998046875,5229.0
1771864320,5229.7001953125,5236.2998046875,5228.60009765625,5235.5
1771864440,5235.7001953125,5236.0,5229.39990234375,5234.5
1771864560,5234.7001953125,5234.7001953125,5231.39990234375,5232.89990234375
1771864680,5232.0,5233.2998046875,5230.7001953125,5231.2998046875
1771864800,5231.89990234375,5232.7998046875,5229.89990234375,5231.7001953125
1771864920,5231.60009765625,5233.60009765625,5230.7998046875,5232.7001953125
1771865040,5232.7001953125,5232.7998046875,5229.39990234375,5230.5
1771865160,5230.39990234375,5231.2001953125,5227.7001953125,5230.39990234375
1771865280,5230.39990234375,5231.7998046875,5227.39990234375,5231.10009765625
1771865400,5231.60009765625,5233.7998046875,5229.60009765625,5232.5
1771865520,5232.60009765625,5238.7998046875,5232.60009765625,5237.89990234375
1771865640,5238.39990234375,5238.60009765625,5232.60009765625,5234.2001953125
1771865760,5234.0,5235.0,5230.39990234375,5230.39990234375
1771865880,5230.39990234375,5232.7001953125,5229.0,5230.39990234375
1771866000,5231.10009765625,5232.60009765625,5229.39990234375,5231.39990234375
1771866120,5231.39990234375,5233.39990234375,5230.0,5230.5
1771866240,5231.2998046875,5233.7001953125,5229.0,5230.0
1771866360,5230.0,5234.0,5227.89990234375,5232.39990234375
1771866480,5232.2001953125,5234.5,5229.0,5229.7998046875
1771866600,5229.60009765625,5230.60009765625,5223.10009765625,5225.60009765625
1771866720,5225.10009765625,5227.2998046875,5221.89990234375,5223.10009765625
1771866840,5222.7998046875,5230.10009765625,5220.39990234375,5227.2001953125
1771866960,5228.0,5231.2001953125,5227.89990234375,5230.0
1771867080,5230.39990234375,5230.39990234375,5226.5,5227.5
1771867200,5228.10009765625,5229.0,5226.7001953125,5227.60009765625
1771867320,5227.89990234375,5228.0,5224.60009765625,5227.0
1771867440,5227.10009765625,5232.2998046875,5227.10009765625,5232.2001953125
1771867560,5232.2998046875,5233.0,5230.60009765625,5231.2998046875
1771867680,5231.2998046875,5232.2001953125,5229.7998046875,5230.7001953125
1771867800,5231.0,5231.5,5229.10009765625,5230.7001953125
1771867920,5231.2998046875,5231.39990234375,5228.2001953125,5228.5
1771868040,5228.60009765625,5229.0,5221.10009765625,5221.60009765625
1771868160,5222.39990234375,5223.2001953125,5214.0,5215.5
1771868280,5215.2998046875,5218.39990234375,5211.2001953125,5216.89990234375
1771868400,5216.89990234375,5224.0,5216.0,5217.89990234375
1771868520,5218.39990234375,5224.0,5217.39990234375,5223.10009765625
1771868640,5222.60009765625,5224.10009765625,5218.7998046875,5220.5
1771868760,5221.5,5221.60009765625,5216.7001953125,5218.89990234375
1771868880,5218.89990234375,5219.7998046875,5218.0,5219.5
1771869000,5219.2001953125,5224.10009765625,5219.10009765625,5223.60009765625
1771869120,5224.7001953125,5227.39990234375,5223.89990234375,5224.0
1771869240,5224.2998046875,5227.2001953125,5223.2998046875,5226.7998046875
1771869360,5226.5,5227.0,5224.0,5226.60009765625
1771869480,5227.0,5228.0,5224.2998046875,5227.39990234375
1771869600,5228.0,5230.0,5227.0,5227.89990234375
1771869720,5228.0,5230.39990234375,5227.2998046875,5230.0
1771869840,5229.7998046875,5232.2001953125,5228.39990234375,5231.39990234375
1771869960,5231.2001953125,5233.5,5231.0,5232.39990234375
1771870080,5232.2998046875,5234.60009765625,5231.7998046875,5234.0
1771870200,5234.60009765625,5235.89990234375,5233.39990234375,5235.10009765625
1771870320,5235.2998046875,5235.5,5232.89990234375,5234.2001953125
1771870440,5234.10009765625,5234.10009765625,5230.0,5230.7001953125
1771870560,5230.7998046875,5231.0,5227.60009765625,5228.0
1771870680,5228.2001953125,5230.39990234375,5227.10009765625,5227.2998046875
1771870800,5228.0,5232.10009765625,5227.7001953125,5231.5
1771870920,5231.7998046875,5233.2998046875,5227.39990234375,5227.39990234375
1771871040,5227.89990234375,5229.89990234375,5223.10009765625,5224.0
1771871160,5224.5,5224.5,5220.7998046875,5221.5
1771871280,5221.5,5226.89990234375,5221.5,5226.2001953125
1771871400,5226.10009765625,5229.2998046875,5225.5,5228.0
1771871520,5228.2001953125,5230.60009765625,5226.60009765625,5226.7998046875
1771871640,5226.89990234375,5229.10009765625,5226.7001953125,5228.0
1771871760,5228.5,5233.2998046875,5228.5,5232.89990234375
1771871880,5232.7998046875,5233.0,5227.2001953125,5228.2998046875
1771872000,5229.10009765625,5230.10009765625,5228.7001953125,5229.10009765625
1771872120,5228.89990234375,5229.2001953125,5225.0,5227.0
1771872240,5226.5,5227.7001953125,5225.60009765625,5226.60009765625
1771872360,5227.0,5229.2998046875,5226.60009765625,5228.7001953125
1771872480,5229.2998046875,5230.39990234375,5228.60009765625,5228.7998046875
1771872600,5229.2001953125,5230.2998046875,5228.7998046875,5229.7998046875
1771872720,5229.39990234375,5232.2998046875,5228.7998046875,5231.5
1771872840,5231.7001953125,5232.2998046875,5230.10009765625,5230.7998046875
1771872960,5230.39990234375,5231.0,5230.2998046875,5230.5
1771873080,5230.89990234375,5230.89990234375,5228.60009765625,5229.5
1771873200,5229.0,5230.10009765625,5226.39990234375,5228.89990234375
1771873320,5229.39990234375,5230.2998046875,5227.60009765625,5229.2998046875
1771873440,5229.39990234375,5229.60009765625,5228.0,5229.0
1771873560,5228.39990234375,5228.39990234375,5226.5,5228.2998046875
1771873680,5228.0,5230.5,5227.89990234375,5229.5
1771873800,5229.7998046875,5230.39990234375,5228.60009765625,5230.0
1771873920,5230.10009765625,5232.0,5229.7001953125,5231.2998046875
1771874040,5231.2998046875,5234.0,5231.0,5233.39990234375
1771874160,5233.2998046875,5234.7998046875,5232.10009765625,5232.5
1771874280,5232.5,5233.10009765625,5231.60009765625,5232.89990234375
1771874400,5232.89990234375,5235.2998046875,5232.5,5232.60009765625
1771874520,5232.5,5233.7998046875,5231.2998046875,5233.60009765625
1771874640,5233.2998046875,5233.2998046875,5231.2998046875,5231.5
1771874760,5231.7998046875,5231.7998046875,5230.39990234375,5231.10009765625
1771874880,5230.89990234375,5231.60009765625,5227.10009765625,5229.2998046875
1771875000,5229.39990234375,5230.5,5228.39990234375,5229.39990234375
1771875120,5230.10009765625,5231.0,5229.2001953125,5229.60009765625
1771875240,5230.0,5233.0,5230.0,5232.7998046875
1771875360,5232.5,5232.5,5229.60009765625,5231.10009765625
1771875480,5231.60009765625,5235.10009765625,5231.60009765625,5235.0
1771875600,5234.7998046875,5236.39990234375,5231.60009765625,5231.60009765625
1771875720,5231.5,5232.89990234375,5231.10009765625,5232.89990234375
1771875840,5232.7001953125,5238.39990234375,5232.7001953125,5238.0
1771875960,5237.7001953125,5238.10009765625,5235.0,5236.7001953125
1771876080,5236.10009765625,5237.10009765625,5235.7001953125,5236.39990234375
1771876200,5236.89990234375,5237.39990234375,5234.89990234375,5236.10009765625
1771876320,5235.89990234375,5236.2998046875,5234.2001953125,5236.10009765625
1771876440,5236.0,5237.5,5234.5,5235.60009765625
1771876560,5235.7001953125,5236.10009765625,5235.0,5235.7001953125
1771876680,5235.5,5235.5,5234.7998046875,5235.39990234375
1771876800,5235.0,5238.89990234375,5234.60009765625,5238.7001953125
1771876920,5238.7998046875,5242.7998046875,5238.10009765625,5242.7998046875
1771877040,5242.39990234375,5242.5,5240.7001953125,5241.5
1771877160,5241.7998046875,5242.7998046875,5238.7998046875,5239.89990234375
1771877280,5240.10009765625,5243.0,5239.60009765625,5242.7998046875
1771877400,5242.7998046875,5244.10009765625,5242.39990234375,5244.10009765625
1771877520,5243.7998046875,5244.5,5241.2001953125,5242.2998046875
1771877640,5242.60009765625,5243.7001953125,5242.0,5243.2001953125
1771877760,5243.2998046875,5244.10009765625,5241.89990234375,5243.2998046875
1771877880,5242.89990234375,5244.2998046875,5242.7001953125,5243.7998046875
1771878000,5243.60009765625,5244.7001953125,5243.5,5244.5
1771878120,5244.2001953125,5244.89990234375,5243.7001953125,5244.2001953125
1771878240,5244.39990234375,5246.10009765625,5243.7001953125,5245.39990234375
1771878360,5245.7001953125,5245.89990234375,5243.89990234375,5245.0
1771878480,5244.5,5246.0,5243.89990234375,5245.2001953125
1771878600,5245.10009765625,5247.5,5244.60009765625,5247.2998046875
1771878720,5247.0,5249.2001953125,5246.89990234375,5248.10009765625
1771878840,5248.0,5248.7998046875,5246.39990234375,5248.0
1771878960,5247.89990234375,5249.10009765625,5247.7998046875,5248.10009765625
1771879080,5247.7998046875,5249.89990234375,5247.7998046875,5249.0
1771879200,5249.0,5249.5,5248.10009765625,5249.0
1771879320,5248.89990234375,5249.0,5247.39990234375,5248.60009765625
1771879440,5248.39990234375,5248.7001953125,5246.89990234375,5246.89990234375
1771879560,5247.10009765625,5247.2998046875,5244.60009765625,5246.2998046875
1771879680,5246.60009765625,5248.89990234375,5246.39990234375,5248.2998046875
1771879800,5248.5,5249.7998046875,5248.39990234375,5249.10009765625
1771879920,5249.2998046875,5255.89990234375,5249.0,5253.7001953125
1771880040,5254.0,5254.2998046875,5249.89990234375,5250.10009765625
1771880160,5250.39990234375,5254.5,5250.10009765625,5253.7998046875
1771880280,5254.10009765625,5257.2998046875,5253.7998046875,5255.60009765625
1771880400,5255.2001953125,5255.89990234375,5254.0,5255.2001953125
1771880520,5255.5,5256.5,5253.0,5253.2998046875
1771880640,5253.2001953125,5254.2998046875,5252.5,5253.7998046875
1771880760,5253.7001953125,5254.0,5251.10009765625,5253.10009765625
1771880880,5252.60009765625,5255.60009765625,5252.10009765625,5253.7001953125
1771881000,5253.60009765625,5254.2001953125,5253.0,5253.7998046875
1771881120,5254.0,5254.0,5252.7001953125,5253.0
1771881240,5252.10009765625,5252.10009765625,5248.2001953125,5249.10009765625
1771881360,5249.10009765625,5250.60009765625,5248.2001953125,5249.7001953125
1771881480,5249.2998046875,5250.89990234375,5249.10009765625,5250.5
1771881600,5251.10009765625,5251.60009765625,5250.10009765625,5250.5
1771881720,5250.60009765625,5251.10009765625,5250.10009765625,5250.39990234375
1771881840,5250.0,5250.0,5249.39990234375,5250.0
1771881960,5249.60009765625,5251.2998046875,5249.0,5249.39990234375
1771882080,5249.0,5250.0,5248.60009765625,5249.39990234375
1771882200,5249.0,5249.0,5245.89990234375,5247.39990234375
1771882320,5247.39990234375,5249.89990234375,5247.39990234375,5249.89990234375
1771882440,5249.2998046875,5251.2998046875,5248.5,5251.2998046875
1771882560,5251.39990234375,5252.2998046875,5250.7998046875,5251.89990234375
1771882680,5251.5,5251.5,5249.2001953125,5249.5
1771882800,5249.2998046875,5250.0,5248.7001953125,5249.89990234375
1771882920,5249.7998046875,5249.89990234375,5248.0,5249.0
1771883040,5249.39990234375,5249.39990234375,5247.0,5247.0
1771883160,5247.39990234375,5249.2001953125,5246.39990234375,5247.60009765625
1771883280,5247.7001953125,5251.0,5247.60009765625,5251.0
1771883400,5250.60009765625,5250.60009765625,5247.5,5248.39990234375
1771883520,5247.89990234375,5249.60009765625,5247.5,5249.60009765625
1771883640,5249.2001953125,5250.7998046875,5248.2001953125,5249.60009765625
1771883760,5249.60009765625,5249.60009765625,5246.7998046875,5247.5
1771883880,5247.39990234375,5248.39990234375,5246.2998046875,5247.89990234375
1771887600,5247.5,5254.5,5241.0,5253.60009765625
1771887720,5254.2998046875,5263.5,5254.2998046875,5263.5
1771887840,5263.89990234375,5267.5,5259.7998046875,5259.7998046875
1771887960,5259.5,5264.39990234375,5254.5,5259.10009765625
1771888080,5259.0,5261.39990234375,5256.89990234375,5260.10009765625
1771888200,5261.2001953125,5269.39990234375,5260.2998046875,5266.2001953125
1771888320,5264.89990234375,5265.60009765625,5259.0,5262.89990234375
1771888440,5262.5,5268.7998046875,5259.7998046875,5267.2001953125
1771888560,5266.89990234375,5269.2998046875,5264.60009765625,5265.2998046875
1771888680,5265.2001953125,5266.89990234375,5263.0,5265.2998046875
1771888800,5266.89990234375,5267.7998046875,5263.0,5266.0
1771888920,5266.0,5266.0,5259.5,5259.89990234375
1771889040,5259.7998046875,5262.5,5256.0,5260.7001953125
1771889160,5260.10009765625,5260.10009765625,5254.7001953125,5256.7001953125
1771889280,5258.2998046875,5259.0,5253.2998046875,5255.2998046875
1771889400,5256.89990234375,5262.2998046875,5256.89990234375,5262.2998046875
1771889520,5260.7001953125,5264.2998046875,5259.2001953125,5264.0
1771889640,5264.0,5266.60009765625,5260.0,5260.2001953125
1771889760,5260.0,5262.0,5257.60009765625,5260.5
1771889880,5260.5,5261.2001953125,5259.10009765625,5260.0
1771890000,5260.2001953125,5260.2001953125,5256.39990234375,5257.2001953125
1771890120,5257.89990234375,5260.7998046875,5257.89990234375,5259.60009765625
1771890240,5260.5,5261.89990234375,5258.2998046875,5260.0
1771890360,5258.60009765625,5260.60009765625,5258.0,5260.60009765625
1771890480,5260.5,5261.60009765625,5259.7001953125,5260.39990234375
1771890600,5260.5,5261.0,5256.0,5257.7001953125
1771890720,5256.2001953125,5258.0,5253.7001953125,5256.5
1771890840,5255.7001953125,5258.39990234375,5253.60009765625,5257.2998046875
1771890960,5257.2001953125,5257.89990234375,5256.39990234375,5256.7998046875
1771891080,5256.39990234375,5256.7998046875,5254.39990234375,5254.5
1771891200,5254.10009765625,5254.10009765625,5236.89990234375,5238.0
1771891320,5238.89990234375,5243.7998046875,5236.7998046875,5238.39990234375
1771891440,5238.10009765625,5251.39990234375,5237.7001953125,5245.0
1771891560,5245.2001953125,5252.60009765625,5245.2001953125,5249.2001953125
1771891680,5249.10009765625,5251.5,5243.39990234375,5246.5
1771891800,5247.2001953125,5250.5,5245.89990234375,5249.60009765625
1771891920,5250.0,5251.2998046875,5245.39990234375,5250.0
1771892040,5249.60009765625,5250.89990234375,5247.10009765625,5249.7998046875
1771892160,5249.7998046875,5253.60009765625,5248.7998046875,5253.60009765625
1771892280,5253.7001953125,5254.60009765625,5250.39990234375,5251.0
1771892400,5251.60009765625,5257.39990234375,5250.7998046875,5256.2001953125
1771892520,5255.7001953125,5256.89990234375,5250.0,5250.60009765625
1771892640,5250.10009765625,5255.7001953125,5249.10009765625,5251.10009765625
1771892760,5250.7998046875,5252.7001953125,5247.10009765625,5248.60009765625
1771892880,5248.0,5248.89990234375,5243.7001953125,5246.7001953125
1771893000,5247.0,5250.2998046875,5244.7998046875,5249.0
1771893120,5249.2998046875,5250.60009765625,5248.0,5248.2998046875
1771893240,5248.5,5248.7001953125,5245.39990234375,5245.39990234375
1771893360,5245.60009765625,5252.0,5245.60009765625,5248.0
1771893480,5247.7998046875,5247.7998046875,5243.60009765625,5246.89990234375
1771893600,5247.10009765625,5248.7998046875,5245.39990234375,5246.7001953125
1771893720,5246.89990234375,5247.10009765625,5245.89990234375,5247.0
1771893840,5248.39990234375,5250.5,5248.0,5248.7998046875
1771893960,5248.60009765625,5249.7998046875,5248.0,5249.7998046875
1771894080,5250.0,5251.2998046875,5248.10009765625,5249.2998046875
1771894200,5249.60009765625,5251.5,5248.10009765625,5249.2998046875
1771894320,5248.39990234375,5248.39990234375,5246.10009765625,5246.2998046875
1771894440,5247.0,5247.0,5240.0,5240.5
1771894560,5240.5,5244.60009765625,5239.89990234375,5241.2001953125
1771894680,5241.39990234375,5245.0,5239.2001953125,5243.10009765625
1771894800,5243.0,5243.0,5219.60009765625,5231.2998046875
1771894920,5232.0,5234.2998046875,5222.0,5225.7001953125
1771895040,5225.89990234375,5232.2001953125,5218.10009765625,5228.5
1771895160,5228.5,5228.7998046875,5214.2001953125,5221.0
1771895280,5221.89990234375,5227.0,5219.0,5226.0
1771895400,5227.0,5230.10009765625,5216.2001953125,5217.0
1771895520,5217.0,5219.10009765625,5202.5,5203.39990234375
1771895640,5204.60009765625,5208.2001953125,5175.2001953125,5177.39990234375
1771895760,5177.7001953125,5184.60009765625,5164.10009765625,5181.60009765625
1771895880,5181.60009765625,5187.2998046875,5179.10009765625,5179.10009765625
1771896000,5180.2998046875,5189.7001953125,5176.2001953125,5186.60009765625
1771896120,5186.5,5192.2001953125,5177.10009765625,5181.39990234375
1771896240,5181.89990234375,5183.2001953125,5168.0,5169.0
1771896360,5168.89990234375,5184.89990234375,5168.0,5184.39990234375
1771896480,5184.39990234375,5186.0,5176.60009765625,5184.2998046875
1771896600,5184.7001953125,5188.2998046875,5180.39990234375,5185.7998046875
1771896720,5186.39990234375,5193.60009765625,5186.10009765625,5191.10009765625
1771896840,5190.0,5193.0,5184.2001953125,5186.2998046875
1771896960,5185.39990234375,5195.5,5185.2998046875,5194.2001953125
1771897080,5193.2001953125,5196.0,5181.5,5183.2001953125
1771897200,5184.89990234375,5189.89990234375,5182.7001953125,5187.89990234375
1771897320,5189.5,5196.0,5189.2998046875,5193.60009765625
1771897440,5195.0,5198.0,5191.7001953125,5197.0
1771897560,5196.60009765625,5198.5,5194.7001953125,5196.7001953125
1771897680,5195.60009765625,5198.0,5193.2001953125,5197.5
1771897800,5198.0,5199.0,5191.7998046875,5194.89990234375
1771897920,5194.89990234375,5195.7998046875,5185.39990234375,5187.7998046875
1771898040,5187.2001953125,5188.7998046875,5183.2001953125,5185.2001953125
1771898160,5186.10009765625,5193.5,5186.10009765625,5189.60009765625
1771898280,5188.7001953125,5196.60009765625,5187.39990234375,5196.60009765625
1771898400,5197.0,5200.7001953125,5195.10009765625,5198.7001953125
1771898520,5199.2001953125,5199.5,5195.0,5195.0
1771898640,5193.39990234375,5195.7001953125,5190.5,5194.0
1771898760,5194.5,5196.2998046875,5189.5,5190.2001953125
1771898880,5189.60009765625,5192.60009765625,5186.2998046875,5192.60009765625
1771899000,5192.2998046875,5194.39990234375,5186.2001953125,5189.60009765625
1771899120,5189.10009765625,5193.5,5189.10009765625,5192.2001953125
1771899240,5192.7998046875,5194.89990234375,5190.89990234375,5193.2001953125
1771899360,5192.2998046875,5192.39990234375,5184.5,5184.5
1771899480,5186.10009765625,5192.2001953125,5185.39990234375,5192.2001953125
1771899600,5192.2998046875,5193.7998046875,5191.7998046875,5191.7998046875
1771899720,5192.5,5192.5,5187.10009765625,5187.2001953125
1771899840,5187.0,5190.39990234375,5185.89990234375,5188.89990234375
1771899960,5190.2001953125,5192.2998046875,5188.5,5191.2001953125
1771900080,5191.10009765625,5192.39990234375,5190.5,5192.10009765625
1771900200,5192.0,5197.0,5192.0,5196.39990234375
1771900320,5195.7001953125,5202.39990234375,5195.10009765625,5202.39990234375
1771900440,5202.7998046875,5206.0,5200.7001953125,5202.10009765625
1771900560,5201.10009765625,5205.89990234375,5200.7001953125,5204.10009765625
1771900680,5204.10009765625,5207.60009765625,5204.10009765625,5207.10009765625
1771900800,5208.10009765625,5208.5,5204.0,5205.0
1771900920,5206.0,5207.39990234375,5203.5,5206.2001953125
1771901040,5206.39990234375,5207.10009765625,5203.0,5203.7001953125
1771901160,5203.7998046875,5206.5,5203.10009765625,5205.0
1771901280,5206.10009765625,5207.39990234375,5204.5,5206.10009765625
1771901400,5206.10009765625,5209.2998046875,5205.60009765625,5207.0
1771901520,5207.2001953125,5210.89990234375,5204.89990234375,5206.0
1771901640,5205.7001953125,5205.7998046875,5204.10009765625,5205.60009765625
1771901760,5205.5,5206.5,5203.2998046875,5204.7001953125
1771901880,5204.2001953125,5210.60009765625,5204.2001953125,5209.0
1771902000,5209.39990234375,5210.2998046875,5208.2001953125,5209.60009765625
1771902120,5209.0,5209.60009765625,5207.89990234375,5208.10009765625
1771902240,5207.60009765625,5208.39990234375,5206.2001953125,5207.89990234375
1771902360,5208.10009765625,5212.2001953125,5208.10009765625,5209.60009765625
1771902480,5209.0,5209.2998046875,5205.60009765625,5207.7998046875
1771902600,5207.60009765625,5208.2998046875,5206.39990234375,5207.39990234375
1771902720,5206.60009765625,5208.0,5205.39990234375,5207.39990234375
1771902840,5207.39990234375,5209.2998046875,5206.5,5207.7998046875
1771902960,5207.39990234375,5210.10009765625,5207.39990234375,5210.0
1771903080,5209.39990234375,5209.39990234375,5206.5,5207.60009765625
1771903200,5207.7001953125,5209.2998046875,5204.0,5204.2998046875
1771903320,5204.60009765625,5205.2998046875,5202.7001953125,5203.0
1771903440,5203.0,5207.2001953125,5202.60009765625,5202.60009765625
1771903560,5202.5,5204.2998046875,5201.60009765625,5203.5
1771903680,5202.89990234375,5203.2001953125,5201.39990234375,5201.7998046875
1771903800,5202.89990234375,5203.60009765625,5201.10009765625,5201.89990234375
1771903920,5202.7001953125,5204.0,5201.0,5203.7998046875
1771904040,5202.89990234375,5207.5,5202.89990234375,5207.5
1771904160,5207.5,5208.2998046875,5205.2998046875,5206.39990234375
1771904280,5207.10009765625,5207.7998046875,5204.2998046875,5204.2998046875
1771904400,5204.60009765625,5205.60009765625,5202.60009765625,5202.60009765625
1771904520,5202.89990234375,5203.0,5198.2998046875,5198.5
1771904640,5199.2998046875,5199.7998046875,5195.5,5198.89990234375
1771904760,5199.0,5199.0,5195.5,5197.7001953125
1771904880,5197.7001953125,5197.89990234375,5194.0,5196.2001953125
1771905000,5196.2001953125,5197.5,5192.5,5194.10009765625
1771905120,5194.5,5196.5,5194.5,5195.2998046875
1771905240,5196.2001953125,5196.89990234375,5195.2998046875,5196.39990234375
1771905360,5196.0,5196.60009765625,5191.10009765625,5192.60009765625
1771905480,5193.60009765625,5195.2001953125,5190.7001953125,5192.0
1771905600,5191.5,5192.0,5181.0,5184.5
1771905720,5184.7001953125,5187.7001953125,5181.7998046875,5186.7998046875
1771905840,5187.2998046875,5189.0,5181.60009765625,5184.39990234375
1771905960,5183.60009765625,5191.7001953125,5182.89990234375,5190.60009765625
1771906080,5190.0,5190.60009765625,5187.89990234375,5188.89990234375
1771906200,5188.89990234375,5190.5,5188.89990234375,5189.10009765625
1771906320,5188.89990234375,5188.89990234375,5186.89990234375,5187.39990234375
1771906440,5187.5,5191.10009765625,5187.0,5190.2001953125
1771906560,5189.60009765625,5193.60009765625,5189.60009765625,5191.89990234375
1771906680,5191.7998046875,5192.2001953125,5190.60009765625,5190.7001953125
1771906800,5191.7001953125,5192.10009765625,5191.5,5191.5
1771906920,5191.7998046875,5195.2998046875,5190.5,5190.5
1771907040,5190.5,5192.7998046875,5190.2998046875,5191.89990234375
1771907160,5191.7001953125,5192.7001953125,5189.2998046875,5190.2998046875
1771907280,5190.89990234375,5193.60009765625,5190.2998046875,5191.7998046875
1771907400,5192.89990234375,5192.89990234375,5188.5,5189.0
1771907520,5189.5,5189.5,5186.60009765625,5187.89990234375
1771907640,5188.60009765625,5188.7001953125,5186.60009765625,5186.60009765625
1771907760,5186.60009765625,5187.89990234375,5185.60009765625,5185.7998046875
1771907880,5185.5,5188.60009765625,5185.5,5188.60009765625
1771908000,5189.10009765625,5191.2998046875,5188.89990234375,5189.2998046875
1771908120,5190.39990234375,5192.0,5185.2998046875,5186.7001953125
1771908240,5185.60009765625,5188.39990234375,5183.0,5185.60009765625
1771908360,5187.0,5189.89990234375,5185.60009765625,5188.60009765625
1771908480,5188.89990234375,5191.0,5188.7998046875,5190.7998046875
1771908600,5190.0,5190.60009765625,5189.10009765625,5190.39990234375
1771908720,5189.39990234375,5189.89990234375,5187.5,5188.60009765625
1771908840,5188.2001953125,5189.10009765625,5188.10009765625,5189.0
1771908960,5188.5,5189.2998046875,5187.7998046875,5188.60009765625
1771909080,5188.0,5188.60009765625,5187.7998046875,5188.39990234375
1771909200,5188.10009765625,5188.2998046875,5183.7001953125,5186.7001953125
1771909320,5186.5,5190.60009765625,5186.10009765625,5190.39990234375
1771909440,5190.5,5192.2001953125,5187.10009765625,5191.5
1771909560,5191.39990234375,5191.7998046875,5188.7998046875,5190.7001953125
1771909680,5190.7001953125,5191.0,5189.7001953125,5190.7001953125
1771909800,5190.89990234375,5191.39990234375,5189.0,5190.5
1771909920,5190.2001953125,5194.39990234375,5189.5,5192.60009765625
1771910040,5192.60009765625,5194.2001953125,5189.89990234375,5191.39990234375
1771910160,5191.60009765625,5193.7998046875,5191.60009765625,5192.39990234375
1771910280,5192.39990234375,5193.5,5191.2998046875,5191.7998046875
1771910400,5191.89990234375,5195.39990234375,5191.89990234375,5194.2998046875
1771910520,5194.2001953125,5194.2998046875,5192.2001953125,5193.7001953125
1771910640,5193.89990234375,5194.2998046875,5191.60009765625,5192.5
1771910760,5192.2998046875,5192.7998046875,5188.0,5188.0
1771910880,5188.0,5189.2998046875,5186.2998046875,5187.10009765625
1771911000,5187.5,5190.60009765625,5184.10009765625,5188.7998046875
1771911120,5189.89990234375,5192.0,5187.7001953125,5190.10009765625
1771911240,5190.5,5194.60009765625,5189.2998046875,5190.5
1771911360,5190.89990234375,5191.10009765625,5188.0,5188.60009765625
1771911480,5188.0,5191.2001953125,5188.0,5191.0
1771911600,5191.2998046875,5192.7001953125,5189.89990234375,5191.5
1771911720,5191.39990234375,5194.10009765625,5191.0,5193.0
1771911840,5192.39990234375,5194.7998046875,5192.10009765625,5194.60009765625
1771911960,5193.7998046875,5194.7998046875,5193.2998046875,5193.2998046875
1771912080,5193.89990234375,5197.5,5193.5,5195.2998046875
1771912200,5194.0,5198.2998046875,5193.39990234375,5198.2998046875
1771912320,5198.2998046875,5199.2001953125,5196.60009765625,5198.39990234375
1771912440,5198.5,5201.5,5198.2998046875,5200.0
1771912560,5199.60009765625,5205.60009765625,5199.60009765625,5204.2001953125
1771912680,5204.10009765625,5204.10009765625,5201.2001953125,5203.0
1771912800,5203.2001953125,5203.2001953125,5198.2998046875,5199.2001953125
1771912920,5198.7998046875,5200.5,5197.2001953125,5198.2001953125
1771913040,5198.5,5201.0,5197.7998046875,5201.0
1771913160,5201.0,5204.5,5200.7001953125,5203.5
1771913280,5203.2001953125,5203.5,5201.5,5202.5
1771913400,5203.0,5204.7998046875,5201.7998046875,5202.39990234375
1771913520,5202.39990234375,5203.7001953125,5202.0,5202.0
1771913640,5202.2998046875,5203.60009765625,5201.0,5203.10009765625
1771913760,5202.7001953125,5203.2001953125,5201.0,5202.5
1771913880,5201.2001953125,5201.7001953125,5200.0,5200.89990234375
1771914000,5200.60009765625,5200.7998046875,5195.2998046875,5195.2998046875
1771914120,5195.89990234375,5198.60009765625,5195.89990234375,5197.5
1771914240,5197.39990234375,5198.10009765625,5194.5,5196.89990234375
1771914360,5196.2001953125,5197.39990234375,5193.89990234375,5193.89990234375
1771914480,5193.89990234375,5195.7001953125,5186.7998046875,5188.7998046875
1771914600,5188.39990234375,5192.2998046875,5187.2001953125,5190.7998046875
1771914720,5190.7001953125,5191.0,5186.60009765625,5188.10009765625
1771914840,5188.10009765625,5188.10009765625,5173.60009765625,5179.89990234375
1771914960,5180.60009765625,5184.7998046875,5176.0,5184.7998046875
1771915080,5184.2001953125,5193.2998046875,5183.7001953125,5193.10009765625
1771915200,5192.89990234375,5193.2001953125,5188.0,5188.89990234375
1771915320,5189.2998046875,5191.0,5188.7001953125,5190.39990234375
1771915440,5190.39990234375,5192.2001953125,5189.0,5192.10009765625
1771915560,5192.10009765625,5192.2001953125,5189.2998046875,5189.60009765625
1771915680,5190.2998046875,5194.2998046875,5190.2998046875,5193.0
1771915800,5192.7998046875,5193.10009765625,5189.89990234375,5189.89990234375
1771915920,5189.89990234375,5192.5,5188.0,5190.10009765625
1771916040,5190.10009765625,5191.10009765625,5188.2998046875,5189.60009765625
1771916160,5189.60009765625,5193.2001953125,5189.60009765625,5193.2001953125
1771916280,5192.5,5195.2001953125,5192.2998046875,5193.60009765625
1771916400,5193.0,5193.5,5189.0,5190.0
1771916520,5190.0,5190.60009765625,5188.60009765625,5190.39990234375
1771916640,5190.0,5192.60009765625,5186.39990234375,5187.2001953125
1771916760,5186.7998046875,5192.7001953125,5184.60009765625,5192.10009765625
1771916880,5192.10009765625,5192.7998046875,5186.2001953125,5186.2001953125
1771917000,5186.5,5188.89990234375,5185.0,5187.39990234375
1771917120,5187.39990234375,5189.7001953125,5183.60009765625,5189.7001953125
1771917240,5188.7998046875,5195.10009765625,5188.7998046875,5195.10009765625
1771917360,5195.2001953125,5196.0,5192.89990234375,5195.89990234375
1771917480,5195.7998046875,5198.60009765625,5195.10009765625,5198.60009765625
1771917600,5198.2998046875,5199.0,5192.7001953125,5193.60009765625
1771917720,5193.10009765625,5196.2998046875,5188.89990234375,5195.60009765625
1771917840,5195.5,5195.7001953125,5191.60009765625,5194.2998046875
1771917960,5194.2001953125,5199.0,5193.39990234375,5198.2998046875
1771918080,5198.2998046875,5203.0,5197.7998046875,5202.39990234375
1771918200,5202.10009765625,5203.60009765625,5197.2998046875,5197.60009765625
1771918320,5196.7001953125,5198.89990234375,5193.89990234375,5198.7998046875
1771918440,5198.60009765625,5201.2998046875,5198.2998046875,5201.2998046875
1771918560,5201.5,5202.2001953125,5198.2001953125,5199.60009765625
1771918680,5200.0,5201.39990234375,5196.5,5198.0
1771918800,5197.5,5198.7998046875,5196.89990234375,5198.7998046875
1771918920,5199.2998046875,5200.7998046875,5199.0,5200.2998046875
1771919040,5200.39990234375,5203.5,5196.10009765625,5196.10009765625
1771919160,5195.89990234375,5196.7998046875,5194.2001953125,5195.39990234375
1771919280,5195.39990234375,5198.5,5195.39990234375,5196.2001953125
1771919400,5196.5,5199.0,5196.2998046875,5198.39990234375
1771919520,5198.89990234375,5200.7998046875,5198.39990234375,5199.7998046875
1771919640,5199.60009765625,5200.7998046875,5199.5,5200.7998046875
1771919760,5200.5,5201.10009765625,5198.39990234375,5201.10009765625
1771919880,5201.0,5202.39990234375,5197.39990234375,5198.7001953125
1771920000,5198.60009765625,5199.0,5194.7998046875,5195.60009765625
1771920120,5195.2998046875,5196.2998046875,5194.0,5194.5
1771920240,5194.39990234375,5195.0,5190.2001953125,5192.7998046875
1771920360,5192.2001953125,5192.89990234375,5189.39990234375,5190.2998046875
1771920480,5189.7998046875,5194.7001953125,5189.5,5194.7001953125
1771920600,5194.89990234375,5195.10009765625,5191.10009765625,5191.60009765625
1771920720,5191.10009765625,5192.0,5188.89990234375,5191.39990234375
1771920840,5191.0,5193.39990234375,5189.39990234375,5190.60009765625
1771920960,5189.7998046875,5193.0,5187.2001953125,5188.10009765625
1771921080,5188.39990234375,5188.39990234375,5184.89990234375,5187.7998046875
1771921200,5188.0,5188.0,5184.60009765625,5185.2998046875
1771921320,5184.89990234375,5188.10009765625,5184.5,5187.89990234375
1771921440,5188.5,5193.0,5188.5,5191.39990234375
1771921560,5191.2998046875,5193.0,5191.10009765625,5192.0
1771921680,5192.10009765625,5193.7998046875,5189.2998046875,5189.89990234375
1771921800,5189.39990234375,5195.0,5189.0,5193.5
1771921920,5193.39990234375,5197.89990234375,5192.5,5197.89990234375
1771922040,5197.5,5200.7998046875,5197.39990234375,5198.7998046875
1771922160,5199.10009765625,5200.0,5197.0,5198.2001953125
1771922280,5198.5,5201.60009765625,5197.7998046875,5198.2998046875
1771922400,5198.7001953125,5199.60009765625,5194.10009765625,5194.7001953125
1771922520,5194.7998046875,5195.5,5194.0,5194.89990234375
1771922640,5195.7001953125,5195.7998046875,5190.0,5191.0
1771922760,5190.7998046875,5193.2001953125,5188.7001953125,5191.89990234375
1771922880,5192.2998046875,5194.60009765625,5191.10009765625,5191.60009765625
1771923000,5191.2998046875,5193.60009765625,5190.2998046875,5190.5
1771923120,5190.7001953125,5191.7998046875,5189.2998046875,5190.2998046875
1771923240,5190.60009765625,5192.5,5189.7998046875,5192.5
1771923360,5192.7998046875,5195.5,5192.7998046875,5195.10009765625
1771923480,5195.39990234375,5196.0,5192.0,5193.0
1771923600,5192.2998046875,5195.10009765625,5191.5,5195.10009765625
1771923720,5195.39990234375,5195.5,5194.0,5194.7998046875
1771923840,5195.10009765625,5197.89990234375,5194.5,5196.39990234375
1771923960,5196.2998046875,5199.39990234375,5194.7001953125,5199.39990234375
1771924080,5199.0,5199.2001953125,5195.5,5196.89990234375
1771924200,5196.2998046875,5196.2998046875,5192.39990234375,5193.10009765625
1771924320,5193.0,5194.39990234375,5191.7001953125,5192.2998046875
1771924440,5191.7998046875,5192.0,5190.0,5191.7001953125
1771924560,5191.0,5194.0,5190.7001953125,5190.7001953125
1771924680,5190.7998046875,5193.0,5190.7998046875,5191.5
1771924800,5191.5,5193.10009765625,5190.5,5192.10009765625
1771924920,5192.10009765625,5192.7001953125,5189.89990234375,5190.10009765625
1771925040,5189.7001953125,5190.39990234375,5187.7998046875,5189.7001953125
1771925160,5190.0,5191.89990234375,5189.39990234375,5189.39990234375
1771925280,5189.5,5189.7998046875,5187.0,5187.7001953125
1771925400,5187.89990234375,5190.0,5187.5,5189.2998046875
1771925520,5189.10009765625,5192.60009765625,5188.7001953125,5192.2998046875
1771925640,5192.39990234375,5192.89990234375,5185.60009765625,5186.39990234375
1771925760,5186.10009765625,5189.39990234375,5185.39990234375,5187.39990234375
1771925880,5187.10009765625,5190.0,5187.0,5189.60009765625
1771926000,5189.39990234375,5191.2998046875,5188.7998046875,5191.2001953125
1771926120,5191.10009765625,5191.7998046875,5188.2998046875,5190.2998046875
1771926240,5189.7001953125,5189.7001953125,5186.89990234375,5186.89990234375
1771926360,5186.5,5187.89990234375,5186.39990234375,5187.89990234375
1771926480,5188.10009765625,5189.7998046875,5188.10009765625,5189.0
1771926600,5189.5,5190.5,5188.89990234375,5190.5
1771926720,5190.10009765625,5190.7998046875,5189.5,5189.7998046875
1771926840,5190.2998046875,5191.60009765625,5189.10009765625,5190.2001953125
1771926960,5191.10009765625,5192.10009765625,5190.60009765625,5191.7001953125
1771927080,5191.7998046875,5192.10009765625,5190.7001953125,5190.7001953125
1771927200,5190.2001953125,5192.5,5190.2001953125,5192.2001953125
1771927320,5192.60009765625,5194.89990234375,5192.60009765625,5193.5
1771927440,5193.7998046875,5195.0,5193.60009765625,5194.0
1771927560,5193.5,5193.5,5192.0,5192.7998046875
1771927680,5192.5,5192.89990234375,5191.5,5192.7001953125
1771927800,5191.89990234375,5193.2001953125,5191.89990234375,5193.0
1771927920,5192.10009765625,5193.89990234375,5192.0,5193.89990234375
1771928040,5193.60009765625,5194.2001953125,5191.60009765625,5191.60009765625
1771928160,5191.89990234375,5193.2001953125,5191.2998046875,5193.2001953125
1771928280,5194.0,5194.60009765625,5192.5,5192.89990234375
1771928400,5193.2001953125,5194.2001953125,5193.10009765625,5194.2001953125
1771928520,5194.10009765625,5201.0,5193.39990234375,5197.7001953125
1771928640,5198.10009765625,5200.10009765625,5196.7001953125,5198.89990234375
1771928760,5198.7998046875,5199.7001953125,5196.5,5197.2001953125
1771928880,5196.7001953125,5196.7001953125,5194.7001953125,5194.7001953125
1771929000,5195.2998046875,5196.0,5187.0,5187.7998046875
1771929120,5187.7998046875,5188.7998046875,5185.2001953125,5186.5
1771929240,5186.5,5188.10009765625,5184.5,5186.2001953125
1771929360,5186.7001953125,5188.0,5182.2998046875,5187.2001953125
1771929480,5187.5,5191.2001953125,5184.2998046875,5186.0
1771929600,5185.7001953125,5188.2998046875,5184.60009765625,5187.7998046875
1771929720,5187.2998046875,5190.89990234375,5186.7001953125,5189.5
1771929840,5189.39990234375,5190.39990234375,5188.7001953125,5189.2998046875
1771929960,5190.2001953125,5190.5,5188.2998046875,5188.7001953125
1771930080,5188.5,5190.0,5188.0,5189.2998046875
1771930200,5189.5,5189.7001953125,5188.2001953125,5189.10009765625
1771930320,5189.2998046875,5192.2998046875,5189.10009765625,5192.2998046875
1771930440,5191.7998046875,5192.5,5190.7001953125,5191.7998046875
1771930560,5192.2998046875,5193.7998046875,5190.7998046875,5192.60009765625
1771930680,5192.60009765625,5192.60009765625,5191.0,5192.2998046875
1771930800,5192.2998046875,5194.2001953125,5192.2998046875,5192.7998046875
1771930920,5192.39990234375,5194.5,5192.0,5194.2001953125
1771931040,5193.89990234375,5196.10009765625,5193.89990234375,5195.2998046875
1771931160,5195.2998046875,5195.5,5192.7001953125,5193.10009765625
1771931280,5192.10009765625,5192.89990234375,5191.7001953125,5192.89990234375
1771931400,5193.0,5196.5,5192.60009765625,5195.10009765625
1771931520,5195.2001953125,5196.39990234375,5195.2001953125,5195.7001953125
1771931640,5196.10009765625,5196.60009765625,5195.2998046875,5195.39990234375
1771931760,5194.89990234375,5195.10009765625,5192.60009765625,5193.7001953125
1771931880,5193.7998046875,5194.60009765625,5193.0,5193.5
1771932000,5193.2998046875,5193.7001953125,5191.60009765625,5191.60009765625
1771932120,5191.5,5192.2001953125,5190.60009765625,5191.2998046875
1771932240,5190.89990234375,5192.5,5190.89990234375,5192.5
1771932360,5192.5,5194.5,5192.5,5193.39990234375
1771932480,5193.89990234375,5194.7001953125,5193.10009765625,5194.2001953125
1771932600,5194.2001953125,5194.2001953125,5193.5,5193.7998046875
1771932720,5193.5,5193.89990234375,5193.0,5193.5
1771932840,5193.2001953125,5193.5,5192.5,5193.0
1771932960,5192.60009765625,5193.89990234375,5192.60009765625,5193.5
1771933080,5193.0,5195.89990234375,5192.7998046875,5195.89990234375
1771933200,5196.0,5197.2001953125,5195.39990234375,5195.7998046875
1771933320,5196.2001953125,5196.39990234375,5195.0,5196.2001953125
1771933440,5196.2001953125,5198.0,5196.2001953125,5196.2998046875
1771933560,5196.7001953125,5197.0,5192.2001953125,5193.7998046875
1771933680,5193.7998046875,5194.2001953125,5191.7998046875,5193.0
1771933800,5193.39990234375,5194.7998046875,5191.39990234375,5192.39990234375
1771933920,5193.2001953125,5194.10009765625,5192.39990234375,5193.2998046875
1771934040,5193.7998046875,5195.2998046875,5193.0,5194.7001953125
1771934160,5195.0,5196.0,5194.10009765625,5194.2998046875
1771934280,5193.89990234375,5194.60009765625,5191.7001953125,5191.89990234375
1771934400,5192.10009765625,5192.5,5188.60009765625,5189.2998046875
1771934520,5189.2001953125,5190.2998046875,5188.7001953125,5189.2001953125
1771934640,5189.0,5190.5,5187.2998046875,5190.5
1771934760,5190.5,5191.89990234375,5189.7998046875,5191.5
1771934880,5191.39990234375,5191.89990234375,5189.5,5189.60009765625
1771935000,5190.2001953125,5190.2001953125,5185.2998046875,5186.60009765625
1771935120,5186.7001953125,5187.7998046875,5183.7998046875,5186.2001953125
1771935240,5186.2998046875,5187.7998046875,5185.89990234375,5186.0
1771935360,5186.10009765625,5186.7001953125,5175.0,5177.7998046875
1771935480,5177.7001953125,5177.7001953125,5165.0,5170.10009765625
1771935600,5169.60009765625,5177.2001953125,5169.2001953125,5177.2001953125
1771935720,5177.39990234375,5179.2001953125,5176.0,5177.10009765625
1771935840,5177.89990234375,5181.10009765625,5175.89990234375,5176.5
1771935960,5176.7998046875,5180.7001953125,5175.89990234375,5179.2998046875
1771936080,5179.39990234375,5182.0,5178.60009765625,5180.2998046875
1771936200,5180.5,5183.5,5179.0,5180.10009765625
1771936320,5181.5,5181.60009765625,5175.5,5178.60009765625
1771936440,5178.60009765625,5178.7998046875,5174.5,5175.60009765625
1771936560,5175.7998046875,5176.0,5172.2001953125,5172.7998046875
1771936680,5172.7998046875,5175.89990234375,5172.2998046875,5174.5
1771936800,5175.39990234375,5178.0,5172.60009765625,5177.0
1771936920,5177.60009765625,5177.7998046875,5174.39990234375,5174.5
1771937040,5175.10009765625,5177.5,5174.2998046875,5175.0
1771937160,5175.2001953125,5176.10009765625,5174.0,5175.7998046875
1771937280,5175.7001953125,5176.2998046875,5172.5,5172.60009765625
1771937400,5173.10009765625,5173.60009765625,5168.7998046875,5171.10009765625
1771937520,5171.0,5173.10009765625,5168.5,5169.2998046875
1771937640,5169.7998046875,5172.39990234375,5162.2001953125,5171.0
1771937760,5170.5,5172.7998046875,5167.7001953125,5170.5
1771937880,5169.7001953125,5172.2001953125,5168.7998046875,5168.7998046875
1771938000,5169.2001953125,5179.2001953125,5169.2001953125,5176.2998046875
1771938120,5175.7001953125,5177.60009765625,5170.60009765625,5171.2001953125
1771938240,5171.2001953125,5175.0,5170.10009765625,5171.89990234375
1771938360,5171.7001953125,5174.5,5171.39990234375,5173.89990234375
1771938480,5174.0,5177.7001953125,5173.5,5177.2998046875
1771938600,5177.10009765625,5180.10009765625,5176.0,5176.5
1771938720,5176.2998046875,5177.10009765625,5175.2998046875,5176.5
1771938840,5176.60009765625,5178.89990234375,5173.39990234375,5174.5
1771938960,5173.7998046875,5175.10009765625,5171.7998046875,5172.89990234375
1771939080,5173.2998046875,5176.0,5171.39990234375,5172.0
1771939200,5171.10009765625,5175.2001953125,5170.2001953125,5172.60009765625
1771939320,5173.10009765625,5175.2998046875,5172.39990234375,5173.89990234375
1771939440,5174.2001953125,5177.0,5174.2001953125,5176.10009765625
1771939560,5176.5,5176.89990234375,5173.2001953125,5175.0
1771939680,5174.7001953125,5176.2001953125,5174.2998046875,5174.5
1771939800,5175.2998046875,5177.39990234375,5168.10009765625,5173.0
1771939920,5173.0,5173.7001953125,5170.2001953125,5171.7998046875
1771940040,5171.7001953125,5174.2998046875,5169.10009765625,5170.0
1771940160,5169.7998046875,5171.5,5168.39990234375,5170.0
1771940280,5170.0,5171.5,5151.39990234375,5157.2998046875
1771940400,5157.39990234375,5166.7998046875,5155.2001953125,5166.10009765625
1771940520,5165.7998046875,5167.0,5163.10009765625,5165.89990234375
1771940640,5165.39990234375,5165.39990234375,5158.10009765625,5159.7001953125
1771940760,5159.5,5161.2998046875,5152.60009765625,5154.7001953125
1771940880,5155.0,5155.0,5142.10009765625,5144.89990234375
1771941000,5144.7998046875,5148.2001953125,5138.5,5146.2001953125
1771941120,5146.5,5151.39990234375,5142.2998046875,5150.10009765625
1771941240,5149.89990234375,5152.5,5146.39990234375,5148.7001953125
1771941360,5149.10009765625,5151.7001953125,5140.89990234375,5141.7998046875
1771941480,5142.2998046875,5145.2001953125,5126.89990234375,5132.2998046875
1771941600,5132.0,5141.7998046875,5125.5,5140.7001953125
1771941720,5140.7998046875,5142.2001953125,5134.7998046875,5138.5
1771941840,5138.89990234375,5140.5,5134.5,5135.7998046875
1771941960,5135.60009765625,5145.0,5135.2998046875,5143.7001953125
1771942080,5143.7001953125,5144.7001953125,5137.60009765625,5138.60009765625
1771942200,5138.39990234375,5140.2001953125,5130.89990234375,5131.2998046875
1771942320,5131.5,5131.7998046875,5109.5,5116.10009765625
1771942440,5116.10009765625,5126.5,5115.10009765625,5124.0
1771942560,5124.39990234375,5126.60009765625,5118.0,5121.5
1771942680,5121.60009765625,5123.7998046875,5117.7998046875,5119.2001953125
1771942800,5119.7998046875,5132.89990234375,5119.2998046875,5132.5
1771942920,5132.5,5135.7001953125,5131.5,5135.2998046875
1771943040,5134.7998046875,5137.7001953125,5133.5,5135.7998046875
1771943160,5136.10009765625,5136.10009765625,5131.2001953125,5132.7001953125
1771943280,5132.7998046875,5133.7998046875,5128.7998046875,5132.89990234375
1771943400,5132.39990234375,5142.7998046875,5128.2001953125,5130.39990234375
1771943520,5130.7001953125,5140.10009765625,5127.39990234375,5137.5
1771943640,5137.39990234375,5139.10009765625,5132.5,5137.89990234375
1771943760,5137.89990234375,5146.0,5136.7001953125,5143.2001953125
1771943880,5142.7001953125,5152.7001953125,5142.7001953125,5151.7001953125
1771944000,5151.89990234375,5153.5,5146.39990234375,5152.0
1771944120,5152.7001953125,5154.7001953125,5150.10009765625,5154.10009765625
1771944240,5154.10009765625,5157.0,5152.2998046875,5155.7001953125
1771944360,5155.2001953125,5156.7998046875,5145.7998046875,5145.89990234375
1771944480,5145.7001953125,5151.2001953125,5145.60009765625,5150.60009765625
1771944600,5150.7998046875,5152.2998046875,5148.0,5150.7001953125
1771944720,5150.89990234375,5156.7998046875,5147.5,5148.2001953125
1771944840,5148.2998046875,5150.39990234375,5144.2001953125,5148.60009765625
1771944960,5147.7998046875,5150.39990234375,5144.89990234375,5145.39990234375
1771945080,5144.7998046875,5147.89990234375,5144.7001953125,5145.5
1771945200,5147.7001953125,5148.2001953125,5137.5,5142.2001953125
1771945320,5142.89990234375,5143.5,5135.2001953125,5140.39990234375
1771945440,5140.2998046875,5150.39990234375,5138.89990234375,5148.7001953125
1771945560,5148.7998046875,5154.2998046875,5147.60009765625,5153.2998046875
1771945680,5153.60009765625,5155.39990234375,5149.10009765625,5154.0
1771945800,5154.10009765625,5154.2998046875,5150.10009765625,5153.5
1771945920,5153.89990234375,5155.7998046875,5151.2998046875,5153.7998046875
1771946040,5154.10009765625,5156.0,5152.89990234375,5153.10009765625
1771946160,5153.2998046875,5158.89990234375,5153.2998046875,5158.39990234375
1771946280,5158.39990234375,5159.2001953125,5156.0,5158.10009765625
1771946400,5158.2998046875,5160.7001953125,5156.2001953125,5158.2001953125
1771946520,5158.2998046875,5162.39990234375,5155.60009765625,5161.5
1771946640,5161.10009765625,5164.7001953125,5159.7001953125,5164.0
1771946760,5164.10009765625,5164.5,5158.60009765625,5161.7001953125
1771946880,5161.39990234375,5162.39990234375,5155.7998046875,5156.39990234375
1771947000,5156.10009765625,5159.0,5152.2001953125,5154.5
1771947120,5154.5,5157.0,5153.0,5154.89990234375
1771947240,5155.5,5160.89990234375,5155.5,5160.10009765625
1771947360,5160.2998046875,5163.0,5158.5,5162.39990234375
1771947480,5162.7001953125,5165.39990234375,5161.10009765625,5162.5
1771947600,5163.0,5165.60009765625,5162.7998046875,5165.0
1771947720,5165.39990234375,5168.0,5164.60009765625,5167.39990234375
1771947840,5167.0,5173.39990234375,5166.7001953125,5173.10009765625
1771947960,5173.10009765625,5173.2998046875,5170.60009765625,5171.2001953125
1771948080,5171.0,5171.7998046875,5169.60009765625,5170.39990234375
1771948200,5170.5,5170.5,5163.2998046875,5164.7998046875
1771948320,5164.60009765625,5166.2998046875,5164.2001953125,5165.5
1771948440,5165.7001953125,5167.2998046875,5163.5,5167.2998046875
1771948560,5167.60009765625,5169.2001953125,5166.2998046875,5168.39990234375
1771948680,5168.0,5169.5,5166.7998046875,5168.2001953125
1771948800,5168.5,5169.60009765625,5167.2998046875,5169.2998046875
1771948920,5169.10009765625,5170.7001953125,5166.89990234375,5167.39990234375
1771949040,5167.60009765625,5169.7001953125,5166.2001953125,5167.10009765625
1771949160,5165.7998046875,5166.2001953125,5161.5,5163.10009765625
1771949280,5162.7998046875,5166.0,5159.60009765625,5162.39990234375
1771949400,5162.7998046875,5164.39990234375,5159.60009765625,5162.2998046875
1771949520,5162.89990234375,5166.7998046875,5162.7998046875,5166.5
1771949640,5166.2998046875,5168.89990234375,5165.39990234375,5166.60009765625
1771949760,5166.7001953125,5167.5,5164.5,5166.7998046875
1771949880,5166.89990234375,5169.5,5165.60009765625,5166.2998046875
1771950000,5166.0,5166.0,5160.89990234375,5161.5
1771950120,5161.39990234375,5163.0,5160.89990234375,5161.7001953125
1771950240,5162.0,5162.2001953125,5161.10009765625,5161.2001953125
1771950360,5160.7001953125,5162.10009765625,5159.7001953125,5160.60009765625
1771950480,5161.2001953125,5163.0,5160.39990234375,5162.0
1771950600,5162.10009765625,5162.10009765625,5157.0,5158.60009765625
1771950720,5158.5,5161.5,5153.10009765625,5153.10009765625
1771950840,5153.7998046875,5159.7998046875,5153.7998046875,5158.10009765625
1771950960,5158.5,5164.7001953125,5157.89990234375,5164.10009765625
1771951080,5163.7998046875,5164.89990234375,5162.7001953125,5163.89990234375
1771951200,5163.89990234375,5168.7998046875,5163.89990234375,5167.7001953125
1771951320,5167.7998046875,5167.7998046875,5161.39990234375,5162.2998046875
1771951440,5162.10009765625,5163.7001953125,5158.7001953125,5159.89990234375
1771951560,5159.89990234375,5160.2001953125,5153.2998046875,5156.2998046875
1771951680,5156.10009765625,5156.60009765625,5152.7001953125,5154.2001953125
1771951800,5154.10009765625,5156.7998046875,5147.7998046875,5149.60009765625
1771951920,5149.7998046875,5153.39990234375,5149.39990234375,5152.0
1771952040,5152.2998046875,5158.7998046875,5152.10009765625,5155.89990234375
1771952160,5156.10009765625,5158.39990234375,5155.0,5158.39990234375
1771952280,5158.0,5159.7998046875,5156.7001953125,5159.7001953125
1771952400,5159.7001953125,5164.2998046875,5159.39990234375,5163.7001953125
1771952520,5163.39990234375,5164.89990234375,5162.60009765625,5164.2998046875
1771952640,5164.5,5169.10009765625,5164.2001953125,5168.60009765625
1771952760,5168.7001953125,5170.0,5166.2998046875,5169.2998046875
1771952880,5169.5,5171.0,5167.7998046875,5170.60009765625
1771953000,5170.89990234375,5175.10009765625,5170.10009765625,5175.10009765625
1771953120,5175.2001953125,5175.7001953125,5172.2001953125,5175.0
1771953240,5175.10009765625,5176.0,5173.2998046875,5176.0
1771953360,5175.89990234375,5178.2001953125,5174.7001953125,5177.89990234375
1771953480,5178.2001953125,5179.7001953125,5177.89990234375,5178.60009765625
1771953600,5179.0,5181.5,5177.7998046875,5178.0
1771953720,5178.39990234375,5180.39990234375,5176.89990234375,5179.2001953125
1771953840,5179.2998046875,5179.7001953125,5173.10009765625,5176.0
1771953960,5176.10009765625,5176.7001953125,5174.89990234375,5175.7001953125
1771954080,5175.5,5177.60009765625,5175.5,5176.7998046875
1771954200,5177.0,5177.7001953125,5175.2001953125,5176.60009765625
1771954320,5176.89990234375,5177.2001953125,5174.89990234375,5175.5
1771954440,5175.5,5177.39990234375,5175.39990234375,5177.2001953125
1771954560,5176.89990234375,5177.2998046875,5175.10009765625,5175.7001953125
1771954680,5175.39990234375,5177.39990234375,5175.2998046875,5176.89990234375
1771954800,5177.10009765625,5179.0,5176.7998046875,5178.7001953125
1771954920,5179.2998046875,5179.60009765625,5177.5,5177.89990234375
1771955040,5178.10009765625,5179.5,5177.7998046875,5179.5
1771955160,5179.10009765625,5180.2001953125,5178.2998046875,5178.5
1771955280,5178.89990234375,5178.89990234375,5177.0,5178.5
1771955400,5178.2998046875,5178.60009765625,5175.7001953125,5176.89990234375
1771955520,5176.10009765625,5177.2998046875,5176.0,5176.89990234375
1771955640,5177.2001953125,5178.2998046875,5176.5,5177.2998046875
1771955760,5177.2001953125,5180.5,5176.60009765625,5180.5
1771955880,5180.0,5182.2998046875,5179.2001953125,5182.0
1771956000,5182.10009765625,5184.5,5182.10009765625,5184.2001953125
1771956120,5184.0,5185.7998046875,5184.0,5185.2998046875
1771956240,5185.60009765625,5188.5,5183.7998046875,5186.60009765625
1771956360,5186.7001953125,5187.5,5185.5,5186.2001953125
1771956480,5185.7998046875,5188.0,5185.7998046875,5186.7001953125
1771956600,5186.60009765625,5187.2001953125,5184.7001953125,5185.60009765625
1771956720,5185.7001953125,5186.2998046875,5182.7998046875,5183.0
1771956840,5183.7001953125,5183.7001953125,5182.10009765625,5182.89990234375
1771956960,5183.2001953125,5183.2001953125,5181.0,5182.7001953125
1771957080,5182.5,5183.7998046875,5178.0,5178.5
1771957200,5178.2998046875,5180.39990234375,5177.39990234375,5180.2001953125
1771957320,5180.39990234375,5180.39990234375,5177.89990234375,5178.60009765625
1771957440,5178.2998046875,5178.2998046875,5175.2998046875,5176.39990234375
1771957560,5176.0,5178.60009765625,5174.60009765625,5175.60009765625
1771957680,5175.2001953125,5177.39990234375,5173.7001953125,5176.60009765625
1771957800,5176.7998046875,5179.60009765625,5176.5,5178.89990234375
1771957920,5178.7998046875,5179.5,5175.7001953125,5175.7001953125
1771958040,5175.2998046875,5175.60009765625,5171.2998046875,5174.2998046875
1771958160,5174.0,5176.5,5172.7998046875,5175.89990234375
1771958280,5176.5,5177.5,5175.0,5176.2001953125
1771958400,5176.39990234375,5178.0,5176.2998046875,5177.5
1771958520,5177.5,5178.39990234375,5176.39990234375,5178.10009765625
1771958640,5177.89990234375,5179.2001953125,5177.10009765625,5179.2001953125
1771958760,5179.2001953125,5179.2001953125,5174.39990234375,5175.2001953125
1771958880,5174.2998046875,5177.60009765625,5174.2998046875,5177.60009765625
1771959000,5178.2001953125,5179.10009765625,5177.2001953125,5178.89990234375
1771959120,5179.2001953125,5180.7998046875,5178.39990234375,5178.5
1771959240,5179.39990234375,5180.89990234375,5177.89990234375,5180.60009765625
1771959360,5181.0,5181.39990234375,5179.0,5179.0
1771959480,5178.5,5179.39990234375,5177.2998046875,5178.89990234375
1771959600,5178.0,5178.5,5175.89990234375,5176.2998046875
1771959720,5175.60009765625,5176.39990234375,5173.10009765625,5173.10009765625
1771959840,5173.2998046875,5176.10009765625,5172.60009765625,5174.7001953125
1771959960,5174.7998046875,5175.5,5173.39990234375,5174.2998046875
1771960080,5174.39990234375,5175.0,5170.60009765625,5170.60009765625
1771960200,5171.10009765625,5171.7998046875,5166.7001953125,5170.89990234375
1771960320,5171.0,5172.7001953125,5170.60009765625,5172.7001953125
1771960440,5172.39990234375,5175.39990234375,5172.10009765625,5175.39990234375
1771960560,5174.2998046875,5175.0,5169.60009765625,5169.60009765625
1771960680,5170.39990234375,5170.39990234375,5166.7001953125,5167.10009765625
1771960800,5167.2001953125,5169.2001953125,5165.89990234375,5165.89990234375
1771960920,5165.89990234375,5167.2998046875,5164.5,5165.2998046875
1771961040,5166.0,5167.5,5164.2001953125,5166.7998046875
1771961160,5166.89990234375,5169.5,5166.60009765625,5169.2998046875
1771961280,5169.7001953125,5170.39990234375,5167.7001953125,5169.2001953125
1771961400,5169.7998046875,5170.0,5167.0,5167.7001953125
1771961520,5168.0,5170.39990234375,5167.7998046875,5170.39990234375
1771961640,5170.39990234375,5173.39990234375,5170.39990234375,5172.0
1771961760,5171.7001953125,5173.10009765625,5170.7998046875,5172.5
1771961880,5172.7998046875,5174.89990234375,5172.60009765625,5173.5
1771962000,5173.7998046875,5174.39990234375,5173.0,5173.7001953125
1771962120,5174.0,5175.0,5171.2998046875,5171.2998046875
1771962240,5171.60009765625,5171.60009765625,5169.60009765625,5170.0
1771962360,5170.0,5171.89990234375,5169.60009765625,5171.7998046875
1771962480,5171.5,5172.89990234375,5170.60009765625,5172.2001953125
1771962600,5172.2998046875,5173.5,5171.39990234375,5173.0
1771962720,5173.2998046875,5173.2998046875,5172.39990234375,5173.0
1771962840,5172.7998046875,5172.7998046875,5170.0,5171.7001953125
1771962960,5172.5,5173.2998046875,5170.89990234375,5171.89990234375
1771963080,5171.60009765625,5172.7998046875,5171.5,5171.7998046875
1771963200,5172.10009765625,5173.0,5171.10009765625,5173.0
1771963320,5173.2001953125,5173.7001953125,5169.10009765625,5170.7001953125
1771963440,5170.5,5171.2001953125,5168.2998046875,5168.2998046875
1771963560,5168.5,5169.10009765625,5165.89990234375,5168.0
1771963680,5167.89990234375,5168.7001953125,5166.60009765625,5167.2998046875
1771963800,5167.2001953125,5168.10009765625,5165.7001953125,5165.7998046875
1771963920,5165.5,5166.2001953125,5164.2998046875,5164.2998046875
1771964040,5164.2001953125,5167.5,5164.2001953125,5166.5
1771964160,5166.5,5169.2001953125,5166.10009765625,5169.0
1771964280,5169.7001953125,5173.2998046875,5169.39990234375,5172.60009765625
1771964400,5173.2001953125,5178.39990234375,5172.7001953125,5178.10009765625
1771964520,5177.60009765625,5181.7001953125,5177.0,5181.39990234375
1771964640,5181.5,5183.7998046875,5181.10009765625,5182.10009765625
1771964760,5182.2001953125,5188.2001953125,5182.10009765625,5185.7001953125
1771964880,5185.5,5187.7001953125,5184.2001953125,5186.5
1771965000,5186.7001953125,5186.89990234375,5183.60009765625,5185.60009765625
1771965120,5185.2998046875,5188.7998046875,5185.2001953125,5186.7998046875
1771965240,5186.7998046875,5191.0,5186.5,5190.2998046875
1771965360,5190.2001953125,5190.5,5186.89990234375,5188.2001953125
1771965480,5188.2998046875,5189.0,5186.5,5187.10009765625
1771965600,5187.5,5188.7001953125,5187.0,5188.10009765625
1771965720,5188.2001953125,5191.39990234375,5188.2001953125,5190.2001953125
1771965840,5190.39990234375,5191.39990234375,5189.0,5190.0
1771965960,5190.10009765625,5190.2998046875,5187.60009765625,5187.7998046875
1771966080,5187.89990234375,5188.2001953125,5185.5,5186.2001953125
1771966200,5186.7001953125,5188.5,5182.10009765625,5183.7998046875
1771966320,5184.2001953125,5184.39990234375,5179.60009765625,5179.7998046875
1771966440,5180.0,5182.0,5175.89990234375,5176.39990234375
1771966560,5176.7001953125,5180.7998046875,5176.60009765625,5180.39990234375
1771966680,5180.10009765625,5182.7998046875,5179.10009765625,5181.7998046875
1771966800,5181.89990234375,5183.89990234375,5180.5,5180.5
1771966920,5180.2998046875,5181.7001953125,5178.7001953125,5178.7998046875
1771967040,5179.2001953125,5179.39990234375,5174.39990234375,5175.2998046875
1771967160,5175.2998046875,5177.2001953125,5174.7001953125,5176.89990234375
1771967280,5176.60009765625,5177.2001953125,5175.5,5175.7001953125
1771967400,5176.0,5176.5,5174.7001953125,5175.89990234375
1771967520,5176.7001953125,5178.2998046875,5176.7001953125,5178.2998046875
1771967640,5178.7001953125,5180.7998046875,5178.7001953125,5179.5
1771967760,5179.0,5179.5,5177.7998046875,5178.2998046875
1771967880,5178.2998046875,5179.10009765625,5176.2998046875,5176.7001953125
1771968000,5176.39990234375,5176.7001953125,5174.60009765625,5174.7001953125
1771968120,5175.10009765625,5175.2998046875,5172.5,5173.0
1771968240,5173.0,5173.39990234375,5171.7001953125,5173.2998046875
1771968360,5174.0,5174.0,5173.0,5173.0
1771968480,5173.60009765625,5174.5,5173.39990234375,5173.60009765625
1771968600,5173.7998046875,5173.7998046875,5169.89990234375,5171.5
1771968720,5171.0,5171.0,5166.89990234375,5168.2998046875
1771968840,5168.39990234375,5168.60009765625,5166.60009765625,5167.5
1771968960,5167.89990234375,5167.89990234375,5164.2998046875,5164.60009765625
1771969080,5164.89990234375,5167.89990234375,5164.89990234375,5167.89990234375
1771969200,5167.89990234375,5167.89990234375,5166.39990234375,5166.7998046875
1771969320,5166.7998046875,5168.60009765625,5164.5,5168.0
1771969440,5168.5,5169.7001953125,5166.7998046875,5166.7998046875
1771969560,5166.39990234375,5166.39990234375,5165.10009765625,5166.0
1771969680,5166.5,5168.0,5166.5,5167.39990234375
1771969800,5166.10009765625,5166.10009765625,5158.0,5162.60009765625
1771969920,5163.2001953125,5164.0,5162.7998046875,5163.2001953125
1771970040,5163.89990234375,5164.10009765625,5163.10009765625,5163.39990234375
1771970160,5163.2001953125,5163.7998046875,5161.0,5163.0
1771970280,5163.7998046875,5164.0,5160.5,5160.5
1771974000,5160.0,5164.0,5135.89990234375,5147.2001953125
1771974120,5146.89990234375,5156.2998046875,5145.2001953125,5154.10009765625
1771974240,5152.60009765625,5155.10009765625,5152.0,5154.0
1771974360,5154.0,5154.10009765625,5147.2001953125,5148.0
1771974480,5147.39990234375,5154.0,5145.89990234375,5151.7001953125
1771974600,5152.10009765625,5152.2001953125,5150.60009765625,5151.7001953125
1771974720,5150.2998046875,5152.0,5146.2001953125,5151.2998046875
1771974840,5151.60009765625,5155.60009765625,5151.2001953125,5154.2998046875
1771974960,5154.2001953125,5154.2001953125,5150.10009765625,5150.10009765625
1771975080,5149.7998046875,5151.0,5149.7998046875,5150.39990234375
1771975200,5150.5,5151.0,5147.10009765625,5149.39990234375
1771975320,5150.0,5151.0,5148.60009765625,5148.60009765625
1771975440,5149.0,5151.10009765625,5148.10009765625,5151.0
1771975560,5149.0,5149.2998046875,5148.2001953125,5149.2998046875
1771975680,5150.0,5150.2998046875,5146.7001953125,5148.10009765625
1771975800,5148.39990234375,5154.10009765625,5147.7001953125,5148.2998046875
1771975920,5148.5,5149.10009765625,5147.7001953125,5148.89990234375
1771976040,5149.0,5151.60009765625,5149.0,5151.5
1771976160,5152.0,5152.39990234375,5150.7001953125,5152.0
1771976280,5152.0,5157.0,5152.0,5157.0
1771976400,5156.7001953125,5158.89990234375,5155.89990234375,5158.7998046875
1771976520,5159.2001953125,5166.89990234375,5159.0,5166.0
1771976640,5166.0,5168.0,5163.2001953125,5165.7998046875
1771976760,5165.89990234375,5169.10009765625,5165.0,5169.0
1771976880,5168.60009765625,5169.10009765625,5166.10009765625,5167.39990234375
1771977000,5168.2001953125,5170.0,5167.2001953125,5169.0
1771977120,5168.60009765625,5170.0,5166.7998046875,5169.2001953125
1771977240,5169.10009765625,5169.10009765625,5167.39990234375,5168.0
1771977360,5168.7001953125,5168.7001953125,5167.0,5167.10009765625
1771977480,5166.60009765625,5166.89990234375,5163.7998046875,5165.0
1771977600,5165.10009765625,5167.7998046875,5163.10009765625,5163.10009765625
1771977720,5163.2001953125,5163.60009765625,5160.60009765625,5162.10009765625
1771977840,5161.2001953125,5161.2001953125,5156.7998046875,5160.0
1771977960,5159.7998046875,5160.5,5154.2998046875,5160.5
1771978080,5160.10009765625,5162.2998046875,5159.7998046875,5161.5
1771978200,5160.89990234375,5161.7998046875,5158.0,5160.2998046875
1771978320,5160.2998046875,5160.5,5156.39990234375,5159.0
1771978440,5159.0,5160.39990234375,5156.7001953125,5158.39990234375
1771978560,5159.7998046875,5163.10009765625,5159.7998046875,5161.7998046875
1771978680,5161.7001953125,5162.0,5160.5,5161.0
1771978800,5161.2998046875,5164.7998046875,5161.0,5162.7998046875
1771978920,5163.2001953125,5165.0,5162.89990234375,5164.10009765625
1771979040,5164.10009765625,5164.10009765625,5158.7998046875,5158.7998046875
1771979160,5158.89990234375,5159.60009765625,5158.89990234375,5159.2001953125
1771979280,5159.0,5159.60009765625,5155.60009765625,5158.2001953125
1771979400,5159.0,5169.2998046875,5159.0,5165.7001953125
1771979520,5166.89990234375,5167.89990234375,5165.2001953125,5165.2001953125
1771979640,5166.0,5166.7001953125,5164.0,5166.0
1771979760,5166.89990234375,5169.2998046875,5166.7001953125,5168.7998046875
1771979880,5169.5,5173.89990234375,5169.5,5170.2001953125
1771980000,5171.60009765625,5173.39990234375,5170.2998046875,5171.39990234375
1771980120,5172.7001953125,5174.0,5168.39990234375,5168.7001953125
1771980240,5169.7001953125,5169.7001953125,5161.10009765625,5162.10009765625
1771980360,5162.2001953125,5164.7001953125,5160.10009765625,5163.60009765625
1771980480,5163.10009765625,5165.39990234375,5162.0,5163.2998046875
1771980600,5163.5,5164.0,5161.2001953125,5164.0
1771980720,5164.39990234375,5165.89990234375,5163.60009765625,5165.89990234375
1771980840,5165.7998046875,5165.89990234375,5164.89990234375,5165.10009765625
1771980960,5165.10009765625,5172.5,5165.0,5171.10009765625
1771981080,5172.10009765625,5175.2998046875,5170.0,5171.0
1771981200,5171.10009765625,5174.2001953125,5166.89990234375,5168.89990234375
1771981320,5168.7998046875,5177.7998046875,5162.7998046875,5177.60009765625
1771981440,5177.2998046875,5182.10009765625,5176.5,5181.2001953125
1771981560,5181.5,5187.7998046875,5181.2998046875,5186.0
1771981680,5185.89990234375,5190.7998046875,5185.5,5186.60009765625
1771981800,5187.39990234375,5188.7001953125,5182.10009765625,5185.7001953125
1771981920,5185.0,5189.60009765625,5183.2998046875,5189.0
1771982040,5190.0,5198.39990234375,5189.2001953125,5195.2998046875
1771982160,5194.7001953125,5198.60009765625,5191.89990234375,5198.2001953125
1771982280,5197.7001953125,5203.2998046875,5196.2998046875,5202.2001953125
1771982400,5202.0,5204.2998046875,5197.2001953125,5204.10009765625
1771982520,5203.60009765625,5204.7998046875,5197.0,5199.0
1771982640,5198.2998046875,5201.5,5195.60009765625,5199.7001953125
1771982760,5199.2001953125,5202.89990234375,5197.7001953125,5202.0
1771982880,5201.7998046875,5206.60009765625,5200.89990234375,5202.89990234375
1771983000,5202.60009765625,5203.2001953125,5199.0,5200.2998046875
1771983120,5200.10009765625,5204.39990234375,5199.7001953125,5203.5
1771983240,5203.5,5208.0,5201.7998046875,5206.39990234375
1771983360,5206.10009765625,5207.89990234375,5198.60009765625,5199.89990234375
1771983480,5199.89990234375,5200.2998046875,5197.0,5200.2998046875
1771983600,5200.5,5202.60009765625,5200.2001953125,5201.5
1771983720,5200.7998046875,5203.7998046875,5197.2998046875,5197.7998046875
1771983840,5197.2998046875,5201.5,5196.2001953125,5200.7998046875
1771983960,5200.10009765625,5201.2998046875,5199.5,5199.60009765625
1771984080,5199.89990234375,5204.2998046875,5199.2998046875,5201.7998046875
1771984200,5201.5,5201.89990234375,5198.39990234375,5200.10009765625
1771984320,5199.7001953125,5202.10009765625,5198.0,5201.7001953125
1771984440,5202.39990234375,5202.89990234375,5199.2998046875,5199.5
1771984560,5198.89990234375,5199.10009765625,5193.7001953125,5195.5
1771984680,5195.7998046875,5195.7998046875,5192.2001953125,5195.10009765625
1771984800,5194.39990234375,5202.10009765625,5194.39990234375,5199.7998046875
1771984920,5199.60009765625,5199.60009765625,5195.5,5197.60009765625
1771985040,5197.7998046875,5202.5,5197.7998046875,5200.39990234375
1771985160,5201.2998046875,5203.5,5201.0,5202.0
1771985280,5202.5,5204.60009765625,5201.7998046875,5204.60009765625
1771985400,5204.7001953125,5206.7001953125,5203.89990234375,5205.7998046875
1771985520,5205.2998046875,5205.60009765625,5200.5,5203.39990234375
1771985640,5203.7001953125,5209.39990234375,5203.7001953125,5208.39990234375
1771985760,5208.5,5212.0,5207.60009765625,5209.7001953125
1771985880,5209.10009765625,5209.60009765625,5207.7998046875,5209.10009765625
1771986000,5208.60009765625,5208.89990234375,5206.0,5207.2001953125
1771986120,5206.7998046875,5206.7998046875,5202.7998046875,5204.2001953125
1771986240,5203.7998046875,5206.89990234375,5203.7998046875,5205.2001953125
1771986360,5206.10009765625,5208.39990234375,5203.39990234375,5208.2998046875
1771986480,5208.2001953125,5208.5,5207.0,5208.0
1771986600,5208.2998046875,5208.60009765625,5206.0,5208.0
1771986720,5208.0,5208.89990234375,5205.7998046875,5205.7998046875
1771986840,5205.89990234375,5207.89990234375,5203.0,5204.0
1771986960,5203.7001953125,5204.60009765625,5200.5,5202.10009765625
1771987080,5201.7001953125,5205.2998046875,5201.7001953125,5204.5
1771987200,5204.0,5205.2998046875,5201.5,5201.60009765625
1771987320,5201.2998046875,5203.7001953125,5200.0,5203.0
1771987440,5202.39990234375,5204.2001953125,5202.0,5203.5
1771987560,5203.2001953125,5204.7001953125,5201.89990234375,5201.89990234375
1771987680,5202.0,5204.7001953125,5201.2998046875,5201.60009765625
1771987800,5201.7998046875,5202.10009765625,5184.2998046875,5196.89990234375
1771987920,5195.7001953125,5197.7001953125,5192.2998046875,5195.10009765625
1771988040,5195.2998046875,5197.2998046875,5193.0,5195.2001953125
1771988160,5195.2001953125,5200.7998046875,5194.5,5200.7998046875
1771988280,5201.2001953125,5201.2998046875,5197.39990234375,5198.60009765625
1771988400,5199.2998046875,5208.7001953125,5199.2998046875,5206.60009765625
1771988520,5206.2998046875,5207.39990234375,5204.5,5204.7998046875
1771988640,5204.5,5204.7001953125,5201.5,5203.0
1771988760,5202.5,5203.7001953125,5199.60009765625,5200.89990234375
1771988880,5201.60009765625,5202.89990234375,5200.89990234375,5202.5
1771989000,5202.7001953125,5202.7998046875,5200.7001953125,5202.10009765625
1771989120,5202.5,5204.0,5200.89990234375,5203.89990234375
1771989240,5204.0,5205.7998046875,5202.7001953125,5204.39990234375
1771989360,5204.0,5204.0,5200.5,5200.5
1771989480,5200.7998046875,5202.7998046875,5198.2001953125,5202.7998046875
1771989600,5202.7001953125,5203.5,5199.89990234375,5200.60009765625
1771989720,5200.7001953125,5200.7998046875,5198.2998046875,5199.2998046875
1771989840,5199.0,5200.7998046875,5197.10009765625,5200.2998046875
1771989960,5200.0,5203.39990234375,5199.7998046875,5202.60009765625
1771990080,5202.2001953125,5205.0,5201.89990234375,5204.7998046875
1771990200,5204.0,5206.7001953125,5203.39990234375,5205.60009765625
1771990320,5204.89990234375,5205.2998046875,5202.2001953125,5202.2001953125
1771990440,5202.2998046875,5206.5,5198.0,5204.2998046875
1771990560,5205.0,5206.2001953125,5202.5,5203.2001953125
1771990680,5203.10009765625,5203.89990234375,5201.5,5202.39990234375
1771990800,5201.2001953125,5202.0,5197.2001953125,5199.10009765625
1771990920,5199.60009765625,5203.10009765625,5199.5,5203.10009765625
1771991040,5202.2998046875,5202.7001953125,5201.2001953125,5201.5
1771991160,5201.89990234375,5205.60009765625,5201.89990234375,5204.7998046875
1771991280,5204.39990234375,5205.2001953125,5202.39990234375,5203.39990234375
1771991400,5203.2001953125,5203.60009765625,5202.39990234375,5202.39990234375
1771991520,5202.0,5202.89990234375,5199.0,5199.2998046875
1771991640,5198.5,5199.7001953125,5196.5,5198.2998046875
1771991760,5198.89990234375,5202.0,5198.39990234375,5201.89990234375
1771991880,5201.10009765625,5203.0,5200.10009765625,5200.60009765625
1771992000,5200.10009765625,5202.60009765625,5198.2998046875,5199.89990234375
1771992120,5199.89990234375,5200.89990234375,5198.2998046875,5200.2998046875
1771992240,5200.0,5201.7998046875,5199.2998046875,5199.7001953125
1771992360,5200.0,5200.7001953125,5196.39990234375,5197.39990234375
1771992480,5196.39990234375,5197.10009765625,5193.2001953125,5193.89990234375
1771992600,5193.2001953125,5197.10009765625,5189.2998046875,5197.10009765625
1771992720,5196.89990234375,5199.39990234375,5196.89990234375,5198.2001953125
1771992840,5198.2998046875,5201.10009765625,5198.2998046875,5200.89990234375
1771992960,5200.7001953125,5202.2998046875,5199.89990234375,5202.10009765625
1771993080,5201.5,5203.5,5200.89990234375,5201.39990234375
1771993200,5200.89990234375,5203.60009765625,5200.89990234375,5202.89990234375
1771993320,5202.7998046875,5202.7998046875,5199.39990234375,5200.5
1771993440,5200.89990234375,5201.7998046875,5200.2998046875,5201.2001953125
1771993560,5201.2001953125,5203.89990234375,5201.2001953125,5202.39990234375
1771993680,5202.89990234375,5203.60009765625,5200.7998046875,5201.60009765625
1771993800,5201.2001953125,5202.7998046875,5201.2001953125,5201.7001953125
1771993920,5201.10009765625,5202.10009765625,5200.60009765625,5201.7998046875
1771994040,5202.10009765625,5202.7001953125,5200.10009765625,5201.7001953125
1771994160,5201.10009765625,5201.10009765625,5198.7001953125,5199.89990234375
1771994280,5200.0,5201.7998046875,5198.7998046875,5201.7001953125
1771994400,5201.7001953125,5202.60009765625,5200.7998046875,5201.39990234375
1771994520,5201.7998046875,5202.2001953125,5201.10009765625,5202.2001953125
1771994640,5201.7998046875,5203.60009765625,5201.0,5202.7001953125
1771994760,5202.2001953125,5202.2001953125,5199.60009765625,5200.7001953125
1771994880,5200.7001953125,5200.7998046875,5199.39990234375,5199.7998046875
1771995000,5199.60009765625,5200.7998046875,5199.60009765625,5200.0
1771995120,5199.60009765625,5200.0,5199.60009765625,5199.60009765625
1771995240,5200.2001953125,5200.7998046875,5199.39990234375,5199.60009765625
1771995360,5198.7998046875,5202.7998046875,5198.7001953125,5201.60009765625
1771995480,5201.0,5201.7001953125,5200.7001953125,5201.2998046875
1771995600,5202.10009765625,5203.7998046875,5201.7001953125,5203.2998046875
1771995720,5203.5,5207.39990234375,5203.5,5206.89990234375
1771995840,5207.0,5208.10009765625,5205.2001953125,5207.60009765625
1771995960,5207.5,5210.60009765625,5207.5,5209.10009765625
1771996080,5209.2001953125,5209.2001953125,5205.89990234375,5207.0
1771996200,5207.5,5208.5,5205.7001953125,5208.2998046875
1771996320,5208.39990234375,5208.7998046875,5207.39990234375,5207.7998046875
1771996440,5207.7998046875,5209.7998046875,5207.2998046875,5209.10009765625
1771996560,5209.7001953125,5211.5,5209.2998046875,5211.5
1771996680,5211.0,5213.7998046875,5210.5,5211.5
1771996800,5211.10009765625,5211.7998046875,5207.2998046875,5208.0
1771996920,5207.60009765625,5208.7998046875,5206.7998046875,5208.7998046875
1771997040,5208.5,5211.2001953125,5207.0,5211.2001953125
1771997160,5210.2998046875,5215.60009765625,5210.10009765625,5212.89990234375
1771997280,5213.10009765625,5214.7001953125,5212.89990234375,5214.39990234375
1771997400,5214.10009765625,5218.7001953125,5211.10009765625,5217.2001953125
1771997520,5218.2001953125,5218.7998046875,5215.7001953125,5217.10009765625
1771997640,5216.7001953125,5218.10009765625,5215.5,5217.10009765625
1771997760,5216.2001953125,5217.5,5215.10009765625,5215.10009765625
1771997880,5215.0,5217.10009765625,5214.0,5217.10009765625
1771998000,5217.2001953125,5218.60009765625,5215.89990234375,5218.2001953125
1771998120,5218.10009765625,5223.2001953125,5216.89990234375,5222.2001953125
1771998240,5222.10009765625,5223.7001953125,5221.0,5222.10009765625
1771998360,5222.0,5224.39990234375,5220.89990234375,5220.89990234375
1771998480,5221.2998046875,5228.7998046875,5221.2001953125,5228.10009765625
1771998600,5228.5,5228.89990234375,5222.60009765625,5223.10009765625
1771998720,5223.89990234375,5230.0,5222.10009765625,5226.7001953125
1771998840,5227.2998046875,5228.2998046875,5223.2001953125,5223.2001953125
1771998960,5223.7998046875,5224.39990234375,5221.0,5221.2001953125
1771999080,5221.2998046875,5223.5,5220.39990234375,5221.2001953125
1771999200,5220.10009765625,5220.89990234375,5217.10009765625,5217.7998046875
1771999320,5217.7998046875,5218.0,5212.60009765625,5213.0
1771999440,5212.7998046875,5215.10009765625,5211.2001953125,5211.89990234375
1771999560,5211.5,5213.2001953125,5206.60009765625,5207.7001953125
1771999680,5208.7998046875,5208.7998046875,5201.7001953125,5205.89990234375
1771999800,5206.7001953125,5209.2998046875,5206.2998046875,5209.2998046875
1771999920,5209.60009765625,5209.89990234375,5204.60009765625,5205.2001953125
1772000040,5205.39990234375,5213.0,5205.10009765625,5210.39990234375
1772000160,5210.5,5213.7998046875,5209.7001953125,5213.7998046875
1772000280,5213.2998046875,5214.10009765625,5209.60009765625,5213.2998046875
1772000400,5212.2998046875,5214.7001953125,5212.0,5213.60009765625
1772000520,5213.39990234375,5214.10009765625,5211.60009765625,5212.0
1772000640,5212.2001953125,5212.2998046875,5208.7001953125,5210.2001953125
1772000760,5210.39990234375,5212.10009765625,5209.10009765625,5210.39990234375
1772000880,5210.10009765625,5210.10009765625,5208.2001953125,5209.0
1772001000,5208.2001953125,5212.2998046875,5207.2998046875,5211.2998046875
1772001120,5211.89990234375,5212.2998046875,5210.0,5210.89990234375
1772001240,5211.39990234375,5212.10009765625,5210.0,5210.7001953125
1772001360,5211.0,5213.39990234375,5211.0,5213.39990234375
1772001480,5213.2001953125,5213.2001953125,5211.89990234375,5212.60009765625
1772001600,5211.2001953125,5211.2001953125,5209.0,5209.7001953125
1772001720,5209.7998046875,5211.10009765625,5208.39990234375,5211.10009765625
1772001840,5211.7001953125,5212.2001953125,5209.7998046875,5210.2001953125
1772001960,5210.2001953125,5212.10009765625,5208.5,5212.0
1772002080,5211.2001953125,5212.60009765625,5210.5,5211.5
1772002200,5210.60009765625,5211.89990234375,5209.5,5211.7001953125
1772002320,5212.2001953125,5213.2998046875,5211.2001953125,5212.2998046875
1772002440,5212.2998046875,5212.2998046875,5210.10009765625,5212.0
1772002560,5211.60009765625,5211.60009765625,5210.60009765625,5211.5
1772002680,5211.7998046875,5213.89990234375,5211.7998046875,5213.2001953125
1772002800,5213.7001953125,5214.39990234375,5209.39990234375,5210.0
1772002920,5210.0,5210.39990234375,5206.7001953125,5206.7001953125
1772003040,5207.7001953125,5208.39990234375,5206.60009765625,5207.5
1772003160,5208.89990234375,5211.7998046875,5208.5,5211.2001953125
1772003280,5211.2001953125,5213.10009765625,5211.2001953125,5212.10009765625
1772003400,5212.10009765625,5212.89990234375,5209.2001953125,5209.39990234375
1772003520,5210.2998046875,5210.39990234375,5206.89990234375,5207.7001953125
1772003640,5207.7001953125,5210.0,5207.2998046875,5209.2998046875
1772003760,5208.39990234375,5209.2001953125,5206.39990234375,5206.39990234375
1772003880,5206.89990234375,5207.0,5204.7998046875,5205.7998046875
1772004000,5206.60009765625,5208.60009765625,5205.2998046875,5205.7001953125
1772004120,5205.10009765625,5205.7001953125,5203.39990234375,5205.7001953125
1772004240,5205.10009765625,5206.7001953125,5203.0,5203.0
1772004360,5203.7001953125,5206.60009765625,5200.5,5206.0
1772004480,5206.2998046875,5208.89990234375,5206.2998046875,5208.2001953125
1772004600,5208.2998046875,5209.5,5207.0,5208.0
1772004720,5207.7998046875,5208.0,5205.2001953125,5207.0
1772004840,5207.2998046875,5208.10009765625,5206.39990234375,5207.7001953125
1772004960,5207.0,5207.2001953125,5204.89990234375,5205.5
1772005080,5205.7998046875,5206.7001953125,5205.0,5206.10009765625
1772005200,5205.7998046875,5207.2001953125,5205.5,5206.7001953125
1772005320,5206.7001953125,5206.7998046875,5205.10009765625,5206.0
1772005440,5205.7001953125,5205.89990234375,5205.2001953125,5205.60009765625
1772005560,5205.10009765625,5207.89990234375,5204.0,5207.7001953125
1772005680,5207.5,5208.2001953125,5206.10009765625,5206.7001953125
1772005800,5207.0,5207.89990234375,5205.2001953125,5205.7001953125
1772005920,5205.7998046875,5205.7998046875,5201.2001953125,5201.89990234375
1772006040,5202.39990234375,5203.7001953125,5199.5,5203.2998046875
1772006160,5203.39990234375,5205.60009765625,5203.39990234375,5205.0
1772006280,5205.10009765625,5205.10009765625,5202.89990234375,5203.7998046875
1772006400,5203.7001953125,5209.60009765625,5203.5,5208.5
1772006520,5208.60009765625,5208.60009765625,5205.10009765625,5205.10009765625
1772006640,5205.39990234375,5208.0,5205.0,5205.60009765625
1772006760,5205.89990234375,5206.60009765625,5205.2998046875,5206.5
1772006880,5206.0,5207.2001953125,5205.0,5205.89990234375
1772007000,5205.60009765625,5207.10009765625,5205.10009765625,5206.0
1772007120,5206.60009765625,5208.5,5206.5,5207.10009765625
1772007240,5207.2998046875,5207.2998046875,5205.89990234375,5206.60009765625
1772007360,5206.60009765625,5208.2001953125,5206.0,5206.39990234375
1772007480,5206.60009765625,5212.0,5206.60009765625,5211.89990234375
1772007600,5211.7998046875,5212.10009765625,5209.7001953125,5211.0
1772007720,5211.2001953125,5212.5,5210.60009765625,5212.5
1772007840,5212.60009765625,5213.39990234375,5210.7998046875,5211.2998046875
1772007960,5211.2001953125,5211.5,5209.10009765625,5209.5
1772008080,5209.60009765625,5212.7001953125,5209.60009765625,5212.7001953125
1772008200,5212.7998046875,5213.89990234375,5211.89990234375,5212.5
1772008320,5212.89990234375,5213.7998046875,5211.7998046875,5213.7001953125
1772008440,5214.2998046875,5215.39990234375,5213.5,5215.39990234375
1772008560,5215.10009765625,5216.60009765625,5213.5,5215.89990234375
1772008680,5216.2998046875,5216.2998046875,5212.60009765625,5212.60009765625
1772008800,5213.10009765625,5214.10009765625,5210.0,5210.2998046875
1772008920,5210.7001953125,5212.7001953125,5210.7001953125,5212.10009765625
1772009040,5212.5,5212.5,5210.39990234375,5211.0
1772009160,5211.60009765625,5211.60009765625,5209.7998046875,5210.39990234375
1772009280,5210.2998046875,5211.2998046875,5209.60009765625,5211.2998046875
1772009400,5211.0,5211.0,5207.7001953125,5207.7001953125
1772009520,5207.7001953125,5207.7998046875,5206.0,5207.0
1772009640,5206.89990234375,5209.0,5206.10009765625,5207.10009765625
1772009760,5207.60009765625,5208.0,5205.2001953125,5206.0
1772009880,5205.5,5206.2998046875,5203.0,5204.5
1772010000,5204.2998046875,5206.10009765625,5202.10009765625,5203.89990234375
1772010120,5204.10009765625,5204.10009765625,5194.5,5199.7001953125
1772010240,5199.2001953125,5202.2998046875,5198.10009765625,5201.5
1772010360,5201.2998046875,5202.39990234375,5199.2998046875,5199.5
1772010480,5199.2998046875,5206.89990234375,5198.0,5203.60009765625
1772010600,5204.10009765625,5206.10009765625,5203.7001953125,5205.89990234375
1772010720,5206.0,5207.0,5204.0,5204.7998046875
1772010840,5205.2001953125,5205.2001953125,5200.7998046875,5201.7001953125
1772010960,5201.60009765625,5205.10009765625,5201.60009765625,5205.10009765625
1772011080,5204.7998046875,5205.2001953125,5202.60009765625,5204.7001953125
1772011200,5204.60009765625,5206.89990234375,5204.5,5206.89990234375
1772011320,5207.10009765625,5207.2998046875,5205.7001953125,5206.0
1772011440,5206.10009765625,5206.10009765625,5204.7998046875,5205.5
1772011560,5205.7001953125,5207.39990234375,5205.2001953125,5206.0
1772011680,5206.2998046875,5207.5,5205.60009765625,5205.7998046875
1772011800,5206.0,5206.10009765625,5204.7001953125,5205.60009765625
1772011920,5205.89990234375,5207.2001953125,5205.89990234375,5207.0
1772012040,5206.60009765625,5210.7998046875,5206.39990234375,5210.39990234375
1772012160,5209.89990234375,5212.7998046875,5209.7998046875,5211.10009765625
1772012280,5211.10009765625,5212.0,5209.7998046875,5209.7998046875
1772012400,5209.7998046875,5211.7998046875,5209.60009765625,5210.89990234375
1772012520,5211.0,5212.0,5209.89990234375,5210.89990234375
1772012640,5211.2001953125,5211.2001953125,5209.2998046875,5210.10009765625
1772012760,5210.0,5211.2001953125,5209.7998046875,5210.2998046875
1772012880,5210.2998046875,5210.39990234375,5208.89990234375,5209.5
1772013000,5209.39990234375,5212.39990234375,5208.0,5212.2001953125
1772013120,5212.39990234375,5213.89990234375,5210.7998046875,5211.2001953125
1772013240,5210.7998046875,5211.10009765625,5207.10009765625,5207.2001953125
1772013360,5207.5,5211.2001953125,5207.0,5210.7001953125
1772013480,5210.89990234375,5213.0,5209.5,5212.89990234375
1772013600,5212.39990234375,5214.7001953125,5211.60009765625,5213.2998046875
1772013720,5212.89990234375,5213.2998046875,5209.2001953125,5209.5
1772013840,5209.7001953125,5209.7001953125,5206.7001953125,5207.2998046875
1772013960,5207.5,5209.10009765625,5206.89990234375,5209.10009765625
1772014080,5208.7998046875,5208.7998046875,5203.2998046875,5203.2998046875
1772014200,5203.2998046875,5205.10009765625,5203.0,5203.39990234375
1772014320,5203.39990234375,5205.2998046875,5202.60009765625,5202.89990234375
1772014440,5202.7998046875,5203.89990234375,5201.2998046875,5201.60009765625
1772014560,5201.89990234375,5201.89990234375,5196.10009765625,5198.2998046875
1772014680,5198.2001953125,5200.2001953125,5196.10009765625,5196.7001953125
1772014800,5196.60009765625,5200.10009765625,5192.5,5198.39990234375
1772014920,5198.60009765625,5198.7998046875,5194.7001953125,5195.39990234375
1772015040,5195.39990234375,5195.5,5191.5,5191.89990234375
1772015160,5192.10009765625,5198.89990234375,5191.89990234375,5198.10009765625
1772015280,5197.60009765625,5198.7001953125,5193.60009765625,5194.0
1772015400,5193.89990234375,5194.89990234375,5191.60009765625,5192.10009765625
1772015520,5191.7998046875,5194.5,5188.0,5190.7001953125
1772015640,5190.10009765625,5195.0,5189.10009765625,5193.5
1772015760,5193.60009765625,5196.89990234375,5193.60009765625,5196.0
1772015880,5195.39990234375,5197.89990234375,5195.10009765625,5197.89990234375
1772016000,5198.0,5198.7998046875,5197.2001953125,5197.5
1772016120,5198.0,5199.89990234375,5197.89990234375,5198.7998046875
1772016240,5197.10009765625,5197.10009765625,5194.7001953125,5195.39990234375
1772016360,5195.7001953125,5195.7001953125,5194.2998046875,5194.60009765625
1772016480,5193.7001953125,5194.60009765625,5193.7001953125,5194.2001953125
1772016600,5194.39990234375,5194.60009765625,5193.5,5194.0
1772016720,5193.7998046875,5194.5,5191.0,5191.89990234375
1772016840,5192.0,5193.60009765625,5192.0,5193.2001953125
1772016960,5193.0,5194.2998046875,5192.2001953125,5194.2998046875
1772017080,5193.89990234375,5195.2998046875,5193.10009765625,5193.7001953125
1772017200,5193.2998046875,5194.0,5192.2998046875,5192.89990234375
1772017320,5193.10009765625,5193.39990234375,5190.39990234375,5191.5
1772017440,5191.7001953125,5193.7001953125,5189.5,5193.7001953125
1772017560,5193.89990234375,5194.60009765625,5191.2998046875,5191.60009765625
1772017680,5191.0,5191.60009765625,5187.7001953125,5188.60009765625
1772017800,5188.39990234375,5188.7001953125,5182.0,5183.5
1772017920,5183.39990234375,5186.2001953125,5181.2998046875,5186.0
1772018040,5186.2001953125,5187.0,5180.39990234375,5182.2001953125
1772018160,5182.7001953125,5184.60009765625,5173.2001953125,5176.39990234375
1772018280,5177.2001953125,5179.2001953125,5175.89990234375,5178.0
1772018400,5178.0,5180.10009765625,5176.39990234375,5178.7001953125
1772018520,5179.0,5183.10009765625,5179.0,5182.7998046875
1772018640,5182.5,5183.7998046875,5182.39990234375,5183.2998046875
1772018760,5183.7998046875,5186.89990234375,5183.0,5186.89990234375
1772018880,5186.5,5187.7001953125,5185.89990234375,5186.89990234375
1772019000,5187.2998046875,5189.2001953125,5186.10009765625,5188.2998046875
1772019120,5188.2998046875,5191.0,5188.2998046875,5190.7998046875
1772019240,5190.7998046875,5191.0,5186.10009765625,5187.60009765625
1772019360,5187.89990234375,5188.7998046875,5187.7001953125,5187.89990234375
1772019480,5187.7001953125,5188.2001953125,5185.60009765625,5185.60009765625
1772019600,5185.39990234375,5190.2998046875,5185.0,5190.2001953125
1772019720,5190.60009765625,5191.7001953125,5189.7001953125,5191.39990234375
1772019840,5191.7998046875,5192.60009765625,5190.89990234375,5192.10009765625
1772019960,5192.5,5193.10009765625,5190.60009765625,5191.7001953125
1772020080,5192.2998046875,5192.2998046875,5191.0,5191.60009765625
1772020200,5191.7001953125,5194.7001953125,5191.10009765625,5193.5
1772020320,5193.5,5193.5,5190.2001953125,5190.60009765625
1772020440,5190.60009765625,5195.10009765625,5190.2998046875,5195.10009765625
1772020560,5195.0,5198.0,5194.5,5198.0
1772020680,5198.0,5200.7998046875,5197.0,5199.5
1772020800,5199.2998046875,5201.0,5198.5,5200.2998046875
1772020920,5200.10009765625,5200.5,5196.5,5196.7998046875
1772021040,5196.5,5199.7998046875,5196.2001953125,5198.89990234375
1772021160,5198.5,5199.39990234375,5198.2001953125,5199.39990234375
1772021280,5199.39990234375,5199.39990234375,5198.10009765625,5198.89990234375
1772021400,5199.5,5201.0,5199.2998046875,5199.60009765625
1772021520,5199.5,5200.2998046875,5198.2998046875,5199.7001953125
1772021640,5199.7001953125,5200.39990234375,5199.60009765625,5200.39990234375
1772021760,5200.10009765625,5203.2001953125,5200.0,5201.7001953125
1772021880,5201.7001953125,5203.5,5201.2998046875,5201.89990234375
1772022000,5201.7998046875,5203.89990234375,5201.10009765625,5203.0
1772022120,5203.0,5204.89990234375,5201.0,5201.60009765625
1772022240,5201.7998046875,5204.89990234375,5201.39990234375,5203.7998046875
1772022360,5203.89990234375,5205.2001953125,5202.0,5204.7001953125
1772022480,5204.7001953125,5205.10009765625,5201.10009765625,5201.5
1772022600,5201.5,5202.7001953125,5200.7001953125,5201.10009765625
1772022720,5201.10009765625,5201.5,5197.5,5198.7998046875
1772022840,5198.7001953125,5199.0,5195.0,5197.2998046875
1772022960,5197.7001953125,5199.5,5195.39990234375,5199.5
1772023080,5199.10009765625,5201.7998046875,5198.7001953125,5201.39990234375
1772023200,5201.7998046875,5203.2001953125,5200.2998046875,5202.7998046875
1772023320,5202.39990234375,5204.10009765625,5201.7001953125,5202.7001953125
1772023440,5202.7998046875,5203.39990234375,5201.60009765625,5201.7001953125
1772023560,5201.89990234375,5203.2998046875,5201.7998046875,5201.7998046875
1772023680,5202.2001953125,5203.2001953125,5199.60009765625,5199.7001953125
1772023800,5199.60009765625,5202.7001953125,5199.2998046875,5200.89990234375
1772023920,5201.10009765625,5201.2001953125,5199.39990234375,5200.0
1772024040,5200.10009765625,5200.60009765625,5196.7998046875,5197.0
1772024160,5197.0,5198.2001953125,5197.0,5197.89990234375
1772024280,5198.39990234375,5201.2998046875,5198.2998046875,5201.0
1772024400,5201.89990234375,5204.10009765625,5199.89990234375,5201.7998046875
1772024520,5201.7998046875,5203.0,5199.0,5203.0
1772024640,5203.2001953125,5207.39990234375,5202.2998046875,5206.10009765625
1772024760,5206.10009765625,5208.0,5205.10009765625,5207.5
1772024880,5207.2998046875,5208.2998046875,5206.0,5206.39990234375
1772025000,5207.0,5207.60009765625,5204.39990234375,5206.5
1772025120,5206.39990234375,5206.60009765625,5203.89990234375,5204.2998046875
1772025240,5204.5,5206.5,5204.2998046875,5206.5
1772025360,5206.2001953125,5208.0,5205.60009765625,5207.5
1772025480,5207.39990234375,5207.39990234375,5204.2998046875,5205.2001953125
1772025600,5204.89990234375,5208.0,5204.2001953125,5205.2998046875
1772025720,5204.60009765625,5209.10009765625,5204.39990234375,5209.0
1772025840,5209.0,5210.0,5208.10009765625,5208.5
1772025960,5208.7998046875,5209.2998046875,5206.7001953125,5206.7001953125
1772026080,5206.5,5207.7001953125,5205.10009765625,5206.2998046875
1772026200,5206.7001953125,5207.7998046875,5205.0,5207.2001953125
1772026320,5206.7001953125,5208.89990234375,5206.2001953125,5206.2001953125
1772026440,5206.39990234375,5208.7001953125,5205.7001953125,5208.2998046875
1772026560,5208.2001953125,5208.89990234375,5206.89990234375,5207.5
1772026680,5207.5,5208.60009765625,5206.5,5207.89990234375
1772026800,5208.2001953125,5209.89990234375,5202.5,5203.0
1772026920,5202.39990234375,5209.0,5200.2998046875,5207.0
1772027040,5206.7001953125,5207.0,5203.7001953125,5204.39990234375
1772027160,5205.0,5209.5,5205.0,5205.2998046875
1772027280,5205.5,5207.0,5204.89990234375,5205.60009765625
1772027400,5205.5,5205.7998046875,5202.89990234375,5203.5
1772027520,5203.5,5204.89990234375,5202.39990234375,5204.7001953125
1772027640,5204.2998046875,5207.0,5203.0,5206.60009765625
1772027760,5206.2998046875,5207.0,5204.39990234375,5204.89990234375
1772027880,5205.0,5205.60009765625,5203.0,5203.7001953125
1772028000,5203.2001953125,5205.0,5202.0,5203.5
1772028120,5203.5,5205.7001953125,5203.2998046875,5204.5
1772028240,5204.60009765625,5208.10009765625,5204.0,5207.60009765625
1772028360,5207.89990234375,5210.0,5206.89990234375,5209.0
1772028480,5208.5,5210.0,5208.0,5208.39990234375
1772028600,5209.0,5209.0,5205.7001953125,5207.89990234375
1772028720,5207.7998046875,5208.60009765625,5204.89990234375,5205.89990234375
1772028840,5205.5,5205.5,5200.7001953125,5202.2998046875
1772028960,5202.60009765625,5204.60009765625,5202.2001953125,5202.7998046875
1772029080,5202.2998046875,5203.5,5201.0,5201.10009765625
1772029200,5201.5,5202.7998046875,5201.0,5201.60009765625
1772029320,5202.2998046875,5204.0,5198.5,5198.7001953125
1772029440,5198.89990234375,5201.2001953125,5195.5,5198.5
1772029560,5198.89990234375,5201.2001953125,5198.89990234375,5200.10009765625
1772029680,5199.7001953125,5200.0,5192.7998046875,5196.10009765625
1772029800,5196.39990234375,5197.2001953125,5191.5,5193.5
1772029920,5193.39990234375,5199.7001953125,5193.39990234375,5199.7001953125
1772030040,5199.7001953125,5199.89990234375,5184.2998046875,5186.0
1772030160,5186.7998046875,5191.7001953125,5180.0,5181.5
1772030280,5182.5,5187.0,5177.0,5178.5
1772030400,5178.89990234375,5187.7001953125,5177.2998046875,5185.7998046875
1772030520,5185.5,5191.39990234375,5184.5,5190.39990234375
1772030640,5190.5,5195.89990234375,5190.10009765625,5195.89990234375
1772030760,5195.89990234375,5198.2998046875,5194.2998046875,5196.89990234375
1772030880,5196.2998046875,5200.0,5196.0,5200.0
1772031000,5200.0,5204.60009765625,5197.7001953125,5204.0
1772031120,5204.10009765625,5207.2998046875,5204.0,5205.60009765625
1772031240,5205.7998046875,5209.2001953125,5204.2998046875,5209.0
1772031360,5209.0,5211.7998046875,5207.0,5208.10009765625
1772031480,5208.2998046875,5210.7001953125,5208.2998046875,5210.2001953125
1772031600,5209.2998046875,5213.39990234375,5208.60009765625,5212.5
1772031720,5211.89990234375,5216.2001953125,5211.2998046875,5215.39990234375
1772031840,5215.2001953125,5220.5,5214.60009765625,5218.60009765625
1772031960,5218.39990234375,5222.0,5217.2001953125,5218.39990234375
1772032080,5217.7001953125,5218.39990234375,5214.2001953125,5215.2001953125
1772032200,5215.5,5215.5,5209.2001953125,5213.10009765625
1772032320,5213.10009765625,5214.60009765625,5209.5,5211.2001953125
1772032440,5211.5,5214.39990234375,5210.7998046875,5214.2001953125
1772032560,5214.2998046875,5215.0,5210.7001953125,5212.10009765625
1772032680,5211.7998046875,5211.7998046875,5207.60009765625,5208.0
1772032800,5208.39990234375,5209.7001953125,5205.2998046875,5207.2998046875
1772032920,5207.5,5210.60009765625,5205.0,5205.5
1772033040,5205.2998046875,5207.5,5201.2998046875,5202.2998046875
1772033160,5201.5,5203.0,5196.60009765625,5197.5
1772033280,5197.2001953125,5200.60009765625,5193.0,5199.2001953125
1772033400,5199.5,5199.7001953125,5190.2998046875,5195.0
1772033520,5194.89990234375,5198.7998046875,5193.2001953125,5197.2998046875
1772033640,5197.7001953125,5204.7001953125,5197.5,5203.60009765625
1772033760,5203.89990234375,5206.60009765625,5202.7998046875,5206.60009765625
1772033880,5206.5,5208.89990234375,5205.2001953125,5207.0
1772034000,5206.7001953125,5211.0,5205.7998046875,5210.7001953125
1772034120,5210.89990234375,5212.5,5210.2001953125,5210.2998046875
1772034240,5210.2998046875,5211.60009765625,5206.60009765625,5206.7001953125
1772034360,5206.7001953125,5215.7998046875,5205.2998046875,5214.7001953125
1772034480,5214.7001953125,5217.7001953125,5213.7001953125,5217.0
1772034600,5217.5,5217.60009765625,5211.7998046875,5215.60009765625
1772034720,5215.7998046875,5216.2998046875,5214.7001953125,5214.89990234375
1772034840,5214.7998046875,5216.39990234375,5212.7001953125,5213.60009765625
1772034960,5213.2998046875,5217.60009765625,5213.2001953125,5214.7001953125
1772035080,5215.10009765625,5216.2998046875,5213.39990234375,5214.5
1772035200,5214.10009765625,5215.2001953125,5212.2001953125,5214.39990234375
1772035320,5214.60009765625,5218.2998046875,5213.60009765625,5214.2001953125
1772035440,5214.2998046875,5215.2001953125,5212.5,5214.60009765625
1772035560,5214.60009765625,5214.60009765625,5210.39990234375,5212.2001953125
1772035680,5211.7998046875,5213.10009765625,5209.2998046875,5210.5
1772035800,5210.39990234375,5214.39990234375,5209.10009765625,5214.39990234375
1772035920,5214.7998046875,5215.2998046875,5213.39990234375,5215.2998046875
1772036040,5215.10009765625,5215.10009765625,5211.0,5214.0
1772036160,5213.7998046875,5216.0,5213.7998046875,5214.89990234375
1772036280,5214.7001953125,5217.2998046875,5214.2001953125,5216.7998046875
1772036400,5216.89990234375,5220.39990234375,5216.89990234375,5219.7001953125
1772036520,5219.7998046875,5224.7998046875,5219.60009765625,5222.7998046875
1772036640,5223.0,5226.39990234375,5223.0,5225.7998046875
1772036760,5225.2998046875,5225.7001953125,5222.0,5222.39990234375
1772036880,5222.2001953125,5223.10009765625,5220.60009765625,5222.39990234375
1772037000,5222.5,5222.5,5220.5,5221.2998046875
1772037120,5221.39990234375,5221.7998046875,5218.60009765625,5221.39990234375
1772037240,5222.0,5227.0,5222.0,5224.2998046875
1772037360,5224.7001953125,5226.10009765625,5221.7998046875,5224.60009765625
1772037480,5224.60009765625,5225.39990234375,5222.60009765625,5223.0
1772037600,5222.7998046875,5226.5,5222.7998046875,5226.10009765625
1772037720,5226.39990234375,5226.7001953125,5224.7998046875,5225.7998046875
1772037840,5226.0,5229.0,5225.7998046875,5229.0
1772037960,5228.5,5233.60009765625,5228.39990234375,5229.60009765625
1772038080,5229.5,5230.89990234375,5226.39990234375,5228.0
1772038200,5227.7001953125,5229.0,5227.2998046875,5229.0
1772038320,5229.2998046875,5232.7998046875,5228.2001953125,5231.7001953125
1772038440,5231.39990234375,5232.10009765625,5230.10009765625,5231.0
1772038560,5231.2998046875,5231.60009765625,5229.7001953125,5231.2998046875
1772038680,5230.89990234375,5232.7001953125,5230.89990234375,5231.7001953125
1772038800,5232.0,5232.7998046875,5229.2998046875,5231.10009765625
1772038920,5231.10009765625,5231.10009765625,5227.60009765625,5230.0
1772039040,5229.7998046875,5230.5,5228.5,5229.60009765625
1772039160,5229.7998046875,5232.5,5227.60009765625,5232.10009765625
1772039280,5232.39990234375,5235.2001953125,5227.10009765625,5234.60009765625
1772039400,5234.5,5237.2001953125,5233.7998046875,5236.2998046875
1772039520,5236.2001953125,5237.2998046875,5234.7001953125,5235.2001953125
1772039640,5235.39990234375,5237.10009765625,5231.5,5232.5
1772039760,5232.5,5234.0,5231.60009765625,5233.2998046875
1772039880,5233.2001953125,5234.89990234375,5232.60009765625,5234.10009765625
1772040000,5234.10009765625,5234.89990234375,5230.7998046875,5232.39990234375
1772040120,5232.39990234375,5235.60009765625,5232.2998046875,5233.60009765625
1772040240,5233.0,5235.5,5232.39990234375,5234.60009765625
1772040360,5234.7001953125,5235.2998046875,5233.39990234375,5233.7001953125
1772040480,5233.60009765625,5233.7001953125,5231.7998046875,5232.60009765625
1772040600,5232.89990234375,5234.0,5231.7998046875,5233.5
1772040720,5233.2998046875,5234.0,5230.39990234375,5233.0
1772040840,5233.0,5233.5,5230.2998046875,5230.39990234375
1772040960,5230.60009765625,5231.5,5229.5,5230.7001953125
1772041080,5230.5,5232.7998046875,5230.2001953125,5232.7998046875
1772041200,5233.0,5233.2001953125,5230.7001953125,5231.2001953125
1772041320,5231.5,5231.7998046875,5227.89990234375,5229.2001953125
1772041440,5228.7998046875,5228.7998046875,5224.10009765625,5224.2998046875
1772041560,5224.7998046875,5226.89990234375,5224.39990234375,5226.39990234375
1772041680,5226.7998046875,5226.7998046875,5225.60009765625,5226.2001953125
1772041800,5226.2998046875,5229.7998046875,5223.89990234375,5229.39990234375
1772041920,5229.39990234375,5230.2998046875,5227.89990234375,5228.7998046875
1772042040,5228.5,5228.60009765625,5225.5,5226.7001953125
1772042160,5226.60009765625,5226.7998046875,5222.89990234375,5225.2001953125
1772042280,5225.2001953125,5226.5,5225.0,5226.5
1772042400,5226.5,5227.0,5226.39990234375,5226.39990234375
1772048640,5226.2001953125,5228.0,5218.10009765625,5225.5
1772048760,5225.39990234375,5227.5,5224.2001953125,5225.0
1772048880,5224.5,5228.0,5223.89990234375,5225.2001953125
1772049000,5224.7998046875,5229.2998046875,5219.7998046875,5227.2001953125
1772049120,5227.2001953125,5227.7998046875,5223.2001953125,5226.39990234375
1772049240,5226.10009765625,5227.2998046875,5223.7998046875,5226.5
1772049360,5226.0,5227.2001953125,5223.2998046875,5225.5
1772049480,5225.7001953125,5225.89990234375,5223.0,5224.39990234375
1772049600,5224.10009765625,5225.0,5221.10009765625,5221.10009765625
1772049720,5221.2001953125,5222.0,5215.7998046875,5215.7998046875
1772049840,5216.60009765625,5222.60009765625,5216.60009765625,5220.89990234375
1772049960,5220.89990234375,5224.89990234375,5219.5,5222.7998046875
1772050080,5221.89990234375,5222.60009765625,5220.7001953125,5221.60009765625
1772050200,5221.10009765625,5225.0,5221.10009765625,5225.0
1772050320,5224.7998046875,5224.7998046875,5216.7998046875,5218.10009765625
1772050440,5217.89990234375,5218.2001953125,5209.89990234375,5210.2001953125
1772050560,5210.0,5211.10009765625,5202.0,5206.0
1772050680,5206.10009765625,5206.7998046875,5202.89990234375,5203.7001953125
1772050800,5203.7998046875,5206.2001953125,5203.2001953125,5204.2998046875
1772050920,5204.0,5206.2001953125,5202.39990234375,5205.2001953125
1772051040,5205.89990234375,5212.7998046875,5205.7001953125,5211.10009765625
1772051160,5211.2001953125,5211.7998046875,5204.7998046875,5205.39990234375
1772051280,5206.2001953125,5207.5,5204.7998046875,5205.10009765625
1772051400,5205.2998046875,5207.10009765625,5197.5,5205.89990234375
1772051520,5205.60009765625,5209.0,5205.60009765625,5208.60009765625
1772051640,5209.39990234375,5209.7998046875,5203.39990234375,5205.0
1772051760,5205.0,5206.89990234375,5204.5,5204.5
1772051880,5204.10009765625,5204.2001953125,5200.2001953125,5203.10009765625
1772052000,5202.2998046875,5203.0,5199.7998046875,5199.7998046875
1772052120,5200.7001953125,5201.60009765625,5191.2001953125,5198.5
1772052240,5198.89990234375,5201.10009765625,5183.7001953125,5191.7001953125
1772052360,5192.0,5193.0,5185.89990234375,5189.0
1772052480,5189.0,5193.0,5188.60009765625,5191.89990234375
1772052600,5191.5,5196.89990234375,5190.5,5195.7998046875
1772052720,5196.0,5198.89990234375,5193.60009765625,5198.7998046875
1772052840,5198.7998046875,5198.7998046875,5192.2998046875,5193.5
1772052960,5193.0,5194.5,5181.2998046875,5182.60009765625
1772053080,5182.39990234375,5182.7998046875,5163.2998046875,5169.89990234375
1772053200,5171.2001953125,5177.2998046875,5168.60009765625,5172.10009765625
1772053320,5172.60009765625,5178.89990234375,5169.10009765625,5177.60009765625
1772053440,5178.0,5179.0,5173.7001953125,5178.39990234375
1772053560,5178.2001953125,5178.7998046875,5175.2998046875,5176.0
1772053680,5176.0,5181.89990234375,5175.0,5181.10009765625
1772053800,5181.5,5182.7998046875,5177.89990234375,5178.2998046875
1772053920,5178.10009765625,5184.0,5177.2001953125,5180.39990234375
1772054040,5180.0,5180.7998046875,5176.7998046875,5180.5
1772054160,5179.7998046875,5191.39990234375,5179.7998046875,5190.7001953125
1772054280,5191.2001953125,5191.39990234375,5182.7998046875,5183.10009765625
1772054400,5183.5,5185.0,5182.7001953125,5184.7001953125
1772054520,5184.2001953125,5188.39990234375,5183.5,5188.10009765625
1772054640,5187.5,5187.89990234375,5185.0,5187.2001953125
1772054760,5187.0,5188.2001953125,5186.0,5188.2001953125
1772054880,5187.7001953125,5188.2001953125,5185.7001953125,5186.89990234375
1772055000,5187.2001953125,5188.60009765625,5184.39990234375,5187.39990234375
1772055120,5187.5,5189.2998046875,5186.5,5186.7001953125
1772055240,5186.2001953125,5191.2001953125,5186.0,5191.0
1772055360,5191.0,5191.0,5187.60009765625,5188.5
1772055480,5187.39990234375,5187.7998046875,5186.2001953125,5186.7998046875
1772055600,5186.39990234375,5188.0,5185.89990234375,5188.0
1772055720,5187.7001953125,5188.2001953125,5185.89990234375,5188.2001953125
1772055840,5187.10009765625,5188.7998046875,5186.7998046875,5187.10009765625
1772055960,5187.60009765625,5189.60009765625,5186.60009765625,5188.0
1772056080,5187.89990234375,5188.39990234375,5187.60009765625,5188.39990234375
1772056200,5189.2001953125,5189.2998046875,5186.7998046875,5188.5
1772056320,5188.39990234375,5189.39990234375,5185.0,5185.0
1772056440,5184.5,5184.5,5181.0,5183.39990234375
1772056560,5183.7001953125,5188.39990234375,5182.10009765625,5186.60009765625
1772056680,5186.60009765625,5186.60009765625,5180.5,5183.7001953125
1772060400,5175.2998046875,5189.0,5175.2001953125,5188.60009765625
1772060520,5188.60009765625,5195.2998046875,5186.39990234375,5190.0
1772060640,5188.10009765625,5196.0,5185.60009765625,5196.0
1772060760,5195.89990234375,5196.0,5193.2998046875,5195.2998046875
1772060880,5194.2998046875,5198.10009765625,5194.0,5196.0
1772061000,5195.2998046875,5195.5,5186.10009765625,5190.10009765625
1772061120,5190.89990234375,5190.89990234375,5182.89990234375,5185.39990234375
1772061240,5185.7998046875,5188.0,5182.2001953125,5188.0
1772061360,5188.10009765625,5188.5,5180.0,5188.5
1772061480,5188.2001953125,5191.0,5188.10009765625,5189.60009765625
1772061600,5190.10009765625,5194.7001953125,5190.10009765625,5193.5
1772061720,5193.5,5195.7998046875,5187.7001953125,5187.7998046875
1772061840,5188.0,5188.0,5184.89990234375,5185.0
1772061960,5185.0,5187.5,5183.39990234375,5187.0
1772062080,5187.10009765625,5187.2001953125,5185.2001953125,5186.0
1772062200,5185.7001953125,5186.60009765625,5181.7998046875,5181.89990234375
1772062320,5182.89990234375,5185.89990234375,5181.2998046875,5184.89990234375
1772062440,5184.2001953125,5185.2001953125,5183.39990234375,5183.5
1772062560,5183.7998046875,5183.7998046875,5179.5,5180.5
1772062680,5181.0,5185.7001953125,5179.10009765625,5185.7001953125
1772062800,5185.7998046875,5190.10009765625,5184.2998046875,5189.2998046875
1772062920,5188.89990234375,5189.60009765625,5186.0,5188.7001953125
1772063040,5189.0,5193.10009765625,5188.0,5191.7001953125
1772063160,5191.7001953125,5195.2001953125,5189.2001953125,5189.7998046875
1772063280,5189.7001953125,5189.7001953125,5182.7001953125,5184.39990234375
1772063400,5183.7998046875,5186.60009765625,5182.2998046875,5185.0
1772063520,5185.2001953125,5186.0,5180.89990234375,5181.0
1772063640,5181.5,5187.0,5181.5,5185.0
1772063760,5185.2998046875,5186.60009765625,5177.89990234375,5178.5
1772063880,5178.60009765625,5184.60009765625,5176.2001953125,5180.0
1772064000,5179.10009765625,5182.0,5170.10009765625,5176.89990234375
1772064120,5175.39990234375,5182.7998046875,5172.2998046875,5182.60009765625
1772064240,5182.89990234375,5183.7998046875,5173.0,5174.2998046875
1772064360,5174.60009765625,5182.60009765625,5171.2001953125,5181.2998046875
1772064480,5180.89990234375,5181.7998046875,5174.10009765625,5176.39990234375
1772064600,5178.39990234375,5179.0,5175.5,5177.0
1772064720,5176.7998046875,5183.2998046875,5176.7998046875,5182.0
1772064840,5181.7998046875,5187.39990234375,5180.7001953125,5186.2998046875
1772064960,5185.89990234375,5188.89990234375,5185.2998046875,5188.39990234375
1772065080,5187.7998046875,5190.10009765625,5184.2998046875,5184.7998046875
1772065200,5184.60009765625,5190.7001953125,5184.60009765625,5188.60009765625
1772065320,5188.2001953125,5195.10009765625,5187.7998046875,5194.10009765625
1772065440,5194.7998046875,5198.39990234375,5192.0,5195.89990234375
1772065560,5195.7001953125,5197.2001953125,5194.60009765625,5194.60009765625
1772065680,5194.5,5201.7001953125,5194.5,5200.10009765625
1772065800,5200.89990234375,5204.5,5197.7998046875,5199.0
1772065920,5199.10009765625,5204.7998046875,5199.10009765625,5201.89990234375
1772066040,5201.5,5202.10009765625,5196.60009765625,5198.39990234375
1772066160,5198.2998046875,5200.10009765625,5198.0,5198.60009765625
1772066280,5198.0,5200.7998046875,5196.39990234375,5197.89990234375
1772066400,5197.5,5201.0,5196.2998046875,5200.89990234375
1772066520,5201.39990234375,5202.60009765625,5200.0,5202.2998046875
1772066640,5202.5,5205.0,5202.2001953125,5203.7998046875
1772066760,5203.2998046875,5203.7001953125,5200.0,5203.60009765625
1772066880,5203.5,5203.5,5200.0,5201.2998046875
1772067000,5201.5,5203.0,5200.60009765625,5202.2998046875
1772067120,5202.0,5203.7998046875,5200.7001953125,5203.39990234375
1772067240,5203.7998046875,5206.5,5203.5,5205.0
1772067360,5205.39990234375,5207.39990234375,5204.7998046875,5206.0
1772067480,5205.2998046875,5205.7998046875,5200.0,5203.2001953125
1772067600,5203.7998046875,5211.2998046875,5203.0,5207.7001953125
1772067720,5208.10009765625,5213.2998046875,5205.39990234375,5212.7001953125
1772067840,5212.7001953125,5213.39990234375,5207.39990234375,5208.10009765625
1772067960,5208.2998046875,5208.60009765625,5201.0,5206.60009765625
1772068080,5205.60009765625,5206.0,5198.0,5198.60009765625
1772068200,5200.0,5203.10009765625,5199.60009765625,5201.39990234375
1772068320,5200.2998046875,5204.39990234375,5197.7001953125,5202.5
1772068440,5202.0,5208.7998046875,5202.0,5207.2001953125
1772068560,5207.89990234375,5208.0,5204.2001953125,5205.10009765625
1772068680,5205.10009765625,5206.89990234375,5203.5,5205.39990234375
1772068800,5205.0,5211.0,5205.0,5207.10009765625
1772068920,5206.60009765625,5207.7001953125,5199.60009765625,5200.5
1772069040,5200.39990234375,5203.5,5198.7998046875,5200.39990234375
1772069160,5199.89990234375,5202.89990234375,5197.7998046875,5199.2001953125
1772069280,5199.7001953125,5199.7001953125,5194.7001953125,5196.39990234375
1772069400,5196.2001953125,5200.39990234375,5194.5,5198.60009765625
1772069520,5198.2001953125,5200.0,5196.10009765625,5197.60009765625
1772069640,5197.10009765625,5205.60009765625,5196.39990234375,5205.0
1772069760,5204.7998046875,5206.5,5203.2001953125,5204.2998046875
1772069880,5205.2001953125,5205.5,5200.2998046875,5201.2001953125
1772070000,5201.0,5208.2998046875,5200.7998046875,5207.2001953125
1772070120,5206.7998046875,5206.7998046875,5203.0,5203.89990234375
1772070240,5204.2998046875,5208.0,5204.2001953125,5204.89990234375
1772070360,5205.5,5206.7001953125,5203.5,5206.7001953125
1772070480,5206.2998046875,5207.2001953125,5202.7998046875,5206.10009765625
1772070600,5205.0,5205.89990234375,5200.2001953125,5204.0
1772070720,5203.89990234375,5208.89990234375,5203.7001953125,5206.0
1772070840,5206.0,5209.39990234375,5205.2001953125,5205.89990234375
1772070960,5206.7001953125,5208.5,5205.5,5207.7001953125
1772071080,5207.2001953125,5209.10009765625,5206.2998046875,5206.7998046875
1772071200,5207.0,5211.5,5205.89990234375,5209.2998046875
1772071320,5208.89990234375,5209.2998046875,5203.10009765625,5203.7998046875
1772071440,5204.39990234375,5206.0,5204.2001953125,5205.5
1772071560,5205.10009765625,5205.10009765625,5200.2998046875,5200.2998046875
1772071680,5200.5,5203.2001953125,5200.5,5202.2998046875
1772071800,5202.60009765625,5205.7001953125,5202.60009765625,5205.0
1772071920,5206.0,5206.0,5199.0,5199.39990234375
1772072040,5199.89990234375,5202.2998046875,5196.89990234375,5202.2998046875
1772072160,5202.2001953125,5205.2001953125,5202.10009765625,5203.2001953125
1772072280,5202.89990234375,5205.2998046875,5201.60009765625,5203.2998046875
1772072400,5203.5,5204.89990234375,5203.2001953125,5204.2998046875
1772072520,5204.39990234375,5204.7001953125,5199.60009765625,5199.60009765625
1772072640,5199.5,5200.0,5196.7001953125,5197.89990234375
1772072760,5197.7998046875,5199.39990234375,5196.0,5197.89990234375
1772072880,5198.5,5198.7998046875,5196.0,5196.0
1772073000,5195.7998046875,5199.39990234375,5195.10009765625,5198.60009765625
1772073120,5198.0,5198.10009765625,5194.5,5194.89990234375
1772073240,5194.89990234375,5197.0,5192.60009765625,5192.60009765625
1772073360,5193.7001953125,5198.0,5189.7998046875,5197.0
1772073480,5196.2001953125,5199.2998046875,5195.7998046875,5195.7998046875
1772073600,5195.2998046875,5195.7998046875,5188.7998046875,5193.0
1772073720,5191.5,5192.5,5190.5,5191.39990234375
1772073840,5192.10009765625,5198.2998046875,5191.10009765625,5195.39990234375
1772073960,5195.39990234375,5198.39990234375,5195.2998046875,5197.60009765625
1772074080,5197.7001953125,5198.39990234375,5195.7001953125,5196.5
1772074200,5196.5,5199.5,5196.5,5199.2001953125
1772074320,5199.0,5200.2998046875,5198.10009765625,5199.7998046875
1772074440,5199.5,5201.7998046875,5198.7998046875,5200.7998046875
1772074560,5201.89990234375,5202.0,5200.60009765625,5201.2998046875
1772074680,5200.5,5201.0,5199.2998046875,5199.60009765625
1772074800,5199.39990234375,5202.89990234375,5198.2001953125,5202.7998046875
1772074920,5202.5,5202.60009765625,5201.0,5201.7998046875
1772075040,5201.89990234375,5203.5,5200.0,5200.39990234375
1772075160,5201.2998046875,5202.2001953125,5199.7998046875,5200.5
1772075280,5201.10009765625,5203.39990234375,5201.10009765625,5201.39990234375
1772075400,5202.2001953125,5202.5,5200.0,5200.60009765625
1772075520,5200.5,5202.5,5200.39990234375,5202.5
1772075640,5202.7001953125,5206.39990234375,5201.2001953125,5204.10009765625
1772075760,5204.0,5207.39990234375,5202.89990234375,5207.0
1772075880,5207.0,5209.39990234375,5205.2001953125,5205.89990234375
1772076000,5205.0,5205.5,5203.0,5204.0
1772076120,5204.39990234375,5206.39990234375,5203.2998046875,5206.10009765625
1772076240,5206.5,5206.7998046875,5204.7001953125,5204.7001953125
1772076360,5204.60009765625,5205.89990234375,5203.7001953125,5204.0
1772076480,5203.89990234375,5205.2998046875,5202.7998046875,5203.89990234375
1772076600,5203.89990234375,5205.5,5203.7001953125,5204.7998046875
1772076720,5204.7001953125,5205.2998046875,5203.7001953125,5205.2998046875
1772076840,5205.39990234375,5205.39990234375,5204.10009765625,5204.10009765625
1772076960,5203.7001953125,5203.7001953125,5201.60009765625,5202.0
1772077080,5202.2998046875,5203.0,5201.60009765625,5202.10009765625
1772077200,5202.60009765625,5204.7001953125,5202.60009765625,5204.0
1772077320,5204.2001953125,5204.7001953125,5201.60009765625,5202.0
1772077440,5202.5,5202.7001953125,5201.7998046875,5202.10009765625
1772077560,5202.2998046875,5204.2998046875,5200.0,5201.10009765625
1772077680,5201.2998046875,5204.7001953125,5201.2998046875,5204.7001953125
1772077800,5204.7001953125,5206.0,5203.60009765625,5205.7001953125
1772077920,5205.60009765625,5206.89990234375,5205.60009765625,5205.89990234375
1772078040,5205.7001953125,5207.39990234375,5205.60009765625,5206.89990234375
1772078160,5207.2001953125,5208.60009765625,5207.2001953125,5207.7001953125
1772078280,5208.0,5208.39990234375,5207.7001953125,5208.10009765625
1772078400,5208.10009765625,5210.89990234375,5207.89990234375,5210.89990234375
1772078520,5210.89990234375,5211.39990234375,5208.39990234375,5209.0
1772078640,5209.7998046875,5210.5,5209.0,5209.39990234375
1772078760,5210.0,5212.5,5209.0,5212.2001953125
1772078880,5212.0,5212.2998046875,5211.0,5211.7998046875
1772079000,5211.39990234375,5212.7998046875,5211.0,5212.7998046875
1772079120,5212.2998046875,5215.39990234375,5211.2001953125,5212.60009765625
1772079240,5212.39990234375,5213.0,5212.0,5212.5
1772079360,5212.60009765625,5212.7001953125,5210.10009765625,5210.2001953125
1772079480,5210.2998046875,5210.2998046875,5207.5,5209.7998046875
1772079600,5209.5,5211.2001953125,5209.39990234375,5211.0
1772079720,5211.0,5211.0,5208.60009765625,5208.89990234375
1772079840,5209.10009765625,5210.2998046875,5207.39990234375,5209.0
1772079960,5208.89990234375,5209.2998046875,5207.89990234375,5209.2998046875
1772080080,5209.60009765625,5210.89990234375,5209.60009765625,5210.10009765625
1772080200,5209.89990234375,5211.0,5208.89990234375,5210.2998046875
1772080320,5210.2998046875,5210.7001953125,5209.7998046875,5210.7001953125
1772080440,5210.7001953125,5210.7001953125,5209.60009765625,5210.2998046875
1772080560,5210.60009765625,5211.5,5210.0,5210.7998046875
1772080680,5210.39990234375,5211.5,5210.0,5211.0
1772080800,5211.2001953125,5211.60009765625,5210.5,5211.2998046875
1772080920,5210.89990234375,5211.5,5210.0,5210.60009765625
1772081040,5210.60009765625,5210.89990234375,5210.0,5210.10009765625
1772081160,5210.0,5210.0,5208.2001953125,5209.2001953125
1772081280,5209.5,5210.0,5206.60009765625,5207.0
1772081400,5207.39990234375,5207.7998046875,5206.60009765625,5206.89990234375
1772081520,5207.10009765625,5208.5,5207.10009765625,5208.39990234375
1772081640,5208.89990234375,5209.2998046875,5208.5,5208.60009765625
1772081760,5208.7998046875,5209.39990234375,5208.2001953125,5208.7998046875
1772081880,5209.10009765625,5209.2998046875,5208.39990234375,5208.7001953125
1772082000,5208.7998046875,5211.2001953125,5208.7998046875,5209.10009765625
1772082120,5208.60009765625,5208.89990234375,5206.10009765625,5207.89990234375
1772082240,5208.0,5209.39990234375,5208.0,5208.5
1772082360,5208.89990234375,5209.39990234375,5208.7001953125,5208.7001953125
1772082480,5208.7001953125,5210.7998046875,5208.7001953125,5210.7998046875
1772082600,5211.2998046875,5211.7998046875,5209.60009765625,5211.2998046875
1772082720,5212.10009765625,5215.7001953125,5212.0,5215.2001953125
1772082840,5215.2001953125,5216.7998046875,5212.5,5216.7998046875
1772082960,5216.39990234375,5218.60009765625,5216.2001953125,5216.5
1772083080,5216.5,5219.10009765625,5215.60009765625,5215.89990234375
1772083200,5215.5,5215.5,5214.10009765625,5214.7001953125
1772083320,5214.89990234375,5218.7001953125,5214.89990234375,5218.2998046875
1772083440,5218.7001953125,5221.89990234375,5218.39990234375,5220.7001953125
1772083560,5220.7998046875,5220.89990234375,5217.2998046875,5217.39990234375
1772083680,5217.7998046875,5217.89990234375,5215.7998046875,5216.60009765625
1772083800,5216.2998046875,5218.60009765625,5215.5,5215.7001953125
1772083920,5216.2998046875,5217.60009765625,5215.5,5217.60009765625
1772084040,5217.7001953125,5218.7001953125,5216.2001953125,5217.0
1772084160,5217.7998046875,5219.7001953125,5212.2998046875,5213.39990234375
1772084280,5212.89990234375,5215.60009765625,5212.7001953125,5215.39990234375
1772084400,5215.60009765625,5218.10009765625,5215.39990234375,5216.60009765625
1772084520,5216.89990234375,5217.7998046875,5215.7998046875,5217.10009765625
1772084640,5217.0,5217.0,5212.7998046875,5213.10009765625
1772084760,5212.89990234375,5213.0,5209.10009765625,5209.2998046875
1772084880,5209.39990234375,5210.2998046875,5207.5,5209.7998046875
1772085000,5210.60009765625,5212.10009765625,5209.89990234375,5210.7998046875
1772085120,5211.0,5212.7001953125,5210.5,5210.5
1772085240,5210.2001953125,5213.5,5209.2998046875,5212.5
1772085360,5212.5,5214.2998046875,5212.0,5213.39990234375
1772085480,5213.39990234375,5215.0,5213.39990234375,5214.39990234375
1772085600,5214.7998046875,5215.60009765625,5213.0,5215.39990234375
1772085720,5215.60009765625,5215.60009765625,5211.0,5211.60009765625
1772085840,5211.5,5211.60009765625,5209.89990234375,5211.5
1772085960,5211.5,5216.10009765625,5211.5,5214.89990234375
1772086080,5214.89990234375,5216.0,5214.5,5214.7001953125
1772086200,5214.60009765625,5214.7001953125,5212.60009765625,5213.10009765625
1772086320,5213.2998046875,5214.5,5212.39990234375,5214.2998046875
1772086440,5213.7001953125,5215.0,5213.7001953125,5214.0
1772086560,5213.7001953125,5214.5,5212.89990234375,5213.0
1772086680,5212.7001953125,5213.39990234375,5210.7998046875,5212.5
1772086800,5212.7998046875,5213.2998046875,5210.10009765625,5212.60009765625
1772086920,5212.7998046875,5212.7998046875,5209.5,5212.0
1772087040,5212.7001953125,5213.2998046875,5211.89990234375,5212.10009765625
1772087160,5212.10009765625,5213.0,5210.7998046875,5211.89990234375
1772087280,5211.7998046875,5214.0,5209.60009765625,5210.10009765625
1772087400,5209.7998046875,5214.0,5209.7998046875,5212.7998046875
1772087520,5213.2998046875,5213.7998046875,5212.5,5213.7998046875
1772087640,5213.7998046875,5214.5,5212.7001953125,5213.60009765625
1772087760,5213.7001953125,5215.10009765625,5210.89990234375,5212.10009765625
1772087880,5212.2001953125,5214.2001953125,5212.2001953125,5213.5
1772088000,5213.7998046875,5214.2001953125,5211.0,5213.7001953125
1772088120,5213.7001953125,5213.7998046875,5212.5,5213.5
1772088240,5214.0,5214.2998046875,5212.60009765625,5213.5
1772088360,5213.5,5213.7998046875,5210.5,5210.89990234375
1772088480,5211.10009765625,5212.7001953125,5208.89990234375,5209.7001953125
1772088600,5209.7998046875,5213.7001953125,5207.7998046875,5212.10009765625
1772088720,5212.10009765625,5212.2001953125,5210.0,5211.2998046875
1772088840,5210.89990234375,5210.89990234375,5208.39990234375,5209.2001953125
1772088960,5209.2001953125,5210.0,5207.0,5208.10009765625
1772089080,5208.2001953125,5210.0,5207.39990234375,5209.7998046875
1772089200,5210.2001953125,5211.5,5207.5,5207.60009765625
1772089320,5207.39990234375,5208.60009765625,5203.39990234375,5203.39990234375
1772089440,5203.2001953125,5207.89990234375,5201.2998046875,5206.2001953125
1772089560,5206.60009765625,5206.60009765625,5204.60009765625,5204.7998046875
1772089680,5204.2998046875,5205.39990234375,5198.0,5201.39990234375
1772089800,5201.39990234375,5203.0,5199.0,5202.2998046875
1772089920,5202.2998046875,5202.7001953125,5201.10009765625,5201.39990234375
1772090040,5201.7001953125,5205.2001953125,5201.5,5202.60009765625
1772090160,5202.5,5207.2998046875,5201.7998046875,5207.10009765625
1772090280,5206.89990234375,5207.10009765625,5204.5,5205.7001953125
1772090400,5205.7998046875,5206.10009765625,5203.0,5204.39990234375
1772090520,5204.0,5204.10009765625,5198.7001953125,5201.7998046875
1772090640,5201.7001953125,5204.7001953125,5200.10009765625,5204.2998046875
1772090760,5203.7998046875,5204.10009765625,5202.0,5202.60009765625
1772090880,5202.5,5202.7998046875,5201.10009765625,5201.60009765625
1772091000,5202.0,5204.2001953125,5201.10009765625,5204.2001953125
1772091120,5203.39990234375,5205.5,5203.2998046875,5203.39990234375
1772091240,5203.2998046875,5203.89990234375,5201.7998046875,5202.10009765625
1772091360,5202.39990234375,5203.2001953125,5201.39990234375,5203.10009765625
1772091480,5203.39990234375,5205.7998046875,5202.5,5204.7998046875
1772091600,5205.5,5206.39990234375,5204.60009765625,5205.5
1772091720,5205.7998046875,5206.5,5203.5,5203.60009765625
1772091840,5203.2001953125,5203.2001953125,5202.2001953125,5202.89990234375
1772091960,5202.5,5203.5,5200.7001953125,5201.2001953125
1772092080,5201.2998046875,5201.2998046875,5198.2998046875,5198.2998046875
1772092200,5198.2998046875,5199.5,5196.39990234375,5196.60009765625
1772092320,5196.7998046875,5200.5,5196.5,5200.0
1772092440,5200.5,5203.5,5199.39990234375,5202.39990234375
1772092560,5202.10009765625,5203.60009765625,5202.10009765625,5203.10009765625
1772092680,5203.10009765625,5204.89990234375,5202.60009765625,5202.60009765625
1772092800,5202.7998046875,5204.0,5197.60009765625,5197.60009765625
1772092920,5197.39990234375,5201.2998046875,5196.39990234375,5200.2998046875
1772093040,5200.60009765625,5200.7998046875,5196.60009765625,5197.10009765625
1772093160,5197.10009765625,5198.2998046875,5196.0,5197.10009765625
1772093280,5197.10009765625,5202.10009765625,5195.89990234375,5200.2998046875
1772093400,5200.89990234375,5205.7998046875,5200.2998046875,5203.60009765625
1772093520,5203.7001953125,5206.7998046875,5203.5,5206.10009765625
1772093640,5205.89990234375,5207.89990234375,5204.39990234375,5206.60009765625
1772093760,5205.89990234375,5207.2998046875,5202.60009765625,5202.60009765625
1772093880,5202.89990234375,5203.7001953125,5201.60009765625,5203.7001953125
1772094000,5203.7998046875,5203.7998046875,5201.5,5203.60009765625
1772094120,5203.89990234375,5204.2001953125,5202.60009765625,5202.7998046875
1772094240,5203.0,5204.10009765625,5201.39990234375,5202.2998046875
1772094360,5202.5,5203.60009765625,5193.2998046875,5193.39990234375
1772094480,5193.7001953125,5195.10009765625,5191.10009765625,5193.10009765625
1772094600,5192.60009765625,5196.7001953125,5191.10009765625,5191.7998046875
1772094720,5191.7001953125,5193.39990234375,5186.7001953125,5186.7998046875
1772094840,5186.60009765625,5193.10009765625,5186.5,5190.7001953125
1772094960,5190.89990234375,5191.7001953125,5188.7001953125,5189.7998046875
1772095080,5190.10009765625,5193.89990234375,5189.7998046875,5190.7998046875
1772095200,5190.60009765625,5192.10009765625,5188.0,5191.2001953125
1772095320,5191.0,5193.39990234375,5189.89990234375,5191.39990234375
1772095440,5191.2998046875,5191.89990234375,5188.7998046875,5189.2001953125
1772095560,5188.7001953125,5189.5,5182.89990234375,5185.7998046875
1772095680,5186.2001953125,5196.0,5186.2001953125,5196.0
1772095800,5195.89990234375,5198.5,5195.39990234375,5196.7998046875
1772095920,5196.5,5196.7998046875,5194.89990234375,5195.10009765625
1772096040,5194.60009765625,5195.39990234375,5191.7001953125,5192.10009765625
1772096160,5192.0,5197.39990234375,5191.60009765625,5196.10009765625
1772096280,5196.0,5197.7001953125,5194.39990234375,5195.7998046875
1772096400,5195.39990234375,5196.7998046875,5194.2001953125,5194.2001953125
1772096520,5194.2998046875,5194.5,5191.2998046875,5191.7998046875
1772096640,5191.7998046875,5193.0,5190.10009765625,5191.89990234375
1772096760,5191.7001953125,5193.7998046875,5191.2001953125,5193.7001953125
1772096880,5192.7998046875,5194.60009765625,5192.7001953125,5193.7001953125
1772097000,5193.7001953125,5197.89990234375,5193.7001953125,5196.89990234375
1772097120,5197.10009765625,5198.60009765625,5196.39990234375,5197.5
1772097240,5197.5,5198.39990234375,5196.0,5197.60009765625
1772097360,5197.2998046875,5197.7001953125,5193.2998046875,5193.7998046875
1772097480,5193.7001953125,5194.10009765625,5191.89990234375,5193.0
1772097600,5193.10009765625,5193.10009765625,5191.5,5192.39990234375
1772097720,5192.2001953125,5192.39990234375,5190.89990234375,5191.89990234375
1772097840,5192.2001953125,5195.7001953125,5192.2001953125,5194.0
1772097960,5194.60009765625,5198.0,5194.60009765625,5197.7998046875
1772098080,5197.2998046875,5198.2001953125,5195.7998046875,5197.2001953125
1772098200,5197.10009765625,5198.39990234375,5195.39990234375,5198.2998046875
1772098320,5198.60009765625,5199.7998046875,5198.0,5198.0
1772098440,5198.10009765625,5199.2998046875,5196.2998046875,5199.10009765625
1772098560,5199.2001953125,5199.2001953125,5196.89990234375,5199.0
1772098680,5199.10009765625,5199.7001953125,5198.60009765625,5199.2001953125
1772098800,5199.0,5199.2998046875,5197.7998046875,5198.7001953125
1772098920,5199.0,5199.39990234375,5196.5,5197.2001953125
1772099040,5196.7998046875,5198.60009765625,5196.39990234375,5198.5
1772099160,5198.39990234375,5200.0,5198.10009765625,5199.7998046875
1772099280,5199.7998046875,5201.60009765625,5199.7001953125,5200.7998046875
1772099400,5200.7001953125,5202.2998046875,5200.2001953125,5202.2998046875
1772099520,5202.39990234375,5203.2998046875,5201.39990234375,5202.7998046875
1772099640,5203.10009765625,5204.39990234375,5201.7001953125,5204.2998046875
1772099760,5204.0,5205.7998046875,5202.60009765625,5204.7001953125
1772099880,5204.39990234375,5204.7001953125,5202.0,5202.39990234375
1772100000,5202.60009765625,5203.0,5201.7998046875,5202.89990234375
1772100120,5202.89990234375,5203.7001953125,5201.89990234375,5203.7001953125
1772100240,5203.89990234375,5206.0,5203.60009765625,5205.7001953125
1772100360,5206.10009765625,5206.39990234375,5205.10009765625,5206.0
1772100480,5205.7001953125,5205.7998046875,5204.2001953125,5204.5
1772100600,5204.5,5204.7001953125,5203.2998046875,5204.2998046875
1772100720,5204.0,5204.39990234375,5203.5,5204.0
1772100840,5203.7001953125,5204.7998046875,5203.5,5204.2001953125
1772100960,5204.10009765625,5204.2998046875,5202.0,5202.2001953125
1772101080,5202.2001953125,5202.2001953125,5197.60009765625,5199.0
1772101200,5199.0,5201.0,5198.7001953125,5199.2001953125
1772101320,5198.89990234375,5199.2998046875,5197.2998046875,5197.60009765625
1772101440,5197.39990234375,5201.0,5196.89990234375,5200.39990234375
1772101560,5200.5,5200.7001953125,5197.2001953125,5197.7001953125
1772101680,5197.2998046875,5197.7998046875,5194.89990234375,5195.0
1772101800,5194.89990234375,5195.2998046875,5190.89990234375,5191.2001953125
1772101920,5191.60009765625,5193.5,5190.5,5192.2998046875
1772102040,5192.2998046875,5193.89990234375,5191.0,5191.10009765625
1772102160,5191.0,5192.7001953125,5187.60009765625,5189.39990234375
1772102280,5189.39990234375,5192.2998046875,5189.10009765625,5191.7998046875
1772102400,5191.89990234375,5194.7001953125,5191.2998046875,5193.7998046875
1772102520,5194.10009765625,5194.10009765625,5190.5,5190.60009765625
1772102640,5190.60009765625,5191.2998046875,5187.0,5189.5
1772102760,5189.10009765625,5189.89990234375,5186.7998046875,5188.5
1772102880,5188.7998046875,5188.89990234375,5186.0,5187.0
1772103000,5186.7001953125,5187.39990234375,5185.2998046875,5187.39990234375
1772103120,5187.10009765625,5188.7001953125,5184.5,5187.39990234375
1772103240,5187.60009765625,5189.39990234375,5187.2001953125,5189.2998046875
1772103360,5189.5,5189.5,5183.10009765625,5183.10009765625
1772103480,5183.5,5187.39990234375,5180.60009765625,5187.10009765625
1772103600,5186.7998046875,5189.60009765625,5184.7998046875,5187.7998046875
1772103720,5188.0,5190.7998046875,5188.0,5190.0
1772103840,5190.0,5191.39990234375,5188.2001953125,5191.39990234375
1772103960,5191.2001953125,5194.2998046875,5190.60009765625,5193.0
1772104080,5192.60009765625,5193.60009765625,5191.2998046875,5193.10009765625
1772104200,5192.7001953125,5193.10009765625,5191.10009765625,5192.5
1772104320,5192.5,5192.60009765625,5191.60009765625,5192.39990234375
1772104440,5192.2998046875,5192.2998046875,5188.39990234375,5188.60009765625
1772104560,5188.10009765625,5189.7998046875,5187.10009765625,5189.7998046875
1772104680,5189.7001953125,5192.0,5189.60009765625,5191.60009765625
1772104800,5191.2001953125,5191.2998046875,5190.5,5191.2001953125
1772104920,5191.7001953125,5191.89990234375,5188.10009765625,5188.10009765625
1772105040,5188.2998046875,5192.0,5186.7001953125,5191.0
1772105160,5191.2998046875,5191.7001953125,5187.89990234375,5188.2998046875
1772105280,5188.39990234375,5188.7998046875,5187.5,5187.89990234375
1772105400,5188.10009765625,5190.0,5187.7001953125,5189.39990234375
1772105520,5189.2998046875,5190.2001953125,5189.0,5189.7001953125
1772105640,5190.0,5190.39990234375,5187.89990234375,5189.2998046875
1772105760,5188.89990234375,5189.5,5188.5,5189.5
1772105880,5190.0,5191.7998046875,5189.2998046875,5189.2998046875
1772106000,5189.7998046875,5190.7001953125,5189.7001953125,5190.39990234375
1772106120,5190.0,5190.5,5189.0,5189.0
1772106240,5189.5,5191.0,5188.89990234375,5189.7998046875
1772106360,5189.89990234375,5190.10009765625,5186.89990234375,5187.39990234375
1772106480,5186.89990234375,5187.7998046875,5186.89990234375,5187.5
1772106600,5187.7998046875,5187.7998046875,5182.39990234375,5184.10009765625
1772106720,5184.2001953125,5184.2001953125,5181.39990234375,5181.7998046875
1772106840,5181.60009765625,5181.60009765625,5176.39990234375,5178.10009765625
1772106960,5177.60009765625,5180.5,5177.60009765625,5179.2001953125
1772107080,5180.0,5181.7001953125,5178.7998046875,5180.7001953125
1772107200,5180.89990234375,5184.0,5175.7001953125,5176.10009765625
1772107320,5176.2001953125,5181.0,5173.10009765625,5179.5
1772107440,5179.2998046875,5182.7001953125,5179.0,5179.39990234375
1772107560,5179.2998046875,5183.39990234375,5178.89990234375,5181.39990234375
1772107680,5181.2998046875,5185.2001953125,5179.60009765625,5185.0
1772107800,5185.2998046875,5186.0,5182.89990234375,5184.7998046875
1772107920,5184.60009765625,5185.39990234375,5183.2001953125,5183.7001953125
1772108040,5183.60009765625,5186.0,5182.2001953125,5185.2001953125
1772108160,5184.7998046875,5188.0,5183.10009765625,5188.0
1772108280,5188.10009765625,5189.89990234375,5187.39990234375,5188.2998046875
1772108400,5188.60009765625,5190.2998046875,5186.2998046875,5188.2001953125
1772108520,5188.0,5192.2998046875,5187.39990234375,5191.39990234375
1772108640,5191.10009765625,5194.5,5189.7998046875,5194.10009765625
1772108760,5193.7998046875,5195.10009765625,5193.5,5194.7001953125
1772108880,5194.7998046875,5196.5,5194.39990234375,5194.7001953125
1772109000,5195.10009765625,5196.89990234375,5194.2001953125,5195.39990234375
1772109120,5195.39990234375,5199.5,5194.89990234375,5198.0
1772109240,5197.89990234375,5201.0,5197.89990234375,5199.5
1772109360,5199.5,5199.60009765625,5197.60009765625,5198.39990234375
1772109480,5198.2998046875,5198.7001953125,5196.2001953125,5198.5
1772109600,5198.39990234375,5201.7001953125,5198.39990234375,5201.5
1772109720,5201.60009765625,5203.7001953125,5201.0,5202.39990234375
1772109840,5202.60009765625,5204.2001953125,5201.5,5201.89990234375
1772109960,5202.2001953125,5202.2001953125,5200.10009765625,5200.60009765625
1772110080,5200.39990234375,5200.7998046875,5197.39990234375,5197.39990234375
1772110200,5197.60009765625,5198.0,5196.10009765625,5197.7001953125
1772110320,5197.89990234375,5198.2998046875,5195.2998046875,5197.39990234375
1772110440,5197.0,5197.7998046875,5196.2998046875,5196.60009765625
1772110560,5196.2998046875,5197.2001953125,5196.10009765625,5196.7998046875
1772110680,5196.7998046875,5201.10009765625,5196.5,5200.0
1772110800,5200.10009765625,5202.10009765625,5197.5,5200.2001953125
1772110920,5200.2998046875,5200.2998046875,5196.2998046875,5198.0
1772111040,5197.7998046875,5197.7998046875,5191.0,5195.2998046875
1772111160,5195.5,5196.10009765625,5190.5,5190.7998046875
1772111280,5190.89990234375,5191.89990234375,5187.2998046875,5188.7001953125
1772111400,5188.5,5189.2001953125,5184.60009765625,5185.60009765625
1772111520,5185.2998046875,5189.2001953125,5184.7998046875,5188.0
1772111640,5187.2001953125,5191.60009765625,5185.7998046875,5191.0
1772111760,5191.39990234375,5194.0,5189.7001953125,5192.10009765625
1772111880,5192.2998046875,5192.7001953125,5187.60009765625,5187.60009765625
1772112000,5188.2001953125,5195.2001953125,5187.10009765625,5192.60009765625
1772112120,5192.2998046875,5194.2001953125,5190.2001953125,5191.7998046875
1772112240,5191.39990234375,5194.0,5190.7998046875,5191.7998046875
1772112360,5191.7998046875,5193.39990234375,5190.7001953125,5192.10009765625
1772112480,5191.7001953125,5192.60009765625,5190.10009765625,5191.10009765625
1772112600,5191.2001953125,5191.2001953125,5181.7998046875,5187.7998046875
1772112720,5188.2998046875,5191.39990234375,5186.7998046875,5188.7001953125
1772112840,5189.0,5191.0,5186.2001953125,5186.7001953125
1772112960,5186.60009765625,5189.60009765625,5185.60009765625,5188.2001953125
1772113080,5188.10009765625,5193.2001953125,5188.10009765625,5190.0
1772113200,5189.2001953125,5190.5,5184.0,5186.39990234375
1772113320,5186.7998046875,5187.89990234375,5184.10009765625,5185.0
1772113440,5185.7998046875,5185.7998046875,5180.2001953125,5182.39990234375
1772113560,5182.5,5184.2998046875,5181.2001953125,5183.0
1772113680,5182.7998046875,5185.89990234375,5182.60009765625,5185.0
1772113800,5184.60009765625,5186.7998046875,5183.89990234375,5186.2001953125
1772113920,5186.7001953125,5187.0,5185.10009765625,5186.5
1772114040,5186.0,5187.7998046875,5185.0,5186.60009765625
1772114160,5186.89990234375,5187.89990234375,5184.89990234375,5186.2001953125
1772114280,5186.10009765625,5186.89990234375,5182.10009765625,5182.2998046875
1772114400,5182.2001953125,5182.60009765625,5178.7001953125,5181.7001953125
1772114520,5181.7998046875,5186.0,5178.7998046875,5179.2001953125
1772114640,5179.10009765625,5183.39990234375,5178.0,5178.60009765625
1772114760,5178.10009765625,5181.5,5177.39990234375,5179.2001953125
1772114880,5179.5,5180.10009765625,5176.0,5179.60009765625
1772115000,5179.39990234375,5182.0,5178.5,5181.39990234375
1772115120,5181.2001953125,5183.0,5180.7998046875,5181.7998046875
1772115240,5181.7998046875,5184.39990234375,5180.7001953125,5182.10009765625
1772115360,5181.7998046875,5184.89990234375,5181.0,5182.7001953125
1772115480,5182.7001953125,5183.2998046875,5181.60009765625,5182.39990234375
1772115600,5182.7998046875,5183.0,5179.2998046875,5181.39990234375
1772115720,5181.5,5186.2001953125,5181.5,5183.10009765625
1772115840,5183.2001953125,5186.89990234375,5183.10009765625,5186.0
1772115960,5185.7998046875,5188.39990234375,5185.10009765625,5188.2998046875
1772116080,5188.10009765625,5188.5,5185.89990234375,5186.7001953125
1772116200,5186.39990234375,5186.60009765625,5154.60009765625,5170.0
1772116320,5170.5,5171.89990234375,5163.89990234375,5168.39990234375
1772116440,5168.39990234375,5188.2998046875,5166.39990234375,5183.0
1772116560,5183.0,5191.39990234375,5182.2001953125,5187.89990234375
1772116680,5187.0,5188.2001953125,5181.5,5182.2001953125
1772116800,5182.0,5183.0,5174.39990234375,5180.5
1772116920,5181.5,5187.2998046875,5178.89990234375,5185.7001953125
1772117040,5186.10009765625,5190.60009765625,5181.89990234375,5188.5
1772117160,5188.10009765625,5192.2001953125,5183.2001953125,5185.10009765625
1772117280,5184.2998046875,5188.60009765625,5182.2001953125,5187.0
1772117400,5188.39990234375,5189.7001953125,5182.7998046875,5183.0
1772117520,5183.39990234375,5184.39990234375,5179.7001953125,5183.89990234375
1772117640,5182.7998046875,5187.60009765625,5181.2001953125,5186.60009765625
1772117760,5185.7001953125,5187.2001953125,5182.0,5183.89990234375
1772117880,5183.89990234375,5186.5,5179.89990234375,5181.10009765625
1772118000,5180.7001953125,5184.89990234375,5174.89990234375,5178.5
1772118120,5179.0,5188.60009765625,5179.0,5185.2001953125
1772118240,5185.10009765625,5186.10009765625,5180.2001953125,5182.2001953125
1772118360,5182.2998046875,5186.7001953125,5180.5,5183.2001953125
1772118480,5182.89990234375,5186.0,5180.0,5183.2001953125
1772118600,5184.0,5188.0,5181.10009765625,5186.2998046875
1772118720,5185.60009765625,5185.7001953125,5178.2001953125,5179.2001953125
1772118840,5179.5,5180.39990234375,5173.60009765625,5174.89990234375
1772118960,5174.89990234375,5175.2001953125,5169.39990234375,5170.5
1772119080,5170.89990234375,5175.89990234375,5166.39990234375,5174.89990234375
1772119200,5175.60009765625,5178.5,5170.7998046875,5171.60009765625
1772119320,5172.2001953125,5174.7998046875,5167.89990234375,5170.60009765625
1772119440,5172.2998046875,5175.2998046875,5168.0,5169.0
1772119560,5169.0,5174.39990234375,5144.7998046875,5148.7001953125
1772119680,5148.5,5159.7998046875,5146.2001953125,5157.5
1772119800,5157.2998046875,5165.10009765625,5156.2001953125,5162.60009765625
1772119920,5163.0,5168.39990234375,5162.2998046875,5166.2998046875
1772120040,5166.2998046875,5178.2001953125,5165.7998046875,5178.10009765625
1772120160,5178.2001953125,5180.10009765625,5175.2001953125,5179.5
1772120280,5180.0,5185.7001953125,5178.7001953125,5184.89990234375
1772120400,5184.7998046875,5186.2001953125,5182.10009765625,5184.60009765625
1772120520,5185.0,5192.7001953125,5184.7001953125,5189.2998046875
1772120640,5189.2998046875,5196.7998046875,5188.7001953125,5195.60009765625
1772120760,5195.5,5200.0,5191.39990234375,5199.60009765625
1772120880,5199.89990234375,5204.0,5197.7001953125,5199.2001953125
1772121000,5199.39990234375,5207.2998046875,5197.60009765625,5204.7001953125
1772121120,5205.0,5209.2998046875,5202.89990234375,5208.2998046875
1772121240,5208.0,5210.10009765625,5205.7001953125,5208.2998046875
1772121360,5208.10009765625,5209.5,5202.5,5205.10009765625
1772121480,5205.2998046875,5205.2998046875,5200.0,5202.5
1772121600,5203.0,5204.2998046875,5196.5,5197.2998046875
1772121720,5197.2998046875,5203.5,5195.0,5200.10009765625
1772121840,5199.89990234375,5200.89990234375,5194.10009765625,5195.89990234375
1772121960,5195.7998046875,5196.7998046875,5194.2998046875,5195.60009765625
1772122080,5195.60009765625,5195.89990234375,5193.39990234375,5195.2001953125
1772122200,5194.60009765625,5195.5,5191.89990234375,5194.2001953125
1772122320,5194.7001953125,5197.39990234375,5192.5,5192.5
1772122440,5191.89990234375,5196.10009765625,5189.39990234375,5192.60009765625
1772122560,5192.2001953125,5200.5,5191.7998046875,5200.5
1772122680,5200.60009765625,5201.7998046875,5198.10009765625,5198.2998046875
1772122800,5198.2001953125,5201.2998046875,5195.5,5198.0
1772122920,5198.2001953125,5199.7001953125,5194.10009765625,5194.7001953125
1772123040,5194.39990234375,5196.2998046875,5192.60009765625,5195.7998046875
1772123160,5195.5,5196.10009765625,5192.60009765625,5195.7998046875
1772123280,5196.5,5197.7001953125,5194.89990234375,5197.60009765625
1772123400,5196.89990234375,5198.39990234375,5195.39990234375,5196.39990234375
1772123520,5195.89990234375,5200.2998046875,5195.2998046875,5195.5
1772123640,5196.2001953125,5199.7001953125,5194.7001953125,5199.2001953125
1772123760,5199.0,5201.5,5198.10009765625,5200.2001953125
1772123880,5200.2998046875,5201.39990234375,5196.5,5199.10009765625
1772124000,5199.60009765625,5201.5,5197.2998046875,5201.10009765625
1772124120,5201.10009765625,5203.2001953125,5198.7001953125,5200.0
1772124240,5199.60009765625,5202.2001953125,5198.10009765625,5201.39990234375
1772124360,5201.39990234375,5202.2998046875,5199.10009765625,5200.39990234375
1772124480,5200.39990234375,5202.0,5194.60009765625,5198.5
1772124600,5198.10009765625,5200.7998046875,5196.2001953125,5196.2001953125
1772124720,5196.89990234375,5198.89990234375,5193.10009765625,5194.39990234375
1772124840,5195.10009765625,5196.60009765625,5193.39990234375,5193.60009765625
1772124960,5193.2998046875,5196.10009765625,5192.10009765625,5195.10009765625
1772125080,5195.5,5197.89990234375,5193.60009765625,5196.2998046875
1772125200,5196.7001953125,5199.7001953125,5195.2998046875,5198.7998046875
1772125320,5198.60009765625,5199.10009765625,5196.7001953125,5197.2001953125
1772125440,5197.10009765625,5201.2001953125,5196.39990234375,5201.0
1772125560,5200.2998046875,5204.0,5200.2001953125,5202.89990234375
1772125680,5203.10009765625,5205.39990234375,5202.39990234375,5203.2001953125
1772125800,5203.5,5207.39990234375,5203.5,5205.89990234375
1772125920,5205.89990234375,5205.89990234375,5200.7001953125,5200.7998046875
1772126040,5201.2998046875,5201.2998046875,5195.7001953125,5195.7001953125
1772126160,5195.2998046875,5196.39990234375,5194.2998046875,5196.0
1772126280,5195.60009765625,5196.2998046875,5192.0,5195.10009765625
1772126400,5196.0,5199.0,5196.0,5196.7001953125
1772126520,5196.39990234375,5198.2998046875,5196.39990234375,5196.7001953125
1772126640,5197.2001953125,5197.39990234375,5196.10009765625,5196.2001953125
1772126760,5196.2001953125,5196.39990234375,5192.0,5193.2001953125
1772126880,5193.2998046875,5193.5,5190.39990234375,5191.0
1772127000,5191.2001953125,5192.89990234375,5190.0,5190.39990234375
1772127120,5190.89990234375,5194.0,5188.7001953125,5194.0
1772127240,5193.7998046875,5194.7998046875,5192.5,5194.10009765625
1772127360,5194.2998046875,5194.2998046875,5189.7998046875,5190.89990234375
1772127480,5190.7001953125,5191.39990234375,5189.60009765625,5190.5
1772127600,5191.2001953125,5193.2001953125,5190.39990234375,5191.0
1772127720,5191.10009765625,5193.7001953125,5190.39990234375,5192.39990234375
1772127840,5192.7001953125,5192.7001953125,5190.0,5190.2998046875
1772127960,5189.7998046875,5192.5,5186.7001953125,5188.7998046875
1772128080,5188.7001953125,5191.0,5182.2998046875,5186.2998046875
1772128200,5186.39990234375,5189.7001953125,5183.7001953125,5184.10009765625
1772128320,5184.10009765625,5188.39990234375,5183.10009765625,5183.10009765625
1772128440,5183.10009765625,5184.2998046875,5181.60009765625,5182.60009765625
1772128560,5182.7998046875,5184.0,5179.2001953125,5181.0
1772128680,5181.0,5185.5,5178.60009765625,5184.0
1772128800,5184.2001953125,5188.39990234375,5184.10009765625,5186.2001953125
1772128920,5186.5,5188.2998046875,5184.0,5184.7001953125
1772129040,5185.0,5188.0,5185.0,5187.10009765625
1772129160,5187.2998046875,5187.2998046875,5180.5,5181.60009765625
1772129280,5181.89990234375,5187.0,5181.10009765625,5186.89990234375
1772129400,5186.2001953125,5188.89990234375,5186.0,5187.2998046875
1772129520,5187.89990234375,5189.2001953125,5185.60009765625,5187.89990234375
1772129640,5187.7001953125,5192.2998046875,5186.39990234375,5192.0
1772129760,5191.89990234375,5192.60009765625,5189.10009765625,5191.0
1772129880,5190.89990234375,5193.39990234375,5190.0,5191.39990234375
1772130000,5191.2001953125,5193.5,5190.7998046875,5192.2001953125
1772130120,5192.39990234375,5193.7998046875,5191.2001953125,5192.2001953125
1772130240,5192.0,5193.2998046875,5190.7001953125,5192.2998046875
1772130360,5191.7998046875,5194.39990234375,5190.7001953125,5193.39990234375
1772130480,5193.39990234375,5195.2998046875,5193.2001953125,5194.10009765625
1772130600,5194.2001953125,5197.89990234375,5192.0,5193.7001953125
1772130720,5194.10009765625,5196.5,5189.2001953125,5194.89990234375
1772130840,5195.2001953125,5195.2998046875,5176.2998046875,5185.7001953125
1772130960,5185.39990234375,5188.39990234375,5182.2001953125,5183.0
1772131080,5182.60009765625,5194.39990234375,5182.0,5191.7001953125
1772131200,5192.2998046875,5197.10009765625,5191.2001953125,5196.2001953125
1772131320,5196.5,5199.0,5194.5,5197.10009765625
1772131440,5196.89990234375,5200.60009765625,5196.2998046875,5200.0
1772131560,5199.7998046875,5200.2998046875,5197.7001953125,5198.7998046875
1772131680,5199.0,5201.39990234375,5198.0,5200.7998046875
1772131800,5200.7998046875,5202.7998046875,5200.7998046875,5200.89990234375
1772131920,5201.2998046875,5201.60009765625,5199.2001953125,5199.5
1772132040,5199.2998046875,5199.2998046875,5196.39990234375,5197.7998046875
1772132160,5198.2998046875,5198.60009765625,5195.0,5196.2001953125
1772132280,5196.5,5197.7998046875,5195.7001953125,5196.89990234375
1772132400,5197.2998046875,5200.60009765625,5195.89990234375,5200.60009765625
1772132520,5201.39990234375,5202.0,5199.60009765625,5200.7001953125
1772132640,5200.7001953125,5204.60009765625,5200.7001953125,5202.39990234375
1772132760,5202.89990234375,5204.2998046875,5201.60009765625,5203.60009765625
1772132880,5203.7998046875,5204.0,5201.89990234375,5202.89990234375
1772133000,5203.2001953125,5203.60009765625,5201.39990234375,5202.7998046875
1772133120,5203.2001953125,5205.2001953125,5203.2001953125,5204.39990234375
1772133240,5204.10009765625,5205.2001953125,5202.10009765625,5202.7998046875
1772133360,5202.60009765625,5204.39990234375,5201.60009765625,5202.2998046875
1772133480,5202.2001953125,5205.0,5202.2001953125,5204.60009765625
1772133600,5204.39990234375,5205.7998046875,5204.0,5205.2998046875
1772133720,5205.2001953125,5206.2001953125,5202.39990234375,5203.10009765625
1772133840,5203.5,5203.7998046875,5201.5,5202.39990234375
1772133960,5202.10009765625,5203.60009765625,5201.7998046875,5203.2001953125
1772134080,5203.10009765625,5203.2001953125,5201.5,5202.7001953125
1772134200,5203.0,5203.60009765625,5200.2001953125,5202.2001953125
1772134320,5202.2001953125,5203.7001953125,5201.60009765625,5203.5
1772134440,5203.89990234375,5207.89990234375,5203.7998046875,5207.39990234375
1772134560,5207.39990234375,5208.0,5203.89990234375,5204.89990234375
1772134680,5205.0,5205.0,5200.60009765625,5201.10009765625
1772134800,5201.39990234375,5203.89990234375,5201.39990234375,5202.2001953125
1772134920,5203.2998046875,5204.2001953125,5202.39990234375,5203.10009765625
1772135040,5203.60009765625,5207.5,5202.5,5207.2001953125
1772135160,5207.5,5208.39990234375,5206.2001953125,5208.10009765625
1772135280,5208.0,5211.2998046875,5208.0,5211.10009765625
1772135400,5211.10009765625,5211.2001953125,5208.39990234375,5209.10009765625
1772135520,5209.10009765625,5209.39990234375,5206.2001953125,5206.7001953125
1772135640,5206.2001953125,5207.7001953125,5205.89990234375,5207.0
1772135760,5207.39990234375,5207.39990234375,5205.7001953125,5206.10009765625
1772135880,5205.89990234375,5206.2001953125,5203.2998046875,5204.2001953125
1772136000,5203.89990234375,5207.2001953125,5203.7998046875,5207.0
1772136120,5207.2001953125,5209.0,5206.7998046875,5208.2001953125
1772136240,5208.2998046875,5212.7001953125,5208.2001953125,5212.10009765625
1772136360,5212.0,5213.5,5210.7998046875,5211.7998046875
1772136480,5212.0,5213.0,5211.7998046875,5212.2998046875
1772136600,5211.89990234375,5212.7001953125,5211.39990234375,5211.89990234375
1772136720,5211.60009765625,5214.60009765625,5211.2001953125,5213.7998046875
1772136840,5213.5,5215.0,5212.2998046875,5212.7001953125
1772136960,5212.89990234375,5214.0,5210.0,5210.0
1772137080,5210.39990234375,5211.39990234375,5208.7001953125,5211.39990234375
1772137200,5211.89990234375,5213.2998046875,5211.39990234375,5211.5
1772137320,5211.2998046875,5213.60009765625,5211.2998046875,5213.10009765625
1772137440,5213.10009765625,5215.10009765625,5212.39990234375,5212.5
1772137560,5212.5,5213.10009765625,5211.2001953125,5211.7001953125
1772137680,5212.2998046875,5212.39990234375,5210.2998046875,5210.7998046875
1772137800,5210.89990234375,5211.7001953125,5207.7998046875,5209.0
1772137920,5208.7001953125,5212.10009765625,5208.7001953125,5210.89990234375
1772138040,5210.5,5212.2001953125,5209.7001953125,5211.7001953125
1772138160,5212.0,5212.60009765625,5211.60009765625,5212.2998046875
1772138280,5212.5,5216.5,5212.2998046875,5215.0
1772138400,5214.7001953125,5215.7001953125,5213.5,5214.0
1772138520,5214.2998046875,5216.7001953125,5213.5,5215.60009765625
1772138640,5216.0,5217.7001953125,5214.7998046875,5217.39990234375
1772138760,5216.7001953125,5217.7998046875,5216.0,5217.60009765625
1772138880,5217.7998046875,5218.2001953125,5216.60009765625,5217.2001953125
1772139000,5217.5,5217.7998046875,5211.5,5212.10009765625
1772139120,5212.2998046875,5213.7998046875,5209.39990234375,5209.5
1772139240,5209.60009765625,5210.39990234375,5207.39990234375,5209.0
1772139360,5209.2998046875,5210.2998046875,5206.89990234375,5209.5
1772139480,5209.60009765625,5214.5,5209.60009765625,5213.5
1772139600,5213.7998046875,5217.7998046875,5213.7998046875,5215.2998046875
1772139720,5215.2001953125,5217.10009765625,5214.60009765625,5215.10009765625
1772139840,5215.2001953125,5216.7001953125,5215.2001953125,5216.60009765625
1772139960,5216.2998046875,5217.10009765625,5215.89990234375,5216.39990234375
1772140080,5216.7001953125,5217.2001953125,5216.5,5216.89990234375
1772140200,5216.7001953125,5216.7001953125,5213.89990234375,5214.2998046875
1772140320,5214.60009765625,5215.0,5214.5,5214.7998046875
1772140440,5214.39990234375,5215.39990234375,5211.89990234375,5212.60009765625
1772140560,5212.39990234375,5213.2998046875,5211.10009765625,5212.2998046875
1772140680,5211.7998046875,5212.7001953125,5211.0,5212.2001953125
1772140800,5212.7998046875,5214.10009765625,5212.0,5212.7998046875
1772140920,5213.10009765625,5213.10009765625,5209.39990234375,5209.60009765625
1772141040,5209.60009765625,5209.7001953125,5206.39990234375,5207.2998046875
1772141160,5207.10009765625,5207.10009765625,5203.0,5204.2998046875
1772141280,5204.39990234375,5204.7998046875,5202.2001953125,5203.2998046875
1772141400,5202.89990234375,5206.2001953125,5201.7998046875,5204.2001953125
1772141520,5204.5,5204.7001953125,5202.89990234375,5203.2001953125
1772141640,5203.39990234375,5203.39990234375,5201.89990234375,5201.89990234375
1772141760,5201.7998046875,5203.5,5201.7001953125,5203.2001953125
1772141880,5203.7001953125,5204.60009765625,5203.7001953125,5204.2001953125
1772142000,5204.2998046875,5206.5,5204.2001953125,5206.0
1772142120,5206.39990234375,5207.2001953125,5205.7001953125,5206.10009765625
1772142240,5206.5,5208.5,5206.39990234375,5206.7998046875
1772142360,5206.7998046875,5206.7998046875,5205.0,5205.89990234375
1772142480,5205.7001953125,5205.7001953125,5204.39990234375,5204.60009765625
1772142600,5204.5,5205.2998046875,5203.0,5203.2001953125
1772142720,5203.39990234375,5203.39990234375,5200.39990234375,5200.89990234375
1772142840,5200.89990234375,5202.39990234375,5200.2001953125,5201.7001953125
1772142960,5201.89990234375,5203.2998046875,5201.89990234375,5202.2001953125
1772143080,5202.2001953125,5202.60009765625,5201.2998046875,5201.5
1772146800,5201.89990234375,5206.7001953125,5198.5,5198.5
1772146920,5198.0,5201.0,5191.5,5199.5
1772147040,5198.60009765625,5200.7001953125,5196.89990234375,5199.39990234375
1772147160,5199.0,5203.10009765625,5198.2001953125,5199.2001953125
1772147280,5198.10009765625,5201.0,5195.2001953125,5201.0
1772147400,5200.89990234375,5205.10009765625,5200.7998046875,5203.5
1772147520,5203.7998046875,5205.10009765625,5200.7998046875,5201.2001953125
1772147640,5200.89990234375,5201.7998046875,5199.60009765625,5201.60009765625
1772147760,5201.7001953125,5202.39990234375,5201.39990234375,5201.39990234375
1772147880,5201.7998046875,5202.2001953125,5200.60009765625,5200.60009765625
1772148000,5200.60009765625,5204.2001953125,5200.60009765625,5203.10009765625
1772148120,5202.60009765625,5203.2001953125,5201.39990234375,5201.39990234375
1772148240,5201.7998046875,5201.7998046875,5197.7998046875,5199.0
1772148360,5199.60009765625,5202.2001953125,5198.89990234375,5200.0
1772148480,5200.2001953125,5201.0,5199.7998046875,5200.89990234375
1772148600,5201.0,5201.60009765625,5198.2998046875,5198.2998046875
1772148720,5198.60009765625,5201.60009765625,5198.0,5199.10009765625
1772148840,5200.10009765625,5201.5,5200.0,5201.5
1772148960,5202.2001953125,5203.60009765625,5201.10009765625,5203.5
1772149080,5203.7001953125,5204.0,5202.39990234375,5203.89990234375
1772149200,5203.5,5206.10009765625,5200.39990234375,5204.2001953125
1772149320,5204.7001953125,5206.0,5203.60009765625,5203.7998046875
1772149440,5204.2001953125,5204.5,5201.7001953125,5201.7998046875
1772149560,5202.2001953125,5205.2001953125,5201.7998046875,5204.7001953125
1772149680,5204.60009765625,5205.0,5200.5,5200.5
1772149800,5200.7998046875,5200.7998046875,5199.0,5199.89990234375
1772149920,5200.0,5202.7001953125,5199.7998046875,5201.2001953125
1772150040,5201.2998046875,5201.2998046875,5200.7998046875,5201.2998046875
1772150160,5201.7001953125,5201.7998046875,5201.2001953125,5201.39990234375
1772150280,5201.2001953125,5201.39990234375,5199.7998046875,5200.89990234375
1772150400,5201.60009765625,5202.5,5198.10009765625,5199.60009765625
1772150520,5199.10009765625,5201.39990234375,5196.5,5197.2998046875
1772150640,5196.89990234375,5197.7001953125,5195.10009765625,5197.7001953125
1772150760,5196.89990234375,5201.60009765625,5195.7001953125,5201.2998046875
1772150880,5201.60009765625,5201.60009765625,5197.39990234375,5198.89990234375
1772151000,5199.5,5203.2001953125,5199.10009765625,5201.2998046875
1772151120,5201.7001953125,5203.39990234375,5201.7001953125,5202.39990234375
1772151240,5201.60009765625,5203.60009765625,5199.39990234375,5202.60009765625
1772151360,5203.0,5205.2998046875,5203.0,5205.10009765625
1772151480,5205.5,5206.89990234375,5205.2001953125,5205.7998046875
1772151600,5206.39990234375,5212.0,5205.60009765625,5209.60009765625
1772151720,5209.5,5210.60009765625,5207.60009765625,5209.39990234375
1772151840,5209.0,5209.2998046875,5207.60009765625,5208.0
1772151960,5208.5,5208.5,5205.2001953125,5205.5
1772152080,5206.0,5206.39990234375,5204.2001953125,5204.2001953125
1772152200,5204.2001953125,5206.10009765625,5203.7998046875,5204.89990234375
1772152320,5204.89990234375,5205.2001953125,5197.7001953125,5198.7001953125
1772152440,5198.89990234375,5199.60009765625,5195.7001953125,5195.7001953125
1772152560,5195.60009765625,5195.60009765625,5187.5,5192.2001953125
1772152680,5192.0,5192.7998046875,5187.7998046875,5191.2998046875
1772152800,5190.2998046875,5191.7998046875,5186.0,5188.89990234375
1772152920,5188.0,5193.2001953125,5187.89990234375,5192.60009765625
1772153040,5191.89990234375,5194.2998046875,5189.5,5190.2001953125
1772153160,5189.7998046875,5192.89990234375,5189.5,5192.60009765625
1772153280,5192.7998046875,5193.5,5188.0,5190.10009765625
1772153400,5190.39990234375,5192.2001953125,5190.39990234375,5191.60009765625
1772153520,5191.0,5192.5,5188.89990234375,5191.60009765625
1772153640,5192.0,5194.0,5191.2998046875,5192.5
1772153760,5192.10009765625,5192.89990234375,5190.0,5192.2001953125
1772153880,5192.39990234375,5192.39990234375,5190.60009765625,5191.60009765625
1772154000,5191.10009765625,5193.2998046875,5187.2001953125,5188.39990234375
1772154120,5186.89990234375,5190.7998046875,5184.7001953125,5190.10009765625
1772154240,5189.7001953125,5193.7998046875,5189.10009765625,5192.39990234375
1772154360,5191.7998046875,5191.7998046875,5182.89990234375,5184.7998046875
1772154480,5184.2998046875,5191.5,5183.5,5191.5
1772154600,5191.5,5194.5,5191.0,5193.5
1772154720,5193.89990234375,5195.39990234375,5192.60009765625,5194.7001953125
1772154840,5194.7001953125,5194.7998046875,5191.7998046875,5194.39990234375
1772154960,5194.2001953125,5195.10009765625,5192.39990234375,5194.0
1772155080,5194.0,5195.2998046875,5194.0,5194.7001953125
1772155200,5193.89990234375,5196.7998046875,5192.7998046875,5194.5
1772155320,5194.10009765625,5195.2001953125,5192.89990234375,5193.2998046875
1772155440,5193.0,5195.2998046875,5191.39990234375,5192.10009765625
1772155560,5193.39990234375,5194.7998046875,5192.5,5192.89990234375
1772155680,5193.7998046875,5193.7998046875,5191.2001953125,5191.39990234375
1772155800,5191.10009765625,5193.60009765625,5189.39990234375,5191.2001953125
1772155920,5192.5,5199.2998046875,5192.5,5196.7001953125
1772156040,5197.2998046875,5200.5,5197.2998046875,5199.5
1772156160,5199.89990234375,5206.2001953125,5198.89990234375,5205.5
1772156280,5205.2998046875,5207.5,5203.60009765625,5206.7001953125
1772156400,5207.0,5207.39990234375,5204.0,5204.7998046875
1772156520,5204.89990234375,5205.2998046875,5203.0,5203.5
1772156640,5203.2001953125,5205.7001953125,5203.0,5204.5
1772156760,5205.0,5205.10009765625,5203.10009765625,5204.0
1772156880,5204.39990234375,5205.7001953125,5203.10009765625,5204.0
1772157000,5203.89990234375,5209.7001953125,5203.39990234375,5207.60009765625
1772157120,5207.2998046875,5209.7998046875,5207.2001953125,5208.60009765625
1772157240,5208.0,5208.39990234375,5206.5,5207.2001953125
1772157360,5207.2001953125,5208.2998046875,5206.0,5206.2998046875
1772157480,5206.39990234375,5210.5,5205.7001953125,5210.2001953125
1772157600,5210.2001953125,5213.89990234375,5208.60009765625,5208.7001953125
1772157720,5209.10009765625,5210.89990234375,5207.60009765625,5209.60009765625
1772157840,5210.0,5214.89990234375,5208.89990234375,5213.7998046875
1772157960,5213.7998046875,5216.2001953125,5211.7998046875,5215.7001953125
1772158080,5215.89990234375,5216.10009765625,5210.7001953125,5212.10009765625
1772158200,5212.60009765625,5213.10009765625,5208.39990234375,5208.7001953125
1772158320,5208.60009765625,5211.5,5208.5,5210.2001953125
1772158440,5210.10009765625,5212.2001953125,5210.10009765625,5211.0
1772158560,5211.2001953125,5211.2001953125,5210.0,5210.5
1772158680,5209.7998046875,5209.7998046875,5207.89990234375,5208.2001953125
1772158800,5208.2998046875,5208.7998046875,5204.5,5205.10009765625
1772158920,5205.2001953125,5205.2001953125,5201.60009765625,5203.5
1772159040,5204.0,5204.5,5202.7998046875,5204.10009765625
1772159160,5204.10009765625,5205.0,5202.2998046875,5203.0
1772159280,5203.5,5204.2001953125,5200.7998046875,5200.89990234375
1772159400,5201.2998046875,5203.10009765625,5199.7998046875,5201.7998046875
1772159520,5201.7001953125,5202.0,5198.7001953125,5199.89990234375
1772159640,5199.60009765625,5201.39990234375,5198.10009765625,5199.10009765625
1772159760,5198.39990234375,5200.2998046875,5192.2001953125,5194.60009765625
1772159880,5194.60009765625,5195.7001953125,5191.2998046875,5195.7001953125
1772160000,5195.7001953125,5197.7001953125,5194.5,5196.2001953125
1772160120,5195.5,5198.2001953125,5195.5,5197.2998046875
1772160240,5196.89990234375,5199.5,5196.7001953125,5199.5
1772160360,5199.5,5199.7001953125,5195.2001953125,5195.2001953125
1772160480,5195.0,5196.7998046875,5194.0,5195.39990234375
1772160600,5195.2998046875,5195.7001953125,5190.2001953125,5192.0
1772160720,5191.60009765625,5193.60009765625,5191.39990234375,5193.2001953125
1772160840,5193.39990234375,5195.2001953125,5193.0,5194.2001953125
1772160960,5194.5,5199.89990234375,5194.5,5199.89990234375
1772161080,5199.89990234375,5201.60009765625,5199.5,5200.2998046875
1772161200,5200.7001953125,5202.0,5199.2998046875,5200.7998046875
1772161320,5201.7001953125,5201.7001953125,5198.60009765625,5199.5
1772161440,5199.7001953125,5200.39990234375,5198.89990234375,5199.60009765625
1772161560,5199.39990234375,5200.39990234375,5197.5,5200.39990234375
1772161680,5199.7001953125,5200.7001953125,5198.7001953125,5199.39990234375
1772161800,5200.2001953125,5200.2001953125,5198.5,5198.5
1772161920,5198.89990234375,5200.39990234375,5198.7998046875,5200.0
1772162040,5199.10009765625,5201.39990234375,5198.5,5201.0
1772162160,5200.2998046875,5201.10009765625,5198.10009765625,5199.60009765625
1772162280,5199.7998046875,5200.7998046875,5199.0,5200.2998046875
1772162400,5200.0,5200.39990234375,5198.60009765625,5200.10009765625
1772162520,5200.2001953125,5201.39990234375,5199.7998046875,5201.2998046875
1772162640,5200.89990234375,5203.2998046875,5200.0,5203.0
1772162760,5203.0,5205.0,5202.2001953125,5203.7001953125
1772162880,5203.89990234375,5204.10009765625,5202.5,5203.5
1772163000,5203.39990234375,5204.89990234375,5202.10009765625,5204.5
1772163120,5204.10009765625,5205.60009765625,5203.7001953125,5204.60009765625
1772163240,5204.60009765625,5204.60009765625,5202.7001953125,5204.10009765625
1772163360,5203.7001953125,5204.2998046875,5200.7998046875,5201.0
1772163480,5200.5,5202.7998046875,5200.2001953125,5202.7998046875
1772163600,5202.2998046875,5203.10009765625,5202.2001953125,5203.10009765625
1772163720,5203.5,5204.2998046875,5203.2998046875,5203.2998046875
1772163840,5203.0,5204.2001953125,5202.89990234375,5203.7998046875
1772163960,5204.2998046875,5205.5,5203.7998046875,5205.2001953125
1772164080,5205.39990234375,5207.39990234375,5205.39990234375,5206.2001953125
1772164200,5206.10009765625,5207.2001953125,5205.5,5206.2998046875
1772164320,5206.39990234375,5207.0,5205.7998046875,5206.60009765625
1772164440,5206.5,5206.7998046875,5205.7998046875,5206.60009765625
1772164560,5206.7001953125,5206.7998046875,5203.2001953125,5203.60009765625
1772164680,5203.2998046875,5203.60009765625,5200.89990234375,5201.2001953125
1772164800,5200.60009765625,5202.39990234375,5200.60009765625,5201.2001953125
1772164920,5201.0,5202.7998046875,5201.0,5201.89990234375
1772165040,5202.7001953125,5203.10009765625,5201.5,5202.7001953125
1772165160,5202.7001953125,5204.0,5202.7001953125,5204.0
1772165280,5204.0,5204.2998046875,5202.60009765625,5202.60009765625
1772165400,5202.60009765625,5202.60009765625,5200.7998046875,5201.60009765625
1772165520,5201.60009765625,5202.2998046875,5201.60009765625,5202.2998046875
1772165640,5202.2001953125,5203.39990234375,5202.10009765625,5202.7998046875
1772165760,5202.60009765625,5202.60009765625,5201.5,5201.5
1772165880,5201.39990234375,5201.7001953125,5201.39990234375,5201.60009765625
1772166000,5201.0,5201.0,5198.0,5200.0
1772166120,5200.7998046875,5203.89990234375,5200.7998046875,5203.7001953125
1772166240,5203.89990234375,5205.5,5203.0,5204.89990234375
1772166360,5203.7998046875,5204.0,5203.10009765625,5203.2001953125
1772166480,5203.39990234375,5204.10009765625,5203.10009765625,5204.10009765625
1772166600,5203.7998046875,5203.7998046875,5202.89990234375,5202.89990234375
1772166720,5203.2001953125,5203.7001953125,5202.10009765625,5202.5
1772166840,5202.10009765625,5203.5,5202.0,5203.10009765625
1772166960,5204.2998046875,5205.2998046875,5204.2998046875,5205.2998046875
1772167080,5204.89990234375,5205.2998046875,5204.2001953125,5204.2998046875
1772167200,5204.10009765625,5204.10009765625,5204.10009765625,5204.10009765625
1772167320,5204.39990234375,5204.5,5203.7001953125,5203.89990234375
1772167440,5203.2001953125,5204.2001953125,5203.10009765625,5203.7001953125
1772167560,5203.5,5203.7998046875,5203.2998046875,5203.39990234375
1772167680,5203.2998046875,5203.2998046875,5201.7998046875,5202.2001953125
1772167800,5202.10009765625,5202.39990234375,5201.5,5202.2001953125
1772167920,5202.2998046875,5202.39990234375,5201.0,5201.39990234375
1772168040,5201.60009765625,5201.7998046875,5199.10009765625,5199.7001953125
1772168160,5200.10009765625,5201.2001953125,5200.10009765625,5200.39990234375
1772168280,5200.5,5200.5,5200.5,5200.5
1772168400,5198.10009765625,5199.89990234375,5198.0,5199.2998046875
1772168520,5199.5,5200.60009765625,5199.5,5200.60009765625
1772168640,5200.0,5202.39990234375,5199.89990234375,5201.0
1772168760,5200.7001953125,5202.0,5200.7001953125,5202.0
1772168880,5201.89990234375,5201.89990234375,5201.2998046875,5201.2998046875
1772169000,5201.0,5202.39990234375,5200.7998046875,5202.39990234375
1772169120,5202.39990234375,5204.10009765625,5202.2001953125,5202.7998046875
1772169240,5203.2998046875,5204.2001953125,5202.7001953125,5203.2001953125
1772169360,5203.2001953125,5203.5,5202.7001953125,5203.10009765625
1772169480,5203.5,5203.5,5202.5,5203.2001953125
1772169600,5203.2001953125,5204.10009765625,5203.0,5203.5
1772169720,5203.39990234375,5204.60009765625,5203.2998046875,5204.39990234375
1772169840,5204.7001953125,5207.60009765625,5204.5,5207.0
1772169960,5207.39990234375,5210.10009765625,5207.39990234375,5210.10009765625
1772170080,5210.0,5211.5,5209.39990234375,5211.5
1772170200,5211.5,5213.89990234375,5210.2998046875,5212.2998046875
1772170320,5212.2998046875,5214.2998046875,5211.7001953125,5212.7998046875
1772170440,5212.89990234375,5213.60009765625,5210.2998046875,5210.89990234375
1772170560,5210.60009765625,5211.2001953125,5207.2998046875,5210.2001953125
1772170680,5210.2001953125,5211.7998046875,5209.7998046875,5211.2001953125
1772170800,5211.2001953125,5211.39990234375,5208.7001953125,5209.60009765625
1772170920,5209.7001953125,5211.0,5209.2998046875,5209.60009765625
1772171040,5209.7001953125,5210.39990234375,5208.2001953125,5209.60009765625
1772171160,5210.5,5210.7998046875,5208.60009765625,5210.39990234375
1772171280,5210.60009765625,5210.7001953125,5207.89990234375,5207.89990234375
1772171400,5207.7998046875,5209.5,5207.7998046875,5208.7001953125
1772171520,5209.2001953125,5211.7001953125,5208.89990234375,5210.89990234375
1772171640,5212.0,5213.60009765625,5210.7998046875,5210.89990234375
1772171760,5211.5,5216.10009765625,5211.0,5214.2001953125
1772171880,5214.7001953125,5217.5,5214.0,5214.7001953125
1772172000,5214.60009765625,5215.5,5213.2998046875,5213.89990234375
1772172120,5214.10009765625,5214.5,5210.10009765625,5210.2001953125
1772172240,5210.10009765625,5212.7001953125,5210.0,5211.5
1772172360,5211.7998046875,5213.10009765625,5211.7998046875,5211.89990234375
1772172480,5212.10009765625,5213.0,5211.2998046875,5211.2998046875
1772172600,5211.7998046875,5215.10009765625,5211.7001953125,5214.10009765625
1772172720,5214.5,5214.5,5212.7998046875,5213.5
1772172840,5213.7998046875,5215.60009765625,5213.2998046875,5215.39990234375
1772172960,5215.10009765625,5216.2998046875,5213.7998046875,5214.2998046875
1772173080,5214.2001953125,5214.2998046875,5211.5,5212.0
1772173200,5212.0,5212.2001953125,5210.5,5211.2998046875
1772173320,5212.2001953125,5213.5,5212.2001953125,5213.0
1772173440,5213.39990234375,5213.39990234375,5210.5,5211.10009765625
1772173560,5211.2001953125,5211.2001953125,5209.2001953125,5209.5
1772173680,5209.60009765625,5211.10009765625,5209.2001953125,5210.10009765625
1772173800,5210.5,5213.5,5210.39990234375,5210.39990234375
1772173920,5210.7998046875,5211.7001953125,5209.7001953125,5210.7998046875
1772174040,5211.2998046875,5211.39990234375,5209.2001953125,5210.5
1772174160,5210.2998046875,5212.10009765625,5209.2998046875,5209.7998046875
1772174280,5209.2998046875,5211.2998046875,5208.60009765625,5211.2998046875
1772174400,5211.39990234375,5213.10009765625,5210.89990234375,5212.2998046875
1772174520,5212.60009765625,5213.7001953125,5210.60009765625,5210.60009765625
1772174640,5210.39990234375,5211.0,5209.2998046875,5210.0
1772174760,5209.7001953125,5210.0,5209.2998046875,5209.7001953125
1772174880,5209.5,5210.0,5208.5,5209.0
1772175000,5208.7001953125,5210.0,5207.10009765625,5207.2001953125
1772175120,5207.0,5208.7001953125,5205.5,5206.5
1772175240,5207.10009765625,5207.10009765625,5203.5,5204.2001953125
1772175360,5204.2001953125,5205.0,5201.89990234375,5203.5
1772175480,5203.5,5203.89990234375,5202.2001953125,5202.7998046875
1772175600,5202.89990234375,5203.5,5200.5,5201.89990234375
1772175720,5202.10009765625,5205.0,5202.10009765625,5203.89990234375
1772175840,5203.89990234375,5205.7998046875,5202.0,5205.2998046875
1772175960,5205.10009765625,5206.0,5203.2001953125,5205.5
1772176080,5205.2998046875,5206.5,5203.2998046875,5204.0
1772176200,5204.2001953125,5206.2998046875,5203.39990234375,5205.0
1772176320,5205.39990234375,5205.60009765625,5202.2001953125,5202.7998046875
1772176440,5202.39990234375,5203.10009765625,5198.2001953125,5199.39990234375
1772176560,5199.5,5199.5,5196.0,5196.10009765625
1772176680,5196.60009765625,5198.89990234375,5194.5,5194.89990234375
1772176800,5195.10009765625,5199.5,5194.5,5198.89990234375
1772176920,5198.7001953125,5200.60009765625,5197.7001953125,5197.7001953125
1772177040,5198.0,5202.2998046875,5197.5,5200.39990234375
1772177160,5200.10009765625,5200.2998046875,5198.7001953125,5199.2998046875
1772177280,5199.60009765625,5200.5,5195.2998046875,5195.39990234375
1772177400,5195.60009765625,5198.5,5192.60009765625,5192.60009765625
1772177520,5192.89990234375,5197.89990234375,5192.7001953125,5197.60009765625
1772177640,5198.0,5198.2001953125,5196.7001953125,5197.5
1772177760,5197.2998046875,5199.0,5197.2001953125,5197.7998046875
1772177880,5197.7998046875,5199.2998046875,5197.7001953125,5199.10009765625
1772178000,5199.2998046875,5199.60009765625,5197.2001953125,5198.10009765625
1772178120,5197.7998046875,5198.2998046875,5196.60009765625,5197.2998046875
1772178240,5197.2998046875,5197.89990234375,5196.5,5197.2998046875
1772178360,5197.60009765625,5199.10009765625,5197.2001953125,5197.2998046875
1772178480,5197.10009765625,5198.2001953125,5196.5,5198.10009765625
1772178600,5198.2001953125,5198.2001953125,5195.89990234375,5196.89990234375
1772178720,5196.89990234375,5197.2001953125,5194.7001953125,5195.2001953125
1772178840,5194.89990234375,5197.7001953125,5194.89990234375,5197.2001953125
1772178960,5197.7001953125,5199.39990234375,5196.7001953125,5196.7001953125
1772179080,5196.39990234375,5196.60009765625,5192.60009765625,5193.10009765625
1772179200,5193.2001953125,5198.39990234375,5193.2001953125,5198.0
1772179320,5197.60009765625,5199.39990234375,5196.7998046875,5196.7998046875
1772179440,5197.5,5199.2998046875,5196.7001953125,5198.10009765625
1772179560,5198.5,5198.7001953125,5194.2001953125,5196.60009765625
1772179680,5197.0,5197.89990234375,5196.7998046875,5197.2998046875
1772179800,5197.7998046875,5197.89990234375,5196.39990234375,5197.7001953125
1772179920,5197.7998046875,5198.0,5195.7001953125,5196.60009765625
1772180040,5196.60009765625,5196.60009765625,5194.5,5195.2998046875
1772180160,5195.39990234375,5196.39990234375,5193.7998046875,5196.2998046875
1772180280,5195.89990234375,5197.10009765625,5195.0,5196.0
1772180400,5195.7998046875,5196.2998046875,5195.39990234375,5196.0
1772180520,5196.0,5196.0,5193.0,5193.2998046875
1772180640,5193.2001953125,5194.7001953125,5191.10009765625,5193.60009765625
1772180760,5193.39990234375,5196.0,5192.7998046875,5195.89990234375
1772180880,5195.89990234375,5196.5,5194.39990234375,5194.60009765625
1772181000,5194.10009765625,5196.0,5193.7001953125,5195.0
1772181120,5195.2001953125,5197.2001953125,5194.89990234375,5195.7001953125
1772181240,5195.60009765625,5199.2001953125,5195.5,5198.2001953125
1772181360,5198.2001953125,5198.60009765625,5196.7001953125,5197.2001953125
1772181480,5197.60009765625,5198.0,5196.39990234375,5196.89990234375
1772181600,5196.7001953125,5198.0,5196.2998046875,5197.2001953125
1772181720,5197.2001953125,5198.2998046875,5196.89990234375,5196.89990234375
1772181840,5197.39990234375,5199.0,5197.0,5199.0
1772181960,5199.0,5199.0,5196.7998046875,5197.89990234375
1772182080,5197.60009765625,5197.89990234375,5195.7001953125,5196.10009765625
1772182200,5195.7001953125,5196.5,5195.39990234375,5196.5
1772182320,5196.10009765625,5197.39990234375,5194.7998046875,5195.0
1772182440,5194.7998046875,5196.2001953125,5193.10009765625,5196.0
1772182560,5196.0,5196.7998046875,5195.39990234375,5196.2001953125
1772182680,5196.10009765625,5196.7998046875,5194.5,5195.10009765625
1772182800,5195.39990234375,5197.7001953125,5194.39990234375,5197.2998046875
1772182920,5197.5,5198.0,5193.89990234375,5194.39990234375
1772183040,5194.2001953125,5195.60009765625,5193.7998046875,5195.0
1772183160,5195.7998046875,5196.0,5193.60009765625,5194.7998046875
1772183280,5194.0,5194.7998046875,5192.5,5194.7998046875
1772183400,5194.5,5194.5,5191.5,5192.7001953125
1772183520,5192.7001953125,5194.39990234375,5192.10009765625,5193.7001953125
1772183640,5194.0,5196.2998046875,5194.0,5195.7001953125
1772183760,5195.89990234375,5197.5,5193.7001953125,5193.7001953125
1772183880,5194.60009765625,5195.2001953125,5193.60009765625,5194.2001953125
1772184000,5194.2001953125,5197.2001953125,5193.7001953125,5195.7001953125
1772184120,5195.39990234375,5196.10009765625,5194.10009765625,5194.7001953125
1772184240,5194.7998046875,5196.60009765625,5193.89990234375,5196.0
1772184360,5196.10009765625,5198.60009765625,5196.10009765625,5197.60009765625
1772184480,5197.7998046875,5197.7998046875,5195.5,5195.7001953125
1772184600,5195.2001953125,5196.60009765625,5194.2001953125,5196.39990234375
1772184720,5196.5,5196.89990234375,5195.7998046875,5196.39990234375
1772184840,5195.89990234375,5196.89990234375,5195.7001953125,5196.39990234375
1772184960,5196.10009765625,5196.7998046875,5194.5,5195.2001953125
1772185080,5195.2998046875,5196.89990234375,5195.2998046875,5196.89990234375
1772185200,5196.89990234375,5197.89990234375,5196.7998046875,5197.7001953125
1772185320,5197.5,5198.10009765625,5196.60009765625,5197.2001953125
1772185440,5196.7998046875,5199.2998046875,5196.5,5198.39990234375
1772185560,5198.7001953125,5198.7001953125,5194.5,5195.39990234375
1772185680,5195.0,5196.5,5188.89990234375,5193.39990234375
1772185800,5193.7998046875,5193.7998046875,5188.7998046875,5193.0
1772185920,5192.89990234375,5194.2998046875,5191.60009765625,5191.60009765625
1772186040,5192.2001953125,5192.2001953125,5188.5,5190.2998046875
1772186160,5190.7001953125,5191.7998046875,5189.89990234375,5191.2001953125
1772186280,5191.2998046875,5192.89990234375,5191.2998046875,5192.2998046875
1772186400,5192.5,5193.2001953125,5191.89990234375,5193.10009765625
1772186520,5193.2998046875,5193.2998046875,5190.89990234375,5190.89990234375
1772186640,5190.7998046875,5191.7001953125,5187.60009765625,5189.89990234375
1772186760,5190.5,5191.7001953125,5189.7998046875,5191.60009765625
1772186880,5192.0,5192.7998046875,5190.2998046875,5191.0
1772187000,5191.2001953125,5192.0,5188.2998046875,5188.2998046875
1772187120,5188.39990234375,5188.7998046875,5183.2001953125,5186.89990234375
1772187240,5187.10009765625,5190.7998046875,5187.10009765625,5190.60009765625
1772187360,5190.7998046875,5193.7998046875,5190.0,5193.60009765625
1772187480,5193.39990234375,5196.60009765625,5192.5,5194.7998046875
1772187600,5194.60009765625,5196.7998046875,5194.39990234375,5194.39990234375
1772187720,5193.7998046875,5194.10009765625,5192.89990234375,5193.5
1772187840,5193.39990234375,5195.39990234375,5192.39990234375,5195.39990234375
1772187960,5195.39990234375,5196.2001953125,5195.0,5196.2001953125
1772188080,5196.2998046875,5197.2001953125,5188.5,5189.5
1772188200,5189.60009765625,5192.10009765625,5188.7998046875,5191.2998046875
1772188320,5191.0,5192.7001953125,5189.7998046875,5190.0
1772188440,5190.89990234375,5191.2001953125,5187.2998046875,5188.0
1772188560,5188.2001953125,5189.0,5184.60009765625,5188.2998046875
1772188680,5188.39990234375,5191.2001953125,5188.39990234375,5190.5
1772188800,5191.10009765625,5191.5,5188.5,5188.5
1772188920,5188.60009765625,5190.7001953125,5188.60009765625,5189.7001953125
1772189040,5189.39990234375,5192.7998046875,5189.2001953125,5191.7001953125
1772189160,5192.0,5194.10009765625,5191.7998046875,5193.7998046875
1772189280,5193.60009765625,5195.60009765625,5193.5,5194.10009765625
1772189400,5194.2998046875,5194.5,5192.7001953125,5193.39990234375
1772189520,5193.60009765625,5194.39990234375,5191.7001953125,5192.2998046875
1772189640,5192.39990234375,5193.39990234375,5191.89990234375,5193.2001953125
1772189760,5193.0,5193.2998046875,5191.89990234375,5192.60009765625
1772189880,5192.7998046875,5194.10009765625,5192.7001953125,5193.60009765625
1772190000,5193.60009765625,5194.2001953125,5193.10009765625,5193.2998046875
1772190120,5193.2998046875,5193.2998046875,5192.39990234375,5192.7001953125
1772190240,5192.2998046875,5192.2998046875,5191.2001953125,5191.39990234375
1772190360,5191.39990234375,5193.39990234375,5190.7998046875,5193.0
1772190480,5192.7001953125,5193.2998046875,5191.7001953125,5193.2998046875
1772190600,5193.39990234375,5194.2998046875,5192.89990234375,5193.0
1772190720,5192.39990234375,5192.39990234375,5191.0,5191.2998046875
1772190840,5190.89990234375,5190.89990234375,5188.7998046875,5189.5
1772190960,5189.5,5190.60009765625,5188.89990234375,5188.89990234375
1772191080,5188.7998046875,5190.7001953125,5188.2998046875,5190.10009765625
1772191200,5190.2001953125,5191.2001953125,5189.2001953125,5190.89990234375
1772191320,5192.2001953125,5193.39990234375,5191.7998046875,5193.39990234375
1772191440,5193.2001953125,5193.2001953125,5192.0,5192.60009765625
1772191560,5192.0,5195.2001953125,5191.10009765625,5191.2001953125
1772191680,5190.7998046875,5194.60009765625,5190.7998046875,5193.7001953125
1772191800,5193.89990234375,5195.2001953125,5193.89990234375,5194.2001953125
1772191920,5194.10009765625,5196.5,5194.10009765625,5195.2998046875
1772192040,5195.7998046875,5196.10009765625,5194.60009765625,5195.39990234375
1772192160,5195.5,5195.5,5192.89990234375,5194.5
1772192280,5194.2001953125,5194.5,5193.60009765625,5193.60009765625
1772192400,5193.89990234375,5195.2998046875,5193.39990234375,5193.7001953125
1772192520,5193.7001953125,5194.89990234375,5192.89990234375,5194.2001953125
1772192640,5193.7998046875,5195.2998046875,5193.39990234375,5195.2998046875
1772192760,5195.39990234375,5197.39990234375,5195.39990234375,5196.7998046875
1772192880,5196.7998046875,5197.89990234375,5196.2001953125,5197.5
1772193000,5197.2998046875,5198.5,5196.7001953125,5197.2998046875
1772193120,5197.2998046875,5197.7001953125,5196.5,5197.7001953125
1772193240,5197.60009765625,5201.39990234375,5197.60009765625,5199.89990234375
1772193360,5200.2001953125,5200.89990234375,5199.89990234375,5200.7001953125
1772193480,5201.60009765625,5202.2001953125,5200.7998046875,5202.0
1772193600,5202.10009765625,5204.0,5201.89990234375,5202.2001953125
1772193720,5201.7998046875,5203.2998046875,5201.60009765625,5202.60009765625
1772193840,5203.0,5205.7001953125,5202.89990234375,5205.10009765625
1772193960,5205.10009765625,5207.0,5203.7001953125,5206.2998046875
1772194080,5206.60009765625,5206.7998046875,5201.5,5204.2001953125
1772194200,5204.10009765625,5204.39990234375,5203.0,5203.7998046875
1772194320,5204.0,5204.7998046875,5203.5,5203.7998046875
1772194440,5203.10009765625,5203.60009765625,5201.7998046875,5202.10009765625
1772194560,5202.0,5204.2998046875,5202.0,5203.7998046875
1772194680,5203.7998046875,5205.0,5203.2001953125,5204.39990234375
1772194800,5204.7998046875,5206.39990234375,5204.60009765625,5205.7998046875
1772194920,5206.0,5206.2001953125,5203.60009765625,5203.60009765625
1772195040,5203.39990234375,5204.60009765625,5202.2998046875,5202.2998046875
1772195160,5202.5,5203.5,5202.0,5202.0
1772195280,5202.0,5205.10009765625,5201.89990234375,5203.60009765625
1772195400,5203.7998046875,5205.0,5202.39990234375,5202.5
1772195520,5203.0,5204.5,5202.39990234375,5203.10009765625
1772195640,5202.7998046875,5204.0,5202.10009765625,5202.60009765625
1772195760,5202.60009765625,5203.60009765625,5200.7998046875,5201.0
1772195880,5201.5,5202.7998046875,5200.7001953125,5202.10009765625
1772196000,5202.5,5202.60009765625,5201.10009765625,5202.2998046875
1772196120,5202.2998046875,5204.5,5202.2001953125,5203.39990234375
1772196240,5203.10009765625,5203.10009765625,5200.89990234375,5202.0
1772196360,5202.10009765625,5203.2998046875,5199.60009765625,5200.5
1772196480,5201.2998046875,5202.89990234375,5200.0,5201.2001953125
1772196600,5201.5,5202.89990234375,5200.7998046875,5200.7998046875
1772196720,5201.0,5202.5,5200.5,5202.0
1772196840,5202.2001953125,5203.60009765625,5202.2001953125,5203.5
1772196960,5203.7998046875,5204.39990234375,5203.2001953125,5204.2998046875
1772197080,5204.2998046875,5205.7001953125,5203.89990234375,5204.2998046875
1772197200,5204.5,5211.2998046875,5203.5,5210.89990234375
1772197320,5211.10009765625,5212.5,5209.7001953125,5212.2998046875
1772197440,5212.2998046875,5213.2001953125,5210.2998046875,5211.89990234375
1772197560,5211.2998046875,5228.10009765625,5210.5,5226.89990234375
1772197680,5227.2998046875,5235.0,5223.7998046875,5229.2001953125
1772197800,5229.2001953125,5233.2998046875,5228.2001953125,5232.0
1772197920,5232.0,5233.0,5228.39990234375,5231.2001953125
1772198040,5231.0,5239.2998046875,5229.7001953125,5237.10009765625
1772198160,5237.2001953125,5239.2001953125,5234.0,5234.7001953125
1772198280,5234.60009765625,5239.10009765625,5231.2998046875,5236.60009765625
1772198400,5236.7998046875,5246.7001953125,5235.0,5242.0
1772198520,5242.2001953125,5253.39990234375,5242.2001953125,5252.7001953125
1772198640,5252.60009765625,5256.60009765625,5250.7001953125,5256.0
1772198760,5256.60009765625,5259.2998046875,5254.5,5256.5
1772198880,5256.7001953125,5258.2001953125,5251.0,5254.89990234375
1772199000,5254.0,5256.0,5239.0,5241.5
1772199120,5241.7998046875,5250.0,5241.7998046875,5247.5
1772199240,5247.5,5248.89990234375,5234.5,5237.2998046875
1772199360,5237.7998046875,5239.5,5232.60009765625,5238.39990234375
1772199480,5238.10009765625,5239.2998046875,5234.7001953125,5236.2998046875
1772199600,5236.0,5236.0,5225.39990234375,5226.5
1772199720,5226.2998046875,5234.7001953125,5225.39990234375,5232.60009765625
1772199840,5232.39990234375,5235.7001953125,5232.0,5233.89990234375
1772199960,5233.89990234375,5237.2998046875,5230.39990234375,5235.7001953125
1772200080,5236.10009765625,5236.39990234375,5229.0,5230.60009765625
1772200200,5231.0,5234.60009765625,5228.60009765625,5233.39990234375
1772200320,5232.5,5234.0,5230.60009765625,5232.39990234375
1772200440,5232.7998046875,5235.60009765625,5231.60009765625,5231.60009765625
1772200560,5232.7001953125,5239.7001953125,5232.7001953125,5239.60009765625
1772200680,5239.5,5243.39990234375,5239.0,5240.7998046875
1772200800,5240.7998046875,5246.0,5240.2001953125,5245.39990234375
1772200920,5245.2998046875,5248.0,5243.2998046875,5245.7998046875
1772201040,5246.2001953125,5247.2001953125,5243.10009765625,5245.0
1772201160,5244.5,5245.2998046875,5239.2001953125,5241.7998046875
1772201280,5242.10009765625,5242.60009765625,5235.10009765625,5237.2998046875
1772201400,5237.39990234375,5244.2998046875,5237.0,5243.5
1772201520,5243.39990234375,5245.5,5241.5,5243.7998046875
1772201640,5243.89990234375,5245.7998046875,5242.5,5244.2998046875
1772201760,5244.2998046875,5245.7998046875,5241.39990234375,5244.89990234375
1772201880,5244.89990234375,5246.2998046875,5243.5,5246.2998046875
1772202000,5246.60009765625,5254.2998046875,5245.2001953125,5251.10009765625
1772202120,5251.39990234375,5253.89990234375,5249.60009765625,5252.2998046875
1772202240,5251.7998046875,5252.2001953125,5248.2001953125,5248.60009765625
1772202360,5248.7001953125,5249.2998046875,5244.39990234375,5245.0
1772202480,5245.10009765625,5250.0,5242.39990234375,5248.89990234375
1772202600,5248.89990234375,5250.89990234375,5235.5,5238.2001953125
1772202720,5239.10009765625,5251.39990234375,5237.7998046875,5245.39990234375
1772202840,5245.0,5248.0,5239.60009765625,5245.89990234375
1772202960,5245.7998046875,5247.2998046875,5240.39990234375,5240.60009765625
1772203080,5240.5,5242.2998046875,5234.5,5236.0
1772203200,5236.10009765625,5238.7998046875,5230.60009765625,5232.89990234375
1772203320,5234.2998046875,5240.7998046875,5231.2998046875,5240.7998046875
1772203440,5241.10009765625,5245.39990234375,5238.39990234375,5238.89990234375
1772203560,5239.89990234375,5242.2001953125,5233.10009765625,5238.39990234375
1772203680,5239.2998046875,5243.2998046875,5235.60009765625,5239.7001953125
1772203800,5240.60009765625,5246.7998046875,5240.5,5244.39990234375
1772203920,5244.7001953125,5245.2001953125,5241.60009765625,5244.7998046875
1772204040,5244.60009765625,5247.0,5240.0,5241.5
1772204160,5241.39990234375,5244.10009765625,5240.0,5241.5
1772204280,5241.60009765625,5243.5,5239.5,5240.89990234375
1772204400,5240.7998046875,5245.60009765625,5237.0,5240.39990234375
1772204520,5241.10009765625,5243.5,5237.89990234375,5242.10009765625
1772204640,5242.10009765625,5245.2998046875,5239.0,5244.2998046875
1772204760,5244.39990234375,5250.7001953125,5239.7001953125,5248.89990234375
1772204880,5249.2001953125,5254.7998046875,5248.10009765625,5248.2001953125
1772205000,5248.7998046875,5255.7998046875,5248.7998046875,5254.89990234375
1772205120,5255.2001953125,5258.10009765625,5254.7001953125,5255.7998046875
1772205240,5256.2001953125,5258.5,5255.0,5255.39990234375
1772205360,5255.60009765625,5255.60009765625,5244.2001953125,5246.5
1772205480,5246.39990234375,5246.7998046875,5238.2001953125,5241.0
1772205600,5241.0,5243.10009765625,5237.60009765625,5237.7998046875
1772205720,5237.89990234375,5240.5,5234.60009765625,5236.60009765625
1772205840,5236.5,5238.39990234375,5232.60009765625,5238.0
1772205960,5238.0,5244.7998046875,5238.0,5243.7001953125
1772206080,5243.7998046875,5249.2998046875,5243.2998046875,5248.89990234375
1772206200,5249.39990234375,5251.7001953125,5248.5,5250.5
1772206320,5250.10009765625,5252.0,5246.60009765625,5250.2998046875
1772206440,5250.2001953125,5250.5,5244.7001953125,5246.60009765625
1772206560,5246.7001953125,5253.2001953125,5245.39990234375,5251.7998046875
1772206680,5251.60009765625,5255.0,5249.2001953125,5249.2998046875
1772206800,5249.10009765625,5249.2001953125,5246.7001953125,5247.7001953125
1772206920,5247.7998046875,5251.60009765625,5247.7998046875,5249.60009765625
1772207040,5250.10009765625,5250.10009765625,5247.7001953125,5248.89990234375
1772207160,5248.7998046875,5252.39990234375,5247.7998046875,5251.0
1772207280,5251.39990234375,5255.10009765625,5251.0,5253.7001953125
1772207400,5253.89990234375,5254.5,5252.0,5254.2001953125
1772207520,5254.2998046875,5261.5,5252.7001953125,5255.2001953125
1772207640,5256.0,5257.39990234375,5250.10009765625,5255.7998046875
1772207760,5255.89990234375,5263.89990234375,5255.89990234375,5263.60009765625
1772207880,5263.60009765625,5265.0,5257.5,5257.7998046875
1772208000,5258.0,5258.7001953125,5252.0,5257.10009765625
1772208120,5256.7998046875,5264.39990234375,5256.0,5262.60009765625
1772208240,5262.39990234375,5263.0,5258.39990234375,5261.2998046875
1772208360,5261.0,5264.2998046875,5259.7001953125,5260.0
1772208480,5259.60009765625,5264.7998046875,5259.60009765625,5262.60009765625
1772208600,5262.5,5272.5,5262.2998046875,5267.89990234375
1772208720,5268.5,5273.89990234375,5266.2998046875,5272.10009765625
1772208840,5271.7001953125,5276.5,5270.2001953125,5275.5
1772208960,5276.0,5276.60009765625,5272.89990234375,5274.2998046875
1772209080,5274.2001953125,5275.2001953125,5268.60009765625,5269.2998046875
1772209200,5269.0,5269.0,5259.0,5261.2001953125
1772209320,5261.7001953125,5261.7998046875,5251.2998046875,5252.2001953125
1772209440,5252.2001953125,5253.2998046875,5240.60009765625,5253.2001953125
1772209560,5252.89990234375,5254.60009765625,5249.39990234375,5251.0
1772209680,5250.7001953125,5254.10009765625,5249.7001953125,5252.5
1772209800,5252.5,5257.10009765625,5250.7001953125,5251.7001953125
1772209920,5251.60009765625,5254.60009765625,5248.60009765625,5250.60009765625
1772210040,5250.7001953125,5252.0,5248.10009765625,5249.7001953125
1772210160,5249.7998046875,5252.60009765625,5247.60009765625,5251.60009765625
1772210280,5251.39990234375,5256.7001953125,5251.0,5253.5
1772210400,5253.2001953125,5256.7998046875,5251.2001953125,5255.60009765625
1772210520,5255.60009765625,5256.10009765625,5251.5,5253.7998046875
1772210640,5253.7001953125,5256.10009765625,5253.39990234375,5255.10009765625
1772210760,5255.2998046875,5255.39990234375,5251.10009765625,5252.0
1772210880,5252.2001953125,5253.5,5250.2998046875,5252.5
1772211000,5252.7998046875,5256.2998046875,5251.39990234375,5252.2998046875
1772211120,5252.2001953125,5253.2998046875,5249.0,5249.5
1772211240,5250.0,5251.10009765625,5247.89990234375,5248.39990234375
1772211360,5248.60009765625,5250.0,5246.7001953125,5250.0
1772211480,5250.0,5250.2998046875,5246.7998046875,5246.89990234375
1772211600,5247.10009765625,5249.2001953125,5243.7001953125,5246.10009765625
1772211720,5246.10009765625,5251.5,5245.7001953125,5250.60009765625
1772211840,5250.89990234375,5252.2001953125,5248.2001953125,5251.2998046875
1772211960,5251.10009765625,5251.10009765625,5248.60009765625,5250.7998046875
1772212080,5250.39990234375,5252.39990234375,5249.5,5250.39990234375
1772212200,5250.5,5251.60009765625,5249.2001953125,5250.7998046875
1772212320,5251.10009765625,5253.5,5247.2001953125,5247.2001953125
1772212440,5248.10009765625,5249.7998046875,5246.2998046875,5248.60009765625
1772212560,5248.39990234375,5249.39990234375,5246.7998046875,5248.0
1772212680,5248.0,5248.10009765625,5245.2001953125,5245.5
1772212800,5245.7998046875,5248.0,5240.60009765625,5246.7001953125
1772212920,5246.2998046875,5248.0,5242.0,5245.89990234375
1772213040,5245.5,5248.7001953125,5244.7998046875,5248.39990234375
1772213160,5248.0,5249.5,5246.2001953125,5249.0
1772213280,5249.39990234375,5249.39990234375,5245.39990234375,5246.2998046875
1772213400,5246.0,5248.5,5237.39990234375,5244.89990234375
1772213520,5244.39990234375,5246.2998046875,5242.39990234375,5242.89990234375
1772213640,5243.2001953125,5246.10009765625,5243.0,5243.2001953125
1772213760,5242.89990234375,5246.39990234375,5242.10009765625,5242.39990234375
1772213880,5243.39990234375,5247.2001953125,5241.0,5246.60009765625
1772214000,5246.2998046875,5250.60009765625,5245.7001953125,5247.7998046875
1772214120,5248.39990234375,5253.2001953125,5246.7001953125,5253.2001953125
1772214240,5253.39990234375,5254.39990234375,5250.39990234375,5253.2998046875
1772214360,5253.39990234375,5254.5,5251.2998046875,5251.7998046875
1772214480,5252.10009765625,5254.2998046875,5252.10009765625,5254.0
1772214600,5253.7001953125,5254.39990234375,5251.7998046875,5252.2001953125
1772214720,5252.0,5253.10009765625,5249.7001953125,5252.7998046875
1772214840,5252.39990234375,5253.2998046875,5251.2998046875,5251.5
1772214960,5251.10009765625,5252.0,5250.0,5251.2998046875
1772215080,5250.89990234375,5252.7998046875,5250.10009765625,5252.39990234375
1772215200,5252.2001953125,5254.2001953125,5251.60009765625,5252.7001953125
1772215320,5253.10009765625,5255.7998046875,5252.60009765625,5255.10009765625
1772215440,5254.89990234375,5256.2998046875,5251.39990234375,5253.10009765625
1772215560,5252.7001953125,5255.39990234375,5252.0,5255.2001953125
1772215680,5254.7998046875,5254.7998046875,5251.89990234375,5253.2998046875
1772215800,5253.2001953125,5253.89990234375,5251.2998046875,5253.89990234375
1772215920,5253.60009765625,5253.7998046875,5251.60009765625,5252.7998046875
1772216040,5252.7998046875,5252.89990234375,5250.2001953125,5250.7001953125
1772216160,5250.89990234375,5252.2001953125,5250.10009765625,5251.2001953125
1772216280,5251.0,5252.0,5249.7001953125,5250.39990234375
1772216400,5250.60009765625,5251.7998046875,5245.2998046875,5246.2001953125
1772216520,5246.39990234375,5248.10009765625,5245.7998046875,5247.10009765625
1772216640,5246.89990234375,5247.89990234375,5241.89990234375,5242.7998046875
1772216760,5243.10009765625,5243.7001953125,5240.0,5243.2001953125
1772216880,5243.5,5250.2001953125,5242.39990234375,5248.2001953125
1772217000,5248.10009765625,5250.39990234375,5245.7001953125,5248.7001953125
1772217120,5248.39990234375,5249.0,5244.5,5246.39990234375
1772217240,5246.7001953125,5248.89990234375,5246.2998046875,5247.0
1772217360,5247.2998046875,5249.2001953125,5246.39990234375,5246.39990234375
1772217480,5246.7001953125,5249.7001953125,5246.10009765625,5249.10009765625
1772217600,5248.5,5251.39990234375,5248.0,5251.2001953125
1772217720,5250.7998046875,5257.39990234375,5250.7998046875,5256.5
1772217840,5256.7001953125,5259.7001953125,5256.39990234375,5258.7998046875
1772217960,5259.2001953125,5260.2001953125,5256.5,5260.0
1772218080,5259.60009765625,5262.10009765625,5259.2998046875,5261.2001953125
1772218200,5261.2998046875,5261.39990234375,5258.0,5259.0
1772218320,5258.7998046875,5261.0,5258.5,5261.0
1772218440,5260.7001953125,5264.2001953125,5260.60009765625,5263.7001953125
1772218560,5263.7001953125,5264.7998046875,5262.0,5262.5
1772218680,5262.10009765625,5263.60009765625,5261.7998046875,5263.0
1772218800,5262.7998046875,5266.2998046875,5262.7998046875,5265.89990234375
1772218920,5266.2001953125,5268.5,5265.7998046875,5268.10009765625
1772219040,5268.0,5268.60009765625,5267.60009765625,5268.0
1772219160,5267.60009765625,5269.10009765625,5267.2998046875,5267.2998046875
1772219280,5267.5,5268.89990234375,5266.5,5266.5
1772219400,5266.39990234375,5266.7998046875,5258.2001953125,5259.0
1772219520,5258.7998046875,5267.7001953125,5258.7001953125,5266.7998046875
1772219640,5266.0,5267.10009765625,5263.39990234375,5265.10009765625
1772219760,5265.7001953125,5268.39990234375,5265.2998046875,5268.0
1772219880,5268.5,5270.7998046875,5267.39990234375,5268.39990234375
1772220000,5268.7998046875,5269.10009765625,5266.2998046875,5266.60009765625
1772220120,5266.39990234375,5267.39990234375,5264.39990234375,5265.2001953125
1772220240,5265.2998046875,5266.89990234375,5264.7998046875,5266.10009765625
1772220360,5265.7998046875,5267.7998046875,5264.39990234375,5267.0
1772220480,5266.60009765625,5266.7998046875,5265.60009765625,5266.5
1772220600,5266.89990234375,5269.7998046875,5266.2998046875,5267.39990234375
1772220720,5267.5,5269.5,5267.5,5267.89990234375
1772220840,5268.2001953125,5268.2001953125,5267.2998046875,5268.0
1772220960,5267.7001953125,5269.2998046875,5267.39990234375,5267.5
1772221080,5267.7001953125,5267.7001953125,5265.5,5265.89990234375
1772221200,5265.7001953125,5266.7001953125,5262.0,5264.5
1772221320,5264.60009765625,5264.7998046875,5262.60009765625,5263.7998046875
1772221440,5263.60009765625,5265.60009765625,5263.39990234375,5265.39990234375
1772221560,5265.0,5265.60009765625,5264.10009765625,5265.0
1772221680,5265.2998046875,5266.7001953125,5264.5,5266.7001953125
1772221800,5266.60009765625,5268.7998046875,5266.60009765625,5267.7998046875
1772221920,5268.2998046875,5268.2998046875,5266.5,5267.0
1772222040,5267.0,5268.0,5266.2998046875,5266.7998046875
1772222160,5266.7998046875,5269.0,5266.7001953125,5268.89990234375
1772222280,5269.10009765625,5269.5,5268.10009765625,5268.39990234375
1772222400,5267.89990234375,5270.0,5267.39990234375,5269.10009765625
1772222520,5268.89990234375,5270.7998046875,5268.89990234375,5270.2998046875
1772222640,5270.2998046875,5270.2998046875,5266.89990234375,5269.89990234375
1772222760,5270.0,5270.2998046875,5268.10009765625,5268.89990234375
1772222880,5269.0,5270.2001953125,5268.5,5269.5
1772223000,5270.10009765625,5270.7998046875,5269.39990234375,5270.2001953125
1772223120,5270.10009765625,5271.10009765625,5269.7998046875,5270.39990234375
1772223240,5270.7001953125,5271.89990234375,5269.89990234375,5271.2998046875
1772223360,5271.39990234375,5274.2001953125,5271.39990234375,5273.39990234375
1772223480,5273.7998046875,5274.60009765625,5273.39990234375,5273.60009765625
1772223600,5273.5,5279.2001953125,5272.7998046875,5278.7001953125
1772223720,5278.39990234375,5280.2001953125,5276.7998046875,5280.0
1772223840,5279.89990234375,5280.7998046875,5278.2998046875,5278.5
1772223960,5278.60009765625,5279.7001953125,5276.0,5276.2001953125
1772224080,5275.7998046875,5276.2998046875,5274.7998046875,5275.5
1772224200,5275.39990234375,5279.5,5274.7998046875,5278.2998046875
1772224320,5278.2998046875,5279.2001953125,5277.2001953125,5277.5
1772224440,5277.60009765625,5278.7001953125,5275.0,5275.39990234375
1772224560,5275.2001953125,5277.39990234375,5275.2001953125,5276.2001953125
1772224680,5276.5,5276.7001953125,5273.2998046875,5275.2998046875
1772224800,5275.2001953125,5277.2001953125,5275.2001953125,5276.39990234375
1772224920,5276.60009765625,5281.39990234375,5276.39990234375,5281.0
1772225040,5281.5,5281.7001953125,5278.0,5280.5
1772225160,5280.7998046875,5281.0,5278.60009765625,5278.60009765625
1772225280,5278.89990234375,5281.5,5278.39990234375,5280.89990234375
1772225400,5281.0,5282.0,5279.7001953125,5281.7998046875
1772225520,5281.89990234375,5282.2001953125,5279.89990234375,5281.89990234375
1772225640,5281.39990234375,5281.89990234375,5278.60009765625,5281.7001953125
1772225760,5281.7001953125,5283.7998046875,5278.7998046875,5280.7001953125
1772225880,5280.60009765625,5282.5,5280.0,5281.2998046875
1772226000,5281.60009765625,5282.2001953125,5276.2001953125,5278.2001953125
1772226120,5277.7998046875,5280.39990234375,5276.89990234375,5279.7998046875
1772226240,5279.5,5281.39990234375,5277.7998046875,5281.0
1772226360,5281.2998046875,5282.60009765625,5280.89990234375,5282.2001953125
1772226480,5282.10009765625,5282.10009765625,5279.60009765625,5279.60009765625
1772226600,5279.39990234375,5279.89990234375,5278.89990234375,5279.2001953125
1772226720,5279.10009765625,5280.89990234375,5276.5,5276.89990234375
1772226840,5277.2001953125,5278.7001953125,5275.60009765625,5276.10009765625
1772226960,5276.2001953125,5277.7998046875,5275.60009765625,5277.2001953125
1772227080,5277.0,5277.60009765625,5276.89990234375,5277.39990234375
1772227200,5277.60009765625,5280.2001953125,5277.60009765625,5278.0
1772227320,5278.2998046875,5282.2001953125,5278.2998046875,5280.7998046875
1772227440,5280.89990234375,5281.39990234375,5279.60009765625,5281.2001953125
1772227560,5281.5,5281.89990234375,5280.5,5280.89990234375
1772227680,5281.10009765625,5281.2001953125,5279.89990234375,5280.7001953125
1772227800,5280.39990234375,5280.5,5279.2998046875,5279.2998046875
1772227920,5279.0,5280.60009765625,5279.0,5280.2001953125
1772228040,5280.2001953125,5281.10009765625,5279.2001953125,5280.10009765625
1772228160,5280.2998046875,5285.10009765625,5278.5,5283.7998046875
1772228280,5283.39990234375,5289.0,5282.39990234375,5288.39990234375
1772228400,5288.60009765625,5294.0,5288.60009765625,5292.7001953125
1772228520,5292.60009765625,5294.0,5291.7001953125,5293.89990234375
1772228640,5293.89990234375,5295.5,5289.7001953125,5295.5
1772228760,5295.60009765625,5296.60009765625,5294.39990234375,5295.7998046875
1772228880,5296.0,5296.89990234375,5295.39990234375,5295.5
1772229000,5295.2998046875,5299.0,5295.10009765625,5296.2001953125
1772229120,5296.10009765625,5298.89990234375,5295.0,5297.60009765625
1772229240,5297.39990234375,5297.89990234375,5294.7001953125,5296.7998046875
1772229360,5296.89990234375,5298.5,5296.2998046875,5296.5
1772229480,5296.5,5297.39990234375,5247.89990234375,5247.89990234375
1772406600,5364.2001953125,5371.0,5354.2998046875,5357.7001953125
1772406720,5357.60009765625,5371.2001953125,5356.5,5370.2998046875
1772406840,5369.0,5369.60009765625,5355.60009765625,5364.0
1772406960,5364.0,5367.0,5357.39990234375,5364.0
1772407080,5364.7998046875,5372.0,5360.0,5360.39990234375
1772407200,5360.0,5367.0,5357.0,5365.0
1772407320,5365.0,5369.89990234375,5360.0,5369.7001953125
1772407440,5368.89990234375,5369.7998046875,5362.7001953125,5368.2998046875
1772407560,5368.89990234375,5370.0,5363.7001953125,5364.7001953125
1772407680,5365.0,5370.7001953125,5363.7998046875,5368.5
1772407800,5369.2001953125,5379.39990234375,5366.60009765625,5378.5
1772407920,5379.2001953125,5383.7998046875,5375.2998046875,5378.7001953125
1772408040,5379.0,5382.7001953125,5377.2998046875,5377.2998046875
1772408160,5377.89990234375,5389.7001953125,5377.2001953125,5389.10009765625
1772408280,5389.7998046875,5395.0,5383.89990234375,5390.7998046875
1772408400,5392.0,5402.89990234375,5389.10009765625,5398.10009765625
1772408520,5397.5,5409.7001953125,5390.5,5398.60009765625
1772408640,5396.7001953125,5398.60009765625,5387.7998046875,5392.2998046875
1772408760,5392.2998046875,5402.0,5391.60009765625,5399.2001953125
1772408880,5399.7998046875,5401.89990234375,5395.2998046875,5401.60009765625
1772409000,5401.89990234375,5402.5,5395.2998046875,5395.60009765625
1772409120,5396.5,5403.0,5396.2998046875,5400.0
1772409240,5400.0,5405.0,5394.89990234375,5395.0
1772409360,5395.0,5404.10009765625,5391.0,5401.2001953125
1772409480,5401.7998046875,5404.10009765625,5396.10009765625,5400.39990234375
1772409600,5401.2998046875,5402.0,5385.39990234375,5390.10009765625
1772409720,5388.60009765625,5396.0,5381.0,5394.89990234375
1772409840,5394.10009765625,5394.2001953125,5384.39990234375,5387.2998046875
1772409960,5386.39990234375,5390.60009765625,5382.60009765625,5386.2001953125
1772410080,5385.7001953125,5388.0,5376.0,5381.5
1772410200,5381.5,5389.39990234375,5380.7998046875,5386.7998046875
1772410320,5387.2998046875,5392.39990234375,5387.10009765625,5390.2001953125
1772410440,5390.5,5391.7001953125,5384.89990234375,5384.89990234375
1772410560,5384.2998046875,5386.60009765625,5373.0,5381.60009765625
1772410680,5381.2998046875,5381.2998046875,5373.0,5374.2998046875
1772410800,5374.7001953125,5376.2001953125,5363.2001953125,5371.2998046875
1772410920,5371.60009765625,5379.7001953125,5368.7998046875,5378.2998046875
1772411040,5379.0,5381.39990234375,5376.10009765625,5377.0
1772411160,5376.39990234375,5376.39990234375,5366.89990234375,5369.7001953125
1772411280,5370.2001953125,5379.39990234375,5370.2001953125,5379.2998046875
1772411400,5379.2998046875,5384.39990234375,5374.2998046875,5376.2001953125
1772411520,5375.2998046875,5383.7998046875,5373.89990234375,5382.7998046875
1772411640,5383.0,5388.0,5380.2998046875,5381.0
1772411760,5381.2001953125,5383.5,5380.0,5381.7001953125
1772411880,5380.39990234375,5387.2998046875,5380.2998046875,5386.39990234375
1772412000,5386.0,5386.7001953125,5383.0,5385.0
1772412120,5384.0,5384.0,5376.7001953125,5378.2001953125
1772412240,5377.5,5380.7001953125,5375.2001953125,5378.89990234375
1772412360,5377.7998046875,5379.5,5375.2998046875,5378.5
1772412480,5378.0,5380.5,5377.10009765625,5378.60009765625
1772412600,5379.2001953125,5379.7001953125,5369.2001953125,5372.39990234375
1772412720,5371.89990234375,5373.7001953125,5358.39990234375,5360.39990234375
1772412840,5360.10009765625,5363.0,5353.89990234375,5359.2001953125
1772412960,5358.10009765625,5367.5,5358.10009765625,5365.0
1772413080,5365.2998046875,5369.0,5360.5,5360.60009765625
1772413200,5360.5,5360.60009765625,5334.5,5344.2998046875
1772413320,5344.39990234375,5350.0,5328.2001953125,5331.2001953125
1772413440,5331.2001953125,5349.5,5330.60009765625,5347.2001953125
1772413560,5347.7001953125,5348.7998046875,5331.7998046875,5340.60009765625
1772413680,5340.5,5344.7998046875,5339.39990234375,5341.2001953125
1772413800,5341.0,5349.89990234375,5339.0,5347.7001953125
1772413920,5347.7001953125,5355.39990234375,5344.7998046875,5351.89990234375
1772414040,5351.5,5356.7998046875,5347.39990234375,5350.7001953125
1772414160,5350.0,5359.60009765625,5346.7998046875,5354.2001953125
1772414280,5355.5,5357.39990234375,5344.60009765625,5345.89990234375
1772414400,5345.10009765625,5349.0,5339.2998046875,5345.10009765625
1772414520,5344.2998046875,5349.2998046875,5340.2998046875,5340.7001953125
1772414640,5340.60009765625,5341.2998046875,5331.89990234375,5341.2998046875
1772414760,5341.7998046875,5343.5,5329.10009765625,5337.5
1772414880,5338.2001953125,5339.2001953125,5315.2998046875,5320.5
1772415000,5320.2998046875,5327.89990234375,5317.60009765625,5326.7998046875
1772415120,5326.89990234375,5340.2998046875,5323.2998046875,5338.39990234375
1772415240,5336.5,5342.0,5334.10009765625,5340.0
1772415360,5339.7998046875,5344.5,5338.10009765625,5340.39990234375
1772415480,5339.2998046875,5347.10009765625,5338.0,5346.60009765625
1772415600,5347.2998046875,5349.2998046875,5341.0,5344.2001953125
1772415720,5344.7998046875,5351.89990234375,5343.0,5351.7001953125
1772415840,5351.5,5352.0,5343.5,5348.5
1772415960,5347.5,5350.89990234375,5342.7001953125,5344.2001953125
1772416080,5342.0,5346.10009765625,5339.2998046875,5343.89990234375
1772416200,5343.2998046875,5348.2001953125,5341.39990234375,5348.2001953125
1772416320,5348.0,5348.2001953125,5338.7998046875,5342.7998046875
1772416440,5342.60009765625,5350.2998046875,5342.60009765625,5347.39990234375
1772416560,5346.60009765625,5346.60009765625,5339.2001953125,5342.0
1772416680,5341.89990234375,5342.7998046875,5334.5,5338.2998046875
1772416800,5338.5,5344.0,5336.60009765625,5340.89990234375
1772416920,5341.89990234375,5342.0,5332.0,5338.0
1772417040,5337.89990234375,5338.0,5333.7998046875,5334.2001953125
1772417160,5333.7001953125,5337.10009765625,5329.2001953125,5337.10009765625
1772417280,5336.10009765625,5341.60009765625,5333.7998046875,5340.39990234375
1772417400,5340.10009765625,5343.0,5335.89990234375,5342.10009765625
1772417520,5342.39990234375,5348.10009765625,5338.2001953125,5339.89990234375
1772417640,5339.39990234375,5345.39990234375,5338.2001953125,5345.39990234375
1772417760,5345.89990234375,5348.0,5342.0,5342.0
1772417880,5342.5,5343.89990234375,5339.7001953125,5340.10009765625
1772418000,5340.2998046875,5345.0,5339.7001953125,5345.0
1772418120,5344.89990234375,5349.5,5343.7998046875,5349.2001953125
1772418240,5349.7998046875,5349.89990234375,5343.10009765625,5343.60009765625
1772418360,5343.5,5345.0,5339.7001953125,5339.7001953125
1772418480,5339.5,5345.2001953125,5339.5,5344.39990234375
1772418600,5343.7998046875,5345.10009765625,5341.60009765625,5344.7998046875
1772418720,5343.0,5347.2998046875,5342.5,5342.7001953125
1772418840,5343.10009765625,5349.89990234375,5342.89990234375,5345.89990234375
1772418960,5347.60009765625,5357.89990234375,5346.60009765625,5349.5
1772419080,5349.5,5352.7001953125,5349.5,5351.60009765625
1772419200,5351.7998046875,5357.89990234375,5351.7998046875,5357.2998046875
1772419320,5356.89990234375,5361.0,5355.39990234375,5361.0
1772419440,5360.89990234375,5364.89990234375,5360.89990234375,5362.89990234375
1772419560,5362.7998046875,5363.7001953125,5360.5,5361.2998046875
1772419680,5360.89990234375,5361.2001953125,5356.0,5358.89990234375
1772419800,5358.60009765625,5360.60009765625,5357.7001953125,5358.7001953125
1772419920,5359.2998046875,5359.5,5353.7998046875,5354.2998046875
1772420040,5354.5,5359.0,5354.5,5357.39990234375
1772420160,5357.60009765625,5361.39990234375,5356.39990234375,5360.10009765625
1772420280,5360.0,5361.89990234375,5358.60009765625,5358.7998046875
1772420400,5358.7998046875,5363.39990234375,5358.2001953125,5359.10009765625
1772420520,5358.2998046875,5367.10009765625,5357.39990234375,5366.89990234375
1772420640,5367.2001953125,5368.39990234375,5364.7001953125,5367.5
1772420760,5367.7998046875,5369.10009765625,5365.60009765625,5368.2998046875
1772420880,5368.89990234375,5368.89990234375,5363.89990234375,5365.10009765625
1772421000,5364.89990234375,5367.5,5363.89990234375,5366.5
1772421120,5365.7998046875,5370.60009765625,5362.7998046875,5364.89990234375
1772421240,5365.0,5368.89990234375,5365.0,5365.0
1772421360,5364.60009765625,5368.2001953125,5363.0,5367.89990234375
1772421480,5367.2998046875,5372.2998046875,5366.10009765625,5372.2001953125
1772421600,5371.60009765625,5372.7998046875,5367.2001953125,5372.0
1772421720,5371.7001953125,5372.39990234375,5369.2001953125,5370.39990234375
1772421840,5371.0,5372.0,5369.7001953125,5370.2998046875
1772421960,5370.60009765625,5371.7001953125,5369.5,5369.89990234375
1772422080,5370.10009765625,5371.0,5366.7998046875,5368.5
1772422200,5368.0,5373.5,5366.39990234375,5372.10009765625
1772422320,5371.5,5373.2998046875,5370.2998046875,5371.5
1772422440,5370.89990234375,5373.0,5369.0,5371.2001953125
1772422560,5371.39990234375,5374.89990234375,5371.2001953125,5374.89990234375
1772422680,5374.2001953125,5378.0,5374.10009765625,5376.89990234375
1772422800,5376.7998046875,5377.10009765625,5375.5,5376.0
1772422920,5375.10009765625,5375.2998046875,5371.60009765625,5373.89990234375
1772423040,5373.60009765625,5377.5,5373.60009765625,5374.39990234375
1772423160,5374.7998046875,5376.7998046875,5372.7001953125,5376.7998046875
1772423280,5376.0,5376.10009765625,5374.7998046875,5375.39990234375
1772423400,5375.5,5376.2998046875,5373.2001953125,5374.2998046875
1772423520,5375.5,5377.10009765625,5374.39990234375,5376.39990234375
1772423640,5376.10009765625,5378.89990234375,5374.7998046875,5378.89990234375
1772423760,5378.7001953125,5379.39990234375,5377.60009765625,5379.2998046875
1772423880,5379.0,5379.5,5375.39990234375,5378.7001953125
1772424000,5378.60009765625,5380.0,5375.89990234375,5375.89990234375
1772424120,5376.0,5378.0,5376.0,5376.5
1772424240,5377.10009765625,5377.10009765625,5369.0,5375.2001953125
1772424360,5375.39990234375,5376.5,5370.2001953125,5370.7001953125
1772424480,5370.5,5370.7998046875,5368.10009765625,5370.0
1772424600,5370.2998046875,5372.2998046875,5370.0,5370.5
1772424720,5372.0,5375.10009765625,5370.5,5370.7998046875
1772424840,5371.10009765625,5371.10009765625,5368.5,5370.10009765625
1772424960,5370.2998046875,5373.10009765625,5369.7001953125,5372.7998046875
1772425080,5373.10009765625,5379.0,5372.39990234375,5377.60009765625
1772425200,5378.2998046875,5378.60009765625,5376.2998046875,5376.89990234375
1772425320,5376.60009765625,5379.2998046875,5375.7998046875,5378.0
1772425440,5377.89990234375,5379.0,5375.89990234375,5376.5
1772425560,5377.2001953125,5378.89990234375,5376.39990234375,5376.5
1772425680,5376.2001953125,5377.7001953125,5375.7998046875,5377.0
1772425800,5377.2001953125,5377.60009765625,5372.7998046875,5373.7001953125
1772425920,5374.0,5374.60009765625,5372.60009765625,5374.60009765625
1772426040,5375.10009765625,5375.10009765625,5370.5,5371.5
1772426160,5371.2001953125,5371.7001953125,5358.39990234375,5360.0
1772426280,5359.7001953125,5365.10009765625,5359.7001953125,5363.60009765625
1772426400,5363.7998046875,5365.39990234375,5363.60009765625,5363.7998046875
1772426520,5363.10009765625,5365.60009765625,5360.0,5364.7001953125
1772426640,5365.2998046875,5368.5,5365.0,5366.39990234375
1772426760,5365.2998046875,5366.39990234375,5363.5,5366.39990234375
1772426880,5366.5,5367.60009765625,5366.5,5366.89990234375
1772427000,5366.89990234375,5368.0,5365.60009765625,5367.39990234375
1772427120,5367.0,5369.89990234375,5367.0,5369.89990234375
1772427240,5369.89990234375,5371.2998046875,5369.60009765625,5369.60009765625
1772427360,5369.89990234375,5370.7998046875,5369.7001953125,5370.0
1772427480,5369.89990234375,5370.0,5368.10009765625,5369.7998046875
1772427600,5368.2001953125,5368.2001953125,5365.2001953125,5365.2001953125
1772427720,5365.89990234375,5366.0,5362.2001953125,5365.0
1772427840,5365.7001953125,5367.5,5361.5,5363.5
1772427960,5363.10009765625,5364.2001953125,5360.5,5360.5
1772428080,5360.10009765625,5362.7001953125,5359.7001953125,5360.2001953125
1772428200,5360.0,5364.5,5358.89990234375,5364.0
1772428320,5364.2001953125,5367.5,5362.0,5365.39990234375
1772428440,5365.89990234375,5365.89990234375,5358.89990234375,5359.89990234375
1772428560,5360.2998046875,5360.2998046875,5353.39990234375,5358.2001953125
1772428680,5358.7001953125,5362.39990234375,5358.2998046875,5362.39990234375
1772428800,5362.10009765625,5365.10009765625,5360.89990234375,5362.2001953125
1772428920,5362.0,5364.2998046875,5361.39990234375,5363.60009765625
1772429040,5363.2998046875,5364.7001953125,5362.39990234375,5364.60009765625
1772429160,5364.5,5367.39990234375,5363.89990234375,5366.0
1772429280,5365.7001953125,5366.2001953125,5362.5,5363.5
1772429400,5364.10009765625,5365.5,5361.89990234375,5365.5
1772429520,5365.0,5370.10009765625,5363.5,5370.10009765625
1772429640,5369.89990234375,5371.10009765625,5366.60009765625,5370.10009765625
1772429760,5368.60009765625,5370.39990234375,5368.0,5369.60009765625
1772429880,5369.89990234375,5372.7001953125,5369.89990234375,5371.60009765625
1772430000,5371.2998046875,5373.60009765625,5370.10009765625,5372.60009765625
1772430120,5373.60009765625,5376.7998046875,5370.2998046875,5374.2998046875
1772430240,5374.2001953125,5374.89990234375,5372.60009765625,5373.7001953125
1772430360,5374.0,5377.0,5374.0,5375.5
1772430480,5375.5,5378.60009765625,5375.39990234375,5376.60009765625
1772430600,5377.7001953125,5379.5,5375.7001953125,5378.7001953125
1772430720,5378.10009765625,5379.60009765625,5377.5,5379.0
1772430840,5379.2998046875,5379.2998046875,5375.7001953125,5376.89990234375
1772430960,5375.5,5378.7001953125,5374.39990234375,5376.39990234375
1772431080,5376.0,5380.0,5375.89990234375,5378.89990234375
1772431200,5378.7998046875,5380.0,5377.5,5377.7998046875
1772431320,5378.10009765625,5379.0,5376.7001953125,5378.39990234375
1772431440,5378.10009765625,5385.7998046875,5376.89990234375,5382.60009765625
1772431560,5382.89990234375,5390.7001953125,5381.7001953125,5390.0
1772431680,5391.0,5393.39990234375,5388.7001953125,5388.89990234375
1772431800,5389.60009765625,5393.2001953125,5386.60009765625,5390.39990234375
1772431920,5391.0,5391.89990234375,5387.0,5388.7998046875
1772432040,5389.0,5390.2998046875,5387.7001953125,5388.89990234375
1772432160,5389.5,5391.5,5387.10009765625,5391.0
1772432280,5390.10009765625,5392.60009765625,5389.60009765625,5390.89990234375
1772432400,5391.5,5393.60009765625,5391.10009765625,5392.0
1772432520,5391.39990234375,5393.0,5390.60009765625,5391.7001953125
1772432640,5391.5,5393.60009765625,5391.2998046875,5393.0
1772432760,5393.7001953125,5394.0,5391.2998046875,5392.7001953125
1772432880,5393.39990234375,5397.0,5391.89990234375,5395.39990234375
1772433000,5394.89990234375,5396.89990234375,5392.5,5394.2998046875
1772433120,5393.89990234375,5394.7001953125,5388.7998046875,5392.7998046875
1772433240,5392.10009765625,5394.5,5388.7998046875,5391.39990234375
1772433360,5391.7998046875,5394.0,5391.0,5392.89990234375
1772433480,5393.0,5397.39990234375,5391.2998046875,5392.7001953125
1772433600,5391.89990234375,5392.2001953125,5389.0,5391.89990234375
1772433720,5391.2001953125,5393.0,5388.2998046875,5393.0
1772433840,5392.0,5394.60009765625,5389.7998046875,5394.5
1772433960,5394.10009765625,5396.10009765625,5390.5,5396.10009765625
1772434080,5396.39990234375,5401.10009765625,5396.10009765625,5398.7001953125
1772434200,5398.39990234375,5400.2998046875,5396.10009765625,5400.10009765625
1772434320,5400.0,5401.5,5397.39990234375,5398.5
1772434440,5398.39990234375,5402.0,5397.5,5401.60009765625
1772434560,5401.2998046875,5403.89990234375,5399.39990234375,5402.60009765625
1772434680,5403.0,5403.7001953125,5398.10009765625,5401.5
1772434800,5401.7001953125,5402.2998046875,5398.89990234375,5401.7001953125
1772434920,5402.2001953125,5404.10009765625,5400.5,5403.10009765625
1772435040,5402.89990234375,5405.39990234375,5400.89990234375,5403.2001953125
1772435160,5403.7998046875,5415.2001953125,5403.2001953125,5412.2001953125
1772435280,5412.60009765625,5416.0,5403.39990234375,5415.2998046875
1772435400,5416.2998046875,5416.2998046875,5410.5,5414.39990234375
1772435520,5414.7001953125,5422.2001953125,5413.10009765625,5420.89990234375
1772435640,5420.7998046875,5424.0,5419.5,5423.2001953125
1772435760,5423.2998046875,5431.0,5422.2998046875,5430.5
1772435880,5430.5,5434.0,5429.0,5432.39990234375
1772436000,5433.0,5434.10009765625,5428.39990234375,5430.39990234375
1772436120,5430.89990234375,5430.89990234375,5427.0,5428.10009765625
1772436240,5428.2998046875,5431.39990234375,5427.2001953125,5431.2998046875
1772436360,5431.7001953125,5431.7001953125,5426.5,5427.2998046875
1772436480,5427.7001953125,5430.7001953125,5422.0,5422.0
1772436600,5422.5,5426.0,5420.5,5422.7998046875
1772436720,5422.60009765625,5425.39990234375,5420.7998046875,5423.5
1772436840,5423.2001953125,5425.60009765625,5421.89990234375,5424.0
1772436960,5424.7001953125,5425.0,5417.89990234375,5421.0
1772437080,5420.89990234375,5423.39990234375,5417.0,5419.89990234375
1772437200,5420.2001953125,5421.89990234375,5416.2001953125,5418.0
1772437320,5418.2001953125,5419.2001953125,5416.39990234375,5418.0
1772437440,5418.5,5419.2001953125,5417.2998046875,5419.0
1772437560,5420.0,5426.5,5420.0,5425.7998046875
1772437680,5426.0,5429.2001953125,5425.0,5426.2001953125
1772437800,5425.89990234375,5426.2001953125,5420.0,5421.10009765625
1772437920,5421.39990234375,5423.7998046875,5421.2001953125,5423.60009765625
1772438040,5423.89990234375,5424.2001953125,5418.2001953125,5419.7998046875
1772438160,5420.7001953125,5420.7998046875,5416.7998046875,5417.89990234375
1772438280,5418.2001953125,5423.5,5417.7998046875,5423.0
1772438400,5422.7998046875,5426.89990234375,5419.89990234375,5421.2998046875
1772438520,5420.7998046875,5422.39990234375,5417.39990234375,5419.2998046875
1772438640,5418.7001953125,5424.60009765625,5418.39990234375,5422.89990234375
1772438760,5422.5,5424.7998046875,5420.89990234375,5423.89990234375
1772438880,5423.5,5427.7998046875,5422.10009765625,5426.89990234375
1772439000,5426.7001953125,5428.5,5422.39990234375,5423.7998046875
1772439120,5423.5,5426.5,5421.89990234375,5425.60009765625
1772439240,5425.7001953125,5427.60009765625,5420.2001953125,5420.7001953125
1772439360,5420.5,5422.7998046875,5418.0,5418.0
1772439480,5417.60009765625,5422.2998046875,5417.0,5420.2998046875
1772439600,5420.89990234375,5421.7998046875,5416.5,5419.2998046875
1772439720,5419.10009765625,5423.0,5418.7998046875,5421.2998046875
1772439840,5421.0,5424.0,5419.7998046875,5423.7001953125
1772439960,5423.39990234375,5424.10009765625,5421.2998046875,5424.10009765625
1772440080,5424.2001953125,5431.39990234375,5423.5,5431.0
1772440200,5431.2001953125,5432.0,5424.5,5425.89990234375
1772440320,5425.5,5429.5,5425.0,5429.0
1772440440,5429.0,5429.89990234375,5427.7998046875,5428.60009765625
1772440560,5428.39990234375,5428.39990234375,5423.7001953125,5426.7998046875
1772440680,5427.0,5427.0,5423.7998046875,5424.2001953125
1772440800,5423.7998046875,5425.39990234375,5420.39990234375,5421.7001953125
1772440920,5421.7998046875,5422.2001953125,5411.60009765625,5412.7001953125
1772441040,5413.2998046875,5420.39990234375,5412.2001953125,5420.0
1772441160,5420.0,5422.0,5416.2001953125,5420.2001953125
1772441280,5420.2998046875,5425.2998046875,5420.2998046875,5423.7998046875
1772441400,5424.2998046875,5424.7001953125,5418.60009765625,5419.0
1772441520,5419.5,5420.2001953125,5414.5,5417.39990234375
1772441640,5417.60009765625,5418.10009765625,5409.10009765625,5410.7001953125
1772441760,5411.7998046875,5412.10009765625,5408.39990234375,5408.7998046875
1772441880,5408.60009765625,5411.7998046875,5406.2998046875,5408.89990234375
1772442000,5409.10009765625,5411.7001953125,5405.5,5406.89990234375
1772442120,5407.10009765625,5411.89990234375,5406.10009765625,5411.5
1772442240,5410.89990234375,5412.10009765625,5406.89990234375,5411.39990234375
1772442360,5411.7001953125,5414.39990234375,5410.0,5413.7001953125
1772442480,5414.2998046875,5415.39990234375,5411.2998046875,5412.60009765625
1772442600,5412.5,5413.0,5404.39990234375,5407.60009765625
1772442720,5407.10009765625,5412.89990234375,5406.7001953125,5412.39990234375
1772442840,5412.2998046875,5412.2998046875,5408.7001953125,5411.39990234375
1772442960,5411.10009765625,5413.60009765625,5409.10009765625,5411.0
1772443080,5411.2998046875,5412.2001953125,5405.7998046875,5406.7001953125
1772443200,5405.60009765625,5409.5,5400.0,5409.5
1772443320,5409.89990234375,5411.2001953125,5406.7998046875,5407.5
1772443440,5407.7001953125,5411.89990234375,5407.39990234375,5409.7001953125
1772443560,5410.39990234375,5410.7001953125,5407.2001953125,5407.2001953125
1772443680,5407.0,5409.7998046875,5406.7998046875,5409.2001953125
1772443800,5409.2001953125,5415.7001953125,5408.7998046875,5414.7998046875
1772443920,5414.39990234375,5418.39990234375,5412.7001953125,5414.2998046875
1772444040,5414.2998046875,5415.0,5410.10009765625,5412.0
1772444160,5412.39990234375,5414.2998046875,5410.5,5410.5
1772444280,5410.5,5411.10009765625,5408.39990234375,5410.0
1772444400,5410.10009765625,5412.5,5408.7998046875,5409.0
1772444520,5409.2998046875,5412.60009765625,5408.89990234375,5411.39990234375
1772444640,5411.60009765625,5412.7998046875,5406.7998046875,5406.7998046875
1772444760,5406.7001953125,5410.10009765625,5405.7001953125,5407.0
1772444880,5407.0,5407.0,5403.2998046875,5405.39990234375
1772445000,5406.0,5406.60009765625,5402.2998046875,5406.0
1772445120,5406.0,5410.5,5405.7998046875,5410.5
1772445240,5410.60009765625,5411.0,5407.2998046875,5408.2001953125
1772445360,5409.0,5410.10009765625,5407.2001953125,5407.5
1772445480,5408.0,5408.2001953125,5405.7998046875,5406.89990234375
1772445600,5407.7998046875,5407.7998046875,5401.2998046875,5402.2998046875
1772445720,5402.7001953125,5403.39990234375,5398.0,5399.7998046875
1772445840,5399.5,5402.7001953125,5396.60009765625,5397.0
1772445960,5396.7998046875,5401.60009765625,5393.60009765625,5401.60009765625
1772446080,5401.2001953125,5406.7001953125,5399.89990234375,5405.39990234375
1772446200,5405.60009765625,5409.39990234375,5405.2001953125,5406.10009765625
1772446320,5406.10009765625,5408.60009765625,5402.5,5408.2001953125
1772446440,5407.7001953125,5407.7001953125,5403.2001953125,5404.10009765625
1772446560,5404.5,5406.60009765625,5404.0,5406.39990234375
1772446680,5406.5,5407.2998046875,5405.2001953125,5405.7001953125
1772446800,5405.5,5406.2001953125,5401.5,5403.5
1772446920,5403.89990234375,5405.7998046875,5403.89990234375,5405.7998046875
1772447040,5406.2998046875,5406.39990234375,5400.0,5401.2001953125
1772447160,5401.0,5402.89990234375,5399.2001953125,5400.0
1772447280,5399.7998046875,5405.7001953125,5398.60009765625,5404.89990234375
1772447400,5405.10009765625,5409.2998046875,5401.89990234375,5407.0
1772447520,5407.5,5408.10009765625,5401.7998046875,5405.0
1772447640,5405.0,5409.0,5403.2001953125,5406.7998046875
1772447760,5406.89990234375,5413.7998046875,5406.7998046875,5410.0
1772447880,5410.60009765625,5410.7001953125,5407.39990234375,5409.7001953125
1772448000,5409.2998046875,5412.89990234375,5407.5,5409.10009765625
1772448120,5409.2998046875,5412.7001953125,5408.89990234375,5412.10009765625
1772448240,5412.0,5416.7998046875,5412.0,5414.60009765625
1772448360,5414.2998046875,5414.2998046875,5411.2998046875,5411.60009765625
1772448480,5412.0,5413.10009765625,5409.7998046875,5410.7001953125
1772448600,5410.2998046875,5410.89990234375,5404.0,5405.60009765625
1772448720,5406.10009765625,5409.0,5401.0,5401.5
1772448840,5401.7001953125,5403.5,5396.89990234375,5398.2998046875
1772448960,5398.2001953125,5400.89990234375,5396.0,5400.89990234375
1772449080,5401.10009765625,5404.2001953125,5398.7001953125,5404.10009765625
1772449200,5404.2001953125,5408.7001953125,5403.7001953125,5407.7998046875
1772449320,5407.60009765625,5409.2001953125,5402.7998046875,5403.89990234375
1772449440,5403.7998046875,5404.7998046875,5402.5,5403.2001953125
1772449560,5402.7001953125,5403.7001953125,5401.5,5402.5
1772449680,5401.89990234375,5402.10009765625,5398.60009765625,5400.39990234375
1772449800,5400.0,5401.5,5396.7001953125,5400.2001953125
1772449920,5400.0,5403.5,5398.39990234375,5401.5
1772450040,5402.10009765625,5405.39990234375,5402.10009765625,5405.39990234375
1772450160,5405.39990234375,5408.5,5404.7001953125,5408.0
1772450280,5408.60009765625,5412.0,5408.39990234375,5408.39990234375
1772450400,5408.2998046875,5408.2998046875,5404.39990234375,5406.39990234375
1772450520,5406.5,5406.7001953125,5404.60009765625,5405.5
1772450640,5405.2998046875,5407.5,5402.60009765625,5406.5
1772450760,5407.0,5408.10009765625,5405.60009765625,5407.0
1772450880,5406.60009765625,5407.10009765625,5404.5,5405.10009765625
1772451000,5405.5,5409.5,5404.0,5407.2001953125
1772451120,5406.5,5412.10009765625,5406.5,5411.10009765625
1772451240,5410.89990234375,5413.0,5408.5,5411.60009765625
1772451360,5411.7998046875,5415.0,5410.39990234375,5411.10009765625
1772451480,5411.39990234375,5411.39990234375,5408.7001953125,5409.89990234375
1772451600,5410.5,5410.60009765625,5408.10009765625,5409.5
1772451720,5410.0,5410.0,5407.10009765625,5407.39990234375
1772451840,5407.39990234375,5407.39990234375,5386.0,5390.2001953125
1772451960,5390.7001953125,5399.60009765625,5390.0,5395.39990234375
1772452080,5395.7001953125,5401.5,5394.2001953125,5395.7001953125
1772452200,5395.7998046875,5399.0,5393.10009765625,5397.89990234375
1772452320,5397.39990234375,5398.5,5396.2998046875,5397.5
1772452440,5397.7001953125,5398.0,5392.0,5396.5
1772452560,5396.5,5398.7001953125,5394.7001953125,5398.0
1772452680,5398.7001953125,5399.60009765625,5395.89990234375,5399.60009765625
1772452800,5399.89990234375,5400.0,5393.5,5396.5
1772452920,5396.7001953125,5401.2998046875,5394.7998046875,5399.39990234375
1772453040,5400.10009765625,5411.5,5399.7998046875,5404.39990234375
1772453160,5404.5,5405.10009765625,5401.39990234375,5402.5
1772453280,5402.7998046875,5407.5,5402.7998046875,5405.7001953125
1772453400,5405.60009765625,5410.39990234375,5405.5,5409.5
1772453520,5409.60009765625,5413.0,5408.39990234375,5410.2998046875
1772453640,5410.2998046875,5410.2998046875,5403.2001953125,5403.2998046875
1772453760,5403.2998046875,5404.7998046875,5400.0,5401.7998046875
1772453880,5402.0,5402.89990234375,5399.2998046875,5401.2001953125
1772454000,5401.39990234375,5405.0,5400.60009765625,5403.60009765625
1772454120,5403.10009765625,5410.7001953125,5402.2998046875,5408.60009765625
1772454240,5408.89990234375,5409.89990234375,5406.7998046875,5406.89990234375
1772454360,5406.39990234375,5407.39990234375,5405.2001953125,5406.7001953125
1772454480,5407.2001953125,5409.0,5406.39990234375,5409.0
1772454600,5409.10009765625,5409.7998046875,5408.10009765625,5408.39990234375
1772454720,5408.89990234375,5410.2001953125,5407.7998046875,5410.0
1772454840,5410.2998046875,5411.39990234375,5407.39990234375,5407.89990234375
1772454960,5407.60009765625,5407.7001953125,5403.7001953125,5404.10009765625
1772455080,5403.89990234375,5410.0,5403.7001953125,5407.39990234375
1772455200,5407.60009765625,5412.5,5407.2998046875,5411.2998046875
1772455320,5411.60009765625,5413.60009765625,5409.10009765625,5410.10009765625
1772455440,5410.2998046875,5413.60009765625,5410.2998046875,5413.60009765625
1772455560,5413.60009765625,5413.7001953125,5409.2001953125,5410.2001953125
1772455680,5410.2998046875,5411.7998046875,5408.7998046875,5410.7998046875
1772455800,5411.0,5411.0,5407.2998046875,5407.39990234375
1772455920,5407.7998046875,5409.2998046875,5407.2001953125,5408.39990234375
1772456040,5408.2998046875,5408.39990234375,5403.60009765625,5403.60009765625
1772456160,5403.2001953125,5404.39990234375,5401.10009765625,5403.10009765625
1772456280,5403.10009765625,5412.7998046875,5403.10009765625,5412.39990234375
1772456400,5412.2001953125,5413.2001953125,5405.60009765625,5406.2001953125
1772456520,5405.7998046875,5415.89990234375,5405.0,5415.2998046875
1772456640,5415.2001953125,5422.10009765625,5415.0,5422.10009765625
1772456760,5422.2001953125,5425.60009765625,5420.5,5421.39990234375
1772456880,5421.60009765625,5421.7001953125,5410.2998046875,5412.7001953125
1772457000,5413.2998046875,5416.2998046875,5405.89990234375,5406.60009765625
1772457120,5405.7001953125,5406.39990234375,5398.2001953125,5402.5
1772457240,5402.0,5405.0,5396.7998046875,5397.7998046875
1772457360,5398.10009765625,5407.5,5398.10009765625,5407.2001953125
1772457480,5407.5,5410.2998046875,5405.0,5408.7998046875
1772457600,5409.0,5414.5,5406.2001953125,5409.89990234375
1772457720,5410.2001953125,5425.2001953125,5409.39990234375,5422.60009765625
1772457840,5422.2998046875,5423.7998046875,5419.7001953125,5423.5
1772457960,5423.2001953125,5424.5,5412.5,5413.39990234375
1772458080,5412.89990234375,5418.60009765625,5412.89990234375,5416.89990234375
1772458200,5417.39990234375,5432.2001953125,5417.2001953125,5430.2001953125
1772458320,5430.39990234375,5432.10009765625,5416.89990234375,5417.89990234375
1772458440,5417.89990234375,5421.2001953125,5415.0,5418.7001953125
1772458560,5419.0,5419.2998046875,5413.60009765625,5418.7001953125
1772458680,5418.2001953125,5418.2001953125,5412.2001953125,5415.2998046875
1772458800,5415.0,5423.0,5415.0,5421.5
1772458920,5421.10009765625,5422.7001953125,5408.60009765625,5413.0
1772459040,5413.2001953125,5414.2998046875,5407.60009765625,5411.7998046875
1772459160,5412.10009765625,5413.0,5406.60009765625,5408.39990234375
1772459280,5409.10009765625,5412.39990234375,5408.7001953125,5410.2001953125
1772459400,5411.0,5414.0,5410.0,5413.39990234375
1772459520,5413.10009765625,5413.60009765625,5405.5,5406.0
1772459640,5406.2001953125,5411.7001953125,5404.5,5411.39990234375
1772459760,5412.0,5412.60009765625,5408.7001953125,5409.10009765625
1772459880,5409.0,5411.2001953125,5407.60009765625,5409.7998046875
1772460000,5409.0,5410.7998046875,5398.10009765625,5400.7998046875
1772460120,5400.5,5403.10009765625,5398.7001953125,5400.2998046875
1772460240,5400.89990234375,5402.10009765625,5390.2001953125,5400.0
1772460360,5400.2001953125,5402.0,5396.10009765625,5400.2998046875
1772460480,5400.10009765625,5401.7998046875,5386.2998046875,5386.60009765625
1772460600,5386.5,5391.7001953125,5378.0,5390.10009765625
1772460720,5389.89990234375,5393.0,5384.5,5387.0
1772460840,5387.39990234375,5391.5,5382.0,5390.39990234375
1772460960,5389.7998046875,5390.2998046875,5379.2001953125,5382.39990234375
1772461080,5382.2001953125,5383.0,5375.60009765625,5378.7998046875
1772461200,5378.60009765625,5384.39990234375,5369.10009765625,5372.7998046875
1772461320,5372.5,5373.10009765625,5360.0,5365.5
1772461440,5364.7998046875,5368.0,5339.0,5344.7998046875
1772461560,5344.0,5344.2998046875,5320.2998046875,5336.5
1772461680,5337.2001953125,5353.2001953125,5333.89990234375,5347.7001953125
1772461800,5347.89990234375,5354.39990234375,5332.39990234375,5337.5
1772461920,5337.0,5346.5,5321.2998046875,5321.2998046875
1772462040,5321.0,5344.60009765625,5318.60009765625,5340.2001953125
1772462160,5340.0,5355.7998046875,5337.5,5351.7998046875
1772462280,5352.10009765625,5364.39990234375,5349.89990234375,5358.39990234375
1772462400,5358.60009765625,5366.5,5358.2998046875,5363.89990234375
1772462520,5364.60009765625,5370.10009765625,5362.60009765625,5362.60009765625
1772462640,5362.39990234375,5365.10009765625,5353.10009765625,5353.2998046875
1772462760,5353.0,5356.2001953125,5344.7001953125,5347.7998046875
1772462880,5347.7001953125,5359.10009765625,5347.2998046875,5354.7001953125
1772463000,5355.2998046875,5356.60009765625,5345.89990234375,5347.2998046875
1772463120,5347.60009765625,5354.0,5334.0,5348.60009765625
1772463240,5349.60009765625,5352.60009765625,5347.2998046875,5350.60009765625
1772463360,5349.0,5350.0,5341.60009765625,5343.2998046875
1772463480,5341.7998046875,5349.7001953125,5341.10009765625,5346.39990234375
1772463600,5346.10009765625,5346.5,5332.2001953125,5336.2998046875
1772463720,5337.7998046875,5346.39990234375,5330.60009765625,5336.7998046875
1772463840,5337.0,5344.39990234375,5331.39990234375,5334.89990234375
1772463960,5335.2001953125,5356.10009765625,5324.39990234375,5354.0
1772464080,5354.2001953125,5360.60009765625,5345.7998046875,5349.5
1772464200,5349.39990234375,5356.5,5346.5,5350.2998046875
1772464320,5349.2998046875,5349.89990234375,5337.7001953125,5343.10009765625
1772464440,5343.2998046875,5349.7001953125,5342.39990234375,5345.60009765625
1772464560,5346.2998046875,5350.0,5333.2001953125,5336.10009765625
1772464680,5335.7998046875,5339.5,5331.2001953125,5337.60009765625
1772464800,5336.5,5344.39990234375,5334.39990234375,5342.7001953125
1772464920,5343.0,5348.2998046875,5342.10009765625,5346.5
1772465040,5345.7998046875,5352.0,5342.10009765625,5348.89990234375
1772465160,5348.60009765625,5353.5,5347.2998046875,5351.89990234375
1772465280,5351.2998046875,5352.0,5341.7001953125,5344.7998046875
1772465400,5344.7998046875,5362.2998046875,5344.2001953125,5362.10009765625
1772465520,5361.7998046875,5361.7998046875,5355.5,5356.89990234375
1772465640,5357.5,5361.60009765625,5353.5,5354.2998046875
1772465760,5353.2998046875,5359.0,5350.39990234375,5357.39990234375
1772465880,5358.2998046875,5364.2998046875,5357.2998046875,5362.10009765625
1772466000,5362.7998046875,5363.10009765625,5353.39990234375,5355.10009765625
1772466120,5355.60009765625,5356.89990234375,5352.5,5355.10009765625
1772466240,5356.2001953125,5360.0,5350.89990234375,5350.89990234375
1772466360,5350.0,5351.60009765625,5340.2998046875,5350.5
1772466480,5350.39990234375,5351.2001953125,5346.39990234375,5348.7998046875
1772466600,5348.7001953125,5351.7001953125,5341.60009765625,5345.0
1772466720,5344.2998046875,5346.39990234375,5340.60009765625,5345.5
1772466840,5344.5,5347.7001953125,5341.60009765625,5343.60009765625
1772466960,5343.39990234375,5343.7001953125,5326.39990234375,5326.7998046875
1772467080,5326.7998046875,5333.10009765625,5321.60009765625,5329.60009765625
1772467200,5328.7001953125,5329.2998046875,5282.2998046875,5283.10009765625
1772467320,5283.10009765625,5290.7998046875,5272.89990234375,5285.60009765625
1772467440,5286.2001953125,5301.5,5281.2998046875,5294.7998046875
1772467560,5294.7998046875,5309.7001953125,5294.39990234375,5296.7001953125
1772467680,5296.60009765625,5308.60009765625,5292.10009765625,5303.7001953125
1772467800,5305.0,5310.5,5296.7998046875,5309.5
1772467920,5310.5,5316.39990234375,5305.7998046875,5315.39990234375
1772468040,5316.0,5317.10009765625,5310.60009765625,5311.5
1772468160,5312.2001953125,5313.7998046875,5303.2998046875,5305.7998046875
1772468280,5305.10009765625,5309.60009765625,5294.0,5299.10009765625
1772468400,5299.5,5304.60009765625,5295.89990234375,5297.5
1772468520,5297.7998046875,5315.0,5297.10009765625,5314.2998046875
1772468640,5313.5,5322.89990234375,5311.5,5321.7998046875
1772468760,5321.89990234375,5326.2001953125,5318.10009765625,5323.60009765625
1772468880,5323.7001953125,5328.7001953125,5320.39990234375,5324.2001953125
1772469000,5323.89990234375,5325.2001953125,5317.2998046875,5318.60009765625
1772469120,5318.7998046875,5321.10009765625,5313.39990234375,5314.10009765625
1772469240,5314.7001953125,5315.2001953125,5296.0,5300.7001953125
1772469360,5300.0,5310.60009765625,5295.89990234375,5307.2001953125
1772469480,5306.5,5320.89990234375,5306.10009765625,5320.2001953125
1772469600,5320.7001953125,5326.39990234375,5320.0,5323.0
1772469720,5323.10009765625,5323.10009765625,5311.5,5314.60009765625
1772469840,5315.2998046875,5320.60009765625,5312.2001953125,5318.7001953125
1772469960,5318.0,5318.7001953125,5309.60009765625,5316.5
1772470080,5316.7001953125,5317.0,5308.0,5313.2001953125
1772470200,5313.10009765625,5318.39990234375,5307.2001953125,5307.7998046875
1772470320,5307.89990234375,5311.2001953125,5304.2998046875,5310.2001953125
1772470440,5308.39990234375,5315.60009765625,5305.7001953125,5314.5
1772470560,5314.39990234375,5315.60009765625,5308.7001953125,5309.10009765625
1772470680,5307.2998046875,5311.0,5303.0,5304.0
1772470800,5303.60009765625,5312.5,5300.60009765625,5311.0
1772470920,5312.0,5312.0,5300.39990234375,5307.2998046875
1772471040,5307.0,5320.0,5306.60009765625,5317.7001953125
1772471160,5317.7998046875,5325.5,5316.10009765625,5318.7001953125
1772471280,5319.0,5322.10009765625,5315.60009765625,5318.7001953125
1772471400,5317.7998046875,5317.7998046875,5308.5,5311.10009765625
1772471520,5310.5,5315.7001953125,5307.39990234375,5315.0
1772471640,5314.2998046875,5315.39990234375,5309.10009765625,5310.89990234375
1772471760,5311.5,5312.7998046875,5308.89990234375,5309.7001953125
1772471880,5310.2001953125,5313.10009765625,5306.0,5310.2998046875
1772472000,5310.2998046875,5317.7998046875,5310.10009765625,5313.7001953125
1772472120,5313.89990234375,5319.60009765625,5312.2001953125,5318.2998046875
1772472240,5318.2998046875,5323.10009765625,5315.60009765625,5321.7001953125
1772472360,5321.7001953125,5327.2001953125,5320.7001953125,5326.0
1772472480,5325.10009765625,5325.10009765625,5318.2998046875,5319.0
1772472600,5318.89990234375,5332.7998046875,5318.7001953125,5330.7998046875
1772472720,5330.5,5330.89990234375,5327.5,5329.5
1772472840,5330.39990234375,5335.10009765625,5330.0,5331.2001953125
1772472960,5331.0,5331.2001953125,5327.39990234375,5327.7001953125
1772473080,5327.39990234375,5327.5,5323.7001953125,5323.7998046875
1772473200,5323.60009765625,5325.10009765625,5319.39990234375,5321.39990234375
1772473320,5321.10009765625,5322.2001953125,5318.5,5319.0
1772473440,5318.89990234375,5322.39990234375,5317.39990234375,5322.2001953125
1772473560,5322.2001953125,5324.89990234375,5320.2001953125,5324.39990234375
1772473680,5324.7998046875,5324.7998046875,5316.2998046875,5319.2001953125
1772473800,5318.7998046875,5320.7001953125,5311.89990234375,5313.2001953125
1772473920,5312.89990234375,5319.2998046875,5312.7001953125,5319.2998046875
1772474040,5318.7998046875,5320.39990234375,5316.39990234375,5318.60009765625
1772474160,5318.0,5321.39990234375,5317.0,5321.39990234375
1772474280,5321.0,5323.5,5320.2001953125,5321.10009765625
1772474400,5321.39990234375,5322.2998046875,5316.7998046875,5317.5
1772474520,5317.39990234375,5317.7001953125,5312.60009765625,5314.0
1772474640,5313.7998046875,5315.2001953125,5309.39990234375,5309.5
1772474760,5309.2998046875,5312.60009765625,5308.2998046875,5308.89990234375
1772474880,5308.89990234375,5309.5,5304.39990234375,5306.0
1772475000,5306.2998046875,5311.2001953125,5302.89990234375,5303.5
1772475120,5303.60009765625,5308.2998046875,5303.39990234375,5308.10009765625
1772475240,5307.2998046875,5312.5,5307.2998046875,5312.2001953125
1772475360,5313.0,5317.89990234375,5313.0,5316.89990234375
1772475480,5317.2998046875,5320.0,5315.7998046875,5316.60009765625
1772475600,5316.89990234375,5319.60009765625,5316.39990234375,5318.39990234375
1772475720,5318.39990234375,5318.39990234375,5313.5,5314.7998046875
1772475840,5314.7998046875,5314.7998046875,5308.39990234375,5311.5
1772475960,5310.89990234375,5311.10009765625,5307.0,5310.2998046875
1772476080,5310.5,5316.2001953125,5309.10009765625,5311.0
1772476200,5311.0,5312.5,5307.0,5310.5
1772476320,5310.2998046875,5310.39990234375,5306.7998046875,5309.10009765625
1772476440,5309.39990234375,5313.10009765625,5307.5,5310.0
1772476560,5310.2001953125,5310.60009765625,5304.2998046875,5304.39990234375
1772476680,5304.60009765625,5308.89990234375,5304.2001953125,5308.0
1772476800,5308.39990234375,5311.60009765625,5308.10009765625,5309.7001953125
1772476920,5310.39990234375,5313.2998046875,5309.7001953125,5312.89990234375
1772477040,5313.2001953125,5317.2001953125,5313.2001953125,5316.7001953125
1772477160,5317.10009765625,5323.10009765625,5316.7001953125,5322.5
1772477280,5322.2998046875,5327.0,5322.0,5324.89990234375
1772477400,5325.0,5326.2998046875,5320.7998046875,5320.7998046875
1772477520,5321.7001953125,5327.7001953125,5321.2001953125,5327.39990234375
1772477640,5327.2001953125,5330.7998046875,5326.7998046875,5327.60009765625
1772477760,5327.2001953125,5327.60009765625,5325.10009765625,5326.7998046875
1772477880,5326.2001953125,5330.0,5325.0,5329.7998046875
1772478000,5329.89990234375,5335.2998046875,5328.2001953125,5334.5
1772478120,5334.39990234375,5335.7001953125,5333.2001953125,5335.0
1772478240,5334.89990234375,5341.0,5334.7998046875,5338.0
1772478360,5337.7998046875,5342.7998046875,5336.60009765625,5339.39990234375
1772478480,5339.5,5344.7001953125,5339.5,5344.0
1772478600,5344.0,5347.0,5340.5,5346.0
1772478720,5345.7998046875,5347.2001953125,5343.89990234375,5343.89990234375
1772478840,5343.7001953125,5345.7001953125,5341.89990234375,5343.0
1772478960,5342.60009765625,5343.0,5332.7998046875,5337.10009765625
1772479080,5337.2001953125,5340.2001953125,5336.10009765625,5339.2998046875
1772479200,5339.2998046875,5340.89990234375,5334.5,5337.0
1772479320,5336.39990234375,5337.89990234375,5335.5,5337.39990234375
1772479440,5337.2998046875,5343.2001953125,5336.89990234375,5343.2001953125
1772479560,5343.0,5344.60009765625,5342.10009765625,5344.39990234375
1772479680,5344.60009765625,5347.0,5343.39990234375,5345.0
1772479800,5345.10009765625,5345.10009765625,5343.0,5344.2001953125
1772479920,5344.89990234375,5346.2001953125,5339.89990234375,5341.2998046875
1772480040,5341.5,5346.2001953125,5341.39990234375,5346.0
1772480160,5346.0,5348.5,5345.2001953125,5347.2001953125
1772480280,5348.2001953125,5348.2001953125,5343.0,5343.2998046875
1772480400,5343.2001953125,5343.60009765625,5341.0,5342.89990234375
1772480520,5342.7001953125,5344.2001953125,5341.0,5341.7998046875
1772480640,5341.5,5342.0,5338.0,5340.60009765625
1772480760,5340.2998046875,5343.2001953125,5337.60009765625,5342.39990234375
1772480880,5342.60009765625,5345.10009765625,5341.60009765625,5342.2998046875
1772481000,5341.89990234375,5342.0,5337.89990234375,5339.39990234375
1772481120,5339.10009765625,5339.5,5337.10009765625,5338.0
1772481240,5338.2998046875,5343.60009765625,5338.2998046875,5343.60009765625
1772481360,5343.89990234375,5345.39990234375,5342.7998046875,5345.0
1772481480,5345.0,5346.0,5343.60009765625,5344.2001953125
1772481600,5344.10009765625,5347.0,5342.2001953125,5344.10009765625
1772481720,5343.89990234375,5346.60009765625,5343.60009765625,5345.7998046875
1772481840,5345.7998046875,5347.2998046875,5344.89990234375,5346.2001953125
1772481960,5346.2998046875,5351.7001953125,5344.60009765625,5350.7998046875
1772482080,5351.10009765625,5357.2998046875,5349.39990234375,5353.2001953125
1772482200,5352.7998046875,5360.2998046875,5351.7998046875,5359.60009765625
1772482320,5359.7001953125,5360.89990234375,5352.2998046875,5354.2998046875
1772482440,5355.2998046875,5357.0,5350.60009765625,5355.89990234375
1772482560,5355.89990234375,5358.5,5342.5,5348.10009765625
1772482680,5348.0,5355.0,5342.60009765625,5344.0
1772482800,5344.39990234375,5353.5,5343.60009765625,5347.5
1772482920,5347.7998046875,5352.89990234375,5347.0,5352.89990234375
1772483040,5352.7998046875,5360.2001953125,5352.60009765625,5359.7998046875
1772483160,5360.5,5360.7998046875,5357.89990234375,5358.39990234375
1772483280,5358.89990234375,5358.89990234375,5344.7001953125,5347.7001953125
1772483400,5348.0,5351.2001953125,5346.7998046875,5350.39990234375
1772483520,5351.2001953125,5356.39990234375,5349.2001953125,5350.2001953125
1772483640,5350.10009765625,5356.60009765625,5350.10009765625,5355.39990234375
1772483760,5355.60009765625,5358.89990234375,5353.89990234375,5358.0
1772483880,5357.89990234375,5359.0,5355.7998046875,5356.10009765625
1772484000,5357.2998046875,5358.0,5355.5,5355.5
1772484120,5356.39990234375,5358.0,5355.39990234375,5356.7998046875
1772484240,5358.0,5359.7001953125,5351.7998046875,5351.7998046875
1772484360,5352.2998046875,5354.39990234375,5349.2001953125,5351.7998046875
1772484480,5352.10009765625,5354.0,5350.7998046875,5352.39990234375
1772484600,5352.5,5353.2001953125,5349.10009765625,5350.89990234375
1772484720,5351.7001953125,5353.89990234375,5350.7998046875,5353.39990234375
1772484840,5353.39990234375,5357.2998046875,5351.89990234375,5352.89990234375
1772484960,5353.7001953125,5355.89990234375,5350.5,5351.89990234375
1772485080,5351.39990234375,5352.2998046875,5345.0,5346.10009765625
1772485200,5346.5,5351.2998046875,5345.5,5347.60009765625
1772485320,5348.10009765625,5352.60009765625,5348.0,5352.60009765625
1772485440,5352.39990234375,5353.0,5350.60009765625,5352.89990234375
1772485560,5352.39990234375,5353.60009765625,5351.7998046875,5351.7998046875
1772485680,5352.0,5354.0,5351.7001953125,5354.0
1772485800,5353.2001953125,5353.2001953125,5349.0,5349.7998046875
1772485920,5350.2001953125,5352.7001953125,5349.10009765625,5350.89990234375
1772486040,5350.7001953125,5352.0,5349.60009765625,5351.89990234375
1772486160,5352.0,5353.0,5350.10009765625,5350.10009765625
1772486280,5350.39990234375,5354.60009765625,5350.2998046875,5353.5
1772486400,5352.0,5352.0,5349.10009765625,5349.2001953125
1772486520,5349.7001953125,5351.2998046875,5348.7001953125,5351.2998046875
1772486640,5351.60009765625,5352.2998046875,5349.7998046875,5350.2001953125
1772486760,5349.5,5349.5,5348.0,5348.2001953125
1772486880,5348.0,5348.5,5346.0,5346.7001953125
1772487000,5346.7001953125,5346.89990234375,5341.0,5341.2001953125
1772487120,5341.10009765625,5343.2998046875,5340.2998046875,5342.89990234375
1772487240,5343.5,5343.89990234375,5342.5,5343.2998046875
1772487360,5343.7998046875,5344.39990234375,5342.7998046875,5343.2001953125
1772487480,5343.7998046875,5343.7998046875,5341.7001953125,5343.60009765625
1772487600,5343.0,5344.39990234375,5341.2998046875,5342.7001953125
1772487720,5343.2998046875,5347.5,5342.7001953125,5346.5
1772487840,5347.0,5347.0,5343.2998046875,5343.7001953125
1772487960,5342.39990234375,5342.39990234375,5337.2001953125,5339.10009765625
1772488080,5339.2001953125,5342.10009765625,5338.5,5341.39990234375
1772488200,5341.7001953125,5342.89990234375,5338.5,5338.60009765625
1772488320,5338.5,5339.60009765625,5336.10009765625,5339.60009765625
1772488440,5339.60009765625,5339.7001953125,5338.89990234375,5339.0
1772488560,5339.60009765625,5339.60009765625,5336.60009765625,5336.60009765625
1772488680,5337.0,5337.0,5335.39990234375,5335.89990234375
1772492400,5335.7001953125,5349.2001953125,5334.89990234375,5347.7998046875
1772492520,5347.89990234375,5357.0,5347.89990234375,5353.89990234375
1772492640,5353.39990234375,5360.89990234375,5353.39990234375,5358.2998046875
1772492760,5357.0,5360.10009765625,5351.89990234375,5353.7998046875
1772492880,5353.0,5354.0,5349.7998046875,5351.2998046875
1772493000,5351.2001953125,5351.60009765625,5346.7998046875,5348.10009765625
1772493120,5348.10009765625,5354.10009765625,5348.10009765625,5353.2998046875
1772493240,5353.2998046875,5355.2001953125,5351.89990234375,5354.2001953125
1772493360,5355.0,5355.2001953125,5352.7998046875,5353.7998046875
1772493480,5353.39990234375,5353.39990234375,5350.7998046875,5351.2998046875
1772493600,5350.89990234375,5351.60009765625,5348.2001953125,5350.7001953125
1772493720,5350.60009765625,5350.60009765625,5342.7998046875,5347.2001953125
1772493840,5348.7998046875,5350.60009765625,5348.7998046875,5350.60009765625
1772493960,5350.39990234375,5350.39990234375,5350.2998046875,5350.39990234375
1772494080,5349.0,5350.39990234375,5348.39990234375,5350.10009765625
1772494200,5350.7001953125,5350.7001953125,5344.39990234375,5344.7998046875
1772494320,5345.39990234375,5347.89990234375,5345.2001953125,5346.5
1772494440,5346.2998046875,5348.60009765625,5345.0,5348.10009765625
1772494560,5347.89990234375,5348.89990234375,5345.89990234375,5346.7998046875
1772494680,5346.39990234375,5346.39990234375,5344.60009765625,5345.10009765625
1772494800,5344.89990234375,5348.2001953125,5344.89990234375,5345.60009765625
1772494920,5345.7001953125,5347.0,5344.7998046875,5344.7998046875
1772495040,5345.2001953125,5346.10009765625,5343.7998046875,5346.10009765625
1772495160,5345.5,5350.5,5345.10009765625,5349.2001953125
1772495280,5348.5,5351.60009765625,5348.5,5349.7001953125
1772495400,5351.0,5358.39990234375,5351.0,5358.39990234375
1772495520,5358.10009765625,5358.7001953125,5356.10009765625,5357.10009765625
1772495640,5356.89990234375,5356.89990234375,5353.2998046875,5355.0
1772495760,5355.2998046875,5357.7998046875,5355.2998046875,5357.0
1772495880,5357.39990234375,5360.39990234375,5357.39990234375,5359.10009765625
1772496000,5359.89990234375,5360.2998046875,5350.10009765625,5353.10009765625
1772496120,5353.7001953125,5356.60009765625,5353.2001953125,5355.0
1772496240,5353.7001953125,5355.2998046875,5353.7001953125,5354.7001953125
1772496360,5355.0,5358.89990234375,5354.2001953125,5358.10009765625
1772496480,5357.5,5359.5,5355.2998046875,5355.2998046875
1772496600,5356.89990234375,5360.39990234375,5355.39990234375,5358.39990234375
1772496720,5358.39990234375,5359.5,5357.7001953125,5358.7001953125
1772496840,5358.5,5365.0,5358.10009765625,5363.60009765625
1772496960,5363.60009765625,5374.60009765625,5362.39990234375,5369.7001953125
1772497080,5369.2001953125,5371.60009765625,5368.10009765625,5370.5
1772497200,5370.5,5370.60009765625,5366.0,5366.7001953125
1772497320,5366.5,5371.7998046875,5365.60009765625,5369.7001953125
1772497440,5370.0,5371.0,5368.60009765625,5369.7001953125
1772497560,5370.60009765625,5372.2998046875,5369.60009765625,5369.60009765625
1772497680,5369.7001953125,5371.7998046875,5367.89990234375,5371.7998046875
1772497800,5371.89990234375,5375.0,5368.7001953125,5375.0
1772497920,5375.10009765625,5376.89990234375,5372.10009765625,5372.2001953125
1772498040,5372.2998046875,5372.2998046875,5367.0,5367.39990234375
1772498160,5368.0,5368.2001953125,5362.0,5363.7001953125
1772498280,5363.7998046875,5366.89990234375,5363.2998046875,5365.39990234375
1772498400,5366.0,5366.7001953125,5364.5,5366.2998046875
1772498520,5366.5,5371.7001953125,5366.5,5371.10009765625
1772498640,5370.10009765625,5371.7001953125,5368.7998046875,5370.60009765625
1772498760,5369.7998046875,5374.0,5366.60009765625,5366.60009765625
1772498880,5367.5,5370.2001953125,5362.60009765625,5367.7998046875
1772499000,5368.39990234375,5369.7998046875,5367.2001953125,5368.0
1772499120,5368.2998046875,5368.2998046875,5362.2001953125,5362.7001953125
1772499240,5363.5,5367.0,5360.39990234375,5366.7998046875
1772499360,5367.0,5367.7998046875,5364.7001953125,5367.10009765625
1772499480,5367.7001953125,5367.7001953125,5363.0,5364.5
1772499600,5364.89990234375,5374.5,5361.2001953125,5370.5
1772499720,5371.2998046875,5376.60009765625,5370.39990234375,5376.5
1772499840,5376.2998046875,5379.0,5375.5,5377.5
1772499960,5377.10009765625,5386.7001953125,5377.10009765625,5385.60009765625
1772500080,5385.2001953125,5385.5,5378.89990234375,5383.0
1772500200,5383.2998046875,5384.2001953125,5379.0,5379.0
1772500320,5380.10009765625,5380.10009765625,5376.2998046875,5378.5
1772500440,5377.89990234375,5386.60009765625,5377.89990234375,5384.7001953125
1772500560,5384.39990234375,5387.60009765625,5380.7998046875,5381.60009765625
1772500680,5381.60009765625,5387.39990234375,5380.89990234375,5386.39990234375
1772500800,5385.7001953125,5392.0,5385.10009765625,5392.0
1772500920,5391.2001953125,5394.0,5390.0,5393.7998046875
1772501040,5393.39990234375,5394.2001953125,5391.2001953125,5392.5
1772501160,5392.7001953125,5393.7998046875,5388.7998046875,5391.5
1772501280,5391.0,5393.89990234375,5390.0,5391.2998046875
1772501400,5391.7998046875,5391.89990234375,5386.5,5386.89990234375
1772501520,5387.5,5392.39990234375,5384.39990234375,5391.5
1772501640,5391.10009765625,5391.89990234375,5386.2998046875,5386.2998046875
1772501760,5387.2001953125,5387.39990234375,5382.0,5382.89990234375
1772501880,5382.60009765625,5387.5,5382.60009765625,5387.2001953125
1772502000,5387.7001953125,5387.89990234375,5383.2001953125,5386.10009765625
1772502120,5386.10009765625,5386.10009765625,5378.5,5379.39990234375
1772502240,5380.2001953125,5380.2998046875,5375.7998046875,5378.10009765625
1772502360,5378.2001953125,5378.2998046875,5356.2998046875,5365.2998046875
1772502480,5365.39990234375,5368.2998046875,5360.39990234375,5365.7001953125
1772502600,5365.60009765625,5373.39990234375,5364.10009765625,5373.39990234375
1772502720,5373.60009765625,5375.89990234375,5371.0,5372.60009765625
1772502840,5373.2998046875,5373.2998046875,5361.5,5365.60009765625
1772502960,5364.2001953125,5366.2998046875,5352.60009765625,5359.2001953125
1772503080,5359.89990234375,5363.0,5351.5,5352.89990234375
1772503200,5353.7001953125,5356.2001953125,5346.7001953125,5350.2998046875
1772503320,5350.2001953125,5362.7998046875,5348.39990234375,5360.7998046875
1772503440,5360.7998046875,5364.2001953125,5356.7001953125,5357.0
1772503560,5356.10009765625,5365.7001953125,5355.5,5365.7001953125
1772503680,5365.2998046875,5370.7001953125,5362.60009765625,5365.60009765625
1772503800,5365.0,5366.2001953125,5357.10009765625,5363.7001953125
1772503920,5363.5,5365.0,5357.39990234375,5359.10009765625
1772504040,5361.39990234375,5368.2001953125,5361.39990234375,5367.7001953125
1772504160,5367.10009765625,5367.60009765625,5358.39990234375,5359.0
1772504280,5360.0,5366.2001953125,5358.7001953125,5362.60009765625
1772504400,5362.89990234375,5367.2001953125,5361.7001953125,5366.2998046875
1772504520,5365.60009765625,5369.2998046875,5365.60009765625,5366.7998046875
1772504640,5366.10009765625,5370.0,5365.0,5369.0
1772504760,5368.0,5372.60009765625,5367.5,5369.60009765625
1772504880,5369.60009765625,5373.60009765625,5365.39990234375,5372.89990234375
1772505000,5372.39990234375,5378.89990234375,5368.89990234375,5375.7998046875
1772505120,5376.89990234375,5376.89990234375,5373.2001953125,5373.7998046875
1772505240,5373.7998046875,5375.10009765625,5371.7001953125,5374.7998046875
1772505360,5376.2998046875,5378.2998046875,5371.7001953125,5373.10009765625
1772505480,5373.60009765625,5377.39990234375,5369.5,5371.89990234375
1772505600,5372.60009765625,5375.0,5369.7001953125,5374.10009765625
1772505720,5374.7998046875,5375.2998046875,5371.5,5375.10009765625
1772505840,5375.39990234375,5376.60009765625,5373.2001953125,5375.7001953125
1772505960,5376.5,5378.7998046875,5375.0,5375.7001953125
1772506080,5376.0,5381.2001953125,5375.5,5377.5
1772506200,5377.39990234375,5378.39990234375,5372.7001953125,5374.10009765625
1772506320,5374.0,5379.10009765625,5374.0,5375.2001953125
1772506440,5375.0,5381.39990234375,5374.0,5379.39990234375
1772506560,5379.7998046875,5381.7001953125,5379.2998046875,5380.10009765625
1772506680,5379.7001953125,5381.7998046875,5379.2998046875,5380.0
1772506800,5380.7001953125,5385.10009765625,5380.2001953125,5383.89990234375
1772506920,5383.89990234375,5385.0,5383.39990234375,5384.5
1772507040,5384.7998046875,5384.7998046875,5380.89990234375,5382.10009765625
1772507160,5382.39990234375,5384.0,5381.10009765625,5382.7001953125
1772507280,5382.2001953125,5384.5,5381.5,5383.2998046875
1772507400,5384.2998046875,5385.10009765625,5378.2001953125,5381.10009765625
1772507520,5380.7001953125,5380.89990234375,5378.2001953125,5380.2998046875
1772507640,5380.60009765625,5383.0,5378.89990234375,5383.0
1772507760,5382.0,5382.0,5376.7998046875,5380.0
1772507880,5380.39990234375,5381.2001953125,5379.7001953125,5381.10009765625
1772508000,5381.5,5382.2001953125,5380.0,5380.39990234375
1772508120,5380.2001953125,5385.2998046875,5379.7998046875,5384.5
1772508240,5385.2998046875,5387.2001953125,5382.5,5384.39990234375
1772508360,5383.7998046875,5384.10009765625,5380.0,5383.2001953125
1772508480,5382.60009765625,5383.10009765625,5378.7998046875,5380.5
1772508600,5380.5,5382.39990234375,5379.7001953125,5380.7001953125
1772508720,5380.60009765625,5382.7998046875,5380.60009765625,5382.39990234375
1772508840,5382.89990234375,5383.2998046875,5381.60009765625,5381.60009765625
1772508960,5381.89990234375,5381.89990234375,5379.39990234375,5380.89990234375
1772509080,5380.7001953125,5380.7001953125,5379.10009765625,5379.7998046875
1772509200,5380.2001953125,5381.0,5378.7998046875,5381.0
1772509320,5380.89990234375,5382.7001953125,5379.2001953125,5379.89990234375
1772509440,5380.2001953125,5383.89990234375,5378.0,5380.2998046875
1772509560,5379.89990234375,5381.0,5378.60009765625,5379.5
1772509680,5379.10009765625,5380.39990234375,5379.10009765625,5380.2998046875
1772509800,5380.7001953125,5381.10009765625,5378.0,5378.0
1772509920,5377.39990234375,5377.7001953125,5372.2001953125,5377.7001953125
1772510040,5377.7001953125,5378.7998046875,5375.2998046875,5378.0
1772510160,5377.7998046875,5378.2998046875,5376.89990234375,5377.7001953125
1772510280,5378.5,5381.2001953125,5378.5,5381.2001953125
1772510400,5380.7998046875,5381.2001953125,5377.89990234375,5378.39990234375
1772510520,5379.2001953125,5380.7998046875,5375.5,5378.2998046875
1772510640,5379.39990234375,5380.7001953125,5375.10009765625,5378.2001953125
1772510760,5378.2001953125,5378.2001953125,5376.2998046875,5377.7998046875
1772510880,5377.2998046875,5378.2001953125,5377.2998046875,5378.2001953125
1772511000,5378.10009765625,5378.10009765625,5373.2001953125,5373.2001953125
1772511120,5373.2001953125,5376.10009765625,5373.0,5375.5
1772511240,5375.7001953125,5379.0,5373.5,5378.5
1772511360,5378.7998046875,5378.7998046875,5374.7998046875,5378.7998046875
1772511480,5378.2001953125,5380.5,5377.7001953125,5380.5
1772511600,5380.89990234375,5385.0,5380.89990234375,5384.10009765625
1772511720,5384.60009765625,5385.39990234375,5381.7001953125,5381.89990234375
1772511840,5381.60009765625,5385.2001953125,5381.39990234375,5385.2001953125
1772511960,5385.5,5389.0,5385.2998046875,5387.39990234375
1772512080,5387.0,5387.0,5384.7001953125,5385.2001953125
1772512200,5385.2001953125,5388.7001953125,5384.89990234375,5388.2001953125
1772512320,5387.89990234375,5389.2001953125,5384.7001953125,5386.5
1772512440,5386.2998046875,5386.2998046875,5384.2001953125,5385.10009765625
1772512560,5385.10009765625,5385.5,5381.10009765625,5381.7998046875
1772512680,5381.10009765625,5384.39990234375,5381.0,5382.39990234375
1772512800,5382.39990234375,5385.60009765625,5382.0,5384.0
1772512920,5385.0,5385.0,5383.39990234375,5383.39990234375
1772513040,5383.7998046875,5384.0,5380.2001953125,5380.7001953125
1772513160,5380.10009765625,5381.39990234375,5379.7001953125,5380.2001953125
1772513280,5380.10009765625,5380.39990234375,5376.7001953125,5377.2001953125
1772513400,5377.60009765625,5380.39990234375,5376.2001953125,5376.7998046875
1772513520,5376.89990234375,5380.7998046875,5376.7998046875,5376.89990234375
1772513640,5377.39990234375,5381.60009765625,5375.2998046875,5378.7001953125
1772513760,5380.0,5380.5,5376.2001953125,5379.10009765625
1772513880,5379.10009765625,5380.7001953125,5377.60009765625,5377.89990234375
1772514000,5374.7001953125,5376.89990234375,5368.10009765625,5375.10009765625
1772514120,5376.7998046875,5379.89990234375,5374.89990234375,5375.7998046875
1772514240,5375.89990234375,5377.2001953125,5374.10009765625,5374.7001953125
1772514360,5374.7001953125,5375.7001953125,5373.10009765625,5375.10009765625
1772514480,5375.60009765625,5379.89990234375,5375.10009765625,5379.7001953125
1772514600,5379.5,5381.5,5379.2001953125,5379.89990234375
1772514720,5379.5,5380.2001953125,5378.39990234375,5378.5
1772514840,5378.5,5378.7001953125,5369.5,5369.5
1772514960,5368.60009765625,5371.89990234375,5368.10009765625,5369.7998046875
1772515080,5368.2998046875,5373.5,5366.7998046875,5373.5
1772515200,5373.60009765625,5373.60009765625,5370.0,5373.39990234375
1772515320,5372.60009765625,5374.39990234375,5370.7001953125,5372.0
1772515440,5371.5,5375.0,5371.5,5375.0
1772515560,5375.0,5376.5,5373.7998046875,5374.39990234375
1772515680,5375.0,5375.0,5371.89990234375,5372.89990234375
1772515800,5373.10009765625,5373.39990234375,5362.7998046875,5363.60009765625
1772515920,5363.7001953125,5364.89990234375,5357.89990234375,5358.2001953125
1772516040,5358.39990234375,5363.5,5357.2001953125,5361.10009765625
1772516160,5361.10009765625,5361.60009765625,5353.39990234375,5356.89990234375
1772516280,5356.39990234375,5357.10009765625,5347.5,5351.7998046875
1772516400,5351.2001953125,5359.2001953125,5349.0,5359.2001953125
1772516520,5358.7998046875,5358.7998046875,5355.2001953125,5358.39990234375
1772516640,5359.10009765625,5360.5,5353.60009765625,5360.2998046875
1772516760,5359.7998046875,5360.5,5348.89990234375,5348.89990234375
1772516880,5349.10009765625,5351.7001953125,5334.89990234375,5340.39990234375
1772517000,5340.10009765625,5343.2998046875,5335.39990234375,5335.39990234375
1772517120,5335.7998046875,5337.60009765625,5332.89990234375,5334.2001953125
1772517240,5333.39990234375,5334.2998046875,5320.2001953125,5323.5
1772517360,5322.10009765625,5330.10009765625,5318.0,5329.2998046875
1772517480,5328.7998046875,5333.39990234375,5327.10009765625,5331.89990234375
1772517600,5333.7001953125,5336.10009765625,5330.89990234375,5334.7998046875
1772517720,5335.0,5336.2001953125,5329.5,5329.89990234375
1772517840,5329.2998046875,5335.0,5326.5,5333.2998046875
1772517960,5332.2998046875,5334.10009765625,5322.7998046875,5327.60009765625
1772518080,5327.2001953125,5327.2001953125,5315.7998046875,5321.60009765625
1772518200,5322.5,5327.2001953125,5319.60009765625,5321.0
1772518320,5321.10009765625,5321.10009765625,5301.89990234375,5305.10009765625
1772518440,5304.60009765625,5310.7001953125,5292.10009765625,5307.0
1772518560,5306.60009765625,5313.60009765625,5305.0,5311.39990234375
1772518680,5311.60009765625,5318.0,5311.10009765625,5315.7998046875
1772518800,5316.2001953125,5323.0,5315.89990234375,5322.7998046875
1772518920,5322.7998046875,5328.7001953125,5321.5,5325.2001953125
1772519040,5324.89990234375,5324.89990234375,5320.0,5320.5
1772519160,5320.89990234375,5327.60009765625,5320.89990234375,5327.5
1772519280,5327.89990234375,5333.0,5326.89990234375,5329.7998046875
1772519400,5330.10009765625,5331.7001953125,5327.7001953125,5329.60009765625
1772519520,5329.2001953125,5331.89990234375,5328.39990234375,5329.89990234375
1772519640,5329.7001953125,5330.2998046875,5319.5,5322.10009765625
1772519760,5322.0,5323.10009765625,5314.2998046875,5316.2001953125
1772519880,5315.5,5319.0,5308.0,5318.7998046875
1772520000,5320.10009765625,5325.10009765625,5320.0,5322.5
1772520120,5321.5,5328.10009765625,5321.2998046875,5327.2001953125
1772520240,5327.2001953125,5328.10009765625,5319.7998046875,5321.2001953125
1772520360,5321.0,5322.0,5318.0,5320.2998046875
1772520480,5319.89990234375,5321.60009765625,5315.60009765625,5317.60009765625
1772520600,5318.60009765625,5320.0,5309.10009765625,5310.2998046875
1772520720,5309.2001953125,5314.0,5303.2998046875,5313.89990234375
1772520840,5313.5,5318.0,5310.89990234375,5315.89990234375
1772520960,5315.7998046875,5321.7998046875,5315.7998046875,5320.60009765625
1772521080,5321.89990234375,5325.10009765625,5321.5,5323.0
1772521200,5322.7998046875,5323.89990234375,5318.5,5323.5
1772521320,5323.2998046875,5328.5,5323.2998046875,5324.60009765625
1772521440,5324.7001953125,5328.60009765625,5323.5,5327.10009765625
1772521560,5327.7998046875,5331.2001953125,5326.5,5330.39990234375
1772521680,5329.7998046875,5330.0,5325.7998046875,5325.89990234375
1772521800,5325.7001953125,5327.10009765625,5323.0,5323.0
1772521920,5322.0,5326.0,5321.60009765625,5322.89990234375
1772522040,5323.39990234375,5328.10009765625,5322.7001953125,5326.60009765625
1772522160,5325.7998046875,5329.7998046875,5324.60009765625,5329.7998046875
1772522280,5329.2998046875,5332.0,5328.5,5328.60009765625
1772522400,5329.0,5330.2998046875,5325.60009765625,5326.60009765625
1772522520,5326.39990234375,5328.2001953125,5323.0,5326.60009765625
1772522640,5327.2998046875,5328.2998046875,5323.60009765625,5327.5
1772522760,5328.0,5331.89990234375,5326.0,5327.89990234375
1772522880,5327.89990234375,5329.60009765625,5326.0,5326.0
1772523000,5326.0,5329.10009765625,5326.0,5327.60009765625
1772523120,5326.89990234375,5333.0,5326.2001953125,5332.7998046875
1772523240,5332.39990234375,5334.7998046875,5328.89990234375,5329.89990234375
1772523360,5329.2001953125,5333.0,5329.0,5333.0
1772523480,5333.2001953125,5338.7998046875,5333.2001953125,5338.10009765625
1772523600,5338.2998046875,5341.39990234375,5335.2998046875,5335.7998046875
1772523720,5334.89990234375,5338.60009765625,5334.2001953125,5338.2001953125
1772523840,5338.2001953125,5340.7998046875,5336.89990234375,5339.7001953125
1772523960,5339.10009765625,5342.39990234375,5338.2001953125,5341.60009765625
1772524080,5341.7001953125,5341.7001953125,5337.7998046875,5337.7998046875
1772524200,5338.2998046875,5346.10009765625,5337.7998046875,5339.5
1772524320,5340.10009765625,5343.5,5339.39990234375,5342.0
1772524440,5342.0,5344.60009765625,5341.39990234375,5343.60009765625
1772524560,5344.0,5344.7998046875,5340.7001953125,5343.10009765625
1772524680,5343.39990234375,5343.39990234375,5337.39990234375,5340.60009765625
1772524800,5340.5,5343.60009765625,5338.39990234375,5342.2998046875
1772524920,5342.5,5346.39990234375,5341.2001953125,5344.5
1772525040,5345.2001953125,5349.0,5343.0,5348.39990234375
1772525160,5348.5,5348.5,5337.7001953125,5339.0
1772525280,5339.2001953125,5341.2001953125,5338.0,5339.89990234375
1772525400,5339.7998046875,5340.10009765625,5335.7001953125,5339.0
1772525520,5340.2998046875,5341.10009765625,5335.5,5336.0
1772525640,5336.0,5337.39990234375,5331.0,5331.0
1772525760,5331.39990234375,5339.89990234375,5330.7001953125,5338.2998046875
1772525880,5338.60009765625,5340.7001953125,5336.2001953125,5340.7001953125
1772526000,5340.7001953125,5341.5,5339.0,5339.89990234375
1772526120,5338.89990234375,5339.10009765625,5327.7001953125,5327.7001953125
1772526240,5328.2998046875,5330.5,5326.39990234375,5330.0
1772526360,5330.10009765625,5332.7001953125,5326.7001953125,5331.10009765625
1772526480,5329.7998046875,5330.10009765625,5323.89990234375,5325.5
1772526600,5325.7001953125,5326.7001953125,5321.60009765625,5321.7998046875
1772526720,5321.89990234375,5323.0,5318.5,5318.7998046875
1772526840,5319.0,5320.2001953125,5313.89990234375,5319.7001953125
1772526960,5319.39990234375,5325.0,5318.7001953125,5320.60009765625
1772527080,5320.7001953125,5321.89990234375,5312.2001953125,5312.89990234375
1772527200,5312.89990234375,5315.7001953125,5308.5,5315.5
1772527320,5314.7998046875,5320.60009765625,5313.7001953125,5319.5
1772527440,5318.7998046875,5321.5,5316.2998046875,5320.7001953125
1772527560,5320.89990234375,5323.0,5319.39990234375,5320.39990234375
1772527680,5320.5,5323.7001953125,5319.5,5323.2001953125
1772527800,5321.60009765625,5324.10009765625,5315.39990234375,5315.60009765625
1772527920,5315.7001953125,5318.10009765625,5315.39990234375,5316.39990234375
1772528040,5314.60009765625,5317.2998046875,5305.0,5309.5
1772528160,5309.2001953125,5312.60009765625,5307.7998046875,5310.2001953125
1772528280,5309.7001953125,5310.0,5302.7998046875,5308.7998046875
1772528400,5308.5,5315.89990234375,5307.5,5315.2998046875
1772528520,5314.7001953125,5317.39990234375,5310.39990234375,5314.2001953125
1772528640,5313.5,5314.39990234375,5295.0,5305.2001953125
1772528760,5305.2998046875,5310.10009765625,5300.89990234375,5306.89990234375
1772528880,5306.2998046875,5309.89990234375,5304.2001953125,5307.7998046875
1772529000,5308.2001953125,5316.2998046875,5306.89990234375,5310.7001953125
1772529120,5310.60009765625,5311.10009765625,5306.2998046875,5306.7001953125
1772529240,5305.89990234375,5311.7998046875,5305.89990234375,5310.39990234375
1772529360,5310.10009765625,5313.89990234375,5304.39990234375,5313.89990234375
1772529480,5314.2998046875,5314.89990234375,5306.0,5307.2998046875
1772529600,5307.5,5311.10009765625,5305.0,5311.10009765625
1772529720,5311.7001953125,5312.0,5299.2001953125,5300.0
1772529840,5299.2001953125,5299.5,5257.0,5260.5
1772529960,5259.7001953125,5266.7998046875,5239.60009765625,5246.7001953125
1772530080,5245.7998046875,5255.89990234375,5236.0,5253.2998046875
1772530200,5253.7998046875,5273.7998046875,5251.7001953125,5272.10009765625
1772530320,5272.7001953125,5282.5,5265.7001953125,5280.60009765625
1772530440,5280.0,5282.0,5272.89990234375,5279.10009765625
1772530560,5278.2998046875,5282.10009765625,5275.0,5275.2001953125
1772530680,5275.2001953125,5281.39990234375,5273.89990234375,5277.5
1772530800,5277.60009765625,5277.89990234375,5270.7998046875,5276.7001953125
1772530920,5278.89990234375,5281.39990234375,5276.2998046875,5278.0
1772531040,5277.89990234375,5278.89990234375,5271.5,5275.2998046875
1772531160,5275.10009765625,5283.39990234375,5271.89990234375,5276.10009765625
1772531280,5276.10009765625,5282.0,5275.7998046875,5276.39990234375
1772531400,5276.5,5281.5,5275.2998046875,5280.89990234375
1772531520,5282.0,5290.7998046875,5281.60009765625,5288.0
1772531640,5288.0,5292.89990234375,5284.60009765625,5284.60009765625
1772531760,5285.10009765625,5287.7001953125,5281.0,5286.0
1772531880,5286.2001953125,5289.60009765625,5282.2001953125,5286.7998046875
1772532000,5287.2998046875,5288.7998046875,5281.0,5281.7001953125
1772532120,5281.0,5298.0,5280.10009765625,5297.39990234375
1772532240,5296.7001953125,5300.10009765625,5290.7998046875,5290.89990234375
1772532360,5290.10009765625,5291.5,5286.60009765625,5287.7001953125
1772532480,5287.5,5287.5,5281.2998046875,5286.89990234375
1772532600,5287.2001953125,5292.0,5283.39990234375,5287.2998046875
1772532720,5286.5,5291.0,5285.39990234375,5288.2001953125
1772532840,5288.5,5289.10009765625,5284.5,5284.89990234375
1772532960,5284.5,5286.10009765625,5275.39990234375,5282.7001953125
1772533080,5282.7998046875,5286.60009765625,5281.0,5281.2998046875
1772533200,5281.0,5287.7998046875,5281.0,5285.60009765625
1772533320,5286.0,5288.7001953125,5284.7001953125,5285.39990234375
1772533440,5286.0,5290.10009765625,5285.0,5287.2001953125
1772533560,5285.7998046875,5293.2001953125,5283.89990234375,5292.2001953125
1772533680,5291.89990234375,5291.89990234375,5287.7998046875,5289.10009765625
1772533800,5287.0,5288.2998046875,5282.0,5284.39990234375
1772533920,5284.60009765625,5285.7001953125,5277.2998046875,5280.7998046875
1772534040,5281.60009765625,5283.2998046875,5278.2001953125,5281.7001953125
1772534160,5280.7001953125,5282.2998046875,5273.2001953125,5274.39990234375
1772534280,5274.0,5275.0,5259.10009765625,5264.10009765625
1772534400,5265.0,5279.5,5264.39990234375,5279.0
1772534520,5278.10009765625,5279.7001953125,5270.89990234375,5272.7998046875
1772534640,5274.2998046875,5274.2998046875,5263.5,5266.89990234375
1772534760,5267.39990234375,5270.5,5263.5,5263.7998046875
1772534880,5265.2001953125,5266.7998046875,5257.2001953125,5260.60009765625
1772535000,5261.0,5267.60009765625,5258.5,5261.2998046875
1772535120,5261.7001953125,5264.5,5251.7001953125,5258.5
1772535240,5258.39990234375,5266.89990234375,5251.39990234375,5264.5
1772535360,5264.7001953125,5266.0,5261.7998046875,5263.10009765625
1772535480,5263.0,5264.39990234375,5246.10009765625,5259.7001953125
1772535600,5258.2998046875,5271.0,5256.60009765625,5268.2998046875
1772535720,5267.5,5274.7998046875,5265.7998046875,5266.2001953125
1772535840,5265.2001953125,5267.2998046875,5255.39990234375,5256.7001953125
1772535960,5257.7001953125,5258.89990234375,5213.60009765625,5213.60009765625
1772536080,5213.89990234375,5228.7001953125,5168.0,5181.10009765625
1772536200,5179.60009765625,5209.5,5170.5,5203.10009765625
1772536320,5203.2998046875,5221.89990234375,5201.2001953125,5210.39990234375
1772536440,5211.2998046875,5214.39990234375,5196.5,5201.2001953125
1772536560,5200.5,5208.60009765625,5183.89990234375,5197.10009765625
1772536680,5197.0,5215.10009765625,5196.89990234375,5213.7998046875
1772536800,5215.10009765625,5217.2998046875,5199.7001953125,5215.7998046875
1772536920,5215.7998046875,5219.2998046875,5208.89990234375,5213.39990234375
1772537040,5213.2001953125,5215.7998046875,5190.60009765625,5195.2001953125
1772537160,5195.2001953125,5199.0,5175.0,5177.7001953125
1772537280,5178.39990234375,5181.5,5122.10009765625,5136.39990234375
1772537400,5136.2998046875,5151.0,5088.7001953125,5111.5
1772537520,5110.60009765625,5114.39990234375,5081.39990234375,5104.89990234375
1772537640,5105.60009765625,5137.7998046875,5091.10009765625,5136.2998046875
1772537760,5137.5,5146.89990234375,5120.7001953125,5145.0
1772537880,5145.2001953125,5152.2001953125,5132.60009765625,5142.60009765625
1772538000,5142.60009765625,5144.10009765625,5116.39990234375,5118.2001953125
1772538120,5118.7998046875,5126.10009765625,5112.60009765625,5122.5
1772538240,5123.7998046875,5149.0,5118.2998046875,5147.2998046875
1772538360,5148.39990234375,5156.2001953125,5143.89990234375,5153.7001953125
1772538480,5153.89990234375,5160.0,5150.10009765625,5153.2001953125
1772538600,5152.2001953125,5162.5,5147.7001953125,5149.10009765625
1772538720,5150.10009765625,5162.89990234375,5150.10009765625,5157.7001953125
1772538840,5158.10009765625,5168.2001953125,5156.39990234375,5163.39990234375
1772538960,5162.7998046875,5167.0,5151.60009765625,5158.5
1772539080,5158.2998046875,5163.0,5150.89990234375,5154.0
1772539200,5154.5,5165.2001953125,5150.2998046875,5162.2998046875
1772539320,5160.60009765625,5161.10009765625,5148.2001953125,5153.7998046875
1772539440,5153.89990234375,5176.0,5153.7001953125,5170.7001953125
1772539560,5171.0,5185.0,5170.7001953125,5184.39990234375
1772539680,5183.60009765625,5189.39990234375,5178.7998046875,5187.2998046875
1772539800,5187.5,5195.10009765625,5187.5,5192.7998046875
1772539920,5194.10009765625,5200.7001953125,5192.7001953125,5194.2998046875
1772540040,5194.89990234375,5203.5,5191.2998046875,5194.39990234375
1772540160,5194.2001953125,5205.7001953125,5193.7001953125,5197.60009765625
1772540280,5197.89990234375,5205.60009765625,5197.89990234375,5202.2998046875
1772540400,5201.7998046875,5204.2001953125,5192.60009765625,5198.7001953125
1772540520,5198.0,5205.0,5194.0,5204.89990234375
1772540640,5204.2998046875,5210.7998046875,5203.0,5208.0
1772540760,5208.10009765625,5220.60009765625,5206.0,5217.5
1772540880,5217.5,5220.0,5206.39990234375,5215.89990234375
1772541000,5215.7001953125,5223.2998046875,5212.0,5218.5
1772541120,5219.39990234375,5219.39990234375,5198.39990234375,5210.2001953125
1772541240,5209.60009765625,5210.5,5204.5,5204.60009765625
1772541360,5205.2001953125,5217.7998046875,5204.2001953125,5217.7998046875
1772541480,5217.39990234375,5217.60009765625,5210.5,5216.0
1772541600,5217.60009765625,5221.60009765625,5213.7998046875,5221.2001953125
1772541720,5221.2001953125,5222.0,5213.2998046875,5214.2998046875
1772541840,5213.39990234375,5215.10009765625,5209.89990234375,5211.39990234375
1772541960,5212.0,5215.60009765625,5207.7998046875,5214.5
1772542080,5215.10009765625,5215.7001953125,5210.7001953125,5212.60009765625
1772542200,5212.2001953125,5219.7998046875,5208.89990234375,5219.2001953125
1772542320,5218.89990234375,5218.89990234375,5205.7001953125,5213.10009765625
1772542440,5214.39990234375,5228.0,5213.89990234375,5225.0
1772542560,5225.0,5236.89990234375,5223.89990234375,5235.5
1772542680,5235.39990234375,5235.89990234375,5230.0,5234.5
1772542800,5234.60009765625,5234.60009765625,5195.7001953125,5212.2001953125
1772542920,5212.7001953125,5213.10009765625,5188.10009765625,5188.2001953125
1772543040,5188.60009765625,5195.2001953125,5180.7001953125,5180.7001953125
1772543160,5180.7001953125,5191.2001953125,5166.39990234375,5170.2001953125
1772543280,5170.60009765625,5172.0,5159.39990234375,5164.0
1772543400,5164.2001953125,5178.5,5152.10009765625,5178.0
1772543520,5178.10009765625,5189.60009765625,5170.39990234375,5172.7998046875
1772543640,5173.0,5181.5,5167.0,5177.10009765625
1772543760,5176.60009765625,5184.10009765625,5171.2998046875,5182.39990234375
1772543880,5181.39990234375,5187.7998046875,5179.2001953125,5185.7001953125
1772544000,5186.2001953125,5195.5,5182.2001953125,5184.7001953125
1772544120,5184.5,5189.39990234375,5170.89990234375,5176.7998046875
1772544240,5177.7001953125,5186.0,5177.7001953125,5182.60009765625
1772544360,5181.7998046875,5185.7001953125,5176.2001953125,5180.7001953125
1772544480,5181.2001953125,5192.2998046875,5177.5,5188.60009765625
1772544600,5188.5,5196.0,5183.5,5183.5
1772544720,5182.7998046875,5196.0,5181.2001953125,5195.0
1772544840,5194.2001953125,5197.60009765625,5183.5,5184.39990234375
1772544960,5184.10009765625,5186.2998046875,5176.0,5178.5
1772545080,5179.2001953125,5184.2998046875,5166.10009765625,5169.0
1772545200,5168.7998046875,5169.10009765625,5161.7998046875,5169.10009765625
1772545320,5169.10009765625,5170.2001953125,5158.0,5159.2998046875
1772545440,5159.0,5169.10009765625,5146.89990234375,5149.89990234375
1772545560,5149.5,5154.2998046875,5137.2001953125,5142.39990234375
1772545680,5141.7998046875,5162.0,5140.60009765625,5161.7001953125
1772545800,5161.7001953125,5162.89990234375,5144.0,5147.2998046875
1772545920,5148.60009765625,5157.60009765625,5143.10009765625,5155.7998046875
1772546040,5155.39990234375,5158.39990234375,5150.60009765625,5157.2998046875
1772546160,5158.2998046875,5160.7998046875,5152.39990234375,5157.5
1772546280,5158.60009765625,5169.2001953125,5157.0,5166.5
1772546400,5166.89990234375,5178.60009765625,5159.7001953125,5173.39990234375
1772546520,5171.7998046875,5174.0,5164.2998046875,5169.39990234375
1772546640,5169.7998046875,5175.7998046875,5166.39990234375,5173.0
1772546760,5173.0,5178.10009765625,5168.39990234375,5176.2001953125
1772546880,5176.2998046875,5185.7998046875,5176.2001953125,5177.7001953125
1772547000,5177.7998046875,5180.7998046875,5174.39990234375,5178.60009765625
1772547120,5178.39990234375,5183.39990234375,5176.39990234375,5180.10009765625
1772547240,5179.7001953125,5181.0,5162.0,5165.7998046875
1772547360,5166.5,5168.60009765625,5154.89990234375,5159.2998046875
1772547480,5159.2998046875,5159.2998046875,5151.39990234375,5151.60009765625
1772547600,5151.2998046875,5154.2998046875,5143.39990234375,5148.10009765625
1772547720,5148.39990234375,5152.2001953125,5142.89990234375,5146.2998046875
1772547840,5146.39990234375,5147.10009765625,5130.89990234375,5145.7001953125
1772547960,5145.2998046875,5151.2998046875,5139.7998046875,5151.10009765625
1772548080,5151.0,5157.89990234375,5148.7998046875,5155.7998046875
1772548200,5154.7998046875,5154.7998046875,5124.0,5127.10009765625
1772548320,5127.2998046875,5133.39990234375,5122.2998046875,5133.0
1772548440,5132.0,5136.0,5112.0,5121.2001953125
1772548560,5122.60009765625,5128.2998046875,5111.89990234375,5128.2001953125
1772548680,5128.0,5143.5,5126.89990234375,5134.89990234375
1772548800,5134.7001953125,5135.7998046875,5091.2998046875,5095.10009765625
1772548920,5095.7001953125,5099.2001953125,5086.0,5088.60009765625
1772549040,5089.39990234375,5089.7998046875,5060.0,5070.39990234375
1772549160,5070.2998046875,5084.7001953125,5068.2998046875,5077.10009765625
1772549280,5076.2001953125,5088.7998046875,5064.10009765625,5066.7998046875
1772549400,5066.2998046875,5067.5,5027.0,5028.60009765625
1772549520,5029.60009765625,5056.5,5025.0,5056.0
1772549640,5055.89990234375,5067.10009765625,5051.7001953125,5059.5
1772549760,5059.5,5072.10009765625,5055.7001953125,5069.0
1772549880,5067.7001953125,5074.0,5044.2998046875,5048.0
1772550000,5048.7998046875,5077.0,5044.10009765625,5058.5
1772550120,5058.7001953125,5079.2001953125,5056.60009765625,5059.60009765625
1772550240,5059.60009765625,5062.7998046875,5034.7001953125,5055.89990234375
1772550360,5056.10009765625,5074.2998046875,5054.0,5063.39990234375
1772550480,5063.39990234375,5066.0,5053.5,5054.89990234375
1772550600,5055.0,5062.7998046875,5045.39990234375,5051.10009765625
1772550720,5052.5,5057.0,5037.0,5038.7998046875
1772550840,5038.5,5054.7001953125,5034.89990234375,5041.10009765625
1772550960,5040.0,5041.2001953125,5005.0,5012.89990234375
1772551080,5013.2998046875,5037.0,5012.39990234375,5034.2998046875
1772551200,5033.2998046875,5056.10009765625,5028.7998046875,5053.7998046875
1772551320,5053.39990234375,5056.7001953125,5044.0,5048.2998046875
1772551440,5047.7998046875,5056.7001953125,5046.10009765625,5054.0
1772551560,5053.2998046875,5058.7001953125,5050.5,5055.0
1772551680,5054.2001953125,5063.7998046875,5046.7998046875,5053.60009765625
1772551800,5053.5,5072.39990234375,5047.2998046875,5071.7998046875
1772551920,5071.7998046875,5072.39990234375,5061.5,5066.7001953125
1772552040,5066.5,5070.7998046875,5064.5,5066.10009765625
1772552160,5065.5,5074.89990234375,5060.89990234375,5074.2998046875
1772552280,5074.39990234375,5080.60009765625,5070.2998046875,5077.7998046875
1772552400,5076.7001953125,5081.7001953125,5072.2998046875,5074.39990234375
1772552520,5074.2998046875,5078.89990234375,5066.0,5069.2998046875
1772552640,5070.0,5074.7998046875,5064.7998046875,5065.5
1772552760,5065.39990234375,5081.89990234375,5063.5,5080.5
1772552880,5080.2001953125,5088.0,5075.7998046875,5083.2001953125
1772553000,5081.39990234375,5093.0,5072.0,5091.89990234375
1772553120,5091.89990234375,5095.2001953125,5083.7001953125,5086.7001953125
1772553240,5085.89990234375,5096.0,5085.60009765625,5088.39990234375
1772553360,5088.7998046875,5102.7001953125,5087.7001953125,5101.0
1772553480,5101.2001953125,5107.39990234375,5099.39990234375,5105.2998046875
1772553600,5105.39990234375,5108.0,5100.2998046875,5106.7998046875
1772553720,5107.39990234375,5113.2001953125,5103.60009765625,5113.2001953125
1772553840,5113.10009765625,5125.89990234375,5111.7001953125,5124.2998046875
1772553960,5125.0,5133.0,5122.10009765625,5125.60009765625
1772554080,5125.60009765625,5127.0,5120.0,5122.5
1772554200,5123.0,5125.39990234375,5113.7998046875,5115.10009765625
1772554320,5115.60009765625,5119.0,5111.0,5116.2001953125
1772554440,5116.60009765625,5125.39990234375,5115.39990234375,5118.39990234375
1772554560,5118.5,5119.89990234375,5109.2001953125,5112.2001953125
1772554680,5112.89990234375,5122.2001953125,5112.89990234375,5118.0
1772554800,5118.0,5125.0,5115.0,5122.5
1772554920,5121.7001953125,5137.0,5120.7998046875,5135.2998046875
1772555040,5135.10009765625,5135.2998046875,5128.7001953125,5134.39990234375
1772555160,5134.2001953125,5136.10009765625,5126.2998046875,5126.2998046875
1772555280,5126.5,5130.2998046875,5122.7998046875,5123.39990234375
1772555400,5123.5,5127.0,5120.0,5124.7998046875
1772555520,5124.89990234375,5127.2998046875,5119.2001953125,5123.2001953125
1772555640,5124.0,5127.60009765625,5117.7001953125,5122.7998046875
1772555760,5123.39990234375,5145.2001953125,5123.39990234375,5139.5
1772555880,5139.89990234375,5140.0,5127.7001953125,5133.5
1772556000,5134.2998046875,5136.60009765625,5127.2998046875,5127.2998046875
1772556120,5126.60009765625,5129.39990234375,5120.2998046875,5124.7998046875
1772556240,5124.60009765625,5125.7001953125,5113.2001953125,5116.7001953125
1772556360,5116.10009765625,5121.10009765625,5111.2998046875,5119.39990234375
1772556480,5118.39990234375,5126.7998046875,5116.7998046875,5120.89990234375
1772556600,5121.0,5124.0,5116.2001953125,5117.7998046875
1772556720,5117.7001953125,5124.7998046875,5112.7998046875,5123.0
1772556840,5122.7001953125,5123.5,5109.2001953125,5117.60009765625
1772556960,5118.10009765625,5119.2001953125,5108.2001953125,5115.7998046875
1772557080,5116.60009765625,5120.0,5115.0,5117.89990234375
1772557200,5117.7998046875,5117.7998046875,5100.39990234375,5107.10009765625
1772557320,5106.2001953125,5107.5,5094.60009765625,5095.10009765625
1772557440,5096.0,5100.2001953125,5092.2001953125,5096.0
1772557560,5095.10009765625,5101.2998046875,5091.2998046875,5095.89990234375
1772557680,5095.60009765625,5105.7001953125,5095.2998046875,5103.2998046875
1772557800,5103.10009765625,5110.0,5099.39990234375,5106.7998046875
1772557920,5106.39990234375,5110.5,5101.2998046875,5101.2998046875
1772558040,5101.10009765625,5112.60009765625,5101.0,5112.39990234375
1772558160,5112.39990234375,5117.89990234375,5112.2001953125,5114.2001953125
1772558280,5113.7001953125,5120.60009765625,5112.0,5116.7998046875
1772558400,5117.39990234375,5118.0,5110.0,5112.60009765625
1772558520,5112.39990234375,5113.0,5106.7001953125,5107.60009765625
1772558640,5107.10009765625,5108.0,5102.10009765625,5103.2001953125
1772558760,5102.89990234375,5106.89990234375,5095.60009765625,5099.60009765625
1772558880,5100.7998046875,5100.7998046875,5090.89990234375,5092.89990234375
1772559000,5093.7001953125,5095.7998046875,5084.39990234375,5086.89990234375
1772559120,5086.2998046875,5089.7998046875,5081.5,5083.2998046875
1772559240,5082.2001953125,5085.0,5075.10009765625,5080.2001953125
1772559360,5080.5,5087.7001953125,5078.7001953125,5085.5
1772559480,5085.89990234375,5089.60009765625,5081.5,5085.2998046875
1772559600,5084.7001953125,5096.2001953125,5081.60009765625,5084.5
1772559720,5084.7998046875,5095.2001953125,5084.2001953125,5087.7001953125
1772559840,5087.0,5092.5,5084.2998046875,5091.5
1772559960,5092.10009765625,5094.0,5086.89990234375,5089.39990234375
1772560080,5088.60009765625,5094.7001953125,5087.60009765625,5092.2001953125
1772560200,5091.7001953125,5091.89990234375,5085.2998046875,5088.7998046875
1772560320,5089.2998046875,5090.5,5081.7998046875,5082.89990234375
1772560440,5082.7998046875,5085.2001953125,5077.7001953125,5083.39990234375
1772560560,5084.0,5089.7001953125,5079.7998046875,5089.7001953125
1772560680,5089.5,5093.60009765625,5087.7001953125,5089.5
1772560800,5089.39990234375,5103.7998046875,5089.2998046875,5100.0
1772560920,5099.0,5105.7998046875,5097.60009765625,5102.60009765625
1772561040,5102.39990234375,5105.7998046875,5100.0,5102.2998046875
1772561160,5101.0,5109.60009765625,5100.7001953125,5106.39990234375
1772561280,5107.0,5112.2001953125,5104.0,5108.60009765625
1772561400,5108.7998046875,5114.7001953125,5106.39990234375,5110.39990234375
1772561520,5110.7998046875,5114.39990234375,5110.0,5110.0
1772561640,5110.2998046875,5116.10009765625,5108.89990234375,5113.60009765625
1772561760,5113.7001953125,5115.5,5111.7001953125,5113.7001953125
1772561880,5113.10009765625,5113.7998046875,5108.10009765625,5111.10009765625
1772562000,5110.60009765625,5111.39990234375,5106.60009765625,5110.60009765625
1772562120,5110.5,5111.2001953125,5103.7001953125,5108.2001953125
1772562240,5107.7001953125,5114.0,5104.2001953125,5112.5
1772562360,5112.60009765625,5118.10009765625,5110.89990234375,5113.7998046875
1772562480,5114.10009765625,5128.10009765625,5114.0,5123.39990234375
1772562600,5123.2998046875,5129.5,5118.10009765625,5128.10009765625
1772562720,5127.7001953125,5128.10009765625,5118.89990234375,5123.89990234375
1772562840,5124.39990234375,5129.89990234375,5119.39990234375,5127.7998046875
1772562960,5127.2998046875,5132.5,5123.39990234375,5131.10009765625
1772563080,5131.2001953125,5149.7998046875,5129.60009765625,5143.7001953125
1772563200,5144.2001953125,5146.2998046875,5142.39990234375,5144.2998046875
1772563320,5144.7998046875,5148.7001953125,5142.0,5147.7998046875
1772563440,5147.2998046875,5147.2998046875,5138.2001953125,5142.39990234375
1772563560,5142.7001953125,5146.89990234375,5140.0,5146.10009765625
1772563680,5146.7998046875,5146.7998046875,5141.39990234375,5145.0
1772563800,5144.2998046875,5149.60009765625,5144.2998046875,5148.0
1772563920,5148.7001953125,5148.7001953125,5143.7998046875,5147.10009765625
1772564040,5146.7998046875,5148.89990234375,5142.7998046875,5143.60009765625
1772564160,5143.5,5149.0,5142.2998046875,5147.0
1772564280,5148.10009765625,5149.0,5145.0,5146.5
1772564400,5147.0,5155.7001953125,5144.7998046875,5151.60009765625
1772564520,5151.10009765625,5161.5,5151.0,5157.2998046875
1772564640,5158.10009765625,5159.10009765625,5147.10009765625,5151.2998046875
1772564760,5151.39990234375,5153.5,5142.39990234375,5144.0
1772564880,5145.2998046875,5145.60009765625,5137.89990234375,5138.39990234375
1772565000,5138.10009765625,5138.39990234375,5128.2001953125,5134.2998046875
1772565120,5134.0,5134.39990234375,5120.60009765625,5123.60009765625
1772565240,5123.0,5132.39990234375,5121.2001953125,5131.7998046875
1772565360,5131.7001953125,5132.0,5112.7001953125,5113.7998046875
1772565480,5114.5,5125.5,5113.5,5124.60009765625
1772565600,5124.10009765625,5129.60009765625,5123.0,5129.10009765625
1772565720,5129.5,5130.0,5125.7001953125,5130.0
1772565840,5130.0,5132.0,5120.10009765625,5123.7001953125
1772565960,5124.0,5124.10009765625,5113.2998046875,5117.2001953125
1772566080,5117.10009765625,5120.0,5116.39990234375,5116.89990234375
1772566200,5116.7998046875,5121.39990234375,5116.2998046875,5119.10009765625
1772566320,5121.0,5122.7998046875,5115.5,5116.0
1772566440,5116.5,5117.7998046875,5109.2998046875,5115.7001953125
1772566560,5116.2998046875,5125.0,5110.7998046875,5123.2001953125
1772566680,5123.2001953125,5123.60009765625,5116.7001953125,5120.7998046875
1772566800,5122.5,5128.5,5121.2998046875,5124.5
1772566920,5123.10009765625,5126.39990234375,5118.5,5119.5
1772567040,5119.2001953125,5131.7001953125,5119.2001953125,5130.2998046875
1772567160,5130.7998046875,5138.60009765625,5129.7998046875,5137.7001953125
1772567280,5137.0,5137.2998046875,5128.7998046875,5133.60009765625
1772567400,5133.5,5136.2998046875,5130.39990234375,5130.39990234375
1772567520,5131.7001953125,5134.0,5125.7001953125,5129.10009765625
1772567640,5128.89990234375,5132.0,5123.39990234375,5126.10009765625
1772567760,5126.0,5127.10009765625,5117.5,5119.10009765625
1772567880,5119.39990234375,5125.39990234375,5118.89990234375,5122.2998046875
1772568000,5123.7001953125,5136.89990234375,5123.2001953125,5134.7998046875
1772568120,5135.2001953125,5135.2001953125,5126.39990234375,5128.2001953125
1772568240,5129.10009765625,5132.0,5125.7001953125,5127.60009765625
1772568360,5128.10009765625,5128.10009765625,5121.10009765625,5125.60009765625
1772568480,5125.89990234375,5130.0,5123.7001953125,5125.10009765625
1772568600,5125.39990234375,5133.10009765625,5125.39990234375,5131.5
1772568720,5130.89990234375,5132.2001953125,5128.10009765625,5128.89990234375
1772568840,5129.10009765625,5130.39990234375,5125.10009765625,5127.39990234375
1772568960,5127.7998046875,5129.0,5124.60009765625,5126.5
1772569080,5126.10009765625,5131.39990234375,5123.60009765625,5124.89990234375
1772569200,5127.7001953125,5134.7001953125,5127.5,5134.7001953125
1772569320,5135.10009765625,5136.5,5132.2998046875,5135.39990234375
1772569440,5135.0,5141.7001953125,5135.0,5137.39990234375
1772569560,5138.10009765625,5139.10009765625,5135.10009765625,5137.0
1772569680,5137.7998046875,5139.2001953125,5132.60009765625,5133.39990234375
1772569800,5133.5,5136.60009765625,5133.5,5135.0
1772569920,5134.10009765625,5134.10009765625,5121.60009765625,5123.2001953125
1772570040,5124.10009765625,5132.2998046875,5124.10009765625,5131.7998046875
1772570160,5132.0,5132.0,5125.2001953125,5125.60009765625
1772570280,5124.5,5124.5,5118.0,5121.39990234375
1772570400,5121.60009765625,5123.7998046875,5112.89990234375,5115.0
1772570520,5115.7001953125,5123.39990234375,5112.89990234375,5120.60009765625
1772570640,5120.7001953125,5123.2998046875,5119.89990234375,5121.10009765625
1772570760,5120.7998046875,5120.89990234375,5113.10009765625,5116.39990234375
1772570880,5116.2001953125,5117.2998046875,5110.7998046875,5115.10009765625
1772571000,5115.89990234375,5116.5,5096.5,5102.39990234375
1772571120,5101.5,5104.60009765625,5096.0,5102.60009765625
1772571240,5102.0,5109.0,5102.0,5108.7998046875
1772571360,5108.10009765625,5112.7001953125,5108.10009765625,5111.7001953125
1772571480,5109.2998046875,5113.60009765625,5105.89990234375,5109.2998046875
1772571600,5108.60009765625,5111.39990234375,5105.7998046875,5109.7998046875
1772571720,5109.7001953125,5112.60009765625,5108.89990234375,5110.60009765625
1772571840,5111.10009765625,5120.0,5111.10009765625,5119.89990234375
1772571960,5120.2998046875,5122.0,5116.7998046875,5118.2998046875
1772572080,5117.89990234375,5117.89990234375,5112.7998046875,5112.89990234375
1772572200,5113.2998046875,5115.7001953125,5113.2001953125,5115.2998046875
1772572320,5115.2998046875,5115.2998046875,5109.10009765625,5110.7998046875
1772572440,5109.7998046875,5112.2001953125,5109.2001953125,5111.39990234375
1772572560,5111.10009765625,5111.10009765625,5105.89990234375,5105.89990234375
1772572680,5106.0,5109.0,5100.10009765625,5105.2001953125
1772572800,5107.7998046875,5110.60009765625,5105.10009765625,5107.2998046875
1772572920,5107.10009765625,5109.7001953125,5106.2998046875,5109.7001953125
1772573040,5110.0,5112.0,5108.0,5108.0
1772573160,5108.39990234375,5111.60009765625,5107.2998046875,5107.39990234375
1772573280,5106.5,5108.2998046875,5100.2001953125,5100.89990234375
1772573400,5101.0,5104.0,5097.7001953125,5098.39990234375
1772573520,5098.5,5100.89990234375,5095.0,5100.2001953125
1772573640,5102.0,5105.10009765625,5101.2998046875,5102.39990234375
1772573760,5102.2001953125,5102.89990234375,5099.89990234375,5101.5
1772573880,5101.7998046875,5101.7998046875,5096.7998046875,5100.2998046875
1772574000,5100.60009765625,5103.89990234375,5099.39990234375,5103.89990234375
1772574120,5104.10009765625,5107.7998046875,5104.10009765625,5105.0
1772574240,5103.5,5103.89990234375,5101.89990234375,5103.7001953125
1772574360,5103.7998046875,5104.7001953125,5097.60009765625,5098.2001953125
1772574480,5099.5,5100.5,5095.2001953125,5098.89990234375
1772574600,5099.5,5102.10009765625,5095.7998046875,5097.60009765625
1772574720,5097.2001953125,5098.89990234375,5093.2998046875,5097.7998046875
1772574840,5096.7001953125,5104.39990234375,5096.5,5103.2998046875
1772574960,5102.7998046875,5102.7998046875,5100.39990234375,5100.39990234375
1772575080,5101.0,5101.0,5097.2001953125,5099.5
1772578800,5110.0,5124.0,5098.10009765625,5100.60009765625
1772578920,5103.39990234375,5120.0,5092.7998046875,5120.0
1772579040,5120.89990234375,5123.39990234375,5110.7998046875,5118.60009765625
1772579160,5117.2001953125,5121.2998046875,5117.10009765625,5120.89990234375
1772579280,5120.89990234375,5125.7001953125,5113.5,5114.2998046875
1772579400,5115.5,5124.60009765625,5115.5,5123.5
1772579520,5124.2001953125,5127.0,5121.39990234375,5124.5
1772579640,5122.89990234375,5133.2998046875,5122.89990234375,5133.10009765625
1772579760,5133.2998046875,5137.2001953125,5130.2001953125,5135.60009765625
1772579880,5135.60009765625,5135.60009765625,5125.0,5130.89990234375
1772580000,5131.5,5133.0,5127.7998046875,5131.7001953125
1772580120,5131.0,5135.7998046875,5129.89990234375,5135.60009765625
1772580240,5134.89990234375,5136.39990234375,5132.0,5134.7001953125
1772580360,5133.7001953125,5133.7001953125,5129.2001953125,5130.7998046875
1772580480,5130.7998046875,5135.60009765625,5128.7998046875,5134.89990234375
1772580600,5135.7001953125,5136.2001953125,5130.2998046875,5132.2001953125
1772580720,5133.2998046875,5136.5,5131.5,5133.7998046875
1772580840,5133.5,5136.39990234375,5132.7001953125,5135.2001953125
1772580960,5135.7001953125,5137.7998046875,5133.5,5134.10009765625
1772581080,5133.10009765625,5133.2998046875,5126.2998046875,5127.60009765625
1772581200,5127.10009765625,5133.5,5125.89990234375,5131.39990234375
1772581320,5131.39990234375,5134.7998046875,5131.0,5134.7998046875
1772581440,5134.89990234375,5136.0,5133.89990234375,5136.0
1772581560,5136.2998046875,5139.10009765625,5133.7001953125,5139.0
1772581680,5138.0,5138.0,5133.7001953125,5135.7001953125
1772581800,5135.0,5135.10009765625,5129.10009765625,5129.7001953125
1772581920,5129.89990234375,5133.7998046875,5129.89990234375,5132.5
1772582040,5131.5,5134.39990234375,5131.5,5132.2001953125
1772582160,5132.7998046875,5136.10009765625,5132.7998046875,5134.0
1772582280,5134.0,5134.2001953125,5131.2001953125,5133.39990234375
1772582400,5134.5,5134.7001953125,5123.0,5123.7001953125
1772582520,5124.0,5124.39990234375,5114.2998046875,5119.2998046875
1772582640,5120.0,5127.39990234375,5117.7998046875,5120.39990234375
1772582760,5121.0,5122.60009765625,5116.2998046875,5122.60009765625
1772582880,5120.2001953125,5125.0,5118.89990234375,5125.0
1772583000,5124.0,5125.10009765625,5121.0,5124.5
1772583120,5125.0,5128.2998046875,5125.0,5126.0
1772583240,5125.10009765625,5127.2001953125,5123.0,5123.7998046875
1772583360,5125.10009765625,5126.5,5121.2001953125,5123.89990234375
1772583480,5125.39990234375,5135.5,5122.39990234375,5134.89990234375
1772583600,5134.10009765625,5137.10009765625,5131.7998046875,5132.60009765625
1772583720,5132.39990234375,5132.39990234375,5127.0,5129.7001953125
1772583840,5129.60009765625,5130.0,5122.7998046875,5125.60009765625
1772583960,5125.2001953125,5133.39990234375,5125.2001953125,5131.89990234375
1772584080,5133.39990234375,5136.7001953125,5132.2998046875,5134.0
1772584200,5134.2001953125,5139.7998046875,5134.2001953125,5139.39990234375
1772584320,5138.10009765625,5139.0,5134.5,5135.5
1772584440,5134.89990234375,5135.7998046875,5132.60009765625,5133.2001953125
1772584560,5134.5,5134.89990234375,5131.5,5133.0
1772584680,5131.89990234375,5134.5,5131.7998046875,5132.2998046875
1772584800,5133.2001953125,5139.2998046875,5133.2001953125,5138.7998046875
1772584920,5139.0,5146.89990234375,5138.10009765625,5143.60009765625
1772585040,5142.2998046875,5145.10009765625,5140.2998046875,5144.2001953125
1772585160,5143.89990234375,5149.5,5140.7998046875,5146.2998046875
1772585280,5145.7001953125,5149.10009765625,5140.7998046875,5149.10009765625
1772585400,5149.0,5149.10009765625,5146.2001953125,5146.2998046875
1772585520,5147.39990234375,5148.10009765625,5140.0,5140.0
1772585640,5139.5,5140.89990234375,5136.7001953125,5139.89990234375
1772585760,5140.7998046875,5144.2001953125,5140.60009765625,5142.10009765625
1772585880,5142.89990234375,5148.7998046875,5142.89990234375,5147.2998046875
1772586000,5148.2001953125,5167.0,5147.89990234375,5167.0
1772586120,5167.10009765625,5168.0,5156.0,5160.2998046875
1772586240,5160.60009765625,5164.5,5154.5,5159.2998046875
1772586360,5158.5,5163.7001953125,5156.2001953125,5156.5
1772586480,5157.5,5165.2001953125,5157.5,5161.2001953125
1772586600,5160.5,5167.60009765625,5160.39990234375,5164.60009765625
1772586720,5166.0,5171.10009765625,5165.0,5166.2001953125
1772586840,5166.10009765625,5168.7001953125,5162.7998046875,5163.0
1772586960,5163.10009765625,5169.7998046875,5163.0,5166.2998046875
1772587080,5167.10009765625,5173.0,5165.7998046875,5171.0
1772587200,5170.60009765625,5172.7001953125,5166.10009765625,5167.7001953125
1772587320,5167.7001953125,5171.60009765625,5164.10009765625,5166.7001953125
1772587440,5166.2001953125,5169.60009765625,5160.60009765625,5161.10009765625
1772587560,5161.0,5164.89990234375,5155.5,5163.60009765625
1772587680,5164.2001953125,5167.0,5153.5,5153.5
1772587800,5153.39990234375,5162.0,5152.10009765625,5157.10009765625
1772587920,5156.7001953125,5162.10009765625,5152.0,5154.10009765625
1772588040,5153.7998046875,5162.10009765625,5150.7001953125,5158.0
1772588160,5158.89990234375,5166.60009765625,5156.7998046875,5165.10009765625
1772588280,5165.39990234375,5166.89990234375,5161.5,5162.0
1772588400,5161.39990234375,5165.0,5160.10009765625,5164.60009765625
1772588520,5161.5,5169.7998046875,5161.5,5169.7998046875
1772588640,5168.7001953125,5174.2001953125,5167.60009765625,5171.5
1772588760,5170.60009765625,5174.60009765625,5166.60009765625,5173.60009765625
1772588880,5174.10009765625,5183.10009765625,5173.10009765625,5182.7001953125
1772589000,5183.2998046875,5188.10009765625,5182.0,5185.0
1772589120,5184.7001953125,5185.10009765625,5179.0,5180.5
1772589240,5180.5,5183.0,5178.2001953125,5179.60009765625
1772589360,5179.2998046875,5186.0,5179.2998046875,5184.2001953125
1772589480,5183.7001953125,5185.2001953125,5178.5,5183.7001953125
1772589600,5183.89990234375,5187.2001953125,5183.0,5185.0
1772589720,5185.5,5186.2998046875,5180.2998046875,5182.89990234375
1772589840,5182.10009765625,5182.39990234375,5177.5,5181.10009765625
1772589960,5180.7998046875,5187.2001953125,5180.7998046875,5185.0
1772590080,5184.89990234375,5194.5,5183.2001953125,5194.5
1772590200,5194.0,5196.0,5191.2998046875,5191.89990234375
1772590320,5192.2001953125,5200.7001953125,5192.2001953125,5199.2001953125
1772590440,5198.2998046875,5199.7001953125,5192.7998046875,5193.60009765625
1772590560,5193.5,5195.2998046875,5189.0,5191.2001953125
1772590680,5191.2001953125,5193.89990234375,5189.60009765625,5193.7001953125
1772590800,5194.0,5194.5,5188.2001953125,5190.10009765625
1772590920,5191.0,5194.2001953125,5188.7998046875,5192.39990234375
1772591040,5191.5,5191.5,5185.0,5187.10009765625
1772591160,5186.2998046875,5191.2998046875,5186.10009765625,5187.7001953125
1772591280,5187.10009765625,5188.60009765625,5185.0,5187.39990234375
1772591400,5187.2998046875,5189.7001953125,5181.2998046875,5184.2001953125
1772591520,5183.7998046875,5184.5,5179.2001953125,5180.2998046875
1772591640,5181.0,5181.0,5173.2998046875,5178.5
1772591760,5179.2998046875,5179.2998046875,5172.60009765625,5173.5
1772591880,5174.2001953125,5181.2998046875,5174.2001953125,5181.2001953125
1772592000,5181.60009765625,5186.2001953125,5180.89990234375,5181.7001953125
1772592120,5181.2998046875,5186.0,5180.7998046875,5185.7001953125
1772592240,5186.2001953125,5189.7001953125,5185.39990234375,5187.0
1772592360,5187.7998046875,5188.0,5183.0,5184.2001953125
1772592480,5184.2998046875,5185.39990234375,5172.39990234375,5175.10009765625
1772592600,5175.7998046875,5180.0,5172.0,5176.2001953125
1772592720,5175.7998046875,5178.7998046875,5175.5,5176.2998046875
1772592840,5176.0,5176.0,5169.10009765625,5173.10009765625
1772592960,5172.10009765625,5172.7998046875,5167.2998046875,5169.60009765625
1772593080,5167.89990234375,5169.2998046875,5162.60009765625,5165.39990234375
1772593200,5164.7998046875,5169.7001953125,5163.7001953125,5167.60009765625
1772593320,5167.39990234375,5168.0,5154.7998046875,5157.10009765625
1772593440,5157.0,5157.60009765625,5151.0,5153.7001953125
1772593560,5153.7998046875,5157.89990234375,5150.0,5157.2001953125
1772593680,5156.89990234375,5162.89990234375,5156.10009765625,5161.39990234375
1772593800,5161.39990234375,5166.2001953125,5161.10009765625,5165.60009765625
1772593920,5164.89990234375,5166.0,5162.2001953125,5165.5
1772594040,5164.7998046875,5167.0,5160.2998046875,5161.39990234375
1772594160,5162.0,5170.0,5161.0,5169.7001953125
1772594280,5168.7001953125,5171.39990234375,5166.60009765625,5170.0
1772594400,5170.2001953125,5172.7998046875,5169.2998046875,5172.7998046875
1772594520,5173.39990234375,5175.7998046875,5170.7998046875,5174.89990234375
1772594640,5175.2998046875,5176.7998046875,5173.2998046875,5176.7998046875
1772594760,5176.10009765625,5177.2998046875,5167.39990234375,5169.2001953125
1772594880,5169.2001953125,5175.5,5168.89990234375,5171.2001953125
1772595000,5171.60009765625,5176.89990234375,5170.10009765625,5170.7998046875
1772595120,5170.0,5175.39990234375,5166.0,5166.60009765625
1772595240,5167.10009765625,5169.5,5164.0,5164.7998046875
1772595360,5166.89990234375,5168.89990234375,5162.2001953125,5167.7001953125
1772595480,5168.5,5169.89990234375,5163.39990234375,5169.0
1772595600,5169.89990234375,5173.5,5169.89990234375,5171.2998046875
1772595720,5171.5,5172.2998046875,5168.7998046875,5171.10009765625
1772595840,5171.7998046875,5171.89990234375,5168.10009765625,5170.5
1772595960,5170.0,5175.0,5168.0,5174.89990234375
1772596080,5175.39990234375,5176.7001953125,5174.0,5175.60009765625
1772596200,5175.7001953125,5176.7998046875,5174.60009765625,5175.5
1772596320,5175.7001953125,5182.39990234375,5175.7001953125,5180.2998046875
1772596440,5181.0,5181.0,5177.10009765625,5177.89990234375
1772596560,5178.89990234375,5186.2998046875,5175.7998046875,5184.5
1772596680,5184.39990234375,5185.39990234375,5182.2001953125,5183.10009765625
1772596800,5183.2998046875,5186.2998046875,5182.0,5182.60009765625
1772596920,5182.2001953125,5182.7998046875,5180.7998046875,5182.60009765625
1772597040,5182.5,5185.2998046875,5182.5,5184.60009765625
1772597160,5185.89990234375,5187.7998046875,5184.60009765625,5187.7998046875
1772597280,5186.39990234375,5186.7998046875,5181.7998046875,5183.7001953125
1772597400,5183.5,5189.60009765625,5182.0,5185.0
1772597520,5185.2998046875,5185.2998046875,5180.89990234375,5183.60009765625
1772597640,5183.2001953125,5183.7998046875,5179.89990234375,5180.0
1772597760,5180.10009765625,5181.2998046875,5178.0,5179.0
1772597880,5178.2001953125,5179.7998046875,5176.10009765625,5177.2998046875
1772598000,5177.5,5179.0,5175.89990234375,5176.0
1772598120,5175.5,5177.10009765625,5172.60009765625,5173.7998046875
1772598240,5173.0,5176.7001953125,5171.5,5175.60009765625
1772598360,5175.2001953125,5180.2998046875,5174.7001953125,5178.89990234375
1772598480,5178.0,5178.5,5173.2001953125,5177.39990234375
1772598600,5176.2998046875,5177.0,5171.39990234375,5174.89990234375
1772598720,5174.60009765625,5177.7001953125,5174.60009765625,5174.7998046875
1772598840,5174.5,5179.89990234375,5171.89990234375,5172.2998046875
1772598960,5172.60009765625,5173.10009765625,5171.5,5172.89990234375
1772599080,5173.7998046875,5174.10009765625,5171.39990234375,5173.39990234375
1772599200,5173.0,5173.0,5167.2998046875,5168.0
1772599320,5168.0,5171.2001953125,5160.10009765625,5170.7001953125
1772599440,5171.2001953125,5173.0,5169.39990234375,5172.39990234375
1772599560,5171.89990234375,5173.2001953125,5163.89990234375,5163.89990234375
1772599680,5166.0,5166.0,5163.60009765625,5163.60009765625
1772599800,5164.2001953125,5166.89990234375,5164.0,5165.89990234375
1772599920,5165.7998046875,5167.5,5164.60009765625,5166.2998046875
1772600040,5168.0,5168.7998046875,5165.89990234375,5167.0
1772600160,5167.0,5168.2001953125,5164.7001953125,5165.10009765625
1772600280,5165.60009765625,5166.39990234375,5164.7001953125,5166.39990234375
1772600400,5165.7001953125,5169.2998046875,5164.10009765625,5167.89990234375
1772600520,5167.5,5167.5,5161.7001953125,5165.0
1772600640,5164.2998046875,5164.2998046875,5160.5,5160.7998046875
1772600760,5162.0,5167.2001953125,5162.0,5167.2001953125
1772600880,5168.10009765625,5169.7998046875,5163.7998046875,5166.7998046875
1772601000,5167.2001953125,5174.7998046875,5166.60009765625,5174.7998046875
1772601120,5174.2998046875,5174.5,5169.60009765625,5171.2001953125
1772601240,5171.2001953125,5172.89990234375,5167.39990234375,5172.89990234375
1772601360,5173.2998046875,5174.5,5171.5,5173.0
1772601480,5173.39990234375,5173.39990234375,5167.0,5167.60009765625
1772601600,5165.0,5167.7998046875,5164.10009765625,5165.2001953125
1772601720,5164.0,5164.7001953125,5161.7998046875,5164.2998046875
1772601840,5165.10009765625,5165.10009765625,5161.2998046875,5164.60009765625
1772601960,5163.7998046875,5164.7998046875,5162.2998046875,5162.39990234375
1772602080,5163.2001953125,5165.39990234375,5163.2001953125,5165.39990234375
1772602200,5165.2998046875,5170.60009765625,5163.7998046875,5170.2001953125
1772602320,5168.39990234375,5173.10009765625,5168.2998046875,5171.7998046875
1772602440,5172.7001953125,5174.0,5170.7001953125,5170.7001953125
1772602560,5170.60009765625,5171.0,5166.7998046875,5170.5
1772602680,5171.39990234375,5173.2001953125,5169.2001953125,5169.60009765625
1772602800,5170.7001953125,5174.89990234375,5169.2001953125,5174.89990234375
1772602920,5174.7001953125,5176.10009765625,5164.7998046875,5169.2001953125
1772603040,5168.60009765625,5170.10009765625,5164.7001953125,5165.5
1772603160,5163.5,5171.5,5162.7998046875,5170.60009765625
1772603280,5169.89990234375,5176.7001953125,5169.89990234375,5175.2998046875
1772603400,5175.7998046875,5177.2001953125,5172.7998046875,5174.60009765625
1772603520,5172.2998046875,5175.10009765625,5170.89990234375,5174.0
1772603640,5173.7001953125,5173.7001953125,5164.10009765625,5166.10009765625
1772603760,5164.7998046875,5169.10009765625,5163.0,5169.10009765625
1772603880,5168.2998046875,5171.10009765625,5168.2001953125,5169.5
1772604000,5168.39990234375,5168.89990234375,5152.7998046875,5153.0
1772604120,5153.5,5156.89990234375,5150.2001953125,5153.10009765625
1772604240,5153.10009765625,5154.5,5150.0,5151.7998046875
1772604360,5151.89990234375,5152.10009765625,5130.0,5145.2001953125
1772604480,5145.60009765625,5152.7998046875,5142.89990234375,5151.2998046875
1772604600,5151.39990234375,5155.0,5148.10009765625,5151.2001953125
1772604720,5152.39990234375,5159.2998046875,5151.89990234375,5154.7998046875
1772604840,5153.0,5156.2001953125,5149.60009765625,5154.7001953125
1772604960,5155.2998046875,5160.7001953125,5154.2998046875,5156.5
1772605080,5156.0,5157.0,5153.5,5153.89990234375
1772605200,5153.89990234375,5155.0,5149.0,5149.0
1772605320,5150.0,5150.39990234375,5135.5,5148.89990234375
1772605440,5149.7998046875,5150.39990234375,5137.7998046875,5144.7998046875
1772605560,5147.60009765625,5150.39990234375,5146.2998046875,5149.89990234375
1772605680,5148.60009765625,5149.2998046875,5143.2001953125,5143.5
1772605800,5143.39990234375,5148.2001953125,5141.7001953125,5147.5
1772605920,5148.89990234375,5158.39990234375,5147.7998046875,5158.39990234375
1772606040,5156.5,5165.0,5154.60009765625,5163.60009765625
1772606160,5163.60009765625,5165.0,5159.0,5160.2001953125
1772606280,5160.10009765625,5166.89990234375,5158.60009765625,5159.0
1772606400,5159.10009765625,5161.10009765625,5157.0,5158.39990234375
1772606520,5158.0,5159.2001953125,5155.2001953125,5157.89990234375
1772606640,5157.39990234375,5164.0,5156.2001953125,5161.0
1772606760,5160.89990234375,5161.7998046875,5158.39990234375,5160.7001953125
1772606880,5162.60009765625,5163.39990234375,5158.7998046875,5159.39990234375
1772607000,5158.7998046875,5168.0,5156.7998046875,5162.89990234375
1772607120,5162.39990234375,5164.60009765625,5161.39990234375,5161.60009765625
1772607240,5161.60009765625,5163.39990234375,5159.39990234375,5163.2001953125
1772607360,5162.60009765625,5167.2998046875,5161.89990234375,5166.5
1772607480,5167.2998046875,5170.2998046875,5165.2001953125,5170.2998046875
1772607600,5169.0,5176.10009765625,5168.5,5175.10009765625
1772607720,5174.60009765625,5180.2998046875,5172.7998046875,5175.7998046875
1772607840,5175.10009765625,5180.10009765625,5173.7998046875,5178.5
1772607960,5179.7998046875,5184.10009765625,5178.0,5183.39990234375
1772608080,5183.2998046875,5184.7998046875,5181.7998046875,5184.2001953125
1772608200,5184.10009765625,5186.0,5179.5,5181.2001953125
1772608320,5181.7998046875,5183.2998046875,5175.7998046875,5176.5
1772608440,5176.89990234375,5179.39990234375,5175.10009765625,5176.5
1772608560,5175.2001953125,5179.39990234375,5172.7998046875,5178.10009765625
1772608680,5178.10009765625,5178.10009765625,5175.60009765625,5175.60009765625
1772608800,5174.5,5178.7998046875,5174.5,5178.7998046875
1772608920,5178.39990234375,5181.7998046875,5177.60009765625,5180.7998046875
1772609040,5181.0,5183.10009765625,5179.7998046875,5182.10009765625
1772609160,5182.2001953125,5184.39990234375,5181.2998046875,5182.39990234375
1772609280,5182.7998046875,5184.10009765625,5177.2001953125,5177.60009765625
1772609400,5177.2998046875,5179.7001953125,5176.0,5179.7001953125
1772609520,5180.0,5180.0,5173.39990234375,5176.2998046875
1772609640,5176.60009765625,5176.89990234375,5175.7001953125,5175.89990234375
1772609760,5176.39990234375,5180.5,5176.39990234375,5178.2001953125
1772609880,5178.89990234375,5183.0,5178.39990234375,5182.0
1772610000,5182.2998046875,5182.5,5178.7998046875,5180.0
1772610120,5180.2001953125,5180.39990234375,5175.0,5176.89990234375
1772610240,5177.2001953125,5181.0,5173.7001953125,5180.60009765625
1772610360,5180.7998046875,5184.89990234375,5180.7998046875,5184.0
1772610480,5184.39990234375,5185.7998046875,5183.5,5185.5
1772610600,5184.89990234375,5185.2998046875,5182.10009765625,5182.7001953125
1772610720,5182.39990234375,5182.7001953125,5180.89990234375,5181.7998046875
1772610840,5182.10009765625,5182.60009765625,5179.7998046875,5180.10009765625
1772610960,5180.0,5180.60009765625,5178.39990234375,5178.39990234375
1772611080,5178.89990234375,5180.7001953125,5178.2001953125,5178.2001953125
1772611200,5178.2998046875,5182.10009765625,5176.5,5181.7001953125
1772611320,5181.7001953125,5181.7001953125,5172.0,5172.2998046875
1772611440,5172.60009765625,5172.7001953125,5165.0,5167.5
1772611560,5167.2998046875,5170.2001953125,5165.39990234375,5169.60009765625
1772611680,5169.5,5169.5,5157.7998046875,5159.2998046875
1772611800,5158.60009765625,5163.10009765625,5158.60009765625,5160.7001953125
1772611920,5160.2998046875,5165.60009765625,5159.7001953125,5163.5
1772612040,5162.60009765625,5167.39990234375,5162.0,5166.5
1772612160,5166.7001953125,5171.10009765625,5166.7001953125,5170.60009765625
1772612280,5170.5,5170.89990234375,5165.0,5165.0
1772612400,5164.0,5165.60009765625,5162.7001953125,5165.2998046875
1772612520,5164.7998046875,5176.39990234375,5163.2001953125,5176.39990234375
1772612640,5177.0,5178.89990234375,5172.60009765625,5173.7998046875
1772612760,5173.2998046875,5173.2998046875,5168.2998046875,5169.10009765625
1772612880,5168.7001953125,5173.39990234375,5167.0,5173.0
1772613000,5172.7001953125,5176.7998046875,5172.0,5173.39990234375
1772613120,5174.7001953125,5178.0,5172.7998046875,5177.89990234375
1772613240,5177.89990234375,5178.5,5174.2998046875,5178.5
1772613360,5178.7998046875,5181.2998046875,5178.2001953125,5180.0
1772613480,5180.60009765625,5180.7998046875,5177.39990234375,5180.39990234375
1772613600,5180.10009765625,5181.89990234375,5179.2001953125,5180.89990234375
1772613720,5180.89990234375,5185.89990234375,5180.89990234375,5185.89990234375
1772613840,5186.0,5187.5,5184.7998046875,5186.60009765625
1772613960,5186.10009765625,5190.2998046875,5185.5,5190.0
1772614080,5190.60009765625,5192.2998046875,5186.7998046875,5192.2001953125
1772614200,5191.89990234375,5192.7998046875,5188.2998046875,5189.7001953125
1772614320,5190.2998046875,5191.2998046875,5186.60009765625,5187.60009765625
1772614440,5186.7001953125,5186.7001953125,5179.89990234375,5183.89990234375
1772614560,5184.0,5184.0,5178.0,5178.2001953125
1772614680,5179.0,5180.10009765625,5177.2998046875,5178.60009765625
1772614800,5177.89990234375,5179.7998046875,5171.7998046875,5174.2998046875
1772614920,5174.2001953125,5180.0,5174.0,5179.60009765625
1772615040,5179.0,5179.0,5173.39990234375,5176.0
1772615160,5175.60009765625,5175.60009765625,5170.0,5172.7001953125
1772615280,5172.2998046875,5179.2001953125,5172.2998046875,5176.10009765625
1772615400,5175.60009765625,5179.5,5173.7001953125,5177.39990234375
1772615520,5177.10009765625,5181.89990234375,5176.7001953125,5180.2998046875
1772615640,5180.5,5180.7001953125,5172.7998046875,5179.0
1772615760,5179.39990234375,5181.2001953125,5175.89990234375,5180.7998046875
1772615880,5181.2998046875,5186.2001953125,5180.5,5185.7998046875
1772616000,5185.89990234375,5187.60009765625,5184.39990234375,5185.89990234375
1772616120,5186.0,5189.5,5185.39990234375,5188.10009765625
1772616240,5187.7001953125,5188.39990234375,5185.7001953125,5186.5
1772616360,5186.89990234375,5187.2998046875,5184.0,5184.7001953125
1772616480,5184.60009765625,5184.60009765625,5181.2998046875,5181.5
1772616600,5181.7001953125,5183.39990234375,5180.0,5182.60009765625
1772616720,5182.7001953125,5185.10009765625,5181.60009765625,5183.2998046875
1772616840,5183.10009765625,5188.39990234375,5183.10009765625,5188.2001953125
1772616960,5187.7998046875,5190.7001953125,5187.39990234375,5189.5
1772617080,5189.39990234375,5195.7998046875,5189.2998046875,5194.2001953125
1772617200,5194.2001953125,5194.5,5190.10009765625,5193.2001953125
1772617320,5193.89990234375,5194.7998046875,5191.5,5194.0
1772617440,5194.10009765625,5195.39990234375,5192.89990234375,5194.0
1772617560,5194.0,5195.5,5190.7001953125,5192.89990234375
1772617680,5194.39990234375,5196.39990234375,5192.7998046875,5193.7998046875
1772617800,5193.89990234375,5194.7998046875,5191.5,5193.10009765625
1772617920,5193.0,5195.0,5191.7998046875,5192.39990234375
1772618040,5193.0,5193.0,5188.2001953125,5188.60009765625
1772618160,5188.60009765625,5190.5,5187.10009765625,5189.7998046875
1772618280,5190.7001953125,5194.0,5190.60009765625,5193.89990234375
1772618400,5194.0,5196.7001953125,5193.5,5195.2998046875
1772618520,5195.2001953125,5196.0,5194.0,5195.2001953125
1772618640,5195.60009765625,5198.89990234375,5195.2998046875,5198.60009765625
1772618760,5198.7001953125,5200.7998046875,5196.2998046875,5198.39990234375
1772618880,5198.60009765625,5206.2998046875,5197.7998046875,5205.5
1772619000,5206.2998046875,5209.2998046875,5200.7998046875,5205.7001953125
1772619120,5205.2001953125,5210.0,5202.7998046875,5205.89990234375
1772619240,5205.10009765625,5211.60009765625,5203.60009765625,5205.2998046875
1772619360,5205.5,5214.7001953125,5205.5,5213.7998046875
1772619480,5213.39990234375,5214.10009765625,5203.7998046875,5205.10009765625
1772619600,5204.5,5205.60009765625,5201.2998046875,5204.2001953125
1772619720,5204.10009765625,5204.10009765625,5199.2001953125,5200.0
1772619840,5199.7001953125,5202.10009765625,5199.2001953125,5200.5
1772619960,5200.7998046875,5205.2001953125,5199.60009765625,5203.39990234375
1772620080,5203.10009765625,5203.10009765625,5199.0,5200.0
1772620200,5200.60009765625,5201.89990234375,5194.39990234375,5198.5
1772620320,5198.39990234375,5199.39990234375,5194.7998046875,5196.2001953125
1772620440,5196.7001953125,5201.10009765625,5193.7998046875,5195.39990234375
1772620560,5195.2001953125,5198.5,5191.2001953125,5196.2001953125
1772620680,5196.0,5199.60009765625,5194.0,5199.39990234375
1772620800,5199.7001953125,5202.7998046875,5198.39990234375,5198.7998046875
1772620920,5198.2998046875,5199.89990234375,5196.0,5198.10009765625
1772621040,5198.5,5198.7001953125,5194.60009765625,5195.7001953125
1772621160,5195.39990234375,5198.7998046875,5193.2998046875,5194.2998046875
1772621280,5194.5,5198.39990234375,5193.2998046875,5198.39990234375
1772621400,5198.7001953125,5198.7001953125,5195.89990234375,5198.10009765625
1772621520,5198.5,5199.39990234375,5195.2001953125,5196.7998046875
1772621640,5197.0,5203.60009765625,5196.89990234375,5202.7001953125
1772621760,5202.39990234375,5205.60009765625,5202.0,5204.39990234375
1772621880,5204.7001953125,5205.39990234375,5201.89990234375,5201.89990234375
1772622000,5201.2998046875,5204.39990234375,5200.7998046875,5204.39990234375
1772622120,5204.2001953125,5204.60009765625,5202.10009765625,5203.60009765625
1772622240,5203.2001953125,5203.39990234375,5201.7998046875,5202.10009765625
1772622360,5202.0,5203.10009765625,5199.2998046875,5201.39990234375
1772622480,5202.0,5203.60009765625,5200.7998046875,5203.2001953125
1772622600,5203.2998046875,5205.60009765625,5202.39990234375,5204.0
1772622720,5204.10009765625,5207.39990234375,5202.89990234375,5205.2001953125
1772622840,5204.7998046875,5208.7998046875,5204.60009765625,5205.60009765625
1772622960,5206.5,5207.0,5205.2001953125,5206.7001953125
1772623080,5206.10009765625,5206.10009765625,5201.7001953125,5203.5
1772623200,5203.2001953125,5204.7998046875,5202.39990234375,5203.89990234375
1772623320,5205.5,5207.2001953125,5203.60009765625,5206.89990234375
1772623440,5207.2001953125,5209.0,5205.89990234375,5207.39990234375
1772623560,5207.5,5208.60009765625,5206.5,5208.60009765625
1772623680,5208.2001953125,5209.89990234375,5205.7001953125,5206.7001953125
1772623800,5207.5,5209.0,5205.7001953125,5209.0
1772623920,5209.0,5209.2001953125,5206.89990234375,5208.39990234375
1772624040,5207.89990234375,5213.2001953125,5207.60009765625,5210.89990234375
1772624160,5211.0,5211.7001953125,5208.2001953125,5209.60009765625
1772624280,5209.2998046875,5212.2998046875,5207.89990234375,5208.7998046875
1772624400,5208.7998046875,5208.7998046875,5204.2998046875,5205.5
1772624520,5205.39990234375,5205.7998046875,5203.39990234375,5205.2998046875
1772624640,5205.39990234375,5206.10009765625,5202.10009765625,5202.5
1772624760,5203.10009765625,5206.5,5203.10009765625,5206.10009765625
1772624880,5206.0,5206.2001953125,5204.2998046875,5204.60009765625
1772625000,5203.7998046875,5204.60009765625,5199.39990234375,5202.89990234375
1772625120,5203.2001953125,5204.0,5201.7001953125,5202.7998046875
1772625240,5202.39990234375,5205.0,5201.89990234375,5204.0
1772625360,5204.2998046875,5205.2998046875,5201.39990234375,5204.2001953125
1772625480,5205.7001953125,5206.2001953125,5203.0,5204.2001953125
1772625600,5204.2998046875,5208.7001953125,5204.0,5207.7998046875
1772625720,5208.0,5217.0,5207.2001953125,5216.39990234375
1772625840,5217.0,5218.2998046875,5211.7998046875,5212.89990234375
1772625960,5213.0,5214.5,5211.7001953125,5212.10009765625
1772626080,5212.2998046875,5213.10009765625,5210.7001953125,5211.7998046875
1772626200,5212.5,5212.7001953125,5209.2998046875,5210.39990234375
1772626320,5210.0,5212.0,5209.2998046875,5210.60009765625
1772626440,5211.2001953125,5212.39990234375,5205.39990234375,5205.7001953125
1772626560,5204.7001953125,5204.7001953125,5194.7001953125,5195.7001953125
1772626680,5195.39990234375,5198.0,5190.0,5196.2998046875
1772626800,5195.7001953125,5196.7998046875,5193.7001953125,5195.39990234375
1772626920,5195.0,5196.0,5192.0,5193.7998046875
1772627040,5193.2998046875,5195.39990234375,5191.2001953125,5194.60009765625
1772627160,5194.10009765625,5194.10009765625,5187.5,5188.2001953125
1772627280,5188.0,5191.7001953125,5186.39990234375,5190.39990234375
1772627400,5190.2998046875,5190.5,5183.0,5184.39990234375
1772627520,5183.5,5185.60009765625,5180.5,5183.10009765625
1772627640,5185.2001953125,5186.60009765625,5183.5,5185.2998046875
1772627760,5186.2001953125,5187.2001953125,5181.7998046875,5183.10009765625
1772627880,5182.7001953125,5183.7998046875,5177.5,5179.2998046875
1772628000,5178.7998046875,5179.2998046875,5167.89990234375,5172.89990234375
1772628120,5172.7001953125,5178.2001953125,5169.60009765625,5176.7001953125
1772628240,5176.2001953125,5179.2001953125,5175.0,5177.39990234375
1772628360,5177.2001953125,5182.7001953125,5177.2001953125,5182.7001953125
1772628480,5182.10009765625,5184.89990234375,5181.5,5183.60009765625
1772628600,5183.7001953125,5184.7998046875,5181.7998046875,5183.60009765625
1772628720,5184.39990234375,5184.5,5180.10009765625,5180.10009765625
1772628840,5180.89990234375,5182.2998046875,5172.2001953125,5173.5
1772628960,5174.0,5178.2001953125,5170.7001953125,5177.5
1772629080,5177.10009765625,5183.0,5176.89990234375,5182.0
1772629200,5182.2001953125,5192.89990234375,5182.2001953125,5187.5
1772629320,5185.60009765625,5189.60009765625,5182.10009765625,5189.10009765625
1772629440,5189.10009765625,5192.89990234375,5186.7998046875,5191.5
1772629560,5191.89990234375,5194.0,5190.7998046875,5192.2998046875
1772629680,5192.89990234375,5200.0,5192.0,5199.39990234375
1772629800,5200.0,5203.7998046875,5198.2998046875,5200.7998046875
1772629920,5201.0,5207.5,5201.0,5206.2998046875
1772630040,5206.7001953125,5207.2001953125,5202.60009765625,5204.10009765625
1772630160,5203.7001953125,5205.60009765625,5200.39990234375,5205.5
1772630280,5204.39990234375,5205.0,5197.60009765625,5198.89990234375
1772630400,5198.7998046875,5200.7001953125,5193.2998046875,5198.0
1772630520,5197.10009765625,5197.10009765625,5190.0,5190.2998046875
1772630640,5190.10009765625,5200.39990234375,5190.10009765625,5200.0
1772630760,5199.7001953125,5204.89990234375,5197.89990234375,5204.2001953125
1772630880,5204.2998046875,5206.0,5202.5,5203.10009765625
1772631000,5203.2998046875,5203.7001953125,5197.7998046875,5199.5
1772631120,5199.7998046875,5201.2998046875,5194.5,5197.39990234375
1772631240,5197.2998046875,5200.7998046875,5196.0,5196.89990234375
1772631360,5196.7001953125,5201.60009765625,5196.0,5198.0
1772631480,5197.60009765625,5201.89990234375,5196.7998046875,5196.7998046875
1772631600,5197.2001953125,5198.5,5192.7998046875,5198.5
1772631720,5198.2001953125,5201.2998046875,5196.7001953125,5198.2998046875
1772631840,5198.2998046875,5202.5,5198.2001953125,5201.5
1772631960,5200.89990234375,5203.2001953125,5200.89990234375,5202.89990234375
1772632080,5202.2998046875,5202.2998046875,5200.10009765625,5200.7998046875
1772632200,5200.39990234375,5200.7001953125,5193.89990234375,5194.89990234375
1772632320,5194.7001953125,5197.2998046875,5190.39990234375,5197.2998046875
1772632440,5197.7001953125,5198.2998046875,5186.7998046875,5188.60009765625
1772632560,5189.5,5189.7001953125,5183.0,5186.0
1772632680,5185.60009765625,5188.0,5177.2998046875,5178.5
1772632800,5178.10009765625,5191.2998046875,5177.89990234375,5189.60009765625
1772632920,5189.7001953125,5190.2998046875,5183.0,5185.2001953125
1772633040,5185.7001953125,5189.39990234375,5183.2001953125,5189.2998046875
1772633160,5188.7001953125,5190.0,5186.7998046875,5187.89990234375
1772633280,5187.89990234375,5188.7998046875,5181.7998046875,5184.10009765625
1772633400,5183.89990234375,5184.10009765625,5180.0,5181.0
1772633520,5181.0,5181.5,5173.7001953125,5176.7001953125
1772633640,5176.60009765625,5179.0,5172.7998046875,5177.39990234375
1772633760,5177.2998046875,5184.2001953125,5177.10009765625,5183.5
1772633880,5182.5,5183.89990234375,5178.7998046875,5183.5
1772634000,5183.5,5185.0,5176.10009765625,5176.10009765625
1772634120,5176.60009765625,5177.39990234375,5171.39990234375,5175.60009765625
1772634240,5175.7998046875,5178.0,5169.60009765625,5174.2001953125
1772634360,5174.5,5178.7001953125,5173.60009765625,5177.10009765625
1772634480,5176.7001953125,5179.2998046875,5174.60009765625,5175.60009765625
1772634600,5176.5,5190.2998046875,5172.39990234375,5188.60009765625
1772634720,5190.7001953125,5195.2001953125,5186.60009765625,5193.60009765625
1772634840,5194.0,5194.60009765625,5187.0,5192.39990234375
1772634960,5192.0,5194.2998046875,5181.7998046875,5187.39990234375
1772635080,5187.60009765625,5187.60009765625,5178.0,5183.2998046875
1772635200,5183.7998046875,5191.2001953125,5177.0,5187.5
1772635320,5188.2998046875,5189.2998046875,5179.60009765625,5181.0
1772635440,5180.10009765625,5184.5,5176.7998046875,5181.39990234375
1772635560,5180.60009765625,5189.2001953125,5169.60009765625,5170.60009765625
1772635680,5171.0,5171.0,5151.0,5165.2001953125
1772635800,5165.7998046875,5165.7998046875,5154.2998046875,5159.89990234375
1772635920,5161.5,5171.60009765625,5156.7001953125,5167.7001953125
1772636040,5169.7998046875,5169.7998046875,5154.0,5156.89990234375
1772636160,5157.10009765625,5159.60009765625,5148.39990234375,5155.60009765625
1772636280,5156.0,5160.0,5154.5,5155.7001953125
1772636400,5155.2001953125,5172.7998046875,5152.7001953125,5170.89990234375
1772636520,5171.39990234375,5173.0,5164.2998046875,5167.2001953125
1772636640,5166.7998046875,5172.0,5154.60009765625,5155.7001953125
1772636760,5155.60009765625,5161.10009765625,5149.39990234375,5159.10009765625
1772636880,5159.2998046875,5162.2001953125,5154.7998046875,5161.39990234375
1772637000,5160.5,5163.10009765625,5141.7001953125,5152.2998046875
1772637120,5151.7001953125,5154.10009765625,5146.10009765625,5149.2998046875
1772637240,5149.39990234375,5149.89990234375,5140.2001953125,5149.39990234375
1772637360,5149.7001953125,5152.39990234375,5143.7998046875,5149.5
1772637480,5149.10009765625,5155.5,5146.0,5151.0
1772637600,5150.5,5159.5,5150.2001953125,5159.39990234375
1772637720,5159.89990234375,5161.39990234375,5156.7001953125,5159.5
1772637840,5158.89990234375,5166.0,5154.7001953125,5160.2998046875
1772637960,5160.60009765625,5167.2998046875,5158.7998046875,5166.7001953125
1772638080,5166.7998046875,5170.0,5161.0,5166.39990234375
1772638200,5167.60009765625,5172.39990234375,5166.10009765625,5171.7001953125
1772638320,5171.2998046875,5171.7998046875,5168.2998046875,5170.5
1772638440,5169.7998046875,5177.2998046875,5169.2998046875,5176.2001953125
1772638560,5176.39990234375,5176.39990234375,5166.2001953125,5168.2001953125
1772638680,5169.5,5169.89990234375,5162.5,5163.2998046875
1772638800,5163.0,5165.0,5158.7001953125,5160.0
1772638920,5159.89990234375,5160.2001953125,5150.2001953125,5150.89990234375
1772639040,5150.2998046875,5154.0,5148.0,5151.10009765625
1772639160,5151.39990234375,5153.5,5146.7998046875,5148.7998046875
1772639280,5148.7998046875,5151.2998046875,5143.0,5150.7998046875
1772639400,5150.39990234375,5158.0,5148.10009765625,5157.2998046875
1772639520,5157.2998046875,5161.7998046875,5155.5,5161.5
1772639640,5161.89990234375,5162.10009765625,5156.60009765625,5160.0
1772639760,5159.89990234375,5161.5,5157.7998046875,5158.89990234375
1772639880,5160.39990234375,5163.2001953125,5158.2001953125,5161.60009765625
1772640000,5161.2001953125,5167.60009765625,5161.2001953125,5166.7998046875
1772640120,5166.5,5172.60009765625,5166.5,5172.5
1772640240,5172.10009765625,5172.39990234375,5163.7001953125,5164.60009765625
1772640360,5164.10009765625,5168.89990234375,5162.7998046875,5163.7001953125
1772640480,5162.5,5162.89990234375,5159.2001953125,5159.60009765625
1772640600,5159.39990234375,5161.0,5153.39990234375,5160.2001953125
1772640720,5161.0,5163.60009765625,5155.89990234375,5156.60009765625
1772640840,5156.39990234375,5159.89990234375,5152.7001953125,5153.7001953125
1772640960,5153.60009765625,5159.2998046875,5153.5,5155.7001953125
1772641080,5155.2998046875,5159.7998046875,5155.2998046875,5157.7001953125
1772641200,5158.2001953125,5167.2001953125,5156.39990234375,5156.89990234375
1772641320,5157.60009765625,5157.89990234375,5150.10009765625,5151.39990234375
1772641440,5152.0,5162.2998046875,5148.5,5161.7001953125
1772641560,5162.0,5163.7998046875,5157.0,5158.2998046875
1772641680,5158.39990234375,5161.39990234375,5155.2998046875,5157.39990234375
1772641800,5157.2998046875,5162.0,5155.0,5161.60009765625
1772641920,5161.7001953125,5161.7001953125,5155.10009765625,5159.2998046875
1772642040,5160.2001953125,5166.2998046875,5160.2001953125,5164.39990234375
1772642160,5163.89990234375,5167.60009765625,5160.7001953125,5160.7001953125
1772642280,5160.89990234375,5166.5,5160.0,5162.0
1772642400,5161.7998046875,5168.2998046875,5161.7998046875,5166.2998046875
1772642520,5166.60009765625,5170.2001953125,5165.5,5165.5
1772642640,5165.5,5166.10009765625,5154.2998046875,5159.39990234375
1772642760,5159.5,5164.5,5158.89990234375,5159.0
1772642880,5159.10009765625,5162.0,5158.7001953125,5159.7001953125
1772643000,5159.7998046875,5160.39990234375,5156.0,5158.2998046875
1772643120,5158.89990234375,5163.10009765625,5158.7001953125,5161.2001953125
1772643240,5160.7998046875,5161.60009765625,5158.7998046875,5159.10009765625
1772643360,5158.5,5160.7001953125,5157.0,5159.2001953125
1772643480,5159.39990234375,5162.2998046875,5159.10009765625,5161.5
1772643600,5160.89990234375,5161.0,5156.5,5157.60009765625
1772643720,5157.39990234375,5162.0,5156.89990234375,5161.89990234375
1772643840,5161.89990234375,5164.0,5159.2998046875,5161.0
1772643960,5161.2001953125,5165.0,5159.89990234375,5161.60009765625
1772644080,5161.5,5161.7998046875,5158.39990234375,5159.10009765625
1772644200,5159.2998046875,5161.2001953125,5154.0,5161.2001953125
1772644320,5161.10009765625,5161.10009765625,5158.2998046875,5158.7001953125
1772644440,5159.0,5161.10009765625,5157.60009765625,5161.10009765625
1772644560,5161.2001953125,5161.7001953125,5159.2998046875,5160.0
1772644680,5159.0,5160.0,5157.60009765625,5158.5
1772644800,5157.60009765625,5159.10009765625,5153.60009765625,5153.89990234375
1772644920,5153.5,5154.7998046875,5131.7001953125,5135.89990234375
1772645040,5135.7001953125,5150.60009765625,5131.5,5148.89990234375
1772645160,5149.0,5152.0,5146.7001953125,5147.7001953125
1772645280,5147.5,5150.39990234375,5145.0,5145.7998046875
1772645400,5146.7998046875,5148.89990234375,5140.7998046875,5144.5
1772645520,5144.2998046875,5150.7998046875,5143.5,5148.39990234375
1772645640,5148.39990234375,5150.2998046875,5147.7998046875,5148.5
1772645760,5148.2998046875,5150.2998046875,5145.7998046875,5146.2998046875
1772645880,5144.89990234375,5148.89990234375,5144.60009765625,5146.2998046875
1772646000,5146.5,5148.7998046875,5144.10009765625,5148.39990234375
1772646120,5148.7001953125,5149.60009765625,5146.0,5147.2998046875
1772646240,5147.60009765625,5153.2001953125,5147.60009765625,5150.39990234375
1772646360,5151.39990234375,5152.10009765625,5147.60009765625,5152.10009765625
1772646480,5153.0,5153.0,5149.7001953125,5152.2998046875
1772646600,5152.2998046875,5153.7998046875,5151.10009765625,5152.39990234375
1772646720,5153.2001953125,5157.89990234375,5153.0,5156.7001953125
1772646840,5156.2001953125,5157.60009765625,5154.7998046875,5157.0
1772646960,5157.0,5160.0,5151.2998046875,5153.0
1772647080,5153.2998046875,5155.39990234375,5150.7998046875,5153.60009765625
1772647200,5152.7001953125,5155.5,5150.10009765625,5151.5
1772647320,5151.39990234375,5152.5,5147.7998046875,5149.60009765625
1772647440,5149.39990234375,5149.60009765625,5143.7998046875,5146.2001953125
1772647560,5145.2001953125,5148.89990234375,5143.89990234375,5148.5
1772647680,5148.7001953125,5148.7001953125,5140.89990234375,5143.5
1772647800,5142.60009765625,5142.60009765625,5126.5,5130.2001953125
1772647920,5131.10009765625,5133.2001953125,5128.5,5131.60009765625
1772648040,5131.2001953125,5137.7998046875,5130.60009765625,5133.89990234375
1772648160,5134.0,5136.0,5128.5,5129.0
1772648280,5129.89990234375,5131.7001953125,5128.0,5129.7998046875
1772648400,5130.2998046875,5132.89990234375,5121.10009765625,5132.0
1772648520,5132.39990234375,5136.0,5129.60009765625,5135.2001953125
1772648640,5135.7998046875,5138.7001953125,5131.10009765625,5135.2001953125
1772648760,5135.60009765625,5138.2998046875,5134.7001953125,5136.0
1772648880,5136.10009765625,5136.7998046875,5132.10009765625,5134.39990234375
1772649000,5134.7001953125,5140.2001953125,5130.7001953125,5139.7998046875
1772649120,5139.2998046875,5140.2998046875,5134.7001953125,5135.5
1772649240,5135.7001953125,5140.2998046875,5134.10009765625,5139.5
1772649360,5139.7998046875,5139.7998046875,5135.2001953125,5136.7001953125
1772649480,5136.10009765625,5137.2001953125,5126.39990234375,5128.89990234375
1772649600,5128.60009765625,5128.60009765625,5119.39990234375,5127.0
1772649720,5126.5,5131.60009765625,5126.39990234375,5130.7998046875
1772649840,5131.60009765625,5138.5,5131.60009765625,5135.89990234375
1772649960,5136.89990234375,5141.5,5136.2998046875,5141.39990234375
1772650080,5141.2001953125,5143.7998046875,5138.7998046875,5143.0
1772650200,5144.0,5145.0,5141.10009765625,5142.7001953125
1772650320,5142.7001953125,5142.89990234375,5141.0,5142.10009765625
1772650440,5141.89990234375,5142.7001953125,5140.2998046875,5142.0
1772650560,5141.7001953125,5143.10009765625,5139.89990234375,5141.60009765625
1772650680,5142.0,5145.60009765625,5140.89990234375,5144.7001953125
1772650800,5144.7998046875,5147.7001953125,5144.7001953125,5146.89990234375
1772650920,5146.10009765625,5147.5,5138.10009765625,5141.0
1772651040,5141.2998046875,5142.60009765625,5140.60009765625,5141.2001953125
1772651160,5141.0,5144.39990234375,5141.0,5142.2998046875
1772651280,5142.10009765625,5143.89990234375,5142.10009765625,5143.39990234375
1772651400,5143.60009765625,5143.60009765625,5136.7998046875,5137.7001953125
1772651520,5138.10009765625,5140.60009765625,5138.10009765625,5140.60009765625
1772651640,5140.0,5143.89990234375,5139.2001953125,5140.7001953125
1772651760,5140.7998046875,5143.10009765625,5140.60009765625,5141.60009765625
1772651880,5142.0,5142.2998046875,5137.2001953125,5137.7998046875
1772652000,5137.2998046875,5139.7998046875,5136.7998046875,5137.2998046875
1772652120,5137.5,5140.0,5137.2998046875,5139.39990234375
1772652240,5139.60009765625,5139.60009765625,5136.0,5137.7998046875
1772652360,5137.7998046875,5139.10009765625,5136.2998046875,5137.39990234375
1772652480,5137.39990234375,5137.39990234375,5135.0,5135.2001953125
1772652600,5134.7998046875,5139.60009765625,5133.60009765625,5138.2998046875
1772652720,5138.7001953125,5140.89990234375,5137.2998046875,5137.7998046875
1772652840,5137.5,5140.10009765625,5135.7998046875,5139.0
1772652960,5138.7001953125,5139.7001953125,5136.2998046875,5137.10009765625
1772653080,5137.2001953125,5139.39990234375,5136.7998046875,5137.7001953125
1772653200,5137.7001953125,5143.0,5137.60009765625,5140.7001953125
1772653320,5140.2998046875,5142.0,5139.89990234375,5141.60009765625
1772653440,5141.60009765625,5144.7001953125,5141.39990234375,5142.7998046875
1772653560,5142.0,5144.2001953125,5140.5,5144.2001953125
1772653680,5144.60009765625,5146.60009765625,5143.0,5144.0
1772653800,5144.2998046875,5145.5,5142.89990234375,5144.2001953125
1772653920,5143.60009765625,5145.10009765625,5143.0,5145.0
1772654040,5145.2998046875,5150.39990234375,5145.2998046875,5150.10009765625
1772654160,5150.39990234375,5150.5,5146.89990234375,5147.2001953125
1772654280,5147.5,5148.7998046875,5146.0,5148.7001953125
1772654400,5148.39990234375,5149.7998046875,5146.2001953125,5147.2998046875
1772654520,5147.5,5148.39990234375,5146.0,5146.0
1772654640,5145.60009765625,5146.39990234375,5144.5,5145.89990234375
1772654760,5146.10009765625,5146.10009765625,5141.39990234375,5143.5
1772654880,5144.2001953125,5144.7001953125,5140.7998046875,5141.7998046875
1772655000,5140.5,5142.7998046875,5137.60009765625,5139.0
1772655120,5139.7998046875,5141.7998046875,5139.7998046875,5141.5
1772655240,5140.2001953125,5140.5,5136.2998046875,5136.2998046875
1772655360,5136.2001953125,5138.0,5134.7998046875,5138.0
1772655480,5138.0,5140.2001953125,5137.10009765625,5138.89990234375
1772655600,5138.7001953125,5140.5,5138.5,5140.10009765625
1772655720,5140.5,5143.7998046875,5139.5,5142.60009765625
1772655840,5142.89990234375,5144.7998046875,5142.0,5144.39990234375
1772655960,5145.0,5148.7001953125,5145.0,5148.60009765625
1772656080,5148.2998046875,5149.7998046875,5147.60009765625,5148.2998046875
1772656200,5149.0,5151.60009765625,5148.7998046875,5151.2998046875
1772656320,5150.39990234375,5151.39990234375,5149.89990234375,5150.2001953125
1772656440,5149.89990234375,5150.7998046875,5148.60009765625,5150.7998046875
1772656560,5151.0,5154.10009765625,5149.2998046875,5153.2998046875
1772656680,5153.7001953125,5154.2001953125,5151.60009765625,5151.89990234375
1772656800,5152.7998046875,5155.0,5152.2001953125,5154.39990234375
1772656920,5155.0,5159.2001953125,5154.2998046875,5156.7001953125
1772657040,5156.5,5156.5,5152.7001953125,5153.60009765625
1772657160,5153.5,5154.2001953125,5151.7998046875,5152.7001953125
1772657280,5153.2998046875,5153.2998046875,5147.7001953125,5151.39990234375
1772657400,5151.7001953125,5151.7001953125,5146.2998046875,5147.0
1772657520,5147.10009765625,5149.5,5146.7998046875,5148.10009765625
1772657640,5148.39990234375,5150.5,5145.60009765625,5149.2998046875
1772657760,5149.0,5150.0,5145.0,5147.2001953125
1772657880,5146.89990234375,5148.7001953125,5145.0,5146.7998046875
1772658000,5146.89990234375,5153.5,5146.10009765625,5150.2001953125
1772658120,5150.5,5153.60009765625,5150.2998046875,5151.89990234375
1772658240,5152.60009765625,5153.39990234375,5149.7001953125,5151.5
1772658360,5151.2001953125,5152.5,5150.7998046875,5152.5
1772658480,5153.0,5153.5,5152.5,5152.7998046875
1772658600,5153.10009765625,5156.2998046875,5150.7998046875,5150.7998046875
1772658720,5150.2001953125,5152.60009765625,5150.2001953125,5152.60009765625
1772658840,5153.2998046875,5153.60009765625,5152.2998046875,5152.7998046875
1772658960,5152.89990234375,5153.0,5151.7001953125,5152.60009765625
1772659080,5151.7001953125,5153.5,5151.7001953125,5153.5
1772659200,5153.0,5153.7998046875,5150.7001953125,5150.7001953125
1772659320,5151.2998046875,5152.0,5148.2998046875,5149.39990234375
1772659440,5149.7998046875,5151.10009765625,5148.2998046875,5150.39990234375
1772659560,5150.7001953125,5150.7001953125,5149.2001953125,5149.39990234375
1772659680,5148.5,5153.60009765625,5148.5,5153.60009765625
1772659800,5153.60009765625,5153.60009765625,5148.7001953125,5148.7998046875
1772659920,5148.7998046875,5148.7998046875,5143.5,5144.0
1772660040,5144.10009765625,5144.39990234375,5141.39990234375,5142.2998046875
1772660160,5143.10009765625,5148.0,5143.10009765625,5147.5
1772660280,5147.89990234375,5149.5,5147.5,5149.2998046875
1772660400,5149.2998046875,5149.2998046875,5148.0,5148.89990234375
1772660520,5148.7998046875,5148.89990234375,5147.7998046875,5148.2998046875
1772660640,5147.7998046875,5149.5,5147.2001953125,5149.5
1772660760,5148.7998046875,5149.89990234375,5147.0,5147.0
1772660880,5147.0,5148.2998046875,5147.0,5148.2998046875
1772661000,5148.2998046875,5148.2998046875,5147.0,5147.89990234375
1772661120,5148.5,5152.5,5148.5,5151.7998046875
1772661240,5151.89990234375,5154.5,5151.89990234375,5153.0
1772661360,5153.0,5153.2998046875,5151.39990234375,5151.39990234375
1772661480,5151.5,5153.39990234375,5151.5,5151.60009765625
1772665200,5155.7001953125,5161.5,5152.0,5160.10009765625
1772665320,5159.89990234375,5165.0,5159.89990234375,5163.7998046875
1772665440,5163.7001953125,5166.60009765625,5158.7001953125,5161.2001953125
1772665560,5159.89990234375,5166.5,5159.39990234375,5163.10009765625
1772665680,5163.10009765625,5164.2001953125,5159.60009765625,5164.0
1772665800,5164.5,5166.0,5160.0,5160.60009765625
1772665920,5160.39990234375,5161.5,5157.5,5157.5
1772666040,5157.0,5160.0,5155.60009765625,5159.5
1772666160,5158.7998046875,5161.7998046875,5158.2998046875,5161.10009765625
1772666280,5162.0,5166.7001953125,5161.60009765625,5164.5
1772666400,5164.39990234375,5166.10009765625,5162.10009765625,5162.10009765625
1772666520,5162.60009765625,5165.89990234375,5162.60009765625,5164.60009765625
1772666640,5164.2998046875,5167.7998046875,5164.2998046875,5167.10009765625
1772666760,5167.0,5168.0,5162.5,5162.5
1772666880,5163.39990234375,5165.2001953125,5163.10009765625,5164.89990234375
1772667000,5165.10009765625,5166.89990234375,5164.2998046875,5166.39990234375
1772667120,5165.7998046875,5165.7998046875,5163.7001953125,5163.7998046875
1772667240,5163.10009765625,5164.60009765625,5162.89990234375,5162.89990234375
1772667360,5162.0,5163.2998046875,5159.89990234375,5161.89990234375
1772667480,5161.7998046875,5163.0,5161.5,5162.5
1772667600,5163.2001953125,5164.2998046875,5163.0,5164.0
1772667720,5164.0,5165.60009765625,5163.7998046875,5164.60009765625
1772667840,5165.89990234375,5172.0,5165.89990234375,5171.39990234375
1772667960,5172.0,5174.2001953125,5169.7001953125,5172.7998046875
1772668080,5173.5,5174.2998046875,5169.2001953125,5170.39990234375
1772668200,5170.5,5170.5,5167.7001953125,5169.89990234375
1772668320,5171.0,5172.89990234375,5170.0,5170.2001953125
1772668440,5169.7001953125,5173.2001953125,5169.7001953125,5172.7001953125
1772668560,5172.7001953125,5175.39990234375,5172.5,5175.2001953125
1772668680,5174.5,5177.7998046875,5174.10009765625,5176.2001953125
1772668800,5176.5,5177.60009765625,5170.39990234375,5170.89990234375
1772668920,5171.7998046875,5174.2001953125,5171.7998046875,5174.2001953125
1772669040,5174.2001953125,5179.60009765625,5174.10009765625,5177.5
1772669160,5178.0,5180.0,5176.89990234375,5176.89990234375
1772669280,5177.39990234375,5179.0,5177.0,5179.0
1772669400,5178.89990234375,5183.89990234375,5178.89990234375,5182.39990234375
1772669520,5183.2998046875,5184.2998046875,5181.7001953125,5184.10009765625
1772669640,5184.2998046875,5184.5,5182.0,5184.5
1772669760,5183.2001953125,5186.2998046875,5182.5,5186.2998046875
1772669880,5186.5,5189.60009765625,5185.89990234375,5189.39990234375
1772670000,5188.60009765625,5191.10009765625,5187.2998046875,5190.60009765625
1772670120,5191.2001953125,5191.5,5188.7998046875,5189.7001953125
1772670240,5189.7001953125,5190.39990234375,5186.2998046875,5188.39990234375
1772670360,5188.5,5189.2998046875,5183.7001953125,5186.60009765625
1772670480,5186.2001953125,5186.60009765625,5184.2998046875,5185.39990234375
1772670600,5184.7001953125,5185.2001953125,5181.5,5182.7001953125
1772670720,5183.0,5185.2998046875,5182.10009765625,5184.0
1772670840,5183.7998046875,5183.7998046875,5182.89990234375,5182.89990234375
1772670960,5182.7001953125,5182.7001953125,5181.0,5182.39990234375
1772671080,5182.2998046875,5184.0,5179.89990234375,5181.7998046875
1772671200,5182.2998046875,5186.2001953125,5182.10009765625,5184.89990234375
1772671320,5185.89990234375,5188.60009765625,5185.2998046875,5186.5
1772671440,5186.89990234375,5187.10009765625,5182.7001953125,5182.7001953125
1772671560,5183.10009765625,5183.2998046875,5180.2998046875,5180.2998046875
1772671680,5180.89990234375,5188.60009765625,5177.5,5188.5
1772671800,5188.2998046875,5188.60009765625,5183.39990234375,5184.10009765625
1772671920,5183.89990234375,5185.10009765625,5182.2001953125,5182.2998046875
1772672040,5183.39990234375,5183.5,5180.5,5183.2001953125
1772672160,5183.7001953125,5184.39990234375,5180.7001953125,5180.89990234375
1772672280,5180.2001953125,5184.2001953125,5177.7001953125,5183.89990234375
1772672400,5184.10009765625,5189.60009765625,5181.0,5185.10009765625
1772672520,5186.0,5189.2998046875,5183.7998046875,5187.60009765625
1772672640,5188.2998046875,5188.60009765625,5184.39990234375,5187.89990234375
1772672760,5186.7001953125,5191.89990234375,5186.7001953125,5190.5
1772672880,5190.2998046875,5193.10009765625,5188.7998046875,5191.7998046875
1772673000,5192.2998046875,5198.0,5192.2998046875,5196.0
1772673120,5196.2001953125,5196.2001953125,5190.2001953125,5191.7998046875
1772673240,5190.39990234375,5190.60009765625,5186.7998046875,5188.39990234375
1772673360,5188.60009765625,5193.7001953125,5188.60009765625,5190.7001953125
1772673480,5190.5,5192.60009765625,5188.0,5190.7998046875
1772673600,5190.2001953125,5190.2001953125,5184.2998046875,5187.2001953125
1772673720,5187.7998046875,5189.0,5185.10009765625,5188.0
1772673840,5187.39990234375,5188.60009765625,5183.2001953125,5187.89990234375
1772673960,5188.2998046875,5189.7998046875,5186.2998046875,5186.5
1772674080,5186.7998046875,5188.7001953125,5185.7001953125,5187.7998046875
1772674200,5187.7998046875,5189.10009765625,5182.7001953125,5189.10009765625
1772674320,5189.60009765625,5189.89990234375,5183.60009765625,5185.60009765625
1772674440,5186.2001953125,5186.89990234375,5180.60009765625,5184.2001953125
1772674560,5183.10009765625,5185.60009765625,5182.0,5182.89990234375
1772674680,5182.39990234375,5185.5,5181.7998046875,5184.89990234375
1772674800,5185.10009765625,5187.60009765625,5179.10009765625,5181.7001953125
1772674920,5181.10009765625,5184.2998046875,5177.10009765625,5184.0
1772675040,5184.39990234375,5185.7001953125,5179.89990234375,5181.5
1772675160,5180.60009765625,5186.0,5179.7001953125,5185.7001953125
1772675280,5185.2998046875,5186.10009765625,5183.0,5185.10009765625
1772675400,5185.5,5187.2998046875,5183.7001953125,5187.0
1772675520,5187.10009765625,5189.39990234375,5186.5,5188.2001953125
1772675640,5187.7001953125,5188.5,5178.5,5180.7998046875
1772675760,5181.10009765625,5182.39990234375,5178.89990234375,5182.10009765625
1772675880,5181.2998046875,5184.10009765625,5180.60009765625,5181.7001953125
1772676000,5181.2001953125,5185.7001953125,5180.89990234375,5184.5
1772676120,5185.2001953125,5186.5,5184.39990234375,5186.0
1772676240,5185.7998046875,5190.2001953125,5185.5,5189.5
1772676360,5189.89990234375,5190.5,5185.10009765625,5186.0
1772676480,5185.60009765625,5190.0,5182.10009765625,5184.0
1772676600,5184.2001953125,5187.2001953125,5182.10009765625,5187.10009765625
1772676720,5187.0,5187.7998046875,5185.7001953125,5186.39990234375
1772676840,5187.89990234375,5189.60009765625,5185.5,5189.5
1772676960,5189.7001953125,5191.7001953125,5187.60009765625,5187.60009765625
1772677080,5187.2001953125,5192.39990234375,5187.2001953125,5190.7001953125
1772677200,5190.39990234375,5192.89990234375,5190.2998046875,5192.2001953125
1772677320,5192.2001953125,5198.0,5192.2001953125,5194.2001953125
1772677440,5193.7998046875,5193.7998046875,5187.5,5189.7001953125
1772677560,5190.60009765625,5193.7001953125,5189.89990234375,5193.7001953125
1772677680,5194.2001953125,5195.0,5191.2998046875,5193.7001953125
1772677800,5193.2001953125,5196.60009765625,5192.60009765625,5194.2001953125
1772677920,5192.2998046875,5194.2998046875,5190.7001953125,5193.7998046875
1772678040,5194.39990234375,5195.10009765625,5189.89990234375,5191.2998046875
1772678160,5190.5,5192.10009765625,5189.0,5189.7998046875
1772678280,5190.39990234375,5190.39990234375,5185.0,5189.2001953125
1772678400,5189.2998046875,5192.39990234375,5187.7998046875,5188.7001953125
1772678520,5189.7001953125,5189.7001953125,5186.5,5186.7998046875
1772678640,5187.7001953125,5188.5,5183.2998046875,5186.2001953125
1772678760,5186.89990234375,5188.89990234375,5185.5,5188.89990234375
1772678880,5189.10009765625,5190.7001953125,5185.60009765625,5190.10009765625
1772679000,5189.60009765625,5194.2001953125,5189.2998046875,5192.10009765625
1772679120,5193.0,5199.2998046875,5192.7998046875,5197.2998046875
1772679240,5197.7998046875,5199.2001953125,5194.7001953125,5197.2001953125
1772679360,5196.0,5200.0,5195.89990234375,5199.60009765625
1772679480,5199.7001953125,5201.7998046875,5199.0,5201.60009765625
1772679600,5201.7001953125,5203.0,5199.0,5203.0
1772679720,5202.2998046875,5202.2998046875,5199.60009765625,5201.60009765625
1772679840,5201.7001953125,5204.2998046875,5200.5,5202.39990234375
1772679960,5202.7001953125,5202.7001953125,5197.89990234375,5198.5
1772680080,5198.7001953125,5200.2001953125,5197.10009765625,5197.7001953125
1772680200,5197.2998046875,5198.2998046875,5195.2998046875,5196.0
1772680320,5195.10009765625,5195.2998046875,5192.89990234375,5193.7001953125
1772680440,5193.7001953125,5198.0,5193.7001953125,5197.89990234375
1772680560,5197.7998046875,5199.7001953125,5197.5,5199.2001953125
1772680680,5199.39990234375,5200.7001953125,5195.2998046875,5197.39990234375
1772680800,5197.39990234375,5197.7001953125,5195.0,5196.7998046875
1772680920,5196.7998046875,5198.60009765625,5194.7001953125,5197.0
1772681040,5196.89990234375,5197.0,5195.39990234375,5195.60009765625
1772681160,5195.39990234375,5196.10009765625,5193.2001953125,5195.5
1772681280,5195.10009765625,5195.7001953125,5193.60009765625,5194.5
1772681400,5193.60009765625,5196.2001953125,5190.0,5194.2998046875
1772681520,5195.0,5197.2001953125,5195.0,5196.89990234375
1772681640,5197.10009765625,5198.7001953125,5194.10009765625,5196.2998046875
1772681760,5196.5,5200.0,5195.2998046875,5196.7998046875
1772681880,5197.39990234375,5197.39990234375,5195.2998046875,5196.7998046875
1772682000,5196.89990234375,5199.0,5196.89990234375,5197.89990234375
1772682120,5198.0,5198.0,5196.10009765625,5197.7001953125
1772682240,5197.7998046875,5199.2001953125,5197.39990234375,5199.2001953125
1772682360,5198.89990234375,5199.7998046875,5196.2998046875,5196.2998046875
1772682480,5195.10009765625,5195.2001953125,5193.2001953125,5193.2001953125
1772682600,5192.60009765625,5194.2001953125,5192.2001953125,5194.10009765625
1772682720,5194.60009765625,5195.5,5192.0,5192.0
1772682840,5192.39990234375,5194.2001953125,5192.0,5192.0
1772682960,5192.10009765625,5192.10009765625,5188.10009765625,5188.5
1772683080,5188.0,5189.7001953125,5187.2998046875,5189.5
1772683200,5189.39990234375,5189.39990234375,5186.2001953125,5187.2998046875
1772683320,5187.2001953125,5192.2001953125,5185.5,5191.7998046875
1772683440,5192.10009765625,5193.0,5190.60009765625,5192.10009765625
1772683560,5192.2001953125,5194.39990234375,5192.2001953125,5193.0
1772683680,5193.7001953125,5193.7001953125,5192.60009765625,5193.2001953125
1772683800,5192.7998046875,5193.89990234375,5191.0,5193.89990234375
1772683920,5194.0,5195.0,5193.60009765625,5194.39990234375
1772684040,5193.7001953125,5195.89990234375,5191.0,5191.0
1772684160,5191.0,5191.7001953125,5190.0,5191.10009765625
1772684280,5190.7998046875,5191.7001953125,5190.0,5191.7001953125
1772684400,5191.10009765625,5193.0,5191.10009765625,5192.7998046875
1772684520,5192.89990234375,5193.89990234375,5192.89990234375,5193.2998046875
1772684640,5194.0,5194.0,5189.7998046875,5190.7001953125
1772684760,5190.60009765625,5190.60009765625,5186.2001953125,5187.5
1772684880,5187.7001953125,5187.7001953125,5184.0,5187.5
1772685000,5187.2998046875,5189.0,5186.7001953125,5189.0
1772685120,5189.0,5189.10009765625,5187.10009765625,5187.7998046875
1772685240,5187.5,5187.5,5186.10009765625,5186.10009765625
1772685360,5186.5,5187.7998046875,5186.5,5187.7998046875
1772685480,5187.2001953125,5187.2998046875,5185.10009765625,5185.89990234375
1772685600,5185.5,5185.5,5184.0,5184.2998046875
1772685720,5184.0,5185.2001953125,5184.0,5184.60009765625
1772685840,5184.60009765625,5185.39990234375,5182.89990234375,5183.7998046875
1772685960,5184.10009765625,5184.10009765625,5180.5,5180.5
1772686080,5181.2001953125,5181.7998046875,5177.89990234375,5179.10009765625
1772686200,5178.7001953125,5179.2998046875,5176.10009765625,5176.60009765625
1772686320,5177.2998046875,5178.0,5175.2001953125,5176.60009765625
1772686440,5176.60009765625,5181.7001953125,5175.39990234375,5181.2998046875
1772686560,5181.10009765625,5181.89990234375,5178.7998046875,5179.10009765625
1772686680,5179.39990234375,5180.0,5178.2998046875,5179.7001953125
