time,open,high,low,close
1770267600,4881.7001953125,4894.39990234375,4872.89990234375,4879.7998046875
1770268200,4879.0,4885.10009765625,4866.60009765625,4870.7001953125
1770268800,4870.2998046875,4888.39990234375,4858.60009765625,4887.10009765625
1770269400,4887.0,4887.10009765625,4842.0,4870.10009765625
1770270000,4871.39990234375,4923.7001953125,4868.2001953125,4912.7998046875
1770270600,4913.2998046875,4923.7001953125,4902.60009765625,4911.7998046875
1770271200,4914.10009765625,4934.0,4893.0,4931.60009765625
1770271800,4929.10009765625,4941.10009765625,4917.2998046875,4929.89990234375
1770272400,4929.2001953125,4947.39990234375,4925.5,4947.0
1770273000,4947.0,4947.39990234375,4926.2001953125,4941.0
1770273600,4940.89990234375,4951.89990234375,4934.2001953125,4942.2998046875
1770274200,4942.7001953125,4943.10009765625,4915.0,4938.7998046875
1770274800,4937.2001953125,4948.2001953125,4933.2001953125,4944.5
1770275400,4945.2001953125,4950.7998046875,4935.0,4939.2998046875
1770276000,4939.0,4960.2001953125,4929.2001953125,4950.7998046875
1770276600,4951.2998046875,4953.10009765625,4924.60009765625,4926.39990234375
1770277200,4927.2001953125,4933.7998046875,4914.7001953125,4927.5
1770277800,4929.10009765625,4939.0,4928.0,4934.2998046875
1770278400,4934.10009765625,4948.2001953125,4932.0,4940.7998046875
1770279000,4941.7001953125,4962.0,4941.5,4951.2001953125
1770279600,4950.2001953125,4961.0,4939.2001953125,4940.60009765625
1770280200,4941.39990234375,4949.89990234375,4936.7998046875,4941.0
1770280800,4940.89990234375,4945.2001953125,4928.0,4929.39990234375
1770281400,4928.5,4939.39990234375,4921.39990234375,4934.0
1770282000,4934.39990234375,4937.10009765625,4895.39990234375,4901.2001953125
1770282600,4902.10009765625,4903.7001953125,4884.2998046875,4888.2001953125
1770283200,4888.7001953125,4910.39990234375,4876.60009765625,4896.5
1770283800,4896.5,4912.7001953125,4896.2998046875,4909.2998046875
1770284400,4910.2001953125,4916.0,4901.0,4904.7001953125
1770285000,4904.7001953125,4905.39990234375,4871.10009765625,4876.89990234375
1770285600,4875.89990234375,4888.89990234375,4874.0,4881.5
1770286200,4880.89990234375,4900.0,4880.89990234375,4886.89990234375
1770286800,4887.5,4888.7001953125,4868.0,4883.10009765625
1770287400,4883.2998046875,4894.39990234375,4872.7001953125,4885.5
1770288000,4886.60009765625,4907.60009765625,4886.10009765625,4902.7001953125
1770288600,4902.7001953125,4903.60009765625,4888.2001953125,4897.89990234375
1770289200,4896.7998046875,4906.10009765625,4896.60009765625,4904.60009765625
1770289800,4904.89990234375,4912.2998046875,4899.89990234375,4901.10009765625
1770290400,4901.0,4915.5,4901.0,4911.7001953125
1770291000,4912.60009765625,4913.2998046875,4894.10009765625,4895.7001953125
1770291600,4895.39990234375,4906.5,4890.0,4892.7998046875
1770292200,4891.7998046875,4895.2998046875,4885.60009765625,4889.10009765625
1770292800,4889.2998046875,4899.89990234375,4870.0,4872.0
1770293400,4872.2998046875,4872.2998046875,4841.0,4841.2001953125
1770294000,4841.60009765625,4870.2001953125,4831.0,4869.10009765625
1770294600,4868.7998046875,4893.89990234375,4862.10009765625,4884.2998046875
1770295200,4883.7998046875,4891.5,4864.60009765625,4887.2001953125
1770295800,4886.0,4888.7001953125,4857.89990234375,4876.2001953125
1770296400,4876.10009765625,4876.2998046875,4822.0,4847.2998046875
1770297000,4847.2998046875,4869.2001953125,4840.5,4858.39990234375
1770297600,4859.5,4888.39990234375,4855.89990234375,4873.60009765625
1770298200,4876.0,4893.10009765625,4861.0,4862.5
1770298800,4862.2001953125,4869.2998046875,4842.60009765625,4851.10009765625
1770299400,4851.7998046875,4870.0,4849.60009765625,4858.2001953125
1770300000,4858.0,4872.0,4836.0,4858.7998046875
1770300600,4859.7001953125,4866.0,4831.2001953125,4837.10009765625
1770301200,4836.89990234375,4859.89990234375,4831.7001953125,4857.0
1770301800,4857.10009765625,4877.2998046875,4827.2001953125,4872.5
1770302400,4872.7001953125,4888.5,4861.7998046875,4872.0
1770303000,4871.2001953125,4891.10009765625,4859.60009765625,4867.7998046875
1770303600,4866.5,4888.0,4842.60009765625,4871.5
1770304200,4872.60009765625,4878.10009765625,4843.7998046875,4864.5
1770304800,4864.7001953125,4865.0,4834.0,4840.89990234375
1770305400,4839.5,4859.2001953125,4830.5,4855.89990234375
1770306000,4855.2998046875,4856.89990234375,4820.7998046875,4835.7998046875
1770306600,4836.0,4846.39990234375,4828.2001953125,4838.60009765625
1770307200,4837.7998046875,4858.0,4833.5,4846.7998046875
1770307800,4846.7998046875,4862.2998046875,4839.5,4858.60009765625
1770308400,4858.10009765625,4879.7998046875,4858.10009765625,4871.2998046875
1770309000,4872.2001953125,4888.0,4867.0,4882.0
1770309600,4882.2001953125,4909.0,4878.0,4907.2001953125
1770310200,4907.60009765625,4930.0,4906.39990234375,4912.0
1770310800,4910.89990234375,4913.2998046875,4891.5,4903.89990234375
1770311400,4903.60009765625,4905.7998046875,4888.39990234375,4894.89990234375
1770312000,4894.10009765625,4901.7998046875,4881.5,4889.7998046875
1770312600,4889.60009765625,4895.60009765625,4882.10009765625,4886.7001953125
1770313200,4886.39990234375,4907.5,4882.39990234375,4896.2998046875
1770313800,4897.2001953125,4906.10009765625,4886.39990234375,4891.5
1770314400,4891.39990234375,4897.89990234375,4884.2001953125,4888.60009765625
1770315000,4888.5,4889.7998046875,4872.7998046875,4880.0
1770315600,4879.7998046875,4898.39990234375,4873.5,4892.10009765625
1770316200,4891.5,4894.7998046875,4880.2001953125,4882.0
1770316800,4881.2998046875,4895.89990234375,4876.89990234375,4884.39990234375
1770317400,4884.0,4892.7998046875,4874.10009765625,4880.39990234375
1770318000,4881.2001953125,4889.0,4860.10009765625,4883.2001953125
1770318600,4883.5,4885.60009765625,4869.60009765625,4876.5
1770319200,4877.7998046875,4883.0,4871.0,4874.39990234375
1770319800,4875.2001953125,4878.0,4852.0,4854.89990234375
1770320400,4855.2998046875,4867.2001953125,4850.89990234375,4865.2001953125
1770321000,4864.5,4864.5,4847.0,4852.5
1770321600,4853.0,4860.0,4836.0,4856.60009765625
1770322200,4857.7998046875,4866.2001953125,4844.39990234375,4845.7998046875
1770322800,4844.60009765625,4851.0,4832.0,4847.2001953125
1770323400,4848.2001953125,4854.39990234375,4828.5,4832.10009765625
1770324000,4831.39990234375,4839.39990234375,4825.0,4825.7998046875
1770324600,4826.2998046875,4836.5,4814.60009765625,4833.60009765625
1770325200,4833.2001953125,4848.5,4829.7001953125,4830.2001953125
1770325800,4830.10009765625,4835.39990234375,4819.2001953125,4826.89990234375
1770326400,4826.89990234375,4831.2001953125,4817.2998046875,4824.7998046875
1770327000,4824.7998046875,4826.10009765625,4782.7001953125,4788.2998046875
1770327600,4787.0,4799.2001953125,4780.5,4792.5
1770328200,4790.7998046875,4802.0,4779.60009765625,4798.10009765625
1770332400,4800.0,4815.89990234375,4778.0,4800.0
1770333000,4800.0,4800.0,4777.7001953125,4780.7998046875
1770333600,4781.2998046875,4783.39990234375,4766.0,4769.10009765625
1770334200,4770.0,4774.7001953125,4750.2998046875,4757.0
1770334800,4757.0,4773.2001953125,4728.10009765625,4732.7001953125
1770335400,4732.2998046875,4740.5,4721.2001953125,4722.0
1770336000,4722.0,4725.2001953125,4702.5,4705.89990234375
1770336600,4706.10009765625,4724.10009765625,4670.0,4688.10009765625
1770337200,4688.10009765625,4748.10009765625,4687.10009765625,4742.0
1770337800,4742.0,4771.2998046875,4724.7998046875,4757.5
1770338400,4758.10009765625,4778.0,4756.7001953125,4773.7998046875
1770339000,4772.60009765625,4781.7001953125,4756.10009765625,4779.89990234375
1770339600,4779.10009765625,4780.7998046875,4710.0,4754.60009765625
1770340200,4754.5,4781.10009765625,4725.0,4735.89990234375
1770340800,4736.2001953125,4749.10009765625,4720.7998046875,4730.0
1770341400,4730.10009765625,4765.7998046875,4723.60009765625,4748.89990234375
1770342000,4750.2001953125,4775.0,4745.89990234375,4770.7001953125
1770342600,4771.0,4803.39990234375,4771.0,4792.10009765625
1770343200,4792.7001953125,4807.5,4777.7998046875,4807.5
1770343800,4807.7001953125,4817.0,4798.89990234375,4817.0
1770344400,4815.7001953125,4838.7998046875,4805.89990234375,4837.60009765625
1770345000,4836.7001953125,4860.5,4826.10009765625,4852.2001953125
1770345600,4852.10009765625,4863.5,4836.0,4844.2998046875
1770346200,4843.39990234375,4845.89990234375,4826.2998046875,4833.5
1770346800,4832.5,4856.39990234375,4825.60009765625,4845.0
1770347400,4845.2998046875,4845.2998046875,4830.2998046875,4843.60009765625
1770348000,4840.89990234375,4843.2001953125,4816.7001953125,4829.0
1770348600,4829.2998046875,4842.7998046875,4825.0,4831.2001953125
1770349200,4830.2998046875,4839.60009765625,4817.39990234375,4838.0
1770349800,4838.7998046875,4846.0,4837.2998046875,4841.10009765625
1770350400,4842.0,4845.60009765625,4832.10009765625,4839.89990234375
1770351000,4839.5,4845.39990234375,4836.39990234375,4837.0
1770351600,4836.5,4844.7001953125,4823.89990234375,4843.2998046875
1770352200,4843.5,4848.89990234375,4836.60009765625,4842.60009765625
1770352800,4843.0,4843.5,4834.2001953125,4838.7998046875
1770353400,4838.7001953125,4842.39990234375,4828.10009765625,4831.89990234375
1770354000,4830.39990234375,4843.2001953125,4824.5,4841.89990234375
1770354600,4841.7998046875,4849.7998046875,4836.89990234375,4849.10009765625
1770355200,4849.89990234375,4870.0,4845.60009765625,4868.89990234375
1770355800,4868.7998046875,4879.10009765625,4853.7001953125,4874.89990234375
1770356400,4876.2001953125,4894.89990234375,4875.7001953125,4890.2998046875
1770357000,4889.10009765625,4916.2001953125,4888.7998046875,4915.2998046875
1770357600,4916.2998046875,4921.60009765625,4886.5,4890.60009765625
1770358200,4889.7998046875,4896.7001953125,4877.60009765625,4879.10009765625
1770358800,4878.7998046875,4886.7001953125,4867.7001953125,4873.89990234375
1770359400,4871.89990234375,4885.89990234375,4855.5,4859.39990234375
1770360000,4860.2001953125,4875.10009765625,4855.7001953125,4873.89990234375
1770360600,4874.2998046875,4875.2001953125,4841.0,4865.60009765625
1770361200,4865.0,4873.7001953125,4856.7998046875,4864.39990234375
1770361800,4865.5,4874.10009765625,4862.0,4866.0
1770362400,4865.5,4881.89990234375,4864.7001953125,4878.39990234375
1770363000,4878.2001953125,4880.10009765625,4867.39990234375,4875.5
1770363600,4875.7001953125,4880.60009765625,4870.7998046875,4875.60009765625
1770364200,4873.60009765625,4876.0,4861.2001953125,4862.2998046875
1770364800,4861.60009765625,4865.7001953125,4849.5,4862.2998046875
1770365400,4862.89990234375,4881.89990234375,4862.89990234375,4876.7998046875
1770366000,4878.0,4896.60009765625,4877.2998046875,4890.0
1770366600,4888.7001953125,4904.5,4881.2001953125,4884.89990234375
1770367200,4885.2998046875,4885.2998046875,4875.0,4882.2998046875
1770367800,4882.2998046875,4887.10009765625,4877.7001953125,4884.7998046875
1770368400,4884.10009765625,4894.39990234375,4863.0,4869.60009765625
1770369000,4870.89990234375,4876.0,4862.2001953125,4870.0
1770369600,4870.2001953125,4891.2001953125,4869.89990234375,4887.39990234375
1770370200,4887.2998046875,4896.5,4883.7998046875,4886.7001953125
1770370800,4885.2998046875,4892.5,4878.39990234375,4891.60009765625
1770371400,4891.60009765625,4893.39990234375,4882.0,4889.5
1770372000,4888.0,4900.0,4887.7998046875,4899.89990234375
1770372600,4899.60009765625,4899.89990234375,4887.10009765625,4887.89990234375
1770373200,4888.60009765625,4888.60009765625,4872.60009765625,4876.60009765625
1770373800,4876.0,4894.2001953125,4874.7001953125,4893.89990234375
1770374400,4895.5,4899.89990234375,4888.7001953125,4891.2001953125
1770375000,4890.7998046875,4901.7001953125,4890.7998046875,4899.89990234375
1770375600,4899.7001953125,4910.0,4885.60009765625,4894.10009765625
1770376200,4895.5,4909.10009765625,4893.89990234375,4904.7001953125
1770376800,4903.60009765625,4916.2998046875,4902.5,4912.2001953125
1770377400,4912.60009765625,4914.89990234375,4900.2001953125,4910.0
1770378000,4909.2001953125,4915.60009765625,4904.5,4906.7001953125
1770378600,4906.89990234375,4918.7001953125,4904.5,4909.10009765625
1770379200,4910.10009765625,4925.7001953125,4905.10009765625,4920.2001953125
1770379800,4919.5,4921.7998046875,4905.7998046875,4906.7001953125
1770380400,4907.2001953125,4910.0,4892.0,4898.60009765625
1770381000,4899.5,4915.0,4898.39990234375,4909.89990234375
1770381600,4910.10009765625,4923.2001953125,4907.5,4919.2998046875
1770382200,4920.0,4926.0,4917.5,4921.7001953125
1770382800,4922.0,4948.7998046875,4918.2001953125,4936.10009765625
1770383400,4934.2998046875,4940.7998046875,4927.0,4935.0
1770384000,4936.7998046875,4951.2998046875,4927.10009765625,4931.2001953125
1770384600,4930.10009765625,4960.2998046875,4930.10009765625,4952.60009765625
1770385200,4953.10009765625,4961.0,4949.60009765625,4952.5
1770385800,4952.5,4953.5,4943.10009765625,4951.0
1770386400,4951.7001953125,4955.0,4935.7001953125,4944.0
1770387000,4944.60009765625,4948.5,4931.60009765625,4943.89990234375
1770387600,4944.2998046875,4944.7998046875,4916.2001953125,4926.10009765625
1770388200,4926.7001953125,4971.0,4918.5,4960.0
1770388800,4960.7001953125,4963.2001953125,4946.2998046875,4961.89990234375
1770389400,4961.89990234375,4973.7001953125,4958.2001953125,4972.5
1770390000,4970.7998046875,4988.7998046875,4962.60009765625,4980.0
1770390600,4980.60009765625,4984.7998046875,4966.0,4970.2001953125
1770391200,4969.2998046875,4984.2998046875,4960.0,4980.5
1770391800,4980.5,4981.10009765625,4972.7998046875,4977.7998046875
1770392400,4960.39990234375,4971.39990234375,4960.39990234375,4965.2998046875
1770393000,4965.2998046875,4974.89990234375,4959.10009765625,4966.2998046875
1770393600,4972.39990234375,4972.39990234375,4966.2998046875,4967.0
1770394200,4969.2001953125,4974.39990234375,4954.60009765625,4966.2998046875
1770394800,4966.60009765625,4967.7998046875,4945.0,4962.5
1770395400,4961.7998046875,4965.60009765625,4953.2998046875,4964.7001953125
1770396000,4965.39990234375,4971.89990234375,4956.7998046875,4970.39990234375
1770396600,4970.10009765625,4978.0,4966.0,4975.2998046875
1770397200,4975.2998046875,4983.5,4973.0,4983.0
1770397800,4983.60009765625,4984.60009765625,4976.10009765625,4981.7998046875
1770398400,4982.2998046875,4983.5,4976.60009765625,4978.2998046875
1770399000,4978.7998046875,4992.89990234375,4972.2001953125,4974.7001953125
1770399600,4974.5,4983.2001953125,4973.2998046875,4982.7998046875
1770400200,4982.2001953125,4988.39990234375,4977.10009765625,4986.5
1770400800,4986.7001953125,4992.39990234375,4986.2998046875,4988.0
1770401400,4988.7001953125,4995.60009765625,4985.7998046875,4987.39990234375
1770402000,4987.2998046875,4988.2998046875,4967.89990234375,4980.0
1770402600,4979.60009765625,4989.89990234375,4975.5,4988.39990234375
1770403200,4989.10009765625,4991.2998046875,4985.7001953125,4990.39990234375
1770403800,4989.7998046875,4992.2001953125,4984.0,4986.2998046875
1770404400,4986.2998046875,4987.0,4979.7001953125,4982.10009765625
1770405000,4980.89990234375,4985.10009765625,4976.89990234375,4981.60009765625
1770405600,4981.2998046875,4984.5,4980.7998046875,4980.7998046875
1770406200,4980.7998046875,4982.5,4971.7998046875,4976.10009765625
1770406800,4975.7001953125,4985.89990234375,4973.0,4985.2998046875
1770407400,4985.0,4987.0,4980.0,4980.7001953125
1770408000,4980.39990234375,4983.0,4974.39990234375,4979.2998046875
1770408600,4978.5,4978.5,4970.0,4976.60009765625
1770409200,4977.39990234375,4981.39990234375,4974.10009765625,4979.0
1770409800,4979.0,4979.0,4960.39990234375,4967.2998046875
1770410400,4967.2998046875,4974.60009765625,4964.10009765625,4967.7001953125
1770411000,4967.2001953125,4978.0,4967.10009765625,4977.2001953125
1770411600,4977.2001953125,4981.5,4972.7998046875,4976.89990234375
1770412200,4977.7001953125,4979.5,4970.10009765625,4973.89990234375
1770412800,4973.7001953125,4974.89990234375,4972.7998046875,4974.0
1770413400,4982.7998046875,4988.0,4982.7998046875,4985.0
1770414000,4985.89990234375,4986.2998046875,4981.10009765625,4984.39990234375
1770414600,4984.10009765625,4992.10009765625,4979.7998046875,4979.7998046875
1770592200,5000.0,5014.89990234375,4991.2998046875,5011.2998046875
1770592800,5011.2998046875,5049.10009765625,5011.0,5046.7998046875
1770593400,5046.10009765625,5067.2998046875,5041.7001953125,5057.7998046875
1770594000,5057.39990234375,5069.0,5053.39990234375,5066.7998046875
1770594600,5066.7998046875,5069.0,5055.7001953125,5057.39990234375
1770595200,5057.5,5068.0,5046.0,5056.89990234375
1770595800,5057.2001953125,5063.0,5043.60009765625,5057.60009765625
1770596400,5057.2001953125,5060.0,5048.0,5056.89990234375
1770597000,5057.7001953125,5059.60009765625,5047.7998046875,5050.7001953125
1770597600,5052.0,5054.0,5033.10009765625,5034.7998046875
1770598200,5036.7001953125,5048.10009765625,5035.5,5041.2001953125
1770598800,5042.10009765625,5064.2001953125,5026.2001953125,5036.5
1770599400,5037.2998046875,5053.89990234375,5029.2998046875,5051.60009765625
1770600000,5051.2998046875,5051.2998046875,5030.60009765625,5038.5
1770600600,5038.39990234375,5044.2001953125,4997.0,5004.39990234375
1770601200,5005.2998046875,5033.2998046875,5004.5,5016.7998046875
1770601800,5018.2001953125,5023.10009765625,5000.5,5002.2998046875
1770602400,5002.39990234375,5011.10009765625,4989.2998046875,5010.7001953125
1770603000,5009.89990234375,5021.5,5009.2001953125,5012.60009765625
1770603600,5012.2001953125,5022.2998046875,5012.0,5021.2001953125
1770604200,5021.0,5027.7001953125,5012.7001953125,5019.89990234375
1770604800,5019.7001953125,5019.7001953125,5005.7998046875,5016.5
1770605400,5017.60009765625,5037.2001953125,5017.60009765625,5026.60009765625
1770606000,5026.5,5040.5,5025.7998046875,5038.60009765625
1770606600,5038.7001953125,5041.7998046875,5030.89990234375,5035.60009765625
1770607200,5036.0,5046.7998046875,5031.7001953125,5045.10009765625
1770607800,5044.5,5051.7998046875,5038.2998046875,5042.89990234375
1770608400,5041.2001953125,5049.10009765625,5036.7998046875,5042.89990234375
1770609000,5043.0,5044.0,5032.2998046875,5037.10009765625
1770609600,5036.5,5044.5,5032.7001953125,5043.2001953125
1770610200,5043.5,5045.60009765625,5029.2001953125,5040.7001953125
1770610800,5041.0,5044.5,5034.2998046875,5037.89990234375
1770611400,5038.10009765625,5044.60009765625,5036.0,5044.60009765625
1770612000,5043.5,5043.5,5034.7001953125,5034.7001953125
1770612600,5035.0,5038.2998046875,5028.7001953125,5034.7001953125
1770613200,5034.0,5041.10009765625,5032.39990234375,5041.10009765625
1770613800,5040.2001953125,5043.0,5035.0,5043.0
1770614400,5043.0,5053.0,5042.0,5050.7998046875
1770615000,5051.10009765625,5056.60009765625,5046.89990234375,5054.2001953125
1770615600,5053.7001953125,5063.10009765625,5044.2001953125,5052.2998046875
1770616200,5051.5,5059.60009765625,5050.10009765625,5058.0
1770616800,5058.60009765625,5067.60009765625,5056.2998046875,5059.2001953125
1770617400,5058.7001953125,5060.7001953125,5049.2001953125,5049.2001953125
1770618000,5049.2001953125,5050.60009765625,5035.10009765625,5047.5
1770618600,5045.60009765625,5054.10009765625,5042.60009765625,5053.0
1770619200,5052.39990234375,5058.2998046875,5047.7998046875,5051.89990234375
1770619800,5051.7001953125,5062.0,5048.2998046875,5052.39990234375
1770620400,5052.5,5052.5,5039.7998046875,5041.39990234375
1770621000,5042.39990234375,5042.60009765625,5028.60009765625,5035.0
1770621600,5034.60009765625,5034.7001953125,5015.2001953125,5030.0
1770622200,5029.0,5036.5,5028.39990234375,5031.39990234375
1770622800,5030.60009765625,5035.60009765625,5022.39990234375,5024.7998046875
1770623400,5023.89990234375,5029.10009765625,5021.7998046875,5027.2001953125
1770624000,5026.7998046875,5042.10009765625,5023.89990234375,5038.2998046875
1770624600,5038.89990234375,5053.10009765625,5037.10009765625,5048.2001953125
1770625200,5048.0,5051.39990234375,5044.0,5046.2001953125
1770625800,5046.10009765625,5049.2001953125,5042.0,5048.39990234375
1770626400,5048.2998046875,5057.0,5044.60009765625,5049.2998046875
1770627000,5049.89990234375,5052.39990234375,5045.2998046875,5048.10009765625
1770627600,5048.7001953125,5062.60009765625,5046.2001953125,5048.89990234375
1770628200,5048.7998046875,5051.2998046875,5043.0,5048.0
1770628800,5047.10009765625,5049.0,5038.0,5044.7998046875
1770629400,5044.7998046875,5048.5,5033.0,5034.7998046875
1770630000,5035.7001953125,5038.60009765625,5029.7001953125,5033.7998046875
1770630600,5032.7998046875,5036.2001953125,5023.60009765625,5028.2001953125
1770631200,5028.5,5034.7998046875,5017.0,5030.2998046875
1770631800,5029.7001953125,5036.89990234375,5027.10009765625,5028.7998046875
1770632400,5029.5,5035.7001953125,5006.5,5012.5
1770633000,5012.7998046875,5020.39990234375,5002.60009765625,5010.7001953125
1770633600,5011.2998046875,5020.0,5003.5,5013.7998046875
1770634200,5014.0,5020.0,5009.89990234375,5011.2998046875
1770634800,5011.5,5020.0,5009.2001953125,5016.7001953125
1770635400,5016.89990234375,5019.7001953125,5011.0,5018.39990234375
1770636000,5017.7998046875,5028.10009765625,5015.5,5026.7001953125
1770636600,5027.39990234375,5030.0,5022.5,5026.7001953125
1770637200,5026.10009765625,5034.2001953125,5026.10009765625,5029.2998046875
1770637800,5028.89990234375,5040.0,5028.5,5031.10009765625
1770638400,5032.0,5038.5,5028.2998046875,5035.89990234375
1770639000,5036.7001953125,5039.7001953125,5031.89990234375,5034.89990234375
1770639600,5035.7998046875,5038.0,5031.89990234375,5035.5
1770640200,5035.39990234375,5043.60009765625,5031.0,5038.0
1770640800,5037.2001953125,5041.39990234375,5033.2001953125,5034.0
1770641400,5034.0,5040.7998046875,5029.5,5035.7001953125
1770642000,5035.39990234375,5046.5,5030.0,5045.0
1770642600,5045.0,5046.7998046875,5035.5,5039.10009765625
1770643200,5039.10009765625,5041.60009765625,5025.10009765625,5026.39990234375
1770643800,5027.0,5037.2001953125,5022.39990234375,5023.7998046875
1770644400,5024.39990234375,5027.10009765625,5016.89990234375,5024.7998046875
1770645000,5025.2998046875,5032.7998046875,5024.10009765625,5028.89990234375
1770645600,5028.39990234375,5039.60009765625,5023.7998046875,5032.60009765625
1770646200,5031.5,5042.39990234375,5031.2001953125,5037.2001953125
1770646800,5037.10009765625,5046.39990234375,5031.39990234375,5042.89990234375
1770647400,5042.89990234375,5058.60009765625,5036.0,5053.39990234375
1770648000,5053.39990234375,5062.89990234375,5048.2001953125,5055.39990234375
1770648600,5055.39990234375,5063.2998046875,5053.39990234375,5059.60009765625
1770649200,5059.5,5064.5,5052.2001953125,5058.10009765625
1770649800,5058.10009765625,5059.89990234375,5045.60009765625,5049.60009765625
1770650400,5049.60009765625,5058.7001953125,5049.10009765625,5056.0
1770651000,5056.0,5079.5,5056.0,5075.2001953125
1770651600,5074.7001953125,5084.39990234375,5070.10009765625,5084.10009765625
1770652200,5083.89990234375,5083.89990234375,5077.7001953125,5082.2001953125
1770652800,5082.60009765625,5094.7001953125,5079.7998046875,5088.7998046875
1770653400,5089.2998046875,5095.0,5085.7998046875,5091.0
1770654000,5090.89990234375,5105.10009765625,5090.39990234375,5096.2998046875
1770654600,5096.60009765625,5101.5,5090.60009765625,5099.5
1770655200,5099.5,5106.7998046875,5096.39990234375,5100.7001953125
1770655800,5100.60009765625,5101.60009765625,5094.39990234375,5096.89990234375
1770656400,5097.7998046875,5099.7001953125,5085.0,5087.2998046875
1770657000,5087.2998046875,5095.7001953125,5086.7001953125,5093.39990234375
1770657600,5093.0,5096.0,5091.10009765625,5092.7001953125
1770658200,5092.60009765625,5094.89990234375,5090.0,5090.7998046875
1770658800,5090.60009765625,5092.0,5081.10009765625,5085.89990234375
1770659400,5086.10009765625,5086.10009765625,5064.39990234375,5069.7998046875
1770660000,5070.60009765625,5082.10009765625,5070.0,5080.7001953125
1770660600,5080.7001953125,5084.10009765625,5075.0,5076.2001953125
1770661200,5076.60009765625,5081.2001953125,5068.5,5078.7998046875
1770661800,5078.5,5082.60009765625,5072.7001953125,5081.2998046875
1770662400,5082.2001953125,5083.5,5075.2998046875,5079.60009765625
1770663000,5079.2998046875,5088.39990234375,5078.2001953125,5087.0
1770663600,5086.89990234375,5091.89990234375,5086.5,5091.89990234375
1770664200,5092.0,5094.7998046875,5088.2998046875,5091.10009765625
1770664800,5091.5,5098.7001953125,5089.60009765625,5098.10009765625
1770665400,5098.89990234375,5104.0,5098.2001953125,5100.2998046875
1770666000,5100.2001953125,5101.10009765625,5096.89990234375,5098.5
1770666600,5098.2001953125,5102.10009765625,5097.10009765625,5098.39990234375
1770667200,5098.2998046875,5102.39990234375,5097.60009765625,5100.10009765625
1770667800,5100.2001953125,5105.0,5099.39990234375,5103.39990234375
1770668400,5103.7998046875,5105.89990234375,5101.39990234375,5104.0
1770669000,5104.0,5111.10009765625,5096.60009765625,5101.7001953125
1770669600,5102.10009765625,5105.89990234375,5098.0,5100.7998046875
1770670200,5100.0,5106.2998046875,5099.89990234375,5102.89990234375
1770670800,5103.60009765625,5107.10009765625,5090.39990234375,5093.2998046875
1770671400,5092.7001953125,5095.10009765625,5085.10009765625,5088.89990234375
1770672000,5088.5,5090.2998046875,5072.5,5079.2998046875
1770672600,5079.7001953125,5084.7998046875,5078.2998046875,5084.0
1770673200,5083.89990234375,5091.10009765625,5083.89990234375,5090.0
1770673800,5089.2001953125,5089.7998046875,5080.10009765625,5084.2001953125
1770678000,5084.2998046875,5100.89990234375,5047.89990234375,5047.89990234375
1770678600,5042.2001953125,5063.7001953125,5011.0,5037.10009765625
1770679200,5036.2001953125,5054.5,5025.60009765625,5047.0
1770679800,5046.7998046875,5051.39990234375,5037.89990234375,5048.0
1770680400,5045.2998046875,5068.10009765625,5045.10009765625,5059.2998046875
1770681000,5059.60009765625,5062.2001953125,5053.5,5055.2998046875
1770681600,5056.39990234375,5073.0,5056.39990234375,5066.0
1770682200,5065.60009765625,5065.60009765625,5056.10009765625,5057.60009765625
1770682800,5058.7001953125,5069.0,5055.0,5057.2001953125
1770683400,5058.5,5064.5,5039.2998046875,5042.2998046875
1770684000,5041.5,5050.7001953125,5031.0,5040.7998046875
1770684600,5041.39990234375,5046.5,5037.7998046875,5042.60009765625
1770685200,5042.89990234375,5055.2998046875,5035.5,5054.2001953125
1770685800,5055.2998046875,5062.0,5047.39990234375,5054.89990234375
1770686400,5053.7998046875,5056.89990234375,5036.7001953125,5040.60009765625
1770687000,5037.5,5049.5,5037.5,5047.7001953125
1770687600,5047.7001953125,5059.2001953125,5047.0,5057.0
1770688200,5057.0,5058.2001953125,5045.60009765625,5054.89990234375
1770688800,5055.10009765625,5069.0,5053.2001953125,5067.2998046875
1770689400,5066.0,5069.2001953125,5062.0,5064.2998046875
1770690000,5064.39990234375,5079.0,5063.7998046875,5069.39990234375
1770690600,5070.10009765625,5073.5,5064.2001953125,5067.7001953125
1770691200,5068.60009765625,5075.60009765625,5064.39990234375,5065.0
1770691800,5064.5,5071.5,5056.7001953125,5061.2001953125
1770692400,5059.0,5060.7001953125,5050.7001953125,5052.60009765625
1770693000,5053.0,5056.10009765625,5039.0,5042.89990234375
1770693600,5042.60009765625,5051.2001953125,5041.5,5044.2001953125
1770694200,5043.89990234375,5054.10009765625,5042.2001953125,5051.10009765625
1770694800,5051.7001953125,5052.2998046875,5044.5,5052.2998046875
1770695400,5051.2001953125,5052.0,5036.5,5051.5
1770696000,5052.39990234375,5052.89990234375,5039.5,5047.2001953125
1770696600,5046.2001953125,5051.2998046875,5041.5,5049.2001953125
1770697200,5049.0,5052.7001953125,5045.39990234375,5050.60009765625
1770697800,5049.89990234375,5050.0,5044.2001953125,5046.5
1770698400,5045.7998046875,5055.2998046875,5044.0,5055.0
1770699000,5054.39990234375,5056.2998046875,5050.89990234375,5052.7998046875
1770699600,5052.89990234375,5057.39990234375,5049.10009765625,5052.39990234375
1770700200,5052.7001953125,5053.2998046875,5044.0,5045.89990234375
1770700800,5044.89990234375,5047.7998046875,5032.7998046875,5041.2998046875
1770701400,5040.5,5052.39990234375,5034.5,5050.7998046875
1770702000,5050.39990234375,5059.0,5048.10009765625,5056.0
1770702600,5056.60009765625,5064.0,5052.89990234375,5061.89990234375
1770703200,5061.39990234375,5068.39990234375,5058.10009765625,5061.5
1770703800,5062.2998046875,5062.39990234375,5055.0,5055.7998046875
1770704400,5055.0,5059.39990234375,5052.7001953125,5053.60009765625
1770705000,5053.39990234375,5060.89990234375,5050.2001953125,5057.0
1770705600,5056.0,5058.7001953125,5048.60009765625,5052.0
1770706200,5051.60009765625,5051.60009765625,5041.0,5045.7998046875
1770706800,5045.7001953125,5051.7998046875,5040.0,5050.10009765625
1770707400,5050.10009765625,5055.7001953125,5048.7001953125,5051.39990234375
1770708000,5051.89990234375,5052.39990234375,5040.7998046875,5046.2998046875
1770708600,5046.7998046875,5056.2001953125,5046.0,5049.39990234375
1770709200,5048.7001953125,5053.89990234375,5047.5,5051.89990234375
1770709800,5051.89990234375,5057.10009765625,5051.7001953125,5055.2998046875
1770710400,5054.5,5063.0,5049.60009765625,5057.39990234375
1770711000,5058.2998046875,5062.39990234375,5052.89990234375,5061.5
1770711600,5061.7998046875,5063.0,5056.60009765625,5057.2998046875
1770712200,5057.5,5067.2001953125,5056.0,5065.60009765625
1770712800,5066.2001953125,5077.10009765625,5064.7998046875,5072.7001953125
1770713400,5072.89990234375,5072.89990234375,5060.2001953125,5063.7998046875
1770714000,5063.60009765625,5085.2998046875,5062.60009765625,5079.60009765625
1770714600,5079.7998046875,5080.5,5067.39990234375,5070.89990234375
1770715200,5070.10009765625,5077.7998046875,5068.60009765625,5074.5
1770715800,5074.5,5075.5,5067.5,5069.5
1770716400,5068.89990234375,5072.0,5066.10009765625,5068.39990234375
1770717000,5068.39990234375,5071.0,5063.39990234375,5068.5
1770717600,5068.60009765625,5075.0,5067.89990234375,5071.10009765625
1770718200,5071.7001953125,5071.7001953125,5059.89990234375,5063.7001953125
1770718800,5063.39990234375,5073.2998046875,5061.5,5069.7998046875
1770719400,5069.7998046875,5079.7998046875,5068.10009765625,5077.39990234375
1770720000,5078.2001953125,5081.2998046875,5076.2001953125,5077.60009765625
1770720600,5077.39990234375,5080.2001953125,5066.7998046875,5070.2001953125
1770721200,5069.5,5076.0,5067.39990234375,5076.0
1770721800,5076.2001953125,5076.2001953125,5069.10009765625,5071.0
1770722400,5070.5,5071.7001953125,5068.39990234375,5071.7001953125
1770723000,5070.39990234375,5077.0,5069.7001953125,5073.7001953125
1770723600,5074.0,5076.5,5068.2001953125,5074.7998046875
1770724200,5074.7998046875,5081.0,5074.7998046875,5079.0
1770724800,5079.7001953125,5080.7001953125,5064.39990234375,5069.0
1770725400,5068.89990234375,5075.0,5064.39990234375,5072.0
1770726000,5071.2998046875,5072.7001953125,5065.39990234375,5069.0
1770726600,5070.0,5070.89990234375,5064.5,5068.5
1770727200,5067.7998046875,5067.7998046875,5043.10009765625,5048.10009765625
1770727800,5048.2998046875,5058.0,5042.0,5054.89990234375
1770728400,5055.0,5060.0,5048.60009765625,5056.2001953125
1770729000,5056.10009765625,5069.0,5055.2001953125,5067.5
1770729600,5068.2001953125,5069.0,5055.5,5059.2998046875
1770730200,5060.7001953125,5082.39990234375,5060.7001953125,5071.7001953125
1770730800,5071.0,5080.2001953125,5070.7998046875,5078.5
1770731400,5077.7998046875,5079.0,5072.0,5074.10009765625
1770732000,5074.10009765625,5080.89990234375,5069.39990234375,5079.39990234375
1770732600,5079.60009765625,5098.2998046875,5075.89990234375,5095.2998046875
1770733200,5094.7998046875,5096.7001953125,5090.0,5093.89990234375
1770733800,5093.5,5102.7001953125,5080.7001953125,5086.10009765625
1770734400,5086.0,5088.0,5043.2001953125,5053.2001953125
1770735000,5053.39990234375,5069.5,5052.60009765625,5063.0
1770735600,5062.0,5065.89990234375,5051.39990234375,5065.0
1770736200,5064.5,5066.39990234375,5058.39990234375,5064.10009765625
1770736800,5064.5,5070.89990234375,5055.0,5055.10009765625
1770737400,5054.2998046875,5060.0,5021.2998046875,5030.7998046875
1770738000,5031.0,5051.2001953125,5030.39990234375,5048.89990234375
1770738600,5048.2998046875,5053.60009765625,5039.10009765625,5041.60009765625
1770739200,5042.7001953125,5044.10009765625,5028.7998046875,5036.2998046875
1770739800,5036.7998046875,5047.2998046875,5036.7998046875,5041.10009765625
1770740400,5040.5,5041.2001953125,5028.2001953125,5033.10009765625
1770741000,5032.39990234375,5046.39990234375,5031.0,5042.39990234375
1770741600,5042.60009765625,5049.7001953125,5036.7998046875,5040.2998046875
1770742200,5040.89990234375,5047.5,5038.7998046875,5046.5
1770742800,5046.39990234375,5050.5,5043.60009765625,5046.0
1770743400,5046.2001953125,5058.0,5043.7001953125,5055.7998046875
1770744000,5055.7001953125,5062.0,5053.0,5060.0
1770744600,5060.0,5060.7998046875,5055.0,5057.2998046875
1770745200,5056.2001953125,5064.0,5052.5,5053.2001953125
1770745800,5053.39990234375,5054.0,5048.2998046875,5049.7001953125
1770746400,5049.10009765625,5051.2998046875,5038.10009765625,5043.89990234375
1770747000,5043.60009765625,5044.2001953125,5034.10009765625,5034.60009765625
1770747600,5034.7001953125,5036.7001953125,5026.7001953125,5031.39990234375
1770748200,5031.39990234375,5037.7001953125,5027.2001953125,5036.0
1770748800,5036.2998046875,5039.89990234375,5032.7001953125,5034.2998046875
1770749400,5034.60009765625,5037.7998046875,5029.2998046875,5036.0
1770750000,5035.2998046875,5036.2998046875,5031.39990234375,5034.2001953125
1770750600,5034.10009765625,5042.2001953125,5032.7001953125,5041.5
1770751200,5041.2998046875,5044.7998046875,5040.7998046875,5043.60009765625
1770751800,5044.10009765625,5053.2001953125,5044.10009765625,5049.2998046875
1770752400,5049.2001953125,5050.5,5046.7998046875,5049.39990234375
1770753000,5050.0,5053.2001953125,5049.0,5050.7998046875
1770753600,5050.5,5052.5,5042.89990234375,5047.2001953125
1770754200,5046.7998046875,5056.7001953125,5045.39990234375,5055.60009765625
1770754800,5055.5,5056.2001953125,5045.7998046875,5051.0
1770755400,5051.10009765625,5054.0,5050.0,5051.7998046875
1770756000,5052.0,5068.89990234375,5052.0,5058.2998046875
1770756600,5058.10009765625,5060.7001953125,5050.2001953125,5052.89990234375
1770757200,5052.0,5055.0,5048.60009765625,5049.0
1770757800,5049.5,5052.39990234375,5048.39990234375,5050.60009765625
1770758400,5050.60009765625,5051.0,5045.2001953125,5048.39990234375
1770759000,5048.0,5050.7998046875,5047.5,5047.5
1770759600,5047.7001953125,5048.60009765625,5043.0,5046.0
1770760200,5046.2001953125,5050.39990234375,5044.2001953125,5047.89990234375
1770764400,5048.0,5060.0,5046.2998046875,5056.2998046875
1770765000,5056.0,5067.0,5055.39990234375,5066.2001953125
1770765600,5067.10009765625,5077.39990234375,5065.0,5070.10009765625
1770766200,5069.10009765625,5070.5,5061.0,5065.7998046875
1770766800,5065.10009765625,5069.7998046875,5063.2998046875,5063.2998046875
1770767400,5063.10009765625,5065.10009765625,5061.7998046875,5064.10009765625
1770768000,5064.7001953125,5067.60009765625,5058.0,5062.2998046875
1770768600,5061.7998046875,5064.60009765625,5050.89990234375,5061.39990234375
1770769200,5061.0,5063.5,5054.89990234375,5061.89990234375
1770769800,5063.2998046875,5072.10009765625,5062.2998046875,5071.39990234375
1770770400,5068.0,5070.2998046875,5057.7001953125,5058.89990234375
1770771000,5059.0,5062.5,5057.60009765625,5060.89990234375
1770771600,5060.39990234375,5070.2001953125,5053.39990234375,5064.7998046875
1770772200,5064.5,5070.2001953125,5059.7998046875,5061.10009765625
1770772800,5060.60009765625,5062.7001953125,5056.39990234375,5060.39990234375
1770773400,5060.5,5065.2998046875,5055.2001953125,5064.7001953125
1770774000,5064.2998046875,5071.7998046875,5064.10009765625,5071.60009765625
1770774600,5071.0,5075.89990234375,5063.7998046875,5075.0
1770775200,5075.60009765625,5079.89990234375,5059.10009765625,5064.0
1770775800,5064.2998046875,5070.0,5055.60009765625,5067.7001953125
1770776400,5067.5,5070.0,5064.2001953125,5065.0
1770777000,5064.7998046875,5072.0,5064.7001953125,5071.5
1770777600,5071.60009765625,5079.7998046875,5071.2998046875,5076.89990234375
1770778200,5076.2001953125,5081.0,5076.2001953125,5079.2001953125
1770778800,5078.60009765625,5079.7001953125,5072.7998046875,5077.10009765625
1770779400,5076.39990234375,5076.7998046875,5068.2001953125,5072.7998046875
1770780000,5073.60009765625,5082.7998046875,5073.60009765625,5080.39990234375
1770780600,5080.2998046875,5084.5,5077.10009765625,5079.0
1770781200,5080.2001953125,5085.0,5079.5,5082.2998046875
1770781800,5082.2001953125,5082.2001953125,5077.2998046875,5079.0
1770782400,5078.60009765625,5082.7001953125,5077.7998046875,5079.2998046875
1770783000,5079.0,5083.5,5077.2998046875,5083.0
1770783600,5083.0,5083.7001953125,5080.5,5082.7001953125
1770784200,5082.89990234375,5083.5,5079.39990234375,5079.39990234375
1770784800,5079.7998046875,5080.2998046875,5074.0,5074.60009765625
1770785400,5075.0,5075.39990234375,5070.0,5073.2001953125
1770786000,5071.2001953125,5072.39990234375,5067.60009765625,5071.5
1770786600,5071.10009765625,5075.7998046875,5070.10009765625,5075.7998046875
1770787200,5075.7001953125,5078.2001953125,5073.0,5077.10009765625
1770787800,5077.60009765625,5087.2001953125,5076.39990234375,5086.10009765625
1770788400,5086.10009765625,5088.10009765625,5078.0,5078.39990234375
1770789000,5078.0,5078.39990234375,5070.10009765625,5076.7998046875
1770789600,5076.60009765625,5081.2998046875,5073.60009765625,5079.7998046875
1770790200,5078.7998046875,5085.7998046875,5076.5,5085.0
1770790800,5085.7001953125,5086.0,5078.7998046875,5080.89990234375
1770791400,5079.7998046875,5083.0,5078.0,5078.0
1770792000,5077.2998046875,5084.7998046875,5076.0,5082.5
1770792600,5082.0,5088.7998046875,5081.7001953125,5088.2998046875
1770793200,5088.39990234375,5089.89990234375,5083.2998046875,5087.5
1770793800,5087.39990234375,5093.2998046875,5080.7998046875,5082.89990234375
1770794400,5083.39990234375,5087.2998046875,5076.39990234375,5083.89990234375
1770795000,5083.60009765625,5086.2001953125,5078.10009765625,5080.7998046875
1770795600,5081.0,5081.7998046875,5072.2001953125,5075.7001953125
1770796200,5075.5,5080.0,5075.5,5078.7001953125
1770796800,5078.89990234375,5084.10009765625,5076.0,5077.2998046875
1770797400,5077.7001953125,5079.89990234375,5073.89990234375,5075.2001953125
1770798000,5076.10009765625,5079.10009765625,5074.0,5075.0
1770798600,5075.2998046875,5075.60009765625,5068.7998046875,5074.2998046875
1770799200,5074.60009765625,5078.0,5074.10009765625,5077.39990234375
1770799800,5078.0,5078.5,5073.89990234375,5077.0
1770800400,5077.39990234375,5079.2001953125,5070.39990234375,5074.5
1770801000,5074.39990234375,5078.0,5073.2001953125,5077.7998046875
1770801600,5076.89990234375,5078.10009765625,5075.0,5078.10009765625
1770802200,5078.0,5085.0,5077.2998046875,5081.89990234375
1770802800,5082.60009765625,5095.89990234375,5079.39990234375,5087.89990234375
1770803400,5087.5,5088.0,5082.7001953125,5086.60009765625
1770804000,5086.5,5090.5,5086.0,5090.10009765625
1770804600,5090.5,5098.0,5089.0,5095.7998046875
1770805200,5096.5,5100.7001953125,5092.2001953125,5095.0
1770805800,5094.7998046875,5099.2998046875,5092.0,5097.7001953125
1770806400,5098.0,5128.7998046875,5097.10009765625,5124.39990234375
1770807000,5125.2001953125,5125.60009765625,5116.2998046875,5118.60009765625
1770807600,5118.7998046875,5121.10009765625,5107.39990234375,5119.10009765625
1770808200,5119.2998046875,5122.39990234375,5113.5,5121.10009765625
1770808800,5121.2998046875,5133.60009765625,5120.39990234375,5132.39990234375
1770809400,5133.10009765625,5133.89990234375,5125.7998046875,5127.7998046875
1770810000,5127.89990234375,5140.39990234375,5127.0,5138.7998046875
1770810600,5138.60009765625,5141.7998046875,5134.5,5136.7998046875
1770811200,5137.39990234375,5144.5,5123.7998046875,5124.7998046875
1770811800,5125.0,5132.2998046875,5116.89990234375,5118.39990234375
1770812400,5119.10009765625,5124.2001953125,5111.5,5119.89990234375
1770813000,5120.60009765625,5124.0,5104.5,5108.5
1770813600,5108.5,5108.5,5071.39990234375,5094.5
1770814200,5094.60009765625,5108.5,5093.10009765625,5107.2001953125
1770814800,5107.5,5111.5,5101.89990234375,5106.5
1770815400,5106.10009765625,5106.89990234375,5087.10009765625,5096.0
1770816000,5096.5,5115.0,5096.5,5108.89990234375
1770816600,5104.39990234375,5104.39990234375,5036.2998046875,5087.7001953125
1770817200,5087.39990234375,5096.0,5075.39990234375,5091.7998046875
1770817800,5091.2998046875,5096.0,5081.2001953125,5089.60009765625
1770818400,5088.2001953125,5102.39990234375,5084.2998046875,5099.10009765625
1770819000,5099.39990234375,5107.10009765625,5094.5,5103.39990234375
1770819600,5102.39990234375,5105.39990234375,5089.2998046875,5094.0
1770820200,5093.89990234375,5100.10009765625,5066.89990234375,5069.5
1770820800,5069.5,5075.0,5058.7001953125,5070.2998046875
1770821400,5070.2001953125,5088.39990234375,5068.39990234375,5082.2998046875
1770822000,5082.2998046875,5105.5,5076.0,5102.2998046875
1770822600,5102.7998046875,5105.0,5084.60009765625,5088.7001953125
1770823200,5088.60009765625,5094.5,5066.7001953125,5072.60009765625
1770823800,5071.10009765625,5081.0,5062.0,5068.7998046875
1770824400,5069.89990234375,5080.0,5066.5,5071.39990234375
1770825000,5070.7001953125,5085.89990234375,5068.7001953125,5084.2001953125
1770825600,5083.10009765625,5087.0,5074.5,5076.7998046875
1770826200,5076.5,5087.89990234375,5065.5,5078.7998046875
1770826800,5078.5,5085.89990234375,5074.2998046875,5085.2001953125
1770827400,5084.0,5101.0,5078.60009765625,5098.2001953125
1770828000,5098.2001953125,5101.7998046875,5095.0,5096.60009765625
1770828600,5096.7998046875,5100.2998046875,5095.0,5099.2001953125
1770829200,5098.7001953125,5107.5,5091.39990234375,5104.0
1770829800,5105.0,5116.7998046875,5101.7998046875,5108.2998046875
1770830400,5107.7001953125,5114.2998046875,5104.7998046875,5112.39990234375
1770831000,5111.60009765625,5113.10009765625,5106.0,5108.2001953125
1770831600,5108.5,5123.39990234375,5106.89990234375,5113.7998046875
1770832200,5113.89990234375,5118.7001953125,5113.2001953125,5116.5
1770832800,5115.7998046875,5117.89990234375,5105.2998046875,5105.7001953125
1770833400,5105.39990234375,5105.89990234375,5090.10009765625,5102.7998046875
1770834000,5102.7998046875,5102.7998046875,5093.0,5098.2001953125
1770834600,5097.89990234375,5109.60009765625,5095.2001953125,5105.60009765625
1770835200,5105.10009765625,5110.39990234375,5104.7001953125,5108.7001953125
1770835800,5109.10009765625,5112.2998046875,5104.2998046875,5107.39990234375
1770836400,5107.7998046875,5114.0,5106.60009765625,5111.2998046875
1770837000,5111.60009765625,5117.7001953125,5111.39990234375,5113.60009765625
1770837600,5114.2001953125,5119.39990234375,5114.0,5116.0
1770838200,5116.0,5116.60009765625,5106.2998046875,5106.7998046875
1770838800,5107.0,5113.39990234375,5105.39990234375,5110.7001953125
1770839400,5110.39990234375,5111.2001953125,5101.10009765625,5106.5
1770840000,5106.2001953125,5111.7998046875,5104.39990234375,5111.0
1770840600,5110.39990234375,5113.39990234375,5109.60009765625,5111.10009765625
1770841200,5111.2001953125,5112.10009765625,5107.7998046875,5109.2001953125
1770841800,5108.7998046875,5109.5,5102.39990234375,5109.0
1770842400,5109.7001953125,5113.2001953125,5107.60009765625,5112.39990234375
1770843000,5112.60009765625,5114.7998046875,5109.60009765625,5111.39990234375
1770843600,5111.39990234375,5113.2998046875,5108.89990234375,5111.60009765625
1770844200,5110.60009765625,5116.5,5110.39990234375,5115.7001953125
1770844800,5116.60009765625,5118.0,5101.89990234375,5106.89990234375
1770845400,5107.2001953125,5109.0,5094.10009765625,5104.2001953125
1770846000,5104.0,5105.2998046875,5101.39990234375,5103.7001953125
1770846600,5102.7998046875,5109.89990234375,5102.7998046875,5107.7998046875
1770850800,5107.2998046875,5122.7998046875,5097.89990234375,5104.89990234375
1770851400,5105.39990234375,5105.5,5074.0,5088.89990234375
1770852000,5089.7998046875,5093.7998046875,5085.0,5091.39990234375
1770852600,5090.7001953125,5092.60009765625,5082.0,5086.5
1770853200,5098.5,5098.5,5087.2001953125,5091.0
1770853800,5091.2001953125,5093.2001953125,5081.60009765625,5083.5
1770854400,5083.5,5090.0,5075.0,5078.60009765625
1770855000,5078.7998046875,5088.39990234375,5071.0,5078.2998046875
1770855600,5078.39990234375,5084.0,5075.39990234375,5081.5
1770856200,5083.0,5088.0,5079.0,5081.7001953125
1770856800,5080.7001953125,5084.7998046875,5077.10009765625,5084.60009765625
1770857400,5083.0,5087.7001953125,5080.0,5084.89990234375
1770858000,5083.0,5084.89990234375,5069.0,5074.7998046875
1770858600,5076.10009765625,5081.7998046875,5065.0,5078.89990234375
1770859200,5080.0,5083.2001953125,5073.60009765625,5080.0
1770859800,5079.2998046875,5085.0,5076.2001953125,5083.39990234375
1770860400,5082.7998046875,5085.7998046875,5075.0,5078.5
1770861000,5077.0,5084.7998046875,5074.2998046875,5084.7998046875
1770861600,5084.89990234375,5093.7001953125,5084.2998046875,5088.0
1770862200,5087.7001953125,5091.0,5085.2998046875,5085.89990234375
1770862800,5086.7001953125,5094.0,5082.7998046875,5087.2998046875
1770863400,5087.39990234375,5090.7001953125,5078.5,5081.2001953125
1770864000,5081.5,5084.0,5075.5,5080.60009765625
1770864600,5080.10009765625,5087.7001953125,5077.5,5086.7001953125
1770865200,5085.7001953125,5094.89990234375,5083.60009765625,5093.0
1770865800,5092.89990234375,5096.0,5086.89990234375,5087.2001953125
1770866400,5088.60009765625,5092.0,5075.7001953125,5081.2998046875
1770867000,5081.2001953125,5088.0,5079.7998046875,5086.2998046875
1770867600,5086.10009765625,5087.89990234375,5080.0,5080.0
1770868200,5079.89990234375,5082.0,5076.2001953125,5078.2001953125
1770868800,5077.7001953125,5080.7998046875,5073.39990234375,5076.7998046875
1770869400,5077.5,5079.2001953125,5072.2001953125,5074.0
1770870000,5074.39990234375,5079.10009765625,5072.2001953125,5077.7001953125
1770870600,5076.60009765625,5081.7001953125,5075.2001953125,5081.10009765625
1770871200,5079.0,5080.2998046875,5076.2001953125,5076.60009765625
1770871800,5077.5,5091.10009765625,5076.2998046875,5090.39990234375
1770872400,5090.0,5099.0,5086.2001953125,5098.2001953125
1770873000,5098.2998046875,5099.2998046875,5095.2998046875,5096.39990234375
1770873600,5096.2001953125,5099.10009765625,5091.60009765625,5092.2998046875
1770874200,5092.7001953125,5092.89990234375,5085.7001953125,5086.89990234375
1770874800,5088.7998046875,5094.89990234375,5087.39990234375,5091.5
1770875400,5091.2998046875,5097.39990234375,5088.60009765625,5096.2998046875
1770876000,5097.2001953125,5097.7998046875,5083.60009765625,5087.5
1770876600,5088.0,5092.0,5085.60009765625,5087.7001953125
1770877200,5087.89990234375,5090.2001953125,5077.0,5077.0
1770877800,5076.89990234375,5079.60009765625,5068.89990234375,5074.5
1770878400,5074.39990234375,5080.2001953125,5073.60009765625,5077.60009765625
1770879000,5077.7001953125,5083.60009765625,5077.39990234375,5081.10009765625
1770879600,5080.89990234375,5086.0,5073.60009765625,5084.2998046875
1770880200,5085.10009765625,5087.5,5081.2998046875,5083.2001953125
1770880800,5083.7998046875,5085.10009765625,5078.0,5083.60009765625
1770881400,5083.60009765625,5085.39990234375,5081.5,5082.39990234375
1770882000,5082.7998046875,5083.0,5078.10009765625,5082.7001953125
1770882600,5082.7998046875,5087.0,5079.7001953125,5085.2998046875
1770883200,5085.7001953125,5095.0,5085.2998046875,5093.5
1770883800,5093.7998046875,5094.7998046875,5086.2998046875,5086.7001953125
1770884400,5086.7001953125,5089.89990234375,5082.0,5082.0
1770885000,5081.7998046875,5083.60009765625,5073.5,5081.10009765625
1770885600,5081.60009765625,5086.60009765625,5081.60009765625,5083.7998046875
1770886200,5083.0,5093.60009765625,5081.5,5090.0
1770886800,5089.5,5097.60009765625,5087.2998046875,5096.39990234375
1770887400,5096.2998046875,5099.2001953125,5092.5,5094.7001953125
1770888000,5094.2998046875,5097.60009765625,5092.60009765625,5092.7998046875
1770888600,5093.2998046875,5095.2001953125,5090.0,5092.7001953125
1770889200,5092.7001953125,5096.60009765625,5092.7001953125,5095.7001953125
1770889800,5095.89990234375,5102.5,5094.60009765625,5095.0
1770890400,5094.7998046875,5099.2998046875,5091.39990234375,5091.60009765625
1770891000,5091.0,5091.7998046875,5085.10009765625,5085.89990234375
1770891600,5085.7998046875,5088.5,5082.5,5083.2001953125
1770892200,5083.5,5088.0,5082.89990234375,5084.2998046875
1770892800,5084.5,5085.7001953125,5077.0,5081.0
1770893400,5080.7998046875,5084.5,5077.60009765625,5083.7998046875
1770894000,5084.0,5087.2998046875,5080.60009765625,5084.7998046875
1770894600,5085.2001953125,5086.60009765625,5082.0,5084.2001953125
1770895200,5084.0,5087.7998046875,5083.2001953125,5084.7001953125
1770895800,5084.7001953125,5086.7998046875,5083.0,5085.2998046875
1770896400,5085.0,5087.10009765625,5084.2998046875,5086.7998046875
1770897000,5086.60009765625,5090.2001953125,5083.5,5085.60009765625
1770897600,5086.5,5088.39990234375,5078.2998046875,5083.7998046875
1770898200,5083.0,5086.2001953125,5081.10009765625,5085.60009765625
1770898800,5085.7001953125,5085.89990234375,5081.89990234375,5084.2998046875
1770899400,5084.60009765625,5090.7998046875,5083.60009765625,5085.7001953125
1770900000,5085.7998046875,5085.7998046875,5074.7998046875,5077.0
1770900600,5076.7998046875,5076.7998046875,5070.60009765625,5074.2001953125
1770901200,5074.39990234375,5083.39990234375,5073.10009765625,5082.7998046875
1770901800,5083.10009765625,5094.10009765625,5082.60009765625,5091.7001953125
1770902400,5091.60009765625,5096.5,5084.10009765625,5086.7001953125
1770903000,5087.10009765625,5099.2998046875,5082.5,5097.2998046875
1770903600,5097.89990234375,5104.5,5096.2998046875,5100.5
1770904200,5101.10009765625,5106.7001953125,5097.60009765625,5098.2001953125
1770904800,5098.2001953125,5100.7998046875,5090.0,5097.60009765625
1770905400,5098.2998046875,5101.10009765625,5078.0,5081.0
1770906000,5080.2998046875,5087.7998046875,5078.39990234375,5082.60009765625
1770906600,5083.10009765625,5094.7998046875,5079.0,5081.7001953125
1770907200,5082.39990234375,5086.10009765625,5074.2001953125,5078.10009765625
1770907800,5078.60009765625,5081.60009765625,5061.2998046875,5067.0
1770908400,5066.39990234375,5081.2998046875,5061.7001953125,5080.2001953125
1770909000,5080.39990234375,5092.10009765625,5080.2998046875,5088.2998046875
1770909600,5088.0,5089.60009765625,5084.10009765625,5088.39990234375
1770910200,5088.2998046875,5095.2001953125,5087.89990234375,5091.7001953125
1770910800,5091.5,5098.0,5090.0,5096.2998046875
1770911400,5095.89990234375,5097.10009765625,5082.7998046875,5083.89990234375
1770912000,5083.5,5091.60009765625,5072.0,5073.2001953125
1770912600,5073.2001953125,5073.2001953125,4933.0,4955.89990234375
1770913200,4956.2998046875,4956.7998046875,4900.0,4919.2001953125
1770913800,4918.0,4979.60009765625,4915.89990234375,4979.60009765625
1770914400,4978.7998046875,4990.7998046875,4954.2998046875,4956.2998046875
1770915000,4957.0,4983.60009765625,4951.2001953125,4976.2998046875
1770915600,4974.5,4988.7998046875,4960.5,4982.89990234375
1770916200,4982.0,4987.39990234375,4974.7001953125,4980.39990234375
1770916800,4981.2998046875,5004.39990234375,4981.2998046875,4985.5
1770917400,4985.2001953125,4993.0,4978.2001953125,4988.39990234375
1770918000,4988.7001953125,4996.2001953125,4970.89990234375,4972.10009765625
1770918600,4972.7001953125,4978.2001953125,4959.89990234375,4961.5
1770919200,4961.7001953125,4972.0,4941.2998046875,4945.60009765625
1770919800,4945.7998046875,4955.89990234375,4927.7001953125,4928.60009765625
1770920400,4928.0,4954.5,4926.89990234375,4948.5
1770921000,4949.2998046875,4964.60009765625,4945.7001953125,4961.2998046875
1770921600,4961.2998046875,4967.0,4952.60009765625,4959.2998046875
1770922200,4958.89990234375,4972.39990234375,4953.7001953125,4955.89990234375
1770922800,4956.10009765625,4962.0,4947.10009765625,4957.2001953125
1770923400,4956.2998046875,4964.0,4949.60009765625,4963.0
1770924000,4963.89990234375,4965.0,4951.39990234375,4951.5
1770924600,4952.10009765625,4971.2001953125,4951.5,4968.0
1770925200,4967.10009765625,4977.2998046875,4961.39990234375,4974.10009765625
1770925800,4974.2998046875,4978.2998046875,4963.89990234375,4965.0
1770926400,4965.2998046875,4968.39990234375,4959.39990234375,4961.5
1770927000,4960.7001953125,4962.39990234375,4952.0,4958.2001953125
1770927600,4956.89990234375,4956.89990234375,4941.39990234375,4943.2998046875
1770928200,4942.5,4948.7001953125,4931.0,4939.7001953125
1770928800,4940.10009765625,4943.7998046875,4933.10009765625,4941.2001953125
1770929400,4941.10009765625,4945.7998046875,4931.2001953125,4935.10009765625
1770930000,4935.7001953125,4942.2998046875,4932.0,4932.7998046875
1770930600,4933.2001953125,4943.60009765625,4933.2001953125,4942.2001953125
1770931200,4941.89990234375,4945.0,4939.10009765625,4940.60009765625
1770931800,4940.2001953125,4947.0,4940.10009765625,4941.7998046875
1770932400,4941.7998046875,4942.5,4935.7998046875,4939.39990234375
1770933000,4940.60009765625,4947.2998046875,4940.60009765625,4941.39990234375
1770937200,4950.0,4951.5,4907.10009765625,4927.7998046875
1770937800,4928.7998046875,4946.7998046875,4924.89990234375,4940.2998046875
1770938400,4940.7001953125,4948.10009765625,4937.60009765625,4940.2998046875
1770939000,4939.2998046875,4946.0,4926.60009765625,4929.7001953125
1770939600,4930.2001953125,4936.39990234375,4924.60009765625,4931.7001953125
1770940200,4931.2998046875,4939.7001953125,4928.7998046875,4939.7001953125
1770940800,4938.5,4964.60009765625,4932.10009765625,4962.2998046875
1770941400,4962.39990234375,4967.7001953125,4955.2998046875,4958.7998046875
1770942000,4957.7998046875,4963.60009765625,4952.7998046875,4955.39990234375
1770942600,4955.60009765625,4965.0,4955.60009765625,4958.10009765625
1770943200,4957.2998046875,4963.2001953125,4950.2998046875,4954.60009765625
1770943800,4953.39990234375,4955.2998046875,4945.2001953125,4946.7001953125
1770944400,4946.7001953125,4982.2001953125,4945.60009765625,4981.0
1770945000,4981.89990234375,4992.10009765625,4980.60009765625,4989.7001953125
1770945600,4989.5,4998.89990234375,4984.0,4988.5
1770946200,4987.7001953125,4994.0,4983.0,4989.0
1770946800,4989.5,5007.60009765625,4989.5,5005.2001953125
1770947400,5005.89990234375,5007.7998046875,4995.0,4999.7998046875
1770948000,5000.2998046875,5003.89990234375,4993.7998046875,4995.7001953125
1770948600,4996.0,5001.60009765625,4991.10009765625,4996.60009765625
1770949200,4997.39990234375,5005.2001953125,4996.39990234375,5005.2001953125
1770949800,5004.60009765625,5008.39990234375,4998.2001953125,5000.2001953125
1770950400,4999.0,5006.5,4991.0,4995.39990234375
1770951000,4996.10009765625,5011.0,4994.39990234375,5008.0
1770951600,5007.7998046875,5008.5,4999.0,5000.10009765625
1770952200,4999.7998046875,5005.39990234375,4996.89990234375,4997.89990234375
1770952800,4997.2998046875,4999.2998046875,4992.0,4996.2998046875
1770953400,4996.60009765625,5002.5,4994.89990234375,4998.0
1770954000,4998.0,4998.89990234375,4993.7001953125,4996.60009765625
1770954600,4996.0,5003.39990234375,4994.39990234375,5001.60009765625
1770955200,5000.0,5004.60009765625,4995.39990234375,4996.7001953125
1770955800,4995.2001953125,5016.39990234375,4994.5,5011.7998046875
1770956400,5012.2001953125,5012.89990234375,5003.60009765625,5004.10009765625
1770957000,5004.60009765625,5005.0,4998.2001953125,4999.10009765625
1770957600,4998.5,5000.0,4992.60009765625,4992.60009765625
1770958200,4993.5,4996.2998046875,4991.7001953125,4994.0
1770958800,4996.10009765625,5001.39990234375,4993.10009765625,4996.60009765625
1770959400,4996.60009765625,4998.60009765625,4984.10009765625,4992.0
1770960000,4991.7001953125,5005.39990234375,4991.7001953125,4999.2001953125
1770960600,4999.10009765625,4999.10009765625,4985.7001953125,4991.89990234375
1770961200,4992.7001953125,4993.10009765625,4975.10009765625,4980.7001953125
1770961800,4980.7998046875,4981.2001953125,4963.2001953125,4965.39990234375
1770962400,4964.60009765625,4979.2998046875,4964.39990234375,4978.5
1770963000,4979.10009765625,4980.89990234375,4970.7001953125,4971.7001953125
1770963600,4971.7998046875,4976.60009765625,4968.0,4972.39990234375
1770964200,4971.2998046875,4980.7001953125,4969.39990234375,4973.39990234375
1770964800,4972.7998046875,4980.0,4969.10009765625,4977.10009765625
1770965400,4977.39990234375,4988.0,4973.0,4986.7001953125
1770966000,4985.89990234375,4987.5,4975.0,4977.5
1770966600,4976.2998046875,4996.0,4970.0,4993.2998046875
1770967200,4993.2998046875,4993.5,4983.89990234375,4987.39990234375
1770967800,4988.0,5001.89990234375,4985.2998046875,4998.0
1770968400,4998.10009765625,4999.10009765625,4987.7001953125,4994.2998046875
1770969000,4994.10009765625,5001.60009765625,4990.7001953125,4994.60009765625
1770969600,4995.0,5007.2998046875,4991.2001953125,5005.60009765625
1770970200,5005.2001953125,5009.5,4996.2998046875,4997.89990234375
1770970800,4998.60009765625,5005.89990234375,4997.10009765625,5001.7998046875
1770971400,5001.89990234375,5005.39990234375,4998.2001953125,5000.7001953125
1770972000,5001.2001953125,5006.60009765625,4998.7001953125,4998.7001953125
1770972600,4998.60009765625,5003.10009765625,4990.0,5001.89990234375
1770973200,5002.7998046875,5002.7998046875,4996.0,4998.0
1770973800,4997.7001953125,5002.10009765625,4992.5,4998.89990234375
1770974400,4999.5,5001.60009765625,4984.0,4984.89990234375
1770975000,4984.0,4991.89990234375,4981.2001953125,4984.5
1770975600,4985.2001953125,4997.0,4985.0,4993.10009765625
1770976200,4994.0,4995.7998046875,4988.89990234375,4990.10009765625
1770976800,4990.0,4996.39990234375,4987.39990234375,4992.5
1770977400,4992.10009765625,4998.0,4986.7998046875,4986.7998046875
1770978000,4987.2001953125,5000.89990234375,4987.2001953125,4997.2001953125
1770978600,4998.2001953125,4998.5,4989.2998046875,4990.2998046875
1770979200,4990.7001953125,4991.7001953125,4978.0,4983.39990234375
1770979800,4983.7998046875,4988.0,4967.2001953125,4970.7998046875
1770980400,4970.7998046875,4972.39990234375,4961.0,4966.7998046875
1770981000,4966.7998046875,4974.2001953125,4964.0,4968.39990234375
1770981600,4969.0,4972.2998046875,4952.7998046875,4965.0
1770982200,4965.60009765625,4968.60009765625,4955.2998046875,4964.10009765625
1770982800,4963.2998046875,4968.7998046875,4959.2998046875,4963.60009765625
1770983400,4964.39990234375,4975.0,4960.7001953125,4973.39990234375
1770984000,4973.10009765625,4983.60009765625,4971.7998046875,4976.5
1770984600,4976.60009765625,4989.10009765625,4973.2998046875,4987.7001953125
1770985200,4987.5,4993.0,4986.39990234375,4987.5
1770985800,4987.7001953125,4993.7998046875,4983.60009765625,4989.39990234375
1770986400,4989.5,4992.5,4984.7998046875,4990.5
1770987000,4990.7001953125,4994.0,4983.7001953125,4988.7998046875
1770987600,4990.0,4996.2998046875,4985.0,4988.89990234375
1770988200,4988.7001953125,4989.89990234375,4980.2998046875,4982.2001953125
1770988800,4982.60009765625,4991.10009765625,4977.10009765625,4988.2001953125
1770989400,4988.2001953125,5024.5,4987.0,5013.7998046875
1770990000,5011.89990234375,5015.7001953125,4993.5,5002.39990234375
1770990600,5003.2001953125,5013.89990234375,4995.5,5008.39990234375
1770991200,5007.2001953125,5019.0,5006.10009765625,5012.10009765625
1770991800,5012.0,5029.5,5010.7998046875,5024.7998046875
1770992400,5025.10009765625,5029.5,5020.7001953125,5024.10009765625
1770993000,5024.5,5036.7001953125,5008.10009765625,5009.10009765625
1770993600,5009.5,5028.60009765625,4986.10009765625,5018.89990234375
1770994200,5019.2998046875,5027.60009765625,5010.0,5017.39990234375
1770994800,5017.39990234375,5034.2998046875,5014.0,5032.7001953125
1770995400,5032.0,5033.60009765625,5015.7001953125,5019.7001953125
1770996000,5020.10009765625,5034.39990234375,5016.0,5032.2998046875
1770996600,5032.0,5043.2998046875,5028.39990234375,5030.10009765625
1770997200,5029.0,5035.2001953125,5011.2001953125,5016.7998046875
1770997800,5016.2998046875,5022.0,4995.2001953125,4998.7001953125
1770998400,4999.0,5018.0,4997.39990234375,5013.0
1770999000,5013.7001953125,5030.7998046875,5009.7001953125,5028.39990234375
1770999600,5029.0,5056.7998046875,5026.60009765625,5050.60009765625
1771000200,5050.7001953125,5051.2998046875,5036.10009765625,5037.7001953125
1771000800,5038.39990234375,5041.2998046875,5034.2001953125,5037.7001953125
1771001400,5037.7001953125,5039.2001953125,5027.2001953125,5030.0
1771002000,5030.0,5045.5,5029.89990234375,5036.7998046875
1771002600,5036.60009765625,5038.39990234375,5027.7998046875,5032.0
1771003200,5032.7001953125,5041.7998046875,5032.7001953125,5039.5
1771003800,5039.5,5051.5,5038.0,5042.60009765625
1771004400,5042.39990234375,5046.39990234375,5040.60009765625,5043.39990234375
1771005000,5043.2998046875,5045.7001953125,5038.7001953125,5043.5
1771005600,5043.5,5047.10009765625,5038.0,5044.2998046875
1771006200,5044.2998046875,5054.0,5042.7001953125,5045.7001953125
1771006800,5045.7001953125,5052.7998046875,5042.5,5044.7001953125
1771007400,5045.0,5055.2001953125,5042.7001953125,5053.60009765625
1771008000,5053.60009765625,5054.7001953125,5050.7998046875,5052.2001953125
1771008600,5052.2001953125,5058.89990234375,5049.10009765625,5054.10009765625
1771009200,5054.7001953125,5068.7998046875,5053.10009765625,5068.7998046875
1771009800,5068.60009765625,5069.10009765625,5059.0,5063.2998046875
1771010400,5063.7001953125,5068.0,5063.5,5063.7001953125
1771011000,5063.89990234375,5065.5,5060.5,5061.0
1771011600,5061.39990234375,5061.39990234375,5055.5,5057.2998046875
1771012200,5058.2998046875,5058.2998046875,5046.39990234375,5046.39990234375
1771012800,5046.2001953125,5057.10009765625,5045.10009765625,5052.10009765625
1771013400,5051.89990234375,5054.7001953125,5050.10009765625,5054.10009765625
1771014000,5053.5,5055.7998046875,5049.10009765625,5051.2998046875
1771014600,5050.7998046875,5052.39990234375,5046.7998046875,5050.10009765625
1771015200,5050.2001953125,5056.39990234375,5048.10009765625,5050.2001953125
1771015800,5049.39990234375,5056.2998046875,5043.2998046875,5054.0
1771016400,5053.89990234375,5057.89990234375,5052.10009765625,5054.2001953125
1771017000,5053.5,5056.2001953125,5051.39990234375,5054.89990234375
1771017600,5054.2001953125,5055.5,5052.10009765625,5055.0
1771018200,5054.2001953125,5057.2001953125,5052.60009765625,5055.5
1771018800,5055.39990234375,5067.39990234375,5055.0,5064.0
1771019400,5064.0,5064.89990234375,5046.2998046875,5046.2998046875
1771197600,5046.2998046875,5050.2998046875,5040.2998046875,5048.10009765625
1771198200,5047.89990234375,5051.10009765625,5040.89990234375,5045.60009765625
1771198800,5045.89990234375,5051.60009765625,5031.60009765625,5033.89990234375
1771199400,5034.39990234375,5040.7998046875,5032.89990234375,5038.5
1771200000,5038.39990234375,5040.7998046875,5018.2001953125,5034.0
1771200600,5035.7001953125,5040.2998046875,5031.7001953125,5037.0
1771201200,5035.89990234375,5036.7998046875,5027.0,5031.0
1771201800,5031.7001953125,5033.39990234375,5027.60009765625,5033.39990234375
1771202400,5033.39990234375,5037.7001953125,5029.7001953125,5037.10009765625
1771203000,5037.7001953125,5043.0,5034.2998046875,5035.0
1771203600,5034.10009765625,5041.60009765625,5026.39990234375,5041.2998046875
1771204200,5040.60009765625,5048.7998046875,5035.89990234375,5047.5
1771204800,5047.60009765625,5051.39990234375,5043.7998046875,5048.7001953125
1771205400,5049.0,5050.5,5045.10009765625,5047.60009765625
1771206000,5047.0,5049.89990234375,5046.89990234375,5048.10009765625
1771206600,5047.0,5048.10009765625,5044.2998046875,5047.60009765625
1771207200,5048.39990234375,5051.0,5040.7998046875,5043.2001953125
1771207800,5042.2998046875,5044.7001953125,5039.10009765625,5042.60009765625
1771208400,5042.5,5043.60009765625,5037.5,5038.2998046875
1771209000,5038.7001953125,5040.7998046875,5020.0,5026.7001953125
1771209600,5028.10009765625,5029.7998046875,5014.0,5018.2998046875
1771210200,5017.89990234375,5018.10009765625,5011.2998046875,5014.7998046875
1771210800,5013.7001953125,5019.5,5007.10009765625,5010.89990234375
1771211400,5011.60009765625,5018.0,5010.7998046875,5015.89990234375
1771212000,5016.39990234375,5018.0,5013.2998046875,5014.2001953125
1771212600,5014.0,5016.5,5008.0,5010.5
1771213200,5010.5,5013.60009765625,4986.0,5004.0
1771213800,5004.2001953125,5013.60009765625,5003.7001953125,5007.2001953125
1771214400,5006.2001953125,5012.2001953125,4994.2001953125,4996.7001953125
1771215000,4996.0,4999.60009765625,4988.0,4993.10009765625
1771215600,4993.0,4999.2001953125,4991.10009765625,4995.60009765625
1771216200,4994.10009765625,4997.10009765625,4991.2998046875,4993.5
1771216800,4992.89990234375,4998.39990234375,4992.0,4997.5
1771217400,4997.7001953125,4999.10009765625,4993.10009765625,4994.7001953125
1771304400,4970.7998046875,4972.2998046875,4955.5,4962.89990234375
1771305000,4962.2001953125,4963.60009765625,4914.0,4919.60009765625
1771305600,4919.2998046875,4922.7998046875,4906.10009765625,4919.2001953125
1771306200,4919.89990234375,4921.10009765625,4875.2001953125,4901.7001953125
1771306800,4901.5,4906.7998046875,4891.7001953125,4905.0
1771307400,4905.2998046875,4919.0,4902.39990234375,4906.89990234375
1771308000,4906.7001953125,4914.5,4906.7001953125,4911.2998046875
1771308600,4910.39990234375,4921.89990234375,4905.10009765625,4918.10009765625
1771309200,4918.0,4920.39990234375,4911.0,4913.10009765625
1771309800,4912.7001953125,4928.2998046875,4910.0,4927.5
1771310400,4928.39990234375,4932.89990234375,4917.60009765625,4927.60009765625
1771311000,4927.60009765625,4932.2001953125,4925.7998046875,4930.0
1771311600,4928.5,4932.2001953125,4922.39990234375,4926.89990234375
1771312200,4926.89990234375,4929.2001953125,4924.5,4926.5
1771312800,4926.60009765625,4937.60009765625,4925.39990234375,4926.89990234375
1771313400,4926.7001953125,4939.5,4922.2998046875,4938.39990234375
1771314000,4938.5,4939.7998046875,4933.60009765625,4934.0
1771314600,4934.2001953125,4941.7001953125,4933.2998046875,4935.7998046875
1771315200,4936.0,4946.0,4934.7998046875,4940.5
1771315800,4940.89990234375,4949.39990234375,4940.2998046875,4943.60009765625
1771316400,4942.7001953125,4947.39990234375,4938.0,4939.2998046875
1771317000,4938.7998046875,4944.2001953125,4935.39990234375,4937.10009765625
1771317600,4937.2001953125,4943.0,4935.0,4941.60009765625
1771318200,4941.89990234375,4944.2001953125,4938.2001953125,4939.5
1771318800,4939.0,4948.39990234375,4937.7998046875,4942.2001953125
1771319400,4941.7998046875,4944.60009765625,4936.7001953125,4939.0
1771320000,4938.5,4940.7998046875,4936.7998046875,4937.89990234375
1771320600,4937.89990234375,4944.10009765625,4935.2998046875,4941.2998046875
1771321200,4941.0,4941.2001953125,4926.2998046875,4937.10009765625
1771321800,4937.39990234375,4951.60009765625,4937.2998046875,4945.2001953125
1771322400,4944.60009765625,4948.7001953125,4942.5,4948.10009765625
1771323000,4947.7001953125,4959.5,4947.39990234375,4952.39990234375
1771323600,4952.2001953125,4955.10009765625,4947.39990234375,4947.5
1771324200,4947.2001953125,4947.7998046875,4938.89990234375,4945.7001953125
1771324800,4945.2001953125,4945.2001953125,4933.60009765625,4934.89990234375
1771325400,4935.0,4937.5,4927.10009765625,4932.10009765625
1771326000,4932.5,4944.2998046875,4932.5,4941.7001953125
1771326600,4941.10009765625,4946.89990234375,4940.39990234375,4946.2001953125
1771327200,4946.2001953125,4950.2998046875,4943.7001953125,4947.10009765625
1771327800,4947.60009765625,4948.60009765625,4941.7001953125,4946.60009765625
1771328400,4946.10009765625,4949.7998046875,4944.10009765625,4948.7998046875
1771329000,4948.5,4950.2001953125,4940.60009765625,4948.7001953125
1771329600,4948.39990234375,4957.5,4947.5,4956.89990234375
1771330200,4957.5,4964.0,4952.7001953125,4956.89990234375
1771330800,4957.0,4964.0,4956.7001953125,4962.2001953125
1771331400,4962.0,4963.60009765625,4956.7001953125,4957.39990234375
1771332000,4957.5,4957.7998046875,4952.89990234375,4954.10009765625
1771332600,4954.2998046875,4955.60009765625,4948.5,4951.60009765625
1771333200,4951.2998046875,4953.0,4941.5,4944.0
1771333800,4944.60009765625,4944.60009765625,4932.0,4932.2001953125
1771334400,4932.7998046875,4942.7001953125,4930.7001953125,4939.2001953125
1771335000,4940.7998046875,4941.5,4926.7998046875,4935.10009765625
1771335600,4935.39990234375,4944.7001953125,4931.5,4939.2001953125
1771336200,4939.0,4941.0,4887.7998046875,4889.39990234375
1771336800,4888.7001953125,4918.7001953125,4854.2001953125,4911.5
1771337400,4911.60009765625,4919.10009765625,4903.10009765625,4912.10009765625
1771338000,4912.2998046875,4923.5,4909.5,4917.0
1771338600,4916.39990234375,4926.2998046875,4892.10009765625,4893.7001953125
1771339200,4893.0,4905.60009765625,4878.7998046875,4883.89990234375
1771339800,4884.2001953125,4899.10009765625,4874.10009765625,4881.2998046875
1771340400,4880.7998046875,4891.60009765625,4867.0,4875.7001953125
1771341000,4877.10009765625,4893.7001953125,4868.39990234375,4892.60009765625
1771341600,4893.39990234375,4896.89990234375,4879.0,4880.39990234375
1771342200,4880.0,4884.0,4871.0,4883.10009765625
1771342800,4884.0,4894.10009765625,4880.7001953125,4887.2001953125
1771343400,4886.39990234375,4902.10009765625,4879.60009765625,4897.2001953125
1771344000,4897.10009765625,4913.0,4894.10009765625,4907.7001953125
1771344600,4907.60009765625,4910.0,4901.39990234375,4903.89990234375
1771345200,4904.2001953125,4910.5,4899.39990234375,4902.5
1771345800,4902.39990234375,4905.0,4894.7998046875,4897.5
1771346400,4897.2998046875,4906.60009765625,4892.7998046875,4896.39990234375
1771347000,4896.60009765625,4902.89990234375,4886.7998046875,4887.7001953125
1771347600,4887.5,4890.0,4875.7998046875,4884.2001953125
1771348200,4883.7998046875,4885.89990234375,4868.0,4881.7001953125
1771348800,4882.39990234375,4884.10009765625,4875.7998046875,4883.5
1771349400,4883.2998046875,4887.0,4880.0,4882.5
1771350000,4882.89990234375,4884.2001953125,4874.10009765625,4882.0
1771350600,4881.10009765625,4886.5,4872.39990234375,4884.0
1771351200,4883.5,4890.7998046875,4881.10009765625,4883.7998046875
1771351800,4884.10009765625,4897.2001953125,4882.0,4896.5
1771352400,4896.89990234375,4910.7001953125,4896.10009765625,4906.10009765625
1771353000,4905.5,4910.5,4898.7001953125,4909.60009765625
1771353600,4910.0,4914.7998046875,4904.7001953125,4911.2998046875
1771354200,4910.60009765625,4931.0,4909.2001953125,4917.7001953125
1771354800,4917.89990234375,4920.60009765625,4912.7998046875,4916.7998046875
1771355400,4916.7001953125,4917.10009765625,4908.10009765625,4908.60009765625
1771356000,4909.39990234375,4912.7998046875,4900.39990234375,4902.7998046875
1771356600,4902.5,4906.39990234375,4895.2001953125,4904.2001953125
1771357200,4904.39990234375,4907.2001953125,4900.60009765625,4903.7998046875
1771357800,4903.7001953125,4904.7998046875,4898.7001953125,4899.2998046875
1771358400,4899.2001953125,4901.2001953125,4892.2001953125,4895.39990234375
1771359000,4896.0,4898.89990234375,4894.5,4895.10009765625
1771359600,4895.0,4897.7998046875,4891.7001953125,4896.89990234375
1771360200,4895.60009765625,4898.0,4892.2001953125,4897.10009765625
1771360800,4896.7998046875,4902.39990234375,4896.0,4898.60009765625
1771361400,4899.7998046875,4902.60009765625,4895.10009765625,4896.7001953125
1771362000,4896.2001953125,4903.2001953125,4893.5,4897.10009765625
1771362600,4896.89990234375,4905.2001953125,4896.5,4901.7001953125
1771363200,4901.5,4901.5,4896.0,4898.2998046875
1771363800,4898.0,4900.2998046875,4897.2998046875,4897.7998046875
1771364400,4897.39990234375,4899.60009765625,4895.39990234375,4895.89990234375
1771365000,4895.7998046875,4897.0,4894.60009765625,4896.10009765625
1771369200,4898.5,4899.0,4868.5,4891.60009765625
1771369800,4892.0,4902.2001953125,4883.2998046875,4891.89990234375
1771370400,4891.2001953125,4896.5,4885.39990234375,4896.5
1771371000,4895.7998046875,4901.7001953125,4884.0,4884.2001953125
1771371600,4884.2998046875,4894.7998046875,4880.39990234375,4882.2998046875
1771372200,4882.89990234375,4883.0,4871.2998046875,4876.89990234375
1771372800,4876.0,4888.7001953125,4875.7998046875,4884.10009765625
1771373400,4883.7001953125,4888.0,4878.7001953125,4883.39990234375
1771374000,4882.7001953125,4890.0,4876.0,4886.89990234375
1771374600,4886.7998046875,4898.39990234375,4885.7998046875,4894.10009765625
1771375200,4894.0,4899.5,4893.0,4896.0
1771375800,4896.10009765625,4901.2001953125,4887.5,4891.7998046875
1771376400,4891.7998046875,4907.2998046875,4891.7998046875,4905.60009765625
1771377000,4904.89990234375,4909.7998046875,4900.5,4902.2001953125
1771377600,4902.60009765625,4906.60009765625,4899.0,4905.2001953125
1771378200,4904.5,4911.7001953125,4901.89990234375,4905.39990234375
1771378800,4905.7998046875,4907.89990234375,4900.89990234375,4905.10009765625
1771379400,4904.10009765625,4910.60009765625,4900.2998046875,4908.0
1771380000,4907.2998046875,4919.10009765625,4904.60009765625,4918.0
1771380600,4918.0,4920.2998046875,4914.10009765625,4914.2998046875
1771381200,4915.10009765625,4923.0,4913.5,4919.0
1771381800,4919.2998046875,4925.0,4919.0,4923.7998046875
1771382400,4923.2998046875,4924.89990234375,4921.5,4922.10009765625
1771383000,4922.0,4925.7998046875,4921.0,4923.7998046875
1771383600,4924.0,4936.0,4922.7001953125,4933.7998046875
1771384200,4933.7998046875,4935.60009765625,4930.2998046875,4934.10009765625
1771384800,4934.2001953125,4938.89990234375,4934.10009765625,4937.89990234375
1771385400,4938.10009765625,4939.7001953125,4935.0,4935.7001953125
1771386000,4936.60009765625,4938.89990234375,4935.7001953125,4938.2998046875
1771386600,4938.89990234375,4940.60009765625,4937.0,4939.5
1771387200,4939.10009765625,4947.5,4937.0,4944.2998046875
1771387800,4944.2998046875,4950.0,4943.5,4945.39990234375
1771388400,4945.2998046875,4952.2998046875,4944.89990234375,4952.0
1771389000,4952.2998046875,4955.7998046875,4951.2001953125,4952.2001953125
1771389600,4952.0,4956.7998046875,4950.2001953125,4956.7998046875
1771390200,4956.89990234375,4961.7998046875,4951.2998046875,4951.60009765625
1771390800,4953.5,4957.89990234375,4949.2001953125,4950.89990234375
1771391400,4950.89990234375,4953.2998046875,4949.39990234375,4951.89990234375
1771392000,4952.7001953125,4958.60009765625,4952.7001953125,4954.7001953125
1771392600,4954.89990234375,4959.10009765625,4954.0,4958.2998046875
1771393200,4957.60009765625,4958.2998046875,4953.0,4954.60009765625
1771393800,4954.39990234375,4958.0,4952.0,4952.39990234375
1771394400,4952.7001953125,4952.89990234375,4944.2001953125,4946.89990234375
1771395000,4946.89990234375,4948.7998046875,4944.5,4946.7998046875
1771395600,4946.0,4952.5,4946.0,4949.60009765625
1771396200,4949.2998046875,4951.7998046875,4945.7998046875,4947.89990234375
1771396800,4948.10009765625,4955.2998046875,4947.2001953125,4955.10009765625
1771397400,4955.10009765625,4955.2998046875,4949.7001953125,4949.7001953125
1771398000,4949.60009765625,4958.5,4949.5,4958.0
1771398600,4957.39990234375,4961.5,4953.10009765625,4953.10009765625
1771399200,4952.7998046875,4962.2001953125,4951.2001953125,4958.5
1771399800,4957.89990234375,4960.0,4956.2001953125,4956.2001953125
1771400400,4956.0,4956.0,4950.0,4951.0
1771401000,4951.7001953125,4951.7001953125,4948.60009765625,4949.5
1771401600,4950.2001953125,4953.2001953125,4946.60009765625,4949.5
1771402200,4949.7998046875,4951.0,4943.60009765625,4945.7998046875
1771402800,4945.7998046875,4947.60009765625,4942.39990234375,4946.0
1771403400,4946.10009765625,4947.0,4941.2998046875,4945.5
1771404000,4945.2998046875,4947.10009765625,4939.2998046875,4941.10009765625
1771404600,4940.89990234375,4942.2001953125,4936.2998046875,4937.7001953125
1771405200,4937.5,4940.7001953125,4933.10009765625,4938.7998046875
1771405800,4939.5,4939.7998046875,4933.2001953125,4936.2001953125
1771406400,4935.7001953125,4943.2998046875,4935.39990234375,4941.2001953125
1771407000,4941.2001953125,4943.5,4936.2998046875,4937.2998046875
1771407600,4938.2001953125,4941.60009765625,4938.10009765625,4940.39990234375
1771408200,4939.7001953125,4942.39990234375,4936.5,4937.89990234375
1771408800,4937.39990234375,4944.5,4937.2001953125,4943.2001953125
1771409400,4942.89990234375,4945.39990234375,4938.5,4940.2001953125
1771410000,4940.39990234375,4945.10009765625,4938.2998046875,4942.10009765625
1771410600,4941.7998046875,4941.7998046875,4929.2998046875,4934.39990234375
1771411200,4935.0,4935.39990234375,4930.5,4932.7998046875
1771411800,4933.39990234375,4937.10009765625,4930.39990234375,4935.0
1771412400,4934.5,4935.60009765625,4932.5,4933.5
1771413000,4933.10009765625,4938.0,4933.10009765625,4937.60009765625
1771413600,4937.2998046875,4938.2001953125,4935.0,4935.60009765625
1771414200,4935.60009765625,4937.10009765625,4932.60009765625,4934.7998046875
1771414800,4935.10009765625,4935.2998046875,4925.89990234375,4933.89990234375
1771415400,4933.89990234375,4936.39990234375,4929.60009765625,4933.39990234375
1771416000,4932.7001953125,4945.10009765625,4931.89990234375,4944.60009765625
1771416600,4943.7001953125,4949.89990234375,4941.7001953125,4947.10009765625
1771417200,4946.5,4950.0,4941.39990234375,4941.39990234375
1771417800,4941.2998046875,4945.89990234375,4938.10009765625,4945.89990234375
1771418400,4946.0,4951.89990234375,4945.89990234375,4951.7001953125
1771419000,4951.7998046875,4967.5,4950.2001953125,4963.5
1771419600,4963.2998046875,4983.10009765625,4962.89990234375,4975.39990234375
1771420200,4975.5,4980.0,4974.39990234375,4976.7001953125
1771420800,4976.7998046875,4980.7998046875,4973.0,4977.7001953125
1771421400,4978.2001953125,4989.7998046875,4975.7998046875,4982.89990234375
1771422000,4982.39990234375,4983.5,4970.7001953125,4973.7998046875
1771422600,4974.2998046875,4976.60009765625,4969.7001953125,4974.2001953125
1771423200,4975.0,4982.0,4974.2001953125,4974.89990234375
1771423800,4974.5,4982.0,4972.60009765625,4979.7998046875
1771424400,4979.7998046875,4984.39990234375,4975.7001953125,4980.89990234375
1771425000,4981.39990234375,5006.7001953125,4975.5,5004.10009765625
1771425600,5004.89990234375,5010.0,4999.39990234375,5004.2998046875
1771426200,5005.10009765625,5015.5,5004.7998046875,5012.2998046875
1771426800,5012.10009765625,5029.0,5011.7001953125,5018.89990234375
1771427400,5019.10009765625,5029.60009765625,5015.2001953125,5025.60009765625
1771428000,5025.60009765625,5028.10009765625,5022.39990234375,5025.10009765625
1771428600,5025.5,5025.60009765625,5017.7998046875,5020.0
1771429200,5020.10009765625,5023.5,5016.89990234375,5019.10009765625
1771429800,5018.89990234375,5020.0,5015.60009765625,5018.7998046875
1771430400,5018.89990234375,5024.0,5017.39990234375,5020.10009765625
1771431000,5020.2001953125,5021.89990234375,5017.2001953125,5017.7001953125
1771431600,5017.60009765625,5018.89990234375,5011.5,5017.7001953125
1771432200,5017.39990234375,5025.39990234375,5015.0,5022.10009765625
1771432800,5021.89990234375,5031.89990234375,5021.89990234375,5025.5
1771433400,5025.5,5028.2001953125,5020.2001953125,5021.2001953125
1771434000,5021.39990234375,5022.7998046875,5016.39990234375,5020.39990234375
1771434600,5020.7998046875,5021.2001953125,5017.10009765625,5019.2998046875
1771435200,5019.60009765625,5021.7001953125,5018.5,5020.2001953125
1771435800,5020.2001953125,5020.89990234375,5014.2001953125,5015.39990234375
1771436400,5015.39990234375,5021.2001953125,5014.2998046875,5019.10009765625
1771437000,5019.39990234375,5021.89990234375,5018.2001953125,5020.10009765625
1771437600,5020.2001953125,5024.2001953125,5019.7001953125,5021.7001953125
1771438200,5021.7001953125,5022.10009765625,5014.39990234375,5015.7998046875
1771438800,5016.0,5017.7001953125,5007.7001953125,5009.5
1771439400,5009.0,5014.2001953125,5003.2001953125,5007.5
1771440000,5007.2001953125,5009.5,5001.2001953125,5005.2998046875
1771440600,5005.10009765625,5008.5,5004.39990234375,5008.2001953125
1771441200,5007.60009765625,5015.60009765625,5005.0,5010.7998046875
1771441800,5010.7001953125,5016.0,5009.7001953125,5015.7001953125
1771442400,5015.7998046875,5016.39990234375,4993.7998046875,4999.7001953125
1771443000,5000.0,5005.2998046875,4993.7001953125,5003.39990234375
1771443600,5003.0,5005.5,5000.10009765625,5001.0
1771444200,5000.39990234375,5002.60009765625,4999.2001953125,5000.7001953125
1771444800,5000.7001953125,5005.2998046875,4999.2001953125,4999.60009765625
1771445400,5000.2001953125,5002.2998046875,4995.89990234375,4999.7001953125
1771446000,4999.60009765625,5001.0,4997.7001953125,4998.0
1771446600,4997.89990234375,5006.39990234375,4997.5,5004.2001953125
1771447200,5004.60009765625,5008.39990234375,5003.89990234375,5005.7001953125
1771447800,5006.0,5006.7998046875,4999.7998046875,5005.2998046875
1771448400,5004.89990234375,5006.7001953125,5001.0,5003.2998046875
1771449000,5003.60009765625,5004.2001953125,5001.0,5003.2998046875
1771449600,5003.5,5004.5,5002.2001953125,5002.2001953125
1771450200,5002.2001953125,5002.5,4999.2001953125,5000.7001953125
1771450800,5000.7001953125,5001.7998046875,4998.89990234375,4999.60009765625
1771451400,5000.0,5000.60009765625,4995.60009765625,4996.10009765625
1771455600,4993.7001953125,4999.7001953125,4971.5,4994.7998046875
1771456200,4994.39990234375,5000.0,4990.0,4994.89990234375
1771456800,4994.7001953125,5003.0,4994.2998046875,5000.89990234375
1771457400,5001.2001953125,5007.7998046875,4997.7998046875,5000.39990234375
1771458000,4999.60009765625,5001.7998046875,4994.2001953125,4997.60009765625
1771458600,4997.7001953125,4999.60009765625,4987.0,4994.7998046875
1771459200,4994.60009765625,4994.7998046875,4979.5,4984.10009765625
1771459800,4984.10009765625,4991.39990234375,4984.10009765625,4988.0
1771460400,4988.0,4988.5,4982.2998046875,4986.60009765625
1771461000,4986.39990234375,4992.0,4983.5,4989.7998046875
1771461600,4989.7998046875,4990.2998046875,4981.5,4981.7998046875
1771462200,4982.7001953125,4983.60009765625,4978.5,4980.2001953125
1771462800,4980.2001953125,4988.0,4979.10009765625,4984.2001953125
1771463400,4983.39990234375,4986.39990234375,4979.60009765625,4984.10009765625
1771464000,4984.2998046875,4984.7001953125,4980.10009765625,4983.10009765625
1771464600,4983.5,4989.60009765625,4980.2998046875,4987.10009765625
1771465200,4986.7998046875,4991.2001953125,4986.0,4990.2998046875
1771465800,4989.7998046875,4995.0,4989.5,4992.10009765625
1771466400,4992.7001953125,4996.2001953125,4990.60009765625,4994.7998046875
1771467000,4994.60009765625,4995.0,4984.89990234375,4988.5
1771467600,4988.2001953125,4993.10009765625,4987.39990234375,4992.2001953125
1771468200,4992.10009765625,4992.10009765625,4987.60009765625,4990.60009765625
1771468800,4991.60009765625,4992.60009765625,4989.7998046875,4990.60009765625
1771469400,4990.60009765625,4992.2001953125,4986.2998046875,4986.89990234375
1771470000,4986.89990234375,4988.7001953125,4985.2001953125,4988.7001953125
1771470600,4989.2001953125,4990.0,4986.89990234375,4989.7001953125
1771471200,4989.89990234375,4990.7001953125,4985.89990234375,4988.39990234375
1771471800,4988.7998046875,4998.2001953125,4988.5,4994.5
1771472400,4994.60009765625,5001.2998046875,4992.7998046875,5001.2001953125
1771473000,5000.7001953125,5002.60009765625,4999.2998046875,5000.39990234375
1771473600,5000.0,5002.60009765625,4997.2998046875,5001.10009765625
1771474200,5001.5,5003.7998046875,4998.39990234375,4999.2998046875
1771474800,4999.0,5002.10009765625,4996.7998046875,4998.39990234375
1771475400,4998.10009765625,5004.7001953125,4998.0,5000.10009765625
1771476000,4999.89990234375,5000.5,4995.2998046875,4997.89990234375
1771476600,4997.0,5004.0,4995.60009765625,5002.7998046875
1771477200,5002.5,5009.10009765625,5002.5,5009.0
1771477800,5008.60009765625,5012.2001953125,5006.2998046875,5007.0
1771478400,5007.2001953125,5008.7998046875,5005.60009765625,5007.5
1771479000,5007.7001953125,5013.7001953125,5007.2001953125,5012.2998046875
1771479600,5011.60009765625,5017.60009765625,5011.2001953125,5014.60009765625
1771480200,5015.0,5017.0,5013.2998046875,5015.5
1771480800,5015.10009765625,5018.39990234375,5014.39990234375,5016.60009765625
1771481400,5017.0,5019.2001953125,5015.0,5018.2001953125
1771482000,5018.0,5020.60009765625,5015.39990234375,5019.2001953125
1771482600,5018.7998046875,5027.0,5018.7998046875,5025.7998046875
1771483200,5026.0,5034.2998046875,5025.0,5033.89990234375
1771483800,5033.10009765625,5038.0,5031.60009765625,5035.39990234375
1771484400,5036.5,5039.7998046875,5034.5,5038.5
1771485000,5038.7998046875,5039.60009765625,5033.2998046875,5034.60009765625
1771485600,5034.2998046875,5038.10009765625,5032.5,5036.0
1771486200,5036.39990234375,5038.60009765625,5035.0,5035.7001953125
1771486800,5035.89990234375,5036.0,5031.5,5033.89990234375
1771487400,5033.89990234375,5035.10009765625,5026.89990234375,5028.0
1771488000,5028.0,5029.2998046875,5023.89990234375,5028.39990234375
1771488600,5028.7001953125,5033.0,5027.39990234375,5031.60009765625
1771489200,5031.89990234375,5033.39990234375,5030.2998046875,5033.39990234375
1771489800,5033.2001953125,5034.60009765625,5028.5,5033.7001953125
1771490400,5033.7001953125,5040.89990234375,5033.2998046875,5038.39990234375
1771491000,5038.2998046875,5039.2998046875,5031.7001953125,5035.5
1771491600,5035.7998046875,5037.7998046875,5034.0,5037.7998046875
1771492200,5037.7998046875,5039.10009765625,5032.0,5032.39990234375
1771492800,5032.39990234375,5033.7998046875,5016.2001953125,5019.5
1771493400,5019.89990234375,5024.89990234375,5012.0,5018.5
1771494000,5019.2001953125,5023.2998046875,5017.60009765625,5021.60009765625
1771494600,5021.89990234375,5024.2998046875,5014.39990234375,5014.39990234375
1771495200,5014.39990234375,5015.2001953125,5004.89990234375,5010.0
1771495800,5009.2001953125,5011.7998046875,5002.2001953125,5009.0
1771496400,5009.39990234375,5011.39990234375,5004.60009765625,5006.2001953125
1771497000,5006.0,5014.7998046875,5000.7001953125,5013.60009765625
1771497600,5013.39990234375,5014.2001953125,5007.39990234375,5009.89990234375
1771498200,5009.2998046875,5013.0,5008.0,5013.0
1771498800,5013.0,5014.39990234375,5008.5,5013.5
1771499400,5014.2001953125,5016.7998046875,4997.10009765625,5006.7998046875
1771500000,5006.2998046875,5010.0,5003.0,5004.39990234375
1771500600,5004.39990234375,5006.60009765625,5002.10009765625,5004.0
1771501200,5003.89990234375,5006.2001953125,5001.0,5004.89990234375
1771501800,5005.5,5005.5,4997.2001953125,5003.2998046875
1771502400,5003.7998046875,5009.7998046875,4999.7998046875,5002.2001953125
1771503000,5002.5,5008.39990234375,5000.2001953125,5004.0
1771503600,5004.0,5011.2998046875,5003.5,5011.2998046875
1771504200,5011.5,5012.0,5002.5,5004.39990234375
1771504800,5004.89990234375,5007.60009765625,5001.39990234375,5001.39990234375
1771505400,5001.2001953125,5005.5,5000.2998046875,5004.39990234375
1771506000,5005.10009765625,5005.7998046875,4994.10009765625,5002.5
1771506600,5002.2998046875,5005.5,5000.7001953125,5003.5
1771507200,5003.0,5007.5,4999.2998046875,5003.0
1771507800,5001.5,5015.60009765625,4990.10009765625,5014.2998046875
1771508400,5015.0,5017.39990234375,5011.10009765625,5012.0
1771509000,5012.0,5018.5,5011.7998046875,5016.60009765625
1771509600,5016.5,5016.89990234375,4997.60009765625,4999.2001953125
1771510200,4998.2998046875,5001.89990234375,4990.5,4997.89990234375
1771510800,4997.5,4999.2998046875,4995.0,4997.39990234375
1771511400,4997.2001953125,5004.60009765625,4982.0,5004.2001953125
1771512000,5004.60009765625,5019.39990234375,5000.2998046875,5019.39990234375
1771512600,5018.89990234375,5029.60009765625,5013.89990234375,5024.60009765625
1771513200,5025.2001953125,5029.5,5018.2001953125,5022.39990234375
1771513800,5022.2001953125,5024.7998046875,5014.7001953125,5018.60009765625
1771514400,5019.10009765625,5035.7998046875,5018.7998046875,5035.7001953125
1771515000,5035.2001953125,5042.7998046875,5033.2001953125,5035.5
1771515600,5036.0,5036.2998046875,5031.89990234375,5035.0
1771516200,5034.7998046875,5035.60009765625,5026.2998046875,5033.39990234375
1771516800,5033.89990234375,5034.2001953125,5020.60009765625,5028.39990234375
1771517400,5027.89990234375,5029.2001953125,5019.39990234375,5020.89990234375
1771518000,5020.7998046875,5026.2001953125,5011.5,5017.89990234375
1771518600,5018.10009765625,5025.60009765625,5017.60009765625,5022.5
1771519200,5023.0,5028.60009765625,5017.89990234375,5023.10009765625
1771519800,5023.0,5024.2001953125,5008.7998046875,5014.2001953125
1771520400,5014.2001953125,5018.7998046875,5011.0,5015.60009765625
1771521000,5015.7001953125,5019.10009765625,5011.7998046875,5017.39990234375
1771521600,5018.0,5021.10009765625,5012.2998046875,5013.2998046875
1771522200,5013.5,5015.60009765625,5005.0,5015.2001953125
1771522800,5014.60009765625,5015.2001953125,5008.7998046875,5010.5
1771523400,5010.7998046875,5012.2998046875,5001.89990234375,5004.2001953125
1771524000,5004.5,5007.2998046875,4998.10009765625,5002.39990234375
1771524600,5002.10009765625,5008.7998046875,5000.7998046875,5003.2001953125
1771525200,5003.2001953125,5003.2001953125,4995.0,4997.0
1771525800,4997.2998046875,5002.2998046875,4995.7001953125,4999.0
1771526400,4998.7001953125,5001.5,4994.0,5000.5
1771527000,5000.5,5003.7001953125,4998.7001953125,5000.7001953125
1771527600,5000.7001953125,5008.2001953125,4999.5,5006.7998046875
1771528200,5007.60009765625,5008.89990234375,5005.10009765625,5008.2001953125
1771528800,5008.39990234375,5009.7001953125,5006.60009765625,5008.10009765625
1771529400,5008.39990234375,5009.2001953125,4998.2001953125,4999.7998046875
1771530000,4999.2001953125,5005.2001953125,4996.7998046875,5005.2001953125
1771530600,5005.2001953125,5007.5,5004.2001953125,5006.5
1771531200,5006.89990234375,5011.0,5006.89990234375,5010.0
1771531800,5010.10009765625,5013.60009765625,5008.0,5013.0
1771532400,5013.0,5016.0,5012.0,5014.39990234375
1771533000,5014.5,5016.7998046875,5013.7998046875,5016.5
1771533600,5016.89990234375,5022.2001953125,5015.89990234375,5021.39990234375
1771534200,5021.2001953125,5021.7998046875,5018.10009765625,5020.60009765625
1771534800,5020.7001953125,5022.7998046875,5016.2001953125,5017.2001953125
1771535400,5017.0,5019.2998046875,5016.5,5019.2998046875
1771536000,5019.2001953125,5020.0,5010.2001953125,5012.10009765625
1771536600,5012.5,5016.39990234375,5012.39990234375,5015.5
1771537200,5015.89990234375,5018.10009765625,5014.0,5017.60009765625
1771537800,5018.0,5018.5,5011.39990234375,5015.5
1771542000,5015.0,5026.5,5012.0,5023.0
1771542600,5021.2998046875,5023.10009765625,5011.2998046875,5019.89990234375
1771543200,5018.60009765625,5021.39990234375,5015.0,5015.0
1771543800,5015.7998046875,5019.5,5013.7001953125,5017.7001953125
1771544400,5017.7001953125,5018.89990234375,5014.2998046875,5016.10009765625
1771545000,5016.2001953125,5018.7998046875,5003.5,5005.60009765625
1771545600,5006.39990234375,5014.89990234375,5003.5,5010.60009765625
1771546200,5011.2998046875,5015.0,5010.5,5011.7998046875
1771546800,5011.2998046875,5011.89990234375,5006.2998046875,5009.2998046875
1771547400,5009.89990234375,5011.5,5005.10009765625,5011.5
1771548000,5011.5,5017.39990234375,5010.7998046875,5014.39990234375
1771548600,5014.2001953125,5025.5,5013.89990234375,5024.5
1771549200,5024.60009765625,5032.7001953125,5024.39990234375,5028.7001953125
1771549800,5029.39990234375,5033.39990234375,5025.7001953125,5027.5
1771550400,5027.7001953125,5029.0,5014.2001953125,5017.7998046875
1771551000,5018.0,5022.10009765625,5012.89990234375,5015.10009765625
1771551600,5014.60009765625,5018.2001953125,5013.5,5015.7001953125
1771552200,5015.60009765625,5018.5,5014.39990234375,5015.39990234375
1771552800,5015.5,5025.7001953125,5010.60009765625,5019.5
1771553400,5020.2001953125,5020.2001953125,5010.89990234375,5012.7001953125
1771554000,5012.7998046875,5016.5,5012.7998046875,5015.39990234375
1771554600,5015.7998046875,5021.7998046875,5015.7998046875,5017.7998046875
1771555200,5018.0,5018.60009765625,5012.2001953125,5012.89990234375
1771555800,5014.2998046875,5016.0,5010.89990234375,5013.7001953125
1771556400,5013.7001953125,5015.2998046875,5006.60009765625,5011.7001953125
1771557000,5011.60009765625,5016.7001953125,5011.0,5016.2998046875
1771557600,5015.60009765625,5016.60009765625,5010.0,5010.0
1771558200,5010.60009765625,5017.2001953125,5009.89990234375,5015.2998046875
1771558800,5015.2998046875,5015.2998046875,4999.2998046875,5012.5
1771559400,5012.7001953125,5013.60009765625,5004.60009765625,5006.0
1771560000,5005.60009765625,5010.60009765625,5004.2001953125,5009.60009765625
1771560600,5009.39990234375,5011.10009765625,5008.2998046875,5009.60009765625
1771561200,5009.60009765625,5012.7001953125,5008.10009765625,5012.2998046875
1771561800,5012.7998046875,5014.2001953125,5011.5,5013.60009765625
1771562400,5013.7998046875,5021.2001953125,5013.7998046875,5015.2998046875
1771563000,5016.0,5017.5,5014.0,5017.5
1771563600,5018.10009765625,5023.89990234375,5018.0,5018.7998046875
1771564200,5018.5,5021.89990234375,5016.5,5017.10009765625
1771564800,5017.7001953125,5020.5,5016.5,5019.2998046875
1771565400,5019.2998046875,5022.60009765625,5018.89990234375,5021.2998046875
1771566000,5021.2998046875,5025.10009765625,5015.89990234375,5024.7998046875
1771566600,5024.89990234375,5030.10009765625,5024.5,5030.10009765625
1771567200,5030.5,5036.39990234375,5029.7001953125,5031.2998046875
1771567800,5031.5,5038.5,5031.5,5035.39990234375
1771568400,5035.2001953125,5048.60009765625,5035.2001953125,5040.7998046875
1771569000,5041.10009765625,5046.89990234375,5039.10009765625,5045.60009765625
1771569600,5045.5,5048.7998046875,5044.60009765625,5048.10009765625
1771570200,5048.10009765625,5048.89990234375,5038.39990234375,5039.60009765625
1771570800,5040.2998046875,5044.7001953125,5034.39990234375,5044.5
1771571400,5044.10009765625,5047.2998046875,5038.89990234375,5038.89990234375
1771572000,5038.5,5039.39990234375,5028.39990234375,5034.10009765625
1771572600,5034.5,5036.7001953125,5031.5,5036.7001953125
1771573200,5036.60009765625,5036.60009765625,5031.7998046875,5033.10009765625
1771573800,5032.89990234375,5034.5,5024.60009765625,5025.2998046875
1771574400,5025.60009765625,5035.5,5025.10009765625,5025.89990234375
1771575000,5025.60009765625,5033.0,5023.7998046875,5032.60009765625
1771575600,5033.0,5039.0,5031.0,5037.2001953125
1771576200,5037.7998046875,5046.7001953125,5037.0,5045.10009765625
1771576800,5045.39990234375,5046.2001953125,5040.5,5044.2001953125
1771577400,5043.89990234375,5050.60009765625,5043.7998046875,5048.7001953125
1771578000,5048.5,5059.0,5047.2998046875,5058.7998046875
1771578600,5058.0,5063.0,5054.10009765625,5058.2001953125
1771579200,5058.0,5062.39990234375,5053.0,5053.89990234375
1771579800,5053.7998046875,5055.5,5049.2001953125,5050.7001953125
1771580400,5051.5,5053.60009765625,5050.89990234375,5052.89990234375
1771581000,5053.0,5054.5,5046.89990234375,5047.60009765625
1771581600,5047.7998046875,5048.2998046875,5042.2001953125,5045.0
1771582200,5044.60009765625,5051.0,5038.5,5049.39990234375
1771582800,5049.7998046875,5050.39990234375,5042.60009765625,5046.0
1771583400,5046.5,5058.10009765625,5046.5,5056.10009765625
1771584000,5056.60009765625,5057.0,5045.2998046875,5049.60009765625
1771584600,5049.0,5057.0,5048.89990234375,5054.60009765625
1771585200,5054.7001953125,5054.7998046875,5052.10009765625,5053.39990234375
1771585800,5053.5,5054.2998046875,5049.2998046875,5051.10009765625
1771586400,5051.2001953125,5052.2998046875,5045.7998046875,5048.7001953125
1771587000,5048.39990234375,5052.89990234375,5045.7001953125,5046.7001953125
1771587600,5045.89990234375,5048.10009765625,5035.2998046875,5042.0
1771588200,5041.7001953125,5042.7998046875,5034.7001953125,5036.7998046875
1771588800,5037.0,5042.7998046875,5032.60009765625,5041.89990234375
1771589400,5041.7001953125,5042.2998046875,5035.7998046875,5038.2001953125
1771590000,5037.5,5038.2001953125,5030.10009765625,5030.60009765625
1771590600,5030.7001953125,5043.10009765625,5025.7001953125,5041.5
1771591200,5041.60009765625,5044.7001953125,5038.60009765625,5041.60009765625
1771591800,5041.2001953125,5045.60009765625,5040.5,5044.5
1771592400,5044.10009765625,5047.5,5042.2998046875,5045.39990234375
1771593000,5045.89990234375,5049.60009765625,5044.0,5048.60009765625
1771593600,5048.7001953125,5051.10009765625,5046.0,5048.2998046875
1771594200,5048.39990234375,5052.7001953125,5037.7001953125,5048.60009765625
1771594800,5048.60009765625,5062.60009765625,5045.2998046875,5061.2001953125
1771595400,5061.2998046875,5068.7001953125,5060.60009765625,5063.5
1771596000,5063.10009765625,5066.5,5056.7998046875,5064.89990234375
1771596600,5064.89990234375,5067.10009765625,5059.2001953125,5062.10009765625
1771597200,5062.2001953125,5063.60009765625,5058.2001953125,5061.10009765625
1771597800,5060.7998046875,5073.0,5057.2001953125,5067.0
1771598400,5067.5,5081.2001953125,5064.10009765625,5077.60009765625
1771599000,5077.7998046875,5080.5,5067.89990234375,5074.7998046875
1771599600,5073.60009765625,5084.5,5005.5,5041.0
1771600200,5040.2998046875,5064.2998046875,5027.7998046875,5055.2001953125
1771600800,5054.39990234375,5057.7998046875,5030.7001953125,5044.60009765625
1771601400,5045.0,5057.2998046875,5036.2001953125,5055.7001953125
1771602000,5055.60009765625,5072.7998046875,5047.2001953125,5067.10009765625
1771602600,5067.10009765625,5068.2998046875,5056.2001953125,5062.2998046875
1771603200,5062.2998046875,5073.7001953125,5058.2001953125,5069.0
1771603800,5068.89990234375,5077.0,5068.0,5069.7001953125
1771604400,5069.39990234375,5074.7998046875,5064.89990234375,5073.7001953125
1771605000,5073.7998046875,5089.7998046875,5072.89990234375,5085.2001953125
1771605600,5085.2998046875,5088.5,5079.60009765625,5085.0
1771606200,5085.0,5088.0,5080.7001953125,5087.0
1771606800,5087.0,5092.7001953125,5084.89990234375,5091.2998046875
1771607400,5091.39990234375,5094.2998046875,5081.39990234375,5081.39990234375
1771608000,5081.60009765625,5085.89990234375,5075.2001953125,5085.2001953125
1771608600,5085.0,5088.60009765625,5082.60009765625,5087.7001953125
1771609200,5087.5,5095.0,5085.7001953125,5094.7001953125
1771609800,5094.7001953125,5097.2998046875,5092.2001953125,5093.7001953125
1771610400,5093.7001953125,5094.39990234375,5087.39990234375,5091.5
1771611000,5091.2998046875,5093.7001953125,5086.0,5087.10009765625
1771611600,5086.60009765625,5091.89990234375,5075.10009765625,5079.89990234375
1771612200,5079.7998046875,5097.0,5078.2001953125,5093.2998046875
1771612800,5092.7001953125,5096.2001953125,5087.2001953125,5094.7998046875
1771613400,5094.39990234375,5095.0,5089.10009765625,5094.0
1771614000,5093.60009765625,5098.0,5092.5,5094.2001953125
1771614600,5094.2001953125,5098.39990234375,5091.10009765625,5096.60009765625
1771615200,5096.89990234375,5096.89990234375,5092.10009765625,5092.7001953125
1771615800,5092.7001953125,5095.7001953125,5092.7001953125,5095.5
1771616400,5095.7001953125,5098.2001953125,5094.2001953125,5095.39990234375
1771617000,5095.2001953125,5104.60009765625,5095.2001953125,5102.39990234375
1771617600,5102.2998046875,5104.2998046875,5099.7998046875,5103.0
1771618200,5103.0,5107.39990234375,5100.10009765625,5105.7001953125
1771618800,5106.0,5109.89990234375,5105.5,5107.7001953125
1771619400,5107.7001953125,5110.39990234375,5105.7001953125,5108.7001953125
1771620000,5109.0,5110.2998046875,5105.7998046875,5107.2001953125
1771620600,5107.2001953125,5120.7001953125,5106.10009765625,5119.39990234375
1771621200,5119.5,5121.7001953125,5114.39990234375,5116.10009765625
1771621800,5115.60009765625,5118.2001953125,5114.2998046875,5116.2998046875
1771622400,5116.7001953125,5121.60009765625,5115.7001953125,5120.89990234375
1771623000,5120.89990234375,5123.2001953125,5120.39990234375,5122.7998046875
1771623600,5122.7001953125,5128.7001953125,5120.60009765625,5127.60009765625
1771624200,5127.39990234375,5131.0,5080.89990234375,5080.89990234375
1771801800,5157.0,5173.0,5157.0,5164.2998046875
1771802400,5164.60009765625,5174.0,5162.2998046875,5168.10009765625
1771803000,5167.7998046875,5174.60009765625,5166.5,5169.60009765625
1771803600,5170.2001953125,5183.5,5170.0,5181.10009765625
1771804200,5180.5,5194.2001953125,5179.2001953125,5187.2001953125
1771804800,5187.0,5188.5,5160.0,5171.7998046875
1771805400,5171.60009765625,5172.7001953125,5152.89990234375,5152.89990234375
1771806000,5153.0,5175.7998046875,5151.0,5175.10009765625
1771806600,5175.2998046875,5182.7001953125,5163.10009765625,5166.5
1771807200,5166.7001953125,5171.60009765625,5156.0,5159.5
1771807800,5159.89990234375,5168.2001953125,5158.0,5165.89990234375
1771808400,5166.2998046875,5180.10009765625,5161.60009765625,5177.60009765625
1771809000,5176.7998046875,5177.60009765625,5167.39990234375,5175.0
1771809600,5175.60009765625,5182.0,5174.89990234375,5181.2001953125
1771810200,5181.5,5183.7001953125,5177.60009765625,5180.10009765625
1771810800,5180.2001953125,5189.0,5177.2998046875,5186.10009765625
1771811400,5186.0,5190.0,5177.7998046875,5179.39990234375
1771812000,5179.10009765625,5189.2998046875,5178.7998046875,5187.5
1771812600,5187.2998046875,5189.7001953125,5181.2001953125,5181.89990234375
1771813200,5182.2001953125,5185.39990234375,5179.89990234375,5183.10009765625
1771813800,5183.60009765625,5191.7998046875,5183.2998046875,5191.10009765625
1771814400,5190.60009765625,5198.7998046875,5190.2001953125,5192.39990234375
1771815000,5192.60009765625,5196.2998046875,5185.60009765625,5195.0
1771815600,5195.2001953125,5197.60009765625,5185.5,5187.0
1771816200,5187.0,5187.0,5173.2001953125,5177.39990234375
1771816800,5177.89990234375,5186.7998046875,5177.5,5186.2998046875
1771817400,5186.39990234375,5192.7998046875,5186.39990234375,5190.5
1771818000,5190.2998046875,5192.10009765625,5188.2998046875,5192.10009765625
1771818600,5191.5,5192.7998046875,5187.7998046875,5188.39990234375
1771819200,5188.2998046875,5190.2998046875,5177.2998046875,5177.39990234375
1771819800,5177.7998046875,5186.2001953125,5177.7998046875,5185.60009765625
1771820400,5185.89990234375,5185.89990234375,5180.5,5181.39990234375
1771821000,5182.39990234375,5185.2998046875,5177.2998046875,5180.7998046875
1771821600,5180.60009765625,5183.60009765625,5180.10009765625,5181.89990234375
1771822200,5182.0,5183.2001953125,5179.2001953125,5181.2998046875
1771822800,5182.0,5183.2998046875,5173.89990234375,5177.5
1771823400,5177.60009765625,5181.7998046875,5176.0,5176.7001953125
1771824000,5176.5,5180.2998046875,5174.7998046875,5179.60009765625
1771824600,5179.5,5179.7998046875,5175.2001953125,5175.2001953125
1771825200,5175.2001953125,5181.60009765625,5175.2001953125,5180.39990234375
1771825800,5180.39990234375,5181.2998046875,5177.89990234375,5179.89990234375
1771826400,5180.2998046875,5182.89990234375,5179.0,5179.89990234375
1771827000,5179.89990234375,5182.10009765625,5179.89990234375,5182.0
1771827600,5181.89990234375,5183.2001953125,5173.60009765625,5174.2001953125
1771828200,5174.89990234375,5178.60009765625,5173.39990234375,5175.7001953125
1771828800,5175.7998046875,5176.89990234375,5167.2001953125,5173.5
1771829400,5173.7001953125,5174.39990234375,5166.10009765625,5167.2998046875
1771830000,5167.39990234375,5176.2998046875,5159.2998046875,5172.5
1771830600,5172.2001953125,5172.2001953125,5166.2998046875,5166.5
1771831200,5166.60009765625,5167.60009765625,5145.10009765625,5158.0
1771831800,5157.7001953125,5158.7998046875,5146.39990234375,5153.7001953125
1771832400,5153.10009765625,5158.7998046875,5152.7001953125,5157.7001953125
1771833000,5157.60009765625,5160.5,5156.60009765625,5157.60009765625
1771833600,5157.5,5160.7998046875,5152.2001953125,5157.2998046875
1771834200,5157.7001953125,5160.5,5155.89990234375,5157.2998046875
1771834800,5156.89990234375,5159.2001953125,5143.0,5146.10009765625
1771835400,5146.0,5153.10009765625,5142.7998046875,5148.10009765625
1771836000,5147.7998046875,5155.5,5145.5,5154.5
1771836600,5154.39990234375,5162.89990234375,5153.5,5161.0
1771837200,5160.7001953125,5166.39990234375,5159.39990234375,5164.7001953125
1771837800,5164.7998046875,5168.39990234375,5164.0,5166.5
1771838400,5166.89990234375,5170.2998046875,5165.5,5169.89990234375
1771839000,5170.0,5170.60009765625,5164.0,5166.2998046875
1771839600,5166.39990234375,5169.7001953125,5163.60009765625,5168.0
1771840200,5167.7001953125,5170.5,5166.0,5170.10009765625
1771840800,5170.39990234375,5174.0,5167.10009765625,5168.39990234375
1771841400,5168.2998046875,5173.7001953125,5167.7001953125,5173.5
1771842000,5173.7998046875,5177.2998046875,5171.39990234375,5176.60009765625
1771842600,5176.60009765625,5178.39990234375,5165.60009765625,5173.60009765625
1771843200,5173.7998046875,5175.7001953125,5171.5,5175.2998046875
1771843800,5175.2998046875,5184.7998046875,5173.39990234375,5184.0
1771844400,5184.0,5184.5,5178.39990234375,5180.2998046875
1771845000,5180.0,5181.5,5168.10009765625,5170.60009765625
1771845600,5170.7001953125,5174.0,5167.2998046875,5171.10009765625
1771846200,5171.2001953125,5174.2001953125,5168.5,5172.0
1771846800,5171.7998046875,5175.2001953125,5169.89990234375,5174.5
1771847400,5174.2001953125,5175.10009765625,5170.0,5170.2998046875
1771848000,5170.2998046875,5175.39990234375,5167.5,5169.7998046875
1771848600,5169.89990234375,5172.2998046875,5168.5,5169.7998046875
1771849200,5170.5,5172.7998046875,5165.89990234375,5170.7001953125
1771849800,5171.10009765625,5178.7998046875,5170.10009765625,5178.7998046875
1771850400,5178.7998046875,5185.5,5178.0,5181.2001953125
1771851000,5180.7998046875,5186.39990234375,5180.39990234375,5185.0
1771851600,5185.0,5186.39990234375,5175.2998046875,5176.60009765625
1771852200,5176.60009765625,5178.10009765625,5172.2001953125,5176.5
1771852800,5176.2998046875,5177.10009765625,5164.10009765625,5170.10009765625
1771853400,5170.60009765625,5174.5,5168.0,5170.89990234375
1771854000,5171.2998046875,5173.5,5166.7998046875,5170.7998046875
1771854600,5170.7001953125,5172.2001953125,5165.2998046875,5166.2001953125
1771855200,5165.89990234375,5172.7998046875,5161.5,5170.0
1771855800,5170.2998046875,5180.2998046875,5168.7001953125,5180.0
1771856400,5180.0,5185.7998046875,5179.10009765625,5185.7998046875
1771857000,5185.39990234375,5204.60009765625,5185.10009765625,5204.60009765625
1771857600,5204.7998046875,5220.10009765625,5202.5,5215.7998046875
1771858200,5216.0,5221.89990234375,5208.0,5213.5
1771858800,5213.10009765625,5219.5,5201.60009765625,5218.0
1771859400,5218.39990234375,5221.2001953125,5208.0,5220.60009765625
1771860000,5220.7998046875,5225.0,5212.7998046875,5218.7998046875
1771860600,5219.2998046875,5221.10009765625,5207.2998046875,5220.39990234375
1771861200,5220.60009765625,5226.2001953125,5216.89990234375,5223.0
1771861800,5223.7001953125,5225.39990234375,5211.5,5216.60009765625
1771862400,5216.2998046875,5218.60009765625,5196.0,5217.7001953125
1771863000,5218.0,5238.5,5218.0,5236.5
1771863600,5236.2998046875,5240.89990234375,5233.2001953125,5236.39990234375
1771864200,5236.60009765625,5237.10009765625,5227.7998046875,5231.2998046875
1771864800,5231.89990234375,5233.60009765625,5227.39990234375,5231.10009765625
1771865400,5231.60009765625,5238.7998046875,5229.0,5230.39990234375
1771866000,5231.10009765625,5234.5,5227.89990234375,5229.7998046875
1771866600,5229.60009765625,5231.2001953125,5220.39990234375,5227.5
1771867200,5228.10009765625,5233.0,5224.60009765625,5230.7001953125
1771867800,5231.0,5231.5,5211.2001953125,5216.89990234375
1771868400,5216.89990234375,5224.10009765625,5216.0,5219.5
1771869000,5219.2001953125,5228.0,5219.10009765625,5227.39990234375
1771869600,5228.0,5234.60009765625,5227.0,5234.0
1771870200,5234.60009765625,5235.89990234375,5227.10009765625,5227.2998046875
1771870800,5228.0,5233.2998046875,5220.7998046875,5226.2001953125
1771871400,5226.10009765625,5233.2998046875,5225.5,5228.2998046875
1771872000,5229.10009765625,5230.39990234375,5225.0,5228.7998046875
1771872600,5229.2001953125,5232.2998046875,5228.60009765625,5229.5
1771873200,5229.0,5230.5,5226.39990234375,5229.5
1771873800,5229.7998046875,5234.7998046875,5228.60009765625,5232.89990234375
1771874400,5232.89990234375,5235.2998046875,5227.10009765625,5229.2998046875
1771875000,5229.39990234375,5235.10009765625,5228.39990234375,5235.0
1771875600,5234.7998046875,5238.39990234375,5231.10009765625,5236.39990234375
1771876200,5236.89990234375,5237.5,5234.2001953125,5235.39990234375
1771876800,5235.0,5243.0,5234.60009765625,5242.7998046875
1771877400,5242.7998046875,5244.5,5241.2001953125,5243.7998046875
1771878000,5243.60009765625,5246.10009765625,5243.5,5245.2001953125
1771878600,5245.10009765625,5249.89990234375,5244.60009765625,5249.0
1771879200,5249.0,5249.5,5244.60009765625,5248.2998046875
1771879800,5248.5,5257.2998046875,5248.39990234375,5255.60009765625
1771880400,5255.2001953125,5256.5,5251.10009765625,5253.7001953125
1771881000,5253.60009765625,5254.2001953125,5248.2001953125,5250.5
1771881600,5251.10009765625,5251.60009765625,5248.60009765625,5249.39990234375
1771882200,5249.0,5252.2998046875,5245.89990234375,5249.5
1771882800,5249.2998046875,5251.0,5246.39990234375,5251.0
1771883400,5250.60009765625,5250.7998046875,5246.2998046875,5247.89990234375
1771887600,5247.5,5267.5,5241.0,5260.10009765625
1771888200,5261.2001953125,5269.39990234375,5259.0,5265.2998046875
1771888800,5266.89990234375,5267.7998046875,5253.2998046875,5255.2998046875
1771889400,5256.89990234375,5266.60009765625,5256.89990234375,5260.0
1771890000,5260.2001953125,5261.89990234375,5256.39990234375,5260.39990234375
1771890600,5260.5,5261.0,5253.60009765625,5254.5
1771891200,5254.10009765625,5254.10009765625,5236.7998046875,5246.5
1771891800,5247.2001953125,5254.60009765625,5245.39990234375,5251.0
1771892400,5251.60009765625,5257.39990234375,5243.7001953125,5246.7001953125
1771893000,5247.0,5252.0,5243.60009765625,5246.89990234375
1771893600,5247.10009765625,5251.2998046875,5245.39990234375,5249.2998046875
1771894200,5249.60009765625,5251.5,5239.2001953125,5243.10009765625
1771894800,5243.0,5243.0,5214.2001953125,5226.0
1771895400,5227.0,5230.10009765625,5164.10009765625,5179.10009765625
1771896000,5180.2998046875,5192.2001953125,5168.0,5184.2998046875
1771896600,5184.7001953125,5196.0,5180.39990234375,5183.2001953125
1771897200,5184.89990234375,5198.5,5182.7001953125,5197.5
1771897800,5198.0,5199.0,5183.2001953125,5196.60009765625
1771898400,5197.0,5200.7001953125,5186.2998046875,5192.60009765625
1771899000,5192.2998046875,5194.89990234375,5184.5,5192.2001953125
1771899600,5192.2998046875,5193.7998046875,5185.89990234375,5192.10009765625
1771900200,5192.0,5207.60009765625,5192.0,5207.10009765625
1771900800,5208.10009765625,5208.5,5203.0,5206.10009765625
1771901400,5206.10009765625,5210.89990234375,5203.2998046875,5209.0
1771902000,5209.39990234375,5212.2001953125,5205.60009765625,5207.7998046875
1771902600,5207.60009765625,5210.10009765625,5205.39990234375,5207.60009765625
1771903200,5207.7001953125,5209.2998046875,5201.39990234375,5201.7998046875
1771903800,5202.89990234375,5208.2998046875,5201.0,5204.2998046875
1771904400,5204.60009765625,5205.60009765625,5194.0,5196.2001953125
1771905000,5196.2001953125,5197.5,5190.7001953125,5192.0
1771905600,5191.5,5192.0,5181.0,5188.89990234375
1771906200,5188.89990234375,5193.60009765625,5186.89990234375,5190.7001953125
1771906800,5191.7001953125,5195.2998046875,5189.2998046875,5191.7998046875
1771907400,5192.89990234375,5192.89990234375,5185.5,5188.60009765625
1771908000,5189.10009765625,5192.0,5183.0,5190.7998046875
1771908600,5190.0,5190.60009765625,5187.5,5188.39990234375
1771909200,5188.10009765625,5192.2001953125,5183.7001953125,5190.7001953125
1771909800,5190.89990234375,5194.39990234375,5189.0,5191.7998046875
1771910400,5191.89990234375,5195.39990234375,5186.2998046875,5187.10009765625
1771911000,5187.5,5194.60009765625,5184.10009765625,5191.0
1771911600,5191.2998046875,5197.5,5189.89990234375,5195.2998046875
1771912200,5194.0,5205.60009765625,5193.39990234375,5203.0
1771912800,5203.2001953125,5204.5,5197.2001953125,5202.5
1771913400,5203.0,5204.7998046875,5200.0,5200.89990234375
1771914000,5200.60009765625,5200.7998046875,5186.7998046875,5188.7998046875
1771914600,5188.39990234375,5193.2998046875,5173.60009765625,5193.10009765625
1771915200,5192.89990234375,5194.2998046875,5188.0,5193.0
1771915800,5192.7998046875,5195.2001953125,5188.0,5193.60009765625
1771916400,5193.0,5193.5,5184.60009765625,5186.2001953125
1771917000,5186.5,5198.60009765625,5183.60009765625,5198.60009765625
1771917600,5198.2998046875,5203.0,5188.89990234375,5202.39990234375
1771918200,5202.10009765625,5203.60009765625,5193.89990234375,5198.0
1771918800,5197.5,5203.5,5194.2001953125,5196.2001953125
1771919400,5196.5,5202.39990234375,5196.2998046875,5198.7001953125
1771920000,5198.60009765625,5199.0,5189.39990234375,5194.7001953125
1771920600,5194.89990234375,5195.10009765625,5184.89990234375,5187.7998046875
1771921200,5188.0,5193.7998046875,5184.5,5189.89990234375
1771921800,5189.39990234375,5201.60009765625,5189.0,5198.2998046875
1771922400,5198.7001953125,5199.60009765625,5188.7001953125,5191.60009765625
1771923000,5191.2998046875,5196.0,5189.2998046875,5193.0
1771923600,5192.2998046875,5199.39990234375,5191.5,5196.89990234375
1771924200,5196.2998046875,5196.2998046875,5190.0,5191.5
1771924800,5191.5,5193.10009765625,5187.0,5187.7001953125
1771925400,5187.89990234375,5192.89990234375,5185.39990234375,5189.60009765625
1771926000,5189.39990234375,5191.7998046875,5186.39990234375,5189.0
1771926600,5189.5,5192.10009765625,5188.89990234375,5190.7001953125
1771927200,5190.2001953125,5195.0,5190.2001953125,5192.7001953125
1771927800,5191.89990234375,5194.60009765625,5191.2998046875,5192.89990234375
1771928400,5193.2001953125,5201.0,5193.10009765625,5194.7001953125
1771929000,5195.2998046875,5196.0,5182.2998046875,5186.0
1771929600,5185.7001953125,5190.89990234375,5184.60009765625,5189.2998046875
1771930200,5189.5,5193.7998046875,5188.2001953125,5192.2998046875
1771930800,5192.2998046875,5196.10009765625,5191.7001953125,5192.89990234375
1771931400,5193.0,5196.60009765625,5192.60009765625,5193.5
1771932000,5193.2998046875,5194.7001953125,5190.60009765625,5194.2001953125
1771932600,5194.2001953125,5195.89990234375,5192.5,5195.89990234375
1771933200,5196.0,5198.0,5191.7998046875,5193.0
1771933800,5193.39990234375,5196.0,5191.39990234375,5191.89990234375
1771934400,5192.10009765625,5192.5,5187.2998046875,5189.60009765625
1771935000,5190.2001953125,5190.2001953125,5165.0,5170.10009765625
1771935600,5169.60009765625,5182.0,5169.2001953125,5180.2998046875
1771936200,5180.5,5183.5,5172.2001953125,5174.5
1771936800,5175.39990234375,5178.0,5172.5,5172.60009765625
1771937400,5173.10009765625,5173.60009765625,5162.2001953125,5168.7998046875
1771938000,5169.2001953125,5179.2001953125,5169.2001953125,5177.2998046875
1771938600,5177.10009765625,5180.10009765625,5171.39990234375,5172.0
1771939200,5171.10009765625,5177.0,5170.2001953125,5174.5
1771939800,5175.2998046875,5177.39990234375,5151.39990234375,5157.2998046875
1771940400,5157.39990234375,5167.0,5142.10009765625,5144.89990234375
1771941000,5144.7998046875,5152.5,5126.89990234375,5132.2998046875
1771941600,5132.0,5145.0,5125.5,5138.60009765625
1771942200,5138.39990234375,5140.2001953125,5109.5,5119.2001953125
1771942800,5119.7998046875,5137.7001953125,5119.2998046875,5132.89990234375
1771943400,5132.39990234375,5152.7001953125,5127.39990234375,5151.7001953125
1771944000,5151.89990234375,5157.0,5145.60009765625,5150.60009765625
1771944600,5150.7998046875,5156.7998046875,5144.2001953125,5145.5
1771945200,5147.7001953125,5155.39990234375,5135.2001953125,5154.0
1771945800,5154.10009765625,5159.2001953125,5150.10009765625,5158.10009765625
1771946400,5158.2998046875,5164.7001953125,5155.60009765625,5156.39990234375
1771947000,5156.10009765625,5165.39990234375,5152.2001953125,5162.5
1771947600,5163.0,5173.39990234375,5162.7998046875,5170.39990234375
1771948200,5170.5,5170.5,5163.2998046875,5168.2001953125
1771948800,5168.5,5170.7001953125,5159.60009765625,5162.39990234375
1771949400,5162.7998046875,5169.5,5159.60009765625,5166.2998046875
1771950000,5166.0,5166.0,5159.7001953125,5162.0
1771950600,5162.10009765625,5164.89990234375,5153.10009765625,5163.89990234375
1771951200,5163.89990234375,5168.7998046875,5152.7001953125,5154.2001953125
1771951800,5154.10009765625,5159.7998046875,5147.7998046875,5159.7001953125
1771952400,5159.7001953125,5171.0,5159.39990234375,5170.60009765625
1771953000,5170.89990234375,5179.7001953125,5170.10009765625,5178.60009765625
1771953600,5179.0,5181.5,5173.10009765625,5176.7998046875
1771954200,5177.0,5177.7001953125,5174.89990234375,5176.89990234375
1771954800,5177.10009765625,5180.2001953125,5176.7998046875,5178.5
1771955400,5178.2998046875,5182.2998046875,5175.7001953125,5182.0
1771956000,5182.10009765625,5188.5,5182.10009765625,5186.7001953125
1771956600,5186.60009765625,5187.2001953125,5178.0,5178.5
1771957200,5178.2998046875,5180.39990234375,5173.7001953125,5176.60009765625
1771957800,5176.7998046875,5179.60009765625,5171.2998046875,5176.2001953125
1771958400,5176.39990234375,5179.2001953125,5174.2998046875,5177.60009765625
1771959000,5178.2001953125,5181.39990234375,5177.2001953125,5178.89990234375
1771959600,5178.0,5178.5,5170.60009765625,5170.60009765625
1771960200,5171.10009765625,5175.39990234375,5166.7001953125,5167.10009765625
1771960800,5167.2001953125,5170.39990234375,5164.2001953125,5169.2001953125
1771961400,5169.7998046875,5174.89990234375,5167.0,5173.5
1771962000,5173.7998046875,5175.0,5169.60009765625,5172.2001953125
1771962600,5172.2998046875,5173.5,5170.0,5171.7998046875
1771963200,5172.10009765625,5173.7001953125,5165.89990234375,5167.2998046875
1771963800,5167.2001953125,5173.2998046875,5164.2001953125,5172.60009765625
1771964400,5173.2001953125,5188.2001953125,5172.7001953125,5186.5
1771965000,5186.7001953125,5191.0,5183.60009765625,5187.10009765625
1771965600,5187.5,5191.39990234375,5185.5,5186.2001953125
1771966200,5186.7001953125,5188.5,5175.89990234375,5181.7998046875
1771966800,5181.89990234375,5183.89990234375,5174.39990234375,5175.7001953125
1771967400,5176.0,5180.7998046875,5174.7001953125,5176.7001953125
1771968000,5176.39990234375,5176.7001953125,5171.7001953125,5173.60009765625
1771968600,5173.7998046875,5173.7998046875,5164.2998046875,5167.89990234375
1771969200,5167.89990234375,5169.7001953125,5164.5,5167.39990234375
1771969800,5166.10009765625,5166.10009765625,5158.0,5160.5
1771974000,5160.0,5164.0,5135.89990234375,5151.7001953125
1771974600,5152.10009765625,5155.60009765625,5146.2001953125,5150.39990234375
1771975200,5150.5,5151.10009765625,5146.7001953125,5148.10009765625
1771975800,5148.39990234375,5157.0,5147.7001953125,5157.0
1771976400,5156.7001953125,5169.10009765625,5155.89990234375,5167.39990234375
1771977000,5168.2001953125,5170.0,5163.7998046875,5165.0
1771977600,5165.10009765625,5167.7998046875,5154.2998046875,5161.5
1771978200,5160.89990234375,5163.10009765625,5156.39990234375,5161.0
1771978800,5161.2998046875,5165.0,5155.60009765625,5158.2001953125
1771979400,5159.0,5173.89990234375,5159.0,5170.2001953125
1771980000,5171.60009765625,5174.0,5160.10009765625,5163.2998046875
1771980600,5163.5,5175.2998046875,5161.2001953125,5171.0
1771981200,5171.10009765625,5190.7998046875,5162.7998046875,5186.60009765625
1771981800,5187.39990234375,5203.2998046875,5182.10009765625,5202.2001953125
1771982400,5202.0,5206.60009765625,5195.60009765625,5202.89990234375
1771983000,5202.60009765625,5208.0,5197.0,5200.2998046875
1771983600,5200.5,5204.2998046875,5196.2001953125,5201.7998046875
1771984200,5201.5,5202.89990234375,5192.2001953125,5195.10009765625
1771984800,5194.39990234375,5204.60009765625,5194.39990234375,5204.60009765625
1771985400,5204.7001953125,5212.0,5200.5,5209.10009765625
1771986000,5208.60009765625,5208.89990234375,5202.7998046875,5208.0
1771986600,5208.2998046875,5208.89990234375,5200.5,5204.5
1771987200,5204.0,5205.2998046875,5200.0,5201.60009765625
1771987800,5201.7998046875,5202.10009765625,5184.2998046875,5198.60009765625
1771988400,5199.2998046875,5208.7001953125,5199.2998046875,5202.5
1771989000,5202.7001953125,5205.7998046875,5198.2001953125,5202.7998046875
1771989600,5202.7001953125,5205.0,5197.10009765625,5204.7998046875
1771990200,5204.0,5206.7001953125,5198.0,5202.39990234375
1771990800,5201.2001953125,5205.60009765625,5197.2001953125,5203.39990234375
1771991400,5203.2001953125,5203.60009765625,5196.5,5200.60009765625
1771992000,5200.10009765625,5202.60009765625,5193.2001953125,5193.89990234375
1771992600,5193.2001953125,5203.5,5189.2998046875,5201.39990234375
1771993200,5200.89990234375,5203.89990234375,5199.39990234375,5201.60009765625
1771993800,5201.2001953125,5202.7998046875,5198.7001953125,5201.7001953125
1771994400,5201.7001953125,5203.60009765625,5199.39990234375,5199.7998046875
1771995000,5199.60009765625,5202.7998046875,5198.7001953125,5201.2998046875
1771995600,5202.10009765625,5210.60009765625,5201.7001953125,5207.0
1771996200,5207.5,5213.7998046875,5205.7001953125,5211.5
1771996800,5211.10009765625,5215.60009765625,5206.7998046875,5214.39990234375
1771997400,5214.10009765625,5218.7998046875,5211.10009765625,5217.10009765625
1771998000,5217.2001953125,5228.7998046875,5215.89990234375,5228.10009765625
1771998600,5228.5,5230.0,5220.39990234375,5221.2001953125
1771999200,5220.10009765625,5220.89990234375,5201.7001953125,5205.89990234375
1771999800,5206.7001953125,5214.10009765625,5204.60009765625,5213.2998046875
1772000400,5212.2998046875,5214.7001953125,5208.2001953125,5209.0
1772001000,5208.2001953125,5213.39990234375,5207.2998046875,5212.60009765625
1772001600,5211.2001953125,5212.60009765625,5208.39990234375,5211.5
1772002200,5210.60009765625,5213.89990234375,5209.5,5213.2001953125
1772002800,5213.7001953125,5214.39990234375,5206.60009765625,5212.10009765625
1772003400,5212.10009765625,5212.89990234375,5204.7998046875,5205.7998046875
1772004000,5206.60009765625,5208.89990234375,5200.5,5208.2001953125
1772004600,5208.2998046875,5209.5,5204.89990234375,5206.10009765625
1772005200,5205.7998046875,5208.2001953125,5204.0,5206.7001953125
1772005800,5207.0,5207.89990234375,5199.5,5203.7998046875
1772006400,5203.7001953125,5209.60009765625,5203.5,5205.89990234375
1772007000,5205.60009765625,5212.0,5205.10009765625,5211.89990234375
1772007600,5211.7998046875,5213.39990234375,5209.10009765625,5212.7001953125
1772008200,5212.7998046875,5216.60009765625,5211.7998046875,5212.60009765625
1772008800,5213.10009765625,5214.10009765625,5209.60009765625,5211.2998046875
1772009400,5211.0,5211.0,5203.0,5204.5
1772010000,5204.2998046875,5206.89990234375,5194.5,5203.60009765625
1772010600,5204.10009765625,5207.0,5200.7998046875,5204.7001953125
1772011200,5204.60009765625,5207.5,5204.5,5205.7998046875
1772011800,5206.0,5212.7998046875,5204.7001953125,5209.7998046875
1772012400,5209.7998046875,5212.0,5208.89990234375,5209.5
1772013000,5209.39990234375,5213.89990234375,5207.0,5212.89990234375
1772013600,5212.39990234375,5214.7001953125,5203.2998046875,5203.2998046875
1772014200,5203.2998046875,5205.2998046875,5196.10009765625,5196.7001953125
1772014800,5196.60009765625,5200.10009765625,5191.5,5194.0
1772015400,5193.89990234375,5197.89990234375,5188.0,5197.89990234375
1772016000,5198.0,5199.89990234375,5193.7001953125,5194.2001953125
1772016600,5194.39990234375,5195.2998046875,5191.0,5193.7001953125
1772017200,5193.2998046875,5194.60009765625,5187.7001953125,5188.60009765625
1772017800,5188.39990234375,5188.7001953125,5173.2001953125,5178.0
1772018400,5178.0,5187.7001953125,5176.39990234375,5186.89990234375
1772019000,5187.2998046875,5191.0,5185.60009765625,5185.60009765625
1772019600,5185.39990234375,5193.10009765625,5185.0,5191.60009765625
1772020200,5191.7001953125,5200.7998046875,5190.2001953125,5199.5
1772020800,5199.2998046875,5201.0,5196.2001953125,5198.89990234375
1772021400,5199.5,5203.5,5198.2998046875,5201.89990234375
1772022000,5201.7998046875,5205.2001953125,5201.0,5201.5
1772022600,5201.5,5202.7001953125,5195.0,5201.39990234375
1772023200,5201.7998046875,5204.10009765625,5199.60009765625,5199.7001953125
1772023800,5199.60009765625,5202.7001953125,5196.7998046875,5201.0
1772024400,5201.89990234375,5208.2998046875,5199.0,5206.39990234375
1772025000,5207.0,5208.0,5203.89990234375,5205.2001953125
1772025600,5204.89990234375,5210.0,5204.2001953125,5206.2998046875
1772026200,5206.7001953125,5208.89990234375,5205.0,5207.89990234375
1772026800,5208.2001953125,5209.89990234375,5200.2998046875,5205.60009765625
1772027400,5205.5,5207.0,5202.39990234375,5203.7001953125
1772028000,5203.2001953125,5210.0,5202.0,5208.39990234375
1772028600,5209.0,5209.0,5200.7001953125,5201.10009765625
1772029200,5201.5,5204.0,5192.7998046875,5196.10009765625
1772029800,5196.39990234375,5199.89990234375,5177.0,5178.5
1772030400,5178.89990234375,5200.0,5177.2998046875,5200.0
1772031000,5200.0,5211.7998046875,5197.7001953125,5210.2001953125
1772031600,5209.2998046875,5222.0,5208.60009765625,5215.2001953125
1772032200,5215.5,5215.5,5207.60009765625,5208.0
1772032800,5208.39990234375,5210.60009765625,5193.0,5199.2001953125
1772033400,5199.5,5208.89990234375,5190.2998046875,5207.0
1772034000,5206.7001953125,5217.7001953125,5205.2998046875,5217.0
1772034600,5217.5,5217.60009765625,5211.7998046875,5214.5
1772035200,5214.10009765625,5218.2998046875,5209.2998046875,5210.5
1772035800,5210.39990234375,5217.2998046875,5209.10009765625,5216.7998046875
1772036400,5216.89990234375,5226.39990234375,5216.89990234375,5222.39990234375
1772037000,5222.5,5227.0,5218.60009765625,5223.0
1772037600,5222.7998046875,5233.60009765625,5222.7998046875,5228.0
1772038200,5227.7001953125,5232.7998046875,5227.2998046875,5231.7001953125
1772038800,5232.0,5235.2001953125,5227.10009765625,5234.60009765625
1772039400,5234.5,5237.2998046875,5231.5,5234.10009765625
1772040000,5234.10009765625,5235.60009765625,5230.7998046875,5232.60009765625
1772040600,5232.89990234375,5234.0,5229.5,5232.7998046875
1772041200,5233.0,5233.2001953125,5224.10009765625,5226.2001953125
1772041800,5226.2998046875,5230.2998046875,5222.89990234375,5226.5
1772042400,5226.5,5227.0,5226.39990234375,5226.39990234375
1772048400,5226.2001953125,5228.0,5218.10009765625,5225.2001953125
1772049000,5224.7998046875,5229.2998046875,5219.7998046875,5224.39990234375
1772049600,5224.10009765625,5225.0,5215.7998046875,5221.60009765625
1772050200,5221.10009765625,5225.0,5202.0,5203.7001953125
1772050800,5203.7998046875,5212.7998046875,5202.39990234375,5205.10009765625
1772051400,5205.2998046875,5209.7998046875,5197.5,5203.10009765625
1772052000,5202.2998046875,5203.0,5183.7001953125,5191.89990234375
1772052600,5191.5,5198.89990234375,5163.2998046875,5169.89990234375
1772053200,5171.2001953125,5181.89990234375,5168.60009765625,5181.10009765625
1772053800,5181.5,5191.39990234375,5176.7998046875,5183.10009765625
1772054400,5183.5,5188.39990234375,5182.7001953125,5186.89990234375
1772055000,5187.2001953125,5191.2001953125,5184.39990234375,5186.7998046875
1772055600,5186.39990234375,5189.60009765625,5185.89990234375,5188.39990234375
1772056200,5189.2001953125,5189.39990234375,5180.5,5183.7001953125
1772060400,5175.2998046875,5198.10009765625,5175.2001953125,5196.0
1772061000,5195.2998046875,5195.5,5180.0,5189.60009765625
1772061600,5190.10009765625,5195.7998046875,5183.39990234375,5186.0
1772062200,5185.7001953125,5186.60009765625,5179.10009765625,5185.7001953125
1772062800,5185.7998046875,5195.2001953125,5182.7001953125,5184.39990234375
1772063400,5183.7998046875,5187.0,5176.2001953125,5180.0
1772064000,5179.10009765625,5183.7998046875,5170.10009765625,5176.39990234375
1772064600,5178.39990234375,5190.10009765625,5175.5,5184.7998046875
1772065200,5184.60009765625,5201.7001953125,5184.60009765625,5200.10009765625
1772065800,5200.89990234375,5204.7998046875,5196.39990234375,5197.89990234375
1772066400,5197.5,5205.0,5196.2998046875,5201.2998046875
1772067000,5201.5,5207.39990234375,5200.0,5203.2001953125
1772067600,5203.7998046875,5213.39990234375,5198.0,5198.60009765625
1772068200,5200.0,5208.7998046875,5197.7001953125,5205.39990234375
1772068800,5205.0,5211.0,5194.7001953125,5196.39990234375
1772069400,5196.2001953125,5206.5,5194.5,5201.2001953125
1772070000,5201.0,5208.2998046875,5200.7998046875,5206.10009765625
1772070600,5205.0,5209.39990234375,5200.2001953125,5206.7998046875
1772071200,5207.0,5211.5,5200.2998046875,5202.2998046875
1772071800,5202.60009765625,5206.0,5196.89990234375,5203.2998046875
1772072400,5203.5,5204.89990234375,5196.0,5196.0
1772073000,5195.7998046875,5199.39990234375,5189.7998046875,5195.7998046875
1772073600,5195.2998046875,5198.39990234375,5188.7998046875,5196.5
1772074200,5196.5,5202.0,5196.5,5199.60009765625
1772074800,5199.39990234375,5203.5,5198.2001953125,5201.39990234375
1772075400,5202.2001953125,5209.39990234375,5200.0,5205.89990234375
1772076000,5205.0,5206.7998046875,5202.7998046875,5203.89990234375
1772076600,5203.89990234375,5205.5,5201.60009765625,5202.10009765625
1772077200,5202.60009765625,5204.7001953125,5200.0,5204.7001953125
1772077800,5204.7001953125,5208.60009765625,5203.60009765625,5208.10009765625
1772078400,5208.10009765625,5212.5,5207.89990234375,5211.7998046875
1772079000,5211.39990234375,5215.39990234375,5207.5,5209.7998046875
1772079600,5209.5,5211.2001953125,5207.39990234375,5210.10009765625
1772080200,5209.89990234375,5211.5,5208.89990234375,5211.0
1772080800,5211.2001953125,5211.60009765625,5206.60009765625,5207.0
1772081400,5207.39990234375,5209.39990234375,5206.60009765625,5208.7001953125
1772082000,5208.7998046875,5211.2001953125,5206.10009765625,5210.7998046875
1772082600,5211.2998046875,5219.10009765625,5209.60009765625,5215.89990234375
1772083200,5215.5,5221.89990234375,5214.10009765625,5216.60009765625
1772083800,5216.2998046875,5219.7001953125,5212.2998046875,5215.39990234375
1772084400,5215.60009765625,5218.10009765625,5207.5,5209.7998046875
1772085000,5210.60009765625,5215.0,5209.2998046875,5214.39990234375
1772085600,5214.7998046875,5216.10009765625,5209.89990234375,5214.7001953125
1772086200,5214.60009765625,5215.0,5210.7998046875,5212.5
1772086800,5212.7998046875,5214.0,5209.5,5210.10009765625
1772087400,5209.7998046875,5215.10009765625,5209.7998046875,5213.5
1772088000,5213.7998046875,5214.2998046875,5208.89990234375,5209.7001953125
1772088600,5209.7998046875,5213.7001953125,5207.0,5209.7998046875
1772089200,5210.2001953125,5211.5,5198.0,5201.39990234375
1772089800,5201.39990234375,5207.2998046875,5199.0,5205.7001953125
1772090400,5205.7998046875,5206.10009765625,5198.7001953125,5201.60009765625
1772091000,5202.0,5205.7998046875,5201.10009765625,5204.7998046875
1772091600,5205.5,5206.5,5198.2998046875,5198.2998046875
1772092200,5198.2998046875,5204.89990234375,5196.39990234375,5202.60009765625
1772092800,5202.7998046875,5204.0,5195.89990234375,5200.2998046875
1772093400,5200.89990234375,5207.89990234375,5200.2998046875,5203.7001953125
1772094000,5203.7998046875,5204.2001953125,5191.10009765625,5193.10009765625
1772094600,5192.60009765625,5196.7001953125,5186.5,5190.7998046875
1772095200,5190.60009765625,5196.0,5182.89990234375,5196.0
1772095800,5195.89990234375,5198.5,5191.60009765625,5195.7998046875
1772096400,5195.39990234375,5196.7998046875,5190.10009765625,5193.7001953125
1772097000,5193.7001953125,5198.60009765625,5191.89990234375,5193.0
1772097600,5193.10009765625,5198.2001953125,5190.89990234375,5197.2001953125
1772098200,5197.10009765625,5199.7998046875,5195.39990234375,5199.2001953125
1772098800,5199.0,5201.60009765625,5196.39990234375,5200.7998046875
1772099400,5200.7001953125,5205.7998046875,5200.2001953125,5202.39990234375
1772100000,5202.60009765625,5206.39990234375,5201.7998046875,5204.5
1772100600,5204.5,5204.7998046875,5197.60009765625,5199.0
1772101200,5199.0,5201.0,5194.89990234375,5195.0
1772101800,5194.89990234375,5195.2998046875,5187.60009765625,5191.7998046875
1772102400,5191.89990234375,5194.7001953125,5186.0,5187.0
1772103000,5186.7001953125,5189.5,5180.60009765625,5187.10009765625
1772103600,5186.7998046875,5194.2998046875,5184.7998046875,5193.10009765625
1772104200,5192.7001953125,5193.10009765625,5187.10009765625,5191.60009765625
1772104800,5191.2001953125,5192.0,5186.7001953125,5187.89990234375
1772105400,5188.10009765625,5191.7998046875,5187.7001953125,5189.2998046875
1772106000,5189.7998046875,5191.0,5186.89990234375,5187.5
1772106600,5187.7998046875,5187.7998046875,5176.39990234375,5180.7001953125
1772107200,5180.89990234375,5185.2001953125,5173.10009765625,5185.0
1772107800,5185.2998046875,5189.89990234375,5182.2001953125,5188.2998046875
1772108400,5188.60009765625,5196.5,5186.2998046875,5194.7001953125
1772109000,5195.10009765625,5201.0,5194.2001953125,5198.5
1772109600,5198.39990234375,5204.2001953125,5197.39990234375,5197.39990234375
1772110200,5197.60009765625,5201.10009765625,5195.2998046875,5200.0
1772110800,5200.10009765625,5202.10009765625,5187.2998046875,5188.7001953125
1772111400,5188.5,5194.0,5184.60009765625,5187.60009765625
1772112000,5188.2001953125,5195.2001953125,5187.10009765625,5191.10009765625
1772112600,5191.2001953125,5193.2001953125,5181.7998046875,5190.0
1772113200,5189.2001953125,5190.5,5180.2001953125,5185.0
1772113800,5184.60009765625,5187.89990234375,5182.10009765625,5182.2998046875
1772114400,5182.2001953125,5186.0,5176.0,5179.60009765625
1772115000,5179.39990234375,5184.89990234375,5178.5,5182.39990234375
1772115600,5182.7998046875,5188.5,5179.2998046875,5186.7001953125
1772116200,5186.39990234375,5191.39990234375,5154.60009765625,5182.2001953125
1772116800,5182.0,5192.2001953125,5174.39990234375,5187.0
1772117400,5188.39990234375,5189.7001953125,5179.7001953125,5181.10009765625
1772118000,5180.7001953125,5188.60009765625,5174.89990234375,5183.2001953125
1772118600,5184.0,5188.0,5166.39990234375,5174.89990234375
1772119200,5175.60009765625,5178.5,5144.7998046875,5157.5
1772119800,5157.2998046875,5185.7001953125,5156.2001953125,5184.89990234375
1772120400,5184.7998046875,5204.0,5182.10009765625,5199.2001953125
1772121000,5199.39990234375,5210.10009765625,5197.60009765625,5202.5
1772121600,5203.0,5204.2998046875,5193.39990234375,5195.2001953125
1772122200,5194.60009765625,5201.7998046875,5189.39990234375,5198.2998046875
1772122800,5198.2001953125,5201.2998046875,5192.60009765625,5197.60009765625
1772123400,5196.89990234375,5201.5,5194.7001953125,5199.10009765625
1772124000,5199.60009765625,5203.2001953125,5194.60009765625,5198.5
1772124600,5198.10009765625,5200.7998046875,5192.10009765625,5196.2998046875
1772125200,5196.7001953125,5205.39990234375,5195.2998046875,5203.2001953125
1772125800,5203.5,5207.39990234375,5192.0,5195.10009765625
1772126400,5196.0,5199.0,5190.39990234375,5191.0
1772127000,5191.2001953125,5194.7998046875,5188.7001953125,5190.5
1772127600,5191.2001953125,5193.7001953125,5182.2998046875,5186.2998046875
1772128200,5186.39990234375,5189.7001953125,5178.60009765625,5184.0
1772128800,5184.2001953125,5188.39990234375,5180.5,5186.89990234375
1772129400,5186.2001953125,5193.39990234375,5185.60009765625,5191.39990234375
1772130000,5191.2001953125,5195.2998046875,5190.7001953125,5194.10009765625
1772130600,5194.2001953125,5197.89990234375,5176.2998046875,5191.7001953125
1772131200,5192.2998046875,5201.39990234375,5191.2001953125,5200.7998046875
1772131800,5200.7998046875,5202.7998046875,5195.0,5196.89990234375
1772132400,5197.2998046875,5204.60009765625,5195.89990234375,5202.89990234375
1772133000,5203.2001953125,5205.2001953125,5201.39990234375,5204.60009765625
1772133600,5204.39990234375,5206.2001953125,5201.5,5202.7001953125
1772134200,5203.0,5208.0,5200.2001953125,5201.10009765625
1772134800,5201.39990234375,5211.2998046875,5201.39990234375,5211.10009765625
1772135400,5211.10009765625,5211.2001953125,5203.2998046875,5204.2001953125
1772136000,5203.89990234375,5213.5,5203.7998046875,5212.2998046875
1772136600,5211.89990234375,5215.0,5208.7001953125,5211.39990234375
1772137200,5211.89990234375,5215.10009765625,5210.2998046875,5210.7998046875
1772137800,5210.89990234375,5216.5,5207.7998046875,5215.0
1772138400,5214.7001953125,5218.2001953125,5213.5,5217.2001953125
1772139000,5217.5,5217.7998046875,5206.89990234375,5213.5
1772139600,5213.7998046875,5217.7998046875,5213.7998046875,5216.89990234375
1772140200,5216.7001953125,5216.7001953125,5211.0,5212.2001953125
1772140800,5212.7998046875,5214.10009765625,5202.2001953125,5203.2998046875
1772141400,5202.89990234375,5206.2001953125,5201.7001953125,5204.2001953125
1772142000,5204.2998046875,5208.5,5204.2001953125,5204.60009765625
1772142600,5204.5,5205.2998046875,5200.2001953125,5201.5
1772146800,5201.89990234375,5206.7001953125,5191.5,5201.0
1772147400,5200.89990234375,5205.10009765625,5199.60009765625,5200.60009765625
1772148000,5200.60009765625,5204.2001953125,5197.7998046875,5200.89990234375
1772148600,5201.0,5204.0,5198.0,5203.89990234375
1772149200,5203.5,5206.10009765625,5200.39990234375,5200.5
1772149800,5200.7998046875,5202.7001953125,5199.0,5200.89990234375
1772150400,5201.60009765625,5202.5,5195.10009765625,5198.89990234375
1772151000,5199.5,5206.89990234375,5199.10009765625,5205.7998046875
1772151600,5206.39990234375,5212.0,5204.2001953125,5204.2001953125
1772152200,5204.2001953125,5206.10009765625,5187.5,5191.2998046875
1772152800,5190.2998046875,5194.2998046875,5186.0,5190.10009765625
1772153400,5190.39990234375,5194.0,5188.89990234375,5191.60009765625
1772154000,5191.10009765625,5193.7998046875,5182.89990234375,5191.5
1772154600,5191.5,5195.39990234375,5191.0,5194.7001953125
1772155200,5193.89990234375,5196.7998046875,5191.2001953125,5191.39990234375
1772155800,5191.10009765625,5207.5,5189.39990234375,5206.7001953125
1772156400,5207.0,5207.39990234375,5203.0,5204.0
1772157000,5203.89990234375,5210.5,5203.39990234375,5210.2001953125
1772157600,5210.2001953125,5216.2001953125,5207.60009765625,5212.10009765625
1772158200,5212.60009765625,5213.10009765625,5207.89990234375,5208.2001953125
1772158800,5208.2998046875,5208.7998046875,5200.7998046875,5200.89990234375
1772159400,5201.2998046875,5203.10009765625,5191.2998046875,5195.7001953125
1772160000,5195.7001953125,5199.7001953125,5194.0,5195.39990234375
1772160600,5195.2998046875,5201.60009765625,5190.2001953125,5200.2998046875
1772161200,5200.7001953125,5202.0,5197.5,5199.39990234375
1772161800,5200.2001953125,5201.39990234375,5198.10009765625,5200.2998046875
1772162400,5200.0,5205.0,5198.60009765625,5203.5
1772163000,5203.39990234375,5205.60009765625,5200.2001953125,5202.7998046875
1772163600,5202.2998046875,5207.39990234375,5202.2001953125,5206.2001953125
1772164200,5206.10009765625,5207.2001953125,5200.89990234375,5201.2001953125
1772164800,5200.60009765625,5204.2998046875,5200.60009765625,5202.60009765625
1772165400,5202.60009765625,5203.39990234375,5200.7998046875,5201.60009765625
1772166000,5201.0,5205.5,5198.0,5204.10009765625
1772166600,5203.7998046875,5205.2998046875,5202.0,5204.2998046875
1772167200,5204.10009765625,5204.5,5201.7998046875,5202.2001953125
1772167800,5202.10009765625,5202.39990234375,5199.10009765625,5200.5
1772168400,5198.10009765625,5202.39990234375,5198.0,5201.2998046875
1772169000,5201.0,5204.2001953125,5200.7998046875,5203.2001953125
1772169600,5203.2001953125,5211.5,5203.0,5211.5
1772170200,5211.5,5214.2998046875,5207.2998046875,5211.2001953125
1772170800,5211.2001953125,5211.39990234375,5207.89990234375,5207.89990234375
1772171400,5207.7998046875,5217.5,5207.7998046875,5214.7001953125
1772172000,5214.60009765625,5215.5,5210.0,5211.2998046875
1772172600,5211.7998046875,5216.2998046875,5211.5,5212.0
1772173200,5212.0,5213.5,5209.2001953125,5210.10009765625
1772173800,5210.5,5213.5,5208.60009765625,5211.2998046875
1772174400,5211.39990234375,5213.7001953125,5208.5,5209.0
1772175000,5208.7001953125,5210.0,5201.89990234375,5202.7998046875
1772175600,5202.89990234375,5206.5,5200.5,5204.0
1772176200,5204.2001953125,5206.2998046875,5194.5,5194.89990234375
1772176800,5195.10009765625,5202.2998046875,5194.5,5195.39990234375
1772177400,5195.60009765625,5199.2998046875,5192.60009765625,5199.10009765625
1772178000,5199.2998046875,5199.60009765625,5196.5,5198.10009765625
1772178600,5198.2001953125,5199.39990234375,5192.60009765625,5193.10009765625
1772179200,5193.2001953125,5199.39990234375,5193.2001953125,5197.2998046875
1772179800,5197.7998046875,5198.0,5193.7998046875,5196.0
1772180400,5195.7998046875,5196.5,5191.10009765625,5194.60009765625
1772181000,5194.10009765625,5199.2001953125,5193.7001953125,5196.89990234375
1772181600,5196.7001953125,5199.0,5195.7001953125,5196.10009765625
1772182200,5195.7001953125,5197.39990234375,5193.10009765625,5195.10009765625
1772182800,5195.39990234375,5198.0,5192.5,5194.7998046875
1772183400,5194.5,5197.5,5191.5,5194.2001953125
1772184000,5194.2001953125,5198.60009765625,5193.7001953125,5195.7001953125
1772184600,5195.2001953125,5196.89990234375,5194.2001953125,5196.89990234375
1772185200,5196.89990234375,5199.2998046875,5188.89990234375,5193.39990234375
1772185800,5193.7998046875,5194.2998046875,5188.5,5192.2998046875
1772186400,5192.5,5193.2998046875,5187.60009765625,5191.0
1772187000,5191.2001953125,5196.60009765625,5183.2001953125,5194.7998046875
1772187600,5194.60009765625,5197.2001953125,5188.5,5189.5
1772188200,5189.60009765625,5192.7001953125,5184.60009765625,5190.5
1772188800,5191.10009765625,5195.60009765625,5188.5,5194.10009765625
1772189400,5194.2998046875,5194.5,5191.7001953125,5193.60009765625
1772190000,5193.60009765625,5194.2001953125,5190.7998046875,5193.2998046875
1772190600,5193.39990234375,5194.2998046875,5188.2998046875,5190.10009765625
1772191200,5190.2001953125,5195.2001953125,5189.2001953125,5193.7001953125
1772191800,5193.89990234375,5196.5,5192.89990234375,5193.60009765625
1772192400,5193.89990234375,5197.89990234375,5192.89990234375,5197.5
1772193000,5197.2998046875,5202.2001953125,5196.5,5202.0
1772193600,5202.10009765625,5207.0,5201.5,5204.2001953125
1772194200,5204.10009765625,5205.0,5201.7998046875,5204.39990234375
1772194800,5204.7998046875,5206.39990234375,5201.89990234375,5203.60009765625
1772195400,5203.7998046875,5205.0,5200.7001953125,5202.10009765625
1772196000,5202.5,5204.5,5199.60009765625,5201.2001953125
1772196600,5201.5,5205.7001953125,5200.5,5204.2998046875
1772197200,5204.5,5235.0,5203.5,5229.2001953125
1772197800,5229.2001953125,5239.2998046875,5228.2001953125,5236.60009765625
1772198400,5236.7998046875,5259.2998046875,5235.0,5254.89990234375
1772199000,5254.0,5256.0,5232.60009765625,5236.2998046875
1772199600,5236.0,5237.2998046875,5225.39990234375,5230.60009765625
1772200200,5231.0,5243.39990234375,5228.60009765625,5240.7998046875
1772200800,5240.7998046875,5248.0,5235.10009765625,5237.2998046875
1772201400,5237.39990234375,5246.2998046875,5237.0,5246.2998046875
1772202000,5246.60009765625,5254.2998046875,5242.39990234375,5248.89990234375
1772202600,5248.89990234375,5251.39990234375,5234.5,5236.0
1772203200,5236.10009765625,5245.39990234375,5230.60009765625,5239.7001953125
1772203800,5240.60009765625,5247.0,5239.5,5240.89990234375
1772204400,5240.7998046875,5254.7998046875,5237.0,5248.2001953125
1772205000,5248.7998046875,5258.5,5238.2001953125,5241.0
1772205600,5241.0,5249.2998046875,5232.60009765625,5248.89990234375
1772206200,5249.39990234375,5255.0,5244.7001953125,5249.2998046875
1772206800,5249.10009765625,5255.10009765625,5246.7001953125,5253.7001953125
1772207400,5253.89990234375,5265.0,5250.10009765625,5257.7998046875
1772208000,5258.0,5264.7998046875,5252.0,5262.60009765625
1772208600,5262.5,5276.60009765625,5262.2998046875,5269.2998046875
1772209200,5269.0,5269.0,5240.60009765625,5252.5
1772209800,5252.5,5257.10009765625,5247.60009765625,5253.5
1772210400,5253.2001953125,5256.7998046875,5250.2998046875,5252.5
1772211000,5252.7998046875,5256.2998046875,5246.7001953125,5246.89990234375
1772211600,5247.10009765625,5252.39990234375,5243.7001953125,5250.39990234375
1772212200,5250.5,5253.5,5245.2001953125,5245.5
1772212800,5245.7998046875,5249.5,5240.60009765625,5246.2998046875
1772213400,5246.0,5248.5,5237.39990234375,5246.60009765625
1772214000,5246.2998046875,5254.5,5245.7001953125,5254.0
1772214600,5253.7001953125,5254.39990234375,5249.7001953125,5252.39990234375
1772215200,5252.2001953125,5256.2998046875,5251.39990234375,5253.2998046875
1772215800,5253.2001953125,5253.89990234375,5249.7001953125,5250.39990234375
1772216400,5250.60009765625,5251.7998046875,5240.0,5248.2001953125
1772217000,5248.10009765625,5250.39990234375,5244.5,5249.10009765625
1772217600,5248.5,5262.10009765625,5248.0,5261.2001953125
1772218200,5261.2998046875,5264.7998046875,5258.0,5263.0
1772218800,5262.7998046875,5269.10009765625,5262.7998046875,5266.5
1772219400,5266.39990234375,5270.7998046875,5258.2001953125,5268.39990234375
1772220000,5268.7998046875,5269.10009765625,5264.39990234375,5266.5
1772220600,5266.89990234375,5269.7998046875,5265.5,5265.89990234375
1772221200,5265.7001953125,5266.7001953125,5262.0,5266.7001953125
1772221800,5266.60009765625,5269.5,5266.2998046875,5268.39990234375
1772222400,5267.89990234375,5270.7998046875,5266.89990234375,5269.5
1772223000,5270.10009765625,5274.60009765625,5269.39990234375,5273.60009765625
1772223600,5273.5,5280.7998046875,5272.7998046875,5275.5
1772224200,5275.39990234375,5279.5,5273.2998046875,5275.2998046875
1772224800,5275.2001953125,5281.7001953125,5275.2001953125,5280.89990234375
1772225400,5281.0,5283.7998046875,5278.60009765625,5281.2998046875
1772226000,5281.60009765625,5282.60009765625,5276.2001953125,5279.60009765625
1772226600,5279.39990234375,5280.89990234375,5275.60009765625,5277.39990234375
1772227200,5277.60009765625,5282.2001953125,5277.60009765625,5280.7001953125
1772227800,5280.39990234375,5289.0,5278.5,5288.39990234375
1772228400,5288.60009765625,5296.89990234375,5288.60009765625,5295.5
1772229000,5295.2998046875,5299.0,5247.89990234375,5247.89990234375
1772406600,5364.2001953125,5372.0,5354.2998046875,5360.39990234375
1772407200,5360.0,5370.7001953125,5357.0,5368.5
1772407800,5369.2001953125,5395.0,5366.60009765625,5390.7998046875
1772408400,5392.0,5409.7001953125,5387.7998046875,5401.60009765625
1772409000,5401.89990234375,5405.0,5391.0,5400.39990234375
1772409600,5401.2998046875,5402.0,5376.0,5381.5
1772410200,5381.5,5392.39990234375,5373.0,5374.2998046875
1772410800,5374.7001953125,5381.39990234375,5363.2001953125,5379.2998046875
1772411400,5379.2998046875,5388.0,5373.89990234375,5386.39990234375
1772412000,5386.0,5386.7001953125,5375.2001953125,5378.60009765625
1772412600,5379.2001953125,5379.7001953125,5353.89990234375,5360.60009765625
1772413200,5360.5,5360.60009765625,5328.2001953125,5341.2001953125
1772413800,5341.0,5359.60009765625,5339.0,5345.89990234375
1772414400,5345.10009765625,5349.2998046875,5315.2998046875,5320.5
1772415000,5320.2998046875,5347.10009765625,5317.60009765625,5346.60009765625
1772415600,5347.2998046875,5352.0,5339.2998046875,5343.89990234375
1772416200,5343.2998046875,5350.2998046875,5334.5,5338.2998046875
1772416800,5338.5,5344.0,5329.2001953125,5340.39990234375
1772417400,5340.10009765625,5348.10009765625,5335.89990234375,5340.10009765625
1772418000,5340.2998046875,5349.89990234375,5339.5,5344.39990234375
1772418600,5343.7998046875,5357.89990234375,5341.60009765625,5351.60009765625
1772419200,5351.7998046875,5364.89990234375,5351.7998046875,5358.89990234375
1772419800,5358.60009765625,5361.89990234375,5353.7998046875,5358.7998046875
1772420400,5358.7998046875,5369.10009765625,5357.39990234375,5365.10009765625
1772421000,5364.89990234375,5372.2998046875,5362.7998046875,5372.2001953125
1772421600,5371.60009765625,5372.7998046875,5366.7998046875,5368.5
1772422200,5368.0,5378.0,5366.39990234375,5376.89990234375
1772422800,5376.7998046875,5377.5,5371.60009765625,5375.39990234375
1772423400,5375.5,5379.5,5373.2001953125,5378.7001953125
1772424000,5378.60009765625,5380.0,5368.10009765625,5370.0
1772424600,5370.2998046875,5379.0,5368.5,5377.60009765625
1772425200,5378.2998046875,5379.2998046875,5375.7998046875,5377.0
1772425800,5377.2001953125,5377.60009765625,5358.39990234375,5363.60009765625
1772426400,5363.7998046875,5368.5,5360.0,5366.89990234375
1772427000,5366.89990234375,5371.2998046875,5365.60009765625,5369.7998046875
1772427600,5368.2001953125,5368.2001953125,5359.7001953125,5360.2001953125
1772428200,5360.0,5367.5,5353.39990234375,5362.39990234375
1772428800,5362.10009765625,5367.39990234375,5360.89990234375,5363.5
1772429400,5364.10009765625,5372.7001953125,5361.89990234375,5371.60009765625
1772430000,5371.2998046875,5378.60009765625,5370.10009765625,5376.60009765625
1772430600,5377.7001953125,5380.0,5374.39990234375,5378.89990234375
1772431200,5378.7998046875,5393.39990234375,5376.7001953125,5388.89990234375
1772431800,5389.60009765625,5393.2001953125,5386.60009765625,5390.89990234375
1772432400,5391.5,5397.0,5390.60009765625,5395.39990234375
1772433000,5394.89990234375,5397.39990234375,5388.7998046875,5392.7001953125
1772433600,5391.89990234375,5401.10009765625,5388.2998046875,5398.7001953125
1772434200,5398.39990234375,5403.89990234375,5396.10009765625,5401.5
1772434800,5401.7001953125,5416.0,5398.89990234375,5415.2998046875
1772435400,5416.2998046875,5434.0,5410.5,5432.39990234375
1772436000,5433.0,5434.10009765625,5422.0,5422.0
1772436600,5422.5,5426.0,5417.0,5419.89990234375
1772437200,5420.2001953125,5429.2001953125,5416.2001953125,5426.2001953125
1772437800,5425.89990234375,5426.2001953125,5416.7998046875,5423.0
1772438400,5422.7998046875,5427.7998046875,5417.39990234375,5426.89990234375
1772439000,5426.7001953125,5428.5,5417.0,5420.2998046875
1772439600,5420.89990234375,5431.39990234375,5416.5,5431.0
1772440200,5431.2001953125,5432.0,5423.7001953125,5424.2001953125
1772440800,5423.7998046875,5425.39990234375,5411.60009765625,5423.7998046875
1772441400,5424.2998046875,5424.7001953125,5406.2998046875,5408.89990234375
1772442000,5409.10009765625,5415.39990234375,5405.5,5412.60009765625
1772442600,5412.5,5413.60009765625,5404.39990234375,5406.7001953125
1772443200,5405.60009765625,5411.89990234375,5400.0,5409.2001953125
1772443800,5409.2001953125,5418.39990234375,5408.39990234375,5410.0
1772444400,5410.10009765625,5412.7998046875,5403.2998046875,5405.39990234375
1772445000,5406.0,5411.0,5402.2998046875,5406.89990234375
1772445600,5407.7998046875,5407.7998046875,5393.60009765625,5405.39990234375
1772446200,5405.60009765625,5409.39990234375,5402.5,5405.7001953125
1772446800,5405.5,5406.39990234375,5398.60009765625,5404.89990234375
1772447400,5405.10009765625,5413.7998046875,5401.7998046875,5409.7001953125
1772448000,5409.2998046875,5416.7998046875,5407.5,5410.7001953125
1772448600,5410.2998046875,5410.89990234375,5396.0,5404.10009765625
1772449200,5404.2001953125,5409.2001953125,5398.60009765625,5400.39990234375
1772449800,5400.0,5412.0,5396.7001953125,5408.39990234375
1772450400,5408.2998046875,5408.2998046875,5402.60009765625,5405.10009765625
1772451000,5405.5,5415.0,5404.0,5409.89990234375
1772451600,5410.5,5410.60009765625,5386.0,5395.7001953125
1772452200,5395.7998046875,5399.60009765625,5392.0,5399.60009765625
1772452800,5399.89990234375,5411.5,5393.5,5405.7001953125
1772453400,5405.60009765625,5413.0,5399.2998046875,5401.2001953125
1772454000,5401.39990234375,5410.7001953125,5400.60009765625,5409.0
1772454600,5409.10009765625,5411.39990234375,5403.7001953125,5407.39990234375
1772455200,5407.60009765625,5413.7001953125,5407.2998046875,5410.7998046875
1772455800,5411.0,5412.7998046875,5401.10009765625,5412.39990234375
1772456400,5412.2001953125,5425.60009765625,5405.0,5412.7001953125
1772457000,5413.2998046875,5416.2998046875,5396.7998046875,5408.7998046875
1772457600,5409.0,5425.2001953125,5406.2001953125,5416.89990234375
1772458200,5417.39990234375,5432.2001953125,5412.2001953125,5415.2998046875
1772458800,5415.0,5423.0,5406.60009765625,5410.2001953125
1772459400,5411.0,5414.0,5404.5,5409.7998046875
1772460000,5409.0,5410.7998046875,5386.2998046875,5386.60009765625
1772460600,5386.5,5393.0,5375.60009765625,5378.7998046875
1772461200,5378.60009765625,5384.39990234375,5320.2998046875,5347.7001953125
1772461800,5347.89990234375,5364.39990234375,5318.60009765625,5358.39990234375
1772462400,5358.60009765625,5370.10009765625,5344.7001953125,5354.7001953125
1772463000,5355.2998046875,5356.60009765625,5334.0,5346.39990234375
1772463600,5346.10009765625,5360.60009765625,5324.39990234375,5349.5
1772464200,5349.39990234375,5356.5,5331.2001953125,5337.60009765625
1772464800,5336.5,5353.5,5334.39990234375,5344.7998046875
1772465400,5344.7998046875,5364.2998046875,5344.2001953125,5362.10009765625
1772466000,5362.7998046875,5363.10009765625,5340.2998046875,5348.7998046875
1772466600,5348.7001953125,5351.7001953125,5321.60009765625,5329.60009765625
1772467200,5328.7001953125,5329.2998046875,5272.89990234375,5303.7001953125
1772467800,5305.0,5317.10009765625,5294.0,5299.10009765625
1772468400,5299.5,5328.7001953125,5295.89990234375,5324.2001953125
1772469000,5323.89990234375,5325.2001953125,5295.89990234375,5320.2001953125
1772469600,5320.7001953125,5326.39990234375,5308.0,5313.2001953125
1772470200,5313.10009765625,5318.39990234375,5303.0,5304.0
1772470800,5303.60009765625,5325.5,5300.39990234375,5318.7001953125
1772471400,5317.7998046875,5317.7998046875,5306.0,5310.2998046875
1772472000,5310.2998046875,5327.2001953125,5310.10009765625,5319.0
1772472600,5318.89990234375,5335.10009765625,5318.7001953125,5323.7998046875
1772473200,5323.60009765625,5325.10009765625,5316.2998046875,5319.2001953125
1772473800,5318.7998046875,5323.5,5311.89990234375,5321.10009765625
1772474400,5321.39990234375,5322.2998046875,5304.39990234375,5306.0
1772475000,5306.2998046875,5320.0,5302.89990234375,5316.60009765625
1772475600,5316.89990234375,5319.60009765625,5307.0,5311.0
1772476200,5311.0,5313.10009765625,5304.2001953125,5308.0
1772476800,5308.39990234375,5327.0,5308.10009765625,5324.89990234375
1772477400,5325.0,5330.7998046875,5320.7998046875,5329.7998046875
1772478000,5329.89990234375,5344.7001953125,5328.2001953125,5344.0
1772478600,5344.0,5347.2001953125,5332.7998046875,5339.2998046875
1772479200,5339.2998046875,5347.0,5334.5,5345.0
1772479800,5345.10009765625,5348.5,5339.89990234375,5343.2998046875
1772480400,5343.2001953125,5345.10009765625,5337.60009765625,5342.2998046875
1772481000,5341.89990234375,5346.0,5337.10009765625,5344.2001953125
1772481600,5344.10009765625,5357.2998046875,5342.2001953125,5353.2001953125
1772482200,5352.7998046875,5360.89990234375,5342.5,5344.0
1772482800,5344.39990234375,5360.7998046875,5343.60009765625,5347.7001953125
1772483400,5348.0,5359.0,5346.7998046875,5356.10009765625
1772484000,5357.2998046875,5359.7001953125,5349.2001953125,5352.39990234375
1772484600,5352.5,5357.2998046875,5345.0,5346.10009765625
1772485200,5346.5,5354.0,5345.5,5354.0
1772485800,5353.2001953125,5354.60009765625,5349.0,5353.5
1772486400,5352.0,5352.2998046875,5346.0,5346.7001953125
1772487000,5346.7001953125,5346.89990234375,5340.2998046875,5343.60009765625
1772487600,5343.0,5347.5,5337.2001953125,5341.39990234375
1772488200,5341.7001953125,5342.89990234375,5335.39990234375,5335.89990234375
1772492400,5335.7001953125,5360.89990234375,5334.89990234375,5351.2998046875
1772493000,5351.2001953125,5355.2001953125,5346.7998046875,5351.2998046875
1772493600,5350.89990234375,5351.60009765625,5342.7998046875,5350.10009765625
1772494200,5350.7001953125,5350.7001953125,5344.39990234375,5345.10009765625
1772494800,5344.89990234375,5351.60009765625,5343.7998046875,5349.7001953125
1772495400,5351.0,5360.39990234375,5351.0,5359.10009765625
1772496000,5359.89990234375,5360.2998046875,5350.10009765625,5355.2998046875
1772496600,5356.89990234375,5374.60009765625,5355.39990234375,5370.5
1772497200,5370.5,5372.2998046875,5365.60009765625,5371.7998046875
1772497800,5371.89990234375,5376.89990234375,5362.0,5365.39990234375
1772498400,5366.0,5374.0,5362.60009765625,5367.7998046875
1772499000,5368.39990234375,5369.7998046875,5360.39990234375,5364.5
1772499600,5364.89990234375,5386.7001953125,5361.2001953125,5383.0
1772500200,5383.2998046875,5387.60009765625,5376.2998046875,5386.39990234375
1772500800,5385.7001953125,5394.2001953125,5385.10009765625,5391.2998046875
1772501400,5391.7998046875,5392.39990234375,5382.0,5387.2001953125
1772502000,5387.7001953125,5387.89990234375,5356.2998046875,5365.7001953125
1772502600,5365.60009765625,5375.89990234375,5351.5,5352.89990234375
1772503200,5353.7001953125,5370.7001953125,5346.7001953125,5365.60009765625
1772503800,5365.0,5368.2001953125,5357.10009765625,5362.60009765625
1772504400,5362.89990234375,5373.60009765625,5361.7001953125,5372.89990234375
1772505000,5372.39990234375,5378.89990234375,5368.89990234375,5371.89990234375
1772505600,5372.60009765625,5381.2001953125,5369.7001953125,5377.5
1772506200,5377.39990234375,5381.7998046875,5372.7001953125,5380.0
1772506800,5380.7001953125,5385.10009765625,5380.2001953125,5383.2998046875
1772507400,5384.2998046875,5385.10009765625,5376.7998046875,5381.10009765625
1772508000,5381.5,5387.2001953125,5378.7998046875,5380.5
1772508600,5380.5,5383.2998046875,5379.10009765625,5379.7998046875
1772509200,5380.2001953125,5383.89990234375,5378.0,5380.2998046875
1772509800,5380.7001953125,5381.2001953125,5372.2001953125,5381.2001953125
1772510400,5380.7998046875,5381.2001953125,5375.10009765625,5378.2001953125
1772511000,5378.10009765625,5380.5,5373.0,5380.5
1772511600,5380.89990234375,5389.0,5380.89990234375,5385.2001953125
1772512200,5385.2001953125,5389.2001953125,5381.0,5382.39990234375
1772512800,5382.39990234375,5385.60009765625,5376.7001953125,5377.2001953125
1772513400,5377.60009765625,5381.60009765625,5375.2998046875,5377.89990234375
1772514000,5374.7001953125,5379.89990234375,5368.10009765625,5379.7001953125
1772514600,5379.5,5381.5,5366.7998046875,5373.5
1772515200,5373.60009765625,5376.5,5370.0,5372.89990234375
1772515800,5373.10009765625,5373.39990234375,5347.5,5351.7998046875
1772516400,5351.2001953125,5360.5,5334.89990234375,5340.39990234375
1772517000,5340.10009765625,5343.2998046875,5318.0,5331.89990234375
1772517600,5333.7001953125,5336.2001953125,5315.7998046875,5321.60009765625
1772518200,5322.5,5327.2001953125,5292.10009765625,5315.7998046875
1772518800,5316.2001953125,5333.0,5315.89990234375,5329.7998046875
1772519400,5330.10009765625,5331.89990234375,5308.0,5318.7998046875
1772520000,5320.10009765625,5328.10009765625,5315.60009765625,5317.60009765625
1772520600,5318.60009765625,5325.10009765625,5303.2998046875,5323.0
1772521200,5322.7998046875,5331.2001953125,5318.5,5325.89990234375
1772521800,5325.7001953125,5332.0,5321.60009765625,5328.60009765625
1772522400,5329.0,5331.89990234375,5323.0,5326.0
1772523000,5326.0,5338.7998046875,5326.0,5338.10009765625
1772523600,5338.2998046875,5342.39990234375,5334.2001953125,5337.7998046875
1772524200,5338.2998046875,5346.10009765625,5337.39990234375,5340.60009765625
1772524800,5340.5,5349.0,5337.7001953125,5339.89990234375
1772525400,5339.7998046875,5341.10009765625,5330.7001953125,5340.7001953125
1772526000,5340.7001953125,5341.5,5323.89990234375,5325.5
1772526600,5325.7001953125,5326.7001953125,5312.2001953125,5312.89990234375
1772527200,5312.89990234375,5323.7001953125,5308.5,5323.2001953125
1772527800,5321.60009765625,5324.10009765625,5302.7998046875,5308.7998046875
1772528400,5308.5,5317.39990234375,5295.0,5307.7998046875
1772529000,5308.2001953125,5316.2998046875,5304.39990234375,5307.2998046875
1772529600,5307.5,5312.0,5236.0,5253.2998046875
1772530200,5253.7998046875,5282.5,5251.7001953125,5277.5
1772530800,5277.60009765625,5283.39990234375,5270.7998046875,5276.39990234375
1772531400,5276.5,5292.89990234375,5275.2998046875,5286.7998046875
1772532000,5287.2998046875,5300.10009765625,5280.10009765625,5286.89990234375
1772532600,5287.2001953125,5292.0,5275.39990234375,5281.2998046875
1772533200,5281.0,5293.2001953125,5281.0,5289.10009765625
1772533800,5287.0,5288.2998046875,5259.10009765625,5264.10009765625
1772534400,5265.0,5279.7001953125,5257.2001953125,5260.60009765625
1772535000,5261.0,5267.60009765625,5246.10009765625,5259.7001953125
1772535600,5258.2998046875,5274.7998046875,5168.0,5181.10009765625
1772536200,5179.60009765625,5221.89990234375,5170.5,5213.7998046875
1772536800,5215.10009765625,5219.2998046875,5122.10009765625,5136.39990234375
1772537400,5136.2998046875,5152.2001953125,5081.39990234375,5142.60009765625
1772538000,5142.60009765625,5160.0,5112.60009765625,5153.2001953125
1772538600,5152.2001953125,5168.2001953125,5147.7001953125,5154.0
1772539200,5154.5,5189.39990234375,5148.2001953125,5187.2998046875
1772539800,5187.5,5205.7001953125,5187.5,5202.2998046875
1772540400,5201.7998046875,5220.60009765625,5192.60009765625,5215.89990234375
1772541000,5215.7001953125,5223.2998046875,5198.39990234375,5216.0
1772541600,5217.60009765625,5222.0,5207.7998046875,5212.60009765625
1772542200,5212.2001953125,5236.89990234375,5205.7001953125,5234.5
1772542800,5234.60009765625,5234.60009765625,5159.39990234375,5164.0
1772543400,5164.2001953125,5189.60009765625,5152.10009765625,5185.7001953125
1772544000,5186.2001953125,5195.5,5170.89990234375,5188.60009765625
1772544600,5188.5,5197.60009765625,5166.10009765625,5169.0
1772545200,5168.7998046875,5170.2001953125,5137.2001953125,5161.7001953125
1772545800,5161.7001953125,5169.2001953125,5143.10009765625,5166.5
1772546400,5166.89990234375,5185.7998046875,5159.7001953125,5177.7001953125
1772547000,5177.7998046875,5183.39990234375,5151.39990234375,5151.60009765625
1772547600,5151.2998046875,5157.89990234375,5130.89990234375,5155.7998046875
1772548200,5154.7998046875,5154.7998046875,5111.89990234375,5134.89990234375
1772548800,5134.7001953125,5135.7998046875,5060.0,5066.7998046875
1772549400,5066.2998046875,5074.0,5025.0,5048.0
1772550000,5048.7998046875,5079.2001953125,5034.7001953125,5054.89990234375
1772550600,5055.0,5062.7998046875,5005.0,5034.2998046875
1772551200,5033.2998046875,5063.7998046875,5028.7998046875,5053.60009765625
1772551800,5053.5,5080.60009765625,5047.2998046875,5077.7998046875
1772552400,5076.7001953125,5088.0,5063.5,5083.2001953125
1772553000,5081.39990234375,5107.39990234375,5072.0,5105.2998046875
1772553600,5105.39990234375,5133.0,5100.2998046875,5122.5
1772554200,5123.0,5125.39990234375,5109.2001953125,5118.0
1772554800,5118.0,5137.0,5115.0,5123.39990234375
1772555400,5123.5,5145.2001953125,5117.7001953125,5133.5
1772556000,5134.2998046875,5136.60009765625,5111.2998046875,5120.89990234375
1772556600,5121.0,5124.7998046875,5108.2001953125,5117.89990234375
1772557200,5117.7998046875,5117.7998046875,5091.2998046875,5103.2998046875
1772557800,5103.10009765625,5120.60009765625,5099.39990234375,5116.7998046875
1772558400,5117.39990234375,5118.0,5090.89990234375,5092.89990234375
1772559000,5093.7001953125,5095.7998046875,5075.10009765625,5085.2998046875
1772559600,5084.7001953125,5096.2001953125,5081.60009765625,5092.2001953125
1772560200,5091.7001953125,5093.60009765625,5077.7001953125,5089.5
1772560800,5089.39990234375,5112.2001953125,5089.2998046875,5108.60009765625
1772561400,5108.7998046875,5116.10009765625,5106.39990234375,5111.10009765625
1772562000,5110.60009765625,5128.10009765625,5103.7001953125,5123.39990234375
1772562600,5123.2998046875,5149.7998046875,5118.10009765625,5143.7001953125
1772563200,5144.2001953125,5148.7001953125,5138.2001953125,5145.0
1772563800,5144.2998046875,5149.60009765625,5142.2998046875,5146.5
1772564400,5147.0,5161.5,5137.89990234375,5138.39990234375
1772565000,5138.10009765625,5138.39990234375,5112.7001953125,5124.60009765625
1772565600,5124.10009765625,5132.0,5113.2998046875,5116.89990234375
1772566200,5116.7998046875,5125.0,5109.2998046875,5120.7998046875
1772566800,5122.5,5138.60009765625,5118.5,5133.60009765625
1772567400,5133.5,5136.2998046875,5117.5,5122.2998046875
1772568000,5123.7001953125,5136.89990234375,5121.10009765625,5125.10009765625
1772568600,5125.39990234375,5133.10009765625,5123.60009765625,5124.89990234375
1772569200,5127.7001953125,5141.7001953125,5127.5,5133.39990234375
1772569800,5133.5,5136.60009765625,5118.0,5121.39990234375
1772570400,5121.60009765625,5123.7998046875,5110.7998046875,5115.10009765625
1772571000,5115.89990234375,5116.5,5096.0,5109.2998046875
1772571600,5108.60009765625,5122.0,5105.7998046875,5112.89990234375
1772572200,5113.2998046875,5115.7001953125,5100.10009765625,5105.2001953125
1772572800,5107.7998046875,5112.0,5100.2001953125,5100.89990234375
1772573400,5101.0,5105.10009765625,5095.0,5100.2998046875
1772574000,5100.60009765625,5107.7998046875,5095.2001953125,5098.89990234375
1772574600,5099.5,5104.39990234375,5093.2998046875,5099.5
1772578800,5110.0,5125.7001953125,5092.7998046875,5114.2998046875
1772579400,5115.5,5137.2001953125,5115.5,5130.89990234375
1772580000,5131.5,5136.39990234375,5127.7998046875,5134.89990234375
1772580600,5135.7001953125,5137.7998046875,5126.2998046875,5127.60009765625
1772581200,5127.10009765625,5139.10009765625,5125.89990234375,5135.7001953125
1772581800,5135.0,5136.10009765625,5129.10009765625,5133.39990234375
1772582400,5134.5,5134.7001953125,5114.2998046875,5125.0
1772583000,5124.0,5135.5,5121.0,5134.89990234375
1772583600,5134.10009765625,5137.10009765625,5122.7998046875,5134.0
1772584200,5134.2001953125,5139.7998046875,5131.5,5132.2998046875
1772584800,5133.2001953125,5149.5,5133.2001953125,5149.10009765625
1772585400,5149.0,5149.10009765625,5136.7001953125,5147.2998046875
1772586000,5148.2001953125,5168.0,5147.89990234375,5161.2001953125
1772586600,5160.5,5173.0,5160.39990234375,5171.0
1772587200,5170.60009765625,5172.7001953125,5153.5,5153.5
1772587800,5153.39990234375,5166.89990234375,5150.7001953125,5162.0
1772588400,5161.39990234375,5183.10009765625,5160.10009765625,5182.7001953125
1772589000,5183.2998046875,5188.10009765625,5178.2001953125,5183.7001953125
1772589600,5183.89990234375,5194.5,5177.5,5194.5
1772590200,5194.0,5200.7001953125,5189.0,5193.7001953125
1772590800,5194.0,5194.5,5185.0,5187.39990234375
1772591400,5187.2998046875,5189.7001953125,5172.60009765625,5181.2001953125
1772592000,5181.60009765625,5189.7001953125,5172.39990234375,5175.10009765625
1772592600,5175.7998046875,5180.0,5162.60009765625,5165.39990234375
1772593200,5164.7998046875,5169.7001953125,5150.0,5161.39990234375
1772593800,5161.39990234375,5171.39990234375,5160.2998046875,5170.0
1772594400,5170.2001953125,5177.2998046875,5167.39990234375,5171.2001953125
1772595000,5171.60009765625,5176.89990234375,5162.2001953125,5169.0
1772595600,5169.89990234375,5176.7001953125,5168.0,5175.60009765625
1772596200,5175.7001953125,5186.2998046875,5174.60009765625,5183.10009765625
1772596800,5183.2998046875,5187.7998046875,5180.7998046875,5183.7001953125
1772597400,5183.5,5189.60009765625,5176.10009765625,5177.2998046875
1772598000,5177.5,5180.2998046875,5171.5,5177.39990234375
1772598600,5176.2998046875,5179.89990234375,5171.39990234375,5173.39990234375
1772599200,5173.0,5173.2001953125,5160.10009765625,5163.60009765625
1772599800,5164.2001953125,5168.7998046875,5164.0,5166.39990234375
1772600400,5165.7001953125,5169.7998046875,5160.5,5166.7998046875
1772601000,5167.2001953125,5174.7998046875,5166.60009765625,5167.60009765625
1772601600,5165.0,5167.7998046875,5161.2998046875,5165.39990234375
1772602200,5165.2998046875,5174.0,5163.7998046875,5169.60009765625
1772602800,5170.7001953125,5176.7001953125,5162.7998046875,5175.2998046875
1772603400,5175.7998046875,5177.2001953125,5163.0,5169.5
1772604000,5168.39990234375,5168.89990234375,5130.0,5151.2998046875
1772604600,5151.39990234375,5160.7001953125,5148.10009765625,5153.89990234375
1772605200,5153.89990234375,5155.0,5135.5,5143.5
1772605800,5143.39990234375,5166.89990234375,5141.7001953125,5159.0
1772606400,5159.10009765625,5164.0,5155.2001953125,5159.39990234375
1772607000,5158.7998046875,5170.2998046875,5156.7998046875,5170.2998046875
1772607600,5169.0,5184.7998046875,5168.5,5184.2001953125
1772608200,5184.10009765625,5186.0,5172.7998046875,5175.60009765625
1772608800,5174.5,5184.39990234375,5174.5,5177.60009765625
1772609400,5177.2998046875,5183.0,5173.39990234375,5182.0
1772610000,5182.2998046875,5185.7998046875,5173.7001953125,5185.5
1772610600,5184.89990234375,5185.2998046875,5178.2001953125,5178.2001953125
1772611200,5178.2998046875,5182.10009765625,5157.7998046875,5159.2998046875
1772611800,5158.60009765625,5171.10009765625,5158.60009765625,5165.0
1772612400,5164.0,5178.89990234375,5162.7001953125,5173.0
1772613000,5172.7001953125,5181.2998046875,5172.0,5180.39990234375
1772613600,5180.10009765625,5192.2998046875,5179.2001953125,5192.2001953125
1772614200,5191.89990234375,5192.7998046875,5177.2998046875,5178.60009765625
1772614800,5177.89990234375,5180.0,5170.0,5176.10009765625
1772615400,5175.60009765625,5186.2001953125,5172.7998046875,5185.7998046875
1772616000,5185.89990234375,5189.5,5181.2998046875,5181.5
1772616600,5181.7001953125,5195.7998046875,5180.0,5194.2001953125
1772617200,5194.2001953125,5196.39990234375,5190.10009765625,5193.7998046875
1772617800,5193.89990234375,5195.0,5187.10009765625,5193.89990234375
1772618400,5194.0,5206.2998046875,5193.5,5205.5
1772619000,5206.2998046875,5214.7001953125,5200.7998046875,5205.10009765625
1772619600,5204.5,5205.60009765625,5199.0,5200.0
1772620200,5200.60009765625,5201.89990234375,5191.2001953125,5199.39990234375
1772620800,5199.7001953125,5202.7998046875,5193.2998046875,5198.39990234375
1772621400,5198.7001953125,5205.60009765625,5195.2001953125,5201.89990234375
1772622000,5201.2998046875,5204.60009765625,5199.2998046875,5203.2001953125
1772622600,5203.2998046875,5208.7998046875,5201.7001953125,5203.5
1772623200,5203.2001953125,5209.89990234375,5202.39990234375,5206.7001953125
1772623800,5207.5,5213.2001953125,5205.7001953125,5208.7998046875
1772624400,5208.7998046875,5208.7998046875,5202.10009765625,5204.60009765625
1772625000,5203.7998046875,5206.2001953125,5199.39990234375,5204.2001953125
1772625600,5204.2998046875,5218.2998046875,5204.0,5211.7998046875
1772626200,5212.5,5212.7001953125,5190.0,5196.2998046875
1772626800,5195.7001953125,5196.7998046875,5186.39990234375,5190.39990234375
1772627400,5190.2998046875,5190.5,5177.5,5179.2998046875
1772628000,5178.7998046875,5184.89990234375,5167.89990234375,5183.60009765625
1772628600,5183.7001953125,5184.7998046875,5170.7001953125,5182.0
1772629200,5182.2001953125,5200.0,5182.10009765625,5199.39990234375
1772629800,5200.0,5207.5,5197.60009765625,5198.89990234375
1772630400,5198.7998046875,5206.0,5190.0,5203.10009765625
1772631000,5203.2998046875,5203.7001953125,5194.5,5196.7998046875
1772631600,5197.2001953125,5203.2001953125,5192.7998046875,5200.7998046875
1772632200,5200.39990234375,5200.7001953125,5177.2998046875,5178.5
1772632800,5178.10009765625,5191.2998046875,5177.89990234375,5184.10009765625
1772633400,5183.89990234375,5184.2001953125,5172.7998046875,5183.5
1772634000,5183.5,5185.0,5169.60009765625,5175.60009765625
1772634600,5176.5,5195.2001953125,5172.39990234375,5183.2998046875
1772635200,5183.7998046875,5191.2001953125,5151.0,5165.2001953125
1772635800,5165.7998046875,5171.60009765625,5148.39990234375,5155.7001953125
1772636400,5155.2001953125,5173.0,5149.39990234375,5161.39990234375
1772637000,5160.5,5163.10009765625,5140.2001953125,5151.0
1772637600,5150.5,5170.0,5150.2001953125,5166.39990234375
1772638200,5167.60009765625,5177.2998046875,5162.5,5163.2998046875
1772638800,5163.0,5165.0,5143.0,5150.7998046875
1772639400,5150.39990234375,5163.2001953125,5148.10009765625,5161.60009765625
1772640000,5161.2001953125,5172.60009765625,5159.2001953125,5159.60009765625
1772640600,5159.39990234375,5163.60009765625,5152.7001953125,5157.7001953125
1772641200,5158.2001953125,5167.2001953125,5148.5,5157.39990234375
1772641800,5157.2998046875,5167.60009765625,5155.0,5162.0
1772642400,5161.7998046875,5170.2001953125,5154.2998046875,5159.7001953125
1772643000,5159.7998046875,5163.10009765625,5156.0,5161.5
1772643600,5160.89990234375,5165.0,5156.5,5159.10009765625
1772644200,5159.2998046875,5161.7001953125,5154.0,5158.5
1772644800,5157.60009765625,5159.10009765625,5131.5,5145.7998046875
1772645400,5146.7998046875,5150.7998046875,5140.7998046875,5146.2998046875
1772646000,5146.5,5153.2001953125,5144.10009765625,5152.2998046875
1772646600,5152.2998046875,5160.0,5150.7998046875,5153.60009765625
1772647200,5152.7001953125,5155.5,5140.89990234375,5143.5
1772647800,5142.60009765625,5142.60009765625,5126.5,5129.7998046875
1772648400,5130.2998046875,5138.7001953125,5121.10009765625,5134.39990234375
1772649000,5134.7001953125,5140.2998046875,5126.39990234375,5128.89990234375
1772649600,5128.60009765625,5143.7998046875,5119.39990234375,5143.0
1772650200,5144.0,5145.60009765625,5139.89990234375,5144.7001953125
1772650800,5144.7998046875,5147.7001953125,5138.10009765625,5143.39990234375
1772651400,5143.60009765625,5143.89990234375,5136.7998046875,5137.7998046875
1772652000,5137.2998046875,5140.0,5135.0,5135.2001953125
1772652600,5134.7998046875,5140.89990234375,5133.60009765625,5137.7001953125
1772653200,5137.7001953125,5146.60009765625,5137.60009765625,5144.0
1772653800,5144.2998046875,5150.5,5142.89990234375,5148.7001953125
1772654400,5148.39990234375,5149.7998046875,5140.7998046875,5141.7998046875
1772655000,5140.5,5142.7998046875,5134.7998046875,5138.89990234375
1772655600,5138.7001953125,5149.7998046875,5138.5,5148.2998046875
1772656200,5149.0,5154.2001953125,5148.60009765625,5151.89990234375
1772656800,5152.7998046875,5159.2001953125,5147.7001953125,5151.39990234375
1772657400,5151.7001953125,5151.7001953125,5145.0,5146.7998046875
1772658000,5146.89990234375,5153.60009765625,5146.10009765625,5152.7998046875
1772658600,5153.10009765625,5156.2998046875,5150.2001953125,5153.5
1772659200,5153.0,5153.7998046875,5148.2998046875,5153.60009765625
1772659800,5153.60009765625,5153.60009765625,5141.39990234375,5149.2998046875
1772660400,5149.2998046875,5149.89990234375,5147.0,5148.2998046875
1772661000,5148.2998046875,5154.5,5147.0,5151.60009765625
1772665200,5155.7001953125,5166.60009765625,5152.0,5164.0
1772665800,5164.5,5166.7001953125,5155.60009765625,5164.5
1772666400,5164.39990234375,5168.0,5162.10009765625,5164.89990234375
1772667000,5165.10009765625,5166.89990234375,5159.89990234375,5162.5
1772667600,5163.2001953125,5174.2998046875,5163.0,5170.39990234375
1772668200,5170.5,5177.7998046875,5167.7001953125,5176.2001953125
1772668800,5176.5,5180.0,5170.39990234375,5179.0
1772669400,5178.89990234375,5189.60009765625,5178.89990234375,5189.39990234375
1772670000,5188.60009765625,5191.5,5183.7001953125,5185.39990234375
1772670600,5184.7001953125,5185.2998046875,5179.89990234375,5181.7998046875
1772671200,5182.2998046875,5188.60009765625,5177.5,5188.5
1772671800,5188.2998046875,5188.60009765625,5177.7001953125,5183.89990234375
1772672400,5184.10009765625,5193.10009765625,5181.0,5191.7998046875
1772673000,5192.2998046875,5198.0,5186.7998046875,5190.7998046875
1772673600,5190.2001953125,5190.2001953125,5183.2001953125,5187.7998046875
1772674200,5187.7998046875,5189.89990234375,5180.60009765625,5184.89990234375
1772674800,5185.10009765625,5187.60009765625,5177.10009765625,5185.10009765625
1772675400,5185.5,5189.39990234375,5178.5,5181.7001953125
1772676000,5181.2001953125,5190.5,5180.89990234375,5184.0
1772676600,5184.2001953125,5192.39990234375,5182.10009765625,5190.7001953125
1772677200,5190.39990234375,5198.0,5187.5,5193.7001953125
1772677800,5193.2001953125,5196.60009765625,5185.0,5189.2001953125
1772678400,5189.2998046875,5192.39990234375,5183.2998046875,5190.10009765625
1772679000,5189.60009765625,5201.7998046875,5189.2998046875,5201.60009765625
1772679600,5201.7001953125,5204.2998046875,5197.10009765625,5197.7001953125
1772680200,5197.2998046875,5200.7001953125,5192.89990234375,5197.39990234375
1772680800,5197.39990234375,5198.60009765625,5193.2001953125,5194.5
1772681400,5193.60009765625,5200.0,5190.0,5196.7998046875
1772682000,5196.89990234375,5199.7998046875,5193.2001953125,5193.2001953125
1772682600,5192.60009765625,5195.5,5187.2998046875,5189.5
1772683200,5189.39990234375,5194.39990234375,5185.5,5193.2001953125
1772683800,5192.7998046875,5195.89990234375,5190.0,5191.7001953125
1772684400,5191.10009765625,5194.0,5184.0,5187.5
1772685000,5187.2998046875,5189.10009765625,5185.10009765625,5185.89990234375
1772685600,5185.5,5185.5,5177.89990234375,5179.10009765625
1772686200,5178.7001953125,5181.89990234375,5175.2001953125,5179.7001953125
