time,open,high,low,close
1756805400,23436.54,23469.68,23418.99,23449.07
1756806300,23479.11,23528.65,23473.43,23503.52
1756807200,23489.09,23549.16,23470.1,23471.06
1756808100,23558.99,23569.13,23531.81,23561.98
1756809000,23537.58,23584.78,23509.04,23544.8
1756809900,23580.3,23603.13,23538.1,23592.59
1756810800,23571.19,23605.41,23521.2,23569.38
1756811700,23528.73,23541.75,23521.91,23527.06
1756812600,23534.71,23547.23,23509.46,23514.57
1756813500,23575.49,23630.35,23553.43,23590.98
1756814400,23572.44,23576.48,23532.92,23536.49
1756815300,23570.45,23597.37,23537.5,23585.97
1756816200,23608.28,23620.55,23605.02,23605.92
1756817100,23594.48,23619.11,23571.36,23576.17
1756818000,23582.82,23602.58,23535.45,23573.04
1756818900,23588.22,23606.22,23576.8,23600.92
1756819800,23515.51,23534.84,23437.5,23493.33
1756820700,23503.25,23557.09,23439.22,23442.94
1756821600,23456.3,23472.51,23437.35,23437.57
1756822500,23428.87,23456.98,23376.14,23404.19
1756823400,23422.98,23435.03,23394.4,23424.36
1756824300,23457.09,23466.84,23417.57,23446.15
1756825200,23466.03,23496.71,23426.68,23430.4
1756826100,23528.28,23535.87,23504.44,23529.08
1756827000,23458.82,23504.98,23435.33,23475.45
1756827900,23406.8,23426.5,23368.43,23411.13
1756828800,23439.14,23528.77,23387.05,23434.89
1756891800,23382.9,23406.48,23381.65,23391.18
1756892700,23400.86,23413.96,23394.37,23398.41
1756893600,23416.36,23422.02,23390.0,23412.69
1756894500,23353.83,23364.67,23347.27,23349.92
1756895400,23353.78,23393.49,23320.84,23370.21
1756896300,23379.52,23384.99,23346.71,23366.99
1756897200,23360.83,23360.95,23342.86,23345.04
1756898100,23323.91,23346.21,23317.03,23342.64
1756899000,23300.43,23303.29,23278.47,23292.49
1756899900,23289.23,23307.95,23282.09,23288.24
1756900800,23308.67,23311.7,23305.09,23307.34
1756901700,23317.02,23326.5,23289.5,23321.35
1756902600,23353.68,23366.77,23330.23,23349.64
1756903500,23384.98,23388.55,23375.38,23386.24
1756904400,23404.21,23418.03,23389.02,23391.49
1756905300,23429.95,23433.57,23412.2,23427.1
1756906200,23468.04,23477.66,23460.01,23463.61
1756907100,23472.29,23503.32,23464.12,23500.57
1756908000,23451.81,23469.17,23439.71,23447.75
1756908900,23445.08,23459.39,23443.76,23451.67
1756909800,23461.05,23488.7,23437.69,23473.22
1756910700,23429.02,23450.64,23414.57,23430.71
1756911600,23401.1,23407.38,23400.99,23403.49
1756912500,23396.63,23417.89,23388.24,23408.99
1756913400,23406.06,23421.47,23386.64,23414.51
1756914300,23431.73,23455.57,23419.78,23455.11
1756915200,23450.06,23491.89,23443.38,23474.12
1756978200,23390.08,23408.81,23375.82,23381.91
1756979100,23392.61,23427.65,23377.07,23396.54
1756980000,23380.1,23383.71,23363.79,23378.05
1756980900,23380.1,23400.69,23377.19,23398.23
1756981800,23413.62,23417.68,23408.05,23417.09
1756982700,23443.98,23462.19,23427.17,23458.76
1756983600,23380.1,23407.04,23373.54,23382.23
1756984500,23439.64,23446.38,23439.52,23443.78
1756985400,23510.16,23525.59,23495.12,23517.41
1756986300,23518.75,23532.77,23517.64,23525.1
1756987200,23526.48,23558.15,23508.56,23544.01
1756988100,23564.43,23580.84,23526.4,23559.99
1756989000,23587.95,23591.39,23550.6,23559.48
1756989900,23573.52,23615.41,23556.26,23557.58
1756990800,23563.03,23586.3,23531.01,23546.27
1756991700,23536.54,23580.32,23491.55,23534.11
1756992600,23549.9,23584.85,23515.97,23537.0
1756993500,23572.64,23591.8,23559.46,23565.53
1756994400,23593.04,23619.82,23584.51,23598.39
1756995300,23651.9,23664.28,23629.37,23646.62
1756996200,23627.65,23653.42,23618.08,23644.35
1756997100,23525.37,23541.94,23486.66,23497.87
1756998000,23479.27,23503.12,23472.77,23487.5
1756998900,23531.19,23543.69,23516.55,23528.57
1756999800,23554.7,23587.61,23522.13,23566.92
1757000700,23562.41,23580.18,23551.49,23558.11
1757001600,23588.24,23613.83,23584.8,23586.5
1757064600,23662.52,23672.51,23631.19,23660.48
1757065500,23702.88,23711.71,23662.43,23673.13
1757066400,23735.25,23752.32,23698.77,23719.26
1757067300,23697.3,23704.56,23637.67,23671.73
1757068200,23651.49,23678.44,23618.07,23650.54
1757069100,23617.0,23687.09,23606.71,23634.69
1757070000,23630.53,23713.99,23582.98,23674.75
1757070900,23641.06,23675.83,23599.6,23601.35
1757071800,23682.88,23723.16,23659.22,23722.59
1757072700,23684.23,23713.93,23670.11,23698.81
1757073600,23687.07,23688.86,23680.23,23688.26
1757074500,23595.53,23627.85,23578.06,23623.7
1757075400,23584.65,23597.52,23564.88,23570.62
1757076300,23610.66,23620.85,23574.47,23605.7
1757077200,23578.19,23589.1,23562.29,23582.61
1757078100,23630.01,23678.58,23601.97,23653.81
1757079000,23604.19,23630.02,23594.45,23597.77
1757079900,23658.84,23683.18,23638.1,23653.43
1757080800,23705.87,23736.09,23695.42,23731.24
1757081700,23642.83,23653.42,23612.89,23619.01
1757082600,23650.5,23679.58,23595.61,23622.59
1757083500,23600.16,23607.82,23573.28,23600.4
1757084400,23614.09,23644.75,23613.25,23616.72
1757085300,23593.83,23639.26,23574.13,23619.69
1757086200,23570.53,23614.9,23569.91,23587.4
1757087100,23664.37,23684.63,23628.57,23668.98
1757088000,23618.12,23644.47,23601.46,23615.03
1757323800,23684.6,23690.16,23661.84,23680.39
1757324700,23679.57,23680.23,23652.82,23653.7
1757325600,23701.15,23724.82,23692.7,23715.98
1757326500,23695.34,23719.32,23692.24,23692.63
1757327400,23715.16,23719.2,23707.63,23708.73
1757328300,23706.69,23715.38,23703.28,23704.52
1757329200,23679.46,23686.74,23667.07,23675.86
1757330100,23696.34,23732.16,23680.33,23693.72
1757331000,23642.21,23657.05,23641.98,23654.94
1757331900,23662.99,23675.37,23655.87,23665.87
1757332800,23676.49,23681.09,23644.69,23666.79
1757333700,23678.27,23695.47,23650.89,23679.22
1757334600,23678.13,23680.19,23661.48,23671.21
1757335500,23657.75,23709.65,23655.8,23688.26
1757336400,23659.93,23664.24,23655.82,23661.68
1757337300,23639.84,23648.37,23630.49,23633.04
1757338200,23652.88,23658.48,23626.34,23636.94
1757339100,23661.92,23667.74,23645.16,23648.76
1757340000,23694.77,23713.64,23671.3,23687.58
1757340900,23701.08,23731.4,23697.83,23708.45
1757341800,23689.53,23717.53,23669.04,23706.41
1757342700,23706.41,23710.75,23699.79,23706.48
1757343600,23707.84,23759.98,23689.61,23722.98
1757344500,23721.07,23742.61,23700.97,23728.02
1757345400,23702.25,23730.78,23691.96,23692.78
1757346300,23703.69,23714.56,23689.79,23704.99
1757347200,23757.93,23765.57,23744.01,23750.68
1757410200,23825.4,23835.5,23814.24,23822.09
1757411100,23816.97,23827.39,23813.59,23824.22
1757412000,23852.6,23870.13,23837.68,23858.48
1757412900,23857.5,23875.33,23843.53,23844.25
1757413800,23870.25,23884.2,23856.29,23858.09
1757414700,23854.75,23870.41,23850.52,23852.56
1757415600,23830.19,23854.43,23821.78,23827.49
1757416500,23840.81,23858.51,23822.64,23839.34
1757417400,23855.94,23860.71,23833.87,23838.98
1757418300,23832.59,23843.3,23821.25,23821.76
1757419200,23804.33,23821.32,23797.32,23816.45
1757420100,23824.18,23830.71,23808.76,23811.53
1757421000,23815.35,23815.42,23809.02,23814.89
1757421900,23833.78,23839.85,23822.41,23830.07
1757422800,23825.31,23833.12,23808.31,23813.08
1757423700,23830.47,23861.38,23828.67,23848.32
1757424600,23830.51,23855.18,23822.36,23842.27
1757425500,23825.18,23831.16,23820.09,23829.24
1757426400,23824.56,23828.72,23809.99,23821.23
1757427300,23822.13,23822.58,23800.05,23816.11
1757428200,23828.06,23829.01,23817.03,23823.01
1757429100,23840.04,23846.49,23824.57,23827.78
1757430000,23849.75,23869.63,23846.5,23866.44
1757430900,23867.52,23886.69,23848.11,23861.35
1757431800,23859.69,23880.34,23857.52,23864.45
1757432700,23819.45,23821.28,23810.92,23813.09
1757433600,23818.13,23822.19,23803.33,23812.95
1757496600,23828.7,23843.36,23819.43,23840.44
1757497500,23857.99,23877.2,23828.85,23843.85
1757498400,23840.42,23850.2,23821.05,23848.56
1757499300,23831.71,23844.33,23799.7,23812.84
1757500200,23805.11,23805.27,23784.26,23801.69
1757501100,23839.34,23848.61,23830.4,23844.76
1757502000,23851.44,23861.4,23836.99,23853.37
1757502900,23844.87,23862.51,23835.61,23836.85
1757503800,23824.93,23832.3,23816.8,23831.54
1757504700,23861.95,23881.83,23842.2,23842.62
1757505600,23835.84,23843.43,23814.28,23830.89
1757506500,23801.29,23806.75,23784.18,23793.64
1757507400,23801.3,23808.84,23785.45,23788.27
1757508300,23799.07,23801.84,23782.09,23795.03
1757509200,23832.31,23856.56,23797.02,23821.77
1757510100,23816.15,23818.26,23782.34,23803.4
1757511000,23839.25,23868.86,23835.95,23854.49
1757511900,23812.75,23817.23,23793.97,23812.38
1757512800,23821.23,23830.98,23803.9,23818.93
1757513700,23818.69,23829.6,23811.99,23821.87
1757514600,23824.64,23829.07,23804.53,23813.62
1757515500,23800.98,23801.2,23769.48,23783.63
1757516400,23759.4,23780.06,23746.65,23755.53
1757517300,23759.71,23760.87,23727.87,23747.76
1757518200,23759.4,23768.29,23744.84,23762.61
1757519100,23759.4,23779.13,23750.79,23775.92
1757520000,23782.15,23800.02,23767.35,23793.09
1757583000,23876.47,23879.13,23867.67,23876.34
1757583900,23870.82,23881.83,23867.86,23875.89
1757584800,23869.02,23878.25,23852.25,23854.28
1757585700,23878.51,23886.56,23872.81,23880.44
1757586600,23876.5,23885.75,23871.88,23876.44
1757587500,23873.1,23883.24,23872.2,23881.58
1757588400,23850.26,23871.75,23847.79,23863.07
1757589300,23872.7,23881.9,23871.34,23875.34
1757590200,23846.91,23851.83,23820.81,23828.53
1757591100,23846.13,23855.23,23839.39,23841.89
1757592000,23835.51,23863.07,23833.99,23847.06
1757592900,23848.96,23850.42,23845.12,23849.06
1757593800,23825.41,23825.98,23786.84,23792.26
1757594700,23824.62,23838.96,23821.49,23837.83
1757595600,23827.21,23833.96,23812.71,23829.65
1757596500,23848.86,23851.9,23831.1,23842.61
1757597400,23863.94,23882.54,23861.38,23875.82
1757598300,23867.15,23886.55,23855.16,23858.44
1757599200,23870.52,23889.01,23850.19,23866.99
1757600100,23872.55,23875.35,23841.55,23860.92
1757601000,23895.04,23906.89,23886.97,23887.28
1757601900,23924.85,23926.05,23898.98,23906.55
1757602800,23932.16,23941.36,23930.93,23939.2
1757603700,23929.16,23933.31,23918.62,23925.12
1757604600,23937.42,23956.46,23919.49,23930.28
1757605500,23972.58,23977.79,23967.18,23977.76
1757606400,23995.99,24022.9,23986.13,24015.55
1757669400,24032.74,24036.93,24016.44,24032.67
1757670300,24031.38,24049.22,24021.42,24025.42
1757671200,24056.76,24058.23,24030.57,24039.14
1757672100,24051.38,24067.61,24036.72,24050.16
1757673000,24065.4,24075.48,24054.94,24059.73
1757673900,24110.79,24114.47,24091.01,24096.65
1757674800,24077.8,24084.18,24056.58,24075.52
1757675700,24097.21,24099.58,24090.34,24093.77
1757676600,24063.16,24073.18,24058.33,24070.64
1757677500,24048.22,24051.02,24025.64,24038.33
1757678400,24041.47,24053.63,24030.33,24037.75
1757679300,24027.41,24050.23,23999.73,24018.8
1757680200,24020.61,24029.53,24013.78,24029.09
1757681100,24062.44,24063.01,24054.07,24060.48
1757682000,24052.59,24067.26,24036.46,24047.13
1757682900,24062.98,24086.39,24060.05,24073.02
1757683800,24033.36,24046.66,24010.94,24039.46
1757684700,24026.74,24052.45,24026.66,24041.91
1757685600,24026.8,24045.72,24023.04,24038.26
1757686500,24015.57,24016.4,24010.73,24013.67
1757687400,24006.89,24011.5,23987.38,23999.0
1757688300,24045.16,24067.48,24044.25,24058.26
1757689200,24068.43,24080.64,24061.09,24074.05
1757690100,24074.66,24075.2,24061.04,24069.58
1757691000,24109.75,24117.05,24105.38,24112.9
1757691900,24103.4,24108.85,24093.26,24094.74
1757692800,24118.4,24135.14,24113.51,24123.59
1757928600,24116.99,24117.04,24090.59,24107.85
1757929500,24118.5,24120.02,24107.24,24116.41
1757930400,24130.98,24145.02,24126.28,24137.63
1757931300,24110.9,24115.49,24093.14,24096.52
1757932200,24109.52,24131.98,24101.0,24114.67
1757933100,24086.05,24088.65,24085.2,24086.58
1757934000,24082.04,24092.03,24079.6,24089.89
1757934900,24072.17,24080.73,24065.79,24075.43
1757935800,24072.59,24105.27,24069.4,24085.18
1757936700,24106.15,24119.45,24092.02,24114.99
1757937600,24134.44,24142.94,24110.9,24113.07
1757938500,24106.83,24115.05,24092.86,24099.22
1757939400,24077.41,24103.34,24072.82,24097.25
1757940300,24111.18,24119.42,24097.81,24114.08
1757941200,24129.89,24138.05,24113.29,24115.92
1757942100,24123.58,24127.38,24107.21,24115.43
1757943000,24114.58,24137.09,24099.04,24119.44
1757943900,24116.66,24138.58,24107.54,24118.55
1757944800,24090.52,24124.4,24071.26,24075.86
1757945700,24079.79,24096.83,24079.1,24084.81
1757946600,24121.57,24144.03,24105.97,24133.92
1757947500,24161.24,24168.89,24135.05,24141.76
1757948400,24162.85,24165.6,24145.44,24151.24
1757949300,24189.11,24199.98,24176.95,24186.66
1757950200,24153.7,24156.97,24115.03,24147.52
1757951100,24142.99,24150.06,24118.21,24127.53
1757952000,24174.68,24197.14,24161.05,24190.45
1758015000,24299.32,24305.38,24287.85,24296.74
1758015900,24297.54,24311.06,24296.11,24302.72
1758016800,24281.31,24288.13,24279.48,24284.27
1758017700,24278.3,24281.31,24266.95,24272.48
1758018600,24304.12,24332.23,24302.68,24317.67
1758019500,24322.78,24350.08,24314.53,24330.87
1758020400,24304.14,24313.26,24301.59,24309.23
1758021300,24299.43,24301.47,24286.95,24291.89
1758022200,24319.26,24337.76,24309.0,24330.27
1758023100,24303.01,24307.43,24297.65,24299.63
1758024000,24316.53,24327.83,24288.4,24297.98
1758024900,24324.1,24326.68,24315.44,24317.83
1758025800,24306.24,24325.92,24300.14,24314.75
1758026700,24313.47,24314.9,24294.21,24306.59
1758027600,24299.2,24304.07,24289.78,24295.43
1758028500,24280.71,24297.98,24263.86,24272.34
1758029400,24273.8,24280.22,24262.55,24266.64
1758030300,24279.28,24290.96,24274.11,24284.39
1758031200,24272.1,24278.22,24264.48,24268.68
1758032100,24296.68,24300.75,24276.03,24287.46
1758033000,24285.41,24299.55,24268.16,24291.22
1758033900,24278.31,24284.13,24262.09,24262.11
1758034800,24249.95,24265.0,24244.94,24245.05
1758035700,24247.99,24253.52,24244.52,24247.15
1758036600,24246.15,24255.14,24239.53,24244.78
1758037500,24271.65,24283.14,24252.47,24276.62
1758038400,24284.36,24289.2,24283.22,24288.45
1758101400,24280.85,24302.31,24266.59,24283.12
1758102300,24313.01,24314.15,24303.38,24308.56
1758103200,24335.42,24372.59,24325.77,24354.27
1758104100,24343.95,24386.43,24337.8,24359.43
1758105000,24337.99,24356.37,24330.9,24349.68
1758105900,24318.3,24363.23,24298.94,24343.38
1758106800,24321.62,24326.2,24312.67,24316.2
1758107700,24305.94,24313.46,24299.13,24311.1
1758108600,24315.95,24339.74,24284.31,24325.87
1758109500,24324.56,24330.76,24299.65,24310.65
1758110400,24330.53,24395.98,24327.53,24364.03
1758111300,24283.39,24313.58,24273.28,24297.7
1758112200,24329.79,24351.99,24329.63,24341.28
1758113100,24343.95,24358.63,24334.79,24354.28
1758114000,24316.28,24374.11,24305.4,24365.08
1758114900,24275.51,24295.45,24271.29,24278.82
1758115800,24271.79,24291.43,24269.0,24288.29
1758116700,24246.9,24248.95,24199.2,24216.34
1758117600,24234.87,24257.15,24212.12,24224.58
1758118500,24274.99,24275.36,24243.23,24256.32
1758119400,24234.87,24247.34,24191.47,24207.1
1758120300,24261.2,24278.36,24256.62,24262.34
1758121200,24242.57,24273.26,24233.61,24269.54
1758122100,24281.6,24292.14,24261.13,24263.34
1758123000,24269.42,24280.73,24260.53,24271.1
1758123900,24282.25,24296.39,24274.08,24279.83
1758124800,24294.65,24305.25,24280.09,24282.69
1758187800,24275.15,24290.06,24250.23,24260.06
1758188700,24234.5,24241.91,24200.58,24210.48
1758189600,24216.7,24251.88,24213.86,24230.67
1758190500,24250.28,24255.49,24229.49,24247.48
1758191400,24231.39,24247.31,24185.59,24246.62
1758192300,24288.18,24294.25,24276.48,24280.38
1758193200,24320.66,24325.31,24295.53,24305.46
1758194100,24296.36,24326.88,24285.38,24302.33
1758195000,24302.5,24305.36,24285.51,24301.02
1758195900,24258.85,24297.55,24236.25,24271.12
1758196800,24255.94,24307.13,24231.58,24233.9
1758197700,24269.81,24304.61,24257.87,24264.65
1758198600,24294.52,24322.88,24279.81,24310.14
1758199500,24292.01,24301.93,24286.39,24290.49
1758200400,24353.5,24364.86,24347.3,24348.82
1758201300,24390.72,24431.41,24383.79,24413.38
1758202200,24443.24,24454.24,24440.38,24449.88
1758203100,24436.94,24440.56,24414.85,24418.98
1758204000,24462.41,24470.85,24440.48,24456.48
1758204900,24445.81,24501.81,24434.17,24465.82
1758205800,24374.34,24412.39,24369.85,24384.02
1758206700,24310.21,24360.24,24303.27,24352.87
1758207600,24327.68,24343.78,24308.93,24319.54
1758208500,24390.86,24419.62,24383.82,24406.12
1758209400,24388.09,24415.59,24376.6,24399.2
1758210300,24353.29,24361.73,24335.95,24341.28
1758211200,24313.5,24315.07,24279.01,24283.26
1758274200,24486.6,24492.28,24484.78,24489.65
1758275100,24495.63,24501.89,24490.06,24500.31
1758276000,24485.29,24494.56,24465.04,24474.26
1758276900,24459.13,24468.01,24444.15,24453.41
1758277800,24460.37,24478.64,24460.23,24468.24
1758278700,24461.37,24462.75,24455.72,24460.97
1758279600,24445.1,24448.92,24438.78,24445.29
1758280500,24455.8,24462.09,24443.51,24455.03
1758281400,24447.29,24468.32,24422.28,24432.77
1758282300,24483.6,24499.25,24472.97,24478.91
1758283200,24493.99,24508.53,24486.93,24490.67
1758284100,24489.7,24495.5,24480.7,24490.98
1758285000,24474.94,24490.55,24467.43,24480.05
1758285900,24477.59,24497.82,24460.92,24473.05
1758286800,24484.19,24494.29,24456.92,24460.04
1758287700,24499.75,24514.71,24490.02,24502.64
1758288600,24525.6,24548.27,24519.6,24544.19
1758289500,24544.99,24548.43,24539.34,24544.01
1758290400,24528.53,24539.34,24528.0,24533.37
1758291300,24503.37,24511.26,24486.54,24506.43
1758292200,24511.26,24518.33,24500.22,24511.0
1758293100,24484.65,24511.66,24462.54,24464.54
1758294000,24455.61,24463.5,24440.09,24461.12
1758294900,24450.93,24454.79,24431.28,24440.47
1758295800,24478.47,24480.86,24456.55,24467.34
1758296700,24440.11,24454.75,24437.42,24447.8
1758297600,24454.33,24468.29,24451.31,24461.39
1758533400,24898.27,24916.27,24891.82,24900.06
1758534300,24865.07,24880.29,24859.5,24876.01
1758535200,24847.79,24870.3,24840.58,24855.14
1758536100,24825.94,24847.61,24793.12,24818.29
1758537000,24836.3,24858.71,24811.88,24816.67
1758537900,24825.7,24828.57,24811.52,24811.75
1758538800,24823.32,24833.93,24787.86,24800.06
1758539700,24848.53,24873.96,24842.61,24861.95
1758540600,24830.72,24851.43,24821.36,24823.99
1758541500,24840.53,24849.92,24828.45,24844.38
1758542400,24848.21,24862.9,24834.84,24844.13
1758543300,24863.44,24887.96,24863.43,24875.95
1758544200,24843.27,24844.59,24817.46,24829.99
1758545100,24812.5,24834.42,24792.4,24829.72
1758546000,24819.13,24829.48,24795.57,24802.35
1758546900,24854.7,24880.8,24848.44,24872.56
1758547800,24863.58,24887.18,24859.6,24864.92
1758548700,24905.33,24933.44,24884.21,24890.44
1758549600,24914.31,24933.97,24896.08,24915.72
1758550500,24933.28,24939.04,24915.0,24930.07
1758551400,24963.32,25007.67,24950.75,24985.17
1758552300,24958.15,24994.35,24944.42,24973.9
1758553200,24987.0,25000.9,24959.33,24983.36
1758554100,24954.48,24992.05,24953.83,24968.06
1758555000,24924.4,24925.47,24914.72,24915.91
1758555900,24922.84,24934.04,24880.67,24911.07
1758556800,24973.32,25006.88,24948.59,24984.59
1758619800,25003.7,25029.64,24992.23,25007.73
1758620700,25035.53,25052.44,25012.5,25024.17
1758621600,25022.74,25025.85,25013.67,25014.66
1758622500,25037.06,25040.88,25026.61,25036.32
1758623400,25020.79,25044.08,25018.15,25036.87
1758624300,25018.97,25032.35,24999.6,25023.8
1758625200,25024.3,25046.58,25017.49,25020.14
1758626100,25046.75,25069.4,25019.97,25037.25
1758627000,25050.95,25064.78,25032.65,25041.64
1758627900,25047.87,25077.48,25022.49,25055.9
1758628800,25050.95,25064.25,25033.53,25037.83
1758629700,25050.95,25060.46,25049.27,25056.05
1758630600,25003.09,25005.81,24964.89,24987.01
1758631500,25029.74,25051.87,25011.99,25032.66
1758632400,25011.53,25038.71,25006.39,25032.59
1758633300,24991.24,24998.52,24963.97,24992.5
1758634200,24962.5,24989.54,24944.59,24968.31
1758635100,24949.76,24965.21,24935.23,24954.31
1758636000,24946.07,24990.37,24931.77,24965.18
1758636900,24956.09,24985.55,24939.27,24950.41
1758637800,24952.58,24960.81,24921.7,24949.89
1758638700,24937.55,24950.79,24927.22,24946.67
1758639600,24946.59,24985.17,24931.92,24976.38
1758640500,24961.31,25012.42,24955.0,24990.03
1758641400,24987.76,25004.76,24986.41,25001.13
1758642300,24976.78,24990.68,24930.36,24954.31
1758643200,24935.6,24944.36,24930.81,24942.43
1758706200,24862.2,24872.14,24828.51,24846.94
1758707100,24878.91,24900.87,24863.51,24882.26
1758708000,24841.18,24851.71,24818.33,24830.11
1758708900,24802.85,24851.38,24784.94,24802.75
1758709800,24769.09,24785.38,24761.22,24762.13
1758710700,24818.12,24845.64,24802.08,24815.97
1758711600,24807.2,24813.6,24786.38,24795.77
1758712500,24838.6,24849.95,24832.05,24845.96
1758713400,24825.99,24832.09,24806.43,24823.7
1758714300,24822.68,24840.61,24817.72,24821.21
1758715200,24780.62,24782.73,24771.78,24780.42
1758716100,24769.66,24775.23,24759.89,24770.38
1758717000,24812.03,24818.13,24790.46,24795.64
1758717900,24790.56,24810.59,24789.59,24790.45
1758718800,24800.23,24828.21,24768.91,24820.15
1758719700,24766.85,24789.31,24751.93,24772.82
1758720600,24774.46,24789.91,24759.54,24771.6
1758721500,24799.94,24812.7,24767.51,24785.8
1758722400,24827.9,24834.12,24824.57,24826.43
1758723300,24839.74,24851.25,24821.86,24840.56
1758724200,24812.08,24852.19,24780.54,24801.0
1758725100,24882.59,24893.51,24879.52,24880.73
1758726000,24894.35,24897.55,24880.52,24884.41
1758726900,24856.69,24879.27,24841.53,24869.33
1758727800,24849.44,24856.53,24834.34,24846.08
1758728700,24861.3,24892.41,24856.51,24875.07
1758729600,24814.29,24820.46,24806.22,24817.59
1758792600,24749.23,24769.4,24717.35,24723.13
1758793500,24694.99,24695.12,24671.15,24682.88
1758794400,24769.0,24791.47,24767.0,24772.74
1758795300,24693.75,24720.07,24660.52,24681.24
1758796200,24727.65,24744.99,24703.83,24708.64
1758797100,24626.28,24643.73,24582.56,24614.59
1758798000,24729.44,24746.36,24700.64,24718.33
1758798900,24753.15,24775.79,24723.37,24753.56
1758799800,24802.77,24819.96,24792.62,24799.79
1758800700,24829.55,24891.05,24821.56,24850.2
1758801600,24829.55,24904.1,24815.73,24841.41
1758802500,24829.55,24839.06,24798.03,24819.93
1758803400,24784.96,24789.17,24780.54,24786.68
1758804300,24699.09,24708.17,24643.06,24678.61
1758805200,24694.14,24708.79,24651.05,24701.86
1758806100,24725.13,24730.65,24698.02,24711.34
1758807000,24666.41,24676.76,24652.81,24663.21
1758807900,24761.0,24814.89,24746.56,24788.85
1758808800,24779.01,24797.44,24750.94,24780.26
1758809700,24780.55,24787.18,24737.17,24748.52
1758810600,24757.21,24777.65,24740.61,24755.82
1758811500,24750.81,24760.04,24737.14,24747.84
1758812400,24811.3,24840.38,24791.25,24827.11
1758813300,24775.89,24781.9,24732.74,24744.02
1758814200,24678.4,24694.55,24642.14,24666.91
1758815100,24637.39,24650.96,24592.54,24595.38
1758816000,24688.86,24702.49,24678.99,24685.48
1758879000,24619.49,24629.32,24617.95,24623.92
1758879900,24613.14,24622.07,24584.17,24609.33
1758880800,24609.52,24619.64,24583.74,24613.94
1758881700,24635.84,24637.11,24629.94,24630.77
1758882600,24602.99,24604.8,24550.8,24585.29
1758883500,24618.81,24646.34,24614.64,24644.99
1758884400,24681.75,24686.06,24657.56,24681.37
1758885300,24694.1,24708.21,24692.32,24695.05
1758886200,24675.97,24681.47,24655.22,24656.37
1758887100,24673.53,24681.55,24665.69,24670.0
1758888000,24675.52,24681.17,24657.55,24666.42
1758888900,24698.68,24703.98,24697.54,24699.17
1758889800,24638.09,24650.12,24624.81,24631.82
1758890700,24665.1,24674.36,24646.69,24671.0
1758891600,24716.68,24735.4,24712.75,24725.32
1758892500,24672.78,24693.04,24657.86,24682.97
1758893400,24624.46,24632.17,24588.62,24609.8
1758894300,24618.93,24632.95,24605.0,24629.45
1758895200,24612.01,24616.55,24592.75,24604.84
1758896100,24617.03,24629.07,24602.21,24628.49
1758897000,24597.42,24600.57,24584.19,24588.7
1758897900,24612.18,24624.7,24595.77,24606.7
1758898800,24661.18,24681.49,24653.91,24665.21
1758899700,24686.68,24705.7,24672.15,24701.81
1758900600,24703.17,24726.77,24697.39,24708.03
1758901500,24719.2,24729.9,24704.53,24705.86
1758902400,24708.3,24723.22,24692.84,24711.42
1759138200,24748.77,24752.52,24742.16,24749.24
1759139100,24754.92,24774.66,24753.93,24761.16
1759140000,24758.94,24782.72,24735.48,24746.13
1759140900,24760.7,24780.11,24758.98,24778.73
1759141800,24752.04,24777.05,24740.15,24760.66
1759142700,24748.46,24780.39,24742.05,24756.91
1759143600,24699.65,24706.61,24685.22,24701.42
1759144500,24704.41,24709.15,24693.07,24709.03
1759145400,24698.62,24721.54,24684.39,24687.9
1759146300,24718.4,24732.48,24715.63,24726.17
1759147200,24712.15,24720.85,24701.95,24717.78
1759148100,24737.5,24742.1,24725.39,24729.97
1759149000,24722.18,24733.3,24703.0,24731.44
1759149900,24761.7,24767.81,24750.11,24765.81
1759150800,24731.77,24764.81,24718.24,24752.73
1759151700,24698.62,24718.35,24692.13,24710.88
1759152600,24698.62,24717.15,24698.48,24699.97
1759153500,24732.23,24735.96,24722.36,24731.49
1759154400,24758.95,24779.92,24756.96,24767.66
1759155300,24750.67,24787.3,24743.01,24774.58
1759156200,24774.68,24785.06,24769.81,24783.47
1759157100,24756.31,24785.02,24735.99,24771.21
1759158000,24784.77,24802.97,24778.06,24792.52
1759158900,24804.48,24820.74,24793.1,24803.7
1759159800,24836.39,24846.33,24799.11,24826.21
1759160700,24848.25,24866.37,24838.99,24860.33
1759161600,24793.43,24797.8,24776.66,24788.32
1759224600,24826.63,24836.39,24825.36,24829.05
1759225500,24822.77,24833.44,24818.42,24831.52
1759226400,24825.95,24836.98,24816.18,24822.11
1759227300,24857.92,24875.28,24842.2,24845.24
1759228200,24912.19,24914.65,24908.88,24913.13
1759229100,24923.32,24927.34,24895.23,24917.22
1759230000,24901.94,24911.26,24897.47,24899.25
1759230900,24903.08,24916.38,24899.79,24906.8
1759231800,24897.54,24914.99,24891.64,24905.12
1759232700,24884.87,24887.82,24868.83,24882.53
1759233600,24876.75,24893.43,24868.69,24869.72
1759234500,24831.2,24833.3,24820.24,24825.74
1759235400,24859.17,24867.33,24853.65,24857.52
1759236300,24853.19,24853.24,24829.63,24844.69
1759237200,24848.93,24864.48,24840.76,24842.96
1759238100,24864.9,24883.26,24847.08,24869.09
1759239000,24875.24,24880.29,24862.91,24865.31
1759239900,24900.1,24907.62,24893.87,24900.0
1759240800,24932.88,24942.83,24930.85,24941.56
1759241700,24929.66,24944.77,24927.21,24940.2
1759242600,24916.0,24922.18,24905.69,24918.58
1759243500,24923.8,24929.39,24914.86,24923.05
1759244400,24906.03,24909.08,24880.73,24884.65
1759245300,24897.84,24899.76,24890.39,24890.77
1759246200,24915.66,24927.17,24902.36,24922.12
1759247100,24909.94,24926.61,24879.23,24895.98
1759248000,24932.88,24937.46,24921.59,24923.96
1759311000,24853.96,24898.56,24816.01,24876.21
1759311900,24826.2,24829.51,24819.72,24828.12
1759312800,24800.21,24867.41,24792.72,24835.25
1759313700,24818.15,24866.4,24809.05,24820.93
1759314600,24813.06,24841.5,24807.4,24817.47
1759315500,24816.14,24890.55,24791.14,24840.43
1759316400,24899.68,24922.36,24891.08,24902.0
1759317300,24877.55,24906.9,24864.46,24883.16
1759318200,24908.81,24967.18,24868.43,24956.67
1759319100,24938.02,24967.97,24918.93,24943.82
1759320000,24922.25,24956.67,24865.42,24885.84
1759320900,24913.0,24941.62,24888.78,24893.12
1759321800,24941.88,24987.67,24935.56,24966.17
1759322700,24967.05,24970.02,24917.54,24943.43
1759323600,24975.3,24999.85,24971.14,24981.18
1759324500,24946.47,24954.18,24943.17,24946.78
1759325400,24921.7,24937.31,24908.33,24920.3
1759326300,24941.84,24976.25,24938.46,24967.33
1759327200,24991.14,25013.04,24990.29,25011.51
1759328100,25071.64,25132.6,25039.77,25108.31
1759329000,24998.21,25010.32,24980.69,24992.73
1759329900,25030.89,25045.05,24997.58,25037.16
1759330800,25077.32,25077.63,25041.04,25062.34
1759331700,25077.32,25114.37,25058.41,25105.81
1759332600,25077.32,25099.83,25046.39,25069.75
1759333500,24992.24,25014.51,24984.54,25004.32
1759334400,25011.93,25031.5,25004.31,25012.16
1759397400,25025.47,25043.49,25021.65,25034.33
1759398300,24997.49,25011.42,24975.19,25006.35
1759399200,24993.33,25007.2,24986.0,25003.24
1759400100,24989.56,24999.21,24982.17,24990.19
1759401000,24993.29,25008.94,24974.04,25001.14
1759401900,25007.76,25017.4,24995.09,25017.3
1759402800,25027.16,25042.33,25008.12,25026.46
1759403700,25033.72,25044.34,25031.22,25040.13
1759404600,25030.56,25030.7,25009.34,25011.56
1759405500,25033.22,25037.01,25016.77,25035.51
1759406400,25050.2,25052.42,25045.59,25048.13
1759407300,25058.78,25073.78,25046.65,25052.13
1759408200,25081.85,25088.15,25060.13,25061.74
1759409100,25080.2,25090.95,25074.94,25075.18
1759410000,25064.77,25072.16,25055.31,25068.49
1759410900,25050.39,25083.55,25042.65,25065.21
1759411800,25065.4,25079.02,25061.97,25076.58
1759412700,25085.54,25101.98,25081.57,25100.13
1759413600,25081.17,25091.13,25059.93,25071.06
1759414500,25073.41,25085.88,25041.76,25059.32
1759415400,25052.35,25067.39,25039.3,25053.23
1759416300,25044.01,25049.77,25038.38,25044.68
1759417200,25032.15,25035.15,25025.39,25032.99
1759418100,25059.7,25073.23,25054.5,25067.45
1759419000,25062.56,25084.65,25056.58,25057.21
1759419900,25051.48,25057.21,25025.96,25041.02
1759420800,25019.65,25035.72,25012.31,25026.12
1759483800,25103.11,25115.5,25094.95,25101.14
1759484700,25100.21,25116.17,25096.45,25103.52
1759485600,25108.1,25114.2,25074.5,25092.84
1759486500,25114.2,25123.03,25096.24,25101.56
1759487400,25122.54,25152.53,25117.36,25152.09
1759488300,25161.08,25169.36,25120.77,25144.16
1759489200,25171.26,25175.8,25139.35,25148.34
1759490100,25159.76,25184.58,25155.51,25156.39
1759491000,25140.73,25148.25,25112.87,25145.05
1759491900,25095.9,25104.58,25085.83,25104.53
1759492800,25131.6,25138.87,25119.36,25131.98
1759493700,25113.21,25127.49,25081.45,25112.31
1759494600,25122.96,25130.96,25114.65,25128.71
1759495500,25111.56,25142.32,25097.91,25109.27
1759496400,25101.26,25143.09,25099.78,25109.42
1759497300,25060.19,25075.09,25021.76,25034.23
1759498200,25082.85,25101.8,25052.34,25076.75
1759499100,25043.53,25047.0,25031.06,25037.53
1759500000,25088.87,25093.71,25069.98,25076.68
1759500900,25091.93,25100.87,25060.0,25079.01
1759501800,25095.72,25111.58,25086.85,25090.44
1759502700,25086.6,25094.03,25060.15,25065.54
1759503600,25110.72,25135.57,25090.57,25110.74
1759504500,25116.99,25120.97,25105.56,25111.05
1759505400,25139.26,25165.04,25136.36,25138.74
1759506300,25073.61,25079.24,25015.81,25031.83
1759507200,25069.48,25085.56,25052.13,25066.02
1759743000,25047.01,25056.98,25031.11,25046.56
1759743900,25057.05,25071.95,25054.11,25064.8
1759744800,25048.7,25070.79,25039.99,25065.2
1759745700,25061.39,25063.23,25046.68,25058.23
1759746600,25093.71,25100.7,25066.77,25088.22
1759747500,25070.66,25090.4,25057.51,25067.98
1759748400,25022.97,25048.37,25012.9,25033.68
1759749300,24989.16,24996.86,24928.33,24949.35
1759750200,24969.76,24996.04,24960.24,24981.85
1759751100,24986.02,24996.03,24945.45,24970.52
1759752000,25006.07,25018.19,24993.9,25003.58
1759752900,24968.1,24987.32,24956.89,24980.91
1759753800,24968.1,24971.45,24942.81,24956.76
1759754700,24987.17,25005.05,24952.5,24966.55
1759755600,25010.82,25012.89,24999.34,25002.4
1759756500,24995.07,25003.25,24968.79,24987.34
1759757400,24995.4,25000.46,24979.15,24980.49
1759758300,25017.61,25040.62,25004.75,25030.45
1759759200,25046.65,25055.01,25014.54,25026.51
1759760100,25074.91,25089.13,25071.97,25077.4
1759761000,25085.92,25095.59,25068.93,25073.25
1759761900,25049.94,25078.45,25028.12,25054.56
1759762800,25017.46,25028.99,24991.73,24993.75
1759763700,25006.64,25009.32,24977.73,24991.36
1759764600,25027.78,25038.14,25003.65,25010.28
1759765500,25058.05,25087.2,25045.98,25080.47
1759766400,25040.19,25067.01,25037.94,25054.57
1759829400,25171.25,25201.68,25159.69,25182.94
1759830300,25147.38,25173.09,25141.46,25172.74
1759831200,25095.98,25112.82,25080.51,25099.6
1759832100,25136.55,25136.95,25117.95,25121.08
1759833000,25108.34,25111.75,25090.3,25097.81
1759833900,25102.44,25108.15,25063.81,25073.45
1759834800,25110.43,25152.18,25087.27,25094.1
1759835700,25078.13,25081.33,25062.13,25066.16
1759836600,25071.91,25080.51,25046.88,25077.83
1759837500,25056.71,25068.14,24985.58,25040.22
1759838400,25078.37,25089.48,25048.21,25078.11
1759839300,25072.01,25076.18,25035.74,25073.77
1759840200,25062.98,25067.32,25040.7,25055.62
1759841100,25000.43,25024.11,24974.91,25010.34
1759842000,24965.94,24979.56,24957.88,24963.86
1759842900,24956.3,24980.22,24944.71,24957.49
1759843800,24990.81,25012.06,24970.1,24977.66
1759844700,25028.75,25065.3,25022.67,25035.75
1759845600,25030.17,25032.92,25027.25,25027.6
1759846500,25036.07,25044.93,25024.87,25028.47
1759847400,25008.62,25027.28,25008.06,25019.18
1759848300,25054.24,25072.82,25032.11,25064.69
1759849200,25079.47,25104.82,25060.75,25086.01
1759850100,25080.69,25095.11,25053.0,25063.98
1759851000,25047.79,25054.21,25040.2,25053.39
1759851900,25008.18,25013.45,24972.82,24987.75
1759852800,25043.99,25056.17,25008.7,25014.45
1759915800,25055.13,25071.44,25036.28,25059.58
1759916700,25120.01,25136.13,25084.95,25103.49
1759917600,25126.1,25140.02,25114.76,25121.92
1759918500,25115.72,25141.1,25091.25,25126.8
1759919400,25117.57,25122.51,25101.85,25111.86
1759920300,25119.68,25134.65,25111.3,25129.69
1759921200,25162.45,25204.43,25158.62,25172.45
1759922100,25104.92,25114.8,25097.34,25110.62
1759923000,25205.47,25211.19,25201.69,25209.29
1759923900,25248.13,25258.7,25227.69,25256.31
1759924800,25208.32,25215.44,25200.54,25206.23
1759925700,25227.73,25268.48,25204.73,25242.11
1759926600,25253.92,25273.36,25232.81,25244.41
1759927500,25231.17,25261.69,25219.78,25236.83
1759928400,25229.36,25235.08,25211.61,25222.44
1759929300,25204.03,25206.3,25173.28,25187.21
1759930200,25184.88,25202.47,25166.45,25186.28
1759931100,25182.86,25229.91,25174.97,25206.27
1759932000,25184.91,25199.51,25179.45,25189.42
1759932900,25180.19,25195.46,25165.35,25190.49
1759933800,25191.77,25201.16,25154.59,25158.28
1759934700,25153.7,25169.64,25142.13,25159.82
1759935600,25155.05,25171.98,25146.94,25167.15
1759936500,25154.06,25179.25,25143.88,25174.51
1759937400,25192.01,25224.59,25168.61,25198.55
1759938300,25146.59,25174.63,25121.85,25131.21
1759939200,25078.95,25099.18,25069.08,25080.84
1760002200,25369.72,25374.75,25355.79,25360.84
1760003100,25321.42,25323.9,25309.93,25318.5
1760004000,25288.72,25311.35,25260.05,25271.75
1760004900,25291.26,25294.88,25265.13,25271.68
1760005800,25299.35,25328.69,25291.59,25309.16
1760006700,25325.58,25354.21,25320.73,25347.27
1760007600,25327.39,25333.16,25303.97,25330.63
1760008500,25354.96,25357.54,25352.33,25354.95
1760009400,25362.37,25372.17,25351.94,25362.2
1760010300,25372.44,25372.76,25343.69,25364.81
1760011200,25383.21,25409.02,25376.24,25389.66
1760012100,25374.88,25383.55,25351.52,25354.77
1760013000,25365.77,25377.65,25361.8,25372.44
1760013900,25347.2,25355.96,25324.86,25339.87
1760014800,25352.02,25353.13,25329.62,25343.57
1760015700,25339.85,25340.56,25331.75,25340.39
1760016600,25338.95,25356.11,25336.65,25350.17
1760017500,25285.48,25319.69,25278.56,25310.92
1760018400,25274.89,25286.81,25257.53,25259.45
1760019300,25310.61,25320.91,25290.21,25293.68
1760020200,25290.22,25297.2,25278.65,25289.36
1760021100,25310.06,25319.55,25303.59,25314.18
1760022000,25319.14,25322.99,25291.22,25306.38
1760022900,25313.44,25322.74,25291.33,25305.95
1760023800,25320.16,25326.93,25313.34,25324.23
1760024700,25332.06,25338.8,25300.9,25315.7
1760025600,25342.51,25364.09,25334.04,25355.93
1760088600,25287.31,25303.44,25155.92,25251.67
1760089500,25044.49,25166.46,24996.45,25102.52
1760090400,25068.1,25084.19,24935.13,25035.88
1760091300,24905.49,24967.97,24759.81,24783.61
1760092200,24700.27,24765.57,24668.9,24763.34
1760093100,24695.86,24744.78,24655.5,24722.6
1760094000,24875.96,24890.34,24820.13,24857.84
1760094900,24842.73,24942.05,24734.19,24780.3
1760095800,25056.99,25094.85,24968.09,25023.43
1760096700,25114.06,25135.09,25049.05,25123.06
1760097600,25246.79,25261.25,25211.72,25259.16
1760098500,25065.88,25169.63,24976.52,25066.2
1760099400,24894.56,24924.22,24837.2,24850.57
1760100300,24730.48,24816.58,24596.84,24600.47
1760101200,24693.57,24815.54,24609.27,24752.93
1760102100,24728.86,24787.64,24595.42,24600.87
1760103000,24871.94,25013.12,24780.0,24980.18
1760103900,24905.14,24957.55,24764.54,24853.47
1760104800,25241.04,25337.91,25137.15,25172.85
1760105700,25150.53,25280.47,25147.9,25150.08
1760106600,25143.79,25153.92,24950.92,25099.97
1760107500,25047.05,25099.75,24973.68,24974.45
1760108400,25086.35,25112.17,25024.25,25035.01
1760109300,25122.74,25179.35,25100.26,25139.67
1760110200,25094.82,25240.64,25041.28,25065.72
1760111100,24941.04,24952.74,24770.2,24886.68
1760112000,24864.65,24886.65,24814.66,24884.77
1760347800,24523.64,24566.46,24502.05,24530.71
1760348700,24527.62,24549.84,24483.82,24508.05
1760349600,24513.08,24535.03,24503.75,24534.03
1760350500,24464.33,24570.62,24453.53,24527.76
1760351400,24433.7,24452.11,24416.58,24428.04
1760352300,24455.85,24475.48,24403.0,24421.29
1760353200,24433.7,24447.91,24403.44,24443.0
1760354100,24433.7,24476.5,24414.03,24474.75
1760355000,24541.7,24579.27,24483.4,24513.09
1760355900,24698.57,24732.67,24634.33,24637.72
1760356800,24704.79,24713.05,24673.69,24677.52
1760357700,24740.53,24756.52,24724.42,24746.21
1760358600,24747.84,24828.34,24737.3,24796.93
1760359500,24781.58,24854.66,24761.3,24828.95
1760360400,24831.89,24876.24,24826.78,24844.52
1760361300,24838.67,24871.8,24814.25,24816.63
1760362200,24799.76,24818.1,24779.6,24794.07
1760363100,24778.95,24779.22,24739.06,24743.96
1760364000,24740.09,24750.49,24684.02,24741.61
1760364900,24667.36,24759.74,24658.99,24723.35
1760365800,24695.21,24697.63,24674.54,24675.37
1760366700,24742.71,24756.73,24718.55,24731.04
1760367600,24828.16,24903.71,24781.6,24872.39
1760368500,24877.89,24912.69,24838.92,24841.04
1760369400,24913.66,24914.01,24876.96,24889.8
1760370300,25008.21,25008.29,24919.13,24955.49
1760371200,25013.3,25046.89,24980.56,25027.38
1760434200,24828.35,24855.94,24796.11,24849.03
1760435100,24846.13,24879.65,24815.36,24840.28
1760436000,24897.29,24905.5,24849.55,24871.31
1760436900,24856.77,24862.38,24845.59,24858.33
1760437800,24938.34,24982.32,24908.1,24921.89
1760438700,24937.13,24957.59,24899.11,24945.21
1760439600,25026.69,25041.72,24957.87,24985.11
1760440500,25102.98,25104.98,25065.21,25078.58
1760441400,25106.62,25139.39,25102.02,25102.74
1760442300,25091.06,25145.12,25087.72,25144.7
1760443200,25073.96,25120.69,25041.91,25066.74
1760444100,25046.02,25068.73,25014.28,25062.68
1760445000,25037.68,25052.65,24978.62,25026.14
1760445900,25055.06,25127.76,25013.67,25115.17
1760446800,25106.62,25159.02,25105.13,25124.18
1760447700,25106.62,25167.2,25067.37,25135.13
1760448600,24995.96,25034.24,24961.08,24994.01
1760449500,24977.89,25089.55,24953.76,25045.08
1760450400,24881.83,24902.94,24806.53,24835.47
1760451300,24839.39,24845.66,24743.16,24810.59
1760452200,24828.41,24857.94,24802.87,24853.29
1760453100,24782.49,24805.15,24722.81,24766.66
1760454000,24671.51,24754.17,24648.05,24733.0
1760454900,24664.88,24687.02,24641.2,24648.1
1760455800,24603.93,24612.72,24535.32,24563.75
1760456700,24492.45,24575.6,24433.18,24453.98
1760457600,24637.6,24671.03,24599.82,24646.06
1760520600,24852.94,24883.93,24838.65,24863.55
1760521500,24798.6,24799.59,24765.16,24775.23
1760522400,24858.39,24881.11,24839.68,24840.09
1760523300,24896.51,24903.4,24847.55,24877.25
1760524200,24871.13,24894.37,24847.76,24878.49
1760525100,24846.56,24859.96,24829.4,24833.43
1760526000,24825.47,24844.49,24791.81,24796.27
1760526900,24849.38,24883.85,24805.95,24811.91
1760527800,24844.53,24861.82,24810.75,24829.68
1760528700,24897.27,24905.71,24865.1,24887.62
1760529600,24866.31,24887.58,24838.68,24852.53
1760530500,24806.24,24810.81,24805.67,24807.63
1760531400,24807.83,24840.72,24781.58,24782.87
1760532300,24815.93,24853.31,24800.86,24820.42
1760533200,24861.44,24862.68,24839.42,24858.09
1760534100,24872.88,24886.42,24872.36,24873.61
1760535000,24922.22,24937.07,24890.9,24923.9
1760535900,24980.9,25018.68,24976.67,25011.11
1760536800,24961.94,24969.36,24948.11,24955.56
1760537700,24958.97,24984.67,24939.25,24969.31
1760538600,24970.76,25005.33,24932.24,24933.75
1760539500,24936.2,24937.72,24925.44,24927.11
1760540400,24985.44,24990.39,24954.88,24973.68
1760541300,24972.48,24993.19,24942.93,24957.16
1760542200,24976.54,25040.51,24954.75,24996.7
1760543100,24902.36,24918.39,24895.73,24908.38
1760544000,24927.87,24931.53,24914.19,24916.06
1760607000,24957.36,25049.3,24943.92,25010.5
1760607900,24919.9,24935.02,24898.94,24905.21
1760608800,24924.05,24938.08,24898.49,24914.46
1760609700,24953.19,25028.69,24913.58,24985.74
1760610600,24881.48,24919.12,24868.7,24884.14
1760611500,24870.34,24920.55,24826.84,24882.8
1760612400,24959.06,24962.86,24945.56,24957.68
1760613300,24994.35,25046.95,24973.43,25019.14
1760614200,24958.62,24978.36,24908.45,24935.69
1760615100,24967.65,24984.12,24949.06,24979.47
1760616000,24878.71,24915.05,24877.73,24914.37
1760616900,24873.66,24926.21,24849.68,24896.04
1760617800,24905.34,24964.49,24889.97,24935.64
1760618700,24886.64,24918.02,24873.39,24903.83
1760619600,24761.15,24767.77,24727.6,24759.69
1760620500,24852.59,24887.81,24844.76,24854.28
1760621400,24924.13,24944.35,24888.49,24915.69
1760622300,24941.54,25017.96,24892.57,24913.47
1760623200,24913.54,24938.85,24867.73,24867.81
1760624100,24884.15,24918.82,24814.03,24844.68
1760625000,24852.51,24890.22,24821.47,24869.16
1760625900,24917.13,24920.59,24881.54,24909.21
1760626800,24875.2,24894.83,24826.21,24887.68
1760627700,24823.56,24861.68,24807.91,24835.61
1760628600,24779.18,24821.62,24767.06,24783.39
1760629500,24792.56,24858.65,24741.14,24837.37
1760630400,24774.82,24807.49,24735.17,24759.11
1760693400,24760.31,24789.93,24738.29,24782.67
1760694300,24829.13,24842.35,24813.24,24838.69
1760695200,24818.3,24836.98,24714.46,24831.96
1760696100,24907.16,24944.54,24852.26,24874.16
1760697000,24882.77,24893.56,24850.8,24892.95
1760697900,24742.56,24749.13,24670.14,24737.17
1760698800,24768.1,24782.61,24717.92,24724.39
1760699700,24703.52,24750.31,24674.98,24716.9
1760700600,24626.74,24719.77,24560.47,24690.42
1760701500,24665.29,24665.45,24600.41,24608.7
1760702400,24701.05,24724.33,24693.31,24697.98
1760703300,24661.27,24705.84,24599.6,24620.13
1760704200,24732.93,24753.97,24693.15,24745.49
1760705100,24739.29,24763.81,24678.53,24689.77
1760706000,24803.74,24844.53,24754.3,24807.11
1760706900,24867.85,24918.73,24727.71,24836.47
1760707800,24760.06,24793.67,24691.23,24719.37
1760708700,24819.31,24907.48,24784.63,24906.26
1760709600,24780.62,24796.12,24729.8,24741.12
1760710500,24764.5,24852.53,24752.6,24794.27
1760711400,24754.78,24780.91,24703.59,24740.06
1760712300,24819.33,24867.9,24706.22,24755.19
1760713200,24901.54,24949.18,24869.06,24929.53
1760714100,24874.11,24950.28,24845.68,24897.51
1760715000,24784.18,24850.29,24750.21,24774.2
1760715900,24903.29,24905.45,24864.26,24899.92
1760716800,24851.73,24948.56,24846.1,24905.89
1760952600,25053.56,25059.66,25013.27,25027.31
1760953500,25034.38,25053.83,25015.35,25023.3
1760954400,24997.36,25052.17,24981.32,25048.87
1760955300,24998.06,25017.18,24987.31,25014.26
1760956200,24994.39,25021.89,24960.93,24979.17
1760957100,25012.18,25033.2,24998.79,25030.16
1760958000,24988.24,25023.75,24980.8,25004.16
1760958900,25035.18,25094.32,25016.06,25054.01
1760959800,25076.01,25134.67,25038.36,25093.31
1760960700,25085.88,25092.26,25034.67,25042.55
1760961600,25052.29,25096.88,25030.07,25076.68
1760962500,25092.8,25119.02,25092.59,25109.42
1760963400,25130.23,25138.15,25108.68,25117.21
1760964300,25160.13,25204.09,25133.4,25173.46
1760965200,25204.94,25227.42,25146.16,25209.43
1760966100,25189.23,25250.72,25167.54,25224.56
1760967000,25138.65,25194.04,25102.09,25174.25
1760967900,25172.58,25182.03,25147.91,25152.43
1760968800,25194.93,25208.51,25154.32,25164.54
1760969700,25216.12,25218.58,25200.19,25211.93
1760970600,25190.58,25200.99,25174.43,25196.22
1760971500,25180.32,25216.8,25161.49,25197.27
1760972400,25126.75,25167.39,25086.23,25107.33
1760973300,25117.04,25119.98,25100.3,25108.98
1760974200,25114.37,25120.47,25092.94,25102.42
1760975100,25168.18,25168.61,25158.38,25162.51
1760976000,25132.58,25177.07,25121.92,25129.79
1761039000,25358.93,25364.4,25345.56,25353.52
1761039900,25367.82,25377.16,25346.12,25347.18
1761040800,25343.85,25346.94,25331.44,25340.17
1761041700,25345.36,25362.05,25344.47,25360.21
1761042600,25331.49,25341.75,25328.49,25336.55
1761043500,25316.59,25326.32,25308.67,25324.13
1761044400,25334.57,25343.15,25318.49,25336.99
1761045300,25348.97,25371.24,25331.97,25339.64
1761046200,25336.03,25341.31,25329.88,25332.93
1761047100,25345.35,25347.82,25338.63,25340.13
1761048000,25363.65,25383.61,25360.31,25374.05
1761048900,25352.77,25357.35,25342.73,25347.81
1761049800,25324.79,25328.34,25305.78,25309.49
1761050700,25315.22,25324.68,25307.56,25320.99
1761051600,25312.64,25316.98,25304.29,25313.89
1761052500,25345.39,25349.38,25336.65,25344.53
1761053400,25335.65,25348.55,25328.36,25345.13
1761054300,25332.03,25333.08,25317.4,25324.31
1761055200,25322.15,25327.48,25310.12,25322.43
1761056100,25305.43,25314.47,25299.49,25312.93
1761057000,25313.93,25322.21,25305.2,25314.5
1761057900,25305.14,25326.01,25303.56,25315.03
1761058800,25327.74,25334.96,25317.23,25332.37
1761059700,25345.42,25362.24,25342.31,25354.82
1761060600,25355.17,25360.54,25335.48,25350.67
1761061500,25343.17,25356.86,25333.42,25350.53
1761062400,25338.9,25358.81,25338.63,25347.16
1761125400,25229.84,25257.98,25188.42,25214.36
1761126300,25223.69,25245.04,25195.43,25212.3
1761127200,25276.58,25285.06,25267.48,25282.58
1761128100,25299.33,25308.55,25264.22,25265.35
1761129000,25388.29,25442.73,25375.36,25432.72
1761129900,25391.82,25454.93,25381.83,25392.49
1761130800,25236.55,25238.37,25192.82,25232.45
1761131700,25248.95,25293.39,25196.44,25268.1
1761132600,25276.14,25300.64,25275.11,25290.46
1761133500,25330.01,25377.7,25299.55,25363.39
1761134400,25309.69,25367.29,25296.58,25344.61
1761135300,25253.14,25269.85,25238.96,25258.57
1761136200,25310.49,25334.09,25276.25,25302.7
1761137100,25293.25,25367.45,25263.93,25316.85
1761138000,25263.13,25278.44,25238.4,25273.7
1761138900,25260.48,25294.48,25256.41,25258.14
1761139800,25163.64,25221.13,25149.54,25217.81
1761140700,25186.48,25220.37,25176.49,25217.5
1761141600,25236.92,25246.79,25200.52,25216.23
1761142500,25283.6,25355.73,25276.32,25338.97
1761143400,25321.53,25383.3,25296.43,25359.99
1761144300,25329.49,25365.29,25266.51,25298.08
1761145200,25210.09,25241.77,25153.04,25237.72
1761146100,25268.18,25302.92,25239.13,25271.05
1761147000,25203.08,25214.24,25150.04,25169.63
1761147900,25160.23,25185.96,25118.47,25136.46
1761148800,25145.96,25168.19,25125.25,25156.61
1761211800,25032.05,25043.34,25014.86,25043.3
1761212700,25010.13,25036.03,25008.25,25033.84
1761213600,24994.62,24998.3,24927.22,24940.76
1761214500,24973.09,24992.01,24960.02,24963.64
1761215400,24951.62,24994.35,24916.04,24963.72
1761216300,24945.13,24950.47,24935.59,24942.55
1761217200,24970.01,25012.17,24951.38,24996.4
1761218100,25019.01,25022.57,25007.98,25009.84
1761219000,25072.23,25097.96,25015.2,25041.72
1761219900,25066.24,25074.63,25007.65,25030.1
1761220800,25081.58,25086.3,25045.29,25046.75
1761221700,25131.43,25132.68,25084.95,25106.53
1761222600,25137.66,25139.48,25113.6,25123.52
1761223500,25079.7,25120.32,25037.05,25065.79
1761224400,25142.68,25151.45,25083.44,25120.45
1761225300,25137.27,25158.75,25134.21,25151.82
1761226200,25234.92,25255.16,25191.37,25216.23
1761227100,25199.93,25200.52,25163.2,25188.68
1761228000,25237.87,25253.75,25156.3,25198.04
1761228900,25223.52,25232.78,25177.89,25194.28
1761229800,25208.67,25219.16,25177.4,25183.39
1761230700,25196.09,25230.89,25154.82,25225.23
1761231600,25180.96,25198.91,25176.38,25192.02
1761232500,25197.98,25229.95,25193.51,25214.09
1761233400,25175.83,25192.93,25156.16,25166.95
1761234300,25201.33,25224.0,25192.04,25215.6
1761235200,25244.82,25258.19,25217.91,25241.16
1761298200,25279.04,25296.72,25250.38,25256.72
1761299100,25292.4,25293.62,25272.93,25293.36
1761300000,25247.26,25286.14,25232.47,25279.07
1761300900,25246.15,25249.54,25232.46,25241.79
1761301800,25255.73,25287.16,25255.22,25263.5
1761302700,25272.88,25309.42,25267.97,25301.27
1761303600,25246.15,25256.37,25211.76,25243.25
1761304500,25246.15,25272.79,25245.64,25262.31
1761305400,25246.15,25267.87,25219.44,25229.35
1761306300,25246.15,25275.46,25236.66,25255.44
1761307200,25278.08,25288.32,25258.45,25280.28
1761308100,25291.39,25296.55,25258.87,25268.76
1761309000,25308.41,25313.83,25307.1,25308.67
1761309900,25317.37,25330.77,25305.36,25313.49
1761310800,25337.7,25348.8,25335.84,25348.56
1761311700,25337.73,25340.92,25328.77,25334.75
1761312600,25325.77,25333.69,25310.42,25311.95
1761313500,25321.23,25347.67,25310.89,25344.88
1761314400,25390.87,25405.21,25341.5,25363.16
1761315300,25335.82,25366.08,25329.31,25352.67
1761316200,25442.54,25460.05,25417.81,25427.63
1761317100,25426.83,25449.62,25391.81,25435.49
1761318000,25413.33,25448.89,25391.22,25439.36
1761318900,25445.58,25451.91,25411.33,25423.43
1761319800,25453.5,25461.9,25417.23,25446.34
1761320700,25385.86,25428.26,25378.32,25408.49
1761321600,25410.51,25430.1,25395.96,25411.65
1761557400,25691.82,25698.24,25673.46,25693.63
1761558300,25694.05,25713.96,25670.97,25694.15
1761559200,25693.45,25727.75,25681.7,25723.55
1761560100,25665.75,25704.22,25657.14,25670.71
1761561000,25665.75,25681.02,25632.65,25638.37
1761561900,25665.75,25671.62,25640.34,25651.6
1761562800,25665.75,25668.73,25622.51,25657.87
1761563700,25665.75,25666.5,25603.54,25648.65
1761564600,25734.1,25774.07,25717.45,25753.01
1761565500,25737.97,25748.85,25732.2,25746.6
1761566400,25728.52,25737.2,25699.93,25723.78
1761567300,25735.36,25758.08,25699.93,25716.15
1761568200,25756.91,25794.49,25743.75,25772.15
1761569100,25789.74,25806.91,25766.72,25804.64
1761570000,25788.89,25795.6,25750.01,25756.99
1761570900,25850.8,25888.91,25839.43,25868.4
1761571800,25901.01,25954.53,25884.01,25941.99
1761572700,25952.51,25963.56,25904.87,25945.36
1761573600,25943.0,25949.46,25910.93,25944.87
1761574500,25968.25,25983.64,25937.79,25950.21
1761575400,25960.06,25987.93,25946.78,25974.74
1761576300,25962.59,25977.55,25934.91,25941.75
1761577200,26006.29,26014.62,25989.01,25992.74
1761578100,26027.66,26059.13,25997.57,26025.27
1761579000,26007.14,26024.05,25996.3,25997.97
1761579900,25918.51,25923.83,25907.91,25922.93
1761580800,25941.84,25956.83,25927.85,25930.45
1761643800,26012.6,26027.7,25998.31,26013.49
1761644700,26042.33,26055.63,26018.35,26019.79
1761645600,26064.01,26092.03,26059.97,26069.98
1761646500,26110.59,26141.84,26092.89,26124.04
1761647400,26099.17,26125.5,26092.33,26116.0
1761648300,26083.6,26088.89,26075.78,26084.32
1761649200,26093.05,26123.48,26083.46,26116.75
1761650100,26071.26,26087.45,26067.48,26080.68
1761651000,26115.9,26125.44,26094.35,26102.43
1761651900,26070.41,26117.18,26066.17,26093.26
1761652800,26041.0,26046.93,26034.41,26043.3
1761653700,26032.18,26041.5,25991.92,26033.5
1761654600,26023.22,26050.95,26022.84,26028.07
1761655500,26081.62,26097.35,26062.79,26087.35
1761656400,26105.38,26129.18,26100.48,26111.35
1761657300,26080.97,26101.18,26067.35,26095.99
1761658200,26098.88,26104.9,26087.35,26103.6
1761659100,26104.0,26118.74,26100.79,26115.97
1761660000,26094.84,26120.83,26087.0,26110.52
1761660900,26091.59,26105.35,26080.5,26085.44
1761661800,26106.93,26114.65,26095.59,26111.57
1761662700,26108.13,26135.11,26078.61,26086.67
1761663600,26114.67,26119.69,26072.75,26082.33
1761664500,26178.75,26180.96,26162.98,26179.11
1761665400,26220.99,26237.58,26210.49,26219.87
1761666300,26172.07,26190.84,26163.27,26180.39
1761667200,26176.39,26209.43,26156.34,26206.01
1761730200,26176.55,26196.6,26144.34,26183.5
1761731100,26178.51,26199.77,26175.32,26196.23
1761732000,26224.96,26261.41,26204.4,26250.22
1761732900,26241.61,26271.67,26237.17,26265.5
1761733800,26236.3,26273.88,26225.4,26263.98
1761734700,26243.13,26261.58,26197.5,26254.94
1761735600,26219.76,26231.72,26212.01,26228.37
1761736500,26202.26,26222.48,26190.66,26212.53
1761737400,26188.85,26219.67,26186.2,26196.7
1761738300,26190.45,26204.12,26184.97,26197.58
1761739200,26207.17,26212.8,26198.29,26205.79
1761740100,26200.74,26254.59,26192.3,26216.35
1761741000,26155.5,26162.69,26116.99,26122.1
1761741900,26223.59,26224.31,26185.65,26187.46
1761742800,26184.53,26192.52,26166.53,26191.9
1761743700,26193.48,26215.1,26184.25,26203.15
1761744600,26198.57,26214.23,26192.08,26205.19
1761745500,26163.11,26178.92,26137.75,26161.89
1761746400,26164.22,26172.63,26158.85,26171.86
1761747300,26199.28,26204.77,26189.6,26193.18
1761748200,26243.84,26276.19,26231.74,26272.01
1761749100,26225.28,26257.84,26186.31,26239.61
1761750000,26306.2,26319.74,26302.4,26314.07
1761750900,26360.69,26373.22,26354.25,26359.5
1761751800,26349.09,26395.29,26309.96,26371.8
1761752700,26311.21,26335.52,26308.31,26324.7
1761753600,26296.64,26357.77,26295.39,26335.67
1761816600,26175.65,26186.69,26140.26,26181.52
1761817500,26093.03,26112.68,26070.96,26094.42
1761818400,26085.5,26086.94,25985.67,26050.81
1761819300,26130.98,26170.09,26120.71,26135.2
1761820200,26139.66,26178.55,26126.01,26153.38
1761821100,26034.37,26048.85,26003.99,26043.78
1761822000,26047.17,26080.19,26032.75,26036.1
1761822900,26087.51,26145.48,26058.3,26068.33
1761823800,26129.31,26153.39,26096.54,26116.9
1761824700,26061.22,26092.72,26032.06,26061.12
1761825600,26003.36,26025.72,25985.42,25999.51
1761826500,25949.56,25998.29,25915.91,25938.16
1761827400,25866.15,25869.66,25793.71,25818.36
1761828300,25820.86,25841.81,25784.82,25802.06
1761829200,25798.35,25840.88,25784.59,25831.13
1761830100,25897.42,25943.83,25857.1,25910.87
1761831000,25845.27,25880.27,25797.52,25807.07
1761831900,25822.58,25855.9,25787.99,25794.0
1761832800,25844.95,25913.83,25831.07,25861.33
1761833700,25937.24,25954.24,25912.01,25914.92
1761834600,26043.77,26056.73,25976.33,26012.5
1761835500,25953.88,25964.55,25891.09,25936.91
1761836400,25943.06,25976.61,25926.53,25960.22
1761837300,26002.27,26055.17,25992.89,26038.71
1761838200,26038.73,26069.84,25982.58,26006.68
1761839100,25962.55,25984.66,25955.15,25970.71
1761840000,25901.98,25942.81,25871.83,25884.02
1761903000,26182.69,26213.64,26173.36,26193.65
1761903900,26154.7,26187.52,26148.91,26161.35
1761904800,26146.4,26196.88,26127.77,26163.43
1761905700,26088.47,26112.23,26085.14,26106.87
1761906600,26102.56,26125.07,26073.41,26118.5
1761907500,26138.63,26163.98,26081.04,26114.6
1761908400,26170.09,26229.24,26152.58,26201.67
1761909300,26157.57,26171.48,26127.03,26159.67
1761910200,26181.16,26214.68,26150.06,26156.13
1761911100,26165.97,26182.81,26145.07,26163.25
1761912000,26207.38,26218.15,26180.2,26207.13
1761912900,26195.5,26211.3,26192.02,26197.77
1761913800,26167.63,26199.91,26160.73,26185.7
1761914700,26167.52,26184.4,26102.95,26181.5
1761915600,26155.54,26168.0,26123.47,26156.78
1761916500,26072.63,26093.44,26067.46,26083.55
1761917400,25990.57,26001.58,25981.16,25991.39
1761918300,26058.92,26073.91,26049.01,26069.92
1761919200,25982.78,26001.05,25974.09,25998.24
1761920100,25954.9,25961.0,25939.66,25952.51
1761921000,25984.84,26015.95,25974.99,25988.31
1761921900,25977.64,25985.33,25951.04,25952.69
1761922800,25935.1,25964.92,25923.5,25939.51
1761923700,25883.73,25920.39,25861.02,25908.52
1761924600,25862.01,25893.91,25830.21,25859.19
1761925500,25879.58,25885.27,25841.64,25870.81
1761926400,25866.02,25895.13,25856.32,25878.55
1762162200,25987.18,26003.45,25983.16,25992.99
1762163100,25991.14,26005.05,25963.42,25987.84
1762164000,25987.18,25999.34,25976.52,25997.1
1762164900,25987.18,25987.49,25971.81,25985.66
1762165800,25987.18,26036.77,25976.55,26014.36
1762166700,25987.34,25988.6,25979.84,25983.56
1762167600,25993.75,26010.37,25976.26,26003.6
1762168500,26006.01,26009.36,25982.52,25991.72
1762169400,26006.66,26013.66,26003.45,26003.73
1762170300,26006.43,26015.97,25959.54,25987.86
1762171200,26018.74,26034.72,25999.96,26004.54
1762172100,26078.9,26081.24,26061.6,26065.78
1762173000,26112.37,26142.47,26089.07,26108.18
1762173900,26136.42,26162.63,26128.88,26132.48
1762174800,26152.85,26157.24,26144.33,26150.8
1762175700,26147.36,26149.37,26125.18,26133.89
1762176600,26133.11,26149.21,26093.7,26109.54
1762177500,26111.79,26122.92,26093.46,26105.77
1762178400,26089.63,26099.27,26069.11,26080.81
1762179300,26085.14,26085.91,26056.97,26068.55
1762180200,26090.07,26125.89,26077.08,26107.45
1762181100,26116.71,26141.6,26114.87,26132.5
1762182000,26117.93,26147.89,26113.01,26127.69
1762182900,26117.51,26145.19,26109.21,26141.65
1762183800,26111.2,26134.32,26104.31,26112.98
1762184700,26063.65,26085.01,26044.62,26074.61
1762185600,26093.17,26105.54,26082.56,26092.25
1762248600,26164.35,26233.49,26156.9,26198.23
1762249500,26158.97,26221.07,26122.69,26149.51
1762250400,26164.35,26196.9,26125.28,26196.15
1762251300,26110.23,26176.24,26101.08,26124.63
1762252200,26164.35,26180.93,26140.1,26145.05
1762253100,26026.81,26041.06,26021.49,26036.86
1762254000,26058.22,26069.83,26041.72,26057.74
1762254900,26062.32,26094.61,26033.75,26092.31
1762255800,26034.52,26076.98,25997.13,26022.96
1762256700,26141.66,26152.85,26101.56,26125.01
1762257600,26155.58,26170.7,26124.94,26138.88
1762258500,26159.51,26178.23,26068.5,26103.24
1762259400,26164.2,26200.96,26152.96,26179.63
1762260300,26164.35,26186.81,26136.31,26151.52
1762261200,26107.59,26130.06,26059.96,26071.11
1762262100,25974.17,25983.36,25944.81,25950.44
1762263000,25977.37,26046.57,25923.16,26013.42
1762263900,25905.51,25974.41,25867.82,25960.3
1762264800,25877.05,25888.8,25796.48,25868.26
1762265700,25871.36,25980.85,25844.46,25946.02
1762266600,25960.29,25984.35,25935.06,25957.96
1762267500,26045.71,26062.67,25974.69,26007.39
1762268400,26058.96,26069.7,26015.75,26019.21
1762269300,26010.67,26024.17,25969.38,26014.79
1762270200,26072.01,26113.88,26060.01,26093.35
1762271100,25948.71,25974.16,25895.82,25925.05
1762272000,25846.02,25855.81,25844.5,25850.22
1762335000,25584.23,25616.78,25579.22,25589.77
1762335900,25570.88,25586.76,25519.88,25575.49
1762336800,25659.78,25678.46,25639.55,25647.69
1762337700,25771.03,25793.02,25764.99,25778.99
1762338600,25743.86,25780.41,25670.66,25695.91
1762339500,25767.04,25784.16,25700.33,25738.77
1762340400,25696.55,25724.45,25663.57,25686.87
1762341300,25793.87,25826.01,25769.6,25775.29
1762342200,25772.67,25842.2,25737.06,25808.01
1762343100,25646.25,25673.74,25604.4,25666.99
1762344000,25617.59,25638.98,25592.4,25598.02
1762344900,25654.8,25692.29,25644.17,25661.4
1762345800,25652.98,25670.8,25581.48,25605.2
1762346700,25710.89,25795.24,25710.59,25740.31
1762347600,25800.72,25804.04,25733.42,25772.58
1762348500,25661.64,25718.19,25638.32,25697.2
1762349400,25630.95,25642.52,25606.62,25630.83
1762350300,25595.65,25599.91,25561.61,25596.05
1762351200,25588.21,25705.61,25541.3,25677.01
1762352100,25661.98,25667.03,25595.43,25609.45
1762353000,25662.48,25708.0,25602.88,25609.18
1762353900,25735.4,25768.88,25733.61,25759.41
1762354800,25728.27,25738.98,25695.87,25718.43
1762355700,25810.22,25841.8,25752.76,25840.61
1762356600,25865.3,25883.72,25845.85,25873.58
1762357500,25867.19,25893.15,25822.22,25840.36
1762358400,25823.94,25824.92,25755.71,25797.24
1762421400,25694.34,25745.32,25659.46,25690.45
1762422300,25719.99,25778.46,25683.3,25762.68
1762423200,25735.67,25784.58,25728.61,25758.55
1762424100,25835.61,25838.73,25786.83,25807.47
1762425000,25886.4,25924.56,25886.01,25891.72
1762425900,25886.4,25892.16,25870.53,25886.16
1762426800,25886.4,25926.17,25862.85,25892.46
1762427700,25803.49,25849.48,25783.32,25800.49
1762428600,25832.39,25857.18,25778.59,25821.53
1762429500,25749.27,25827.1,25744.17,25793.03
1762430400,25706.98,25720.21,25577.03,25681.33
1762431300,25704.98,25722.22,25682.57,25693.46
1762432200,25628.08,25674.71,25589.28,25661.69
1762433100,25603.87,25681.61,25581.39,25644.78
1762434000,25636.85,25685.43,25636.06,25684.12
1762434900,25635.3,25717.44,25629.81,25660.04
1762435800,25731.14,25740.57,25702.75,25719.25
1762436700,25783.72,25803.96,25748.17,25776.05
1762437600,25682.43,25698.48,25578.4,25629.82
1762438500,25601.46,25641.5,25596.93,25601.29
1762439400,25603.19,25611.48,25597.99,25601.25
1762440300,25587.13,25606.7,25510.22,25555.56
1762441200,25573.13,25600.76,25516.92,25557.24
1762442100,25548.14,25578.04,25529.08,25556.64
1762443000,25559.66,25574.41,25506.22,25528.04
1762443900,25607.88,25688.81,25547.12,25635.81
1762444800,25555.22,25563.04,25478.77,25531.15
1762507800,25263.03,25267.73,25245.83,25251.07
1762508700,25345.32,25351.71,25262.25,25311.14
1762509600,25356.57,25408.12,25295.42,25340.18
1762510500,25331.55,25344.16,25320.77,25322.21
1762511400,25351.98,25388.73,25338.68,25367.42
1762512300,25287.88,25360.31,25239.6,25326.63
1762513200,25278.77,25312.58,25241.95,25254.3
1762514100,25277.75,25320.18,25221.49,25269.73
1762515000,25306.47,25375.27,25296.81,25339.86
1762515900,25248.63,25301.18,25164.82,25254.21
1762516800,25243.37,25319.3,25233.09,25272.99
1762517700,25207.33,25255.57,25199.69,25209.51
1762518600,25190.12,25297.71,25167.04,25183.48
1762519500,25140.03,25175.04,25127.01,25170.61
1762520400,25095.9,25146.95,25091.94,25111.07
1762521300,25104.14,25119.87,25056.68,25099.09
1762522200,25013.31,25043.81,24981.52,24995.3
1762523100,24949.13,24973.65,24881.61,24907.17
1762524000,25036.97,25068.41,25022.39,25033.4
1762524900,25053.5,25128.19,25016.61,25085.63
1762525800,25105.25,25135.85,25046.03,25073.54
1762526700,25114.67,25217.03,25113.49,25146.97
1762527600,25138.08,25173.61,25093.27,25101.85
1762528500,25249.1,25274.76,25214.46,25270.95
1762529400,25186.8,25220.5,25106.25,25187.15
1762530300,25186.17,25215.72,25153.57,25159.46
1762531200,25046.8,25130.52,25035.75,25110.42
1762767000,25267.65,25332.45,25228.84,25292.28
1762767900,25300.44,25310.82,25288.24,25292.28
1762768800,25350.81,25411.8,25335.59,25392.24
1762769700,25391.86,25419.65,25381.54,25411.7
1762770600,25332.95,25359.17,25311.52,25328.53
1762771500,25272.06,25283.69,25251.54,25270.15
1762772400,25263.15,25273.39,25245.71,25263.17
1762773300,25237.78,25279.76,25204.79,25253.45
1762774200,25255.79,25270.4,25246.79,25253.78
1762775100,25307.17,25310.99,25209.45,25252.2
1762776000,25308.06,25345.86,25267.52,25334.41
1762776900,25343.51,25383.67,25304.13,25363.94
1762777800,25376.26,25410.71,25361.38,25377.64
1762778700,25453.99,25531.27,25450.33,25513.8
1762779600,25462.38,25520.81,25432.69,25480.4
1762780500,25453.85,25472.29,25426.36,25434.07
1762781400,25567.63,25587.78,25556.58,25586.5
1762782300,25568.3,25574.24,25467.93,25529.41
1762783200,25559.22,25601.45,25541.74,25573.03
1762784100,25624.1,25660.2,25611.65,25620.53
1762785000,25599.34,25624.9,25586.98,25618.85
1762785900,25663.6,25675.81,25590.43,25624.54
1762786800,25623.12,25669.73,25591.19,25657.34
1762787700,25502.37,25527.05,25459.04,25509.96
1762788600,25532.21,25577.63,25502.18,25558.7
1762789500,25564.9,25597.77,25555.51,25581.7
1762790400,25671.46,25686.81,25652.18,25685.43
1762853400,25732.16,25736.12,25692.27,25711.52
1762854300,25715.24,25748.1,25714.03,25729.65
1762855200,25725.95,25741.48,25706.96,25715.06
1762856100,25723.33,25727.31,25711.62,25714.57
1762857000,25707.82,25716.74,25704.31,25709.63
1762857900,25723.23,25740.58,25721.66,25724.86
1762858800,25741.55,25757.94,25736.79,25749.7
1762859700,25737.57,25759.44,25712.46,25725.02
1762860600,25767.87,25780.62,25753.12,25761.89
1762861500,25797.78,25823.45,25782.41,25818.75
1762862400,25787.04,25794.13,25778.03,25782.7
1762863300,25767.02,25780.14,25746.89,25780.1
1762864200,25734.16,25743.51,25722.97,25733.79
1762865100,25690.77,25692.14,25664.23,25670.03
1762866000,25737.71,25758.75,25711.2,25724.09
1762866900,25759.59,25760.56,25734.06,25755.79
1762867800,25709.53,25736.02,25697.4,25720.18
1762868700,25685.89,25706.97,25669.99,25698.4
1762869600,25689.21,25698.0,25663.19,25680.64
1762870500,25674.34,25692.71,25652.99,25683.25
1762871400,25649.54,25653.9,25635.76,25641.82
1762872300,25691.49,25698.74,25683.21,25693.3
1762873200,25654.94,25673.49,25642.05,25656.88
1762874100,25643.63,25658.0,25596.34,25610.59
1762875000,25652.72,25666.88,25625.79,25642.69
1762875900,25660.94,25675.73,25638.4,25667.91
1762876800,25637.24,25642.77,25604.5,25636.96
1762939800,25654.89,25694.88,25646.82,25685.8
1762940700,25689.43,25709.24,25658.51,25708.56
1762941600,25659.04,25710.31,25658.84,25676.87
1762942500,25674.7,25676.82,25627.58,25647.9
1762943400,25616.13,25691.37,25616.01,25649.41
1762944300,25679.56,25714.58,25657.78,25669.93
1762945200,25683.89,25708.18,25664.32,25665.97
1762946100,25711.49,25734.83,25673.95,25694.01
1762947000,25733.05,25746.18,25731.31,25733.78
1762947900,25714.36,25745.17,25694.71,25727.83
1762948800,25703.39,25732.97,25702.26,25705.69
1762949700,25710.87,25726.92,25681.21,25682.73
1762950600,25651.0,25659.53,25627.25,25644.37
1762951500,25688.65,25708.23,25680.51,25696.76
1762952400,25699.69,25701.26,25692.5,25697.01
1762953300,25701.18,25721.72,25678.52,25689.59
1762954200,25733.04,25739.38,25691.82,25733.02
1762955100,25793.84,25795.05,25725.17,25755.18
1762956000,25740.37,25758.22,25738.12,25748.75
1762956900,25712.81,25725.52,25707.13,25722.7
1762957800,25692.79,25700.85,25647.79,25666.61
1762958700,25661.9,25662.85,25621.29,25650.57
1762959600,25631.65,25644.18,25624.52,25640.73
1762960500,25643.69,25713.13,25629.38,25694.03
1762961400,25612.35,25616.24,25595.69,25602.42
1762962300,25602.62,25603.72,25575.84,25594.19
1762963200,25560.1,25574.51,25525.78,25541.07
1763026200,25637.1,25656.81,25538.2,25552.6
1763027100,25592.19,25626.55,25569.62,25595.4
1763028000,25678.81,25763.28,25622.71,25708.96
1763028900,25615.69,25667.68,25547.69,25560.67
1763029800,25649.95,25681.12,25610.9,25619.63
1763030700,25712.61,25760.77,25693.08,25710.05
1763031600,25573.51,25612.73,25543.06,25568.79
1763032500,25517.63,25583.98,25479.72,25539.32
1763033400,25476.49,25506.45,25390.65,25486.42
1763034300,25516.69,25522.1,25504.58,25509.27
1763035200,25600.58,25626.85,25582.28,25588.33
1763036100,25531.71,25564.78,25512.82,25520.4
1763037000,25370.22,25465.56,25293.07,25420.13
1763037900,25357.95,25409.58,25291.47,25352.59
1763038800,25276.09,25295.79,25249.18,25286.08
1763039700,25253.59,25282.66,25231.86,25255.11
1763040600,25387.86,25428.5,25319.09,25351.96
1763041500,25385.93,25414.91,25365.95,25367.35
1763042400,25382.22,25482.69,25355.56,25461.4
1763043300,25442.77,25529.88,25408.35,25484.8
1763044200,25340.18,25371.44,25286.69,25337.5
1763045100,25539.22,25582.77,25463.42,25529.38
1763046000,25492.11,25632.84,25456.03,25572.46
1763046900,25536.14,25611.44,25492.15,25581.88
1763047800,25446.98,25458.92,25443.08,25457.27
1763048700,25421.74,25451.54,25372.89,25397.94
1763049600,25274.06,25309.53,25228.33,25252.0
1763112600,25095.4,25146.57,25095.02,25104.83
1763113500,25249.13,25335.89,25216.81,25308.04
1763114400,25147.37,25187.53,25098.6,25157.3
1763115300,25323.48,25390.19,25303.62,25380.01
1763116200,25360.25,25392.63,25288.9,25384.14
1763117100,25207.26,25208.6,25168.12,25203.49
1763118000,25269.67,25381.25,25233.12,25296.4
1763118900,25253.5,25357.04,25193.94,25320.19
1763119800,25188.41,25261.09,25181.03,25200.69
1763120700,25138.12,25143.46,25089.1,25101.24
1763121600,25138.4,25187.33,25116.25,25155.79
1763122500,25116.9,25161.0,25067.02,25105.06
1763123400,25165.15,25208.4,25135.95,25149.05
1763124300,25188.99,25245.14,25175.35,25176.16
1763125200,25174.7,25191.24,25077.82,25136.22
1763126100,25197.88,25237.71,25175.49,25223.65
1763127000,25105.86,25144.46,25080.78,25118.29
1763127900,25145.72,25207.5,25139.55,25178.92
1763128800,25117.51,25156.49,25070.75,25088.11
1763129700,25121.91,25146.33,25103.99,25144.41
1763130600,25152.12,25164.43,25120.7,25142.11
1763131500,25216.44,25234.2,25205.36,25222.65
1763132400,25278.71,25312.71,25260.58,25300.85
1763133300,25349.93,25374.61,25236.14,25297.38
1763134200,25260.77,25383.81,25198.36,25331.5
1763135100,25122.36,25153.34,25097.05,25101.86
1763136000,25034.67,25050.9,24969.56,25001.6
1763371800,25082.48,25086.35,25066.95,25078.8
1763372700,25052.09,25109.78,25008.1,25073.31
1763373600,25066.0,25134.82,24972.9,25002.45
1763374500,25042.87,25062.23,25018.13,25033.65
1763375400,25045.36,25107.19,24980.56,24998.57
1763376300,25035.68,25075.04,25019.88,25050.8
1763377200,24866.64,24931.47,24838.5,24864.37
1763378100,24941.44,24950.32,24879.1,24899.04
1763379000,24934.12,24946.97,24882.33,24924.41
1763379900,24927.41,25028.75,24870.85,25003.54
1763380800,24947.58,24979.74,24945.93,24963.15
1763381700,25054.43,25090.81,25050.65,25052.16
1763382600,25086.57,25150.78,25074.43,25099.25
1763383500,25099.97,25129.0,25020.43,25048.99
1763384400,25090.84,25095.24,25038.87,25074.73
1763385300,25076.34,25144.21,25050.57,25104.12
1763386200,25097.3,25103.96,25051.75,25100.93
1763387100,25041.78,25094.96,25037.09,25090.41
1763388000,25010.01,25066.51,24980.31,25049.8
1763388900,25016.16,25041.49,24978.25,24978.68
1763389800,24977.67,25037.97,24913.75,24938.08
1763390700,24940.72,24986.64,24914.23,24936.91
1763391600,24923.57,24951.33,24901.1,24934.51
1763392500,24874.76,24901.98,24798.42,24849.99
1763393400,24893.42,24919.38,24870.74,24899.51
1763394300,24913.21,24919.18,24858.49,24882.74
1763395200,24913.64,24958.38,24865.8,24899.25
1763458200,24955.31,25003.31,24923.6,24984.81
1763459100,24928.56,24984.22,24904.43,24935.84
1763460000,24893.19,24945.82,24856.94,24875.37
1763460900,24908.27,24918.03,24853.02,24871.5
1763461800,24903.86,24938.85,24880.62,24914.14
1763462700,24973.55,25033.72,24944.96,24954.72
1763463600,24911.08,24971.04,24896.15,24913.28
1763464500,24826.34,24855.63,24813.84,24846.86
1763465400,24928.78,24957.36,24876.1,24919.34
1763466300,24938.41,24983.23,24918.74,24955.78
1763467200,24859.48,24973.11,24832.45,24942.61
1763468100,24885.38,24918.07,24851.79,24874.71
1763469000,24878.85,24934.38,24846.75,24893.42
1763469900,24859.87,24885.61,24853.83,24863.31
1763470800,24810.4,24866.71,24769.41,24785.63
1763471700,24747.58,24792.28,24683.57,24773.11
1763472600,24787.92,24869.01,24771.92,24816.43
1763473500,24897.99,24922.55,24837.19,24873.6
1763474400,24878.65,24882.11,24825.6,24835.95
1763475300,24812.3,24813.82,24748.21,24756.77
1763476200,24775.5,24807.62,24770.82,24793.12
1763477100,24775.12,24820.03,24766.81,24798.94
1763478000,24745.59,24833.89,24713.34,24827.51
1763478900,24617.97,24704.92,24578.48,24663.19
1763479800,24657.34,24669.37,24652.51,24663.56
1763480700,24656.1,24670.15,24605.54,24607.25
1763481600,24689.93,24699.55,24673.2,24676.54
1763544600,24488.32,24545.37,24466.9,24500.86
1763545500,24466.81,24472.11,24421.3,24456.32
1763546400,24464.84,24505.72,24450.44,24503.12
1763547300,24515.43,24562.37,24509.89,24535.79
1763548200,24489.92,24558.18,24437.26,24547.75
1763549100,24426.33,24439.26,24403.77,24408.97
1763550000,24443.1,24454.69,24414.45,24436.96
1763550900,24392.35,24393.69,24377.15,24382.12
1763551800,24496.02,24516.02,24463.4,24508.89
1763552700,24505.97,24524.76,24471.67,24483.77
1763553600,24474.56,24543.91,24417.86,24505.56
1763554500,24480.1,24532.03,24440.38,24458.98
1763555400,24501.94,24549.57,24448.55,24466.45
1763556300,24538.05,24540.61,24498.82,24532.74
1763557200,24514.92,24555.38,24511.59,24540.28
1763558100,24500.04,24520.56,24488.27,24501.19
1763559000,24551.5,24564.4,24457.29,24481.37
1763559900,24543.94,24548.54,24522.57,24532.73
1763560800,24538.27,24555.03,24506.5,24548.03
1763561700,24549.91,24610.54,24535.69,24584.82
1763562600,24594.6,24612.14,24545.27,24608.3
1763563500,24624.53,24644.49,24601.4,24641.19
1763564400,24664.03,24739.25,24655.84,24698.6
1763565300,24689.88,24729.6,24650.36,24681.89
1763566200,24705.68,24709.69,24699.96,24707.17
1763567100,24694.93,24713.11,24634.91,24660.22
1763568000,24681.21,24740.47,24653.01,24736.82
1763631000,25106.04,25290.59,24972.29,25182.82
1763631900,25075.05,25270.32,25029.61,25183.82
1763632800,25326.38,25378.8,25264.47,25309.51
1763633700,25257.26,25411.32,25250.51,25352.67
1763634600,25326.1,25361.75,25195.89,25211.19
1763635500,25308.49,25427.64,25288.07,25354.77
1763636400,25192.35,25249.66,25129.96,25210.45
1763637300,25021.07,25136.74,24950.24,25097.27
1763638200,24996.33,25132.95,24951.23,25051.98
1763639100,25136.03,25177.93,25037.81,25038.11
1763640000,24829.92,24965.78,24775.54,24924.51
1763640900,24789.94,24826.22,24703.95,24801.48
1763641800,24891.65,24941.18,24884.7,24891.47
1763642700,24832.41,24890.6,24783.61,24856.59
1763643600,24888.79,24975.39,24835.31,24838.85
1763644500,24989.23,25026.68,24913.1,24945.69
1763645400,25062.56,25159.81,25034.17,25146.19
1763646300,25029.38,25062.82,24958.99,24991.78
1763647200,24915.29,24993.95,24748.28,24843.2
1763648100,24893.82,24928.59,24783.75,24820.84
1763649000,24505.45,24608.48,24439.38,24550.26
1763649900,24444.96,24612.87,24377.42,24504.96
1763650800,24557.23,24707.35,24492.53,24616.31
1763651700,24601.86,24662.37,24498.37,24528.1
1763652600,24750.34,24820.39,24746.08,24769.41
1763653500,24761.44,24832.82,24692.4,24792.76
1763654400,24745.73,24846.08,24717.85,24808.56
1763717400,24023.11,24123.87,24022.73,24076.92
1763718300,24038.37,24105.25,24031.08,24082.01
1763719200,23932.68,23971.04,23929.06,23947.04
1763720100,23969.3,24050.17,23907.62,23999.93
1763721000,23956.44,24043.48,23930.55,24000.31
1763721900,23918.42,23967.59,23858.71,23943.7
1763722800,23876.46,23918.24,23809.37,23872.17
1763723700,23913.31,23915.17,23843.29,23887.28
1763724600,24030.53,24049.17,24015.24,24025.84
1763725500,24006.82,24021.64,23912.95,24008.03
1763726400,24018.92,24021.89,23969.98,24017.43
1763727300,23992.26,24046.86,23950.8,24030.92
1763728200,23919.0,23945.35,23818.95,23890.3
1763729100,23992.7,24078.2,23966.15,24040.35
1763730000,24059.83,24083.67,24020.43,24035.27
1763730900,24087.54,24123.33,24045.04,24087.67
1763731800,24086.78,24107.1,23958.9,23992.67
1763732700,24192.16,24202.18,24141.69,24151.78
1763733600,24214.55,24218.68,24179.79,24215.45
1763734500,24237.79,24274.33,24212.65,24228.16
1763735400,24253.45,24321.2,24234.22,24305.78
1763736300,24284.34,24330.95,24277.67,24285.63
1763737200,24188.81,24193.29,24176.19,24180.62
1763738100,24172.36,24202.6,24129.28,24199.24
1763739000,24215.35,24261.67,24172.26,24192.17
1763739900,24214.55,24221.16,24179.47,24200.96
1763740800,24212.11,24219.48,24188.49,24188.84
1763976600,24472.07,24494.89,24461.56,24479.82
1763977500,24485.12,24522.97,24467.48,24494.23
1763978400,24454.16,24492.1,24366.29,24420.59
1763979300,24505.38,24566.8,24502.12,24559.96
1763980200,24601.31,24641.27,24575.78,24639.89
1763981100,24538.04,24577.48,24519.21,24574.47
1763982000,24428.84,24463.01,24382.53,24409.91
1763982900,24437.15,24492.23,24402.8,24452.23
1763983800,24438.95,24479.04,24425.32,24455.11
1763984700,24417.6,24472.49,24371.07,24431.91
1763985600,24455.84,24471.66,24433.98,24440.83
1763986500,24428.53,24440.52,24415.28,24430.75
1763987400,24450.92,24472.85,24426.26,24461.28
1763988300,24431.8,24447.05,24351.16,24388.58
1763989200,24476.95,24479.68,24425.18,24438.32
1763990100,24429.93,24516.19,24396.43,24490.77
1763991000,24418.18,24425.87,24396.51,24422.24
1763991900,24458.09,24473.93,24439.97,24461.65
1763992800,24580.9,24646.58,24550.93,24568.13
1763993700,24680.78,24712.94,24663.93,24672.15
1763994600,24680.99,24762.26,24662.33,24754.21
1763995500,24757.57,24816.23,24715.84,24805.88
1763996400,24800.29,24818.5,24794.22,24794.97
1763997300,24864.15,24896.25,24824.14,24860.96
1763998200,24710.43,24734.08,24689.64,24690.1
1763999100,24671.56,24702.49,24636.81,24656.54
1764000000,24623.47,24709.56,24574.38,24641.44
1764063000,25052.45,25095.76,25051.49,25084.94
1764063900,25029.2,25059.77,24962.07,24985.24
1764064800,24990.33,25067.83,24962.13,25064.02
1764065700,25020.54,25045.76,25018.91,25039.71
1764066600,25037.14,25057.1,24992.03,25003.12
1764067500,24989.75,24995.92,24979.44,24985.43
1764068400,24925.39,24934.84,24822.15,24876.64
1764069300,24956.67,24971.66,24932.93,24960.82
1764070200,25007.92,25089.87,24998.65,25062.4
1764071100,25045.26,25045.33,25030.57,25044.41
1764072000,24998.72,25033.11,24994.83,25028.32
1764072900,25061.52,25062.45,25039.96,25058.52
1764073800,25027.54,25068.36,25022.89,25067.48
1764074700,25006.38,25017.79,24954.59,25010.28
1764075600,24964.03,24972.22,24944.05,24969.66
1764076500,24938.34,25015.6,24926.81,24930.17
1764077400,24907.39,24953.99,24891.63,24931.96
1764078300,24960.71,24972.15,24937.83,24954.52
1764079200,25016.71,25038.02,24997.13,25007.62
1764080100,24977.15,24978.96,24970.32,24972.57
1764081000,25095.07,25100.5,25071.22,25079.82
1764081900,25065.02,25108.45,25007.06,25079.44
1764082800,25114.57,25172.02,25097.29,25131.68
1764083700,25139.67,25170.01,25112.99,25167.72
1764084600,25189.12,25227.4,25140.61,25196.58
1764085500,25159.41,25222.59,25120.54,25192.17
1764086400,25126.81,25159.49,25099.45,25129.33
1764149400,25121.42,25132.03,25078.53,25101.94
1764150300,25098.62,25123.88,25095.4,25101.43
1764151200,25083.23,25088.75,25063.45,25073.09
1764152100,25066.9,25090.72,25051.73,25068.28
1764153000,25099.97,25129.96,25082.02,25126.37
1764153900,25068.59,25083.89,25043.58,25074.42
1764154800,25077.32,25092.27,25059.25,25083.68
1764155700,25078.84,25088.99,25057.22,25070.89
1764156600,25106.82,25113.2,25096.31,25098.19
1764157500,25100.12,25124.65,25068.34,25079.7
1764158400,25098.84,25108.42,25087.03,25090.14
1764159300,25096.74,25106.08,25080.76,25102.28
1764160200,25087.39,25102.78,25035.56,25059.25
1764161100,25102.95,25123.5,25102.66,25114.75
1764162000,25084.28,25097.58,25036.93,25063.79
1764162900,25114.34,25119.52,25102.34,25108.82
1764163800,25127.17,25139.06,25088.85,25104.08
1764164700,25091.44,25109.74,25086.96,25101.01
1764165600,25071.25,25084.17,25039.4,25056.65
1764166500,25152.81,25185.59,25152.67,25162.7
1764167400,25179.25,25189.62,25167.65,25167.74
1764168300,25199.99,25211.99,25193.61,25211.77
1764169200,25204.21,25229.76,25199.39,25213.87
1764170100,25264.27,25291.64,25245.03,25269.44
1764171000,25268.53,25339.78,25250.04,25311.66
1764171900,25227.93,25265.52,25209.64,25218.91
1764172800,25205.23,25209.29,25167.86,25207.03
1764322200,25317.69,25343.59,25307.53,25328.55
1764323100,25305.19,25305.71,25279.99,25292.45
1764324000,25293.8,25312.13,25290.12,25303.69
1764324900,25272.49,25275.45,25257.84,25265.89
1764325800,25309.89,25344.17,25293.78,25327.23
1764326700,25360.06,25364.52,25357.25,25363.33
1764327600,25375.26,25391.45,25357.88,25386.74
1764328500,25391.77,25395.9,25374.82,25388.07
1764329400,25393.44,25398.23,25376.08,25393.96
1764330300,25390.8,25413.58,25379.09,25406.02
1764331200,25367.37,25378.38,25350.79,25373.41
1764332100,25362.21,25369.27,25360.41,25364.18
1764333000,25374.46,25382.87,25349.3,25356.22
1764333900,25384.38,25398.97,25383.98,25394.75
1764334800,25376.41,25382.94,25375.88,25379.46
1764335700,25381.4,25412.79,25367.37,25410.39
1764336600,25387.75,25393.82,25382.87,25386.31
1764337500,25393.09,25411.15,25389.38,25408.36
1764338400,25382.5,25403.07,25371.67,25402.59
1764339300,25404.99,25421.89,25403.98,25418.55
1764340200,25404.35,25411.3,25395.78,25402.21
1764341100,25458.45,25466.61,25433.82,25448.84
1764342000,25462.11,25480.29,25455.44,25475.7
1764342900,25448.55,25458.16,25439.09,25441.37
1764343800,25423.94,25448.24,25413.46,25447.87
1764344700,25453.47,25471.33,25451.91,25461.15
1764345600,25479.08,25483.19,25472.15,25474.64
1764581400,25515.04,25523.7,25486.73,25493.99
1764582300,25512.41,25537.55,25507.7,25507.9
1764583200,25458.24,25482.84,25450.66,25464.57
1764584100,25447.19,25484.98,25433.09,25439.55
1764585000,25436.23,25457.93,25395.78,25399.38
1764585900,25385.33,25413.92,25374.87,25404.98
1764586800,25353.03,25359.52,25321.52,25344.2
1764587700,25334.8,25345.0,25301.09,25304.45
1764588600,25385.8,25390.2,25361.77,25370.95
1764589500,25408.01,25432.61,25391.14,25405.2
1764590400,25456.37,25468.4,25439.47,25447.21
1764591300,25488.9,25528.4,25467.26,25472.78
1764592200,25503.3,25535.24,25476.25,25519.94
1764593100,25543.23,25574.31,25521.39,25557.07
1764594000,25577.12,25611.99,25529.33,25565.56
1764594900,25577.12,25598.39,25574.64,25592.43
1764595800,25565.17,25608.39,25563.14,25575.02
1764596700,25577.12,25609.74,25565.3,25607.2
1764597600,25548.37,25570.24,25483.88,25517.1
1764598500,25495.35,25520.46,25491.72,25502.92
1764599400,25509.49,25535.17,25477.31,25494.63
1764600300,25477.04,25489.63,25441.37,25473.54
1764601200,25447.58,25476.77,25442.38,25448.94
1764602100,25490.65,25500.05,25486.97,25493.19
1764603000,25549.25,25557.27,25507.95,25531.24
1764603900,25567.38,25611.84,25537.64,25606.92
1764604800,25535.24,25566.0,25514.12,25532.1
1764667800,25449.17,25459.63,25436.82,25454.7
1764668700,25410.07,25413.68,25399.33,25407.97
1764669600,25447.36,25452.31,25406.58,25416.99
1764670500,25426.95,25432.38,25403.99,25423.3
1764671400,25387.64,25400.78,25372.65,25374.94
1764672300,25452.3,25476.16,25449.6,25458.8
1764673200,25402.29,25444.58,25390.08,25417.61
1764674100,25385.29,25395.55,25360.21,25391.77
1764675000,25394.36,25407.9,25387.51,25403.54
1764675900,25382.75,25385.08,25357.46,25373.4
1764676800,25443.02,25454.33,25426.79,25454.05
1764677700,25421.42,25468.83,25419.03,25450.86
1764678600,25396.26,25424.38,25344.45,25349.39
1764679500,25401.22,25409.32,25371.92,25384.47
1764680400,25419.46,25452.94,25410.36,25445.66
1764681300,25502.12,25523.32,25452.97,25479.74
1764682200,25556.75,25583.85,25541.44,25561.31
1764683100,25550.84,25551.64,25515.9,25518.04
1764684000,25572.15,25589.25,25536.75,25545.51
1764684900,25583.48,25617.63,25549.57,25567.56
1764685800,25613.32,25644.19,25605.61,25631.74
1764686700,25647.69,25674.51,25628.2,25664.77
1764687600,25629.64,25653.23,25614.52,25615.46
1764688500,25600.69,25634.05,25598.55,25614.61
1764689400,25601.77,25642.12,25564.04,25619.52
1764690300,25696.68,25725.64,25694.05,25711.87
1764691200,25674.28,25697.98,25635.73,25686.79
1764754200,25587.72,25609.78,25567.08,25572.81
1764755100,25557.88,25577.99,25541.11,25545.25
1764756000,25561.93,25571.08,25528.75,25544.51
1764756900,25533.2,25535.55,25522.71,25533.14
1764757800,25504.71,25535.78,25483.23,25507.25
1764758700,25553.81,25572.49,25552.45,25567.9
1764759600,25564.63,25585.03,25539.77,25546.05
1764760500,25578.94,25584.7,25549.31,25570.84
1764761400,25608.09,25628.73,25595.52,25603.65
1764762300,25628.37,25656.12,25627.52,25647.86
1764763200,25600.82,25607.54,25582.18,25593.99
1764764100,25596.69,25596.75,25569.43,25587.77
1764765000,25608.33,25614.78,25602.99,25612.72
1764765900,25650.35,25652.89,25631.33,25636.55
1764766800,25676.27,25701.51,25664.22,25685.13
1764767700,25698.13,25711.49,25695.91,25702.59
1764768600,25644.89,25645.88,25640.39,25644.82
1764769500,25666.02,25684.98,25664.67,25679.29
1764770400,25663.69,25685.2,25657.61,25675.28
1764771300,25694.84,25718.99,25694.23,25706.8
1764772200,25660.3,25679.96,25651.82,25670.34
1764773100,25665.8,25667.1,25642.77,25663.86
1764774000,25681.94,25686.1,25657.99,25675.03
1764774900,25657.81,25662.31,25646.6,25657.1
1764775800,25629.35,25633.39,25627.44,25631.8
1764776700,25677.9,25683.82,25661.26,25665.23
1764777600,25631.08,25633.22,25613.4,25621.41
1764840600,25664.45,25677.89,25649.32,25651.34
1764841500,25672.12,25686.17,25664.18,25684.66
1764842400,25690.07,25694.66,25679.9,25693.58
1764843300,25737.57,25758.22,25729.26,25754.4
1764844200,25746.25,25778.55,25727.76,25766.28
1764845100,25723.9,25733.38,25694.54,25703.35
1764846000,25721.92,25741.32,25718.97,25729.94
1764846900,25704.88,25714.32,25694.28,25712.67
1764847800,25727.46,25738.07,25717.9,25721.0
1764848700,25670.27,25693.09,25662.82,25680.82
1764849600,25606.5,25612.16,25598.99,25599.3
1764850500,25620.31,25621.85,25606.99,25611.4
1764851400,25654.78,25658.92,25644.01,25656.56
1764852300,25661.29,25694.61,25641.84,25647.47
1764853200,25673.26,25676.35,25669.44,25675.29
1764854100,25677.12,25686.96,25661.94,25683.85
1764855000,25671.66,25680.11,25659.95,25663.98
1764855900,25663.46,25673.17,25648.9,25649.15
1764856800,25641.16,25650.87,25618.98,25648.72
1764857700,25642.44,25682.1,25640.29,25659.15
1764858600,25642.5,25642.72,25621.07,25642.51
1764859500,25643.6,25648.18,25627.02,25637.8
1764860400,25629.7,25645.47,25599.59,25616.24
1764861300,25622.19,25637.05,25613.22,25622.57
1764862200,25615.82,25626.02,25612.83,25615.31
1764863100,25595.68,25613.34,25579.64,25595.92
1764864000,25625.81,25647.78,25607.1,25614.05
1764927000,25625.57,25651.97,25580.17,25625.17
1764927900,25624.51,25644.22,25598.95,25635.89
1764928800,25647.2,25670.16,25611.8,25625.4
1764929700,25642.94,25656.68,25621.74,25636.65
1764930600,25651.26,25660.93,25628.75,25641.51
1764931500,25650.02,25671.77,25638.0,25648.53
1764932400,25645.77,25650.01,25622.37,25630.59
1764933300,25651.44,25674.12,25636.98,25662.09
1764934200,25694.49,25698.44,25675.91,25687.2
1764935100,25658.56,25683.35,25635.4,25658.97
1764936000,25675.86,25688.34,25654.95,25674.45
1764936900,25720.8,25730.12,25676.18,25688.27
1764937800,25742.12,25746.53,25706.68,25731.18
1764938700,25773.2,25798.32,25747.11,25795.59
1764939600,25794.02,25822.61,25769.37,25785.52
1764940500,25770.51,25779.37,25739.97,25751.83
1764941400,25793.13,25808.01,25770.01,25787.84
1764942300,25822.16,25831.36,25813.75,25814.01
1764943200,25800.73,25829.16,25800.67,25819.24
1764944100,25816.5,25835.24,25787.63,25829.14
1764945000,25825.14,25865.1,25801.12,25853.42
1764945900,25771.85,25775.85,25739.57,25753.12
1764946800,25764.49,25781.9,25762.94,25780.6
1764947700,25808.94,25809.59,25793.73,25799.29
1764948600,25805.46,25818.95,25801.04,25808.87
1764949500,25741.12,25763.4,25736.51,25737.57
1764950400,25719.61,25736.23,25700.96,25722.83
1765186200,25719.94,25726.44,25667.11,25696.34
1765187100,25702.17,25722.76,25688.44,25701.76
1765188000,25707.36,25710.96,25659.12,25683.02
1765188900,25702.27,25734.82,25674.28,25686.57
1765189800,25725.7,25772.06,25711.8,25721.47
1765190700,25733.88,25753.54,25731.48,25741.62
1765191600,25699.06,25701.24,25653.91,25682.06
1765192500,25748.01,25760.96,25723.57,25735.13
1765193400,25746.56,25757.83,25718.67,25732.23
1765194300,25750.33,25763.54,25730.56,25740.63
1765195200,25758.35,25761.48,25729.43,25749.08
1765196100,25762.46,25797.75,25744.41,25785.57
1765197000,25782.35,25783.25,25751.19,25776.4
1765197900,25789.08,25803.4,25781.45,25794.13
1765198800,25825.79,25850.39,25818.17,25836.43
1765199700,25772.66,25791.14,25734.87,25764.24
1765200600,25765.21,25785.22,25754.11,25767.99
1765201500,25759.66,25769.34,25729.83,25754.17
1765202400,25732.25,25783.19,25730.26,25769.56
1765203300,25783.45,25791.01,25778.48,25780.26
1765204200,25725.08,25736.59,25719.33,25722.55
1765205100,25729.96,25757.92,25695.02,25740.28
1765206000,25786.97,25826.22,25771.03,25782.32
1765206900,25783.2,25792.0,25752.36,25755.55
1765207800,25763.5,25765.36,25708.84,25735.01
1765208700,25734.98,25744.11,25690.47,25699.06
1765209600,25720.2,25741.62,25684.31,25738.54
1765272600,25697.41,25705.39,25688.32,25696.07
1765273500,25747.21,25767.01,25745.6,25752.4
1765274400,25755.56,25755.85,25736.43,25745.33
1765275300,25721.16,25733.86,25698.89,25715.24
1765276200,25676.06,25681.91,25668.84,25669.13
1765277100,25725.52,25734.23,25714.13,25720.85
1765278000,25691.63,25727.08,25686.42,25700.31
1765278900,25670.53,25701.57,25670.39,25686.73
1765279800,25671.52,25679.15,25660.02,25666.65
1765280700,25667.69,25685.9,25662.14,25677.79
1765281600,25693.28,25696.41,25682.58,25683.32
1765282500,25705.9,25709.0,25675.91,25690.14
1765283400,25711.19,25724.14,25709.16,25709.54
1765284300,25690.4,25715.23,25687.25,25713.44
1765285200,25672.56,25680.35,25668.55,25669.13
1765286100,25664.64,25669.04,25647.93,25660.18
1765287000,25667.58,25672.75,25657.82,25665.6
1765287900,25669.94,25670.78,25642.58,25647.99
1765288800,25638.62,25664.12,25631.69,25653.23
1765289700,25658.95,25672.08,25656.91,25670.15
1765290600,25668.79,25675.14,25665.42,25666.3
1765291500,25671.57,25683.72,25652.03,25659.72
1765292400,25648.31,25659.5,25626.95,25639.84
1765293300,25659.85,25678.93,25653.69,25662.48
1765294200,25700.44,25714.02,25685.83,25690.39
1765295100,25695.38,25722.25,25677.22,25705.69
1765296000,25706.27,25717.52,25700.88,25716.61
1765359000,25652.67,25677.89,25636.43,25659.8
1765359900,25711.54,25726.84,25660.46,25680.23
1765360800,25669.16,25676.64,25640.25,25653.66
1765361700,25728.74,25766.02,25725.25,25743.15
1765362600,25788.61,25794.19,25754.1,25770.12
1765363500,25828.84,25843.36,25804.33,25832.93
1765364400,25837.31,25855.85,25828.93,25835.07
1765365300,25816.17,25821.41,25793.92,25814.72
1765366200,25797.21,25812.15,25757.35,25777.36
1765367100,25738.35,25757.83,25718.32,25757.65
1765368000,25745.01,25746.21,25720.82,25739.85
1765368900,25711.0,25732.37,25704.1,25707.29
1765369800,25689.76,25741.33,25669.73,25714.38
1765370700,25708.62,25713.27,25694.81,25708.31
1765371600,25721.71,25744.4,25708.9,25741.13
1765372500,25773.03,25804.38,25730.52,25748.57
1765373400,25748.08,25775.78,25740.28,25743.93
1765374300,25789.29,25804.0,25776.0,25777.64
1765375200,25848.38,25873.53,25843.01,25850.81
1765376100,25886.02,25932.19,25872.87,25910.52
1765377000,25903.9,25936.7,25900.88,25928.59
1765377900,25903.9,25947.34,25896.1,25934.15
1765378800,25903.9,25957.9,25889.56,25926.61
1765379700,25890.3,25902.82,25877.86,25883.87
1765380600,25858.97,25902.41,25839.84,25877.11
1765381500,25805.08,25847.4,25788.47,25821.56
1765382400,25770.62,25837.09,25758.2,25808.95
1765445400,25721.91,25788.78,25700.15,25778.96
1765446300,25721.18,25731.66,25705.81,25720.34
1765447200,25673.74,25718.45,25656.19,25703.28
1765448100,25805.76,25815.57,25741.17,25777.83
1765449000,25888.1,25923.38,25844.97,25911.05
1765449900,25902.92,25956.49,25885.64,25893.21
1765450800,25848.38,25880.65,25796.14,25814.17
1765451700,25760.69,25813.86,25745.22,25806.13
1765452600,25702.82,25724.32,25654.75,25700.54
1765453500,25801.4,25810.36,25785.64,25789.23
1765454400,25835.29,25848.63,25782.58,25832.48
1765455300,25863.28,25872.03,25769.49,25790.17
1765456200,25836.21,25899.22,25820.74,25867.86
1765457100,25827.71,25866.9,25820.61,25833.74
1765458000,25839.05,25896.16,25795.15,25820.21
1765458900,25839.45,25897.9,25836.21,25890.52
1765459800,25864.52,25870.04,25834.94,25852.18
1765460700,25887.34,25888.31,25863.77,25867.03
1765461600,25869.12,25870.03,25777.82,25847.64
1765462500,25899.84,25955.16,25895.31,25925.64
1765463400,25884.84,25915.15,25837.77,25910.39
1765464300,25910.55,25971.17,25900.1,25917.52
1765465200,25894.01,25900.43,25833.13,25890.66
1765466100,25787.86,25818.36,25732.76,25775.92
1765467000,25779.36,25811.09,25775.8,25801.02
1765467900,25685.86,25735.02,25682.47,25695.2
1765468800,25638.65,25670.33,25626.69,25636.88
1765531800,25782.62,25816.42,25743.49,25768.98
1765532700,25795.35,25799.89,25756.21,25788.1
1765533600,25720.07,25781.19,25670.83,25742.31
1765534500,25747.3,25774.07,25736.29,25752.06
1765535400,25767.79,25797.77,25687.71,25706.62
1765536300,25754.9,25798.08,25718.01,25721.94
1765537200,25795.35,25814.34,25748.88,25767.37
1765538100,25795.35,25844.67,25724.92,25733.37
1765539000,25714.62,25750.51,25638.45,25691.97
1765539900,25658.63,25677.45,25610.51,25636.3
1765540800,25662.42,25687.4,25615.04,25644.95
1765541700,25652.89,25660.67,25553.86,25619.83
1765542600,25643.64,25692.74,25625.2,25655.63
1765543500,25643.44,25740.58,25626.4,25650.89
1765544400,25646.89,25685.86,25634.38,25650.4
1765545300,25602.49,25632.16,25510.66,25546.76
1765546200,25451.9,25537.8,25432.1,25516.01
1765547100,25506.36,25527.87,25425.35,25473.17
1765548000,25484.47,25516.94,25452.03,25510.3
1765548900,25585.39,25604.99,25556.22,25557.79
1765549800,25599.56,25632.07,25532.5,25584.16
1765550700,25564.7,25614.73,25540.54,25557.01
1765551600,25606.53,25636.35,25512.84,25558.22
1765552500,25592.2,25594.3,25535.13,25552.47
1765553400,25576.69,25636.1,25576.08,25596.8
1765554300,25571.11,25579.32,25546.65,25563.93
1765555200,25525.73,25577.48,25519.17,25567.31
1765791000,25256.79,25260.47,25233.94,25254.55
1765791900,25203.66,25215.49,25193.9,25214.71
1765792800,25186.34,25204.72,25165.32,25177.34
1765793700,25203.8,25238.72,25198.94,25236.97
1765794600,25217.85,25238.87,25211.02,25214.94
1765795500,25204.42,25228.96,25185.11,25204.95
1765796400,25177.16,25193.79,25164.56,25170.55
1765797300,25091.63,25135.49,25071.09,25120.19
1765798200,25127.76,25133.0,25120.99,25126.31
1765799100,25100.76,25125.38,25070.39,25091.42
1765800000,25079.86,25107.68,25052.05,25090.67
1765800900,25060.49,25074.43,25058.95,25069.89
1765801800,25111.56,25137.59,25071.69,25116.9
1765802700,25076.78,25077.0,25034.19,25048.2
1765803600,25090.91,25117.71,25080.16,25082.15
1765804500,25086.88,25103.04,25066.9,25101.1
1765805400,25102.65,25128.87,25057.18,25071.02
1765806300,25092.12,25102.33,25073.9,25096.7
1765807200,25050.86,25095.27,25038.76,25073.71
1765808100,25068.11,25083.8,25033.8,25036.25
1765809000,25102.59,25117.91,25097.32,25109.05
1765809900,25041.76,25071.07,25010.16,25037.78
1765810800,25056.92,25059.74,25002.74,25021.34
1765811700,25062.32,25106.46,25031.54,25040.53
1765812600,25021.44,25030.19,24999.01,25006.09
1765813500,25043.23,25064.51,25026.09,25045.69
1765814400,25151.66,25207.77,25144.53,25162.1
1765877400,25081.22,25097.93,25077.15,25096.12
1765878300,25031.01,25080.38,25006.06,25053.73
1765879200,25043.99,25065.81,25025.13,25026.12
1765880100,25023.46,25051.14,24973.72,25006.02
1765881000,25007.25,25031.14,25005.95,25029.16
1765881900,25003.94,25016.97,24981.31,25003.92
1765882800,24939.27,24968.92,24911.61,24925.93
1765883700,24974.43,24984.22,24961.12,24984.15
1765884600,24964.81,24988.12,24959.14,24974.69
1765885500,24978.03,25010.53,24975.92,24988.06
1765886400,24966.74,24993.2,24943.02,24971.62
1765887300,24967.21,24999.04,24966.62,24980.55
1765888200,24939.34,24950.8,24933.72,24942.02
1765889100,24970.95,24999.5,24969.0,24981.02
1765890000,25013.76,25030.92,24992.03,25004.14
1765890900,24967.38,24979.96,24952.11,24959.61
1765891800,25031.85,25054.14,25031.36,25034.8
1765892700,25008.9,25053.57,24982.73,25043.89
1765893600,25025.53,25036.53,25011.16,25017.67
1765894500,24985.74,25024.36,24984.55,25013.91
1765895400,24991.72,25005.74,24982.38,24991.29
1765896300,25062.03,25083.07,25037.69,25043.27
1765897200,25093.59,25098.25,25078.19,25089.89
1765898100,25113.07,25125.65,25075.61,25105.97
1765899000,25167.82,25189.88,25162.02,25185.61
1765899900,25239.88,25255.82,25231.8,25231.84
1765900800,25218.3,25261.31,25181.44,25215.87
1765963800,25151.1,25186.12,25064.43,25080.11
1765964700,25218.54,25271.04,25207.32,25248.22
1765965600,25232.03,25293.31,25199.73,25277.71
1765966500,25168.17,25237.88,25143.97,25170.21
1765967400,25198.71,25212.78,25146.71,25153.21
1765968300,25198.62,25204.6,25168.14,25171.25
1765969200,25224.65,25260.36,25169.74,25185.63
1765970100,25172.14,25174.68,25083.07,25135.36
1765971000,25151.37,25190.01,25086.61,25109.81
1765971900,25182.86,25209.33,25111.72,25153.83
1765972800,25079.54,25118.06,25068.79,25112.86
1765973700,25029.77,25052.95,24996.04,25028.03
1765974600,24932.64,24940.81,24888.61,24917.84
1765975500,24880.71,24904.67,24846.46,24864.55
1765976400,24926.22,25001.83,24891.89,24945.37
1765977300,24937.9,24961.14,24905.87,24940.03
1765978200,24923.75,24931.28,24874.93,24884.22
1765979100,24966.03,24991.72,24934.9,24958.6
1765980000,24905.59,24923.5,24883.98,24906.26
1765980900,24922.05,24978.35,24903.43,24962.9
1765981800,24965.52,25019.47,24930.94,24995.5
1765982700,24894.06,24926.65,24877.67,24887.79
1765983600,24815.19,24841.89,24809.28,24822.63
1765984500,24865.43,24871.96,24772.68,24843.77
1765985400,24832.66,24912.75,24805.8,24865.99
1765986300,24761.92,24841.66,24710.51,24751.36
1765987200,24682.99,24713.81,24670.37,24698.37
1766050200,24713.46,24718.7,24707.52,24709.7
1766051100,24732.16,24808.38,24725.48,24767.56
1766052000,24664.32,24711.01,24627.2,24688.44
1766052900,24668.09,24673.18,24620.51,24634.55
1766053800,24729.24,24742.45,24718.57,24729.43
1766054700,24695.59,24723.32,24668.99,24699.93
1766055600,24693.56,24695.6,24606.53,24655.16
1766056500,24704.5,24731.45,24676.75,24721.11
1766057400,24737.53,24774.77,24711.07,24715.66
1766058300,24698.1,24729.1,24631.98,24658.23
1766059200,24745.37,24745.83,24742.03,24743.6
1766060100,24791.22,24811.27,24788.13,24788.73
1766061000,24717.94,24760.89,24693.58,24737.45
1766061900,24805.76,24828.05,24736.02,24783.4
1766062800,24872.85,24910.2,24857.47,24860.53
1766063700,24880.01,24906.0,24842.18,24902.51
1766064600,24863.59,24876.42,24799.69,24850.07
1766065500,24802.03,24833.29,24768.14,24804.8
1766066400,24795.3,24861.19,24762.24,24825.05
1766067300,24831.73,24882.56,24820.38,24871.45
1766068200,24871.94,24887.22,24867.62,24877.19
1766069100,24845.27,24866.15,24828.68,24860.54
1766070000,24894.64,24907.81,24824.99,24852.98
1766070900,24946.77,24975.77,24944.97,24954.89
1766071800,24891.47,24929.56,24870.13,24919.9
1766072700,24954.09,24979.89,24884.92,24898.48
1766073600,25027.68,25030.45,24986.32,25018.74
1766136600,25023.26,25049.88,25013.54,25035.54
1766137500,25005.18,25006.45,24984.51,24991.9
1766138400,25042.5,25050.76,25037.61,25043.4
1766139300,25084.51,25102.91,25070.81,25076.67
1766140200,25047.55,25051.55,25030.93,25043.77
1766141100,25016.43,25024.84,25015.55,25018.75
1766142000,25043.83,25061.5,25026.67,25057.22
1766142900,25038.94,25039.13,25019.94,25024.1
1766143800,25063.77,25075.43,25049.14,25059.61
1766144700,25088.09,25099.53,25087.3,25097.48
1766145600,25060.77,25071.84,25040.75,25052.09
1766146500,25063.49,25064.13,25051.03,25054.76
1766147400,25065.08,25066.32,25064.94,25065.69
1766148300,25043.17,25050.3,25029.38,25042.88
1766149200,25060.78,25072.55,25058.76,25064.15
1766150100,25077.62,25083.2,25061.79,25069.6
1766151000,25076.03,25080.67,25067.88,25071.99
1766151900,25060.23,25066.92,25049.43,25056.83
1766152800,25075.59,25079.44,25070.45,25074.12
1766153700,25081.21,25089.74,25071.78,25078.84
1766154600,25082.86,25086.75,25071.86,25074.44
1766155500,25128.93,25142.92,25123.73,25135.73
1766156400,25135.02,25143.57,25124.05,25137.95
1766157300,25124.16,25125.02,25107.74,25124.93
1766158200,25091.1,25112.82,25081.83,25084.87
1766159100,25069.95,25075.32,25036.94,25056.78
1766160000,25052.74,25061.57,25034.83,25039.45
1766395800,25637.88,25647.59,25626.91,25642.11
1766396700,25642.36,25643.52,25631.36,25634.2
1766397600,25670.61,25680.68,25655.95,25663.34
1766398500,25678.47,25694.0,25673.53,25677.47
1766399400,25700.51,25702.62,25693.06,25693.84
1766400300,25663.07,25666.51,25636.37,25651.01
1766401200,25661.47,25670.41,25647.72,25663.01
1766402100,25667.36,25684.47,25663.15,25667.73
1766403000,25660.0,25662.84,25646.82,25648.48
1766403900,25629.22,25646.28,25620.46,25642.55
1766404800,25650.63,25668.9,25646.56,25662.1
1766405700,25665.85,25681.6,25660.95,25668.34
1766406600,25686.47,25705.18,25680.12,25686.58
1766407500,25723.42,25725.46,25703.13,25712.26
1766408400,25735.32,25760.75,25721.01,25743.43
1766409300,25736.63,25741.3,25723.7,25726.39
1766410200,25731.77,25736.56,25712.54,25718.25
1766411100,25717.75,25727.33,25695.23,25705.77
1766412000,25699.1,25709.68,25692.95,25704.06
1766412900,25688.14,25694.48,25668.94,25677.79
1766413800,25672.64,25681.36,25670.24,25680.12
1766414700,25668.91,25672.21,25657.91,25666.87
1766415600,25702.85,25706.06,25689.0,25705.2
1766416500,25695.43,25700.91,25687.27,25691.96
1766417400,25692.06,25695.14,25690.6,25694.59
1766418300,25698.23,25711.17,25693.77,25707.99
1766419200,25691.72,25699.02,25671.48,25682.02
1766482200,25709.56,25715.68,25697.8,25704.58
1766483100,25674.02,25691.96,25664.15,25674.77
1766484000,25676.6,25687.53,25673.12,25681.45
1766484900,25705.99,25709.45,25683.16,25692.25
1766485800,25749.9,25773.43,25747.53,25768.16
1766486700,25742.77,25746.78,25730.57,25740.0
1766487600,25720.71,25727.54,25709.49,25716.27
1766488500,25724.67,25740.18,25718.11,25728.17
1766489400,25710.02,25719.21,25702.38,25708.76
1766490300,25700.9,25722.97,25684.71,25708.27
1766491200,25698.28,25705.17,25691.43,25701.72
1766492100,25681.17,25690.71,25669.2,25683.56
1766493000,25676.01,25699.43,25674.7,25686.99
1766493900,25691.18,25698.78,25670.98,25681.82
1766494800,25666.17,25681.41,25660.32,25674.77
1766495700,25685.48,25700.4,25684.48,25699.18
1766496600,25744.57,25747.69,25721.09,25732.6
1766497500,25736.83,25745.23,25726.42,25729.3
1766498400,25748.82,25758.91,25742.78,25758.46
1766499300,25755.41,25767.2,25741.3,25744.58
1766500200,25743.78,25752.54,25741.9,25747.74
1766501100,25754.06,25756.51,25744.26,25752.34
1766502000,25741.01,25742.17,25702.57,25728.93
1766502900,25775.48,25782.85,25759.17,25770.28
1766503800,25802.44,25806.4,25799.76,25804.38
1766504700,25810.61,25834.32,25810.42,25830.8
1766505600,25805.24,25813.88,25802.75,25811.94
1766568600,25801.98,25813.09,25798.39,25798.52
1766569500,25804.06,25805.39,25788.84,25795.65
1766570400,25824.18,25830.31,25810.52,25827.54
1766571300,25836.25,25842.64,25836.06,25842.22
1766572200,25828.09,25831.68,25808.91,25817.59
1766573100,25827.75,25830.61,25819.7,25821.97
1766574000,25830.64,25844.77,25825.6,25842.71
1766574900,25839.49,25848.84,25829.05,25832.05
1766575800,25829.55,25841.62,25824.65,25829.9
1766576700,25847.23,25852.23,25841.62,25842.72
1766577600,25832.88,25839.07,25822.75,25835.43
1766578500,25833.25,25842.74,25824.36,25826.07
1766579400,25845.25,25850.7,25835.18,25838.21
1766580300,25830.86,25846.81,25826.81,25840.29
1766581200,25823.53,25830.11,25810.52,25820.12
1766582100,25833.32,25845.03,25826.7,25832.02
1766583000,25828.4,25835.28,25819.97,25834.67
1766583900,25822.57,25833.16,25814.74,25820.25
1766584800,25816.05,25832.37,25811.95,25823.27
1766585700,25828.28,25830.14,25818.51,25824.35
1766586600,25843.21,25847.6,25835.21,25842.94
1766587500,25843.44,25850.65,25820.28,25835.96
1766588400,25839.83,25849.11,25829.0,25832.94
1766589300,25866.59,25869.85,25854.39,25869.46
1766590200,25852.65,25855.34,25847.89,25849.66
1766591100,25848.54,25850.79,25844.34,25849.5
1766592000,25845.26,25846.64,25833.97,25839.8
1766741400,25874.09,25879.34,25873.55,25875.64
1766742300,25873.42,25878.6,25869.61,25876.29
1766743200,25889.24,25899.47,25884.9,25894.94
1766744100,25904.15,25908.34,25894.01,25895.12
1766745000,25899.77,25912.58,25898.64,25905.16
1766745900,25888.36,25893.21,25884.19,25885.96
1766746800,25885.54,25888.32,25876.73,25881.26
1766747700,25882.44,25896.42,25874.69,25890.88
1766748600,25886.98,25887.34,25876.66,25881.96
1766749500,25881.88,25895.36,25865.74,25887.25
1766750400,25894.43,25898.87,25890.53,25893.97
1766751300,25873.56,25883.24,25864.51,25878.18
1766752200,25873.8,25875.58,25861.78,25864.4
1766753100,25862.83,25869.06,25849.22,25854.34
1766754000,25860.67,25864.4,25857.32,25862.88
1766754900,25864.8,25868.58,25863.93,25868.37
1766755800,25862.68,25865.57,25857.08,25860.93
1766756700,25845.36,25854.39,25838.79,25846.48
1766757600,25869.24,25873.22,25864.47,25867.48
1766758500,25865.55,25870.69,25863.22,25867.59
1766759400,25871.47,25876.17,25866.6,25869.33
1766760300,25874.35,25875.92,25858.31,25869.03
1766761200,25881.95,25884.6,25880.76,25882.86
1766762100,25865.66,25869.49,25863.71,25869.14
1766763000,25855.57,25858.13,25840.01,25842.89
1766763900,25861.67,25867.39,25859.0,25862.82
1766764800,25850.18,25854.73,25846.22,25850.16
1767000600,25898.19,25904.5,25880.92,25881.44
1767001500,25856.23,25872.91,25846.9,25854.31
1767002400,25857.11,25878.32,25855.15,25868.3
1767003300,25852.82,25861.32,25831.39,25847.58
1767004200,25854.12,25884.81,25845.12,25874.98
1767005100,25864.3,25881.82,25855.08,25856.17
1767006000,25857.11,25880.61,25855.69,25871.92
1767006900,25858.61,25862.09,25833.88,25850.98
1767007800,25832.11,25832.44,25818.64,25821.32
1767008700,25839.9,25869.13,25802.76,25840.38
1767009600,25841.24,25844.46,25813.73,25829.91
1767010500,25846.86,25860.69,25835.68,25843.42
1767011400,25850.04,25863.28,25841.18,25845.11
1767012300,25794.25,25819.54,25772.97,25798.1
1767013200,25806.86,25822.55,25797.37,25810.71
1767014100,25820.68,25838.31,25754.66,25771.82
1767015000,25797.6,25814.82,25792.38,25799.45
1767015900,25843.13,25851.41,25818.89,25839.65
1767016800,25806.27,25827.33,25794.06,25825.52
1767017700,25792.65,25809.13,25792.59,25800.35
1767018600,25804.09,25826.1,25796.68,25807.94
1767019500,25776.26,25788.99,25770.57,25785.56
1767020400,25796.56,25808.22,25794.51,25802.08
1767021300,25790.87,25818.63,25769.55,25794.48
1767022200,25754.03,25764.71,25732.98,25738.65
1767023100,25723.5,25727.9,25708.94,25720.6
1767024000,25688.95,25697.68,25665.61,25668.64
1767087000,25736.62,25737.83,25730.65,25733.04
1767087900,25728.94,25752.18,25727.22,25744.16
1767088800,25726.64,25730.6,25721.78,25730.16
1767089700,25734.16,25738.19,25711.4,25719.88
1767090600,25720.0,25725.81,25714.32,25723.55
1767091500,25733.23,25736.64,25726.41,25729.02
1767092400,25732.37,25732.53,25720.13,25728.67
1767093300,25719.97,25727.18,25716.8,25718.13
1767094200,25712.7,25730.53,25709.98,25725.9
1767095100,25718.82,25725.92,25707.87,25721.66
1767096000,25735.73,25741.35,25733.88,25739.94
1767096900,25749.04,25758.1,25740.06,25751.3
1767097800,25774.39,25778.35,25766.84,25770.41
1767098700,25803.34,25803.37,25798.32,25798.46
1767099600,25806.58,25821.73,25805.05,25816.59
1767100500,25806.58,25806.77,25803.19,25805.94
1767101400,25805.4,25806.92,25799.62,25800.64
1767102300,25800.08,25804.83,25797.88,25801.42
1767103200,25784.39,25789.11,25776.88,25781.19
1767104100,25784.55,25791.15,25777.99,25780.41
1767105000,25760.59,25761.74,25749.73,25752.42
1767105900,25748.95,25765.84,25742.77,25758.95
1767106800,25732.36,25741.4,25727.6,25735.27
1767107700,25731.99,25745.87,25726.83,25736.76
1767108600,25720.15,25720.21,25712.35,25712.53
1767109500,25738.72,25751.05,25737.38,25746.47
1767110400,25739.87,25745.39,25731.9,25736.36
1767173400,25638.13,25676.78,25634.82,25657.25
1767174300,25604.07,25633.31,25584.04,25590.56
1767175200,25582.57,25603.5,25580.34,25585.82
1767176100,25555.36,25570.29,25524.93,25535.44
1767177000,25555.45,25575.81,25546.01,25552.39
1767177900,25530.66,25558.37,25497.38,25521.41
1767178800,25529.63,25536.89,25523.38,25525.47
1767179700,25525.74,25558.18,25519.43,25520.58
1767180600,25535.62,25546.07,25515.86,25521.51
1767181500,25512.33,25520.8,25506.79,25516.3
1767182400,25567.4,25599.07,25553.91,25584.46
1767183300,25553.2,25557.33,25530.32,25547.03
1767184200,25551.58,25557.16,25532.97,25542.52
1767185100,25543.3,25554.29,25509.73,25537.3
1767186000,25579.23,25580.31,25543.79,25568.65
1767186900,25583.31,25618.37,25582.39,25598.7
1767187800,25577.99,25595.25,25532.43,25584.01
1767188700,25565.45,25586.23,25564.2,25565.36
1767189600,25503.49,25522.37,25464.51,25496.58
1767190500,25447.54,25470.82,25426.1,25440.15
1767191400,25450.58,25477.2,25446.44,25466.51
1767192300,25447.51,25450.47,25427.59,25432.41
1767193200,25435.59,25467.7,25425.51,25438.52
1767194100,25430.86,25451.79,25403.35,25414.69
1767195000,25470.91,25479.3,25463.77,25474.81
1767195900,25488.67,25521.93,25458.44,25511.35
1767196800,25499.79,25544.76,25485.35,25528.24
1767346200,25456.22,25492.9,25404.32,25460.45
1767347100,25520.63,25534.05,25507.68,25515.01
1767348000,25508.99,25529.21,25485.27,25501.27
1767348900,25427.71,25477.8,25422.79,25475.46
1767349800,25422.39,25484.15,25419.11,25472.39
1767350700,25430.76,25471.49,25373.38,25379.85
1767351600,25400.16,25432.72,25395.19,25408.98
1767352500,25396.94,25401.49,25307.81,25356.77
1767353400,25407.1,25422.31,25387.49,25414.45
1767354300,25421.84,25491.67,25407.17,25473.77
1767355200,25385.76,25405.72,25331.99,25338.94
1767356100,25336.13,25364.55,25323.75,25333.18
1767357000,25370.79,25387.89,25332.93,25384.81
1767357900,25337.25,25352.03,25300.86,25306.88
1767358800,25283.5,25318.55,25262.39,25266.72
1767359700,25255.76,25312.33,25237.64,25261.23
1767360600,25223.15,25270.95,25200.21,25232.75
1767361500,25255.25,25258.94,25237.78,25255.97
1767362400,25281.63,25298.57,25252.31,25272.29
1767363300,25307.43,25323.7,25274.82,25320.72
1767364200,25256.18,25276.54,25228.57,25238.82
1767365100,25215.21,25309.99,25198.79,25241.17
1767366000,25315.67,25344.63,25277.51,25304.42
1767366900,25404.78,25411.5,25373.5,25380.52
1767367800,25381.71,25412.83,25352.51,25408.25
1767368700,25409.33,25462.9,25379.87,25384.41
1767369600,25405.84,25432.4,25347.19,25360.89
1767605400,25436.73,25452.92,25423.09,25427.22
1767606300,25444.76,25450.02,25423.38,25444.14
1767607200,25443.06,25451.6,25431.44,25447.58
1767608100,25441.03,25462.05,25421.1,25453.2
1767609000,25451.52,25503.52,25443.69,25471.76
1767609900,25433.42,25485.02,25419.24,25455.36
1767610800,25421.98,25456.32,25395.32,25399.51
1767611700,25411.94,25417.2,25398.44,25414.1
1767612600,25444.31,25471.36,25418.79,25462.34
1767613500,25433.31,25447.83,25433.07,25441.71
1767614400,25485.29,25507.04,25468.71,25497.07
1767615300,25486.99,25508.33,25479.5,25500.89
1767616200,25473.63,25484.97,25467.53,25472.54
1767617100,25429.32,25443.27,25411.32,25427.58
1767618000,25450.09,25456.51,25437.65,25443.17
1767618900,25511.25,25512.57,25475.68,25508.31
1767619800,25490.79,25516.23,25480.79,25507.28
1767620700,25501.15,25512.74,25475.31,25510.7
1767621600,25463.98,25485.58,25451.92,25460.92
1767622500,25461.35,25510.57,25445.97,25470.85
1767623400,25524.78,25548.05,25504.7,25547.74
1767624300,25557.54,25586.02,25537.11,25568.9
1767625200,25561.75,25572.6,25555.85,25563.26
1767626100,25533.22,25579.94,25508.26,25529.26
1767627000,25550.5,25573.48,25544.74,25563.48
1767627900,25563.57,25584.9,25561.62,25584.47
1767628800,25623.0,25625.66,25593.84,25603.09
1767691800,25593.53,25603.53,25584.37,25590.33
1767692700,25606.8,25645.32,25602.88,25637.12
1767693600,25602.34,25622.23,25598.74,25608.25
1767694500,25612.28,25666.69,25584.02,25624.55
1767695400,25639.95,25666.95,25637.0,25638.77
1767696300,25655.88,25690.33,25644.2,25680.67
1767697200,25688.65,25702.95,25682.1,25690.37
1767698100,25731.0,25761.49,25682.9,25756.09
1767699000,25690.59,25727.31,25687.88,25718.36
1767699900,25667.74,25682.26,25658.86,25671.17
1767700800,25654.75,25659.7,25610.44,25641.04
1767701700,25648.27,25703.94,25629.93,25664.68
1767702600,25589.84,25598.49,25548.05,25573.35
1767703500,25555.55,25582.95,25539.92,25569.88
1767704400,25502.89,25537.62,25490.73,25529.49
1767705300,25541.48,25591.4,25531.06,25571.79
1767706200,25556.25,25574.45,25545.89,25556.58
1767707100,25573.46,25575.08,25535.1,25545.98
1767708000,25592.15,25602.43,25567.05,25574.76
1767708900,25603.14,25630.88,25567.42,25588.81
1767709800,25664.49,25675.12,25650.39,25658.61
1767710700,25699.29,25716.49,25684.67,25702.47
1767711600,25713.71,25731.18,25695.15,25722.24
1767712500,25740.89,25770.06,25740.64,25762.4
1767713400,25689.14,25694.95,25678.37,25686.71
1767714300,25705.37,25718.59,25680.41,25714.16
1767715200,25726.95,25753.16,25726.59,25746.8
1767778200,25832.2,25868.66,25828.45,25860.45
1767779100,25860.21,25875.94,25855.21,25861.33
1767780000,25859.48,25880.2,25840.44,25871.65
1767780900,25844.62,25853.79,25836.32,25845.62
1767781800,25821.33,25849.82,25812.0,25840.35
1767782700,25793.83,25798.4,25777.88,25789.82
1767783600,25816.99,25829.78,25810.25,25828.21
1767784500,25830.59,25852.83,25817.45,25836.92
1767785400,25855.91,25887.4,25852.68,25865.67
1767786300,25837.78,25897.02,25823.41,25853.98
1767787200,25878.14,25937.6,25863.72,25919.47
1767788100,25891.73,25899.18,25888.21,25894.88
1767789000,25902.52,25912.58,25884.57,25907.22
1767789900,25926.52,25953.77,25904.39,25943.14
1767790800,25915.3,25941.09,25903.67,25929.49
1767791700,25892.29,25908.52,25884.86,25894.73
1767792600,25913.63,25923.37,25881.21,25888.8
1767793500,25916.96,25919.33,25859.01,25895.32
1767794400,25892.69,25906.27,25868.24,25876.8
1767795300,25930.3,25953.76,25922.49,25942.74
1767796200,25918.49,25953.96,25904.28,25928.73
1767797100,25893.19,25910.55,25874.46,25877.97
1767798000,25881.05,25901.86,25876.11,25882.58
1767798900,25905.1,25928.56,25894.99,25926.9
1767799800,25859.13,25875.85,25823.87,25867.46
1767800700,25806.01,25838.19,25793.49,25811.27
1767801600,25805.44,25830.31,25788.72,25811.86
1767864600,25817.53,25845.48,25814.86,25833.63
1767865500,25854.02,25858.74,25833.76,25842.39
1767866400,25862.89,25898.43,25861.45,25872.38
1767867300,25866.11,25898.66,25836.39,25881.39
1767868200,25806.96,25833.5,25789.34,25819.58
1767869100,25782.25,25813.75,25776.53,25777.62
1767870000,25770.32,25773.18,25766.67,25770.46
1767870900,25756.65,25765.99,25735.89,25745.79
1767871800,25790.87,25826.16,25769.14,25776.78
1767872700,25790.23,25797.67,25771.06,25787.32
1767873600,25814.15,25854.84,25811.8,25832.4
1767874500,25834.7,25863.12,25824.69,25827.33
1767875400,25864.28,25868.09,25839.28,25853.22
1767876300,25834.08,25849.62,25808.24,25821.53
1767877200,25845.28,25851.19,25812.5,25817.9
1767878100,25828.91,25849.14,25810.08,25816.51
1767879000,25825.84,25838.22,25800.36,25835.41
1767879900,25801.76,25820.13,25801.61,25805.95
1767880800,25777.72,25804.84,25768.16,25790.52
1767881700,25731.62,25747.89,25707.21,25707.23
1767882600,25714.63,25755.31,25701.64,25745.29
1767883500,25810.71,25833.05,25788.57,25800.85
1767884400,25816.49,25820.86,25792.83,25818.95
1767885300,25799.8,25806.22,25786.14,25799.34
1767886200,25861.69,25877.79,25847.11,25860.68
1767887100,25878.32,25889.38,25861.03,25869.48
1767888000,25878.32,25913.46,25854.96,25875.63
1767951000,25714.77,25717.99,25632.54,25685.54
1767951900,25615.29,25623.76,25577.46,25589.98
1767952800,25628.6,25639.76,25591.83,25621.74
1767953700,25578.72,25588.15,25559.47,25581.54
1767954600,25578.72,25581.73,25533.32,25554.75
1767955500,25598.28,25613.84,25583.0,25601.18
1767956400,25673.39,25683.2,25665.08,25665.65
1767957300,25645.82,25690.81,25616.17,25666.11
1767958200,25653.73,25659.49,25602.47,25631.32
1767959100,25618.69,25646.29,25595.09,25608.75
1767960000,25765.42,25787.92,25746.18,25776.06
1767960900,25806.79,25825.87,25774.62,25783.68
1767961800,25814.39,25815.05,25776.67,25806.29
1767962700,25780.01,25812.23,25767.33,25792.05
1767963600,25824.1,25854.5,25795.65,25842.68
1767964500,25795.17,25795.52,25754.31,25755.98
1767965400,25850.23,25889.51,25846.46,25885.53
1767966300,25772.78,25773.35,25738.45,25758.13
1767967200,25784.49,25802.54,25769.06,25780.87
1767968100,25897.31,25929.21,25890.13,25904.51
1767969000,25830.36,25844.98,25797.01,25805.56
1767969900,25845.94,25867.06,25845.7,25854.04
1767970800,25864.96,25880.05,25860.69,25870.08
1767971700,25821.64,25830.97,25806.96,25826.86
1767972600,25804.17,25812.49,25787.86,25792.71
1767973500,25826.18,25834.39,25794.43,25801.69
1767974400,25855.71,25875.18,25838.4,25873.77
1768210200,25993.01,26037.07,25954.67,26010.81
1768211100,26004.41,26041.1,25975.41,25989.35
1768212000,25978.8,26001.21,25976.73,25994.7
1768212900,25980.04,25996.41,25975.85,25987.97
1768213800,26028.97,26034.63,26007.25,26027.49
1768214700,26033.69,26064.64,26021.17,26049.81
1768215600,26039.71,26046.04,25988.02,26032.02
1768216500,26059.28,26068.48,26044.71,26061.58
1768217400,26027.21,26044.85,25994.84,26007.51
1768218300,26027.24,26031.4,25950.87,25977.09
1768219200,26059.28,26076.95,26031.31,26057.27
1768220100,26049.36,26081.85,26019.54,26044.95
1768221000,25997.67,26021.62,25979.39,25998.11
1768221900,26032.22,26041.58,25994.04,25996.31
1768222800,26059.28,26059.76,26031.22,26034.07
1768223700,26049.51,26059.69,26031.74,26038.97
1768224600,26036.58,26054.21,26006.34,26024.34
1768225500,26018.08,26076.18,26008.85,26033.2
1768226400,25994.06,26004.43,25975.67,25981.31
1768227300,26014.22,26031.16,25978.18,25989.94
1768228200,25981.07,25989.09,25976.09,25982.4
1768229100,26002.18,26020.6,25982.82,25988.5
1768230000,26056.16,26133.79,26040.43,26102.14
1768230900,26059.28,26062.84,26049.39,26060.08
1768231800,26036.31,26058.59,26027.28,26041.45
1768232700,26045.56,26068.33,26022.03,26049.93
1768233600,26056.05,26058.08,26045.8,26049.49
1768296600,25985.94,26017.38,25982.21,25998.71
1768297500,26002.76,26018.58,25991.0,26005.95
1768298400,26024.76,26050.88,26021.89,26024.95
1768299300,26046.81,26064.63,26027.79,26055.64
1768300200,26070.55,26094.41,26038.64,26053.94
1768301100,26042.86,26042.89,26022.65,26036.02
1768302000,26043.52,26046.02,26026.22,26037.0
1768302900,26041.13,26052.55,26012.54,26016.36
1768303800,26032.47,26058.28,26029.22,26047.52
1768304700,26032.53,26040.07,26000.76,26012.51
1768305600,26070.55,26106.5,26037.42,26068.61
1768306500,26017.01,26065.08,26014.08,26056.08
1768307400,26004.87,26035.67,25986.83,26015.03
1768308300,26000.54,26017.65,25989.7,25998.47
1768309200,25966.23,25994.68,25964.31,25977.04
1768310100,25939.7,25945.5,25929.77,25941.33
1768311000,25916.38,25920.79,25893.15,25900.92
1768311900,25904.3,25905.91,25881.95,25888.22
1768312800,25889.61,25892.05,25871.19,25873.88
1768313700,25872.86,25901.11,25857.16,25885.5
1768314600,25891.2,25896.36,25877.79,25895.93
1768315500,25896.5,25906.51,25870.72,25889.48
1768316400,25906.22,25948.13,25898.04,25923.03
1768317300,25917.63,25929.44,25899.0,25911.13
1768318200,25912.55,25921.57,25909.13,25919.52
1768319100,25900.52,25920.83,25890.7,25892.15
1768320000,25873.05,25888.73,25845.09,25859.27
1768383000,25899.0,25956.52,25826.08,25928.15
1768383900,25861.6,25874.17,25822.8,25841.91
1768384800,25852.52,25887.17,25841.71,25886.97
1768385700,25857.42,25898.16,25836.31,25874.82
1768386600,25871.88,25929.73,25869.73,25889.39
1768387500,25901.54,25909.92,25874.48,25883.23
1768388400,25931.5,25994.2,25888.53,25953.24
1768389300,25911.79,25991.02,25901.74,25974.4
1768390200,25917.74,25918.27,25897.07,25913.16
1768391100,25883.86,25906.62,25858.23,25875.85
1768392000,25832.19,25853.38,25744.42,25779.39
1768392900,25873.5,25934.61,25871.39,25906.73
1768393800,25906.44,25921.22,25802.87,25843.46
1768394700,25842.35,25855.71,25823.05,25849.11
1768395600,25861.56,25903.88,25830.19,25858.56
1768396500,25841.77,25863.1,25813.3,25827.36
1768397400,25811.21,25840.37,25758.48,25826.89
1768398300,25721.71,25780.07,25680.48,25734.28
1768399200,25656.56,25668.8,25633.11,25658.74
1768400100,25600.01,25623.5,25560.71,25580.41
1768401000,25560.16,25577.87,25532.65,25544.24
1768401900,25651.93,25739.36,25611.48,25687.25
1768402800,25654.83,25695.34,25631.66,25670.96
1768403700,25687.68,25711.63,25678.06,25696.51
1768404600,25691.66,25727.8,25629.93,25653.5
1768405500,25582.49,25615.4,25573.02,25585.07
1768406400,25573.89,25600.56,25527.8,25552.83
1768469400,25624.45,25634.82,25619.99,25623.78
1768470300,25631.39,25658.34,25624.66,25645.97
1768471200,25609.97,25617.56,25594.19,25611.91
1768472100,25598.3,25601.99,25572.36,25579.68
1768473000,25655.47,25697.85,25652.64,25658.15
1768473900,25656.31,25687.01,25632.68,25682.98
1768474800,25598.35,25614.19,25571.14,25596.5
1768475700,25588.27,25589.87,25579.1,25586.83
1768476600,25637.35,25710.22,25619.13,25661.39
1768477500,25630.69,25634.6,25611.27,25619.9
1768478400,25592.94,25603.7,25545.91,25577.92
1768479300,25658.86,25696.08,25648.53,25685.71
1768480200,25644.04,25679.65,25628.55,25631.06
1768481100,25621.05,25642.49,25614.08,25625.83
1768482000,25596.3,25616.38,25590.17,25612.84
1768482900,25523.32,25569.93,25517.16,25546.72
1768483800,25556.68,25582.96,25537.03,25572.54
1768484700,25564.21,25594.37,25522.75,25574.67
1768485600,25576.61,25580.3,25558.96,25577.53
1768486500,25546.73,25574.64,25515.92,25561.97
1768487400,25657.49,25671.07,25650.11,25656.3
1768488300,25696.43,25702.73,25651.01,25656.47
1768489200,25727.25,25759.3,25709.94,25740.23
1768490100,25740.76,25778.26,25738.58,25754.83
1768491000,25759.57,25813.01,25757.37,25787.47
1768491900,25756.21,25764.45,25725.47,25737.32
1768492800,25750.45,25810.07,25720.35,25773.76
1768555800,25669.24,25698.26,25649.99,25697.81
1768556700,25641.75,25650.81,25610.76,25632.84
1768557600,25668.13,25709.25,25649.91,25677.34
1768558500,25632.81,25676.84,25631.4,25666.87
1768559400,25646.2,25649.36,25620.48,25649.06
1768560300,25623.24,25630.96,25582.19,25599.82
1768561200,25612.95,25637.77,25599.45,25633.74
1768562100,25645.82,25659.73,25640.01,25652.59
1768563000,25645.07,25662.19,25637.82,25648.43
1768563900,25657.49,25678.18,25636.55,25672.93
1768564800,25640.96,25667.14,25611.7,25625.4
1768565700,25651.07,25675.53,25627.47,25636.8
1768566600,25607.58,25614.31,25601.31,25610.06
1768567500,25668.15,25680.76,25650.33,25665.06
1768568400,25606.47,25628.83,25592.99,25616.87
1768569300,25590.14,25627.64,25567.13,25608.42
1768570200,25626.29,25640.29,25609.6,25622.08
1768571100,25606.21,25619.39,25584.17,25604.47
1768572000,25648.51,25648.95,25607.93,25618.44
1768572900,25632.4,25654.08,25625.61,25643.29
1768573800,25591.09,25599.74,25565.21,25593.81
1768574700,25564.93,25580.88,25555.4,25574.4
1768575600,25630.06,25634.45,25617.17,25632.31
1768576500,25645.99,25664.17,25632.13,25633.63
1768577400,25622.96,25630.76,25614.47,25629.31
1768578300,25581.2,25586.55,25535.62,25538.99
1768579200,25596.39,25619.49,25566.47,25612.43
1768901400,25516.8,25521.77,25498.18,25511.37
1768902300,25552.32,25584.7,25547.54,25568.43
1768903200,25541.01,25567.87,25525.04,25546.49
1768904100,25605.38,25607.88,25589.39,25595.19
1768905000,25605.38,25607.86,25572.52,25573.24
1768905900,25581.59,25604.16,25525.06,25552.76
1768906800,25477.38,25481.32,25426.7,25461.6
1768907700,25403.73,25430.27,25388.08,25399.14
1768908600,25444.89,25460.69,25413.94,25418.24
1768909500,25468.83,25480.22,25457.14,25462.09
1768910400,25442.59,25442.6,25423.47,25438.45
1768911300,25469.41,25489.3,25421.0,25446.09
1768912200,25509.58,25533.51,25454.46,25524.42
1768913100,25453.26,25468.44,25451.69,25453.14
1768914000,25424.58,25453.62,25415.45,25429.66
1768914900,25441.86,25461.64,25424.26,25454.45
1768915800,25349.13,25373.08,25311.87,25356.72
1768916700,25374.95,25396.8,25335.64,25357.27
1768917600,25294.81,25308.95,25225.9,25267.47
1768918500,25304.52,25306.85,25254.78,25295.84
1768919400,25309.82,25328.55,25278.98,25294.35
1768920300,25250.03,25263.96,25245.96,25251.21
1768921200,25240.62,25254.73,25232.97,25237.88
1768922100,25225.45,25282.73,25218.38,25221.48
1768923000,25235.37,25250.93,25197.65,25198.65
1768923900,25191.6,25215.28,25183.0,25199.76
1768924800,25199.05,25240.45,25187.27,25228.38
1768987800,25124.51,25155.38,25118.87,25135.68
1768988700,25062.1,25077.3,25040.92,25058.04
1768989600,24963.28,24989.24,24957.52,24973.66
1768990500,25069.58,25092.42,25047.02,25087.47
1768991400,25039.55,25049.03,25033.12,25045.61
1768992300,24979.84,25010.18,24966.3,24992.01
1768993200,24963.28,25028.79,24928.04,25006.32
1768994100,25024.59,25081.14,25009.64,25046.99
1768995000,25009.1,25068.68,25003.21,25018.56
1768995900,25056.2,25110.46,25028.27,25066.38
1768996800,25025.04,25028.06,24951.93,25010.51
1768997700,25015.71,25033.01,24965.0,24994.95
1768998600,25053.04,25054.34,25043.09,25051.93
1768999500,25047.56,25072.74,25042.43,25063.39
1769000400,24963.28,25024.76,24962.05,24989.77
1769001300,25080.55,25177.21,25079.61,25145.28
1769002200,25144.73,25146.25,25141.55,25141.77
1769003100,25141.17,25173.22,25067.66,25091.37
1769004000,25171.94,25185.49,25094.41,25137.39
1769004900,25178.08,25182.74,25113.76,25124.47
1769005800,25288.06,25350.68,25278.48,25300.73
1769006700,25214.29,25215.0,25180.73,25188.83
1769007600,25309.05,25344.76,25256.34,25291.61
1769008500,25321.86,25378.49,25226.15,25300.75
1769009400,25250.17,25268.28,25229.85,25264.32
1769010300,25421.68,25492.39,25404.1,25445.93
1769011200,25402.33,25423.61,25313.96,25388.86
1769074200,25533.95,25537.26,25510.44,25537.01
1769075100,25567.61,25579.0,25565.61,25576.48
1769076000,25556.57,25569.42,25541.28,25566.08
1769076900,25558.93,25585.15,25523.24,25568.42
1769077800,25597.9,25597.95,25592.05,25595.88
1769078700,25583.55,25586.25,25572.04,25575.28
1769079600,25576.4,25605.47,25552.24,25594.89
1769080500,25584.03,25591.3,25558.56,25580.51
1769081400,25543.12,25547.6,25517.59,25541.04
1769082300,25479.53,25510.32,25476.92,25493.53
1769083200,25489.94,25504.09,25475.22,25491.41
1769084100,25492.34,25505.2,25462.28,25477.43
1769085000,25502.94,25524.39,25490.48,25508.06
1769085900,25547.24,25557.82,25531.89,25551.17
1769086800,25545.35,25548.3,25531.88,25545.49
1769087700,25558.26,25600.56,25543.87,25575.03
1769088600,25583.96,25604.25,25521.86,25541.4
1769089500,25585.47,25598.08,25582.57,25583.76
1769090400,25598.62,25619.93,25586.01,25589.78
1769091300,25628.46,25658.62,25615.57,25656.01
1769092200,25617.64,25630.95,25609.25,25629.03
1769093100,25606.32,25635.09,25602.65,25623.66
1769094000,25600.48,25622.39,25546.59,25571.02
1769094900,25558.01,25560.22,25528.27,25553.37
1769095800,25555.87,25563.35,25531.29,25551.56
1769096700,25539.82,25559.84,25507.01,25554.53
1769097600,25552.04,25565.2,25550.35,25558.22
1769160600,25618.28,25629.89,25606.92,25624.03
1769161500,25628.57,25648.15,25626.32,25628.65
1769162400,25643.18,25646.97,25641.68,25646.36
1769163300,25631.54,25644.27,25620.47,25620.71
1769164200,25580.81,25607.33,25574.83,25595.97
1769165100,25586.26,25588.1,25578.55,25581.96
1769166000,25605.64,25615.83,25598.49,25600.04
1769166900,25660.53,25661.54,25644.45,25646.39
1769167800,25671.17,25705.76,25646.04,25700.84
1769168700,25680.83,25686.83,25663.87,25683.38
1769169600,25683.09,25686.14,25648.57,25684.45
1769170500,25694.67,25739.31,25682.85,25714.43
1769171400,25721.84,25739.95,25691.82,25711.92
1769172300,25741.31,25758.23,25734.07,25745.66
1769173200,25729.52,25766.13,25721.33,25737.66
1769174100,25684.1,25692.73,25668.06,25678.02
1769175000,25707.69,25738.55,25684.44,25694.08
1769175900,25702.84,25715.19,25664.62,25678.9
1769176800,25654.41,25671.7,25629.74,25645.77
1769177700,25638.84,25646.57,25612.31,25625.57
1769178600,25654.42,25706.11,25653.19,25690.49
1769179500,25685.32,25719.39,25672.4,25707.7
1769180400,25705.6,25719.59,25677.05,25687.26
1769181300,25709.08,25723.43,25698.66,25707.03
1769182200,25663.35,25670.17,25636.08,25657.51
1769183100,25669.99,25715.29,25639.41,25676.96
1769184000,25629.53,25643.58,25584.9,25596.91
1769419800,25534.8,25551.62,25507.57,25525.67
1769420700,25611.21,25643.0,25581.56,25624.08
1769421600,25464.09,25476.44,25420.9,25431.9
1769422500,25440.8,25450.74,25417.06,25443.59
1769423400,25552.34,25600.85,25528.68,25542.73
1769424300,25612.5,25661.39,25590.11,25636.66
1769425200,25679.8,25731.89,25664.73,25728.45
1769426100,25737.82,25763.03,25711.84,25713.03
1769427000,25755.48,25816.35,25747.92,25800.52
1769427900,25788.08,25805.91,25754.12,25782.48
1769428800,25758.27,25834.16,25717.11,25751.59
1769429700,25761.35,25801.14,25718.71,25742.82
1769430600,25707.87,25737.25,25686.42,25718.07
1769431500,25724.78,25777.4,25711.08,25757.14
1769432400,25705.96,25732.23,25703.19,25731.54
1769433300,25656.76,25682.86,25651.44,25670.39
1769434200,25653.62,25668.95,25629.69,25634.85
1769435100,25715.02,25767.86,25714.57,25739.38
1769436000,25724.05,25736.27,25632.62,25646.55
1769436900,25781.04,25822.69,25739.4,25803.69
1769437800,25889.76,25940.63,25863.45,25914.5
1769438700,25917.1,25965.57,25868.03,25933.75
1769439600,25969.12,25984.09,25932.54,25935.19
1769440500,25964.86,26037.73,25955.8,25996.21
1769441400,25965.19,26036.21,25931.02,26023.95
1769442300,25927.43,25937.1,25890.17,25898.42
1769443200,25899.4,25947.88,25873.83,25899.48
1769506200,25871.57,25898.34,25870.72,25887.33
1769507100,25837.17,25853.6,25798.3,25849.4
1769508000,25827.2,25829.89,25808.21,25813.16
1769508900,25811.82,25817.89,25797.91,25806.34
1769509800,25847.28,25861.04,25822.61,25831.94
1769510700,25825.1,25866.89,25817.49,25819.55
1769511600,25829.93,25881.12,25829.7,25866.27
1769512500,25859.25,25916.77,25847.12,25889.9
1769513400,25916.93,25945.06,25909.82,25931.92
1769514300,25915.02,25931.52,25902.57,25922.56
1769515200,25937.3,25950.93,25901.46,25921.32
1769516100,25949.0,25952.07,25943.61,25946.48
1769517000,25944.25,25966.56,25937.61,25958.59
1769517900,25962.7,25980.76,25946.95,25975.56
1769518800,25977.76,25995.8,25960.46,25973.56
1769519700,25989.88,26015.66,25977.76,26011.52
1769520600,25962.97,25975.03,25945.57,25946.44
1769521500,25893.63,25898.11,25874.9,25897.97
1769522400,25900.86,25914.96,25896.9,25897.69
1769523300,25905.94,25922.69,25889.58,25895.18
1769524200,25968.0,25994.1,25952.98,25975.92
1769525100,25988.7,25995.76,25975.64,25985.85
1769526000,26025.62,26034.45,26015.81,26017.27
1769526900,26046.25,26063.16,26042.67,26051.61
1769527800,26064.58,26095.15,26062.2,26083.02
1769528700,26048.35,26052.39,26044.9,26048.69
1769529600,26047.28,26049.92,26042.98,26046.5
1769592600,26080.16,26093.49,26074.8,26080.78
1769593500,26086.16,26093.79,26058.5,26074.73
1769594400,26082.16,26084.04,26069.34,26073.02
1769595300,26078.3,26086.0,26051.38,26057.5
1769596200,26067.63,26115.68,26040.71,26082.12
1769597100,26052.72,26073.58,26043.42,26062.62
1769598000,26037.75,26067.48,26019.23,26049.03
1769598900,26079.28,26087.11,26061.08,26064.47
1769599800,26068.38,26121.9,26049.42,26094.81
1769600700,26084.81,26111.88,26082.59,26092.84
1769601600,26062.2,26063.48,26020.63,26038.37
1769602500,26097.77,26100.34,26051.57,26057.52
1769603400,26083.4,26145.36,26066.1,26129.98
1769604300,26138.34,26154.24,26136.36,26144.03
1769605200,26140.91,26164.85,26136.31,26137.18
1769606100,26126.66,26136.8,26108.09,26123.3
1769607000,26191.41,26242.31,26189.91,26214.35
1769607900,26192.44,26232.35,26175.97,26221.6
1769608800,26201.38,26222.46,26151.85,26171.94
1769609700,26170.15,26197.66,26161.85,26180.65
1769610600,26242.54,26266.46,26241.1,26254.91
1769611500,26185.82,26194.71,26173.88,26188.36
1769612400,26180.87,26187.02,26120.39,26150.61
1769613300,26193.92,26228.5,26186.68,26226.92
1769614200,26232.07,26242.56,26221.6,26228.19
1769615100,26249.58,26252.95,26234.32,26244.55
1769616000,26292.47,26328.08,26286.94,26308.25
1769679000,26370.35,26394.81,26365.11,26383.79
1769679900,26370.35,26374.93,26335.27,26362.7
1769680800,26370.35,26399.87,26315.5,26321.16
1769681700,26210.89,26275.86,26182.53,26243.52
1769682600,26370.35,26404.51,26320.0,26354.84
1769683500,26258.14,26303.88,26233.17,26253.83
1769684400,26258.94,26292.32,26219.25,26242.39
1769685300,26225.49,26336.11,26212.17,26248.76
1769686200,26238.69,26251.44,26214.98,26242.48
1769687100,26207.93,26251.22,26188.72,26229.25
1769688000,26176.19,26192.97,26128.15,26179.23
1769688900,26144.37,26196.24,26124.42,26196.07
1769689800,26116.14,26142.51,26017.96,26077.38
1769690700,26093.92,26123.57,25954.25,25995.46
1769691600,26133.09,26141.32,26035.79,26125.36
1769692500,26031.56,26162.54,25984.95,26100.99
1769693400,26114.82,26209.57,26098.63,26182.69
1769694300,26114.59,26142.8,26024.71,26090.39
1769695200,26019.36,26069.33,25996.14,26023.35
1769696100,25990.83,26077.67,25980.31,26055.16
1769697000,26002.19,26114.33,25962.89,26052.86
1769697900,25847.94,25933.49,25806.77,25921.09
1769698800,25846.73,25883.06,25782.56,25878.0
1769699700,25795.31,25833.1,25723.69,25758.44
1769700600,25937.28,26057.05,25916.4,25952.2
1769701500,25819.7,25872.28,25778.2,25812.47
1769702400,25837.63,25924.41,25759.88,25820.94
1769765400,25993.11,26038.99,25989.48,26019.71
1769766300,26043.4,26080.1,26018.99,26019.56
1769767200,26037.04,26054.26,26022.92,26031.0
1769768100,26064.02,26104.55,26036.41,26059.0
1769769000,26045.8,26063.43,26036.42,26060.82
1769769900,25998.78,26036.83,25962.7,25963.09
1769770800,26043.15,26056.39,26011.33,26023.43
1769771700,25963.85,25988.45,25932.32,25947.85
1769772600,26060.47,26122.98,26037.55,26094.0
1769773500,26014.97,26016.69,25964.93,26002.44
1769774400,25922.2,25950.55,25900.53,25923.61
1769775300,25839.63,25858.84,25812.54,25853.49
1769776200,25846.83,25849.86,25812.53,25830.09
1769777100,25845.11,25849.65,25814.97,25833.55
1769778000,25865.22,25894.12,25836.15,25840.6
1769778900,25771.96,25789.95,25754.79,25761.8
1769779800,25784.32,25808.79,25768.43,25789.2
1769780700,25877.23,25887.63,25864.8,25881.98
1769781600,25912.6,25919.38,25862.11,25886.1
1769782500,25955.35,26024.65,25949.49,25994.86
1769783400,25907.1,25950.89,25887.91,25921.24
1769784300,25952.01,25971.72,25935.81,25943.07
1769785200,25877.52,25890.79,25867.88,25876.65
1769786100,25847.06,25853.96,25813.43,25840.33
1769787000,25901.87,25929.24,25876.85,25917.85
1769787900,25932.16,25979.43,25925.78,25945.31
1769788800,25900.84,25903.96,25836.39,25861.6
1770024600,25653.06,25690.43,25652.49,25659.11
1770025500,25627.9,25651.5,25585.45,25643.7
1770026400,25590.8,25606.55,25533.62,25537.07
1770027300,25498.86,25545.91,25460.51,25499.15
1770028200,25497.05,25542.06,25495.9,25539.78
1770029100,25455.52,25518.51,25431.11,25447.6
1770030000,25287.15,25334.37,25252.98,25298.87
1770030900,25368.97,25386.4,25355.17,25370.29
1770031800,25389.76,25408.54,25315.08,25376.33
1770032700,25458.78,25461.34,25439.57,25447.75
1770033600,25407.88,25440.99,25378.16,25388.33
1770034500,25501.01,25543.85,25488.95,25516.33
1770035400,25535.33,25562.14,25497.73,25514.71
1770036300,25476.14,25490.27,25417.13,25452.47
1770037200,25626.47,25721.28,25579.63,25715.19
1770038100,25602.83,25612.37,25591.55,25598.64
1770039000,25816.73,25828.84,25773.89,25792.82
1770039900,25739.84,25766.96,25687.05,25697.74
1770040800,25681.61,25752.79,25645.38,25698.48
1770041700,25630.85,25634.12,25567.54,25582.75
1770042600,25604.76,25641.46,25547.07,25578.87
1770043500,25745.19,25767.89,25730.74,25754.32
1770044400,25791.5,25860.28,25787.18,25834.96
1770045300,25742.5,25779.38,25675.96,25703.87
1770046200,25837.58,25923.15,25795.98,25895.55
1770047100,25861.47,25930.79,25849.51,25913.83
1770048000,25959.89,26065.48,25927.55,25997.25
1770111000,25813.64,25900.31,25809.32,25863.66
1770111900,25807.99,25813.96,25790.01,25790.23
1770112800,25851.18,25885.09,25788.75,25881.52
1770113700,25875.61,25927.34,25864.73,25875.8
1770114600,25905.43,25937.35,25890.53,25898.77
1770115500,25819.96,25915.96,25782.63,25883.34
1770116400,25936.18,26014.71,25880.61,25973.85
1770117300,25912.57,25922.18,25841.84,25876.4
1770118200,25944.48,25953.13,25891.61,25906.92
1770119100,26062.1,26103.21,25956.14,26096.9
1770120000,25970.56,26009.65,25908.76,25987.25
1770120900,26108.72,26118.01,26082.58,26083.26
1770121800,25923.06,25938.14,25861.93,25905.63
1770122700,25959.53,25984.45,25916.19,25968.06
1770123600,25939.19,26066.29,25930.05,25982.73
1770124500,25774.89,25807.87,25710.12,25771.0
1770125400,25763.94,25806.28,25700.4,25733.86
1770126300,25891.07,25954.88,25847.04,25893.8
1770127200,25944.95,25966.84,25908.94,25910.59
1770128100,25934.64,26041.73,25874.89,25940.36
1770129000,25830.83,25838.58,25734.37,25773.92
1770129900,25756.4,25772.7,25666.51,25704.57
1770130800,25662.89,25693.42,25564.11,25657.98
1770131700,25647.15,25672.41,25582.66,25643.08
1770132600,25488.34,25521.73,25442.9,25475.96
1770133500,25313.28,25339.86,25301.54,25320.4
1770134400,25394.95,25405.45,25278.84,25338.08
1770197400,25288.32,25304.18,25201.14,25249.35
1770198300,25216.97,25233.68,25097.91,25195.32
1770199200,25350.31,25364.76,25245.21,25300.85
1770200100,25285.18,25368.46,25222.27,25334.66
1770201000,25427.43,25453.53,25357.71,25377.15
1770201900,25335.08,25351.0,25234.35,25300.38
1770202800,25375.33,25434.61,25343.55,25408.82
1770203700,25334.9,25340.97,25311.35,25317.12
1770204600,25296.4,25303.74,25287.93,25289.43
1770205500,25230.97,25239.49,25183.58,25209.77
1770206400,25295.36,25408.05,25259.06,25336.29
1770207300,25286.12,25347.76,25255.85,25334.77
1770208200,25211.81,25268.2,25166.17,25242.21
1770209100,25169.45,25243.19,25136.03,25193.55
1770210000,25248.69,25301.07,25131.88,25265.68
1770210900,25159.63,25179.19,25123.57,25136.14
1770211800,25239.17,25280.57,25234.48,25249.46
1770212700,25135.41,25142.39,25067.9,25088.97
1770213600,25052.48,25087.18,25023.27,25053.41
1770214500,25023.54,25027.07,24943.61,25011.44
1770215400,24949.38,24952.7,24916.93,24933.42
1770216300,24978.89,25017.84,24959.4,24995.03
1770217200,25010.35,25064.44,24969.38,24971.97
1770218100,25028.52,25092.74,25017.66,25059.86
1770219000,25072.08,25157.26,25066.21,25115.27
1770219900,24988.57,25014.98,24915.77,24995.94
1770220800,24924.46,24931.25,24868.65,24882.96
1770283800,25070.47,25249.21,25005.39,25160.59
1770284700,25154.48,25217.08,25149.99,25192.03
1770285600,25121.37,25177.25,25111.99,25124.21
1770286500,25245.48,25395.31,25199.32,25309.37
1770287400,25245.48,25253.57,25141.85,25163.22
1770288300,25128.12,25138.8,25060.42,25083.19
1770289200,25204.66,25222.03,25177.25,25180.75
1770290100,25149.44,25156.84,25084.86,25087.53
1770291000,25133.96,25204.73,25110.17,25148.11
1770291900,25156.83,25172.28,25120.51,25135.26
1770292800,25125.97,25219.43,25055.99,25196.07
1770293700,25057.94,25128.22,25021.33,25114.85
1770294600,25077.73,25130.46,25006.57,25076.27
1770295500,24982.75,25048.71,24944.66,25047.52
1770296400,25064.72,25106.57,25053.88,25091.08
1770297300,24989.06,25091.75,24929.66,25037.53
1770298200,24916.14,24938.09,24908.95,24929.38
1770299100,24889.37,24978.5,24796.45,24832.66
1770300000,24977.0,25071.15,24972.48,25060.53
1770300900,24998.06,25013.28,24951.34,25011.49
1770301800,25072.35,25111.4,24992.17,24992.79
1770302700,25102.74,25202.88,25031.22,25125.19
1770303600,24961.19,25018.18,24898.56,24961.75
1770304500,24987.41,25057.86,24973.26,24993.53
1770305400,24990.85,25018.43,24929.43,24939.34
1770306300,24990.23,25011.6,24895.03,24933.29
1770307200,24993.8,25039.57,24948.77,25008.07
1770370200,24707.53,24784.31,24598.97,24686.73
1770371100,24810.81,24852.88,24703.2,24728.29
1770372000,24833.73,24903.45,24766.0,24789.74
1770372900,24840.07,24952.7,24835.75,24883.34
1770373800,24712.81,24821.04,24701.09,24756.52
1770374700,24691.64,24722.82,24664.41,24685.98
1770375600,24782.66,24885.77,24758.3,24776.71
1770376500,24834.56,24852.48,24772.05,24778.44
1770377400,24845.5,24911.68,24798.79,24896.9
1770378300,24690.35,24696.07,24557.44,24629.52
1770379200,24780.43,24887.78,24701.9,24823.71
1770380100,24991.52,25021.63,24883.66,24901.25
1770381000,24887.81,24916.24,24837.06,24903.68
1770381900,24753.0,24783.85,24695.03,24752.11
1770382800,24757.65,24844.1,24716.0,24835.51
1770383700,24864.7,24882.35,24776.45,24831.33
1770384600,24946.85,25095.8,24909.29,24942.92
1770385500,25006.51,25041.03,24992.29,25009.11
1770386400,25131.52,25175.89,25066.27,25154.46
1770387300,25146.62,25229.44,25143.4,25181.55
1770388200,25042.44,25064.3,25022.37,25052.66
1770389100,25208.85,25269.75,25160.14,25238.52
1770390000,25168.87,25249.29,25155.87,25162.98
1770390900,25183.32,25283.44,25153.64,25239.1
1770391800,25319.6,25335.21,25248.7,25295.32
1770392700,25192.46,25247.61,25100.9,25155.69
1770393600,25231.5,25263.24,25164.0,25198.94
1770629400,25076.79,25157.6,25073.4,25129.4
1770630300,25046.98,25055.08,25002.5,25031.6
1770631200,25068.33,25111.77,24984.78,25013.88
1770632100,24956.44,24972.61,24949.49,24956.22
1770633000,25033.84,25042.38,25003.6,25023.41
1770633900,25022.6,25040.91,25008.46,25032.37
1770634800,25044.02,25055.49,25028.56,25034.53
1770635700,25008.28,25067.02,24961.1,24980.95
1770636600,25041.05,25103.53,25039.28,25044.22
1770637500,25033.27,25079.12,25020.48,25074.74
1770638400,25124.15,25153.41,25105.43,25122.44
1770639300,25091.73,25095.46,25073.64,25074.86
1770640200,25099.84,25131.33,25062.07,25111.4
1770641100,25108.09,25149.1,25067.07,25103.69
1770642000,25165.04,25185.41,25100.0,25115.68
1770642900,25138.63,25147.21,25073.4,25101.27
1770643800,25148.47,25182.07,25111.85,25161.91
1770644700,25145.41,25191.71,25139.27,25175.46
1770645600,25164.59,25204.43,25117.08,25191.02
1770646500,25161.02,25226.73,25127.79,25199.52
1770647400,25231.64,25241.76,25228.85,25238.01
1770648300,25197.5,25235.1,25176.69,25178.72
1770649200,25269.73,25276.31,25259.46,25273.07
1770650100,25339.36,25344.11,25264.56,25316.99
1770651000,25261.84,25340.41,25237.62,25278.69
1770651900,25201.87,25236.88,25199.71,25228.32
1770652800,25217.96,25255.32,25204.69,25205.9
1770715800,25359.72,25367.13,25344.35,25359.37
1770716700,25379.47,25385.79,25376.54,25381.5
1770717600,25392.44,25410.38,25381.51,25382.79
1770718500,25377.54,25399.69,25364.37,25390.29
1770719400,25380.56,25387.93,25379.64,25384.98
1770720300,25354.26,25361.98,25351.38,25360.39
1770721200,25342.26,25354.53,25340.12,25342.77
1770722100,25340.24,25358.01,25318.87,25346.85
1770723000,25345.47,25370.18,25339.65,25369.61
1770723900,25323.46,25329.99,25291.04,25322.05
1770724800,25283.16,25299.01,25262.46,25291.92
1770725700,25293.67,25313.26,25289.04,25298.61
1770726600,25292.59,25307.55,25289.43,25297.47
1770727500,25304.57,25352.57,25287.66,25337.12
1770728400,25250.85,25275.92,25237.48,25263.48
1770729300,25234.04,25251.96,25223.31,25223.52
1770730200,25229.72,25252.28,25209.63,25231.36
1770731100,25246.17,25263.39,25232.95,25239.85
1770732000,25259.78,25287.28,25234.34,25244.53
1770732900,25251.54,25252.61,25217.5,25232.9
1770733800,25271.8,25273.5,25251.64,25251.9
1770734700,25234.8,25238.98,25233.96,25235.77
1770735600,25236.57,25242.22,25192.25,25203.44
1770736500,25239.37,25264.8,25228.87,25262.36
1770737400,25231.01,25253.8,25222.56,25225.28
1770738300,25248.13,25254.34,25224.06,25240.07
1770739200,25246.67,25255.04,25233.31,25251.73
1770802200,25250.78,25257.68,25219.92,25229.6
1770803100,25269.93,25276.43,25255.41,25262.4
1770804000,25318.52,25353.93,25312.64,25338.63
1770804900,25290.3,25309.03,25275.86,25291.87
1770805800,25267.06,25325.46,25257.73,25268.9
1770806700,25319.13,25321.85,25288.2,25315.02
1770807600,25281.07,25320.81,25256.19,25299.07
1770808500,25302.94,25355.74,25291.1,25353.42
1770809400,25322.03,25338.1,25303.02,25320.05
1770810300,25256.79,25269.27,25242.55,25245.3
1770811200,25219.13,25262.96,25189.77,25190.0
1770812100,25170.15,25176.37,25095.55,25138.26
1770813000,25187.29,25226.54,25172.97,25176.33
1770813900,25155.06,25182.14,25100.27,25136.49
1770814800,25228.42,25248.58,25187.39,25228.77
1770815700,25242.76,25258.26,25218.84,25237.02
1770816600,25281.58,25302.55,25261.31,25293.39
1770817500,25280.9,25297.31,25266.25,25283.3
1770818400,25250.51,25258.56,25222.39,25254.34
1770819300,25236.61,25312.45,25221.59,25269.27
1770820200,25254.9,25302.93,25223.38,25247.94
1770821100,25315.66,25367.63,25304.34,25344.61
1770822000,25344.0,25393.9,25329.22,25372.54
1770822900,25281.05,25315.6,25258.29,25278.36
1770823800,25278.3,25297.76,25253.94,25269.6
1770824700,25260.97,25275.58,25253.32,25273.23
1770825600,25263.27,25296.25,25245.88,25250.83
1770888600,25278.9,25366.77,25245.64,25316.49
1770889500,25324.66,25354.82,25303.38,25322.45
1770890400,25472.43,25490.18,25431.17,25441.11
1770891300,25489.85,25516.98,25447.38,25471.3
1770892200,25447.62,25475.81,25394.8,25415.25
1770893100,25466.89,25484.57,25427.22,25431.46
1770894000,25343.32,25353.89,25309.17,25346.95
1770894900,25248.78,25256.06,25170.07,25198.51
1770895800,25221.22,25222.6,25188.35,25197.25
1770896700,25241.84,25263.71,25204.29,25222.32
1770897600,25291.66,25338.02,25258.62,25308.22
1770898500,25276.24,25314.03,25241.8,25251.37
1770899400,25140.97,25150.61,25082.31,25111.41
1770900300,25177.16,25231.14,25087.16,25096.79
1770901200,25182.91,25203.72,25177.06,25199.05
1770902100,25187.09,25251.45,25168.34,25249.07
1770903000,25213.66,25216.44,25143.49,25177.69
1770903900,25062.76,25094.83,24998.71,25025.42
1770904800,25135.86,25327.77,25077.99,25236.04
1770905700,25097.34,25137.31,25073.8,25136.34
1770906600,25355.12,25452.38,25283.19,25425.14
1770907500,25412.72,25443.72,25400.1,25403.11
1770908400,25341.96,25465.89,25316.81,25397.09
1770909300,25337.25,25341.48,25277.86,25297.6
1770910200,25208.01,25297.47,25201.46,25263.01
1770911100,25251.91,25297.21,25247.91,25261.85
1770912000,25326.31,25335.8,25217.16,25257.59
1770975000,24815.54,24847.71,24808.94,24809.7
1770975900,24854.96,24867.29,24826.21,24834.21
1770976800,24840.12,24852.88,24804.58,24833.48
1770977700,24834.83,24846.3,24822.01,24832.53
1770978600,24907.36,24951.82,24863.3,24898.01
1770979500,24914.42,24919.83,24853.8,24899.29
1770980400,24875.13,24932.86,24873.41,24877.97
1770981300,24811.18,24831.18,24782.21,24791.7
1770982200,24850.47,24851.63,24820.46,24828.69
1770983100,24876.95,24899.33,24837.96,24880.38
1770984000,24893.5,24897.13,24859.16,24870.72
1770984900,24903.96,24913.06,24868.07,24887.34
1770985800,24841.25,24844.51,24803.45,24825.8
1770986700,24810.11,24813.3,24803.31,24813.19
1770987600,24772.33,24783.49,24742.79,24767.06
1770988500,24813.09,24818.84,24782.09,24803.77
1770989400,24860.13,24881.2,24815.42,24844.32
1770990300,24913.09,24993.53,24906.76,24945.85
1770991200,24861.89,24926.21,24842.25,24905.26
1770992100,24916.91,24932.82,24908.62,24915.59
1770993000,24929.84,24951.24,24912.75,24947.12
1770993900,24943.01,24944.84,24905.13,24926.14
1770994800,24980.88,24989.26,24919.05,24961.51
1770995700,24976.6,24989.59,24960.74,24975.97
1770996600,24942.85,24955.99,24917.77,24944.69
1770997500,24925.65,24953.36,24883.99,24891.02
1770998400,24913.0,24936.46,24894.96,24909.0
1771320600,24787.61,24827.89,24777.45,24783.08
1771321500,24737.95,24742.11,24713.69,24725.48
1771322400,24675.7,24697.51,24663.84,24671.65
1771323300,24704.53,24760.82,24659.83,24672.17
1771324200,24670.94,24675.46,24636.68,24657.41
1771325100,24719.58,24749.42,24694.06,24741.45
1771326000,24846.38,24864.23,24841.76,24846.79
1771326900,24855.47,24898.31,24845.92,24895.32
1771327800,24869.42,24932.92,24851.99,24911.55
1771328700,24897.98,24898.24,24843.53,24876.65
1771329600,24921.64,24948.31,24843.52,24888.8
1771330500,24945.01,24960.12,24924.52,24954.6
1771331400,24924.15,24966.31,24914.31,24917.07
1771332300,24879.95,24932.77,24869.41,24905.98
1771333200,24813.92,24822.79,24770.91,24795.73
1771334100,24686.61,24691.89,24659.68,24682.51
1771335000,24733.11,24814.67,24716.63,24721.66
1771335900,24701.12,24730.71,24689.67,24707.24
1771336800,24618.08,24622.87,24588.83,24602.03
1771337700,24642.14,24695.14,24600.63,24676.17
1771338600,24725.91,24784.96,24724.35,24746.64
1771339500,24736.62,24801.81,24716.95,24777.8
1771340400,24744.25,24797.1,24704.16,24744.57
1771341300,24721.3,24759.25,24664.05,24738.52
1771342200,24723.09,24723.46,24667.93,24716.79
1771343100,24643.83,24736.08,24638.79,24688.15
1771344000,24647.51,24684.89,24639.64,24661.61
1771407000,24753.83,24773.0,24722.76,24766.18
1771407900,24708.37,24720.77,24699.38,24711.77
1771408800,24690.46,24711.04,24619.54,24642.28
1771409700,24696.27,24703.03,24669.27,24700.24
1771410600,24704.91,24716.28,24688.02,24702.01
1771411500,24710.31,24768.27,24699.06,24717.89
1771412400,24776.66,24785.6,24750.64,24771.51
1771413300,24791.36,24797.53,24748.92,24750.3
1771414200,24695.84,24705.24,24657.44,24683.85
1771415100,24720.9,24746.38,24719.03,24730.18
1771416000,24720.04,24744.61,24705.06,24737.47
1771416900,24682.42,24685.17,24640.12,24657.51
1771417800,24676.46,24711.71,24635.83,24686.3
1771418700,24664.76,24694.04,24659.61,24674.45
1771419600,24768.71,24777.84,24730.94,24759.76
1771420500,24732.03,24751.41,24729.27,24749.81
1771421400,24779.12,24794.79,24693.77,24730.89
1771422300,24773.38,24787.91,24748.32,24768.72
1771423200,24772.5,24798.1,24736.04,24758.35
1771424100,24745.03,24759.54,24726.06,24741.37
1771425000,24798.75,24811.69,24793.55,24807.84
1771425900,24761.78,24791.91,24736.35,24789.31
1771426800,24745.18,24753.16,24694.31,24713.95
1771427700,24772.96,24796.36,24763.43,24786.06
1771428600,24832.89,24851.47,24804.0,24843.15
1771429500,24847.79,24856.71,24841.03,24856.4
1771430400,24793.88,24802.77,24750.28,24772.93
1771493400,24979.93,24982.36,24955.41,24978.6
1771494300,25000.64,25027.37,24960.46,24983.41
1771495200,24990.08,25000.38,24964.98,24991.63
1771496100,24989.81,24991.48,24974.19,24975.4
1771497000,24988.65,25001.64,24974.69,24988.57
1771497900,25036.09,25078.68,25012.67,25059.17
1771498800,25032.55,25054.78,25004.65,25010.99
1771499700,24985.61,25009.05,24975.95,24990.09
1771500600,25027.51,25031.42,25007.88,25017.57
1771501500,24989.59,24992.69,24979.41,24992.66
1771502400,24977.07,24994.21,24974.52,24976.04
1771503300,24970.51,24982.86,24929.43,24953.61
1771504200,24986.34,25013.56,24983.97,25000.24
1771505100,24975.57,24992.25,24972.16,24990.51
1771506000,24958.91,24972.11,24950.17,24959.67
1771506900,24913.3,24916.29,24895.04,24916.29
1771507800,24913.35,24931.01,24892.04,24920.84
1771508700,24950.91,24989.35,24926.55,24936.75
1771509600,24966.85,24967.39,24931.46,24962.01
1771510500,24924.66,24941.43,24900.41,24926.12
1771511400,24908.21,24950.57,24905.0,24934.39
1771512300,24978.73,24997.9,24975.1,24993.42
1771513200,24967.77,24981.74,24952.35,24955.78
1771514100,24946.28,24972.15,24916.89,24928.99
1771515000,24981.7,25012.0,24956.18,24996.7
1771515900,24923.35,24939.46,24909.66,24910.04
1771516800,24903.35,24934.5,24895.5,24929.25
1771579800,24836.16,24859.2,24791.74,24857.44
1771580700,24889.26,24903.68,24875.9,24884.11
1771581600,24904.59,24958.02,24893.87,24905.91
1771582500,24936.82,24963.59,24932.66,24963.05
1771583400,24969.82,25005.89,24925.26,24987.16
1771584300,24959.27,25010.48,24895.54,24975.21
1771585200,24933.71,24964.17,24907.31,24923.38
1771586100,24874.37,24903.25,24863.89,24879.24
1771587000,24843.04,24860.59,24833.73,24835.45
1771587900,24815.58,24817.35,24764.64,24788.17
1771588800,24789.77,24845.9,24763.4,24802.31
1771589700,24849.67,24850.4,24807.1,24818.95
1771590600,24824.03,24876.14,24805.02,24833.18
1771591500,24879.29,24883.6,24861.37,24871.28
1771592400,24898.56,24925.23,24864.51,24879.54
1771593300,24882.28,24939.66,24847.08,24899.86
1771594200,24797.37,24852.94,24783.39,24845.09
1771595100,24829.08,24835.66,24779.9,24807.17
1771596000,24766.99,24815.47,24742.06,24806.59
1771596900,24729.22,24776.26,24722.28,24738.31
1771597800,24782.21,24826.78,24747.55,24794.55
1771598700,24811.93,24863.54,24806.19,24848.53
1771599600,24850.86,24859.21,24809.26,24823.55
1771600500,24879.58,24902.22,24816.5,24895.78
1771601400,24850.87,24886.78,24840.96,24868.49
1771602300,24814.13,24820.31,24778.63,24804.04
1771603200,24813.67,24917.56,24803.6,24846.63
1771839000,25045.89,25052.1,25021.83,25043.01
1771839900,25018.27,25020.46,24961.79,24985.17
1771840800,25021.93,25077.13,25013.29,25039.81
1771841700,24997.21,25007.25,24973.1,24980.88
1771842600,25022.51,25058.95,24980.47,25019.19
1771843500,25078.03,25091.3,25054.32,25086.59
1771844400,25018.11,25045.38,25014.32,25036.07
1771845300,25068.48,25088.86,25043.3,25085.55
1771846200,25098.4,25100.23,25070.0,25089.16
1771847100,25038.25,25065.09,25013.6,25018.38
1771848000,25024.23,25028.07,25013.25,25020.88
1771848900,25081.82,25100.89,25070.73,25087.54
1771849800,25063.04,25082.81,25056.01,25060.89
1771850700,25027.67,25059.96,24994.83,25050.95
1771851600,25038.93,25054.82,24990.58,24992.44
1771852500,25039.39,25100.58,25026.0,25057.94
1771853400,25062.97,25103.47,25060.35,25098.81
1771854300,25065.38,25075.08,25055.26,25057.76
1771855200,25051.73,25053.06,25026.03,25040.97
1771856100,25076.99,25087.89,25058.09,25076.1
1771857000,25062.53,25068.54,25043.05,25056.63
1771857900,25084.97,25103.02,25077.01,25088.5
1771858800,25048.3,25048.84,25032.95,25036.59
1771859700,24990.17,25002.04,24973.03,24984.91
1771860600,24941.96,24960.66,24913.69,24936.14
1771861500,24913.31,24914.92,24875.42,24888.91
1771862400,24819.59,24860.34,24799.73,24832.74
1771925400,24708.17,24748.91,24689.39,24728.42
1771926300,24655.32,24666.68,24631.62,24660.29
1771927200,24678.5,24709.94,24677.57,24684.63
1771928100,24668.59,24670.82,24623.08,24645.42
1771929000,24655.32,24703.27,24655.21,24675.84
1771929900,24679.91,24687.1,24636.5,24666.53
1771930800,24687.35,24738.87,24679.77,24720.18
1771931700,24754.47,24776.7,24692.9,24708.95
1771932600,24822.85,24824.46,24795.88,24806.58
1771933500,24756.88,24789.24,24748.96,24780.42
1771934400,24735.62,24764.44,24731.92,24747.6
1771935300,24740.91,24750.64,24733.44,24743.05
1771936200,24731.35,24751.98,24710.82,24718.04
1771937100,24794.21,24842.81,24790.07,24812.16
1771938000,24738.68,24816.58,24734.34,24779.99
1771938900,24791.95,24822.84,24775.06,24801.69
1771939800,24833.97,24838.35,24785.41,24803.97
1771940700,24787.15,24797.75,24763.51,24782.93
1771941600,24851.44,24860.19,24846.58,24847.99
1771942500,24911.64,24924.3,24892.14,24907.0
1771943400,24930.48,24941.19,24918.15,24930.09
1771944300,24848.3,24861.62,24825.13,24857.31
1771945200,24802.32,24824.81,24765.55,24779.75
1771946100,24799.46,24834.07,24796.5,24824.08
1771947000,24875.82,24885.92,24844.67,24882.33
1771947900,24861.5,24887.55,24858.52,24869.1
1771948800,24855.5,24870.45,24832.83,24855.18
1772011800,25139.79,25167.53,25110.43,25151.8
1772012700,25153.84,25178.32,25137.3,25162.48
1772013600,25150.72,25182.44,25136.24,25173.08
1772014500,25133.48,25171.49,25097.02,25106.55
1772015400,25074.99,25088.77,25032.52,25049.64
1772016300,25120.94,25160.85,25064.82,25099.65
1772017200,25172.41,25199.55,25092.72,25140.06
1772018100,25160.56,25167.35,25143.0,25153.14
1772019000,25176.19,25215.24,25174.43,25207.4
1772019900,25228.43,25274.13,25184.78,25255.47
1772020800,25227.23,25239.69,25159.31,25208.02
1772021700,25284.83,25329.6,25279.76,25301.14
1772022600,25277.69,25319.11,25277.08,25291.67
1772023500,25260.43,25320.46,25221.07,25267.31
1772024400,25307.45,25322.69,25281.47,25300.13
1772025300,25223.94,25284.42,25221.49,25237.49
1772026200,25269.91,25276.83,25181.15,25231.31
1772027100,25268.51,25289.18,25246.63,25285.73
1772028000,25380.86,25420.53,25378.11,25391.97
1772028900,25400.42,25439.56,25384.43,25419.5
1772029800,25458.1,25478.09,25450.01,25461.69
1772030700,25445.06,25488.87,25424.1,25444.86
1772031600,25497.2,25519.87,25449.8,25507.91
1772032500,25545.28,25602.7,25544.2,25554.26
1772033400,25520.61,25531.14,25485.79,25522.12
1772034300,25459.78,25467.55,25402.36,25411.52
1772035200,25389.48,25394.02,25364.61,25372.1
1772098200,25365.49,25381.28,25362.34,25379.03
1772099100,25318.89,25359.84,25284.18,25344.86
1772100000,25211.01,25248.97,25183.87,25193.63
1772100900,25284.05,25331.19,25265.83,25278.71
1772101800,25248.03,25323.01,25179.78,25296.1
1772102700,25200.82,25248.12,25167.61,25222.67
1772103600,25159.16,25187.15,25141.87,25142.84
1772104500,25154.59,25207.88,25132.56,25179.17
1772105400,25268.07,25278.34,25226.5,25278.0
1772106300,25350.99,25368.51,25304.06,25337.22
1772107200,25304.49,25313.99,25255.59,25305.02
1772108100,25345.54,25404.47,25286.95,25308.77
1772109000,25298.62,25376.05,25295.79,25331.71
1772109900,25300.0,25332.09,25272.08,25276.34
1772110800,25185.52,25194.66,25107.67,25148.36
1772111700,25175.74,25224.33,25151.64,25210.74
1772112600,25163.36,25220.56,25101.63,25110.41
1772113500,25193.42,25208.21,25175.81,25203.11
1772114400,25213.03,25254.34,25199.81,25237.35
1772115300,25191.83,25225.54,25142.48,25219.26
1772116200,25155.98,25222.93,25144.25,25189.36
1772117100,25049.96,25051.76,25016.61,25041.66
1772118000,25109.61,25177.26,25054.47,25153.18
1772118900,25113.75,25203.2,25096.03,25157.38
1772119800,25095.36,25119.63,25066.72,25105.95
1772120700,25082.73,25116.19,25038.16,25114.36
1772121600,25038.68,25085.6,24987.14,25019.49
