time,open,high,low,close
1770872700,25334.0,25336.0,25333.0,25336.0
1770873000,25336.0,25336.75,25331.25,25336.0
1770873300,25336.25,25343.5,25334.75,25338.75
1770873600,25338.5,25343.25,25334.75,25335.25
1770873900,25334.75,25337.75,25332.5,25334.25
1770874200,25333.0,25333.5,25329.5,25330.0
1770874500,25330.5,25332.5,25327.75,25330.25
1770874800,25331.0,25344.75,25331.0,25336.25
1770875100,25336.0,25341.25,25335.75,25339.25
1770875400,25339.5,25341.25,25331.0,25338.0
1770875700,25337.25,25341.25,25330.0,25337.0
1770876000,25338.5,25341.75,25321.75,25323.25
1770876300,25324.25,25329.25,25321.25,25323.75
1770876600,25325.25,25343.75,25324.25,25336.75
1770876900,25336.5,25344.5,25323.75,25325.0
1770877200,25325.0,25325.0,25312.5,25315.75
1770877500,25316.25,25326.75,25316.25,25320.25
1770877800,25322.0,25332.5,25304.0,25304.75
1770878100,25305.25,25309.0,25297.5,25305.25
1770878400,25304.25,25305.0,25295.0,25299.0
1770878700,25298.25,25310.0,25292.0,25310.0
1770879000,25309.5,25315.0,25303.5,25311.5
1770879300,25310.5,25323.5,25309.25,25319.75
1770879600,25319.25,25336.0,25313.0,25333.25
1770879900,25335.75,25336.75,25322.0,25326.25
1770880200,25326.75,25336.75,25325.25,25333.0
1770880500,25333.5,25340.25,25329.0,25337.25
1770880800,25337.25,25350.5,25332.0,25350.5
1770881100,25351.0,25357.25,25345.5,25351.25
1770881400,25351.25,25357.25,25347.75,25348.25
1770881700,25349.5,25356.5,25349.25,25350.5
1770882000,25350.75,25359.25,25346.25,25350.75
1770882300,25351.0,25354.75,25343.75,25351.5
1770882600,25351.5,25351.5,25342.0,25345.75
1770882900,25344.75,25354.0,25343.0,25351.0
1770883200,25350.25,25369.0,25350.25,25361.5
1770883500,25360.0,25369.25,25348.0,25363.5
1770883800,25365.0,25367.75,25339.0,25350.5
1770884100,25350.0,25362.0,25347.75,25357.75
1770884400,25358.75,25360.0,25344.75,25346.5
1770884700,25346.25,25355.0,25339.75,25345.75
1770885000,25344.5,25350.75,25328.25,25331.5
1770885300,25332.0,25340.5,25325.0,25326.25
1770885600,25325.75,25335.75,25324.75,25331.0
1770885900,25331.25,25340.5,25330.0,25330.75
1770886200,25330.0,25347.5,25328.25,25342.25
1770886500,25343.0,25360.5,25342.0,25353.5
1770886800,25352.75,25359.5,25341.75,25353.0
1770887100,25352.5,25353.75,25341.75,25351.75
1770887400,25353.0,25363.5,25350.75,25356.5
1770887700,25356.75,25364.25,25350.75,25354.0
1770888000,25353.25,25358.5,25349.75,25353.25
1770888300,25352.5,25359.5,25348.5,25349.5
1770888600,25349.0,25353.5,25341.0,25350.75
1770888900,25350.25,25361.5,25347.25,25347.75
1770889200,25349.75,25350.75,25343.25,25343.25
1770889500,25344.25,25346.0,25330.0,25338.25
1770889800,25339.25,25352.0,25339.25,25352.0
1770890100,25350.5,25358.5,25347.0,25355.75
1770890400,25354.75,25374.0,25348.25,25369.25
1770890700,25369.5,25371.0,25360.5,25361.5
1770891000,25361.5,25364.0,25341.0,25343.25
1770891300,25342.5,25349.75,25338.75,25346.75
1770891600,25345.25,25345.5,25334.75,25335.5
1770891900,25335.0,25344.0,25334.0,25340.5
1770892200,25342.25,25347.0,25340.0,25343.5
1770892500,25343.25,25345.0,25338.5,25344.0
1770892800,25344.75,25351.75,25342.5,25342.75
1770893100,25343.0,25346.0,25340.0,25341.75
1770893400,25341.5,25348.25,25340.5,25343.25
1770893700,25343.5,25351.0,25342.25,25349.75
1770894000,25349.75,25359.0,25338.25,25343.5
1770894300,25343.75,25352.25,25342.0,25352.0
1770894600,25351.0,25360.5,25348.25,25355.75
1770894900,25356.25,25363.25,25355.0,25362.75
1770895200,25361.75,25367.0,25353.0,25356.5
1770895500,25356.75,25370.25,25355.5,25367.5
1770895800,25366.25,25370.5,25357.5,25358.25
1770896100,25358.5,25358.5,25346.0,25347.0
1770896400,25348.75,25349.25,25342.5,25345.0
1770896700,25344.5,25357.0,25344.5,25356.25
1770897000,25356.75,25364.0,25352.75,25361.25
1770897300,25360.75,25369.5,25357.25,25366.5
1770897600,25365.75,25369.0,25348.0,25349.75
1770897900,25349.25,25356.5,25345.0,25353.0
1770898200,25353.25,25357.5,25343.0,25354.5
1770898500,25354.75,25358.0,25348.0,25356.25
1770898800,25355.75,25362.5,25354.25,25361.0
1770899100,25360.25,25368.0,25356.75,25365.0
1770899400,25364.0,25378.0,25363.25,25373.5
1770899700,25373.25,25378.75,25368.75,25374.5
1770900000,25374.0,25384.0,25363.25,25365.0
1770900300,25364.25,25369.25,25359.5,25367.75
1770900600,25367.75,25373.5,25351.75,25356.75
1770900900,25357.25,25362.25,25354.0,25356.75
1770901200,25356.25,25358.5,25342.5,25343.5
1770901500,25343.25,25349.75,25335.75,25345.75
1770901800,25346.25,25348.75,25327.75,25328.5
1770902100,25328.5,25336.25,25320.25,25334.25
1770902400,25333.5,25335.75,25326.75,25328.5
1770902700,25329.0,25344.25,25325.5,25342.25
1770903000,25342.75,25372.0,25331.25,25369.75
1770903300,25369.75,25390.75,25365.25,25384.5
1770903600,25385.25,25419.75,25384.25,25411.75
1770903900,25412.0,25413.75,25388.75,25396.25
1770904200,25396.25,25397.75,25380.75,25393.0
1770904500,25394.25,25409.25,25392.25,25395.75
1770904800,25396.25,25400.25,25373.25,25378.0
1770905100,25377.5,25386.5,25372.5,25385.0
1770905400,25385.0,25386.0,25365.25,25368.0
1770905700,25367.5,25375.0,25362.0,25369.75
1770906000,25369.5,25380.5,25369.5,25375.75
1770906300,25376.25,25378.0,25346.0,25346.75
1770906600,25346.25,25376.75,25318.0,25358.25
1770906900,25358.25,25392.5,25333.75,25359.25
1770907200,25359.5,25389.25,25304.0,25308.25
1770907500,25309.0,25323.75,25240.0,25251.5
1770907800,25251.25,25292.0,25235.25,25274.0
1770908100,25273.25,25274.5,25186.25,25206.5
1770908400,25208.25,25251.5,25178.25,25200.25
1770908700,25201.0,25241.5,25169.75,25194.5
1770909000,25194.0,25234.25,25178.5,25232.75
1770909300,25232.5,25246.0,25201.5,25203.0
1770909600,25203.25,25260.25,25194.0,25225.5
1770909900,25226.0,25248.0,25210.25,25232.25
1770910200,25232.5,25253.75,25177.0,25177.25
1770910500,25177.0,25188.25,25125.25,25134.0
1770910800,25134.0,25141.5,25082.0,25087.25
1770911100,25086.0,25113.75,25078.75,25096.5
1770911400,25098.0,25121.25,25052.0,25052.0
1770911700,25052.75,25062.0,25006.5,25010.25
1770912000,25011.0,25031.75,24986.5,24999.25
1770912300,24999.0,25007.0,24943.5,24962.25
1770912600,24961.75,24969.5,24928.25,24940.5
1770912900,24939.75,24950.75,24885.5,24908.25
1770913200,24909.0,24915.5,24862.75,24882.75
1770913500,24882.5,24888.0,24811.25,24818.75
1770913800,24819.0,24869.0,24805.75,24844.5
1770914100,24845.25,24911.75,24838.5,24898.0
1770914400,24899.0,24921.75,24865.75,24875.25
1770914700,24876.25,24902.0,24843.0,24872.0
1770915000,24870.25,24889.0,24843.75,24857.75
1770915300,24857.5,24881.5,24848.75,24878.5
1770915600,24878.0,24896.75,24831.25,24881.5
1770915900,24879.5,24903.75,24844.5,24892.0
1770916200,24892.0,24893.25,24840.75,24858.75
1770916500,24858.0,24871.0,24834.0,24834.25
1770916800,24834.25,24901.5,24834.25,24897.0
1770917100,24896.5,24924.0,24858.5,24871.25
1770917400,24871.0,24902.25,24862.25,24897.5
1770917700,24896.0,24940.75,24895.0,24900.75
1770918000,24900.75,24914.75,24885.25,24898.75
1770918300,24900.0,24915.0,24869.0,24888.75
1770918600,24889.25,24912.25,24846.75,24849.5
1770918900,24848.5,24865.75,24823.75,24825.25
1770919200,24825.5,24853.25,24800.25,24829.5
1770919500,24831.25,24881.75,24825.75,24854.75
1770919800,24855.0,24870.75,24840.25,24855.25
1770920100,24854.25,24856.75,24802.25,24811.5
1770920400,24811.25,24862.0,24811.0,24854.0
1770920700,24853.25,24858.5,24804.5,24841.75
1770921000,24842.25,24856.5,24824.75,24841.75
1770921300,24841.25,24888.0,24835.0,24880.25
1770921600,24880.5,24911.25,24866.25,24908.0
1770921900,24907.75,24914.5,24885.0,24885.5
1770922200,24884.0,24929.75,24876.0,24919.5
1770922500,24919.25,24929.0,24890.5,24905.5
1770922800,24906.25,24923.75,24883.25,24891.5
1770923100,24892.75,24911.0,24888.5,24889.25
1770923400,24888.25,24894.0,24846.5,24868.5
1770923700,24868.25,24913.0,24867.0,24906.25
1770924000,24907.25,24928.0,24899.25,24915.25
1770924300,24915.5,24921.0,24866.25,24871.75
1770924600,24870.75,24916.0,24870.5,24894.5
1770924900,24895.75,24925.75,24888.0,24924.0
1770925200,24923.75,24938.0,24903.0,24915.5
1770925500,24915.75,24939.0,24915.25,24933.25
1770925800,24933.0,24943.75,24907.25,24912.75
1770926100,24913.5,24930.0,24884.25,24898.5
1770926400,24899.75,24912.75,24880.25,24900.5
1770926700,24900.75,24906.25,24863.75,24867.25
1770927000,24867.75,24874.75,24843.25,24871.5
1770927300,24872.0,24873.5,24840.25,24842.75
1770927600,24841.0,24841.5,24815.0,24820.75
1770927900,24820.0,24823.5,24797.0,24805.5
1770928200,24804.5,24823.0,24783.0,24804.75
1770928500,24805.75,24822.0,24802.0,24813.5
1770928800,24812.0,24834.5,24796.5,24804.0
1770929100,24803.5,24808.25,24767.25,24776.75
1770929400,24778.25,24786.75,24721.5,24786.0
1770929700,24786.0,24786.5,24744.0,24762.75
1770930000,24765.25,24786.5,24743.75,24785.5
1770930300,24784.5,24801.0,24776.0,24791.75
1770930600,24791.75,24806.75,24788.75,24804.5
1770930900,24804.25,24813.5,24797.25,24809.5
1770931200,24809.0,24811.75,24801.75,24809.5
1770931500,24810.5,24823.25,24806.5,24823.25
1770931800,24823.25,24832.25,24820.0,24829.25
1770932100,24830.0,24833.75,24822.25,24823.25
1770932400,24823.75,24830.25,24819.5,24823.75
1770932700,24824.25,24830.25,24817.75,24830.0
1770933000,24830.25,24839.75,24829.25,24832.0
1770933300,24832.0,24833.75,24819.25,24822.0
1770937200,24842.25,24844.0,24810.0,24818.0
1770937500,24817.0,24844.0,24797.75,24841.5
1770937800,24842.25,24849.0,24834.25,24835.75
1770938100,24835.5,24856.75,24830.25,24835.0
1770938400,24834.25,24840.25,24822.25,24829.75
1770938700,24829.0,24844.5,24828.5,24841.0
1770939000,24842.25,24849.5,24777.0,24803.5
1770939300,24802.5,24817.75,24753.0,24758.75
1770939600,24760.0,24790.0,24744.75,24787.5
1770939900,24787.25,24811.5,24777.5,24806.75
1770940200,24811.5,24830.0,24808.0,24826.25
1770940500,24826.75,24835.25,24820.0,24824.0
1770940800,24820.0,24861.5,24801.5,24854.5
1770941100,24853.25,24864.75,24842.0,24851.75
1770941400,24853.25,24858.5,24837.5,24843.75
1770941700,24845.75,24847.0,24826.0,24832.5
1770942000,24832.25,24840.25,24789.0,24793.75
1770942300,24793.75,24797.25,24765.5,24781.5
1770942600,24781.25,24796.0,24772.25,24778.75
1770942900,24779.5,24787.0,24764.0,24780.25
1770943200,24780.75,24787.75,24740.5,24742.75
1770943500,24742.5,24755.25,24711.25,24730.75
1770943800,24729.0,24741.0,24709.75,24716.25
1770944100,24717.25,24742.75,24715.0,24731.25
1770944400,24731.25,24773.75,24730.25,24772.0
1770944700,24772.0,24816.5,24767.5,24807.75
1770945000,24807.5,24814.0,24799.5,24806.25
1770945300,24806.0,24820.0,24797.75,24814.0
1770945600,24813.25,24817.5,24777.25,24779.25
1770945900,24780.5,24806.0,24770.5,24796.75
1770946200,24796.75,24806.75,24780.75,24800.5
1770946500,24799.25,24810.25,24786.5,24806.25
1770946800,24806.5,24812.25,24790.75,24795.5
1770947100,24794.75,24813.75,24789.75,24808.75
1770947400,24809.75,24821.25,24788.5,24790.75
1770947700,24791.0,24791.75,24765.0,24787.0
1770948000,24786.75,24822.25,24786.25,24813.0
1770948300,24811.0,24820.5,24800.5,24818.5
1770948600,24818.5,24825.5,24813.5,24819.5
1770948900,24820.0,24820.5,24798.0,24803.25
1770949200,24803.0,24818.0,24794.0,24807.5
1770949500,24808.0,24814.5,24795.5,24813.0
1770949800,24813.75,24832.25,24813.75,24824.75
1770950100,24824.0,24827.0,24819.25,24823.25
1770950400,24823.5,24824.0,24804.0,24806.5
1770950700,24806.25,24810.5,24794.0,24804.75
1770951000,24805.0,24809.0,24799.0,24803.25
1770951300,24803.0,24809.25,24800.75,24802.75
1770951600,24803.75,24820.75,24802.25,24815.5
1770951900,24815.0,24815.0,24797.25,24801.0
1770952200,24802.25,24810.25,24799.75,24803.0
1770952500,24803.5,24808.75,24793.5,24794.25
1770952800,24793.5,24795.5,24769.5,24771.25
1770953100,24770.5,24780.0,24770.0,24776.25
1770953400,24775.5,24796.5,24774.25,24787.25
1770953700,24788.25,24791.5,24781.5,24789.0
1770954000,24790.0,24790.25,24776.5,24782.75
1770954300,24783.25,24787.25,24768.0,24769.0
1770954600,24769.75,24775.75,24751.25,24754.0
1770954900,24753.75,24760.0,24745.25,24750.25
1770955200,24750.5,24756.0,24744.5,24752.5
1770955500,24752.25,24762.5,24749.5,24755.75
1770955800,24756.5,24768.75,24753.25,24768.75
1770956100,24769.0,24802.5,24768.75,24786.0
1770956400,24786.25,24790.75,24776.5,24782.25
1770956700,24782.5,24788.75,24780.25,24784.0
1770957000,24783.5,24787.75,24768.75,24769.5
1770957300,24769.0,24774.25,24759.75,24763.0
1770957600,24764.0,24775.25,24758.25,24760.5
1770957900,24760.0,24768.0,24754.0,24760.25
1770958200,24760.25,24767.75,24753.0,24757.0
1770958500,24758.0,24767.25,24757.75,24762.5
1770959100,24759.0,24767.25,24758.25,24764.0
1770959400,24764.75,24765.25,24749.75,24750.5
1770959700,24750.25,24753.5,24733.5,24738.0
1770960000,24739.25,24742.0,24719.0,24721.75
1770960300,24720.0,24726.5,24704.75,24707.0
1770960600,24707.5,24722.25,24698.0,24716.0
1770960900,24713.75,24729.75,24698.0,24699.0
1770961200,24700.0,24723.25,24690.75,24712.5
1770961500,24712.0,24736.75,24710.0,24725.25
1770961800,24723.5,24724.5,24697.75,24697.75
1770962100,24699.75,24724.0,24698.0,24712.5
1770962400,24711.75,24727.75,24704.75,24707.5
1770962700,24708.75,24729.25,24708.5,24724.75
1770963000,24725.25,24731.0,24713.0,24718.75
1770963300,24720.75,24731.0,24706.75,24729.25
1770963600,24729.0,24730.0,24698.25,24702.0
1770963900,24702.75,24704.5,24677.5,24686.5
1770964200,24686.75,24688.5,24660.0,24676.75
1770964500,24678.0,24679.0,24642.25,24657.0
1770964800,24657.0,24668.25,24653.0,24664.25
1770965100,24665.5,24685.0,24656.5,24683.0
1770965400,24683.75,24709.5,24683.75,24708.0
1770965700,24708.25,24724.5,24705.75,24714.25
1770966000,24713.5,24744.25,24713.5,24719.5
1770966300,24719.5,24740.0,24711.25,24736.0
1770966600,24737.25,24744.75,24729.25,24736.0
1770966900,24736.0,24758.0,24734.75,24751.5
1770967200,24751.5,24759.0,24743.25,24757.25
1770967500,24759.0,24762.25,24738.25,24738.5
1770967800,24739.0,24747.0,24728.0,24743.5
1770968100,24742.25,24744.75,24719.5,24725.75
1770968400,24724.5,24733.5,24721.0,24726.75
1770968700,24727.75,24734.5,24723.0,24727.0
1770969000,24728.0,24740.5,24715.0,24739.0
1770969300,24738.25,24750.5,24729.25,24747.0
1770969600,24746.75,24757.0,24723.25,24755.5
1770969900,24757.75,24776.0,24750.0,24766.5
1770970200,24767.0,24769.5,24729.0,24732.25
1770970500,24732.25,24737.75,24675.0,24682.25
1770970800,24682.75,24722.5,24678.75,24721.75
1770971100,24722.5,24748.0,24722.0,24744.75
1770971400,24743.0,24760.5,24725.0,24752.5
1770971700,24754.0,24756.75,24716.0,24724.25
1770972000,24724.5,24752.25,24721.25,24747.75
1770972300,24750.0,24777.25,24750.0,24768.5
1770972600,24769.25,24785.5,24764.25,24775.5
1770972900,24776.5,24780.0,24765.5,24775.25
1770973200,24775.5,24778.25,24732.0,24734.5
1770973500,24735.0,24769.0,24733.25,24764.0
1770973800,24764.25,24779.25,24754.5,24756.75
1770974100,24755.25,24788.25,24754.5,24785.75
1770974400,24786.0,24804.5,24783.25,24797.5
1770974700,24797.0,24807.0,24793.0,24795.5
1770975000,24795.5,24804.25,24784.5,24800.0
1770975300,24800.5,24803.0,24788.5,24796.5
1770975600,24795.5,24805.5,24785.75,24789.25
1770975900,24789.25,24808.0,24788.5,24801.5
1770976200,24803.75,24806.75,24780.0,24781.75
1770976500,24782.25,24786.0,24766.0,24774.0
1770976800,24773.25,24788.5,24770.5,24783.0
1770977100,24780.75,24786.5,24759.5,24761.5
1770977400,24762.25,24790.25,24762.25,24785.5
1770977700,24786.5,24790.25,24776.0,24788.25
1770978000,24788.25,24799.5,24786.75,24793.25
1770978300,24794.0,24798.75,24784.0,24788.25
1770978600,24788.5,24793.25,24770.0,24770.0
1770978900,24769.75,24773.25,24756.5,24758.0
1770979200,24760.25,24775.25,24752.5,24758.75
1770979500,24759.0,24768.25,24751.5,24757.75
1770979800,24755.0,24757.25,24731.0,24752.75
1770980100,24752.0,24753.25,24727.5,24729.75
1770980400,24730.75,24738.5,24706.75,24707.0
1770980700,24706.0,24717.0,24687.25,24689.0
1770981000,24689.25,24693.25,24670.0,24672.25
1770981300,24671.75,24696.0,24656.0,24694.0
1770981600,24693.25,24695.5,24650.5,24658.0
1770981900,24657.0,24685.0,24652.0,24665.5
1770982200,24663.0,24678.5,24624.0,24678.0
1770982500,24678.0,24701.0,24673.75,24687.0
1770982800,24688.25,24699.0,24672.0,24672.75
1770983100,24673.75,24688.5,24660.25,24680.75
1770983400,24680.75,24711.5,24669.0,24710.75
1770983700,24711.75,24723.0,24708.0,24721.25
1770984000,24721.5,24745.75,24704.0,24709.5
1770984300,24708.0,24708.0,24686.25,24689.5
1770984600,24688.5,24703.5,24676.5,24684.5
1770984900,24684.25,24704.75,24670.5,24694.25
1770985200,24694.5,24719.25,24690.0,24707.75
1770985500,24708.25,24724.5,24704.0,24708.0
1770985800,24707.75,24730.5,24703.25,24718.25
1770986100,24721.5,24724.25,24705.75,24716.0
1770986400,24716.5,24726.25,24714.75,24722.5
1770986700,24723.0,24724.25,24693.75,24695.0
1770987000,24695.0,24725.75,24690.5,24722.25
1770987300,24722.25,24734.75,24667.25,24695.5
1770987600,24694.0,24719.25,24685.75,24713.5
1770987900,24713.0,24719.25,24645.0,24646.0
1770988200,24645.75,24662.25,24625.75,24631.5
1770988500,24636.5,24671.75,24620.5,24666.75
1770988800,24666.0,24698.75,24649.25,24683.0
1770989100,24682.5,24719.0,24682.0,24706.25
1770989400,24706.0,24823.25,24695.5,24781.25
1770989700,24781.5,24783.0,24736.25,24771.25
1770990000,24770.75,24800.5,24758.0,24775.25
1770990300,24774.5,24790.0,24729.5,24789.25
1770990600,24788.25,24793.0,24763.0,24789.5
1770990900,24789.25,24812.25,24757.0,24781.5
1770991200,24780.75,24820.0,24779.0,24788.75
1770991500,24788.0,24788.0,24721.0,24722.75
1770991800,24723.5,24754.5,24718.0,24742.25
1770992100,24742.75,24756.5,24728.75,24734.0
1770992400,24734.25,24741.25,24713.5,24726.75
1770992700,24726.25,24748.5,24719.5,24742.0
1770993000,24743.0,24799.75,24686.25,24719.25
1770993300,24718.75,24738.0,24668.5,24671.75
1770993600,24672.75,24726.75,24578.75,24716.0
1770993900,24715.0,24849.5,24708.25,24775.5
1770994200,24775.75,24780.0,24686.0,24730.5
1770994500,24729.0,24803.0,24681.0,24698.25
1770994800,24699.0,24778.75,24692.25,24751.0
1770995100,24750.5,24810.0,24704.5,24803.0
1770995400,24804.25,24834.0,24753.0,24759.25
1770995700,24759.75,24797.5,24718.0,24753.0
1770996000,24753.25,24811.0,24725.0,24776.5
1770996300,24776.75,24870.5,24771.75,24848.5
1770996600,24848.75,24928.5,24847.5,24907.5
1770996900,24908.0,24926.75,24826.25,24828.0
1770997200,24827.5,24841.0,24767.5,24773.5
1770997500,24774.75,24797.75,24721.0,24737.25
1770997800,24737.25,24819.5,24730.25,24816.5
1770998100,24817.75,24846.0,24793.75,24810.25
1770998400,24811.0,24845.5,24802.0,24838.25
1770998700,24837.25,24888.75,24831.75,24876.5
1770999000,24877.75,24878.25,24800.5,24840.5
1770999300,24840.25,24869.25,24812.5,24813.75
1770999600,24815.75,24830.75,24762.75,24792.25
1770999900,24792.5,24862.5,24784.5,24851.25
1771000200,24851.0,24874.0,24810.5,24854.75
1771000500,24854.5,24886.25,24833.5,24885.75
1771000800,24885.5,24892.5,24854.75,24889.25
1771001100,24889.0,24910.75,24873.75,24879.75
1771001400,24879.75,24906.0,24866.75,24906.0
1771001700,24906.25,24934.5,24894.0,24894.5
1771002000,24894.25,24924.5,24883.5,24913.25
1771002300,24914.0,24932.5,24907.0,24911.5
1771002600,24912.25,24959.75,24911.75,24952.0
1771002900,24952.0,24955.5,24907.5,24920.0
1771003200,24921.0,24969.75,24916.75,24962.5
1771003500,24963.0,24965.75,24940.5,24950.0
1771003800,24950.25,24985.75,24943.0,24973.5
1771004100,24973.75,24982.0,24958.25,24979.25
1771004400,24979.5,24993.5,24962.75,24965.5
1771004700,24965.25,24982.5,24951.0,24980.0
1771005000,24978.25,24978.5,24947.0,24955.25
1771005300,24955.5,24961.5,24932.25,24938.25
1771005600,24938.5,24955.25,24908.75,24917.5
1771005900,24917.75,24938.25,24900.75,24927.5
1771006200,24928.25,24962.5,24928.25,24943.5
1771006500,24942.75,24968.5,24932.5,24948.0
1771006800,24947.25,24991.5,24945.0,24974.5
1771007100,24975.75,24989.75,24940.75,24954.75
1771007400,24955.0,24983.25,24943.0,24979.5
1771007700,24979.75,24995.5,24957.5,24981.0
1771008000,24980.5,24985.0,24940.0,24948.75
1771008300,24949.5,24984.0,24946.25,24960.25
1771008600,24959.75,24962.5,24923.0,24945.0
1771008900,24943.5,24953.5,24927.25,24939.75
1771009200,24940.5,24951.0,24921.0,24923.75
1771009500,24924.25,24957.0,24922.25,24951.0
1771009800,24951.25,24965.75,24931.0,24947.25
1771010100,24947.5,24956.5,24930.0,24951.75
1771010400,24952.5,24968.5,24942.25,24963.0
1771010700,24963.75,24968.25,24912.0,24924.0
1771011000,24924.5,24946.75,24918.25,24940.5
1771011300,24940.75,24949.25,24905.5,24919.0
1771011600,24919.0,24931.0,24888.25,24908.5
1771011900,24907.5,24935.0,24899.0,24915.0
1771012200,24917.25,24922.25,24887.5,24899.5
1771012500,24898.75,24910.5,24848.75,24852.75
1771012800,24852.25,24888.25,24851.75,24881.75
1771013100,24881.75,24890.5,24857.5,24877.5
1771013400,24877.75,24878.5,24823.25,24824.0
1771013700,24824.0,24853.0,24813.75,24849.5
1771014000,24848.75,24851.25,24811.25,24811.5
1771014300,24811.25,24820.75,24754.75,24764.75
1771014600,24766.0,24786.25,24737.25,24742.25
1771014900,24742.75,24765.75,24731.75,24750.75
1771015200,24750.25,24773.25,24734.25,24750.0
1771015500,24749.25,24797.25,24745.0,24787.25
1771015800,24785.25,24808.75,24751.25,24797.75
1771016100,24798.0,24812.0,24771.25,24802.75
1771016400,24801.75,24828.0,24783.75,24787.0
1771016700,24787.5,24794.0,24776.0,24785.75
1771017000,24785.5,24800.75,24776.75,24798.75
1771017300,24798.75,24801.25,24788.5,24789.75
1771017600,24789.0,24790.0,24777.25,24779.5
1771017900,24780.5,24785.5,24776.25,24781.75
1771018200,24782.5,24789.75,24782.0,24786.0
1771018500,24786.25,24795.0,24784.25,24791.0
1771018800,24791.5,24792.25,24781.0,24782.75
1771019100,24783.25,24787.5,24780.0,24781.25
1771019400,24781.5,24783.25,24772.75,24780.5
1771019700,24780.0,24803.25,24771.0,24803.25
1771197900,24803.25,24803.25,24803.25,24803.25
1771198200,24819.0,24830.0,24803.25,24806.0
1771198500,24808.0,24820.0,24796.5,24801.5
1771198800,24803.5,24822.0,24803.5,24817.0
1771199100,24819.5,24820.0,24804.5,24808.75
1771199400,24812.75,24820.0,24793.25,24808.75
1771199700,24808.75,24838.75,24798.5,24836.25
1771200000,24831.75,24843.0,24810.75,24816.75
1771200300,24814.5,24846.75,24810.5,24839.5
1771200600,24839.25,24847.75,24833.5,24840.25
1771200900,24842.0,24847.0,24835.75,24836.5
1771201200,24836.25,24839.75,24828.75,24829.75
1771201500,24829.0,24844.0,24825.75,24840.25
1771201800,24838.75,24845.25,24836.5,24841.25
1771202100,24839.75,24849.25,24834.5,24843.25
1771202400,24842.0,24846.0,24832.0,24833.0
1771202700,24832.25,24843.25,24830.5,24836.75
1771203000,24838.0,24848.0,24834.25,24843.0
1771203300,24845.0,24847.25,24827.25,24834.25
1771203600,24835.0,24837.25,24822.25,24832.0
1771203900,24832.25,24847.0,24832.0,24838.25
1771204200,24837.5,24843.5,24831.75,24833.25
1771204500,24832.5,24839.25,24831.75,24837.25
1771204800,24836.75,24838.0,24832.25,24836.75
1771205100,24836.5,24843.0,24833.0,24835.25
1771205400,24835.25,24839.5,24833.0,24838.0
1771205700,24837.0,24837.0,24831.75,24832.25
1771206000,24832.0,24843.0,24827.75,24837.75
1771206300,24836.5,24853.5,24831.75,24847.75
1771206600,24849.0,24859.5,24842.0,24857.75
1771206900,24858.25,24868.75,24856.0,24861.0
1771207200,24860.5,24872.25,24855.25,24872.25
1771207500,24871.0,24872.5,24848.5,24849.5
1771207800,24848.5,24848.5,24838.25,24847.25
1771208100,24846.25,24853.75,24844.25,24847.25
1771208400,24846.25,24853.5,24841.75,24851.25
1771208700,24853.0,24853.5,24841.25,24844.25
1771209000,24845.0,24850.5,24840.0,24841.75
1771209300,24843.0,24847.25,24838.5,24842.25
1771209600,24841.75,24846.75,24838.0,24843.25
1771209900,24842.0,24844.5,24838.5,24840.0
1771210200,24839.25,24839.25,24828.0,24830.25
1771210500,24829.75,24834.25,24827.5,24832.0
1771210800,24832.75,24835.5,24823.5,24828.5
1771211100,24827.25,24835.25,24825.75,24830.5
1771211400,24831.75,24834.0,24828.75,24830.0
1771211700,24830.25,24832.5,24826.0,24827.75
1771212000,24827.0,24836.5,24825.25,24832.0
1771212300,24832.75,24833.25,24815.0,24817.5
1771212600,24817.0,24820.5,24809.0,24815.0
1771212900,24815.25,24818.5,24811.0,24816.25
1771213200,24813.25,24814.75,24808.25,24814.75
1771213500,24815.25,24816.25,24812.0,24814.5
1771213800,24813.75,24823.75,24812.5,24819.5
1771214100,24819.25,24825.25,24819.25,24823.5
1771214400,24824.25,24838.75,24822.5,24836.0
1771214700,24836.25,24838.25,24824.0,24824.75
1771215000,24825.25,24830.5,24823.5,24828.5
1771215300,24829.0,24829.5,24823.25,24828.0
1771215600,24827.75,24828.0,24820.0,24825.75
1771215900,24825.5,24839.75,24824.5,24836.75
1771216200,24837.0,24840.0,24833.5,24834.0
1771216500,24833.5,24835.0,24828.75,24829.5
1771216800,24829.0,24832.5,24822.75,24826.25
1771217100,24824.75,24826.0,24821.25,24823.25
1771217400,24822.75,24834.0,24822.75,24831.5
1771217700,24831.75,24832.25,24826.0,24826.0
1771304400,24623.75,24626.0,24609.5,24613.5
1771304700,24612.5,24613.0,24605.0,24612.5
1771305000,24611.5,24617.0,24599.25,24600.75
1771305300,24600.75,24604.25,24583.5,24584.75
1771305600,24586.25,24604.25,24567.5,24591.0
1771305900,24591.0,24602.0,24586.75,24598.5
1771306200,24600.25,24602.5,24573.0,24576.0
1771306500,24575.75,24585.5,24558.25,24580.0
1771306800,24581.0,24601.75,24575.0,24598.25
1771307100,24600.0,24611.25,24595.75,24609.5
1771307400,24610.5,24611.0,24579.75,24581.25
1771307700,24580.0,24595.0,24575.0,24582.75
1771308000,24582.75,24601.0,24582.75,24597.25
1771308300,24596.75,24622.0,24594.75,24620.0
1771308600,24620.5,24633.75,24616.5,24620.0
1771308900,24621.25,24625.75,24614.0,24620.25
1771309200,24621.5,24621.5,24609.5,24611.75
1771309500,24610.75,24615.0,24607.5,24610.25
1771309800,24610.25,24613.75,24602.0,24604.75
1771310100,24606.75,24619.5,24606.25,24616.0
1771310400,24617.75,24639.0,24617.75,24629.25
1771310700,24629.5,24641.0,24619.75,24624.0
1771311000,24623.75,24634.5,24620.25,24631.5
1771311300,24631.75,24636.75,24626.0,24627.25
1771311600,24628.0,24630.25,24607.25,24611.5
1771311900,24611.0,24611.75,24596.5,24602.75
1771312200,24602.0,24612.0,24599.75,24600.5
1771312500,24600.0,24612.5,24595.75,24605.75
1771312800,24605.75,24614.25,24599.75,24612.5
1771313100,24613.0,24616.25,24584.5,24591.5
1771313400,24594.75,24603.75,24584.0,24590.75
1771313700,24591.25,24630.25,24590.25,24630.0
1771314000,24629.5,24635.0,24622.75,24628.0
1771314300,24628.0,24647.5,24622.25,24629.0
1771314600,24630.75,24658.75,24630.75,24656.0
1771314900,24655.5,24663.75,24652.25,24660.0
1771315200,24659.75,24720.0,24651.5,24703.25
1771315500,24702.5,24708.25,24689.75,24707.25
1771315800,24706.0,24726.75,24697.5,24705.25
1771316100,24705.0,24706.0,24681.5,24686.25
1771316400,24685.5,24703.25,24676.5,24685.75
1771316700,24684.5,24690.0,24674.25,24686.5
1771317000,24686.25,24690.0,24660.75,24662.75
1771317300,24664.25,24671.5,24650.75,24650.75
1771317600,24651.0,24654.0,24636.5,24642.25
1771317900,24642.5,24653.75,24636.25,24648.75
1771318200,24650.5,24652.75,24628.0,24638.0
1771318500,24637.75,24648.0,24623.75,24639.5
1771318800,24641.25,24680.0,24641.25,24676.75
1771319100,24678.5,24679.0,24654.5,24661.0
1771319400,24660.0,24662.0,24636.75,24645.5
1771319700,24641.75,24664.0,24637.0,24663.0
1771320000,24663.75,24668.5,24647.5,24662.75
1771320300,24665.75,24673.0,24661.5,24671.0
1771320600,24673.0,24686.0,24667.25,24673.5
1771320900,24674.75,24693.75,24674.5,24685.25
1771321200,24684.25,24686.0,24677.0,24682.5
1771321500,24684.25,24689.0,24672.0,24683.0
1771321800,24682.75,24690.0,24677.75,24687.5
1771322100,24690.25,24695.5,24682.5,24686.75
1771322400,24687.5,24697.5,24684.5,24686.5
1771322700,24686.75,24690.5,24674.75,24678.5
1771323000,24675.5,24675.5,24658.25,24661.5
1771323300,24663.25,24666.0,24647.0,24661.75
1771323600,24662.75,24668.75,24656.25,24661.5
1771323900,24661.75,24664.0,24656.5,24661.5
1771324200,24661.0,24661.0,24632.0,24643.75
1771324500,24643.0,24643.25,24626.0,24628.5
1771324800,24626.0,24630.5,24602.25,24608.25
1771325100,24607.25,24624.5,24602.25,24611.25
1771325400,24610.5,24610.5,24590.0,24609.25
1771325700,24609.0,24614.25,24600.0,24607.5
1771326000,24606.75,24623.0,24605.75,24615.0
1771326300,24614.5,24616.0,24589.25,24593.5
1771326600,24593.25,24608.25,24586.0,24599.75
1771326900,24599.75,24602.0,24587.5,24588.25
1771327200,24587.75,24601.0,24576.5,24583.75
1771327500,24584.5,24619.25,24572.25,24618.75
1771327800,24618.75,24629.75,24610.5,24612.0
1771328100,24611.25,24624.0,24600.25,24621.75
1771328400,24622.25,24628.75,24607.5,24612.0
1771328700,24612.0,24620.25,24606.75,24619.0
1771329000,24617.25,24630.25,24613.5,24623.0
1771329300,24624.25,24638.0,24617.75,24623.75
1771329600,24622.75,24632.5,24609.25,24621.25
1771329900,24620.0,24665.75,24617.75,24662.75
1771330200,24664.25,24666.75,24643.75,24651.0
1771330500,24652.75,24659.75,24639.5,24640.5
1771330800,24640.25,24641.25,24619.0,24626.0
1771331100,24625.25,24642.75,24616.5,24619.0
1771331400,24620.25,24621.0,24598.0,24614.75
1771331700,24615.75,24620.0,24602.5,24603.0
1771332000,24601.75,24611.0,24596.75,24607.0
1771332300,24607.5,24610.25,24579.0,24588.25
1771332600,24586.0,24599.75,24577.75,24596.0
1771332900,24595.0,24604.75,24583.5,24584.5
1771333200,24584.25,24590.75,24566.0,24566.5
1771333500,24565.5,24567.75,24545.25,24551.0
1771333800,24551.25,24555.25,24518.0,24548.75
1771334100,24549.0,24563.0,24535.0,24554.75
1771334400,24553.5,24614.5,24551.25,24612.75
1771334700,24611.75,24622.5,24596.75,24605.0
1771335000,24607.75,24610.5,24577.0,24583.0
1771335300,24582.0,24597.75,24578.75,24591.5
1771335600,24591.0,24605.5,24590.0,24600.5
1771335900,24602.0,24610.25,24578.5,24578.5
1771336200,24579.5,24705.25,24578.0,24664.5
1771336500,24665.0,24667.0,24611.0,24612.0
1771336800,24613.0,24653.0,24611.5,24647.75
1771337100,24647.75,24665.75,24643.5,24655.75
1771337400,24656.25,24671.25,24642.0,24650.5
1771337700,24651.25,24660.0,24643.5,24654.75
1771338000,24654.5,24669.5,24642.75,24646.5
1771338300,24646.5,24658.75,24633.0,24658.25
1771338600,24659.25,24763.75,24606.5,24758.25
1771338900,24757.75,24815.75,24742.5,24798.0
1771339200,24796.75,24810.0,24685.75,24700.75
1771339500,24701.25,24711.5,24621.0,24662.5
1771339800,24661.0,24677.25,24524.5,24531.5
1771340100,24531.75,24549.25,24475.0,24485.75
1771340400,24483.75,24566.25,24462.25,24555.0
1771340700,24554.0,24571.5,24507.0,24510.25
1771341000,24513.25,24543.5,24476.0,24498.75
1771341300,24499.25,24641.0,24495.5,24633.25
1771341600,24634.5,24640.0,24531.75,24544.0
1771341900,24544.0,24562.75,24507.25,24527.5
1771342200,24526.0,24543.25,24449.25,24464.0
1771342500,24465.0,24508.25,24455.25,24457.25
1771342800,24458.75,24513.0,24456.0,24511.25
1771343100,24512.0,24587.0,24503.75,24570.5
1771343400,24569.25,24599.75,24538.75,24575.5
1771343700,24574.0,24603.75,24555.25,24600.25
1771344000,24599.25,24666.0,24593.25,24651.75
1771344300,24652.0,24732.75,24646.75,24727.25
1771344600,24726.75,24787.0,24725.0,24773.75
1771344900,24773.25,24791.75,24746.25,24780.25
1771345200,24780.5,24796.75,24757.0,24785.5
1771345500,24786.0,24790.0,24722.25,24727.75
1771345800,24726.5,24734.75,24693.25,24726.25
1771346100,24726.75,24780.0,24716.25,24760.0
1771346400,24760.75,24772.0,24732.25,24735.25
1771346700,24734.75,24756.0,24721.75,24728.75
1771347000,24729.5,24762.5,24727.25,24760.0
1771347300,24761.5,24788.0,24736.5,24759.25
1771347600,24759.0,24764.5,24714.25,24742.75
1771347900,24742.5,24763.0,24727.25,24727.25
1771348200,24728.0,24739.5,24685.5,24702.75
1771348500,24701.5,24724.0,24688.0,24710.25
1771348800,24712.25,24719.0,24668.5,24700.0
1771349100,24701.5,24756.0,24696.5,24755.0
1771349400,24755.75,24759.25,24686.75,24721.0
1771349700,24720.5,24739.0,24708.0,24718.5
1771350000,24719.75,24720.0,24646.5,24649.5
1771350300,24648.5,24682.0,24626.25,24665.0
1771350600,24664.75,24685.25,24608.75,24622.0
1771350900,24621.25,24706.0,24614.5,24697.5
1771351200,24698.0,24704.0,24665.0,24682.0
1771351500,24682.75,24687.75,24654.5,24668.5
1771351800,24670.0,24696.75,24649.25,24673.25
1771352100,24673.25,24687.75,24651.75,24672.75
1771352400,24672.25,24785.25,24665.5,24765.5
1771352700,24766.25,24778.0,24735.5,24768.25
1771353000,24768.25,24802.0,24750.5,24790.75
1771353300,24790.0,24819.75,24763.0,24819.25
1771353600,24818.5,24854.75,24815.75,24826.0
1771353900,24825.75,24839.0,24812.75,24830.25
1771354200,24830.25,24859.0,24821.5,24856.5
1771354500,24858.0,24874.75,24834.25,24845.0
1771354800,24845.5,24863.5,24835.5,24855.25
1771355100,24855.25,24863.5,24838.25,24847.5
1771355400,24847.75,24853.25,24826.5,24851.75
1771355700,24851.25,24860.75,24837.0,24845.5
1771356000,24845.75,24867.25,24836.5,24862.0
1771356300,24862.25,24863.75,24832.0,24836.25
1771356600,24836.5,24869.75,24828.75,24869.75
1771356900,24870.0,24886.5,24858.25,24870.75
1771357200,24871.25,24889.75,24865.75,24873.0
1771357500,24872.5,24875.5,24853.25,24857.75
1771357800,24858.25,24859.25,24820.5,24836.5
1771358100,24833.5,24840.5,24807.75,24815.0
1771358400,24815.0,24841.75,24810.5,24824.0
1771358700,24823.5,24828.5,24803.25,24808.5
1771359000,24808.75,24815.0,24795.0,24811.75
1771359300,24812.0,24818.25,24787.75,24788.75
1771359600,24788.5,24804.5,24769.25,24774.75
1771359900,24775.25,24789.0,24765.75,24773.5
1771360200,24773.0,24775.0,24742.5,24756.25
1771360500,24756.75,24767.5,24735.75,24742.25
1771360800,24742.75,24795.75,24741.0,24782.25
1771361100,24782.25,24786.0,24757.75,24763.75
1771361400,24764.75,24786.75,24741.25,24756.25
1771361700,24756.25,24782.0,24739.5,24776.75
1771362000,24776.75,24789.25,24765.5,24780.25
1771362300,24780.0,24795.25,24767.5,24772.75
1771362600,24772.75,24781.25,24770.0,24777.5
1771362900,24777.75,24818.5,24777.75,24794.75
1771363200,24794.0,24803.75,24786.5,24788.5
1771363500,24787.75,24796.5,24785.0,24789.0
1771363800,24787.0,24788.75,24760.0,24762.5
1771364100,24761.75,24770.75,24755.25,24766.25
1771364400,24767.0,24771.75,24758.25,24766.75
1771364700,24766.5,24772.5,24762.5,24769.75
1771365000,24769.25,24770.0,24757.75,24759.0
1771365300,24759.75,24775.0,24758.25,24768.25
1771369200,24773.75,24783.25,24742.75,24758.0
1771369500,24756.25,24768.75,24732.25,24741.0
1771369800,24740.25,24747.0,24728.0,24737.0
1771370100,24737.5,24759.5,24723.5,24753.75
1771370400,24752.25,24761.75,24747.5,24753.0
1771370700,24752.5,24758.25,24740.75,24743.5
1771371000,24744.5,24755.5,24721.0,24726.5
1771371300,24725.0,24729.25,24713.75,24722.0
1771371600,24722.25,24736.25,24721.25,24725.5
1771371900,24724.5,24725.5,24700.75,24709.25
1771372200,24709.0,24726.75,24709.0,24719.75
1771372500,24718.25,24730.0,24705.75,24711.0
1771372800,24711.25,24733.5,24708.5,24727.0
1771373100,24727.5,24738.0,24720.5,24736.5
1771373400,24735.5,24750.0,24730.5,24746.0
1771373700,24748.5,24754.75,24733.0,24739.25
1771374000,24738.5,24746.25,24722.75,24724.25
1771374300,24724.25,24738.75,24711.25,24738.75
1771374600,24739.75,24746.75,24729.25,24745.5
1771374900,24746.25,24752.75,24741.75,24748.0
1771375200,24750.25,24752.75,24734.75,24735.75
1771375500,24736.25,24738.5,24720.75,24729.0
1771375800,24728.25,24729.25,24714.0,24720.25
1771376100,24720.25,24730.5,24716.0,24727.0
1771376400,24724.75,24732.0,24716.0,24717.5
1771376700,24716.5,24726.75,24709.5,24718.5
1771377000,24715.75,24722.75,24710.75,24718.5
1771377300,24717.5,24730.0,24717.25,24728.5
1771377600,24729.75,24742.0,24724.5,24724.5
1771377900,24725.0,24728.0,24713.5,24718.25
1771378200,24721.0,24724.5,24711.25,24718.0
1771378500,24718.25,24725.0,24709.5,24724.75
1771378800,24724.75,24732.0,24721.5,24730.0
1771379100,24730.25,24731.75,24721.5,24724.75
1771379400,24724.75,24730.0,24718.0,24720.5
1771379700,24719.5,24746.25,24716.75,24744.5
1771380000,24745.75,24752.0,24742.75,24749.5
1771380300,24750.25,24758.5,24744.25,24757.75
1771380600,24758.25,24762.0,24748.75,24756.25
1771380900,24756.5,24761.25,24746.5,24747.25
1771381200,24747.25,24750.0,24741.5,24741.5
1771381500,24742.0,24752.0,24736.0,24749.25
1771381800,24749.25,24761.75,24749.25,24757.0
1771382100,24758.25,24767.75,24757.5,24765.75
1771382400,24765.5,24769.75,24764.5,24764.5
1771382700,24764.5,24770.75,24763.75,24766.0
1771383000,24765.0,24765.5,24756.0,24760.75
1771383300,24759.0,24761.5,24754.0,24758.0
1771383600,24758.75,24767.75,24758.0,24766.5
1771383900,24767.75,24770.0,24755.25,24755.25
1771384200,24756.0,24756.0,24743.5,24747.0
1771384500,24747.5,24747.5,24736.5,24743.25
1771384800,24743.5,24747.75,24737.75,24742.5
1771385100,24744.25,24750.0,24738.75,24747.5
1771385400,24747.75,24763.5,24746.0,24762.25
1771385700,24762.75,24769.5,24760.5,24764.5
1771386000,24763.0,24768.5,24762.5,24765.5
1771386300,24765.75,24777.75,24765.25,24776.0
1771386600,24775.75,24788.75,24775.75,24788.0
1771386900,24787.5,24798.75,24785.0,24794.25
1771387200,24794.0,24796.5,24783.25,24792.0
1771387500,24791.75,24813.0,24790.25,24811.75
1771387800,24811.5,24814.0,24799.75,24802.75
1771388100,24803.5,24808.0,24796.75,24804.0
1771388400,24803.5,24811.0,24803.0,24807.25
1771388700,24808.0,24818.25,24807.25,24813.5
1771389000,24812.75,24830.25,24811.0,24828.0
1771389300,24827.25,24833.25,24823.5,24831.5
1771389600,24832.0,24840.0,24828.25,24836.75
1771389900,24837.5,24838.75,24827.25,24835.0
1771390200,24835.75,24837.0,24828.5,24828.5
1771390500,24829.0,24837.25,24828.0,24837.0
1771391100,24828.0,24833.0,24826.75,24832.5
1771391400,24832.25,24834.0,24825.25,24833.75
1771391700,24833.0,24840.0,24829.25,24836.5
1771392000,24836.25,24837.5,24832.25,24836.25
1771392300,24835.5,24836.25,24829.5,24830.75
1771392600,24831.0,24836.0,24827.0,24831.75
1771392900,24832.0,24847.0,24830.75,24842.75
1771393200,24842.75,24844.75,24829.25,24830.25
1771393500,24830.0,24833.25,24826.25,24828.75
1771393800,24829.0,24832.25,24823.25,24824.0
1771394100,24824.5,24829.25,24820.0,24825.5
1771394400,24826.0,24828.0,24818.75,24823.25
1771394700,24822.75,24829.0,24820.25,24820.75
1771395000,24821.25,24826.5,24809.0,24817.75
1771395300,24816.25,24829.0,24815.5,24820.0
1771395600,24820.75,24830.75,24820.75,24823.75
1771395900,24823.25,24829.25,24816.25,24824.75
1771396200,24824.75,24827.25,24812.5,24818.75
1771396500,24818.75,24841.25,24816.25,24831.25
1771396800,24831.25,24840.0,24827.5,24839.5
1771397100,24838.75,24841.5,24829.25,24833.75
1771397400,24835.0,24846.75,24835.0,24840.5
1771397700,24841.75,24843.25,24823.5,24823.5
1771398000,24823.0,24828.75,24819.5,24823.75
1771398300,24826.0,24828.25,24811.0,24816.5
1771398600,24815.25,24819.75,24806.5,24812.0
1771398900,24811.0,24816.0,24808.5,24813.0
1771399200,24813.5,24814.5,24802.75,24802.75
1771399500,24803.25,24823.0,24802.0,24822.25
1771399800,24822.25,24830.0,24819.75,24826.5
1771400100,24827.75,24836.75,24824.75,24834.5
1771400400,24834.25,24839.75,24826.75,24839.75
1771400700,24839.75,24842.0,24828.25,24829.75
1771401000,24829.5,24836.5,24826.0,24833.0
1771401300,24832.5,24835.5,24830.0,24834.75
1771401600,24833.5,24867.0,24833.5,24863.0
1771401900,24865.0,24873.0,24856.25,24872.75
1771402200,24872.75,24880.0,24855.0,24865.5
1771402500,24865.25,24913.0,24864.0,24896.5
1771402800,24895.75,24913.5,24886.0,24909.75
1771403100,24908.5,24915.25,24890.0,24895.5
1771403400,24896.5,24906.25,24890.0,24902.0
1771403700,24900.75,24916.0,24898.5,24905.25
1771404000,24905.25,24915.0,24894.25,24896.0
1771404300,24897.25,24909.75,24891.75,24893.0
1771404600,24893.0,24896.5,24890.0,24893.5
1771404900,24894.5,24909.25,24893.75,24903.5
1771405200,24903.25,24915.75,24901.0,24907.75
1771405500,24908.25,24914.0,24899.75,24911.5
1771405800,24912.5,24926.75,24907.75,24914.75
1771406100,24914.5,24924.0,24906.0,24910.5
1771406400,24910.0,24916.5,24903.0,24915.5
1771406700,24916.0,24925.25,24909.25,24919.75
1771407000,24920.0,24933.0,24917.0,24933.0
1771407300,24931.75,24941.5,24929.25,24939.0
1771407600,24939.0,24941.0,24933.75,24936.25
1771407900,24937.0,24938.0,24921.75,24923.0
1771408200,24923.5,24930.0,24917.75,24920.5
1771408500,24919.0,24922.5,24905.5,24909.0
1771408800,24910.0,24935.0,24908.0,24934.25
1771409100,24935.5,24936.25,24921.0,24929.25
1771409400,24929.25,24938.0,24924.5,24931.75
1771409700,24931.0,24937.75,24925.25,24928.0
1771410000,24929.25,24932.5,24927.0,24927.5
1771410300,24928.25,24937.25,24924.5,24933.0
1771410600,24933.75,24936.0,24926.0,24931.5
1771410900,24930.25,24940.5,24927.25,24933.25
1771411200,24933.5,24933.5,24917.0,24925.5
1771411500,24925.75,24931.75,24923.25,24928.0
1771411800,24929.25,24929.25,24914.75,24924.5
1771412100,24924.75,24925.25,24913.75,24921.75
1771412400,24921.75,24928.0,24911.5,24916.5
1771412700,24916.0,24919.0,24906.25,24909.25
1771413000,24909.5,24910.0,24896.5,24903.5
1771413300,24902.5,24909.0,24902.0,24907.5
1771413600,24908.75,24926.75,24908.75,24922.5
1771413900,24922.0,24923.0,24904.25,24907.5
1771414200,24907.5,24916.5,24889.75,24893.25
1771414500,24893.25,24899.25,24890.0,24893.25
1771414800,24895.0,24897.75,24890.0,24894.75
1771415100,24894.5,24904.0,24894.5,24901.5
1771415400,24901.25,24905.75,24890.5,24896.0
1771415700,24897.25,24897.5,24890.0,24895.0
1771416000,24894.5,24936.5,24894.25,24930.75
1771416300,24930.75,24956.25,24926.5,24937.0
1771416600,24936.0,24960.0,24934.5,24958.0
1771416900,24957.75,24962.5,24944.0,24948.75
1771417200,24948.25,24953.5,24930.5,24933.75
1771417500,24932.5,24934.0,24899.5,24900.75
1771417800,24902.0,24903.75,24844.0,24850.0
1771418100,24850.0,24876.25,24847.0,24874.5
1771418400,24875.25,24889.75,24869.0,24884.5
1771418700,24884.25,24891.0,24866.0,24878.25
1771419000,24877.25,24889.75,24876.25,24879.0
1771419300,24878.0,24896.75,24872.75,24889.5
1771419600,24890.5,24899.75,24873.25,24874.0
1771419900,24873.5,24891.0,24867.75,24883.25
1771420200,24885.25,24899.5,24885.25,24889.5
1771420500,24889.25,24896.75,24873.5,24876.75
1771420800,24877.75,24888.5,24867.0,24881.5
1771421100,24880.75,24901.25,24879.75,24895.25
1771421400,24896.0,24921.75,24880.75,24886.0
1771421700,24886.5,24895.0,24872.0,24872.75
1771422000,24873.0,24873.75,24834.5,24847.75
1771422300,24849.0,24854.0,24824.25,24826.75
1771422600,24825.75,24841.25,24822.25,24824.5
1771422900,24825.25,24834.25,24817.25,24828.0
1771423200,24828.75,24837.5,24808.5,24834.0
1771423500,24833.5,24841.75,24830.0,24837.5
1771423800,24837.75,24842.0,24824.25,24832.25
1771424100,24832.25,24848.25,24823.25,24837.0
1771424400,24837.5,24841.75,24830.5,24832.5
1771424700,24833.25,24835.0,24809.0,24809.0
1771425000,24809.5,24833.75,24752.0,24767.75
1771425300,24769.0,24838.0,24755.75,24803.75
1771425600,24804.0,24868.75,24787.5,24850.5
1771425900,24850.75,24879.75,24792.0,24802.25
1771426200,24802.5,24894.5,24799.5,24886.5
1771426500,24887.0,24958.5,24883.5,24940.0
1771426800,24940.75,25019.5,24937.5,25016.5
1771427100,25016.75,25049.5,25002.0,25021.25
1771427400,25020.25,25046.25,24997.0,25042.0
1771427700,25043.0,25074.0,25032.75,25053.25
1771428000,25052.5,25070.5,25040.25,25048.75
1771428300,25049.0,25070.0,25036.5,25058.0
1771428600,25057.25,25059.5,25021.5,25023.0
1771428900,25022.75,25061.0,25021.5,25058.0
1771429200,25057.5,25081.25,25049.0,25064.75
1771429500,25064.75,25087.5,25054.0,25072.0
1771429800,25072.75,25085.0,25052.25,25084.5
1771430100,25083.25,25099.75,25079.5,25086.75
1771430400,25086.5,25101.25,25082.5,25099.5
1771430700,25099.75,25115.75,25082.0,25087.0
1771431000,25086.75,25100.75,25086.0,25098.25
1771431300,25098.75,25109.75,25083.5,25087.0
1771431600,25086.5,25098.0,25077.25,25097.75
1771431900,25097.25,25104.0,25086.0,25093.5
1771432200,25094.0,25117.25,25086.5,25103.5
1771432500,25103.75,25113.75,25098.25,25109.75
1771432800,25110.0,25113.75,25098.5,25104.25
1771433100,25104.5,25110.75,25087.75,25088.5
1771433400,25088.75,25095.5,25066.0,25073.75
1771433700,25072.75,25081.75,25057.5,25061.5
1771434000,25061.25,25096.0,25058.75,25095.0
1771434300,25095.0,25128.25,25094.5,25106.75
1771434600,25106.75,25110.75,25073.25,25083.25
1771434900,25083.0,25113.25,25079.75,25109.5
1771435200,25109.0,25114.25,25103.5,25105.25
1771435500,25105.25,25105.25,25086.25,25090.0
1771435800,25089.5,25102.25,25075.25,25079.25
1771436100,25079.25,25090.75,25075.75,25087.25
1771436400,25087.25,25087.5,25069.75,25079.25
1771436700,25079.0,25093.75,25075.5,25087.5
1771437000,25087.75,25110.75,25087.75,25109.0
1771437300,25108.25,25114.25,25092.25,25098.25
1771437600,25097.75,25127.25,25096.25,25110.0
1771437900,25109.5,25112.0,25089.25,25092.75
1771438200,25092.5,25098.75,25079.5,25083.5
1771438500,25083.5,25092.75,25080.0,25081.5
1771438800,25081.75,25085.25,25068.75,25071.25
1771439100,25071.0,25078.25,25051.0,25063.0
1771439400,25063.25,25072.75,25046.75,25058.75
1771439700,25059.25,25076.75,25055.5,25062.0
1771440000,25061.5,25064.0,25009.5,25029.5
1771440300,25029.25,25048.5,25023.5,25029.75
1771440600,25029.75,25033.25,24981.75,25022.25
1771440900,25021.75,25035.5,25015.25,25027.5
1771441200,25025.75,25036.75,25005.75,25030.25
1771441500,25031.0,25034.0,25012.0,25012.5
1771441800,25013.5,25029.75,25005.25,25008.75
1771442100,25008.5,25014.25,24994.0,24999.5
1771442400,24999.75,25023.5,24996.0,25011.25
1771442700,25011.75,25019.5,24985.25,24991.75
1771443000,24992.5,25000.25,24955.0,24964.5
1771443300,24964.75,24966.75,24913.25,24929.0
1771443600,24929.25,24947.0,24915.25,24925.5
1771443900,24926.0,24951.5,24920.0,24927.0
1771444200,24926.5,24929.0,24902.0,24906.25
1771444500,24906.0,24910.25,24862.0,24883.0
1771444800,24884.0,24920.75,24879.25,24902.5
1771445100,24902.0,24908.75,24885.5,24889.0
1771445400,24889.5,24893.25,24865.0,24877.0
1771445700,24876.75,24889.25,24856.0,24877.25
1771446000,24877.25,24888.25,24861.5,24888.25
1771446300,24887.0,24892.0,24873.75,24875.5
1771446600,24875.5,24917.0,24870.75,24912.25
1771446900,24912.0,24936.25,24906.75,24933.0
1771447200,24933.25,24951.75,24923.0,24942.0
1771447500,24942.5,24977.75,24936.0,24967.75
1771447800,24968.0,24998.0,24958.0,24988.5
1771448100,24988.25,24995.5,24947.0,24957.5
1771448400,24957.5,24967.0,24945.0,24947.25
1771448700,24947.0,24947.5,24932.0,24935.75
1771449000,24935.5,24947.0,24934.75,24944.25
1771449300,24943.75,24944.25,24928.75,24933.0
1771449600,24932.75,24938.5,24930.25,24934.0
1771449900,24934.5,24940.0,24930.25,24938.75
1771450200,24938.25,24942.5,24937.0,24941.5
1771450500,24941.5,24947.25,24939.75,24945.0
1771450800,24945.0,24947.75,24942.0,24944.25
1771451100,24944.0,24950.75,24940.5,24940.75
1771451400,24940.25,24941.0,24926.5,24927.5
1771451700,24927.25,24941.5,24926.75,24936.5
1771455600,24943.5,24976.75,24942.25,24971.75
1771455900,24971.75,24985.75,24970.5,24985.5
1771456200,24984.75,24995.0,24982.5,24991.25
1771456500,24991.75,24993.75,24973.0,24973.5
1771456800,24974.0,24979.0,24968.5,24970.0
1771457100,24970.25,24982.5,24966.5,24980.75
1771457400,24982.0,24989.0,24975.25,24975.5
1771457700,24977.25,24979.75,24967.75,24972.5
1771458000,24974.25,24974.5,24968.25,24972.5
1771458300,24971.0,24986.0,24966.75,24974.75
1771458600,24973.75,24977.5,24967.0,24976.25
1771458900,24976.5,24978.0,24962.25,24964.5
1771459200,24964.5,24974.0,24954.75,24965.0
1771459500,24964.75,24971.0,24957.25,24958.0
1771459800,24958.0,24963.0,24943.5,24953.25
1771460100,24954.25,24958.5,24947.0,24948.5
1771460400,24947.5,24951.5,24927.25,24931.75
1771460700,24931.25,24935.0,24916.25,24925.0
1771461000,24927.5,24949.5,24921.0,24948.5
1771461300,24949.75,24951.25,24939.75,24941.5
1771461600,24942.25,24947.75,24933.5,24933.5
1771461900,24934.75,24946.5,24930.75,24939.0
1771462200,24939.25,24945.0,24936.75,24941.75
1771462500,24940.0,24948.5,24939.0,24948.0
1771462800,24946.75,24980.25,24939.75,24977.75
1771463100,24977.0,24984.0,24976.25,24982.5
1771463400,24981.75,24994.5,24980.5,24992.0
1771463700,24989.5,24994.25,24982.75,24982.75
1771464000,24983.0,24983.5,24963.5,24964.75
1771464300,24964.75,24970.75,24959.0,24961.5
1771464600,24962.0,24971.25,24961.5,24968.75
1771464900,24970.5,24971.0,24937.75,24945.0
1771465200,24945.25,24956.5,24944.25,24953.25
1771465500,24952.5,24954.25,24944.5,24952.5
1771465800,24951.5,24960.0,24939.25,24960.0
1771466100,24960.5,24973.5,24957.75,24972.5
1771466400,24972.75,24978.5,24956.75,24960.5
1771466700,24960.75,24970.25,24953.5,24967.5
1771467000,24968.5,24978.0,24968.0,24972.0
1771467300,24974.0,24977.5,24969.5,24974.25
1771467600,24974.5,24982.25,24973.75,24975.25
1771467900,24975.0,24985.25,24970.5,24982.5
1771468200,24983.25,24985.25,24978.5,24982.0
1771468500,24982.75,24982.75,24970.0,24976.0
1771468800,24977.25,24984.75,24976.25,24981.25
1771469100,24981.75,24988.25,24979.5,24985.0
1771469400,24983.0,24983.5,24971.5,24973.5
1771469700,24973.0,24981.0,24970.0,24978.75
1771470000,24980.0,24985.25,24975.5,24985.0
1771470300,24985.5,24990.0,24981.25,24982.25
1771470600,24981.75,24989.75,24981.5,24984.25
1771470900,24985.0,24990.0,24979.0,24984.25
1771471200,24985.25,24989.5,24982.5,24989.0
1771471500,24989.0,24996.75,24988.5,24995.5
1771471800,24994.5,24999.5,24986.5,24989.75
1771472100,24989.5,24989.5,24975.75,24976.0
1771472400,24977.0,24978.5,24970.5,24978.25
1771472700,24978.0,24978.0,24968.5,24971.5
1771473000,24971.0,24974.5,24966.0,24973.0
1771473300,24973.0,24988.0,24972.5,24984.0
1771473600,24985.5,24992.75,24984.0,24988.25
1771473900,24989.0,24991.25,24982.25,24985.25
1771474200,24986.0,24989.75,24984.0,24988.75
1771474500,24987.5,24991.75,24984.25,24990.0
1771474800,24990.0,24994.25,24978.0,24978.0
1771475100,24978.5,24980.25,24973.0,24973.5
1771475400,24974.0,24977.75,24973.25,24975.25
1771475700,24975.5,24983.25,24971.75,24979.5
1771476000,24978.75,24979.75,24969.0,24973.0
1771476300,24972.5,24975.25,24960.5,24963.75
1771476600,24965.25,24965.5,24953.5,24962.0
1771476900,24962.5,24964.25,24955.75,24956.0
1771477500,24947.5,24948.25,24944.0,24946.75
1771477800,24947.0,24957.5,24944.25,24956.5
1771478100,24956.5,24968.0,24955.5,24966.0
1771478400,24966.0,24967.5,24954.75,24963.25
1771478700,24963.0,24975.5,24958.0,24973.5
1771479000,24973.25,24984.25,24973.0,24982.5
1771479300,24982.5,24988.25,24981.0,24982.0
1771479600,24982.25,24986.0,24980.5,24983.25
1771479900,24982.5,25005.5,24982.25,24993.75
1771480200,24993.5,24999.0,24992.5,24994.75
1771480500,24994.25,24998.5,24992.5,24996.5
1771480800,24996.0,25001.25,24994.25,24999.75
1771481100,24999.5,25004.0,24988.25,24994.25
1771481400,24994.5,25001.5,24992.0,24995.25
1771481700,24994.5,24999.75,24989.5,24997.0
1771482000,24995.75,24997.75,24992.75,24993.75
1771482300,24994.0,24998.75,24993.75,24998.75
1771482600,24998.25,25016.5,24998.25,25007.0
1771482900,25007.0,25010.5,24998.0,25002.0
1771483200,25002.25,25013.5,25002.0,25003.5
1771483500,25003.75,25004.5,24997.0,25002.0
1771483800,25003.25,25012.0,25001.25,25010.5
1771484100,25010.25,25023.5,25007.25,25018.5
1771484400,25019.5,25029.0,25012.0,25013.5
1771484700,25012.5,25017.25,25008.0,25016.75
1771485000,25017.75,25027.0,25016.5,25026.0
1771485300,25024.75,25027.0,25019.0,25023.0
1771485600,25022.0,25037.75,25021.75,25037.5
1771485900,25037.75,25045.0,25035.5,25041.25
1771486200,25041.25,25043.25,25034.75,25040.0
1771486500,25040.5,25047.25,25037.75,25038.75
1771486800,25039.0,25039.25,25023.5,25031.0
1771487100,25030.75,25037.75,25029.0,25034.75
1771487400,25034.75,25036.25,25026.0,25027.75
1771487700,25029.25,25031.0,25018.25,25020.75
1771488000,25019.75,25025.5,25011.75,25022.0
1771488300,25022.0,25037.0,25017.0,25037.0
1771488600,25037.0,25042.5,25020.5,25032.0
1771488900,25030.5,25045.0,25030.0,25042.5
1771489200,25042.75,25054.0,25039.75,25043.75
1771489500,25043.75,25048.75,25032.0,25039.25
1771489800,25040.0,25049.0,25024.25,25026.25
1771490100,25025.75,25029.0,25017.0,25019.75
1771490400,25019.0,25021.75,25005.0,25010.25
1771490700,25009.5,25010.25,24982.25,24988.0
1771491000,24987.0,24988.25,24947.0,24970.0
1771491300,24969.0,24971.75,24946.0,24954.25
1771491600,24955.0,24973.0,24943.25,24944.0
1771491900,24945.75,24967.25,24941.5,24965.5
1771492200,24966.0,24971.75,24960.0,24968.0
1771492500,24966.5,24967.0,24942.0,24948.0
1771492800,24948.25,24972.25,24948.25,24967.25
1771493100,24966.5,24967.25,24928.75,24933.75
1771493400,24934.5,24948.5,24925.0,24938.75
1771493700,24939.0,24939.5,24902.75,24908.25
1771494000,24908.75,24918.25,24892.25,24898.25
1771494300,24899.25,24901.5,24850.5,24856.5
1771494600,24858.5,24893.75,24857.0,24891.75
1771494900,24892.5,24901.0,24886.25,24894.25
1771495200,24892.5,24902.75,24858.75,24866.0
1771495500,24865.75,24879.25,24857.0,24867.25
1771495800,24867.25,24868.5,24836.0,24838.5
1771496100,24838.0,24868.75,24836.5,24865.25
1771496400,24864.25,24864.25,24831.25,24844.5
1771496700,24844.25,24857.75,24838.25,24840.25
1771497000,24839.75,24855.5,24825.0,24854.5
1771497300,24854.5,24859.25,24825.25,24843.5
1771497600,24841.5,24865.0,24841.25,24859.5
1771497900,24859.5,24870.25,24850.0,24857.75
1771498200,24859.0,24860.75,24838.75,24846.0
1771498500,24845.0,24855.5,24838.0,24854.25
1771498800,24855.0,24858.0,24836.25,24849.0
1771499100,24848.25,24865.0,24841.75,24864.0
1771499400,24862.75,24878.0,24862.25,24870.5
1771499700,24871.25,24874.5,24857.75,24861.25
1771500000,24861.75,24875.75,24861.75,24875.75
1771500300,24875.75,24882.75,24872.0,24874.25
1771500600,24874.5,24885.75,24872.75,24878.5
1771500900,24876.5,24877.5,24861.0,24867.25
1771501200,24866.25,24878.25,24866.0,24869.0
1771501500,24867.5,24875.5,24861.0,24868.0
1771501800,24864.75,24873.0,24843.75,24871.0
1771502100,24871.75,24881.0,24862.0,24878.5
1771502400,24877.75,24880.5,24815.0,24840.0
1771502700,24839.75,24862.5,24839.0,24860.75
1771503000,24861.25,24868.25,24854.75,24860.25
1771503300,24860.25,24867.0,24848.0,24858.5
1771503600,24861.25,24875.25,24857.5,24875.0
1771503900,24874.5,24897.0,24874.5,24880.75
1771504200,24879.5,24880.5,24869.25,24879.25
1771504500,24879.0,24884.5,24865.25,24882.5
1771504800,24883.5,24895.5,24880.0,24891.0
1771505100,24890.5,24895.0,24883.75,24889.25
1771505400,24888.75,24889.5,24872.5,24875.75
1771505700,24873.75,24875.5,24867.0,24868.0
1771506000,24869.0,24878.0,24854.25,24860.25
1771506300,24858.75,24864.0,24844.75,24849.5
1771506600,24850.25,24858.75,24843.5,24850.0
1771506900,24850.75,24855.25,24830.0,24842.0
1771507200,24841.0,24846.0,24815.5,24816.25
1771507500,24816.25,24833.25,24810.5,24831.75
1771507800,24832.0,24848.0,24798.0,24841.75
1771508100,24841.5,24881.0,24839.75,24864.75
1771508400,24863.75,24870.75,24849.5,24849.5
1771508700,24849.0,24863.75,24836.0,24857.0
1771509000,24856.0,24880.75,24852.0,24874.5
1771509300,24875.25,24877.25,24851.25,24853.5
1771509600,24855.0,24866.0,24833.5,24836.0
1771509900,24836.5,24843.25,24828.0,24832.75
1771510200,24832.25,24854.0,24828.5,24848.25
1771510500,24848.75,24870.5,24842.5,24867.75
1771510800,24867.5,24874.0,24864.0,24867.75
1771511100,24868.5,24872.0,24830.0,24833.75
1771511400,24833.75,24883.5,24814.0,24833.75
1771511700,24834.25,24838.0,24763.0,24815.0
1771512000,24814.0,24857.5,24773.75,24846.0
1771512300,24847.0,24852.5,24777.0,24824.75
1771512600,24824.5,24887.75,24824.0,24861.0
1771512900,24861.5,24920.0,24859.75,24881.5
1771513200,24880.0,24956.5,24848.25,24924.75
1771513500,24925.0,24931.25,24887.0,24893.75
1771513800,24894.25,24914.75,24862.75,24877.25
1771514100,24877.5,24930.75,24874.25,24901.25
1771514400,24901.25,24921.5,24857.25,24915.75
1771514700,24915.75,24916.0,24856.0,24858.5
1771515000,24858.5,24941.0,24849.0,24938.25
1771515300,24938.75,24944.5,24905.0,24920.25
1771515600,24920.5,24936.25,24909.25,24920.25
1771515900,24921.0,24932.5,24904.5,24919.75
1771516200,24920.5,24920.75,24862.25,24874.25
1771516500,24873.25,24928.0,24872.0,24924.25
1771516800,24925.0,24933.75,24887.25,24892.5
1771517100,24893.0,24899.25,24852.25,24895.25
1771517400,24895.5,24914.0,24873.0,24906.75
1771517700,24907.75,24951.5,24902.0,24943.0
1771518000,24943.75,24959.5,24937.5,24945.0
1771518300,24946.0,24951.0,24872.5,24872.75
1771518600,24874.25,24921.0,24873.0,24917.25
1771518900,24917.25,24918.0,24879.5,24892.25
1771519200,24893.25,24897.5,24839.75,24842.75
1771519500,24842.0,24864.25,24818.0,24830.25
1771519800,24830.5,24873.0,24801.25,24868.75
1771520100,24869.5,24872.25,24837.0,24843.75
1771520400,24844.25,24850.75,24813.5,24823.0
1771520700,24823.0,24853.0,24810.0,24830.25
1771521000,24829.75,24851.25,24823.25,24845.5
1771521300,24846.0,24875.0,24826.0,24871.5
1771521600,24871.5,24904.75,24861.25,24888.75
1771521900,24887.75,24892.75,24849.5,24860.0
1771522200,24859.0,24871.0,24846.75,24852.75
1771522500,24852.5,24866.0,24835.75,24849.25
1771522800,24848.75,24866.0,24838.5,24840.0
1771523100,24841.75,24843.5,24782.5,24796.75
1771523400,24797.5,24823.75,24770.5,24792.5
1771523700,24790.75,24809.75,24764.75,24780.0
1771524000,24779.5,24793.75,24767.0,24772.25
1771524300,24771.75,24806.0,24771.75,24802.75
1771524600,24801.25,24839.25,24790.25,24831.5
1771524900,24831.25,24833.0,24770.0,24772.75
1771525200,24772.25,24785.75,24749.0,24778.25
1771525500,24777.75,24804.5,24765.5,24788.75
1771525800,24787.5,24803.75,24768.75,24777.0
1771526100,24776.5,24790.25,24766.0,24787.5
1771526400,24786.75,24792.0,24770.0,24785.75
1771526700,24783.75,24824.5,24783.0,24816.0
1771527000,24817.5,24823.25,24799.25,24814.0
1771527300,24814.0,24849.0,24807.5,24842.0
1771527600,24840.75,24844.25,24820.5,24829.0
1771527900,24828.25,24846.5,24825.75,24840.5
1771528200,24841.0,24842.5,24813.75,24823.75
1771528500,24824.25,24841.25,24822.0,24837.75
1771528800,24837.5,24849.25,24827.75,24845.25
1771529100,24844.75,24848.5,24794.75,24809.0
1771529400,24808.75,24825.5,24804.75,24817.0
1771529700,24815.5,24817.75,24759.5,24760.25
1771530000,24760.5,24787.0,24756.0,24773.5
1771530300,24773.25,24784.75,24751.5,24766.5
1771530600,24767.5,24789.0,24761.0,24776.5
1771530900,24776.25,24792.75,24774.25,24782.0
1771531200,24781.25,24820.75,24781.0,24811.25
1771531500,24810.75,24811.5,24788.25,24792.5
1771531800,24794.25,24807.0,24789.5,24795.25
1771532100,24795.5,24804.5,24777.5,24803.25
1771532400,24803.75,24809.5,24785.0,24789.25
1771532700,24788.5,24793.25,24780.75,24788.5
1771533000,24787.0,24817.25,24783.0,24807.5
1771533300,24807.0,24813.0,24798.25,24802.25
1771533600,24802.0,24813.5,24792.5,24807.75
1771533900,24808.5,24838.0,24804.75,24832.75
1771534200,24832.25,24841.25,24817.25,24837.0
1771534500,24836.25,24866.0,24832.5,24863.5
1771534800,24863.5,24871.5,24853.75,24864.75
1771535100,24865.0,24869.5,24859.75,24860.0
1771535400,24859.75,24865.0,24851.25,24852.75
1771535700,24852.0,24858.0,24849.75,24852.0
1771536000,24851.0,24870.0,24831.75,24848.25
1771536300,24848.5,24858.5,24846.5,24848.5
1771536600,24848.75,24848.75,24834.5,24837.25
1771536900,24837.75,24842.5,24836.25,24839.0
1771537200,24838.75,24843.0,24829.0,24829.75
1771537500,24829.25,24835.5,24828.75,24835.5
1771537800,24835.25,24839.5,24830.0,24832.75
1771538100,24832.75,24841.0,24832.75,24836.0
1771542000,24837.75,24846.0,24826.0,24841.5
1771542300,24842.25,24853.0,24839.0,24849.25
1771542600,24850.25,24851.25,24832.5,24844.5
1771542900,24845.25,24862.0,24845.25,24854.75
1771543200,24855.5,24859.0,24852.75,24856.0
1771543500,24854.75,24867.25,24854.75,24859.5
1771543800,24860.25,24876.75,24859.0,24876.0
1771544100,24875.0,24889.25,24873.25,24879.0
1771544400,24878.5,24881.0,24872.25,24872.25
1771544700,24872.25,24885.25,24871.0,24880.0
1771545000,24878.75,24881.5,24865.25,24870.75
1771545300,24870.75,24880.0,24869.0,24877.25
1771545600,24878.25,24886.0,24858.5,24881.75
1771545900,24882.25,24887.5,24873.0,24877.25
1771546200,24876.5,24894.0,24873.75,24889.75
1771546500,24887.5,24892.75,24868.75,24872.25
1771546800,24870.0,24879.0,24859.0,24865.25
1771547100,24867.0,24896.5,24867.0,24890.0
1771547400,24889.5,24912.5,24889.5,24906.5
1771547700,24906.5,24906.5,24889.25,24897.0
1771548000,24896.25,24900.0,24893.0,24897.75
1771548300,24897.5,24908.25,24897.5,24902.5
1771548600,24902.0,24906.75,24901.0,24904.25
1771548900,24904.25,24907.0,24898.0,24901.0
1771549200,24901.5,24910.0,24897.75,24905.25
1771549500,24904.25,24917.25,24903.5,24906.5
1771549800,24905.75,24936.0,24904.75,24933.0
1771550100,24931.0,24931.5,24906.75,24914.25
1771550400,24916.75,24926.5,24915.0,24922.75
1771550700,24923.5,24925.0,24911.5,24921.75
1771551000,24917.0,24925.75,24913.5,24919.0
1771551300,24917.75,24920.5,24910.0,24910.75
1771551600,24911.75,24912.75,24898.25,24900.5
1771551900,24900.0,24903.5,24893.0,24894.0
1771552200,24894.0,24914.5,24892.0,24910.5
1771552500,24907.75,24919.0,24904.5,24906.75
1771552800,24908.25,24933.5,24907.25,24931.75
1771553100,24932.5,24934.0,24914.5,24917.0
1771553400,24916.75,24917.25,24891.75,24893.75
1771553700,24894.25,24901.75,24884.75,24892.25
1771554000,24893.25,24895.25,24886.5,24892.25
1771554300,24890.5,24891.75,24884.25,24888.5
1771554600,24889.75,24902.0,24889.5,24896.0
1771554900,24896.75,24907.5,24893.75,24900.5
1771555200,24900.5,24904.25,24888.5,24889.75
1771555500,24889.75,24893.0,24878.0,24890.0
1771555800,24890.5,24899.75,24888.5,24895.0
1771556100,24894.25,24902.25,24894.25,24897.0
1771556400,24897.75,24908.75,24895.0,24901.5
1771556700,24900.5,24903.75,24894.25,24899.25
1771557000,24899.25,24906.25,24899.25,24904.5
1771557300,24905.75,24907.75,24901.75,24906.0
1771557600,24907.0,24910.25,24905.75,24909.75
1771557900,24910.0,24911.0,24900.0,24902.0
1771558200,24902.5,24906.0,24899.0,24903.75
1771558500,24904.25,24904.75,24896.75,24899.0
1771558800,24898.25,24898.25,24889.0,24890.5
1771559100,24890.5,24901.25,24889.25,24901.25
1771559400,24900.25,24902.75,24894.5,24895.5
1771559700,24896.5,24896.5,24888.25,24891.0
1771560000,24889.25,24894.75,24885.5,24891.0
1771560300,24892.0,24912.5,24892.0,24908.75
1771560600,24907.75,24912.25,24904.75,24912.0
1771560900,24912.5,24913.75,24897.0,24898.25
1771561200,24897.25,24900.25,24893.25,24898.5
1771561500,24897.5,24903.5,24897.0,24903.5
1771561800,24903.0,24903.0,24898.0,24900.0
1771562100,24899.25,24899.75,24893.5,24894.0
1771562400,24895.0,24903.25,24893.25,24902.0
1771562700,24902.75,24909.0,24899.0,24900.75
1771563000,24900.75,24902.0,24897.0,24899.0
1771563300,24899.75,24901.25,24896.75,24898.5
1771563900,24907.25,24916.25,24907.25,24914.0
1771564200,24913.25,24915.75,24906.25,24907.5
1771564500,24907.75,24909.5,24904.75,24908.0
1771564800,24909.0,24925.0,24909.0,24922.5
1771565100,24923.25,24926.0,24922.5,24925.25
1771565400,24926.0,24943.0,24925.0,24941.5
1771565700,24942.75,24946.25,24933.25,24933.75
1771566000,24934.5,24936.75,24927.5,24936.5
1771566300,24936.25,24939.25,24932.5,24938.75
1771566600,24938.25,24943.5,24938.0,24940.0
1771566900,24941.0,24948.5,24939.5,24943.0
1771567200,24944.0,24947.5,24940.0,24943.5
1771567500,24943.25,24948.0,24940.0,24946.5
1771567800,24947.5,24953.75,24945.0,24953.25
1771568100,24953.0,24956.0,24950.25,24950.25
1771568400,24950.25,24950.25,24943.75,24948.0
1771568700,24947.5,24950.25,24944.75,24945.25
1771569000,24944.5,24945.25,24935.25,24936.0
1771569300,24936.25,24945.0,24933.25,24937.25
1771569600,24937.5,24938.75,24935.0,24937.0
1771569900,24936.75,24940.0,24932.5,24935.0
1771570200,24933.5,24940.5,24930.75,24940.5
1771570500,24939.5,24944.25,24937.25,24943.0
1771570800,24942.75,24949.0,24938.0,24942.25
1771571100,24941.75,24954.5,24941.25,24950.5
1771571400,24951.5,24952.0,24941.75,24948.0
1771571700,24948.5,24950.0,24944.25,24947.0
1771572000,24946.0,24952.5,24939.0,24952.0
1771572300,24951.25,24951.5,24939.75,24941.75
1771572600,24940.25,24945.75,24933.75,24944.5
1771572900,24945.25,24945.5,24932.5,24934.75
1771573200,24935.75,24940.0,24923.5,24937.5
1771573500,24937.75,24938.5,24921.5,24923.0
1771573800,24921.75,24927.5,24910.25,24911.5
1771574100,24912.0,24921.5,24907.5,24921.5
1771574400,24921.25,24934.0,24917.75,24926.25
1771574700,24929.0,24935.25,24906.0,24906.75
1771575000,24908.0,24919.5,24906.0,24911.25
1771575300,24911.25,24918.25,24908.75,24918.25
1771575600,24917.25,24919.25,24896.75,24912.25
1771575900,24912.75,24931.0,24912.0,24929.25
1771576200,24929.5,24931.5,24900.75,24900.75
1771576500,24901.25,24919.0,24898.0,24917.25
1771576800,24917.0,24923.0,24911.75,24921.5
1771577100,24922.5,24933.5,24917.0,24933.5
1771577400,24933.0,24942.0,24931.0,24940.25
1771577700,24939.0,24942.5,24933.75,24936.75
1771578000,24936.5,24948.0,24932.5,24945.0
1771578300,24945.75,24962.0,24942.75,24953.25
1771578600,24953.5,24961.0,24945.5,24959.25
1771578900,24961.0,24983.5,24959.25,24978.25
1771579200,24978.75,24984.75,24973.0,24979.5
1771579500,24980.25,24982.0,24970.75,24976.25
1771579800,24975.0,24982.0,24965.25,24971.5
1771580100,24972.25,24973.0,24953.75,24955.25
1771580400,24955.5,24960.5,24950.5,24958.0
1771580700,24959.5,24960.0,24940.0,24943.0
1771581000,24941.75,24946.5,24935.5,24944.0
1771581300,24943.5,24944.75,24931.75,24937.25
1771581600,24935.75,24940.0,24923.5,24931.5
1771581900,24932.0,24945.0,24929.25,24941.75
1771582200,24942.5,24943.5,24934.0,24940.5
1771582500,24940.75,24946.75,24936.0,24942.0
1771582800,24941.0,24942.0,24919.75,24925.0
1771583100,24925.25,24930.75,24920.5,24927.25
1771583400,24927.5,24930.75,24917.25,24920.0
1771583700,24920.5,24937.25,24918.75,24931.0
1771584000,24930.5,24931.5,24917.5,24924.75
1771584300,24925.5,24936.25,24922.5,24933.25
1771584600,24933.0,24934.25,24920.0,24921.25
1771584900,24922.75,24926.5,24900.75,24902.0
1771585200,24902.5,24902.5,24840.75,24850.75
1771585500,24852.0,24871.5,24850.75,24870.0
1771585800,24868.5,24878.5,24867.25,24868.75
1771586100,24866.5,24881.25,24863.25,24863.25
1771586400,24862.5,24871.25,24856.0,24869.5
1771586700,24870.25,24885.75,24869.0,24879.25
1771587000,24878.0,24885.0,24871.25,24881.5
1771587300,24882.25,24888.0,24865.25,24865.25
1771587600,24866.0,24871.0,24850.0,24861.0
1771587900,24862.5,24863.25,24836.75,24838.5
1771588200,24838.25,24847.5,24830.25,24835.0
1771588500,24834.75,24837.75,24811.25,24830.5
1771588800,24829.0,24835.75,24805.0,24830.0
1771589100,24831.25,24836.25,24822.5,24830.75
1771589400,24829.0,24842.5,24827.0,24839.0
1771589700,24840.25,24849.5,24810.5,24811.25
1771590000,24812.25,24820.0,24799.25,24816.75
1771590300,24816.0,24823.0,24806.5,24807.75
1771590600,24807.5,24813.5,24791.0,24801.75
1771590900,24802.5,24820.0,24797.25,24803.75
1771591200,24804.25,24812.75,24795.5,24804.0
1771591500,24802.75,24810.75,24792.0,24806.25
1771591800,24805.5,24828.0,24803.5,24813.0
1771592100,24812.5,24831.25,24808.5,24829.0
1771592400,24828.0,24833.75,24819.75,24830.0
1771592700,24828.5,24829.75,24816.0,24828.0
1771593000,24827.5,24828.75,24817.0,24823.75
1771593300,24825.0,24854.5,24824.25,24852.5
1771593600,24852.5,24855.25,24830.0,24830.75
1771593900,24831.0,24864.0,24825.75,24857.5
1771594200,24856.0,24863.0,24758.0,24777.25
1771594500,24776.0,24794.75,24759.5,24766.75
1771594800,24767.25,24768.0,24724.75,24744.75
1771595100,24745.25,24758.25,24722.5,24732.25
1771595400,24731.75,24759.25,24731.25,24747.75
1771595700,24747.5,24773.0,24743.75,24769.25
1771596000,24769.75,24784.0,24760.25,24769.25
1771596300,24769.25,24775.5,24755.25,24756.0
1771596600,24756.0,24758.5,24728.0,24737.75
1771596900,24737.0,24738.75,24708.0,24713.25
1771597200,24713.0,24721.75,24696.75,24713.5
1771597500,24714.75,24734.5,24701.75,24715.5
1771597800,24715.25,24819.5,24678.5,24805.25
1771598100,24803.75,24892.5,24793.75,24848.75
1771598400,24848.75,24948.5,24844.25,24926.0
1771598700,24926.0,24957.5,24892.0,24896.5
1771599000,24896.25,24904.0,24852.0,24875.5
1771599300,24878.75,24906.75,24854.0,24897.5
1771599600,24900.5,25083.0,24885.5,24974.5
1771599900,24974.75,24982.5,24858.25,24981.25
1771600200,24981.5,25027.0,24923.5,24928.0
1771600500,24928.0,24999.5,24860.75,24966.0
1771600800,24966.5,25032.5,24960.0,25005.0
1771601100,25007.5,25037.75,24954.75,24974.0
1771601400,24974.5,24996.5,24908.0,24940.0
1771601700,24940.75,25016.5,24923.75,25007.75
1771602000,25007.75,25067.75,24951.75,25060.5
1771602300,25061.0,25097.75,25026.0,25075.5
1771602600,25075.75,25123.0,25055.5,25113.5
1771602900,25113.5,25127.0,25096.75,25118.75
1771603200,25118.25,25139.5,25101.0,25123.5
1771603500,25122.0,25125.0,25099.25,25105.5
1771603800,25105.5,25119.5,25070.25,25075.75
1771604100,25078.0,25085.75,25019.75,25043.25
1771604400,25043.25,25043.25,24996.0,25011.0
1771604700,25010.25,25018.0,24975.5,24977.5
1771605000,24977.5,25046.0,24967.25,25040.0
1771605300,25040.5,25074.75,25014.25,25073.0
1771605600,25073.75,25109.5,25059.25,25092.75
1771605900,25092.5,25127.5,25089.0,25124.5
1771606200,25124.75,25130.5,25098.75,25122.25
1771606500,25122.5,25126.5,25090.0,25098.0
1771606800,25098.5,25109.25,25065.25,25067.25
1771607100,25068.25,25073.0,25029.75,25034.0
1771607400,25033.75,25034.25,24980.75,24982.25
1771607700,24982.75,24982.75,24919.25,24926.75
1771608000,24925.25,24940.75,24883.75,24886.5
1771608300,24886.5,24927.5,24879.25,24926.25
1771608600,24926.75,24972.75,24919.0,24954.0
1771608900,24954.5,24967.5,24912.0,24963.25
1771609200,24963.0,24971.0,24929.75,24963.0
1771609500,24962.75,25011.5,24941.0,25002.75
1771609800,25003.25,25040.5,24983.5,25027.0
1771610100,25026.5,25043.75,24966.5,25034.25
1771610400,25034.25,25045.5,25000.25,25006.0
1771610700,25006.25,25043.0,25003.0,25023.75
1771611000,25024.25,25024.75,24991.75,25003.25
1771611300,25003.25,25004.0,24965.0,24979.25
1771611600,24979.75,24998.25,24929.25,24983.25
1771611900,24984.25,24988.5,24944.25,24964.75
1771612200,24966.25,25066.25,24928.0,25027.5
1771612500,25027.75,25056.0,24965.75,25023.75
1771612800,25024.5,25076.25,25022.0,25071.0
1771613100,25070.5,25122.25,25068.75,25084.5
1771613400,25083.75,25108.75,25047.0,25101.5
1771613700,25101.75,25112.75,25085.75,25097.75
1771614000,25098.5,25118.75,25094.5,25103.0
1771614300,25103.25,25104.25,25073.75,25081.5
1771614600,25081.75,25089.75,25059.25,25062.75
1771614900,25062.75,25069.0,25050.5,25060.5
1771615200,25060.5,25085.5,25052.25,25071.75
1771615500,25071.25,25074.25,25037.25,25052.75
1771615800,25054.0,25077.5,25052.75,25062.5
1771616100,25063.0,25066.25,25042.75,25049.75
1771616400,25050.5,25059.0,25034.25,25038.5
1771616700,25039.25,25045.75,25028.25,25039.0
1771617000,25038.5,25063.75,25033.0,25038.75
1771617300,25038.5,25047.75,25018.0,25023.0
1771617600,25023.0,25052.0,25016.0,25044.75
1771617900,25044.5,25077.25,25043.5,25066.25
1771618200,25066.25,25073.75,25057.25,25067.5
1771618500,25066.75,25069.5,25042.0,25045.5
1771618800,25046.0,25047.25,25025.25,25029.25
1771619100,25029.25,25034.0,25014.25,25020.25
1771619400,25021.25,25039.25,25018.0,25026.25
1771619700,25026.5,25045.75,25023.0,25043.25
1771620000,25042.5,25060.5,25042.0,25059.5
1771620300,25059.5,25064.75,25044.25,25044.75
1771620600,25044.25,25063.5,25035.0,25054.0
1771620900,25053.5,25079.25,25045.0,25074.0
1771621200,25075.0,25087.25,25064.25,25084.5
1771621500,25084.0,25088.0,25075.5,25080.25
1771621800,25080.0,25082.25,25071.5,25078.5
1771622100,25078.5,25078.5,25066.5,25070.75
1771622400,25070.5,25074.25,25066.5,25069.5
1771622700,25069.25,25070.75,25067.25,25068.5
1771623000,25067.75,25073.25,25066.5,25071.75
1771623300,25071.5,25075.5,25070.75,25074.5
1771623600,25075.0,25079.25,25073.25,25074.0
1771623900,25074.5,25078.0,25072.75,25075.0
1771624200,25075.25,25079.25,25070.75,25079.0
1771624500,25078.0,25081.0,25067.5,25067.5
1771801800,25031.0,25055.25,25030.0,25051.75
1771802100,25049.75,25057.75,25034.0,25035.75
1771802400,25034.5,25037.75,25003.5,25008.0
1771802700,25008.75,25009.75,24968.25,24980.0
1771803000,24979.5,24990.0,24961.0,24974.5
1771803300,24974.5,24983.5,24956.5,24963.75
1771803600,24963.25,24966.75,24936.5,24940.5
1771803900,24941.5,24978.5,24936.75,24971.25
1771804200,24972.0,24980.0,24952.5,24956.75
1771804500,24956.0,24983.0,24950.75,24971.0
1771804800,24970.0,24971.0,24932.75,24935.25
1771805100,24935.25,24950.5,24927.5,24931.75
1771805400,24932.75,24941.75,24929.0,24933.5
1771805700,24934.5,24950.5,24926.0,24927.25
1771806000,24926.75,24927.5,24902.0,24908.5
1771806300,24908.0,24911.25,24884.0,24907.75
1771806600,24906.75,24907.75,24880.0,24893.25
1771806900,24893.0,24900.5,24877.0,24885.75
1771807200,24885.75,24902.0,24879.0,24883.75
1771807500,24883.25,24900.0,24873.5,24880.0
1771807800,24880.75,24889.5,24875.25,24883.25
1771808100,24881.5,24887.75,24848.5,24852.75
1771808400,24853.75,24873.0,24839.25,24869.75
1771808700,24868.75,24876.0,24860.5,24872.75
1771809000,24872.0,24874.5,24854.25,24864.0
1771809300,24863.5,24873.25,24854.75,24869.75
1771809600,24870.0,24882.75,24863.5,24868.0
1771809900,24864.75,24873.0,24852.5,24858.75
1771810200,24858.75,24866.75,24842.25,24859.25
1771810500,24859.5,24869.0,24850.25,24863.5
1771810800,24863.0,24874.0,24858.0,24873.25
1771811100,24872.75,24881.75,24846.25,24862.0
1771811400,24862.0,24868.5,24832.5,24848.25
1771811700,24847.5,24861.75,24840.75,24844.25
1771812000,24844.25,24857.25,24830.75,24841.25
1771812300,24841.0,24851.75,24834.25,24843.75
1771812600,24841.5,24841.5,24815.0,24818.0
1771812900,24818.0,24829.25,24808.0,24822.5
1771813200,24822.5,24835.25,24822.0,24828.25
1771813500,24829.0,24840.0,24828.75,24832.0
1771813800,24831.75,24845.0,24828.5,24840.5
1771814100,24839.25,24841.75,24830.25,24835.25
1771814400,24833.75,24842.0,24829.25,24839.5
1771814700,24839.0,24842.5,24831.5,24835.25
1771815000,24836.5,24840.25,24833.0,24835.5
1771815300,24834.75,24840.0,24831.75,24839.0
1771815600,24839.5,24862.25,24839.5,24849.0
1771815900,24849.25,24863.5,24848.0,24853.75
1771816200,24852.5,24854.25,24844.0,24849.0
1771816500,24848.75,24850.0,24831.75,24836.5
1771816800,24835.5,24845.75,24823.0,24824.25
1771817100,24823.5,24833.75,24815.25,24833.5
1771817400,24833.5,24838.0,24816.0,24823.25
1771817700,24822.75,24827.0,24813.25,24817.25
1771818000,24818.0,24839.5,24818.0,24838.75
1771818300,24838.5,24841.25,24832.5,24835.5
1771818600,24833.75,24838.75,24830.25,24835.0
1771818900,24836.0,24844.0,24832.75,24841.75
1771819200,24842.5,24843.5,24829.0,24830.75
1771819500,24831.0,24846.5,24828.0,24844.5
1771819800,24842.5,24853.0,24841.5,24843.5
1771820100,24842.0,24842.25,24830.5,24838.25
1771820400,24839.25,24839.25,24824.75,24828.0
1771820700,24827.25,24832.25,24821.25,24830.5
1771821000,24831.25,24839.5,24824.0,24825.75
1771821300,24825.75,24827.0,24822.75,24825.0
1771821600,24825.0,24828.0,24811.0,24824.0
1771821900,24825.0,24826.5,24819.5,24826.25
1771822200,24826.25,24833.75,24823.25,24824.5
1771822500,24826.5,24830.25,24824.0,24828.25
1771822800,24833.5,24835.0,24827.0,24829.5
1771823100,24829.75,24831.0,24819.5,24822.5
1771823400,24821.75,24825.0,24816.25,24820.0
1771823700,24819.25,24819.25,24807.75,24808.25
1771824000,24809.25,24822.75,24807.25,24817.5
1771824300,24818.0,24828.25,24815.25,24827.75
1771824600,24827.0,24835.25,24822.75,24831.0
1771824900,24831.5,24843.25,24826.0,24837.5
1771825200,24837.5,24843.25,24833.0,24835.25
1771825500,24835.25,24839.0,24824.75,24829.0
1771825800,24828.75,24840.75,24824.75,24839.75
1771826100,24840.5,24844.25,24836.5,24838.25
1771826400,24838.5,24841.75,24832.25,24841.5
1771826700,24840.25,24842.75,24837.5,24838.0
1771827000,24837.5,24854.75,24836.0,24854.25
1771827300,24853.0,24854.5,24843.75,24850.5
1771827600,24851.25,24852.5,24845.0,24848.5
1771827900,24846.75,24852.5,24845.5,24847.25
1771828200,24845.5,24858.0,24841.0,24858.0
1771828500,24858.25,24864.25,24853.0,24857.5
1771828800,24857.75,24864.5,24854.5,24857.5
1771829100,24858.0,24863.0,24853.0,24859.75
1771829400,24860.5,24867.25,24857.0,24866.25
1771829700,24866.0,24869.5,24858.25,24867.0
1771830000,24868.5,24897.5,24863.25,24889.5
1771830300,24889.5,24897.0,24885.5,24893.75
1771830600,24894.25,24913.75,24892.5,24909.75
1771830900,24910.25,24914.75,24900.5,24905.0
1771831200,24903.25,24905.75,24895.0,24902.25
1771831500,24901.25,24904.0,24894.0,24903.75
1771831800,24901.5,24906.0,24891.75,24900.0
1771832100,24899.25,24907.5,24893.5,24905.25
1771832400,24906.25,24911.0,24902.5,24908.0
1771832700,24907.0,24912.0,24905.0,24910.0
1771833000,24909.5,24910.0,24901.25,24903.0
1771833300,24901.5,24905.5,24897.5,24898.0
1771833600,24898.75,24913.5,24886.25,24889.5
1771833900,24888.25,24896.25,24877.5,24884.0
1771834200,24884.5,24912.0,24882.25,24904.25
1771834500,24906.0,24906.25,24893.75,24897.5
1771834800,24896.5,24907.25,24890.0,24896.5
1771835100,24894.25,24901.5,24887.0,24899.0
1771835400,24900.25,24905.75,24890.75,24893.75
1771835700,24894.75,24900.0,24886.25,24897.75
1771836000,24895.25,24899.5,24878.25,24883.25
1771836300,24884.75,24921.25,24883.75,24918.5
1771836600,24919.5,24932.0,24916.0,24929.75
1771836900,24930.0,24934.5,24924.0,24929.75
1771837200,24931.0,24963.25,24930.75,24962.0
1771837500,24961.5,24974.5,24958.75,24974.5
1771837800,24974.25,24998.5,24973.5,24994.5
1771838100,24995.25,24996.25,24975.75,24982.0
1771838400,24983.25,24987.25,24973.0,24981.25
1771838700,24982.5,24996.0,24980.0,24994.25
1771839000,24994.5,25000.0,24975.0,24978.75
1771839300,24979.5,25000.25,24975.75,24994.0
1771839600,24994.75,25004.0,24993.0,24996.25
1771839900,24997.0,25000.5,24988.0,24988.0
1771840200,24988.5,24993.75,24981.75,24985.0
1771840500,24986.75,24989.75,24980.0,24983.5
1771840800,24985.5,24992.25,24980.0,24981.0
1771841100,24982.0,24992.75,24981.0,24990.0
1771841400,24990.75,25002.75,24988.5,24991.25
1771841700,24991.5,24992.0,24980.75,24984.25
1771842000,24983.0,24983.25,24975.0,24980.75
1771842300,24979.75,24982.25,24945.0,24970.0
1771842600,24969.5,24976.75,24959.0,24970.75
1771842900,24971.75,24976.25,24962.25,24973.75
1771843200,24975.25,24985.75,24975.25,24977.25
1771843500,24977.25,24977.75,24967.0,24969.0
1771843800,24969.25,24977.25,24967.5,24970.0
1771844100,24969.0,24971.5,24962.75,24969.5
1771844400,24970.75,24976.0,24964.0,24966.5
1771844700,24965.5,24966.75,24959.5,24964.0
1771845000,24962.5,24980.0,24961.75,24977.0
1771845300,24977.75,24987.25,24977.0,24982.75
1771845600,24982.25,24982.25,24965.75,24967.0
1771845900,24966.0,24970.5,24964.75,24967.75
1771846200,24967.75,24970.0,24956.25,24959.25
1771846500,24959.0,24961.0,24948.0,24953.75
1771846800,24953.5,24954.25,24945.75,24948.25
1771847100,24948.25,24951.0,24923.5,24927.0
1771847400,24926.75,24927.0,24916.25,24917.75
1771847700,24918.0,24931.5,24907.25,24929.5
1771848000,24928.25,24942.0,24910.0,24932.5
1771848300,24931.5,24943.5,24928.5,24930.5
1771848600,24932.25,24932.25,24919.0,24920.5
1771848900,24920.5,24921.5,24903.5,24911.5
1771849200,24911.0,24916.0,24906.25,24909.5
1771849500,24911.25,24911.5,24901.25,24910.25
1771849800,24910.25,24912.0,24883.75,24897.25
1771850100,24896.5,24914.75,24893.0,24911.25
1771850400,24910.25,24924.0,24901.5,24922.0
1771850700,24920.5,24926.75,24900.5,24900.5
1771851000,24901.75,24910.0,24897.75,24907.75
1771851300,24907.5,24907.5,24893.0,24904.75
1771851600,24903.75,24917.75,24887.25,24913.0
1771851900,24911.5,24938.0,24907.0,24929.5
1771852200,24930.5,24932.25,24915.75,24917.0
1771852500,24916.25,24933.0,24912.5,24915.75
1771852800,24916.0,24935.5,24916.0,24923.25
1771853100,24924.0,24936.25,24920.5,24926.75
1771853400,24927.25,24942.0,24915.25,24916.75
1771853700,24916.5,24938.0,24910.0,24935.75
1771854000,24936.0,24950.5,24934.75,24950.25
1771854300,24949.75,24954.5,24938.25,24942.5
1771854600,24942.75,24951.0,24932.25,24945.5
1771854900,24945.0,24945.0,24926.5,24934.75
1771855200,24935.0,24946.25,24931.5,24937.75
1771855500,24938.25,24949.0,24936.5,24936.5
1771855800,24936.75,24961.25,24933.5,24960.5
1771856100,24961.0,24962.5,24942.0,24943.75
1771856400,24943.75,24955.25,24937.75,24953.75
1771856700,24952.75,24982.5,24949.0,24981.25
1771857000,24981.0,25040.0,24970.5,25005.0
1771857300,25004.0,25030.0,24965.0,24996.25
1771857600,24996.75,24997.0,24879.0,24881.75
1771857900,24881.0,24923.25,24857.75,24892.0
1771858200,24891.25,24965.25,24887.75,24923.25
1771858500,24922.75,24943.75,24900.75,24913.75
1771858800,24913.25,24952.25,24863.5,24866.5
1771859100,24866.5,24892.25,24840.5,24856.75
1771859400,24857.0,24901.75,24856.75,24873.75
1771859700,24874.5,24900.75,24857.5,24900.0
1771860000,24899.25,24930.0,24878.5,24898.0
1771860300,24898.75,24904.25,24865.5,24871.5
1771860600,24871.0,24900.5,24850.25,24850.75
1771860900,24851.0,24872.5,24831.25,24844.0
1771861200,24844.0,24854.75,24816.25,24828.75
1771861500,24829.0,24852.0,24812.75,24824.5
1771861800,24825.0,24839.25,24772.25,24775.5
1771862100,24775.0,24780.75,24738.75,24743.25
1771862400,24743.25,24757.0,24687.25,24708.75
1771862700,24708.75,24712.0,24671.75,24683.5
1771863000,24684.5,24707.5,24668.0,24683.0
1771863300,24683.0,24724.0,24668.0,24721.25
1771863600,24719.5,24741.25,24710.75,24723.75
1771863900,24723.5,24781.75,24722.75,24778.0
1771864200,24777.75,24789.25,24756.75,24765.0
1771864500,24765.0,24782.0,24748.75,24759.5
1771864800,24758.75,24782.0,24755.25,24764.25
1771865100,24765.0,24770.0,24733.5,24750.0
1771865400,24749.25,24769.5,24739.0,24749.0
1771865700,24748.0,24756.0,24727.5,24734.75
1771866000,24735.0,24759.5,24728.75,24744.0
1771866300,24743.5,24763.75,24735.0,24741.75
1771866600,24741.5,24751.75,24725.25,24733.25
1771866900,24732.75,24758.75,24732.0,24738.5
1771867200,24739.0,24761.5,24734.75,24748.75
1771867500,24749.0,24760.25,24740.25,24743.0
1771867800,24742.5,24745.75,24719.25,24722.75
1771868100,24722.25,24723.25,24680.0,24681.5
1771868400,24681.25,24727.25,24677.5,24701.0
1771868700,24701.5,24719.0,24693.75,24701.5
1771869000,24701.5,24748.75,24700.0,24740.0
1771869300,24740.5,24755.5,24732.0,24744.75
1771869600,24744.5,24763.25,24739.0,24755.75
1771869900,24755.75,24778.0,24752.0,24774.0
1771870200,24774.5,24788.5,24761.0,24784.0
1771870500,24784.5,24799.0,24780.0,24785.75
1771870800,24786.5,24820.25,24781.25,24816.75
1771871100,24816.25,24819.25,24801.5,24810.5
1771871400,24810.5,24811.25,24792.5,24804.5
1771871700,24805.25,24819.75,24800.0,24802.0
1771872000,24802.75,24808.0,24776.75,24785.0
1771872300,24785.75,24801.75,24776.0,24791.75
1771872600,24792.5,24795.0,24754.25,24755.5
1771872900,24755.0,24760.5,24720.0,24727.5
1771873200,24727.75,24745.25,24721.75,24730.75
1771873500,24729.75,24755.0,24728.5,24743.25
1771873800,24743.25,24754.25,24733.0,24743.25
1771874100,24741.75,24753.25,24727.0,24733.0
1771874400,24733.5,24740.25,24727.25,24734.5
1771874700,24734.5,24741.75,24708.75,24714.25
1771875000,24714.25,24730.25,24711.5,24714.5
1771875300,24714.25,24718.0,24703.5,24709.25
1771875600,24710.25,24710.5,24683.75,24698.25
1771875900,24698.0,24712.75,24692.0,24708.75
1771876200,24708.5,24713.75,24693.0,24696.5
1771876500,24696.75,24716.0,24684.75,24692.0
1771876800,24692.0,24705.75,24687.0,24699.75
1771877100,24700.0,24705.0,24684.0,24690.75
1771877400,24690.25,24693.75,24678.75,24685.5
1771877700,24685.0,24707.75,24684.75,24695.75
1771878000,24695.0,24700.75,24684.5,24700.25
1771878300,24700.25,24714.75,24696.0,24706.5
1771878600,24707.0,24751.5,24704.5,24746.75
1771878900,24746.5,24746.75,24719.5,24727.25
1771879200,24727.25,24734.75,24711.0,24730.75
1771879500,24730.5,24744.75,24718.25,24742.75
1771879800,24742.75,24760.0,24714.75,24717.25
1771880100,24718.0,24772.75,24710.75,24768.0
1771880400,24769.25,24781.5,24758.0,24778.25
1771880700,24778.0,24782.75,24770.75,24779.0
1771881000,24779.0,24786.75,24775.75,24781.5
1771881300,24781.75,24781.75,24770.0,24773.25
1771881600,24773.5,24783.5,24772.75,24779.0
1771881900,24779.25,24780.75,24776.5,24779.5
1771882200,24779.25,24791.25,24778.5,24785.25
1771882500,24785.5,24786.0,24778.25,24778.25
1771882800,24779.0,24784.5,24778.25,24784.5
1771883100,24784.75,24785.0,24777.0,24781.0
1771883400,24781.0,24788.25,24779.0,24787.75
1771883700,24787.75,24796.5,24782.0,24786.25
1771887600,24788.0,24803.5,24776.25,24784.0
1771887900,24781.75,24813.5,24767.0,24804.25
1771888200,24807.75,24815.0,24794.5,24795.75
1771888500,24798.75,24804.0,24784.25,24790.5
1771888800,24791.0,24798.0,24785.0,24794.5
1771889100,24794.5,24806.75,24788.5,24806.75
1771889400,24805.75,24826.75,24802.5,24819.0
1771889700,24818.25,24823.0,24813.25,24816.5
1771890000,24818.5,24821.0,24804.5,24812.75
1771890300,24811.0,24818.0,24800.0,24802.0
1771890600,24801.5,24812.0,24792.25,24806.5
1771890900,24805.0,24806.75,24784.75,24788.0
1771891200,24789.0,24811.25,24782.25,24802.5
1771891500,24802.25,24809.0,24782.0,24784.25
1771891800,24786.25,24803.5,24786.25,24800.0
1771892100,24799.5,24818.5,24798.25,24814.0
1771892400,24813.5,24818.0,24782.5,24789.75
1771892700,24789.5,24791.5,24773.5,24781.25
1771893000,24780.75,24789.25,24776.75,24780.0
1771893300,24778.0,24797.5,24778.0,24797.0
1771893600,24797.5,24807.0,24797.5,24805.0
1771893900,24805.0,24818.5,24800.0,24817.25
1771894200,24818.0,24823.5,24809.75,24812.0
1771894500,24811.25,24819.5,24801.5,24816.0
1771894800,24815.5,24818.25,24795.25,24805.75
1771895100,24805.5,24811.75,24796.0,24808.25
1771895400,24806.0,24811.75,24801.0,24804.5
1771895700,24805.5,24811.5,24795.0,24806.0
1771896000,24805.75,24829.0,24804.5,24818.5
1771896300,24817.5,24826.5,24811.0,24821.0
1771896600,24820.5,24821.5,24798.75,24821.25
1771896900,24821.5,24825.25,24813.75,24820.0
1771897200,24818.25,24835.5,24808.5,24827.75
1771897500,24828.25,24829.25,24813.0,24824.75
1771897800,24827.75,24828.0,24816.25,24817.5
1771898100,24815.25,24826.25,24812.25,24822.0
1771898400,24822.0,24831.0,24818.75,24819.75
1771898700,24819.25,24828.25,24816.75,24826.5
1771899000,24826.75,24840.25,24826.75,24836.25
1771899300,24836.25,24844.0,24832.5,24844.0
1771899600,24843.5,24864.0,24842.25,24862.75
1771899900,24863.5,24868.0,24860.25,24862.5
1771900200,24863.0,24876.25,24859.25,24873.5
1771900500,24871.5,24879.0,24868.5,24875.0
1771900800,24874.5,24875.0,24861.25,24864.25
1771901100,24863.25,24873.25,24858.25,24868.0
1771901400,24867.25,24870.5,24862.0,24868.25
1771901700,24867.75,24874.0,24866.75,24869.75
1771902000,24869.75,24875.75,24866.75,24873.0
1771902300,24873.0,24874.5,24868.75,24872.25
1771902600,24873.5,24874.75,24866.75,24873.5
1771902900,24872.5,24880.0,24870.0,24877.75
1771903200,24877.75,24884.25,24876.5,24880.5
1771903500,24881.0,24881.0,24875.0,24878.25
1771903800,24878.25,24878.75,24873.0,24874.0
1771904100,24874.25,24877.25,24869.75,24876.75
1771904400,24876.5,24880.5,24873.0,24874.25
1771904700,24873.75,24876.0,24868.75,24873.5
1771905000,24873.5,24877.5,24869.5,24874.25
1771905300,24873.25,24875.75,24871.25,24873.25
1771905600,24874.0,24876.0,24870.25,24875.0
1771905900,24874.75,24880.75,24871.25,24879.5
1771906200,24879.25,24880.25,24873.25,24874.75
1771906500,24874.25,24877.0,24865.75,24877.0
1771906800,24877.0,24881.25,24876.0,24879.5
1771907100,24878.75,24882.0,24876.25,24877.25
1771907400,24878.0,24884.0,24872.0,24872.5
1771907700,24872.25,24873.25,24867.25,24869.75
1771908000,24870.0,24877.0,24869.25,24871.25
1771908300,24872.25,24878.25,24870.25,24876.0
1771908600,24876.75,24880.25,24875.5,24877.5
1771908900,24877.5,24880.0,24876.0,24878.75
1771909500,24884.0,24885.5,24882.0,24884.25
1771909800,24885.0,24886.5,24882.0,24882.0
1771910100,24882.75,24883.5,24857.25,24857.75
1771910400,24857.0,24862.25,24854.5,24861.75
1771910700,24861.75,24866.0,24855.25,24863.5
1771911000,24861.5,24861.5,24848.25,24851.5
1771911300,24851.25,24855.25,24843.5,24852.75
1771911600,24852.75,24858.25,24846.75,24855.75
1771911900,24854.0,24855.25,24832.5,24835.0
1771912200,24833.0,24842.25,24825.75,24839.25
1771912500,24839.0,24841.0,24834.75,24841.0
1771912800,24840.5,24842.0,24834.75,24838.75
1771913100,24838.25,24853.25,24838.25,24853.25
1771913400,24851.25,24852.5,24835.0,24837.0
1771913700,24836.0,24850.0,24832.25,24847.0
1771914000,24845.75,24845.75,24827.5,24830.0
1771914300,24830.25,24834.0,24822.75,24832.75
1771914600,24832.75,24838.25,24824.0,24835.0
1771914900,24835.75,24838.25,24824.25,24838.25
1771915200,24838.5,24843.0,24834.75,24839.5
1771915500,24839.25,24844.0,24834.0,24843.0
1771915800,24842.5,24842.5,24832.25,24833.75
1771916100,24833.25,24842.75,24830.25,24837.75
1771916400,24837.5,24854.5,24835.25,24843.5
1771916700,24843.5,24860.75,24843.0,24857.5
1771917000,24857.5,24858.5,24852.0,24857.75
1771917300,24858.25,24858.5,24848.75,24851.75
1771917600,24852.75,24854.5,24846.0,24851.0
1771917900,24850.0,24862.0,24847.75,24859.75
1771918200,24861.0,24868.5,24858.25,24858.25
1771918500,24858.25,24858.25,24848.0,24849.0
1771918800,24849.0,24852.0,24831.75,24835.25
1771919100,24835.5,24839.0,24831.5,24837.25
1771919400,24837.0,24846.0,24837.0,24839.75
1771919700,24840.75,24843.0,24830.5,24833.25
1771920000,24834.0,24834.0,24792.5,24803.0
1771920300,24802.75,24813.5,24788.0,24803.0
1771920600,24803.5,24810.5,24783.5,24793.25
1771920900,24792.0,24809.5,24773.5,24789.75
1771921200,24789.0,24817.5,24780.25,24811.75
1771921500,24815.25,24817.5,24794.75,24807.25
1771921800,24809.0,24821.25,24794.0,24795.25
1771922100,24793.75,24798.75,24779.0,24796.25
1771922400,24797.0,24797.0,24776.0,24787.5
1771922700,24786.0,24788.5,24761.5,24762.75
1771923000,24763.75,24773.5,24761.0,24770.75
1771923300,24772.0,24797.75,24771.75,24791.75
1771923600,24791.25,24815.5,24788.25,24803.25
1771923900,24803.0,24818.75,24797.25,24815.75
1771924200,24815.0,24838.5,24811.25,24837.5
1771924500,24837.25,24843.0,24827.25,24828.0
1771924800,24829.25,24833.25,24821.0,24825.75
1771925100,24826.0,24833.0,24820.75,24825.25
1771925400,24825.0,24825.75,24806.5,24806.5
1771925700,24806.25,24821.0,24794.25,24820.0
1771926000,24821.0,24830.0,24819.75,24828.5
1771926300,24830.0,24839.25,24822.25,24837.0
1771926600,24838.0,24843.75,24834.0,24838.75
1771926900,24838.75,24848.0,24837.75,24846.5
1771927200,24847.0,24864.5,24845.0,24864.25
1771927500,24864.0,24865.5,24844.5,24847.75
1771927800,24848.75,24850.25,24842.25,24842.5
1771928100,24842.75,24848.5,24834.5,24846.25
1771928400,24845.75,24847.25,24838.5,24840.75
1771928700,24840.0,24845.0,24835.0,24840.0
1771929000,24841.5,24843.0,24830.75,24834.25
1771929300,24834.0,24847.0,24832.25,24832.5
1771929600,24832.0,24844.5,24826.5,24843.75
1771929900,24843.5,24843.75,24826.0,24829.5
1771930200,24830.5,24841.5,24825.75,24839.75
1771930500,24841.0,24843.5,24836.5,24842.0
1771930800,24842.5,24853.25,24834.0,24846.5
1771931100,24846.75,24848.5,24830.75,24830.75
1771931400,24830.0,24837.5,24822.75,24824.5
1771931700,24825.5,24832.75,24820.75,24825.75
1771932000,24825.75,24827.25,24814.25,24818.25
1771932300,24817.5,24824.75,24816.0,24822.25
1771932600,24822.0,24828.25,24817.0,24817.0
1771932900,24816.75,24822.0,24808.75,24811.75
1771933200,24811.0,24822.0,24809.0,24819.0
1771933500,24819.0,24830.25,24816.0,24816.5
1771933800,24816.25,24822.5,24812.0,24816.5
1771934100,24818.0,24834.0,24815.75,24833.0
1771934400,24832.5,24877.75,24828.5,24870.25
1771934700,24871.0,24902.25,24869.25,24874.75
1771935000,24873.5,24884.0,24861.25,24872.25
1771935300,24871.75,24873.5,24847.75,24851.25
1771935600,24850.0,24854.25,24834.0,24843.75
1771935900,24843.5,24854.25,24838.75,24840.75
1771936200,24840.0,24847.25,24829.5,24831.25
1771936500,24830.5,24837.25,24818.0,24820.25
1771936800,24820.25,24821.0,24800.0,24819.5
1771937100,24818.0,24819.0,24795.25,24800.5
1771937400,24801.0,24824.0,24797.0,24821.25
1771937700,24820.5,24823.0,24810.75,24816.25
1771938000,24816.75,24840.5,24814.25,24833.0
1771938300,24832.75,24841.25,24819.25,24835.5
1771938600,24835.25,24839.25,24820.75,24827.0
1771938900,24826.0,24848.0,24823.5,24841.75
1771939200,24842.0,24847.25,24828.5,24846.5
1771939500,24847.5,24858.5,24845.0,24857.0
1771939800,24857.5,24870.25,24849.0,24857.5
1771940100,24858.25,24860.0,24840.5,24843.25
1771940400,24842.75,24876.75,24838.25,24871.75
1771940700,24872.5,24889.25,24870.0,24877.25
1771941000,24877.25,24883.5,24870.0,24879.5
1771941300,24879.75,24892.0,24876.25,24877.25
1771941600,24876.75,24878.75,24860.75,24863.25
1771941900,24863.5,24868.75,24856.25,24860.0
1771942200,24859.25,24864.5,24844.75,24852.75
1771942500,24853.0,24854.5,24834.0,24836.25
1771942800,24836.0,24841.25,24826.25,24829.5
1771943100,24829.5,24834.5,24797.25,24804.75
1771943400,24805.0,24826.0,24708.75,24739.0
1771943700,24739.0,24815.5,24694.5,24803.0
1771944000,24803.75,24913.0,24800.75,24910.75
1771944300,24911.25,24964.25,24904.75,24943.5
1771944600,24943.5,24949.25,24901.5,24914.25
1771944900,24913.5,24914.25,24861.25,24877.25
1771945200,24878.5,24880.0,24819.5,24841.25
1771945500,24840.5,24906.5,24837.75,24899.0
1771945800,24899.75,24923.75,24853.25,24865.75
1771946100,24866.0,24905.0,24853.75,24894.0
1771946400,24893.25,24953.0,24888.0,24948.75
1771946700,24949.75,25014.5,24934.75,25011.75
1771947000,25011.25,25024.0,24998.0,25009.75
1771947300,25009.75,25012.25,24986.75,25000.75
1771947600,25000.5,25031.0,24994.75,25017.25
1771947900,25017.5,25019.5,24996.0,25010.5
1771948200,25009.25,25009.75,24980.25,24984.75
1771948500,24985.5,24995.5,24967.5,24976.5
1771948800,24976.5,25025.75,24974.25,25019.75
1771949100,25018.75,25032.5,25002.75,25013.5
1771949400,25012.75,25047.25,25000.5,25033.75
1771949700,25033.25,25040.75,25013.5,25019.25
1771950000,25019.25,25022.75,24994.25,25010.5
1771950300,25009.75,25021.5,25006.5,25014.25
1771950600,25015.25,25016.25,24969.25,24972.5
1771950900,24973.0,24998.25,24970.25,24991.75
1771951200,24991.75,25007.75,24977.75,24989.25
1771951500,24988.75,25017.75,24986.5,25008.0
1771951800,25008.25,25034.0,24999.25,25028.25
1771952100,25028.5,25040.75,25021.5,25028.75
1771952400,25028.75,25040.75,25021.25,25030.5
1771952700,25031.25,25052.25,25031.0,25050.75
1771953000,25050.75,25076.25,25048.75,25055.25
1771953300,25055.5,25068.5,25043.25,25050.5
1771953600,25049.0,25065.5,25047.0,25062.5
1771953900,25062.25,25074.25,25056.75,25060.75
1771954200,25060.25,25070.0,25051.0,25061.25
1771954500,25061.5,25065.0,25053.0,25056.5
1771954800,25056.5,25058.25,25038.0,25042.0
1771955100,25041.25,25060.75,25032.0,25058.0
1771955400,25058.0,25064.0,25047.75,25048.25
1771955700,25048.25,25052.25,25041.75,25046.0
1771956000,25046.0,25078.75,25043.25,25072.0
1771956300,25071.75,25072.0,25050.75,25052.5
1771956600,25052.25,25056.0,25038.75,25043.0
1771956900,25043.0,25045.0,25032.5,25034.75
1771957200,25034.5,25042.5,25024.5,25027.0
1771957500,25026.5,25030.25,25015.5,25019.25
1771957800,25019.75,25032.75,25011.5,25029.25
1771958100,25029.25,25051.0,25021.25,25042.5
1771958400,25042.75,25049.75,25033.25,25038.75
1771958700,25039.0,25044.25,25022.5,25028.25
1771959000,25029.25,25042.0,25027.0,25039.25
1771959300,25039.0,25043.75,25029.5,25030.0
1771959600,25030.0,25037.25,25023.75,25032.75
1771959900,25032.5,25036.75,25020.25,25024.0
1771960200,25024.25,25025.5,25008.5,25015.0
1771960500,25015.0,25015.5,24988.5,25003.0
1771960800,25002.75,25008.25,24996.5,25001.25
1771961100,25000.75,25015.25,24995.5,25002.75
1771961400,25003.0,25013.75,25000.25,25004.25
1771961700,25004.5,25015.0,25002.75,25014.5
1771962000,25014.25,25030.5,25011.5,25018.75
1771962300,25019.5,25025.25,25013.5,25020.75
1771962600,25020.5,25060.25,25015.0,25016.75
1771962900,25017.0,25031.75,25014.75,25021.5
1771963200,25021.75,25028.75,25013.0,25017.75
1771963500,25018.5,25023.0,25004.0,25007.0
1771963800,25006.75,25011.25,25000.5,25004.5
1771964100,25004.0,25016.5,24995.75,25015.25
1771964400,25015.5,25024.75,25007.25,25010.0
1771964700,25010.5,25018.25,24997.75,24998.75
1771965000,24998.75,25022.25,24994.75,25017.0
1771965300,25016.75,25020.5,25004.25,25006.25
1771965600,25006.0,25032.0,25004.25,25030.25
1771965900,25030.5,25044.0,25027.75,25036.25
1771966200,25037.0,25072.0,25035.0,25053.0
1771966500,25053.5,25054.25,25022.0,25029.5
1771966800,25029.5,25037.0,25020.75,25021.5
1771967100,25022.25,25023.5,25003.25,25009.0
1771967400,25009.75,25021.75,25009.25,25019.5
1771967700,25019.5,25021.0,25014.25,25017.75
1771968000,25017.5,25027.75,25017.25,25026.0
1771968300,25025.5,25026.0,25022.0,25023.75
1771968600,25023.75,25028.75,25021.0,25021.5
1771968900,25020.5,25025.75,25018.75,25021.25
1771969200,25020.75,25021.25,25018.5,25018.5
1771969500,25018.0,25022.5,25015.5,25020.0
1771969800,25020.0,25020.5,25012.5,25017.25
1771970100,25017.0,25022.25,25015.5,25016.25
1771974000,25016.25,25021.0,24996.75,24998.0
1771974300,24998.25,25004.5,24992.0,25002.75
1771974600,25003.25,25030.25,25001.75,25020.0
1771974900,25019.0,25028.5,25011.0,25014.0
1771975200,25014.0,25018.25,25009.25,25017.75
1771975500,25017.25,25024.75,25016.5,25023.5
1771975800,25022.0,25033.5,25017.25,25030.5
1771976100,25029.5,25035.25,25023.5,25033.0
1771976400,25033.75,25038.0,25030.5,25033.0
1771976700,25030.0,25034.75,25028.25,25031.75
1771977000,25030.75,25034.0,25027.5,25031.75
1771977300,25030.75,25051.0,25030.75,25043.5
1771977600,25044.5,25045.25,25029.75,25034.0
1771977900,25033.0,25043.25,25031.25,25040.5
1771978200,25040.5,25042.5,25028.25,25029.0
1771978500,25028.75,25037.0,25027.0,25035.75
1771978800,25036.75,25044.25,25035.25,25040.75
1771979100,25041.0,25041.0,25021.25,25028.5
1771979400,25029.0,25033.25,25018.5,25030.0
1771979700,25029.5,25047.25,25026.0,25042.75
1771980000,25043.25,25063.0,25042.75,25061.0
1771980300,25061.25,25069.5,25047.5,25067.0
1771980600,25066.25,25075.0,25065.5,25070.5
1771980900,25069.25,25071.5,25062.0,25071.0
1771981200,25071.25,25088.5,25061.5,25078.0
1771981500,25078.25,25083.25,25068.0,25072.0
1771981800,25071.25,25095.0,25070.0,25089.75
1771982100,25090.0,25108.25,25082.75,25097.25
1771982400,25098.0,25099.5,25072.0,25074.0
1771982700,25074.75,25084.75,25071.5,25080.5
1771983000,25079.5,25090.0,25073.0,25084.5
1771983300,25085.0,25098.5,25085.0,25094.5
1771983600,25094.0,25103.0,25090.25,25093.0
1771983900,25094.0,25112.75,25092.25,25106.5
1771984200,25106.75,25113.25,25105.5,25109.5
1771984500,25109.5,25111.0,25101.5,25103.5
1771984800,25103.0,25110.5,25091.25,25094.75
1771985100,25094.0,25102.5,25092.5,25096.25
1771985400,25097.25,25103.75,25094.75,25102.0
1771985700,25102.75,25102.75,25082.25,25093.75
1771986000,25095.0,25105.25,25090.5,25096.5
1771986300,25096.5,25103.0,25092.5,25101.0
1771986600,25102.0,25112.75,25102.0,25104.75
1771986900,25104.25,25114.5,25101.75,25103.5
1771987200,25103.5,25105.5,25092.75,25096.0
1771987500,25096.0,25103.5,25094.75,25102.5
1771987800,25101.5,25109.5,25092.0,25103.0
1771988100,25102.75,25109.0,25098.0,25107.5
1771988400,25106.75,25109.5,25096.25,25098.75
1771988700,25097.5,25099.0,25076.75,25084.25
1771989000,25083.0,25089.0,25077.75,25080.0
1771989300,25079.0,25082.5,25061.75,25070.5
1771989600,25070.0,25073.0,25054.75,25063.0
1771989900,25062.5,25074.25,25059.0,25069.5
1771990200,25070.0,25076.5,24994.0,25041.5
1771990500,25042.75,25052.0,25033.25,25044.5
1771990800,25043.75,25067.75,25043.75,25058.0
1771991100,25057.25,25068.75,25047.5,25063.0
1771991400,25062.25,25073.75,25060.25,25073.75
1771991700,25072.75,25081.25,25065.0,25066.75
1771992000,25066.75,25067.75,25047.25,25055.0
1771992300,25054.0,25056.75,25048.75,25050.75
1771992600,25049.75,25050.0,25035.0,25042.0
1771992900,25041.25,25044.75,25034.5,25037.5
1771993200,25038.0,25046.25,25036.75,25040.75
1771993500,25040.75,25054.0,25039.25,25054.0
1771993800,25053.5,25062.0,25053.0,25057.25
1771994100,25058.0,25063.0,25054.0,25058.75
1771994400,25058.75,25058.75,25054.5,25055.75
1771994700,25057.0,25059.0,25052.0,25057.0
1771995000,25058.5,25061.0,25054.75,25055.5
1771995300,25054.75,25055.5,25046.5,25049.25
1771995900,25059.0,25065.0,25058.75,25064.0
1771996200,25065.0,25067.5,25051.5,25054.5
1771996500,25054.25,25055.5,25046.0,25047.0
1771996800,25047.25,25047.75,25035.0,25038.75
1771997100,25039.0,25046.0,25036.75,25041.25
1771997400,25042.0,25046.75,25034.0,25036.75
1771997700,25037.25,25046.0,25030.75,25045.25
1771998000,25045.25,25045.5,25036.5,25041.25
1771998300,25041.5,25057.25,25040.25,25056.75
1771998600,25056.75,25057.0,25049.25,25049.25
1771998900,25047.75,25047.75,25037.0,25040.75
1771999200,25041.5,25044.0,25032.0,25035.25
1771999500,25035.0,25043.25,25034.25,25039.75
1771999800,25039.0,25046.0,25035.25,25045.5
1772000100,25043.75,25047.75,25040.5,25047.5
1772000400,25048.25,25058.75,25043.75,25049.25
1772000700,25051.0,25058.75,25040.75,25041.0
1772001000,25040.0,25050.75,25036.5,25048.75
1772001300,25049.75,25058.75,25047.75,25054.25
1772001600,25053.75,25054.25,25043.75,25044.75
1772001900,25044.5,25045.25,25037.5,25043.5
1772002200,25040.25,25046.5,25038.25,25042.5
1772002500,25042.0,25043.5,25038.25,25041.75
1772002800,25043.0,25051.25,25035.0,25045.0
1772003100,25044.0,25048.0,25037.75,25048.0
1772003400,25049.5,25053.5,25040.25,25041.25
1772003700,25042.25,25048.25,25035.25,25038.0
1772004000,25040.25,25046.5,25038.25,25041.0
1772004300,25039.75,25043.5,25036.25,25041.75
1772004600,25040.25,25042.75,25026.5,25029.5
1772004900,25028.5,25030.25,25017.5,25028.75
1772005200,25029.0,25034.5,25025.25,25027.5
1772005500,25027.0,25035.0,25026.25,25033.0
1772005800,25033.75,25042.25,25032.75,25041.25
1772006100,25041.25,25042.0,25034.5,25036.25
1772006400,25036.0,25071.25,25036.0,25071.25
1772006700,25070.75,25077.5,25053.25,25060.75
1772007000,25057.75,25061.25,25049.5,25056.75
1772007300,25056.75,25068.5,25048.75,25067.75
1772007600,25067.75,25082.0,25067.5,25078.25
1772007900,25078.75,25090.0,25072.75,25075.0
1772008200,25075.75,25077.75,25061.75,25064.75
1772008500,25063.5,25078.75,25062.5,25069.75
1772008800,25071.5,25080.25,25070.0,25076.25
1772009100,25076.25,25083.25,25069.0,25083.25
1772009400,25081.25,25083.75,25064.0,25069.5
1772009700,25069.5,25076.5,25067.25,25074.5
1772010000,25072.5,25075.75,25062.0,25064.25
1772010300,25063.5,25082.0,25055.25,25080.5
1772010600,25080.25,25087.25,25074.0,25081.0
1772010900,25079.5,25080.75,25069.5,25073.75
1772011200,25074.5,25082.75,25072.0,25072.5
1772011500,25073.5,25079.5,25064.25,25068.5
1772011800,25070.0,25073.25,25064.0,25071.0
1772012100,25070.75,25077.75,25065.5,25076.75
1772012400,25075.0,25083.0,25073.75,25082.0
1772012700,25082.25,25087.75,25072.25,25075.75
1772013000,25075.75,25081.0,25074.25,25080.5
1772013300,25079.5,25085.5,25079.5,25082.5
1772013600,25082.75,25086.0,25073.0,25073.5
1772013900,25073.75,25076.0,25066.25,25073.5
1772014200,25074.0,25077.25,25067.0,25071.0
1772014500,25072.25,25074.25,25065.75,25068.75
1772014800,25068.25,25078.5,25065.5,25073.25
1772015100,25073.75,25082.5,25071.75,25076.25
1772015400,25077.25,25081.75,25073.0,25076.25
1772015700,25075.75,25092.75,25075.5,25089.0
1772016000,25089.25,25094.75,25087.25,25087.75
1772016300,25087.5,25088.25,25081.0,25085.25
1772016600,25084.75,25084.75,25070.5,25071.75
1772016900,25072.0,25074.5,25067.25,25073.25
1772017200,25074.25,25077.75,25069.75,25071.25
1772017500,25071.75,25077.5,25068.5,25074.25
1772017800,25074.25,25081.25,25074.0,25079.75
1772018100,25079.5,25082.25,25074.0,25074.75
1772018400,25076.0,25085.0,25071.25,25080.25
1772018700,25079.75,25084.0,25079.75,25081.0
1772019000,25081.5,25100.0,25081.5,25096.75
1772019300,25096.25,25106.5,25092.25,25106.5
1772019600,25106.75,25110.25,25103.25,25108.75
1772019900,25109.5,25120.25,25107.75,25113.75
1772020200,25113.75,25121.0,25112.25,25120.75
1772020500,25120.75,25128.5,25119.75,25124.75
1772020800,25124.5,25131.5,25114.5,25120.5
1772021100,25118.25,25125.5,25115.25,25122.25
1772021400,25122.0,25125.0,25105.0,25112.0
1772021700,25111.75,25132.5,25110.0,25127.75
1772022000,25128.25,25149.0,25128.0,25141.0
1772022300,25142.5,25150.0,25132.25,25133.25
1772022600,25132.75,25141.5,25123.0,25138.75
1772022900,25138.75,25143.0,25132.0,25134.75
1772023200,25135.0,25135.5,25126.75,25130.5
1772023500,25130.75,25142.25,25129.75,25136.0
1772023800,25136.0,25146.75,25135.75,25143.25
1772024100,25144.0,25145.75,25132.0,25138.5
1772024400,25139.25,25147.0,25133.75,25139.5
1772024700,25139.75,25146.75,25138.25,25140.0
1772025000,25140.25,25153.0,25139.25,25149.25
1772025300,25147.75,25148.75,25138.5,25140.5
1772025600,25140.75,25140.75,25131.5,25140.25
1772025900,25140.0,25147.0,25138.25,25143.0
1772026200,25143.75,25143.75,25123.75,25132.25
1772026500,25131.75,25138.75,25129.0,25135.5
1772026800,25134.5,25144.25,25133.0,25134.75
1772027100,25134.0,25146.5,25132.75,25142.25
1772027400,25142.25,25146.75,25137.5,25145.5
1772027700,25145.25,25165.75,25144.75,25150.25
1772028000,25150.75,25164.75,25147.25,25150.75
1772028300,25150.75,25171.25,25145.0,25166.25
1772028600,25167.25,25177.5,25155.5,25156.25
1772028900,25156.25,25156.25,25129.75,25139.75
1772029200,25140.0,25153.25,25134.75,25151.75
1772029500,25152.25,25164.25,25144.0,25160.75
1772029800,25160.5,25244.0,25156.75,25223.0
1772030100,25222.25,25254.5,25217.25,25246.75
1772030400,25245.75,25279.0,25233.75,25271.25
1772030700,25272.25,25332.0,25271.0,25319.0
1772031000,25319.5,25348.5,25315.5,25335.0
1772031300,25335.25,25353.25,25303.0,25344.0
1772031600,25343.25,25361.75,25333.75,25334.0
1772031900,25334.5,25344.0,25309.25,25318.0
1772032200,25318.0,25325.25,25303.25,25309.0
1772032500,25308.0,25314.5,25285.25,25297.75
1772032800,25297.0,25315.75,25282.75,25308.5
1772033100,25308.75,25340.75,25304.5,25334.25
1772033400,25334.0,25341.5,25294.25,25297.5
1772033700,25297.0,25304.5,25284.5,25296.25
1772034000,25295.75,25315.75,25293.0,25298.0
1772034300,25298.0,25314.5,25297.0,25301.5
1772034600,25302.25,25305.0,25276.25,25283.5
1772034900,25283.0,25298.5,25264.5,25295.25
1772035200,25295.25,25310.75,25284.0,25292.0
1772035500,25292.0,25305.75,25283.5,25304.0
1772035800,25304.25,25305.25,25287.75,25299.25
1772036100,25298.75,25301.0,25282.75,25290.5
1772036400,25290.5,25303.25,25283.75,25295.0
1772036700,25294.75,25304.75,25290.5,25300.75
1772037000,25300.5,25315.25,25298.25,25299.75
1772037300,25299.25,25314.25,25293.25,25313.5
1772037600,25313.25,25327.5,25311.0,25320.5
1772037900,25320.75,25332.0,25317.5,25323.5
1772038200,25323.5,25333.25,25318.75,25324.25
1772038500,25324.25,25324.75,25313.75,25316.5
1772038800,25316.75,25332.5,25314.0,25328.5
1772039100,25328.75,25335.5,25310.5,25327.5
1772039400,25326.75,25341.0,25323.25,25339.0
1772039700,25339.25,25339.75,25331.5,25335.5
1772040000,25335.25,25339.0,25330.25,25335.75
1772040300,25336.25,25339.5,25319.5,25321.25
1772040600,25321.0,25328.75,25315.0,25321.25
1772040900,25321.25,25336.5,25321.25,25330.75
1772041200,25330.75,25340.75,25328.5,25333.75
1772041500,25334.0,25345.0,25330.5,25337.75
1772041800,25337.5,25351.5,25336.75,25347.5
1772042100,25347.75,25355.0,25342.75,25352.25
1772042400,25352.75,25358.0,25345.0,25346.75
1772042700,25347.25,25348.25,25341.25,25346.75
1772043000,25346.25,25355.25,25344.5,25344.75
1772043300,25344.5,25346.0,25336.5,25340.25
1772043600,25340.25,25343.25,25337.5,25338.25
1772043900,25337.75,25343.0,25337.25,25339.25
1772044200,25339.5,25342.0,25334.25,25338.75
1772044500,25338.75,25342.25,25335.0,25341.25
1772044800,25341.25,25354.0,25340.75,25350.75
1772045100,25351.0,25354.5,25347.75,25353.0
1772045400,25353.25,25356.0,25349.25,25353.75
1772045700,25354.25,25354.5,25348.75,25350.5
1772046000,25350.25,25372.75,25349.5,25363.75
1772046300,25363.5,25374.0,25360.25,25370.0
1772046600,25369.5,25371.25,25362.25,25365.75
1772046900,25366.0,25378.0,25364.0,25376.25
1772047200,25376.25,25376.5,25366.25,25370.25
1772047500,25370.0,25376.5,25367.25,25371.0
1772047800,25371.25,25378.5,25370.25,25374.5
1772048100,25373.75,25377.25,25371.0,25372.75
1772048400,25373.0,25376.5,25365.75,25366.25
1772048700,25366.0,25375.0,25364.25,25372.25
1772049000,25372.75,25375.5,25367.75,25373.5
1772049300,25373.5,25375.0,25368.0,25368.75
1772049600,25368.5,25372.75,25364.75,25368.25
1772049900,25368.5,25376.5,25365.5,25374.75
1772050200,25375.0,25375.0,25367.5,25370.75
1772050500,25370.75,25374.0,25367.25,25372.25
1772050800,25372.75,25372.75,25359.5,25363.0
1772051100,25363.25,25374.0,25362.0,25366.75
1772051400,25366.75,25366.75,25352.0,25356.75
1772051700,25356.75,25378.0,25354.25,25373.75
1772052000,25373.5,25384.0,25370.25,25374.0
1772052300,25374.0,25387.5,25371.5,25381.0
1772052600,25380.75,25396.5,25369.0,25387.0
1772052900,25387.5,25387.5,25372.25,25383.25
1772053200,25383.75,25391.25,25371.25,25384.0
1772053500,25384.25,25407.0,25384.25,25401.0
1772053800,25400.5,25400.75,25387.75,25391.75
1772054100,25391.0,25400.0,25379.0,25381.75
1772054400,25382.75,25395.25,25370.0,25387.0
1772054700,25386.5,25423.75,25376.25,25395.5
1772055000,25395.5,25484.75,25382.0,25477.5
1772055300,25474.5,25494.75,25452.5,25483.75
1772055600,25482.25,25485.0,25452.75,25459.0
1772055900,25460.0,25463.25,25436.25,25453.0
1772056200,25452.0,25467.0,25439.5,25462.0
1772056500,25462.5,25471.5,25454.0,25461.75
1772060400,25388.25,25418.25,25366.0,25381.75
1772060700,25382.25,25409.25,25365.5,25405.5
1772061000,25405.75,25405.75,25377.0,25380.5
1772061300,25380.0,25392.75,25372.25,25376.0
1772061600,25376.25,25378.0,25367.25,25368.25
1772061900,25368.0,25385.0,25361.25,25383.5
1772062200,25383.5,25387.5,25346.25,25352.5
1772062500,25352.0,25355.0,25321.75,25325.5
1772062800,25325.5,25326.25,25274.75,25309.25
1772063100,25308.25,25333.25,25301.5,25317.5
1772063400,25318.25,25324.25,25302.0,25309.25
1772063700,25308.75,25327.0,25307.75,25317.25
1772064000,25315.75,25338.0,25304.5,25321.5
1772064300,25320.75,25325.25,25310.25,25316.0
1772064600,25316.75,25336.25,25316.0,25331.5
1772064900,25331.75,25336.75,25321.25,25327.5
1772065200,25328.75,25332.5,25318.25,25325.25
1772065500,25325.0,25340.0,25319.0,25337.0
1772065800,25337.75,25341.5,25323.0,25331.75
1772066100,25330.75,25335.75,25312.5,25317.5
1772066400,25318.25,25320.75,25302.0,25309.25
1772066700,25309.75,25320.25,25309.0,25317.75
1772067000,25318.0,25324.0,25311.0,25322.25
1772067300,25322.5,25324.25,25308.0,25315.75
1772067600,25316.25,25320.0,25307.5,25312.75
1772067900,25313.0,25314.0,25288.75,25290.75
1772068200,25289.75,25313.5,25288.75,25311.5
1772068500,25312.25,25313.5,25299.75,25310.75
1772068800,25310.75,25314.75,25290.0,25292.5
1772069100,25294.0,25301.5,25273.75,25274.25
1772069400,25273.75,25288.75,25264.75,25287.75
1772069700,25285.5,25300.0,25285.5,25298.25
1772070000,25299.0,25313.0,25299.0,25307.5
1772070300,25308.0,25315.25,25304.75,25310.25
1772070600,25309.0,25311.5,25305.25,25311.25
1772070900,25311.0,25319.75,25305.75,25316.25
1772071200,25315.5,25319.25,25303.5,25309.25
1772071500,25308.5,25309.25,25291.75,25304.25
1772071800,25304.75,25306.5,25291.0,25293.5
1772072100,25294.75,25310.5,25294.75,25306.5
1772072400,25307.0,25312.0,25301.5,25305.0
1772072700,25304.75,25305.25,25298.0,25300.25
1772073000,25300.0,25303.5,25294.0,25294.5
1772073300,25294.0,25302.0,25292.5,25297.0
1772073600,25296.0,25299.0,25288.75,25294.5
1772073900,25294.75,25303.5,25294.75,25301.5
1772074200,25301.25,25309.5,25300.75,25303.0
1772074500,25304.25,25308.5,25302.25,25308.0
1772074800,25306.75,25312.25,25302.5,25305.0
1772075100,25303.25,25304.75,25295.0,25295.0
1772075400,25296.75,25303.25,25294.75,25301.25
1772075700,25301.5,25309.5,25300.25,25301.25
1772076000,25302.0,25308.0,25300.25,25306.75
1772076300,25306.0,25311.25,25304.5,25306.0
1772076600,25305.25,25314.5,25303.75,25312.5
1772076900,25312.5,25317.25,25309.5,25311.0
1772077200,25310.75,25323.5,25310.75,25313.0
1772077500,25312.25,25318.25,25310.75,25313.25
1772077800,25312.75,25313.75,25306.25,25306.5
1772078100,25306.25,25308.75,25298.5,25301.75
1772078400,25300.5,25308.75,25295.75,25300.0
1772078700,25300.75,25310.5,25298.0,25310.5
1772079000,25309.0,25310.25,25299.75,25301.0
1772079300,25300.75,25302.5,25295.25,25301.25
1772079600,25301.25,25304.25,25298.25,25300.0
1772079900,25299.75,25301.5,25295.75,25298.75
1772080200,25299.5,25301.5,25293.25,25294.25
1772080500,25295.0,25305.75,25294.5,25303.25
1772080800,25302.75,25302.75,25298.5,25300.25
1772081100,25299.75,25301.25,25296.75,25300.25
1772081400,25301.25,25306.25,25300.25,25303.25
1772081700,25302.75,25302.75,25299.25,25299.25
1772082300,25286.0,25290.0,25283.5,25290.0
1772082600,25290.5,25293.75,25284.75,25285.25
1772082900,25285.0,25300.0,25283.5,25300.0
1772083200,25299.25,25303.75,25296.5,25300.25
1772083500,25300.5,25301.75,25293.5,25295.75
1772083800,25295.5,25298.0,25291.75,25295.75
1772084100,25295.0,25299.5,25292.25,25296.0
1772084400,25295.5,25300.0,25294.5,25297.5
1772084700,25299.0,25309.5,25298.5,25306.75
1772085000,25305.75,25306.25,25295.5,25298.75
1772085300,25299.75,25309.75,25299.75,25308.0
1772085600,25308.0,25321.25,25307.0,25307.25
1772085900,25308.25,25326.25,25308.0,25324.75
1772086200,25324.25,25333.0,25322.25,25333.0
1772086500,25333.0,25333.5,25318.5,25323.75
1772086800,25323.25,25330.0,25320.5,25324.75
1772087100,25325.25,25326.75,25316.75,25320.0
1772087400,25319.0,25335.5,25316.75,25330.25
1772087700,25330.0,25338.0,25326.0,25335.0
1772088000,25335.5,25340.5,25330.25,25334.75
1772088300,25335.5,25345.0,25333.25,25336.0
1772088600,25335.75,25341.0,25322.25,25324.75
1772088900,25324.5,25329.5,25322.25,25327.5
1772089200,25327.25,25340.75,25326.25,25339.5
1772089500,25338.75,25346.25,25334.0,25346.25
1772089800,25345.25,25351.0,25339.5,25347.5
1772090100,25346.75,25349.25,25341.25,25347.0
1772090400,25346.75,25355.75,25331.75,25332.25
1772090700,25332.0,25343.25,25328.75,25341.25
1772091000,25341.0,25348.5,25339.75,25343.5
1772091300,25343.75,25346.5,25339.25,25343.5
1772091600,25342.5,25361.5,25342.25,25360.5
1772091900,25360.0,25364.75,25348.0,25352.75
1772092200,25351.75,25356.5,25345.5,25354.75
1772092500,25354.0,25357.5,25347.0,25347.25
1772092800,25348.0,25360.5,25344.0,25353.5
1772093100,25353.25,25361.0,25347.25,25350.0
1772093400,25349.25,25367.25,25347.75,25365.0
1772093700,25365.5,25381.5,25364.5,25381.0
1772094000,25380.25,25392.25,25366.0,25369.75
1772094300,25370.25,25378.0,25363.0,25372.0
1772094600,25372.75,25375.0,25351.5,25359.25
1772094900,25359.75,25366.25,25350.0,25359.25
1772095200,25357.5,25360.0,25350.75,25355.75
1772095500,25353.5,25357.5,25343.25,25346.5
1772095800,25347.5,25356.25,25346.5,25348.25
1772096100,25348.5,25360.0,25348.25,25350.0
1772096400,25349.75,25360.5,25347.5,25350.5
1772096700,25351.5,25357.5,25346.0,25355.25
1772097000,25355.0,25372.0,25353.75,25372.0
1772097300,25372.75,25377.25,25364.5,25366.25
1772097600,25366.25,25375.75,25364.0,25364.5
1772097900,25364.25,25380.25,25364.0,25379.75
1772098200,25379.25,25387.5,25375.25,25379.0
1772098500,25380.5,25392.75,25380.5,25391.25
1772098800,25392.0,25398.5,25388.5,25393.5
1772099100,25394.0,25401.5,25392.0,25399.25
1772099400,25398.5,25399.0,25380.25,25381.75
1772099700,25381.25,25384.75,25377.25,25378.5
1772100000,25379.25,25383.5,25375.25,25380.75
1772100300,25380.5,25382.25,25373.75,25379.5
1772100600,25378.75,25388.25,25378.5,25383.0
1772100900,25383.5,25385.5,25372.75,25377.0
1772101200,25376.25,25379.5,25364.25,25365.25
1772101500,25365.75,25370.5,25362.25,25363.5
1772101800,25363.5,25373.25,25361.25,25366.25
1772102100,25367.75,25368.0,25353.25,25361.75
1772102400,25361.0,25370.5,25360.0,25368.0
1772102700,25369.25,25369.25,25361.5,25362.25
1772103000,25363.25,25363.25,25353.25,25354.75
1772103300,25354.0,25357.75,25347.5,25356.5
1772103600,25357.5,25360.75,25345.25,25356.75
1772103900,25356.5,25363.25,25353.5,25355.0
1772104200,25355.25,25361.0,25349.25,25356.5
1772104500,25354.25,25354.75,25350.0,25352.75
1772104800,25351.75,25361.0,25351.0,25359.5
1772105100,25360.75,25369.5,25360.5,25365.0
1772105400,25362.75,25370.0,25360.0,25364.5
1772105700,25365.75,25369.75,25361.25,25366.25
1772106000,25366.25,25367.25,25356.25,25356.75
1772106300,25357.5,25362.5,25350.75,25361.5
1772106600,25362.5,25366.0,25354.25,25361.5
1772106900,25362.0,25369.5,25359.75,25362.0
1772107200,25361.75,25377.5,25360.25,25372.5
1772107500,25374.0,25378.5,25368.0,25376.75
1772107800,25377.25,25379.0,25363.5,25365.0
1772108100,25364.25,25380.75,25363.25,25369.5
1772108400,25370.0,25384.25,25368.0,25383.75
1772108700,25383.75,25389.0,25376.25,25386.75
1772109000,25386.75,25388.75,25378.0,25384.75
1772109300,25384.25,25384.25,25369.25,25376.25
1772109600,25377.25,25390.75,25375.5,25387.25
1772109900,25386.25,25386.75,25375.75,25379.5
1772110200,25378.75,25382.75,25373.5,25377.5
1772110500,25376.75,25383.0,25370.0,25374.0
1772110800,25372.75,25380.0,25361.25,25363.5
1772111100,25363.0,25373.5,25361.5,25370.75
1772111400,25370.25,25379.0,25364.75,25377.5
1772111700,25377.25,25391.75,25373.0,25384.75
1772112000,25384.75,25392.0,25382.5,25385.75
1772112300,25386.0,25399.25,25384.0,25398.25
1772112600,25398.25,25402.75,25391.5,25400.0
1772112900,25399.5,25401.0,25387.25,25397.0
1772113200,25397.0,25400.25,25386.0,25387.25
1772113500,25387.5,25415.25,25385.5,25411.0
1772113800,25410.75,25410.75,25394.0,25397.75
1772114100,25397.5,25400.25,25380.5,25383.75
1772114400,25383.0,25398.75,25382.0,25389.25
1772114700,25389.0,25390.25,25372.5,25374.25
1772115000,25373.75,25379.75,25367.0,25378.25
1772115300,25377.75,25384.75,25366.5,25382.25
1772115600,25382.25,25383.5,25360.25,25370.0
1772115900,25370.5,25370.75,25341.0,25342.5
1772116200,25341.25,25342.0,25256.0,25272.5
1772116500,25272.5,25295.75,25224.5,25275.25
1772116800,25276.25,25293.5,25232.0,25266.5
1772117100,25265.25,25266.0,25209.25,25230.25
1772117400,25229.75,25254.25,25188.5,25215.25
1772117700,25216.25,25241.5,25181.25,25193.0
1772118000,25193.5,25210.75,25134.25,25173.25
1772118300,25173.5,25178.0,25141.5,25145.75
1772118600,25145.75,25174.0,25064.0,25066.25
1772118900,25067.0,25067.25,24946.75,24955.0
1772119200,24952.75,24981.25,24900.0,24916.75
1772119500,24917.0,24970.5,24885.0,24932.25
1772119800,24933.0,24936.5,24861.75,24871.25
1772120100,24872.5,24976.0,24871.0,24975.25
1772120400,24974.75,25000.75,24959.25,24989.5
1772120700,24989.5,25026.25,24979.25,25015.0
1772121000,25013.5,25026.75,24984.25,25009.5
1772121300,25009.25,25024.0,24980.5,24998.75
1772121600,24999.5,25027.0,24985.5,25023.75
1772121900,25024.25,25041.0,24997.25,25023.5
1772122200,25024.25,25051.0,25020.0,25047.0
1772122500,25047.5,25069.75,25031.25,25034.75
1772122800,25034.75,25060.0,25027.75,25048.75
1772123100,25050.5,25085.5,25049.75,25058.75
1772123400,25058.75,25070.0,25046.0,25064.5
1772123700,25065.0,25068.25,25006.75,25017.75
1772124000,25017.5,25036.25,24997.0,25001.5
1772124300,25001.75,25022.25,24975.0,25020.0
1772124600,25020.0,25029.5,24977.0,24977.5
1772124900,24979.25,24983.25,24954.25,24963.5
1772125200,24963.75,24998.5,24960.0,24995.5
1772125500,24995.5,25009.25,24987.0,24989.0
1772125800,24989.0,25003.25,24966.5,24966.5
1772126100,24967.0,24977.5,24953.0,24965.5
1772126400,24966.0,24970.5,24954.75,24965.25
1772126700,24965.25,24974.25,24959.0,24968.0
1772127000,24966.75,25008.0,24964.75,24992.5
1772127300,24992.5,24992.75,24944.5,24955.25
1772127600,24955.5,24963.5,24942.25,24944.5
1772127900,24944.25,24949.25,24915.75,24921.75
1772128200,24921.25,24953.5,24912.0,24951.25
1772128500,24950.75,24950.75,24926.25,24934.75
1772128800,24935.25,24939.0,24908.0,24915.25
1772129100,24917.0,24926.5,24888.75,24905.5
1772129400,24905.0,24922.5,24901.0,24908.25
1772129700,24908.0,24931.0,24890.5,24929.0
1772130000,24928.75,24932.75,24907.0,24932.25
1772130300,24930.75,24935.75,24916.5,24919.75
1772130600,24918.75,24981.0,24908.25,24974.75
1772130900,24975.25,25006.75,24958.5,24997.5
1772131200,24998.75,25014.0,24989.5,24999.5
1772131500,24999.75,25030.75,24982.25,24999.75
1772131800,24999.75,25001.0,24977.25,24992.25
1772132100,24991.75,25011.75,24986.5,25001.5
1772132400,25002.0,25031.75,24988.25,25026.5
1772132700,25027.0,25058.75,25023.75,25055.25
1772133000,25056.0,25072.0,25048.0,25059.5
1772133300,25059.75,25082.0,25058.5,25063.0
1772133600,25063.5,25086.25,25058.5,25078.75
1772133900,25078.0,25078.75,25040.25,25048.25
1772134200,25048.75,25078.25,25039.5,25072.5
1772134500,25072.75,25075.0,25057.75,25062.75
1772134800,25063.5,25068.5,25055.5,25063.5
1772135100,25064.25,25093.75,25063.5,25085.75
1772135400,25085.5,25091.0,25070.25,25090.5
1772135700,25091.0,25099.0,25061.25,25063.0
1772136000,25062.75,25088.0,25053.75,25084.0
1772136300,25083.75,25094.75,25048.25,25049.5
1772136600,25049.75,25053.25,25036.75,25037.25
1772136900,25037.0,25053.5,25026.75,25047.5
1772137200,25047.75,25051.0,25024.0,25033.5
1772137500,25034.25,25045.75,25026.25,25029.75
1772137800,25028.75,25069.5,25027.5,25069.0
1772138100,25069.5,25072.75,25056.0,25070.0
1772138400,25069.5,25072.0,25051.25,25065.25
1772138700,25065.25,25069.25,25046.25,25057.75
1772139000,25057.0,25067.25,25040.25,25065.0
1772139300,25064.5,25086.75,25056.5,25083.25
1772139600,25082.75,25090.0,25068.0,25082.5
1772139900,25082.0,25088.5,25058.0,25063.5
1772140200,25063.25,25071.0,25060.25,25070.0
1772140500,25070.0,25074.25,25066.0,25068.75
1772140800,25068.0,25075.5,25062.75,25067.0
1772141100,25066.5,25069.5,25062.25,25068.0
1772141400,25068.25,25072.0,25062.5,25063.75
1772141700,25063.5,25064.75,25048.0,25056.25
1772142000,25057.0,25059.75,25047.5,25050.5
1772142300,25049.5,25050.25,25038.25,25042.5
1772142600,25042.75,25052.0,25038.25,25039.5
1772142900,25039.75,25044.25,25024.75,25028.0
1772146800,25024.25,25030.0,24975.0,24980.0
1772147100,24980.75,24988.0,24955.0,24982.25
1772147400,24982.5,25022.5,24975.5,25017.25
1772147700,25018.5,25035.0,25010.0,25029.25
1772148000,25029.5,25038.0,25024.0,25024.25
1772148300,25025.0,25025.5,25010.75,25022.0
1772148600,25023.25,25023.5,25003.5,25009.5
1772148900,25009.5,25009.5,24987.5,25006.0
1772149200,25004.5,25006.25,24984.75,24990.25
1772149500,24991.25,25000.5,24978.0,24978.5
1772149800,24979.0,24997.0,24975.0,24995.75
1772150100,24996.25,25004.0,24986.75,24995.25
1772150400,24995.0,24999.5,24981.25,24985.75
1772150700,24985.75,25011.5,24982.75,25006.0
1772151000,25007.5,25021.25,25002.75,25011.75
1772151300,25010.5,25023.5,25008.0,25021.0
1772151600,25020.25,25026.5,25006.5,25011.5
1772151900,25012.0,25012.0,24994.0,24999.0
1772152200,24998.5,25003.25,24981.5,24990.25
1772152500,24989.25,24998.5,24969.75,24972.25
1772152800,24973.0,24979.0,24958.0,24960.25
1772153100,24960.0,24987.25,24954.75,24986.75
1772153400,24987.0,24996.25,24982.25,24985.75
1772153700,24985.75,24989.0,24980.0,24986.0
1772154000,24986.0,24998.75,24986.0,24996.5
1772154300,24997.0,25001.0,24978.0,24979.0
1772154600,24979.75,25006.0,24975.75,25003.5
1772154900,25003.75,25018.25,24999.75,25003.0
1772155200,25001.75,25007.5,24986.75,24992.0
1772155500,24992.75,25007.5,24986.75,24989.0
1772155800,24987.25,24997.25,24972.75,24997.25
1772156100,24997.25,25006.5,24989.75,24995.5
1772156400,24995.75,24995.75,24975.0,24976.25
1772156700,24976.0,24987.5,24971.0,24974.5
1772157000,24977.5,24995.25,24975.5,24991.5
1772157300,24990.75,25003.5,24986.5,24991.75
1772157600,24994.5,25006.25,24994.5,25003.25
1772157900,25002.5,25017.25,24998.75,25002.75
1772158200,25002.25,25002.75,24985.25,24999.0
1772158500,24998.5,25013.25,24997.75,25010.5
1772158800,25011.0,25014.25,25002.25,25009.0
1772159100,25008.75,25019.0,25008.75,25016.25
1772159400,25015.0,25016.5,25005.25,25005.5
1772159700,25005.5,25007.25,24993.5,25004.25
1772160000,25004.5,25008.0,24998.0,25006.75
1772160300,25007.25,25017.25,25002.75,25017.25
1772160600,25016.75,25023.5,25011.5,25021.25
1772160900,25022.0,25033.25,25017.75,25031.75
1772161200,25032.0,25036.0,25029.0,25034.0
1772161500,25034.25,25034.5,25029.25,25031.25
1772161800,25030.0,25031.5,25024.0,25026.75
1772162100,25027.25,25032.25,25019.0,25024.0
1772162400,25024.25,25024.25,25013.75,25019.75
1772162700,25018.75,25019.75,25011.25,25015.0
1772163000,25015.0,25023.5,25014.75,25017.5
1772163300,25018.25,25019.0,25001.75,25011.25
1772163600,25011.0,25018.25,25010.75,25017.75
1772163900,25017.25,25027.0,25011.75,25022.0
1772164200,25021.0,25028.5,25018.0,25023.5
1772164500,25025.0,25034.25,25024.75,25024.75
1772164800,25026.5,25036.25,25025.0,25033.5
1772165100,25034.0,25036.25,25026.25,25030.25
1772165400,25032.25,25034.5,25023.0,25024.25
1772165700,25024.75,25024.75,25012.0,25015.0
1772166000,25013.25,25029.5,25012.25,25027.75
1772166300,25027.75,25030.0,25026.5,25027.5
1772166600,25027.25,25028.0,25021.5,25025.25
1772166900,25024.0,25034.5,25017.25,25029.5
1772167200,25029.5,25034.5,25027.75,25032.5
1772167500,25032.25,25032.25,25026.0,25029.0
1772167800,25029.75,25032.0,25022.75,25023.5
1772168100,25024.25,25025.75,25020.5,25021.5
1772168700,25041.0,25042.0,25037.25,25037.25
1772169000,25037.0,25047.25,25033.0,25046.75
1772169300,25045.75,25052.75,25045.0,25052.0
1772169600,25052.25,25057.0,25047.75,25049.0
1772169900,25049.5,25057.25,25049.25,25055.5
1772170200,25055.25,25059.5,25054.0,25058.25
1772170500,25058.5,25059.0,25048.75,25055.0
1772170800,25055.0,25055.25,25048.0,25054.5
1772171100,25055.75,25061.0,25051.75,25055.75
1772171400,25055.5,25057.25,25044.0,25049.0
1772171700,25050.5,25051.75,25035.5,25039.5
1772172000,25040.0,25044.75,25034.0,25040.25
1772172300,25037.75,25046.25,25035.75,25041.25
1772172600,25041.75,25041.75,25010.25,25014.5
1772172900,25015.0,25018.25,25000.25,25004.75
1772173200,25005.25,25008.0,24991.75,24997.5
1772173500,24997.0,25008.0,24991.75,25006.0
1772173800,25004.25,25028.5,25003.0,25024.75
1772174100,25025.5,25036.75,25024.25,25028.0
1772174400,25029.75,25035.25,25026.5,25031.25
1772174700,25032.5,25037.25,25028.75,25035.5
1772175000,25035.75,25035.75,25025.25,25026.75
1772175300,25026.25,25034.25,25022.0,25032.0
1772175600,25033.0,25051.25,25032.75,25042.5
1772175900,25043.5,25054.75,25040.0,25050.0
1772176200,25050.0,25053.75,25044.0,25047.75
1772176500,25046.0,25059.75,25045.5,25058.75
1772176800,25058.0,25066.25,25055.0,25064.5
1772177100,25065.0,25073.25,25065.0,25071.0
1772177400,25070.5,25072.25,25063.75,25069.0
1772177700,25069.5,25075.0,25065.0,25067.5
1772178000,25066.75,25072.0,25061.25,25071.0
1772178300,25071.5,25079.0,25070.75,25074.5
1772178600,25075.0,25079.0,25067.5,25069.75
1772178900,25071.0,25076.5,25063.75,25074.5
1772179200,25072.5,25089.75,25067.0,25075.5
1772179500,25076.25,25086.25,25058.75,25068.25
1772179800,25068.25,25072.75,25045.75,25048.0
1772180100,25047.5,25067.75,25038.25,25065.5
1772180400,25067.0,25071.25,25053.5,25054.0
1772180700,25052.75,25065.75,25047.5,25056.0
1772181000,25057.25,25076.5,25049.0,25049.0
1772181300,25049.25,25060.0,25046.25,25060.0
1772181600,25059.75,25062.0,25054.25,25057.0
1772181900,25056.25,25063.0,25052.5,25057.75
1772182200,25059.5,25067.5,25056.5,25061.0
1772182500,25060.0,25070.75,25058.25,25067.25
1772182800,25067.75,25073.5,25050.5,25060.25
1772183100,25062.5,25080.5,25062.5,25068.0
1772183400,25067.0,25088.75,25066.0,25081.0
1772183700,25080.75,25096.25,25080.75,25092.5
1772184000,25091.0,25098.75,25068.0,25072.5
1772184300,25073.0,25081.25,25067.5,25078.5
1772184600,25078.0,25078.5,25063.75,25064.0
1772184900,25065.0,25068.5,25039.0,25050.75
1772185200,25051.25,25053.75,25030.0,25031.0
1772185500,25031.0,25040.0,25024.5,25035.0
1772185800,25034.75,25047.5,25028.25,25030.75
1772186100,25030.75,25040.25,25029.25,25029.25
1772186400,25030.0,25032.75,24988.0,24992.0
1772186700,24993.0,25011.0,24990.75,25006.0
1772187000,25005.0,25008.75,24966.75,24987.75
1772187300,24987.5,25012.25,24987.25,25006.25
1772187600,25007.0,25017.25,25003.0,25015.0
1772187900,25015.0,25021.75,25009.75,25017.75
1772188200,25017.5,25045.0,25017.0,25037.75
1772188500,25038.75,25038.75,25020.25,25021.75
1772188800,25020.75,25037.25,25020.5,25035.75
1772189100,25035.75,25035.75,25010.25,25012.0
1772189400,25012.0,25019.0,24998.0,25001.0
1772189700,25000.25,25004.0,24984.75,25001.25
1772190000,25000.25,25012.75,24995.0,25002.25
1772190300,25001.75,25007.75,24992.75,24995.75
1772190600,24996.75,25001.5,24986.25,24994.25
1772190900,24994.25,24997.0,24987.0,24995.25
1772191200,24996.0,24999.5,24986.75,24995.25
1772191500,24996.25,25007.75,24987.5,24991.0
1772191800,24991.0,25002.5,24983.25,24994.5
1772192100,24995.0,24996.0,24959.5,24963.75
1772192400,24963.5,24967.75,24928.75,24938.25
1772192700,24939.25,24958.0,24938.25,24947.0
1772193000,24948.25,24958.75,24936.5,24937.75
1772193300,24937.5,24956.75,24931.25,24954.0
1772193600,24952.75,24957.5,24921.25,24937.5
1772193900,24938.25,24957.0,24924.0,24942.25
1772194200,24940.5,24979.5,24935.5,24976.75
1772194500,24977.5,24983.25,24971.5,24978.25
1772194800,24977.5,24994.0,24977.25,24990.75
1772195100,24990.25,24990.25,24972.25,24973.75
1772195400,24974.25,24985.5,24969.5,24975.5
1772195700,24975.5,24976.75,24943.0,24954.75
1772196000,24955.25,24957.25,24925.75,24928.0
1772196300,24927.25,24938.0,24911.25,24915.25
1772196600,24914.5,24934.25,24912.25,24921.5
1772196900,24921.75,24923.75,24898.0,24921.75
1772197200,24919.5,24938.0,24915.5,24937.5
1772197500,24936.5,24942.75,24914.25,24916.75
1772197800,24918.25,24938.25,24905.25,24910.5
1772198100,24911.75,24921.0,24890.5,24901.5
1772198400,24900.25,24924.0,24894.0,24895.75
1772198700,24895.5,24898.0,24874.0,24880.25
1772199000,24881.25,24883.25,24815.0,24836.25
1772199300,24837.75,24845.5,24805.75,24825.25
1772199600,24823.75,24845.0,24793.75,24839.75
1772199900,24840.0,24862.75,24832.25,24858.5
1772200200,24859.5,24868.0,24839.5,24845.75
1772200500,24846.5,24879.25,24838.75,24870.5
1772200800,24871.0,24878.0,24841.75,24846.5
1772201100,24847.25,24850.25,24831.5,24845.0
1772201400,24843.25,24860.25,24836.25,24844.75
1772201700,24844.0,24844.75,24817.25,24821.0
1772202000,24821.25,24838.75,24818.5,24824.75
1772202300,24824.25,24835.0,24796.0,24814.25
1772202600,24815.25,24904.25,24805.0,24880.5
1772202900,24881.25,24909.0,24840.5,24900.75
1772203200,24900.25,24903.5,24782.0,24844.25
1772203500,24845.25,24938.5,24816.25,24926.75
1772203800,24926.75,24935.5,24870.75,24883.75
1772204100,24882.5,24900.0,24850.0,24880.0
1772204400,24879.5,24953.5,24866.5,24921.75
1772204700,24923.25,24980.25,24918.25,24954.5
1772205000,24956.0,24993.5,24950.0,24953.25
1772205300,24954.25,24971.0,24921.25,24948.0
1772205600,24947.25,24997.5,24940.0,24981.25
1772205900,24980.5,24983.5,24945.0,24971.25
1772206200,24971.0,24977.25,24928.0,24954.75
1772206500,24954.5,24995.0,24952.75,24973.0
1772206800,24973.75,25007.25,24955.5,24998.5
1772207100,24999.25,25017.25,24976.25,24982.0
1772207400,24982.75,24986.25,24925.25,24942.75
1772207700,24942.75,24987.25,24922.5,24982.75
1772208000,24983.5,25021.5,24976.25,25002.75
1772208300,25002.5,25006.25,24943.25,24950.75
1772208600,24951.0,24993.75,24950.5,24988.0
1772208900,24988.75,25013.75,24978.0,24990.25
1772209200,24989.25,24991.0,24954.5,24985.0
1772209500,24983.75,24997.5,24962.75,24968.0
1772209800,24969.0,25009.75,24966.25,25005.5
1772210100,25006.75,25009.25,24972.25,24976.0
1772210400,24975.25,24975.25,24932.5,24936.0
1772210700,24936.0,24955.25,24931.5,24936.5
1772211000,24936.75,24988.5,24936.25,24987.0
1772211300,24986.5,25005.75,24965.0,24968.75
1772211600,24969.25,25012.25,24967.5,25000.5
1772211900,25000.5,25036.75,24993.75,25027.25
1772212200,25028.0,25029.0,24956.5,24960.75
1772212500,24961.25,24962.75,24936.5,24942.25
1772212800,24941.5,24946.0,24900.25,24938.75
1772213100,24938.25,24967.25,24934.25,24952.75
1772213400,24952.5,24990.0,24930.0,24982.75
1772213700,24982.5,24994.0,24958.75,24959.5
1772214000,24960.25,24965.5,24925.25,24933.75
1772214300,24934.75,24935.0,24914.0,24926.0
1772214600,24926.5,24947.75,24915.25,24936.25
1772214900,24936.25,24953.75,24936.0,24945.5
1772215200,24945.0,24955.25,24922.25,24929.5
1772215500,24928.75,24943.25,24916.0,24921.75
1772215800,24921.25,24933.5,24911.25,24914.25
1772216100,24912.5,24920.0,24894.0,24898.5
1772216400,24897.75,24907.25,24880.5,24892.0
1772216700,24893.0,24918.0,24874.75,24911.0
1772217000,24911.0,24917.5,24894.25,24902.25
1772217300,24902.5,24914.5,24888.0,24907.0
1772217600,24906.0,24931.25,24906.0,24912.0
1772217900,24912.25,24924.0,24901.75,24905.25
1772218200,24905.25,24916.0,24891.75,24900.75
1772218500,24900.0,24911.0,24886.0,24902.75
1772218800,24902.5,24947.0,24900.25,24944.0
1772219100,24944.0,24963.0,24904.75,24911.5
1772219400,24911.0,24922.25,24897.25,24909.25
1772219700,24910.25,24921.75,24901.75,24909.0
1772220000,24909.75,24917.5,24898.75,24905.25
1772220300,24904.75,24922.0,24898.0,24906.75
1772220600,24906.25,24907.5,24889.75,24900.75
1772220900,24900.0,24919.5,24899.5,24911.5
1772221200,24909.25,24913.5,24873.0,24887.0
1772221500,24886.5,24899.0,24880.0,24884.75
1772221800,24884.5,24896.0,24881.5,24887.0
1772222100,24886.75,24904.25,24885.25,24895.25
1772222400,24894.25,24917.5,24893.5,24900.25
1772222700,24900.25,24924.0,24898.0,24915.0
1772223000,24915.0,24968.75,24913.25,24968.75
1772223300,24968.5,24985.25,24964.75,24980.75
1772223600,24980.75,25004.5,24966.25,24993.5
1772223900,24992.75,25002.0,24976.25,24978.75
1772224200,24978.5,24985.75,24957.25,24960.25
1772224500,24960.25,24961.0,24921.75,24925.0
1772224800,24925.5,24958.5,24923.25,24935.5
1772225100,24935.25,24957.0,24929.75,24953.25
1772225400,24953.5,24985.75,24942.25,24982.5
1772225700,24983.25,25022.75,24966.5,24998.25
1772226000,24998.25,24998.75,24972.75,24982.0
1772226300,24982.25,24985.75,24962.0,24967.5
1772226600,24967.0,24979.5,24962.5,24976.5
1772226900,24976.75,24980.25,24962.0,24965.5
1772227200,24965.75,24966.5,24939.25,24948.75
1772227500,24948.25,24966.25,24944.0,24960.5
1772227800,24961.25,24978.25,24959.25,24970.5
1772228100,24970.0,24976.25,24960.75,24960.75
1772228400,24960.75,24969.0,24960.5,24962.5
1772228700,24963.25,24963.75,24942.75,24948.75
1772229000,24947.75,24952.0,24942.25,24945.25
1772229300,24945.0,25004.75,24943.25,25004.75
1772406600,24785.5,24815.0,24767.75,24777.0
1772406900,24775.5,24801.25,24757.5,24772.25
1772407200,24770.75,24800.0,24765.0,24769.5
1772407500,24773.75,24783.75,24751.0,24765.25
1772407800,24764.75,24769.0,24732.5,24738.25
1772408100,24740.25,24752.75,24714.5,24747.75
1772408400,24747.75,24776.25,24743.0,24771.25
1772408700,24771.25,24779.25,24747.75,24764.25
1772409000,24762.0,24765.75,24731.5,24733.25
1772409300,24735.25,24743.75,24725.25,24742.0
1772409600,24739.25,24762.75,24723.0,24736.25
1772409900,24737.0,24765.0,24727.5,24754.75
1772410200,24755.5,24778.5,24750.0,24758.5
1772410500,24756.25,24758.75,24712.75,24731.5
1772410800,24733.25,24747.5,24718.5,24740.75
1772411100,24742.0,24747.5,24715.0,24733.0
1772411400,24732.0,24739.0,24714.0,24727.75
1772411700,24728.5,24736.0,24718.0,24732.0
1772412000,24734.25,24756.5,24733.0,24753.5
1772412300,24757.25,24777.75,24756.5,24766.5
1772412600,24767.25,24784.0,24767.25,24780.75
1772412900,24781.25,24796.25,24776.0,24786.0
1772413200,24785.5,24799.75,24772.5,24792.5
1772413500,24791.75,24863.5,24791.25,24851.0
1772413800,24852.5,24893.25,24852.5,24873.75
1772414100,24876.25,24883.75,24861.25,24876.75
1772414400,24877.25,24878.75,24853.25,24857.0
1772414700,24856.5,24876.0,24847.75,24869.5
1772415000,24870.5,24901.25,24862.25,24887.0
1772415300,24887.0,24897.5,24874.25,24888.25
1772415600,24888.25,24893.75,24865.25,24869.0
1772415900,24870.75,24873.25,24853.0,24858.25
1772416200,24858.25,24872.75,24856.5,24862.25
1772416500,24862.25,24868.25,24854.25,24861.75
1772416800,24864.0,24873.75,24854.75,24867.25
1772417100,24867.25,24873.75,24834.0,24836.0
1772417400,24834.25,24845.0,24823.0,24838.5
1772417700,24838.75,24845.5,24830.0,24832.5
1772418000,24830.25,24838.25,24814.0,24818.25
1772418300,24817.0,24823.75,24807.75,24809.5
1772418600,24811.0,24837.0,24804.0,24831.75
1772418900,24832.5,24842.25,24828.25,24840.0
1772419200,24840.75,24847.25,24832.5,24838.0
1772419500,24837.75,24842.25,24821.75,24821.75
1772419800,24821.5,24821.75,24796.5,24807.25
1772420100,24806.75,24826.0,24803.75,24821.0
1772420400,24821.25,24828.0,24803.75,24808.0
1772420700,24808.0,24820.5,24802.75,24812.75
1772421000,24813.25,24823.25,24813.25,24819.0
1772421300,24817.25,24830.5,24807.0,24830.0
1772421600,24830.25,24835.5,24805.75,24824.5
1772421900,24822.75,24828.25,24813.0,24819.75
1772422200,24823.0,24823.0,24795.5,24797.0
1772422500,24796.25,24809.75,24785.25,24804.0
1772422800,24805.25,24809.25,24788.25,24795.25
1772423100,24799.0,24802.5,24788.25,24801.5
1772423400,24803.0,24814.0,24795.5,24796.75
1772423700,24796.0,24797.0,24787.0,24791.5
1772424000,24792.75,24798.25,24787.75,24793.0
1772424300,24793.75,24798.25,24791.5,24794.75
1772424600,24793.5,24797.25,24778.25,24796.75
1772424900,24796.25,24809.5,24765.0,24768.0
1772425200,24770.0,24783.5,24740.75,24775.25
1772425500,24777.5,24801.25,24772.0,24799.5
1772425800,24800.0,24807.5,24793.25,24800.25
1772426100,24798.5,24809.75,24796.75,24806.75
1772426400,24807.75,24817.75,24793.0,24793.0
1772426700,24792.5,24796.25,24781.0,24783.75
1772427000,24782.0,24783.5,24766.0,24773.5
1772427300,24773.0,24773.5,24757.5,24761.75
1772427600,24759.0,24769.5,24745.5,24748.25
1772427900,24747.5,24752.0,24730.25,24738.0
1772428200,24737.25,24752.75,24736.5,24743.25
1772428500,24741.75,24757.5,24741.5,24748.5
1772428800,24750.0,24751.5,24718.0,24722.75
1772429100,24720.5,24737.5,24720.0,24729.0
1772429400,24731.75,24738.25,24727.0,24736.75
1772429700,24736.5,24749.25,24725.5,24730.75
1772430000,24730.5,24741.25,24727.25,24734.75
1772430300,24733.5,24738.25,24724.75,24727.0
1772430600,24728.25,24728.5,24710.0,24716.0
1772430900,24714.0,24716.5,24672.0,24677.25
1772431200,24675.75,24695.25,24674.5,24693.0
1772431500,24693.5,24703.0,24683.5,24696.25
1772431800,24696.5,24701.5,24684.0,24691.0
1772432100,24692.5,24698.75,24656.5,24658.0
1772432400,24656.75,24666.0,24633.5,24644.25
1772432700,24645.0,24673.5,24643.0,24668.25
1772433000,24669.75,24679.25,24658.25,24670.25
1772433300,24672.0,24672.0,24629.75,24632.0
1772433600,24631.5,24643.0,24616.75,24620.75
1772433900,24621.0,24622.25,24575.0,24581.5
1772434200,24582.25,24584.0,24528.0,24578.5
1772434500,24577.0,24594.5,24572.5,24590.75
1772434800,24588.0,24602.5,24573.5,24588.25
1772435100,24587.5,24598.0,24533.0,24542.0
1772435400,24542.5,24574.0,24533.0,24541.0
1772435700,24541.25,24578.75,24536.5,24544.75
1772436000,24544.25,24588.25,24533.5,24574.5
1772436300,24574.25,24587.5,24562.5,24567.25
1772436600,24566.25,24583.5,24550.5,24555.75
1772436900,24556.5,24570.25,24547.0,24567.5
1772437200,24568.5,24582.0,24554.75,24577.0
1772437500,24577.25,24577.25,24554.5,24558.25
1772437800,24559.0,24568.0,24542.0,24546.5
1772438100,24545.75,24562.0,24531.0,24540.5
1772438400,24542.0,24556.0,24507.0,24523.25
1772438700,24525.75,24539.25,24503.0,24511.0
1772439000,24510.25,24537.0,24483.0,24530.75
1772439300,24529.5,24537.25,24478.0,24503.5
1772439600,24504.0,24518.0,24477.0,24491.0
1772439900,24488.75,24514.75,24477.25,24489.75
1772440200,24487.75,24526.75,24485.25,24512.25
1772440500,24510.75,24548.25,24509.5,24547.25
1772440800,24547.25,24569.25,24545.75,24554.25
1772441100,24554.5,24581.0,24544.0,24570.0
1772441400,24569.75,24591.0,24569.75,24572.0
1772441700,24572.75,24578.75,24558.5,24563.5
1772442000,24562.25,24595.5,24552.0,24570.25
1772442300,24571.75,24618.0,24570.75,24618.0
1772442600,24617.5,24633.5,24612.75,24617.25
1772442900,24617.75,24648.5,24617.75,24632.0
1772443200,24633.0,24650.0,24621.25,24628.75
1772443500,24629.0,24652.5,24625.75,24637.5
1772443800,24638.75,24654.25,24630.25,24639.0
1772444100,24638.5,24648.5,24625.75,24626.25
1772444400,24626.75,24640.25,24612.0,24635.75
1772444700,24636.25,24637.75,24616.75,24626.5
1772445000,24625.0,24632.75,24610.25,24622.0
1772445300,24621.5,24638.5,24619.75,24629.0
1772445600,24628.5,24672.25,24625.5,24665.25
1772445900,24665.25,24684.25,24653.0,24664.25
1772446200,24667.0,24667.75,24638.5,24646.5
1772446500,24647.0,24656.0,24632.5,24649.5
1772446800,24651.0,24673.0,24646.75,24649.5
1772447100,24649.0,24657.0,24638.0,24656.75
1772447400,24657.25,24675.0,24656.5,24670.0
1772447700,24669.25,24684.5,24668.0,24683.25
1772448000,24681.5,24681.5,24654.0,24680.75
1772448300,24680.5,24683.75,24660.75,24664.0
1772448600,24661.5,24673.75,24655.0,24661.75
1772448900,24664.0,24664.0,24640.75,24657.75
1772449200,24657.75,24667.0,24654.0,24666.75
1772449500,24667.0,24668.75,24636.75,24638.0
1772449800,24638.75,24656.0,24638.0,24645.25
1772450100,24646.0,24661.75,24635.0,24658.5
1772450400,24659.0,24669.5,24646.75,24655.75
1772450700,24659.75,24671.0,24654.75,24655.75
1772451000,24655.75,24689.0,24655.75,24678.75
1772451300,24679.5,24689.0,24667.0,24668.0
1772451600,24668.0,24684.75,24662.25,24681.0
1772451900,24681.75,24729.0,24676.5,24722.25
1772452200,24723.25,24727.75,24687.0,24688.75
1772452500,24689.25,24691.75,24670.0,24688.0
1772452800,24685.75,24705.5,24676.75,24682.25
1772453100,24682.5,24686.5,24650.25,24657.75
1772453400,24656.25,24663.0,24636.75,24661.0
1772453700,24659.75,24659.75,24633.0,24633.75
1772454000,24633.75,24649.5,24630.75,24644.0
1772454300,24643.25,24656.5,24633.25,24634.0
1772454600,24634.0,24655.5,24632.75,24651.5
1772454900,24651.25,24655.5,24628.0,24636.0
1772455200,24635.75,24650.0,24634.75,24640.0
1772455500,24640.5,24664.0,24640.5,24654.5
1772455800,24655.25,24656.0,24621.5,24622.75
1772456100,24621.5,24638.75,24609.75,24629.0
1772456400,24630.0,24652.75,24621.5,24634.25
1772456700,24633.5,24658.5,24631.75,24642.75
1772457000,24644.0,24663.25,24643.75,24648.5
1772457300,24649.5,24678.75,24645.25,24665.75
1772457600,24667.0,24722.0,24662.0,24715.75
1772457900,24716.25,24739.25,24694.75,24700.75
1772458200,24701.75,24710.25,24676.5,24695.0
1772458500,24696.25,24699.5,24666.25,24679.75
1772458800,24680.5,24686.75,24655.0,24656.5
1772459100,24656.75,24675.0,24656.75,24662.75
1772459400,24663.0,24671.75,24642.75,24653.25
1772459700,24653.5,24654.25,24592.75,24620.75
1772460000,24621.5,24632.0,24607.75,24617.25
1772460300,24616.25,24652.0,24616.0,24640.25
1772460600,24639.25,24644.0,24625.0,24633.0
1772460900,24631.75,24636.5,24618.0,24626.0
1772461200,24627.25,24639.5,24618.0,24639.0
1772461500,24638.5,24649.25,24608.0,24644.25
1772461800,24644.75,24849.75,24605.0,24832.75
1772462100,24834.0,24885.0,24795.5,24804.75
1772462400,24805.5,24855.0,24801.25,24838.25
1772462700,24836.0,24897.5,24815.0,24892.25
1772463000,24892.25,24898.5,24809.5,24842.75
1772463300,24842.0,24869.0,24819.75,24862.0
1772463600,24862.0,24907.25,24802.0,24888.5
1772463900,24889.25,24923.75,24871.5,24901.25
1772464200,24902.75,24947.75,24900.5,24930.5
1772464500,24931.5,24946.0,24896.25,24913.0
1772464800,24913.0,24925.0,24866.75,24913.0
1772465100,24914.0,24928.5,24857.0,24881.75
1772465400,24881.75,24900.25,24842.75,24868.25
1772465700,24868.25,24919.25,24842.0,24917.75
1772466000,24918.0,24940.75,24894.5,24939.0
1772466300,24938.75,24958.5,24910.5,24925.25
1772466600,24925.5,24947.75,24882.5,24889.75
1772466900,24889.0,24932.25,24877.5,24924.5
1772467200,24923.75,24933.25,24892.5,24932.0
1772467500,24931.5,24978.5,24920.25,24977.75
1772467800,24977.75,24991.25,24961.25,24972.25
1772468100,24972.5,24975.75,24927.5,24931.75
1772468400,24930.25,24935.25,24915.5,24924.0
1772468700,24923.0,24926.0,24852.0,24867.5
1772469000,24866.5,24910.25,24861.0,24904.0
1772469300,24904.5,24967.5,24887.75,24966.75
1772469600,24966.0,25019.25,24964.5,25013.5
1772469900,25014.0,25039.75,25007.0,25015.75
1772470200,25016.75,25027.25,24994.75,25015.25
1772470500,25016.25,25044.25,25006.75,25033.5
1772470800,25033.75,25035.25,25008.75,25031.0
1772471100,25030.75,25040.5,25014.25,25029.75
1772471400,25029.5,25036.0,25007.5,25030.5
1772471700,25030.75,25068.0,25029.5,25062.25
1772472000,25061.75,25076.5,25051.5,25068.25
1772472300,25068.5,25069.0,25040.75,25045.0
1772472600,25044.0,25056.25,25028.75,25029.25
1772472900,25030.0,25055.0,25027.0,25033.5
1772473200,25034.25,25056.0,25026.25,25046.0
1772473500,25046.5,25059.5,25036.5,25049.5
1772473800,25050.0,25075.75,25040.25,25063.0
1772474100,25064.0,25071.25,25042.75,25065.75
1772474400,25066.0,25073.75,25056.0,25066.75
1772474700,25067.0,25074.75,25046.25,25046.25
1772475000,25046.75,25052.25,25036.5,25049.5
1772475300,25048.5,25050.75,25034.25,25035.75
1772475600,25036.5,25037.5,25016.75,25025.25
1772475900,25023.75,25045.75,25013.5,25036.0
1772476200,25036.25,25039.5,25017.25,25024.75
1772476500,25024.5,25024.5,25000.5,25009.5
1772476800,25009.5,25025.5,24999.75,25021.75
1772477100,25021.0,25021.75,24977.25,24999.5
1772477400,24999.75,25007.25,24982.75,24992.75
1772477700,24992.25,24994.0,24968.5,24972.5
1772478000,24972.0,25000.75,24966.25,24998.0
1772478300,24997.5,25031.0,24988.25,25028.25
1772478600,25029.0,25055.25,25027.0,25049.0
1772478900,25049.5,25087.75,25049.0,25073.5
1772479200,25073.5,25089.0,25063.5,25064.5
1772479500,25064.25,25085.0,25058.0,25079.25
1772479800,25079.75,25092.5,25068.5,25086.75
1772480100,25086.5,25098.25,25082.0,25083.5
1772480400,25083.0,25093.0,25071.75,25076.75
1772480700,25077.0,25101.0,25076.25,25094.5
1772481000,25094.25,25097.25,25084.25,25092.0
1772481300,25092.0,25093.75,25078.75,25082.75
1772481600,25082.5,25088.25,25065.5,25079.75
1772481900,25080.0,25090.5,24989.0,25000.75
1772482200,25001.0,25002.0,24959.0,24967.75
1772482500,24967.25,25020.75,24946.75,25000.75
1772482800,25001.5,25012.5,24974.0,24981.75
1772483100,24981.0,24998.0,24962.0,24966.25
1772483400,24967.5,25010.0,24962.0,25005.0
1772483700,25005.25,25015.75,24980.75,25002.25
1772484000,25002.25,25013.0,24974.5,25008.75
1772484300,25008.0,25030.0,24996.5,25011.5
1772484600,25012.0,25045.25,25008.5,25040.75
1772484900,25041.75,25062.75,25019.0,25021.75
1772485200,25022.0,25028.75,25004.25,25016.0
1772485500,25017.75,25019.5,24976.5,24981.5
1772485800,24982.0,25001.25,24979.0,24997.25
1772486100,24998.0,25000.5,24984.25,24988.75
1772486400,24988.0,25000.75,24984.5,24993.25
1772486700,24993.75,24998.25,24990.0,24997.5
1772487000,24996.25,25003.25,24992.5,25000.75
1772487300,25000.0,25007.75,24997.75,25005.25
1772487600,25005.25,25007.5,25001.75,25005.25
1772487900,25005.25,25006.0,24978.5,24997.75
1772488200,24998.0,25006.5,24994.5,24996.0
1772488500,24996.75,25006.25,24993.25,24995.75
1772492400,25002.75,25011.0,24965.0,24995.25
1772492700,24994.5,24999.75,24970.5,24982.0
1772493000,24982.5,24983.75,24966.5,24972.0
1772493300,24973.25,24977.25,24964.75,24972.0
1772493600,24972.5,24972.5,24947.0,24956.75
1772493900,24956.25,24969.0,24948.0,24960.75
1772494200,24963.0,24971.5,24953.0,24953.0
1772494500,24954.75,24956.0,24944.25,24948.5
1772494800,24949.0,24955.75,24946.5,24947.5
1772495100,24947.25,24962.75,24947.0,24956.25
1772495400,24956.75,24971.0,24954.5,24969.0
1772495700,24968.75,24978.75,24959.0,24971.0
1772496000,24972.5,24982.25,24951.25,24971.5
1772496300,24971.25,24981.25,24956.0,24960.75
1772496600,24963.0,24971.25,24939.5,24947.5
1772496900,24948.0,24957.25,24933.25,24936.5
1772497200,24936.5,24944.0,24930.0,24941.0
1772497500,24942.75,24947.25,24927.0,24939.5
1772497800,24942.0,24945.75,24933.25,24940.5
1772498100,24943.25,24944.75,24930.75,24939.0
1772498400,24939.75,24948.25,24934.75,24946.5
1772498700,24947.25,24952.0,24941.75,24946.0
1772499000,24947.5,24949.25,24935.0,24939.5
1772499300,24940.0,24940.0,24925.0,24931.5
1772499600,24931.75,24935.75,24904.0,24927.5
1772499900,24929.75,24938.5,24921.25,24936.5
1772500200,24936.0,24956.5,24935.75,24942.75
1772500500,24944.25,24957.0,24938.5,24946.25
1772500800,24945.5,24959.5,24932.75,24955.75
1772501100,24958.5,24960.0,24921.25,24923.5
1772501400,24923.25,24934.0,24911.25,24919.25
1772501700,24917.5,24921.5,24893.0,24898.5
1772502000,24899.5,24918.75,24896.0,24909.75
1772502300,24910.5,24914.0,24900.0,24907.5
1772502600,24906.5,24906.5,24890.0,24893.0
1772502900,24892.5,24896.75,24869.0,24872.75
1772503200,24874.0,24878.25,24838.0,24848.75
1772503500,24848.75,24858.25,24835.0,24850.5
1772503800,24847.0,24858.5,24841.25,24853.5
1772504100,24857.0,24859.0,24814.0,24822.5
1772504400,24822.75,24834.5,24806.5,24822.0
1772504700,24823.5,24840.75,24812.0,24837.5
1772505000,24837.25,24852.5,24831.0,24843.25
1772505300,24841.5,24855.75,24836.0,24848.5
1772505600,24849.25,24879.25,24849.25,24862.0
1772505900,24860.75,24877.75,24852.5,24874.0
1772506200,24874.75,24875.5,24856.25,24860.25
1772506500,24861.75,24863.0,24850.75,24861.25
1772506800,24862.75,24883.25,24858.5,24860.5
1772507100,24860.75,24864.0,24844.25,24847.75
1772507400,24844.5,24852.25,24833.25,24851.75
1772507700,24852.75,24860.5,24836.75,24843.0
1772508000,24842.25,24843.0,24828.5,24829.25
1772508300,24830.0,24836.0,24816.0,24823.25
1772508600,24823.25,24833.5,24804.25,24825.25
1772508900,24828.25,24870.0,24826.5,24870.0
1772509200,24868.75,24873.25,24851.5,24863.25
1772509500,24865.0,24880.0,24849.75,24857.0
1772509800,24858.75,24860.75,24839.0,24848.75
1772510100,24848.25,24857.25,24840.25,24846.0
1772510400,24846.5,24864.0,24831.25,24832.0
1772510700,24832.25,24839.5,24825.5,24829.0
1772511000,24828.25,24844.0,24822.5,24835.25
1772511300,24835.75,24840.0,24814.75,24838.5
1772511600,24837.5,24846.25,24827.5,24839.0
1772511900,24838.25,24840.0,24800.75,24815.25
1772512200,24816.0,24830.5,24807.5,24810.75
1772512500,24812.5,24816.0,24800.0,24804.75
1772512800,24803.75,24821.0,24801.5,24818.25
1772513100,24819.5,24825.0,24788.75,24803.5
1772513400,24801.5,24812.5,24795.25,24801.0
1772513700,24802.5,24805.25,24795.0,24802.75
1772514300,24823.25,24829.0,24822.0,24824.5
1772514600,24828.0,24829.0,24796.75,24808.75
1772514900,24810.25,24822.25,24805.5,24815.75
1772515200,24816.25,24818.0,24799.0,24812.25
1772515500,24813.5,24820.25,24803.75,24813.25
1772515800,24811.5,24811.5,24795.75,24802.5
1772516100,24803.5,24807.0,24773.0,24779.0
1772516400,24778.0,24792.75,24771.75,24776.0
1772516700,24776.25,24784.5,24764.5,24770.25
1772517000,24769.75,24774.5,24749.0,24765.0
1772517300,24765.5,24768.5,24744.0,24765.5
1772517600,24765.25,24789.25,24765.25,24768.25
1772517900,24768.25,24772.0,24743.0,24764.5
1772518200,24764.0,24772.75,24757.0,24763.5
1772518500,24763.25,24763.75,24736.0,24745.5
1772518800,24744.0,24770.0,24741.25,24765.75
1772519100,24766.0,24797.75,24759.5,24797.25
1772519400,24795.25,24800.0,24780.0,24780.0
1772519700,24783.25,24786.75,24768.25,24780.25
1772520000,24782.0,24785.0,24757.75,24758.5
1772520300,24757.75,24759.0,24737.0,24741.75
1772520600,24741.0,24756.75,24740.25,24755.0
1772520900,24756.75,24765.25,24750.5,24754.0
1772521200,24753.25,24759.75,24734.0,24759.5
1772521500,24757.75,24767.5,24721.0,24735.0
1772521800,24736.0,24745.75,24727.0,24738.25
1772522100,24738.25,24758.0,24728.5,24751.25
1772522400,24750.5,24753.75,24707.25,24724.5
1772522700,24724.25,24733.0,24692.75,24703.75
1772523000,24703.75,24713.5,24688.25,24691.25
1772523300,24689.75,24695.25,24676.5,24686.75
1772523600,24686.75,24708.5,24684.25,24701.0
1772523900,24700.5,24713.5,24682.75,24683.75
1772524200,24684.0,24693.5,24677.25,24690.0
1772524500,24690.25,24692.5,24668.5,24676.0
1772524800,24674.75,24691.75,24648.0,24678.0
1772525100,24679.0,24692.25,24658.75,24690.0
1772525400,24690.75,24694.5,24634.0,24638.0
1772525700,24638.0,24654.5,24627.0,24653.0
1772526000,24652.0,24662.0,24627.5,24627.5
1772526300,24628.0,24635.75,24597.75,24598.75
1772526600,24598.0,24612.75,24581.0,24607.75
1772526900,24607.0,24621.5,24549.0,24566.5
1772527200,24566.25,24568.25,24506.75,24539.0
1772527500,24538.75,24548.0,24517.75,24533.5
1772527800,24534.0,24547.25,24510.5,24517.75
1772528100,24515.75,24535.0,24505.0,24516.5
1772528400,24516.25,24554.25,24515.25,24543.0
1772528700,24541.75,24581.75,24527.5,24573.75
1772529000,24573.25,24577.75,24536.0,24560.0
1772529300,24558.5,24560.0,24522.0,24535.0
1772529600,24534.25,24555.25,24520.0,24551.75
1772529900,24552.25,24561.0,24509.0,24520.25
1772530200,24520.0,24535.5,24500.25,24502.25
1772530500,24503.75,24543.25,24495.0,24532.75
1772530800,24536.0,24541.5,24496.5,24500.25
1772531100,24500.25,24503.0,24470.75,24484.0
1772531400,24485.25,24492.25,24455.0,24469.25
1772531700,24469.75,24490.0,24444.0,24453.75
1772532000,24454.0,24484.0,24437.5,24472.5
1772532300,24474.25,24481.75,24425.5,24431.5
1772532600,24432.0,24459.0,24422.0,24451.5
1772532900,24447.5,24476.0,24437.75,24450.5
1772533200,24450.5,24480.0,24450.5,24461.75
1772533500,24458.5,24469.5,24433.75,24436.75
1772533800,24436.5,24451.0,24394.75,24403.75
1772534100,24404.75,24416.75,24393.0,24402.5
1772534400,24402.75,24470.25,24402.75,24469.0
1772534700,24468.25,24483.0,24451.25,24456.5
1772535000,24456.0,24478.0,24447.5,24455.5
1772535300,24452.5,24461.0,24400.25,24452.75
1772535600,24450.25,24478.25,24427.5,24469.25
1772535900,24468.25,24468.75,24424.5,24444.5
1772536200,24443.75,24452.0,24423.0,24428.5
1772536500,24428.25,24446.5,24394.25,24406.0
1772536800,24407.25,24465.5,24370.0,24464.25
1772537100,24463.75,24486.75,24447.75,24455.0
1772537400,24457.75,24481.75,24455.5,24466.25
1772537700,24467.5,24508.25,24460.0,24486.75
1772538000,24486.75,24501.75,24474.0,24498.0
1772538300,24497.75,24514.25,24481.25,24485.75
1772538600,24487.75,24509.75,24477.0,24508.25
1772538900,24507.25,24509.5,24471.0,24488.5
1772539200,24487.0,24517.0,24478.5,24514.75
1772539500,24514.5,24552.5,24506.5,24548.75
1772539800,24548.25,24576.0,24537.0,24555.25
1772540100,24556.25,24567.0,24535.5,24560.0
1772540400,24559.25,24601.25,24545.75,24573.0
1772540700,24573.25,24591.0,24566.0,24571.5
1772541000,24570.5,24578.75,24549.75,24578.25
1772541300,24579.25,24591.5,24560.25,24573.25
1772541600,24571.75,24585.75,24555.75,24581.25
1772541900,24582.0,24606.75,24577.5,24597.5
1772542200,24596.75,24605.0,24557.25,24578.5
1772542500,24577.25,24599.0,24576.0,24583.5
1772542800,24584.0,24590.0,24554.0,24565.5
1772543100,24565.0,24569.75,24541.75,24542.5
1772543400,24543.25,24558.5,24528.5,24549.5
1772543700,24550.5,24571.25,24539.75,24554.75
1772544000,24553.75,24575.5,24536.25,24549.75
1772544300,24550.0,24550.25,24515.0,24529.75
1772544600,24530.25,24532.75,24474.25,24505.0
1772544900,24503.0,24513.25,24477.5,24498.0
1772545200,24499.75,24521.5,24483.0,24495.5
1772545500,24496.0,24500.25,24466.0,24475.75
1772545800,24476.25,24501.0,24447.75,24478.75
1772546100,24478.0,24499.0,24473.5,24495.0
1772546400,24496.0,24500.25,24466.0,24482.5
1772546700,24481.75,24507.0,24477.5,24497.25
1772547000,24497.25,24497.25,24456.0,24478.75
1772547300,24478.25,24511.0,24471.25,24496.0
1772547600,24496.0,24543.5,24491.25,24517.25
1772547900,24516.25,24537.0,24507.75,24533.5
1772548200,24534.5,24627.0,24515.25,24527.75
1772548500,24528.5,24661.25,24502.5,24593.75
1772548800,24592.75,24610.5,24514.5,24533.0
1772549100,24532.0,24614.25,24490.5,24502.25
1772549400,24502.0,24569.75,24489.25,24543.0
1772549700,24544.0,24551.0,24480.25,24489.25
1772550000,24489.0,24562.5,24463.25,24485.0
1772550300,24484.25,24541.5,24459.75,24503.0
1772550600,24503.5,24550.75,24479.75,24502.75
1772550900,24501.25,24518.5,24427.5,24434.75
1772551200,24434.25,24442.5,24384.0,24397.75
1772551500,24397.25,24402.25,24352.0,24358.5
1772551800,24358.75,24440.0,24356.25,24405.25
1772552100,24406.5,24459.75,24393.0,24438.5
1772552400,24437.0,24472.75,24402.25,24415.25
1772552700,24415.5,24460.0,24392.75,24420.5
1772553000,24419.25,24440.0,24373.0,24381.0
1772553300,24381.0,24453.0,24377.0,24446.75
1772553600,24447.25,24524.5,24436.5,24519.25
1772553900,24520.5,24586.25,24519.25,24564.75
1772554200,24566.0,24592.0,24544.5,24572.0
1772554500,24573.0,24620.0,24572.25,24584.5
1772554800,24585.25,24632.75,24570.0,24628.0
1772555100,24628.75,24642.5,24612.0,24618.75
1772555400,24618.0,24625.0,24563.25,24608.25
1772555700,24609.0,24646.0,24600.5,24625.0
1772556000,24623.75,24653.75,24584.25,24647.5
1772556300,24647.25,24724.75,24644.75,24690.25
1772556600,24690.5,24700.0,24665.5,24694.5
1772556900,24695.0,24711.0,24661.0,24671.0
1772557200,24672.0,24691.5,24642.25,24674.25
1772557500,24674.0,24690.25,24630.75,24638.0
1772557800,24637.75,24659.25,24620.5,24656.5
1772558100,24656.0,24680.5,24631.75,24674.0
1772558400,24674.0,24697.5,24640.0,24697.0
1772558700,24698.0,24712.25,24674.5,24703.5
1772559000,24704.75,24707.5,24609.75,24619.25
1772559300,24619.25,24649.0,24602.5,24627.5
1772559600,24628.5,24696.75,24626.5,24692.75
1772559900,24692.0,24699.0,24665.0,24688.5
1772560200,24688.0,24690.0,24628.0,24635.0
1772560500,24635.5,24655.75,24624.5,24641.5
1772560800,24641.0,24702.5,24640.75,24683.75
1772561100,24685.5,24702.0,24668.25,24701.0
1772561400,24700.25,24704.0,24651.5,24679.0
1772561700,24680.0,24709.25,24674.5,24704.0
1772562000,24703.75,24764.25,24702.75,24759.5
1772562300,24760.0,24772.25,24741.5,24746.75
1772562600,24746.25,24790.25,24742.0,24782.5
1772562900,24783.0,24809.5,24767.25,24806.5
1772563200,24806.75,24832.5,24791.75,24802.5
1772563500,24803.0,24812.25,24771.0,24808.5
1772563800,24808.25,24824.5,24793.75,24802.25
1772564100,24802.0,24812.0,24780.5,24800.25
1772564400,24799.5,24813.5,24783.75,24803.25
1772564700,24804.0,24808.75,24746.0,24748.75
1772565000,24749.5,24773.25,24730.25,24766.5
1772565300,24768.5,24794.75,24762.75,24776.0
1772565600,24777.25,24802.75,24775.5,24779.0
1772565900,24777.25,24784.5,24752.0,24759.25
1772566200,24759.5,24769.25,24715.75,24725.75
1772566500,24724.75,24816.0,24709.5,24785.5
1772566800,24785.25,24822.75,24776.0,24819.75
1772567100,24820.75,24850.0,24816.0,24825.5
1772567400,24825.0,24839.0,24766.0,24791.0
1772567700,24792.0,24798.25,24767.0,24787.25
1772568000,24787.25,24821.75,24773.75,24793.0
1772568300,24792.25,24813.0,24777.5,24808.75
1772568600,24808.25,24817.75,24773.5,24774.5
1772568900,24773.75,24788.25,24744.75,24755.0
1772569200,24757.0,24780.75,24751.75,24767.25
1772569500,24767.25,24790.25,24741.5,24782.75
1772569800,24782.25,24797.25,24773.0,24773.5
1772570100,24775.0,24807.75,24758.25,24769.25
1772570400,24770.25,24781.5,24755.75,24768.0
1772570700,24767.5,24780.0,24744.25,24764.0
1772571000,24763.5,24772.75,24718.0,24754.75
1772571300,24754.5,24764.75,24740.25,24756.5
1772571600,24756.5,24758.25,24732.0,24742.5
1772571900,24741.5,24749.0,24727.0,24733.5
1772572200,24733.5,24739.5,24728.25,24737.5
1772572500,24736.75,24746.75,24732.25,24741.0
1772572800,24741.75,24746.0,24736.25,24738.0
1772573100,24738.25,24738.5,24717.0,24723.5
1772573400,24723.5,24725.25,24691.5,24700.5
1772573700,24700.5,24714.25,24699.25,24712.5
1772574000,24713.25,24731.25,24712.5,24721.0
1772574300,24720.0,24720.25,24711.0,24715.5
1772574600,24715.25,24727.25,24713.5,24713.5
1772574900,24713.5,24720.25,24707.75,24709.75
1772578800,24710.75,24715.0,24677.75,24688.0
1772579100,24687.5,24726.75,24669.75,24721.25
1772579400,24721.5,24765.0,24716.25,24746.25
1772579700,24747.75,24759.5,24732.0,24745.25
1772580000,24743.25,24754.0,24729.0,24732.75
1772580300,24732.5,24740.0,24702.25,24706.75
1772580600,24708.5,24714.25,24700.5,24710.5
1772580900,24709.75,24722.25,24706.5,24713.0
1772581200,24711.0,24733.0,24711.0,24720.25
1772581500,24719.75,24740.0,24716.0,24731.0
1772581800,24735.25,24742.0,24717.75,24717.75
1772582100,24718.75,24723.75,24698.0,24703.0
1772582400,24702.0,24715.0,24681.0,24687.0
1772582700,24686.25,24722.25,24676.0,24722.25
1772583000,24719.0,24744.5,24699.75,24737.0
1772583300,24737.5,24796.0,24732.25,24791.75
1772583600,24791.0,24803.5,24770.5,24773.0
1772583900,24774.75,24783.5,24766.25,24766.75
1772584200,24768.25,24770.5,24720.0,24721.5
1772584500,24720.0,24726.25,24696.0,24705.5
1772584800,24706.5,24715.0,24688.75,24700.0
1772585100,24699.25,24745.25,24699.25,24736.25
1772585400,24738.25,24759.75,24737.25,24754.5
1772585700,24755.5,24766.0,24733.25,24747.5
1772586000,24749.0,24772.25,24736.5,24762.75
1772586300,24763.5,24764.0,24710.25,24719.5
1772586600,24718.25,24724.25,24691.0,24705.0
1772586900,24704.75,24719.5,24693.75,24699.25
1772587200,24700.75,24701.25,24637.5,24653.75
1772587500,24649.0,24672.5,24639.5,24653.0
1772587800,24651.75,24665.0,24630.75,24646.75
1772588100,24648.75,24702.75,24647.0,24687.5
1772588400,24687.75,24721.5,24682.5,24709.0
1772588700,24710.25,24713.75,24653.0,24662.0
1772589000,24661.75,24688.0,24645.5,24666.5
1772589300,24667.25,24686.75,24666.0,24676.0
1772589600,24676.5,24703.25,24636.5,24652.25
1772589900,24649.0,24660.25,24633.75,24642.75
1772590200,24643.0,24679.25,24634.25,24644.0
1772590500,24642.25,24663.0,24623.75,24663.0
1772590800,24663.75,24667.5,24644.0,24648.25
1772591100,24646.5,24646.5,24619.0,24622.5
1772591400,24621.75,24629.5,24597.75,24599.0
1772591700,24599.75,24614.0,24588.0,24608.25
1772592000,24608.75,24625.0,24598.0,24624.25
1772592300,24624.5,24649.25,24624.25,24645.75
1772592600,24647.25,24666.75,24629.5,24633.25
1772592900,24632.0,24651.75,24623.25,24637.0
1772593200,24637.0,24638.0,24586.0,24592.75
1772593500,24594.0,24624.0,24588.0,24622.5
1772593800,24622.25,24629.0,24589.5,24593.25
1772594100,24593.75,24596.5,24573.5,24595.0
1772594400,24595.75,24603.5,24555.5,24573.75
1772594700,24571.0,24579.0,24560.0,24569.5
1772595000,24568.25,24573.0,24526.0,24526.0
1772595300,24528.0,24572.5,24525.0,24557.5
1772595600,24558.5,24572.0,24538.5,24565.25
1772595900,24566.25,24589.75,24550.5,24574.5
1772596200,24575.0,24584.25,24556.75,24557.0
1772596500,24557.0,24600.75,24556.25,24599.25
1772596800,24600.25,24616.0,24594.0,24605.0
1772597100,24606.5,24644.75,24606.25,24632.0
1772597400,24633.0,24644.25,24613.75,24623.0
1772597700,24621.75,24637.25,24592.25,24595.25
1772598000,24597.75,24613.0,24586.0,24593.0
1772598300,24593.75,24605.75,24591.0,24593.25
1772598600,24591.75,24599.75,24576.0,24598.0
1772598900,24598.75,24605.5,24572.75,24585.75
1772599200,24582.5,24602.25,24566.0,24598.25
1772599500,24599.0,24605.0,24585.0,24600.5
1772599800,24601.25,24602.5,24575.0,24580.5
1772600100,24576.5,24607.5,24576.25,24595.75
1772600700,24580.5,24580.75,24573.0,24579.5
1772601000,24581.0,24588.0,24562.0,24565.0
1772601300,24565.25,24593.75,24561.0,24582.0
1772601600,24578.5,24589.0,24543.5,24546.75
1772601900,24547.75,24559.5,24532.5,24557.5
1772602200,24557.0,24568.75,24546.25,24548.25
1772602500,24550.25,24583.0,24541.0,24574.5
1772602800,24574.0,24617.75,24573.75,24597.5
1772603100,24597.75,24606.75,24574.5,24577.5
1772603400,24576.5,24588.75,24573.0,24582.75
1772603700,24586.5,24591.0,24570.0,24574.25
1772604000,24573.5,24573.5,24538.0,24544.25
1772604300,24544.25,24558.5,24535.75,24537.5
1772604600,24539.25,24539.75,24511.5,24517.5
1772604900,24517.25,24522.5,24501.0,24503.75
1772605200,24504.0,24538.5,24499.0,24528.0
1772605500,24529.0,24549.25,24523.0,24547.25
1772605800,24547.0,24583.25,24541.0,24579.0
1772606100,24579.5,24590.0,24569.0,24575.75
1772606400,24577.75,24580.75,24567.0,24572.75
1772606700,24572.25,24575.5,24550.0,24554.5
1772607000,24552.0,24573.75,24547.0,24558.5
1772607300,24559.0,24574.5,24555.25,24572.25
1772607600,24570.25,24585.0,24560.75,24568.25
1772607900,24568.75,24576.0,24551.5,24567.0
1772608200,24565.75,24566.0,24537.5,24543.0
1772608500,24540.75,24565.25,24535.5,24551.25
1772608800,24551.0,24606.25,24551.0,24602.25
1772609100,24603.25,24615.25,24596.0,24601.0
1772609400,24602.5,24633.0,24597.5,24627.0
1772609700,24625.75,24639.0,24620.25,24632.0
1772610000,24631.75,24665.5,24631.75,24656.25
1772610300,24655.75,24663.0,24642.0,24651.0
1772610600,24651.25,24677.75,24648.5,24663.25
1772610900,24664.75,24674.25,24651.0,24657.0
1772611200,24657.0,24675.5,24641.0,24649.0
1772611500,24648.75,24675.75,24638.25,24659.75
1772611800,24658.5,24673.5,24635.75,24669.0
1772612100,24669.75,24688.25,24642.0,24668.75
1772612400,24668.5,24668.75,24614.0,24635.25
1772612700,24633.75,24639.5,24611.5,24629.75
1772613000,24629.75,24657.25,24622.25,24650.25
1772613300,24649.25,24655.0,24623.75,24625.5
1772613600,24626.25,24668.5,24619.75,24664.0
1772613900,24667.0,24674.25,24643.5,24672.0
1772614200,24674.75,24678.0,24644.75,24662.5
1772614500,24660.0,24665.5,24632.25,24644.0
1772614800,24648.25,24672.75,24627.0,24653.75
1772615100,24654.75,24659.0,24621.0,24653.25
1772615400,24652.75,24708.0,24649.0,24693.25
1772615700,24692.5,24720.75,24685.5,24700.0
1772616000,24699.25,24716.0,24691.5,24709.75
1772616300,24711.25,24711.25,24695.75,24706.75
1772616600,24707.25,24717.5,24694.75,24713.75
1772616900,24713.75,24734.75,24703.5,24708.25
1772617200,24708.5,24745.5,24703.0,24734.0
1772617500,24733.5,24764.25,24726.25,24759.75
1772617800,24759.5,24771.25,24747.0,24753.5
1772618100,24754.0,24760.5,24736.25,24754.75
1772618400,24754.25,24762.0,24745.75,24750.0
1772618700,24749.75,24837.25,24734.25,24822.25
1772619000,24822.5,24860.0,24811.75,24850.25
1772619300,24851.25,24866.25,24823.75,24836.25
1772619600,24835.0,24860.5,24825.0,24840.0
1772619900,24840.25,24840.5,24795.25,24805.25
1772620200,24806.0,24833.75,24805.25,24829.25
1772620500,24830.25,24845.25,24814.0,24823.75
1772620800,24822.5,24841.25,24811.5,24832.75
1772621100,24833.25,24846.25,24818.75,24839.75
1772621400,24838.0,24854.5,24812.25,24831.5
1772621700,24830.5,24845.5,24822.25,24842.5
1772622000,24842.75,24875.0,24839.5,24856.5
1772622300,24855.5,24867.5,24839.5,24847.25
1772622600,24848.25,24869.25,24840.75,24859.0
1772622900,24860.0,24895.0,24855.75,24889.0
1772623200,24890.0,24894.5,24871.25,24878.25
1772623500,24877.25,24886.75,24860.5,24864.0
1772623800,24864.5,24872.5,24830.75,24842.5
1772624100,24843.5,24847.75,24823.25,24839.0
1772624400,24838.5,24845.25,24816.25,24817.5
1772624700,24815.0,24836.25,24806.5,24813.75
1772625000,24815.75,24829.5,24803.25,24819.25
1772625300,24817.75,24825.5,24801.25,24805.5
1772625600,24806.25,24844.25,24806.25,24821.5
1772625900,24821.5,24843.5,24804.25,24809.5
1772626200,24809.25,24828.5,24805.75,24828.0
1772626500,24829.5,24829.5,24773.75,24785.25
1772626800,24784.5,24788.5,24757.25,24767.25
1772627100,24766.25,24770.75,24728.0,24731.25
1772627400,24732.25,24751.75,24720.5,24745.25
1772627700,24743.25,24779.25,24730.5,24779.25
1772628000,24779.75,24794.25,24764.25,24783.75
1772628300,24782.25,24782.75,24764.0,24770.5
1772628600,24769.25,24775.75,24758.25,24763.75
1772628900,24764.25,24803.25,24760.0,24800.75
1772629200,24800.5,24841.75,24795.5,24839.25
1772629500,24838.75,24888.75,24833.0,24885.0
1772629800,24886.5,24930.25,24884.25,24918.0
1772630100,24918.0,24926.75,24873.5,24886.25
1772630400,24884.0,24887.75,24863.25,24869.25
1772630700,24868.75,24891.0,24867.5,24882.0
1772631000,24882.75,24899.0,24860.25,24886.0
1772631300,24886.75,24896.0,24863.5,24890.75
1772631600,24890.25,24925.0,24877.25,24904.25
1772631900,24902.75,24917.75,24899.0,24912.0
1772632200,24912.25,24916.5,24886.75,24891.75
1772632500,24890.0,24918.25,24875.5,24889.25
1772632800,24889.5,24894.25,24874.0,24888.0
1772633100,24887.75,24904.5,24866.0,24875.25
1772633400,24874.0,24897.25,24868.5,24897.0
1772633700,24896.0,24903.75,24880.75,24901.75
1772634000,24900.75,24911.5,24880.5,24880.5
1772634300,24880.75,24880.75,24846.5,24852.25
1772634600,24853.0,24968.5,24837.25,24964.5
1772634900,24964.5,24970.25,24869.25,24885.0
1772635200,24886.75,24888.0,24840.75,24853.25
1772635500,24849.25,24935.5,24826.0,24896.5
1772635800,24896.0,24944.0,24865.5,24932.0
1772636100,24932.75,24942.0,24895.0,24922.5
1772636400,24919.25,24983.25,24891.5,24930.5
1772636700,24930.75,25001.25,24922.5,24994.75
1772637000,24994.75,25009.75,24957.5,24978.25
1772637300,24978.0,25035.75,24973.75,25032.75
1772637600,25033.5,25093.75,25022.25,25091.75
1772637900,25091.25,25146.25,25074.75,25139.5
1772638200,25139.0,25148.5,25112.5,25113.75
1772638500,25113.75,25129.5,25078.25,25082.25
1772638800,25083.0,25096.0,25060.75,25061.5
1772639100,25062.25,25067.75,25036.75,25060.5
1772639400,25060.75,25087.0,25044.0,25081.0
1772639700,25080.25,25132.5,25079.25,25127.5
1772640000,25127.25,25158.25,25126.75,25139.0
1772640300,25139.5,25143.0,25105.0,25110.0
1772640600,25111.25,25114.5,25059.0,25070.25
1772640900,25071.0,25094.0,25052.25,25065.75
1772641200,25066.25,25090.0,25051.0,25066.75
1772641500,25066.0,25121.25,25059.5,25105.75
1772641800,25105.75,25135.25,25097.25,25122.75
1772642100,25122.25,25139.75,25098.0,25114.5
1772642400,25115.75,25168.5,25109.0,25159.75
1772642700,25160.0,25170.0,25147.75,25164.25
1772643000,25164.5,25170.5,25139.25,25159.5
1772643300,25160.5,25169.25,25140.25,25145.5
1772643600,25146.25,25168.25,25132.25,25167.25
1772643900,25167.5,25174.25,25154.25,25161.5
1772644200,25161.75,25170.5,25155.5,25156.5
1772644500,25156.25,25161.0,25147.0,25155.0
1772644800,25154.75,25164.25,25133.0,25152.5
1772645100,25152.25,25166.0,25131.0,25133.5
1772645400,25132.75,25146.5,25105.0,25139.5
1772645700,25140.25,25167.75,25132.5,25164.75
1772646000,25165.5,25173.5,25146.25,25153.5
1772646300,25152.5,25171.0,25152.25,25161.0
1772646600,25161.0,25181.5,25150.25,25174.0
1772646900,25174.5,25177.25,25153.0,25168.75
1772647200,25170.0,25183.0,25163.0,25167.0
1772647500,25166.0,25182.0,25157.25,25172.5
1772647800,25173.5,25177.5,25158.5,25163.25
1772648100,25162.5,25166.75,25151.75,25152.0
1772648400,25152.25,25161.0,25140.5,25148.0
1772648700,25147.5,25174.75,25144.0,25171.75
1772649000,25172.0,25203.75,25170.5,25185.0
1772649300,25185.25,25203.5,25183.25,25193.75
1772649600,25193.75,25213.75,25192.75,25200.25
1772649900,25201.0,25207.75,25182.0,25205.25
1772650200,25205.25,25214.25,25200.0,25201.25
1772650500,25201.0,25202.25,25178.75,25192.75
1772650800,25192.5,25211.25,25186.25,25208.75
1772651100,25208.75,25211.0,25197.25,25204.25
1772651400,25204.25,25217.75,25202.25,25209.75
1772651700,25209.5,25216.25,25203.5,25208.0
1772652000,25207.75,25210.0,25194.0,25205.5
1772652300,25205.5,25207.25,25189.25,25194.5
1772652600,25194.75,25201.75,25183.5,25187.25
1772652900,25187.0,25204.5,25185.25,25204.0
1772653200,25204.75,25207.0,25187.5,25191.25
1772653500,25191.25,25198.0,25180.25,25196.75
1772653800,25196.5,25201.75,25193.0,25195.5
1772654100,25195.25,25197.75,25185.5,25189.0
1772654400,25188.75,25195.0,25180.0,25191.5
1772654700,25191.5,25195.25,25161.75,25168.25
1772655000,25168.5,25168.5,25147.25,25150.0
1772655300,25150.25,25155.25,25135.5,25139.0
1772655600,25139.25,25146.0,25124.0,25128.25
1772655900,25127.5,25153.25,25127.5,25151.25
1772656200,25150.75,25154.5,25135.75,25140.75
1772656500,25140.5,25158.5,25139.0,25147.0
1772656800,25147.75,25167.75,25143.75,25164.25
1772657100,25164.25,25165.75,25146.25,25149.0
1772657400,25149.0,25150.0,25113.5,25142.25
1772657700,25142.25,25150.0,25120.25,25120.5
1772658000,25120.25,25131.25,25092.5,25116.25
1772658300,25116.0,25148.0,25115.0,25141.0
1772658600,25141.25,25156.25,25137.0,25151.25
1772658900,25151.5,25163.25,25114.0,25145.0
1772659200,25145.75,25148.75,25120.5,25132.0
1772659500,25132.5,25141.25,25130.75,25139.25
1772659800,25139.5,25145.0,25133.0,25133.0
1772660100,25133.0,25139.75,25131.5,25131.5
1772660400,25132.25,25138.0,25130.0,25136.5
1772660700,25136.25,25144.25,25134.75,25140.0
1772661000,25139.75,25153.5,25138.5,25146.75
1772661300,25146.5,25147.0,25127.75,25138.0
1772665200,25156.5,25171.25,25140.0,25149.75
1772665500,25154.0,25171.0,25150.25,25169.5
1772665800,25169.5,25177.25,25168.75,25171.5
1772666100,25170.5,25172.5,25150.25,25155.25
1772666400,25153.0,25159.5,25143.5,25153.25
1772666700,25151.5,25159.0,25148.0,25151.5
1772667000,25152.0,25156.75,25145.0,25148.5
1772667300,25147.25,25158.25,25145.0,25153.25
1772667600,25153.0,25185.0,25152.0,25180.0
1772667900,25180.25,25190.75,25177.5,25179.25
1772668200,25180.0,25180.0,25169.5,25171.25
1772668500,25171.5,25176.25,25166.0,25171.75
1772668800,25171.0,25180.0,25160.25,25178.25
1772669100,25178.0,25192.5,25178.0,25189.5
1772669400,25189.25,25203.5,25182.75,25198.75
1772669700,25200.0,25250.0,25198.75,25228.75
1772670000,25228.5,25231.75,25214.5,25217.5
1772670300,25215.75,25220.0,25204.0,25212.25
1772670600,25213.0,25218.0,25202.0,25208.25
1772670900,25209.25,25219.0,25202.5,25217.5
1772671200,25218.5,25228.75,25206.25,25211.75
1772671500,25213.0,25219.0,25207.75,25214.0
1772671800,25214.0,25221.0,25198.5,25202.25
1772672100,25202.5,25212.5,25199.5,25208.25
1772672400,25209.75,25215.25,25195.25,25202.25
1772672700,25201.75,25217.5,25199.75,25200.75
1772673000,25201.75,25206.25,25184.5,25197.25
1772673300,25196.25,25197.5,25147.5,25151.5
1772673600,25152.25,25166.25,25134.25,25162.0
1772673900,25162.75,25173.25,25139.75,25140.75
1772674200,25140.0,25150.25,25135.5,25142.5
1772674500,25141.75,25167.75,25136.75,25164.0
1772674800,25164.0,25174.75,25072.0,25086.0
1772675100,25087.25,25121.5,25079.5,25097.75
1772675400,25100.0,25101.0,25062.0,25067.75
1772675700,25066.25,25077.5,25044.0,25071.0
1772676000,25070.75,25086.25,25060.25,25082.25
1772676300,25083.25,25088.75,25073.0,25083.25
1772676600,25084.25,25095.0,25073.0,25085.25
1772676900,25083.75,25094.0,25079.0,25079.25
1772677200,25080.0,25084.0,25059.0,25063.75
1772677500,25063.0,25075.25,25056.5,25068.0
1772677800,25070.0,25071.5,25050.0,25062.25
1772678100,25062.25,25089.0,25061.0,25088.5
1772678400,25087.25,25094.75,25075.75,25085.75
1772678700,25087.25,25105.25,25082.0,25104.5
1772679000,25105.25,25125.5,25091.25,25091.5
1772679300,25092.0,25095.0,25078.0,25091.25
1772679600,25090.75,25101.5,25074.5,25086.0
1772679900,25086.25,25100.5,25083.25,25096.25
1772680200,25093.5,25096.25,25076.0,25078.5
1772680500,25079.75,25086.5,25066.0,25067.0
1772680800,25068.5,25070.75,25055.75,25061.0
1772681100,25062.0,25071.0,25029.75,25047.5
1772681400,25048.5,25049.75,25025.25,25045.25
1772681700,25043.25,25053.5,25029.75,25047.25
1772682000,25048.25,25062.0,25038.5,25041.25
1772682300,25040.0,25043.25,25034.0,25038.5
1772682600,25040.0,25065.25,25030.5,25061.0
1772682900,25062.0,25070.75,25042.25,25048.25
1772683200,25046.75,25053.25,25031.75,25043.75
1772683500,25042.25,25074.75,25041.75,25071.75
1772683800,25071.25,25083.75,25066.5,25073.75
1772684100,25074.5,25080.5,25066.75,25080.5
1772684400,25080.5,25087.75,25072.0,25084.75
1772684700,25084.75,25088.75,25077.0,25088.75
1772685000,25088.75,25089.75,25066.75,25070.25
1772685300,25070.5,25095.75,25069.25,25088.75
1772685600,25088.25,25090.5,25081.25,25082.25
1772685900,25082.5,25101.0,25082.0,25099.5
1772686200,25098.25,25106.75,25085.25,25092.75
1772686500,25091.75,25102.5,25088.0,25098.5
1772687100,25097.0,25101.5,25096.0,25100.5
1772687400,25100.0,25104.25,25086.75,25089.0
1772687700,25088.75,25088.75,25069.25,25070.75
1772688000,25071.5,25079.0,25067.75,25077.5
1772688300,25079.0,25090.5,25075.5,25077.25
1772688600,25077.5,25081.0,25066.25,25077.5
1772688900,25078.5,25080.5,25057.75,25065.5
1772689200,25064.0,25067.75,25052.5,25055.5
1772689500,25054.5,25066.0,25052.5,25059.25
1772689800,25059.75,25060.5,25046.25,25047.5
1772690100,25048.0,25049.5,25033.0,25034.75
1772690400,25035.0,25041.0,25019.0,25039.0
1772690700,25039.0,25039.0,24984.0,24988.0
1772691000,24987.75,25000.5,24983.0,24985.75
1772691300,24986.5,25012.5,24981.0,25009.75
1772691600,25010.25,25022.75,25008.75,25015.5
1772691900,25014.5,25016.25,25001.75,25010.75
1772692200,25010.5,25012.0,24986.75,24997.25
1772692500,24996.5,25008.25,24991.0,25002.25
1772692800,25001.25,25011.25,24991.5,25007.5
1772693100,25008.0,25026.5,24999.25,25026.5
1772693400,25026.5,25068.0,25022.0,25056.75
1772693700,25057.0,25092.75,25057.0,25092.0
1772694000,25091.75,25098.0,25063.5,25065.5
1772694300,25065.0,25074.75,25057.5,25069.0
1772694600,25068.75,25085.5,25068.5,25069.0
1772694900,25069.0,25073.5,25058.0,25066.5
1772695200,25068.25,25088.75,25050.75,25088.5
1772695500,25088.5,25094.25,25078.0,25088.75
1772695800,25088.0,25089.25,25060.0,25061.75
1772696100,25062.0,25068.25,25056.75,25066.25
1772696400,25065.25,25077.5,25062.5,25064.75
1772696700,25063.5,25069.25,25056.25,25067.0
1772697000,25066.5,25067.5,25049.75,25051.0
1772697300,25051.5,25073.25,25041.0,25073.0
1772697600,25072.0,25078.25,25012.25,25018.0
1772697900,25018.0,25021.75,24990.0,24999.75
1772698200,24998.5,25019.5,24995.5,24997.25
1772698500,24997.5,25044.5,24996.75,25014.5
1772698800,25013.25,25033.0,25009.25,25027.5
1772699100,25028.25,25033.25,24995.0,24995.0
1772699400,24995.5,25021.0,24973.25,24999.5
1772699700,25000.5,25023.25,24997.25,25005.0
1772700000,25007.5,25008.75,24981.5,25005.75
1772700300,25006.5,25035.75,25002.0,25010.5
1772700600,25009.5,25037.25,25000.0,25020.0
1772700900,25022.5,25053.5,25022.5,25051.75
1772701200,25052.5,25102.75,25041.0,25100.25
1772701500,25103.75,25170.0,25100.25,25160.75
1772701800,25163.0,25205.75,25158.75,25183.0
1772702100,25185.75,25192.0,25133.25,25157.0
1772702400,25155.5,25196.75,25145.5,25171.0
1772702700,25171.0,25175.25,25121.75,25128.25
1772703000,25128.5,25137.25,25113.0,25136.25
1772703300,25138.25,25146.0,25094.75,25094.75
1772703600,25094.75,25114.75,25088.5,25092.0
1772703900,25093.75,25112.25,25086.0,25112.25
1772704200,25111.5,25117.5,25082.0,25083.75
1772704500,25083.75,25124.0,25083.25,25114.0
1772704800,25115.0,25122.75,25085.0,25104.5
1772705100,25105.0,25131.0,25101.75,25115.5
1772705400,25114.5,25129.25,25114.5,25116.5
1772705700,25117.0,25137.0,25117.0,25126.0
1772706000,25125.75,25143.25,25112.75,25126.5
1772706300,25127.0,25137.0,25115.25,25135.0
1772706600,25135.75,25142.75,25120.0,25131.5
1772706900,25131.0,25140.0,25114.0,25119.75
1772707200,25117.5,25117.5,25098.0,25106.0
1772707500,25104.75,25116.75,25096.5,25100.0
1772707800,25101.0,25123.75,25092.25,25120.75
1772708100,25121.75,25122.75,25101.0,25106.25
1772708400,25107.5,25118.75,25085.25,25117.75
1772708700,25118.25,25133.75,25108.75,25128.5
1772709000,25127.75,25138.5,25113.75,25137.0
1772709300,25137.25,25148.25,25133.25,25136.25
1772709600,25137.25,25145.75,25122.0,25122.5
1772709900,25121.75,25147.25,25121.25,25136.0
1772710200,25134.5,25153.75,25119.75,25126.75
1772710500,25124.25,25130.0,25107.5,25109.0
1772710800,25111.0,25123.5,25104.75,25122.25
1772711100,25122.5,25137.5,25115.0,25120.25
1772711400,25124.25,25128.5,25104.5,25105.0
1772711700,25105.5,25112.75,25089.0,25093.5
1772712000,25094.5,25102.0,25078.5,25092.75
1772712300,25091.75,25111.25,25086.0,25108.0
1772712600,25106.5,25108.5,25084.5,25098.25
1772712900,25099.0,25116.0,25084.0,25114.75
1772713200,25116.0,25157.75,25116.0,25128.75
1772713500,25127.75,25134.0,25110.0,25117.75
1772713800,25118.75,25125.0,25092.75,25104.5
1772714100,25103.75,25110.75,25083.0,25098.0
1772714400,25095.75,25107.0,25066.5,25081.75
1772714700,25079.5,25102.75,25064.5,25076.75
1772715000,25075.25,25077.75,25036.75,25055.5
1772715300,25056.0,25076.25,25051.75,25069.0
1772715600,25069.5,25076.0,25050.5,25052.25
1772715900,25051.75,25053.0,25025.0,25032.5
1772716200,25031.75,25050.25,25027.75,25040.25
1772716500,25043.5,25060.5,25034.0,25050.25
1772716800,25049.0,25059.5,25029.75,25031.5
1772717100,25030.5,25057.75,25024.0,25054.25
1772717400,25054.0,25072.25,25018.0,25025.25
1772717700,25025.5,25028.75,24992.0,25007.0
1772718000,25006.0,25029.5,24997.5,25021.75
1772718300,25022.0,25039.75,25015.75,25031.5
1772718600,25032.0,25048.0,25024.0,25025.75
1772718900,25024.75,25027.75,24980.75,24993.75
1772719200,24994.5,25013.0,24978.0,24990.0
1772719500,24989.25,25010.5,24981.0,24998.5
1772719800,24999.5,25010.25,24981.5,24988.0
1772720100,24987.75,24995.25,24962.75,24966.25
1772720400,24966.0,24997.0,24963.0,24970.0
1772720700,24969.75,25002.25,24968.5,24987.25
1772721000,24987.75,25095.0,24985.25,25093.75
1772721300,25093.25,25125.25,25066.75,25091.25
1772721600,25092.75,25111.5,25050.0,25058.0
1772721900,25059.5,25133.75,25036.0,25088.5
1772722200,25087.75,25145.0,25079.5,25142.0
1772722500,25142.75,25187.75,25120.0,25186.0
1772722800,25185.5,25209.75,25166.25,25171.75
1772723100,25171.5,25179.75,25126.0,25145.5
1772723400,25146.0,25181.75,25130.0,25176.0
1772723700,25176.5,25180.25,25103.0,25107.25
1772724000,25107.75,25108.0,25023.5,25024.0
1772724300,25023.25,25033.25,24991.75,25011.25
1772724600,25012.0,25013.75,24930.5,24974.5
1772724900,24975.5,25044.5,24958.5,25041.5
1772725200,25043.25,25072.75,25018.25,25041.25
1772725500,25041.25,25079.5,25032.75,25039.5
1772725800,25040.75,25098.0,25036.0,25077.25
1772726100,25077.0,25086.25,25049.75,25082.5
1772726400,25080.25,25093.25,25027.5,25029.5
1772726700,25029.75,25052.75,24998.0,24998.5
1772727000,24998.0,25014.5,24957.0,24986.0
1772727300,24985.75,25000.5,24942.0,24944.25
1772727600,24945.0,25011.5,24942.5,24986.0
1772727900,24985.5,25008.75,24965.5,24967.25
1772728200,24967.75,25032.0,24965.5,25002.75
1772728500,25003.25,25036.75,24994.0,25019.5
1772728800,25018.75,25039.75,24989.75,25005.75
1772729100,25007.5,25054.25,25006.0,25026.5
1772729400,25026.25,25040.75,25009.75,25026.75
1772729700,25026.5,25049.25,25022.5,25042.5
1772730000,25043.0,25112.5,25035.0,25110.75
1772730300,25110.75,25123.0,25044.0,25045.25
1772730600,25045.0,25055.75,25005.75,25032.0
1772730900,25032.75,25033.75,24955.75,24962.75
1772731200,24965.5,24986.75,24940.25,24974.5
1772731500,24975.75,24994.25,24927.0,24928.0
1772731800,24927.75,24944.0,24863.25,24869.5
1772732100,24868.75,24922.75,24852.0,24886.5
1772732400,24886.25,24905.5,24834.5,24849.5
1772732700,24849.25,24851.0,24807.5,24813.25
1772733000,24813.0,24852.25,24791.75,24811.25
1772733300,24809.75,24822.75,24789.0,24807.0
1772733600,24807.0,24844.0,24799.5,24838.0
1772733900,24836.5,24878.0,24822.5,24871.25
1772734200,24870.0,24887.5,24845.75,24876.0
1772734500,24875.5,24888.75,24802.5,24805.5
1772734800,24806.0,24855.0,24802.25,24835.5
1772735100,24834.0,24837.25,24781.75,24794.0
1772735400,24792.5,24824.0,24772.5,24797.25
1772735700,24797.5,24830.0,24794.25,24813.75
1772736000,24814.25,24869.75,24811.75,24859.25
1772736300,24859.25,24862.0,24814.0,24825.75
1772736600,24825.75,24827.0,24775.25,24782.25
1772736900,24782.0,24832.25,24782.0,24814.0
1772737200,24814.0,24846.5,24803.0,24832.75
1772737500,24831.75,24859.75,24830.75,24839.75
1772737800,24840.0,24860.0,24822.5,24854.0
1772738100,24854.75,24862.5,24829.25,24859.75
1772738400,24860.5,24880.75,24838.0,24855.75
1772738700,24857.5,24863.5,24814.25,24839.0
1772739000,24839.25,24839.25,24792.5,24809.75
1772739300,24809.25,24826.0,24795.5,24822.5
1772739600,24824.0,24852.0,24820.25,24850.25
1772739900,24850.0,24873.0,24832.25,24865.5
1772740200,24865.5,24882.25,24835.75,24835.75
1772740500,24836.0,24865.25,24823.0,24858.0
1772740800,24857.75,24904.0,24826.75,24896.0
1772741100,24894.5,24915.5,24843.25,24901.5
1772741400,24902.25,24934.75,24898.75,24919.0
1772741700,24920.0,24946.5,24902.5,24931.75
1772742000,24930.75,24966.5,24921.75,24966.0
1772742300,24966.0,24994.25,24951.0,24955.0
1772742600,24954.25,24988.5,24941.0,24984.5
1772742900,24983.0,24999.5,24973.5,24979.5
1772743200,24980.5,24982.0,24950.25,24967.75
1772743500,24968.0,24990.0,24944.0,24989.25
1772743800,24989.75,25030.0,24989.75,25028.25
1772744100,25027.25,25056.0,25016.5,25048.5
1772744400,25048.5,25051.0,25023.0,25034.0
1772744700,25034.0,25049.0,25024.0,25035.75
1772745000,25036.0,25037.25,25020.5,25030.75
1772745300,25030.75,25045.25,25027.5,25032.25
1772745600,25032.5,25036.5,25016.5,25017.75
1772745900,25018.25,25030.75,25010.0,25029.0
1772746200,25029.5,25029.5,25004.5,25010.0
1772746500,25009.75,25024.25,25002.5,25012.5
1772746800,25012.25,25015.75,25002.75,25010.75
1772747100,25010.75,25013.0,25000.25,25008.5
1772747400,25008.75,25021.25,25007.0,25009.75
1772747700,25010.5,25021.5,25003.25,25010.5
1772751600,25019.75,25033.0,25001.0,25029.25
1772751900,25030.0,25041.25,25020.25,25033.0
1772752200,25035.0,25046.25,25029.25,25036.5
1772752500,25036.5,25043.0,25031.0,25038.75
1772752800,25038.5,25043.75,25034.75,25037.25
1772753100,25036.25,25055.5,25028.25,25047.5
1772753400,25049.0,25050.75,25040.0,25041.25
1772753700,25041.0,25050.75,25037.25,25050.5
1772754000,25050.0,25066.25,25050.0,25061.0
1772754300,25060.0,25067.25,25051.0,25051.25
1772754600,25050.75,25069.25,25046.25,25059.75
1772754900,25058.75,25070.0,25058.5,25060.0
1772755200,25059.75,25083.5,25059.25,25075.5
1772755500,25076.5,25092.75,25074.25,25087.0
1772755800,25086.25,25098.0,25086.25,25092.25
1772756100,25092.0,25095.0,25079.25,25082.25
1772756400,25082.0,25088.0,25075.25,25075.75
1772756700,25077.0,25082.5,25065.75,25072.75
1772757000,25074.0,25080.0,25066.75,25075.25
1772757300,25076.0,25085.25,25072.0,25074.75
1772757600,25073.75,25085.75,25072.5,25085.5
1772757900,25084.75,25092.75,25081.75,25087.5
1772758200,25087.0,25088.0,25068.0,25072.75
1772758500,25073.75,25078.0,25067.0,25075.0
1772758800,25073.5,25085.75,25068.0,25080.25
1772759100,25081.5,25090.75,25066.75,25071.5
1772759400,25073.5,25085.25,25072.0,25075.5
1772759700,25076.25,25091.25,25073.75,25073.75
1772760000,25075.25,25078.25,25055.5,25061.0
1772760300,25062.75,25064.25,25038.0,25052.0
1772760600,25053.0,25076.25,25050.25,25076.25
1772760900,25076.5,25089.0,25062.75,25064.5
1772761200,25062.75,25074.5,25055.25,25055.25
1772761500,25055.25,25060.25,25041.5,25060.0
1772761800,25059.5,25069.5,25054.25,25064.0
1772762100,25063.75,25084.0,25063.0,25066.0
1772762400,25069.75,25082.0,25060.0,25076.75
1772762700,25074.75,25084.0,25072.0,25077.5
1772763000,25075.75,25103.5,25075.5,25103.5
1772763300,25102.5,25115.75,25096.25,25104.0
1772763600,25103.25,25116.0,25103.25,25107.25
1772763900,25106.0,25112.75,25103.25,25109.5
1772764200,25109.25,25112.0,25095.0,25096.25
1772764500,25095.0,25098.5,25087.25,25090.5
1772764800,25090.5,25094.5,25085.75,25092.75
1772765100,25093.0,25097.0,25085.0,25091.75
1772765400,25092.25,25093.25,25067.0,25071.25
1772765700,25071.5,25078.5,25070.25,25071.75
1772766000,25070.25,25099.0,25070.0,25098.75
1772766300,25099.5,25099.75,25089.75,25090.5
1772766600,25089.5,25095.5,25082.75,25085.25
1772766900,25085.5,25086.25,25076.75,25085.0
1772767200,25084.75,25095.0,25080.75,25089.25
1772767500,25090.0,25091.25,25080.5,25083.75
1772767800,25084.75,25089.5,25074.75,25078.75
1772768100,25077.0,25089.25,25074.0,25088.5
1772768400,25089.5,25102.0,25089.5,25097.5
1772768700,25098.5,25103.25,25097.0,25099.25
1772769000,25098.5,25103.25,25094.5,25098.0
1772769300,25098.5,25115.0,25098.5,25114.5
1772769600,25113.0,25115.25,25107.0,25110.5
1772769900,25109.25,25112.25,25104.0,25111.5
1772770200,25111.0,25111.75,25103.75,25105.25
1772770500,25106.75,25109.5,25102.5,25105.25
1772770800,25106.75,25108.0,25098.5,25101.0
1772771100,25100.75,25102.25,25093.5,25097.0
1772771400,25096.75,25120.75,25095.5,25118.25
1772771700,25119.0,25121.0,25115.25,25117.25
1772772000,25118.5,25137.75,25118.0,25128.5
1772772300,25126.25,25135.25,25126.25,25133.0
1772772600,25132.75,25134.25,25119.5,25120.25
1772772900,25120.25,25121.0,25105.75,25106.25
1772773500,25118.25,25125.0,25118.25,25122.5
1772773800,25123.5,25130.0,25122.25,25127.75
1772774100,25127.5,25127.75,25122.5,25126.25
1772774400,25126.75,25127.5,25111.75,25116.5
1772774700,25117.5,25122.25,25111.75,25121.25
1772775000,25120.25,25128.25,25118.5,25126.0
1772775300,25126.25,25141.5,25124.75,25131.75
1772775600,25132.25,25135.0,25123.0,25129.5
1772775900,25128.25,25129.5,25108.25,25111.5
1772776200,25110.5,25121.75,25106.75,25121.75
1772776500,25122.75,25124.0,25114.0,25118.75
1772776800,25117.5,25133.25,25117.5,25129.75
1772777100,25130.75,25135.5,25126.0,25129.5
1772777400,25128.75,25133.75,25121.25,25123.25
1772777700,25122.5,25124.25,25114.0,25119.0
1772778000,25119.75,25125.5,25107.5,25125.0
1772778300,25123.5,25123.5,25108.75,25111.5
1772778600,25111.75,25115.25,25103.75,25107.5
1772778900,25107.0,25112.5,25104.75,25109.5
1772779200,25108.75,25122.25,25107.5,25119.25
1772779500,25118.5,25119.25,25105.75,25106.75
1772779800,25107.75,25113.25,25103.0,25109.25
1772780100,25108.25,25110.25,25100.75,25106.5
1772780400,25106.5,25120.25,25105.0,25112.5
1772780700,25112.75,25115.0,25098.0,25101.75
1772781000,25102.25,25102.25,25091.75,25098.0
1772781300,25098.5,25112.5,25098.0,25101.25
1772781600,25104.0,25128.25,25103.5,25123.75
1772781900,25122.75,25140.5,25122.75,25131.25
1772782200,25130.5,25136.0,25124.5,25134.25
1772782500,25133.25,25134.0,25126.5,25129.5
1772782800,25129.75,25139.25,25126.0,25134.25
1772783100,25134.25,25134.25,25116.5,25122.75
1772783400,25123.75,25123.75,25114.75,25120.0
1772783700,25119.75,25131.75,25119.75,25125.0
1772784000,25125.5,25128.5,25095.25,25099.5
1772784300,25099.25,25116.5,25092.0,25092.75
1772784600,25092.75,25107.0,25088.25,25093.25
1772784900,25092.25,25112.0,25082.0,25100.75
1772785200,25101.0,25109.5,25082.25,25082.5
1772785500,25082.25,25083.25,25034.75,25038.5
1772785800,25039.25,25075.0,25033.0,25061.5
1772786100,25062.75,25079.25,25044.25,25077.75
1772786400,25078.25,25091.25,25067.75,25091.0
1772786700,25090.75,25108.75,25086.25,25090.75
1772787000,25090.25,25106.0,25088.25,25098.25
1772787300,25097.5,25098.25,25068.75,25074.0
1772787600,25074.25,25082.0,25043.5,25044.25
1772787900,25043.25,25065.75,25016.0,25017.25
1772788200,25016.75,25035.75,25009.0,25027.0
1772788500,25026.25,25029.0,24986.0,24999.0
1772788800,25000.0,25002.0,24980.25,24983.5
1772789100,24983.25,24992.25,24957.75,24962.25
1772789400,24960.75,24979.25,24938.0,24940.75
1772789700,24940.25,24951.25,24916.0,24916.0
1772790000,24917.25,24931.5,24906.5,24927.5
1772790300,24927.0,24935.25,24882.25,24904.75
1772790600,24904.25,24921.25,24882.5,24915.25
1772790900,24915.0,24932.0,24904.5,24920.25
1772791200,24920.75,24954.25,24918.25,24948.75
1772791500,24950.25,24965.0,24941.75,24959.5
1772791800,24958.0,24968.0,24940.25,24946.5
1772792100,24948.25,24971.25,24942.5,24952.0
1772792400,24954.25,24963.0,24945.75,24956.0
1772792700,24956.25,24981.0,24937.25,24972.5
1772793000,24972.75,24974.5,24943.5,24946.0
1772793300,24944.5,24966.0,24941.5,24948.25
1772793600,24949.5,24964.5,24937.25,24940.75
1772793900,24942.0,24945.75,24928.0,24930.75
1772794200,24931.25,24954.25,24929.5,24952.25
1772794500,24954.25,24962.0,24948.0,24949.75
1772794800,24948.0,24953.0,24916.0,24918.75
1772795100,24916.0,24934.25,24887.25,24911.0
1772795400,24911.5,24954.0,24897.25,24941.75
1772795700,24942.75,24943.0,24923.5,24935.5
1772796000,24936.25,24960.0,24929.75,24955.25
1772796300,24957.25,24962.75,24941.0,24947.75
1772796600,24948.75,24951.5,24916.5,24919.25
1772796900,24918.0,24922.5,24903.75,24911.75
1772797200,24909.25,24910.75,24857.0,24872.75
1772797500,24875.25,24896.0,24863.0,24883.5
1772797800,24884.75,24893.5,24864.0,24865.5
1772798100,24863.75,24866.75,24835.0,24856.25
1772798400,24858.75,24870.0,24842.5,24850.0
1772798700,24850.25,24869.25,24838.0,24855.0
1772799000,24855.75,24877.0,24844.25,24872.0
1772799300,24874.25,24884.75,24851.75,24871.75
1772799600,24871.75,24881.0,24854.0,24862.75
1772799900,24861.75,24868.75,24853.75,24859.25
1772800200,24857.0,24862.0,24820.0,24847.75
1772800500,24848.0,24848.25,24818.75,24835.0
1772800800,24837.25,24859.25,24828.0,24845.25
1772801100,24844.75,24852.25,24805.5,24815.0
1772801400,24814.25,24840.0,24811.0,24813.0
1772801700,24813.25,24836.0,24810.0,24835.75
1772802000,24835.0,24856.5,24829.75,24838.25
1772802300,24837.0,24862.5,24822.0,24854.0
1772802600,24853.5,24863.5,24846.75,24849.5
1772802900,24850.0,24853.0,24836.25,24845.5
1772803200,24845.25,24852.5,24837.5,24850.75
1772803500,24850.5,24878.0,24848.0,24863.5
1772803800,24873.75,24908.75,24735.0,24823.5
1772804100,24821.75,24848.0,24753.75,24762.5
1772804400,24760.75,24773.5,24726.75,24734.25
1772804700,24735.0,24735.0,24666.75,24693.0
1772805000,24693.25,24706.5,24641.0,24649.0
1772805300,24649.5,24676.25,24618.25,24645.75
1772805600,24644.5,24669.75,24623.75,24646.75
1772805900,24648.0,24661.5,24612.5,24622.5
1772806200,24624.0,24648.0,24614.25,24628.5
1772806500,24628.0,24640.25,24614.75,24627.75
1772806800,24627.25,24659.5,24619.25,24645.25
1772807100,24644.25,24687.0,24640.5,24685.75
1772807400,24685.75,24732.5,24653.5,24705.75
1772807700,24706.25,24716.25,24608.75,24680.0
1772808000,24679.75,24730.0,24669.0,24679.25
1772808300,24680.0,24717.0,24636.25,24675.25
1772808600,24674.75,24742.5,24665.25,24685.25
1772808900,24685.75,24705.0,24633.0,24690.0
1772809200,24691.25,24777.25,24687.75,24765.25
1772809500,24764.5,24774.0,24669.25,24675.5
1772809800,24675.75,24795.75,24664.5,24790.5
1772810100,24789.5,24799.75,24759.5,24783.25
1772810400,24783.0,24822.5,24773.5,24811.0
1772810700,24811.25,24829.0,24793.25,24822.0
1772811000,24821.75,24864.25,24820.75,24851.0
1772811300,24851.5,24893.25,24844.5,24877.25
1772811600,24877.0,24877.25,24811.0,24837.0
1772811900,24836.0,24847.25,24790.25,24803.75
1772812200,24804.25,24806.0,24752.0,24789.0
1772812500,24789.25,24884.0,24789.25,24858.5
1772812800,24859.0,24899.5,24849.0,24893.0
1772813100,24892.25,24898.0,24844.75,24849.5
1772813400,24850.75,24852.75,24816.0,24823.25
1772813700,24824.5,24863.5,24813.5,24854.75
1772814000,24854.0,24860.75,24790.0,24834.5
1772814300,24833.25,24846.0,24811.25,24844.0
1772814600,24844.25,24850.5,24796.0,24804.25
1772814900,24804.5,24869.75,24798.25,24858.5
1772815200,24858.0,24874.25,24839.25,24849.5
1772815500,24848.25,24903.75,24847.25,24884.25
1772815800,24885.5,24915.0,24852.25,24858.25
1772816100,24858.0,24898.25,24843.5,24880.75
1772816400,24881.0,24926.25,24862.5,24896.0
1772816700,24896.0,24899.75,24827.5,24844.5
1772817000,24844.0,24858.5,24822.5,24834.5
1772817300,24834.0,24850.0,24809.0,24847.75
1772817600,24849.25,24871.0,24827.75,24838.5
1772817900,24839.0,24843.0,24793.0,24813.25
1772818200,24812.5,24826.0,24797.25,24822.25
1772818500,24822.0,24824.25,24761.75,24774.5
1772818800,24776.0,24784.25,24744.25,24770.25
1772819100,24769.5,24811.25,24769.0,24803.0
1772819400,24803.0,24825.75,24783.5,24792.75
1772819700,24794.5,24816.0,24781.25,24784.25
1772820000,24783.75,24828.25,24779.0,24796.25
1772820300,24796.25,24833.75,24790.0,24819.75
1772820600,24819.25,24895.5,24806.0,24888.75
1772820900,24889.25,24898.5,24858.5,24885.25
1772821200,24883.5,24889.0,24846.5,24862.75
1772821500,24863.5,24866.5,24815.5,24830.5
1772821800,24830.25,24861.5,24825.0,24846.0
1772822100,24844.5,24846.25,24804.0,24828.75
1772822400,24828.0,24852.75,24818.75,24840.0
1772822700,24840.75,24848.0,24822.0,24843.5
1772823000,24845.0,24845.75,24790.75,24800.75
1772823300,24801.0,24817.5,24792.75,24799.75
1772823600,24800.5,24816.0,24793.25,24795.0
1772823900,24795.0,24828.5,24790.0,24821.0
1772824200,24821.0,24854.0,24817.75,24843.25
1772824500,24841.5,24848.0,24801.5,24826.75
1772824800,24826.75,24832.25,24787.0,24793.5
1772825100,24793.75,24828.0,24783.25,24820.0
1772825400,24818.5,24839.0,24811.75,24825.5
1772825700,24825.75,24835.25,24784.75,24804.25
1772826000,24806.5,24840.75,24797.75,24798.25
1772826300,24798.0,24805.0,24777.5,24792.75
1772826600,24791.5,24808.0,24773.5,24801.25
1772826900,24801.25,24816.0,24798.0,24808.25
1772827200,24808.0,24853.25,24806.75,24844.5
1772827500,24844.25,24848.0,24798.0,24799.5
1772827800,24800.0,24806.5,24726.0,24750.75
1772828100,24750.75,24773.75,24724.25,24745.0
1772828400,24746.25,24749.5,24686.75,24689.0
1772828700,24689.0,24691.5,24643.5,24654.0
1772829000,24652.75,24664.0,24626.5,24638.5
1772829300,24637.5,24657.25,24601.0,24650.25
1772829600,24650.5,24708.0,24630.0,24679.5
1772829900,24679.5,24699.75,24673.25,24691.25
1772830200,24691.0,24704.75,24655.5,24679.5
1772830500,24679.25,24693.25,24651.25,24667.5
1772830800,24667.5,24677.75,24629.25,24642.5
1772831100,24642.0,24644.25,24618.0,24630.25
1772831400,24630.0,24665.5,24629.75,24658.5
1772831700,24658.75,24659.25,24637.25,24644.5
1772832000,24644.25,24652.0,24640.25,24643.25
1772832300,24643.25,24646.5,24630.0,24632.5
1772832600,24632.75,24644.0,24631.25,24639.75
1772832900,24639.5,24660.75,24639.5,24657.75
1772833200,24658.25,24668.25,24655.5,24662.25
1772833500,24662.5,24673.75,24659.25,24672.25
1772833800,24672.25,24682.25,24670.25,24675.0
1772834100,24675.0,24678.0,24664.25,24670.25
1773007800,24245.0,24280.0,24224.0,24234.5
1773008100,24232.5,24285.0,24226.75,24275.25
1773008400,24275.0,24299.0,24253.25,24282.75
1773008700,24282.0,24296.25,24255.0,24293.5
1773009000,24291.25,24308.25,24275.5,24292.75
1773009300,24291.25,24305.0,24278.0,24294.25
1773009600,24295.5,24312.0,24293.75,24301.5
1773009900,24302.75,24320.0,24298.75,24300.25
1773010200,24301.0,24314.75,24284.0,24313.75
1773010500,24312.75,24318.0,24279.0,24306.25
1773010800,24304.5,24326.25,24291.5,24296.75
1773011100,24297.25,24303.25,24271.75,24279.0
1773011400,24279.75,24288.5,24265.0,24279.5
1773011700,24279.5,24293.0,24272.0,24292.25
1773012000,24291.25,24295.25,24275.25,24275.25
1773012300,24275.0,24279.5,24259.5,24276.5
1773012600,24277.75,24280.25,24246.0,24260.0
1773012900,24259.5,24270.0,24225.75,24239.0
1773013200,24239.0,24249.75,24233.75,24239.75
1773013500,24240.0,24242.75,24181.0,24214.75
1773013800,24214.25,24228.25,24196.0,24199.0
1773014100,24199.0,24217.75,24168.25,24215.25
1773014400,24215.5,24230.0,24186.0,24213.0
1773014700,24214.0,24238.75,24205.5,24230.75
1773015000,24230.5,24238.25,24191.0,24202.0
1773015300,24201.5,24208.5,24156.0,24166.5
1773015600,24167.5,24185.0,24122.25,24140.75
1773015900,24140.0,24165.5,24129.5,24164.0
1773016200,24164.0,24195.25,24143.75,24194.25
1773016500,24194.25,24206.5,24167.0,24170.0
1773016800,24168.25,24170.25,24133.0,24139.75
1773017100,24139.75,24145.25,24116.25,24138.75
1773017400,24138.5,24148.0,24102.75,24106.0
1773017700,24105.5,24120.75,24092.0,24117.75
1773018000,24118.5,24137.75,24099.5,24104.25
1773018300,24104.0,24120.5,24090.75,24094.0
1773018600,24092.75,24096.25,24062.5,24085.5
1773018900,24087.0,24102.75,24079.75,24080.25
1773019200,24080.0,24093.75,24065.75,24090.0
1773019500,24090.25,24098.25,24069.75,24070.75
1773019800,24071.75,24108.0,24058.0,24101.0
1773020100,24100.0,24118.0,24067.5,24069.5
1773020400,24068.5,24076.75,24052.0,24062.0
1773020700,24062.0,24067.25,24030.0,24033.0
1773021000,24032.0,24043.0,24005.25,24025.5
1773021300,24025.75,24052.0,24004.5,24007.5
1773021600,24009.5,24046.5,24004.75,24015.25
1773021900,24015.0,24043.25,24005.0,24030.25
1773022200,24029.0,24057.75,24018.75,24026.5
1773022500,24027.5,24027.75,24000.0,24013.0
1773022800,24013.25,24052.5,24006.75,24044.5
1773023100,24045.25,24066.25,24034.25,24047.75
1773023400,24048.5,24052.25,24027.5,24048.5
1773023700,24048.5,24075.75,24041.5,24070.25
1773024000,24070.25,24086.0,24070.0,24082.0
1773024300,24083.5,24090.0,24065.25,24083.25
1773024600,24083.5,24090.0,24070.75,24086.25
1773024900,24088.0,24103.0,24082.0,24084.0
1773025200,24085.0,24111.25,24081.5,24090.0
1773025500,24089.75,24101.5,24085.25,24091.75
1773025800,24091.75,24108.0,24084.25,24108.0
1773026100,24108.0,24124.5,24100.0,24112.25
1773026400,24112.0,24130.0,24101.75,24108.0
1773026700,24106.0,24109.5,24090.75,24099.5
1773027000,24100.0,24127.25,24089.0,24124.75
1773027300,24126.0,24132.0,24100.25,24101.0
1773027600,24100.25,24103.5,24078.25,24085.25
1773027900,24084.75,24098.75,24080.5,24085.25
1773028200,24086.25,24114.25,24080.75,24084.5
1773028500,24083.5,24105.0,24077.0,24095.5
